id,name,existingLat,existingLng,convertedLat,convertedLng,originalPoint,reason
boat-143,추도 부근 - 대항승선장부근해상,34.758680,28.300338,34.7587,128.3003,POINT (1073243.27558075 1640760.96774243),INVALID_COORDINATE
boat-301,칠천도·가조도 - 마당서부근해상,34.968000,,34.968,128.506056,POINT (1091841.59704977 1664141.52241572),LAT_ONLY
boat-300,제주도 북동부·우도 - 천진항앞해상,33.485472,,33.485472,126.941306,POINT (948096.469905671 1499433.14253981),LAT_ONLY
boat-327,제주도 북동부·우도 - 김녕리앞해상,,126.775139,33.576639,126.775139,POINT (932729.693808265 1509636.47736892),LNG_ONLY
rock-300,장산도 - 차돌이,34.661556,,34.661556,126.188583,POINT (879836.679920866 1630479.07465587),LAT_ONLY
rock-301,진도 남서부 - 백미도 부근 갯바위,34.359389,,34.359389,126.131861,POINT (874185.5313562091 1597038.32569831),LAT_ONLY
rock-302,상조도·하조도·관매도 - 하조도 물치끝(낚시배 이용),34.292028,,34.292028,126.015833,POINT (863405.5991566869 1589718.07776419),LAT_ONLY
rock-303,가거도 - 노랑섭날 갯바위,34.073083,,34.073083,125.088056,POINT (777428.42998948 1567069.88749999),LAT_ONLY
rock-304,가거도 - 대국흘도 갯바위,34.117361,,34.117361,125.082861,POINT (777065.1928965121 1571992.35865861),LAT_ONLY
rock-305,완도 - 칠암각 갯바위,34.327056,,34.327056,126.643194,POINT (921179.312646607 1592937.55295865),LAT_ONLY
rock-306,금당도 - 육산리 해변,34.428333,,34.428333,127.036611,POINT (957422.855566604 1603932.71223452),LAT_ONLY
rock-307,초도 - 내항도,34.223194,,34.223194,127.224556,POINT (974629.991306861 1581123.06242902),LAT_ONLY
rock-308,남해도 동부·신수도·창선도 - 신수도 남쪽 갯바위(구 초소),34.889361,,34.889361,128.080528,POINT (1053045.64399178 1655112.44073292),LAT_ONLY
rock-309,두미도 - 용머리,34.687083,,34.687083,128.194861,POINT (1063648.21653941 1632747.31907966),LAT_ONLY
rock-310,울릉도 - 코끼리바위 갯바위,37.540250,,37.54025,130.847139,POINT (1295738.66635058 1954258.67637407),LAT_ONLY
rock-311,가의도 - 북측 끝단 갯바위,36.692028,,36.692028,126.082556,POINT (873370.8222709581 1855829.90043873),LAT_ONLY
rock-312,청산도·대모도 - 대모도 북곧말 갯바위,34.210583,,34.210583,126.763944,POINT (932194.361904479 1579935.30251934),LAT_ONLY
rock-313,제주도 북서부 - 라마다호텔 앞 해안도로 좌측,33.519306,,33.519306,126.517472,POINT (908756.0416991861 1503476.64108392),LAT_ONLY
rock-314,제주도 남부 - 황우리해안 갯바위,33.238083,,33.238083,126.54825,POINT (911329.395846517 1472270.06057216),LAT_ONLY
rock-315,홍도 - 도달바위 인근,34.688366,,34.688366,125.183426,POINT (787789.981620714 1635112.24407751),LAT_ONLY
rock-316,만재도 - 외마도 상단,34.212500,,34.2125,125.462786,POINT (812322.786997861 1581779.42946034),LAT_ONLY
rock-317,독거군도 부근 - 죽항 담추서,34.257574,,34.257574,126.115544,POINT (872531.0831436851 1585767.81736039),LAT_ONLY
rock-318,득량만 부근 - 득량도 좌측,34.596538,,34.596538,127.091277,POINT (962521.0852976781 1622563.06943012),LAT_ONLY
rock-415,장산도 - 발막금,34.672306,,34.672306,126.155194,POINT (876793.02239707 1631711.60214478),LAT_ONLY
rock-11,이작도·승봉도 - 대이작도 오형제바위,37.181278,,37.181278,126.254722,POINT (889461.300453403 1909893.4104374),LAT_ONLY
rock-1,나로도 - 내나로도 구룡마을 갯바위,34.543694,,34.543694,127.453694,POINT (995751.214631793 1616628.36812734),LAT_ONLY
rock-2,제주도 서부·차귀도·비양도 - 비양도 북측 큰여,33.411694,,33.411694,126.22375,POINT (881330.922569344 1491841.76728277),LAT_ONLY
rock-3,제주도 북서부 - 용두암 낚시터,33.516722,,33.516722,126.507972,POINT (907871.036256252 1503198.60694467),LAT_ONLY
rock-4,제주도 동부 - 방두곶 좌측 갯바위,33.434611,,33.434611,126.929083,POINT (946930.004446574 1493800.32258011),LAT_ONLY
rock-5,제주도 남동부 - 가막코지 갯바위,33.238694,,33.238694,126.663889,POINT (922103.864025046 1472245.67000376),LAT_ONLY
rock-6,대청도·소청도 - 대청도 기름아가리(기름바다),37.806556,,37.806556,124.694417,POINT (753006.892115453 1982245.89821003),LAT_ONLY
rock-7,대청도·소청도 - 대청도 지두리해변 갯바위,37.822250,,37.82225,124.679722,POINT (751765.590655716 1984026.67393515),LAT_ONLY
rock-8,자월도 - 마바위,37.268917,,37.268917,126.292167,POINT (892909.259514525 1919573.42260192),LAT_ONLY
rock-9,자월도 - 분모골,37.245889,,37.245889,126.330389,POINT (896266.725303098 1916976.03679501),LAT_ONLY
rock-10,자월도 - 항도(목섬) 부근,37.255500,,37.2555,126.289889,POINT (892688.256296221 1918087.49335332),LAT_ONLY
rock-12,이작도·승봉도 - 대이작도 토끼바위 부근,37.159889,,37.159889,126.273222,POINT (891072.843291799 1907499.04096221),LAT_ONLY
rock-13,백아도·굴업도 - 굴업도 해수욕장 북쪽 갯바위,37.194472,,37.194472,125.983667,POINT (865422.737516932 1911707.81427143),LAT_ONLY
rock-14,입파도·국화도 - 국화도 도지섬 부근,37.054528,,37.054528,126.54975,POINT (915509.834751902 1895528.52916174),LAT_ONLY
rock-15,풍도·난지도 - 대난지도 도끝이 부근,37.044278,,37.044278,126.449528,POINT (906585.8908778 1894485.16468862),LAT_ONLY
rock-16,원산도·삽시도 - 원산도 개간지,36.370972,,36.370972,126.384444,POINT (899928.730172499 1819858.70555925),LAT_ONLY
rock-17,원산도·삽시도 - 삽시도 촛대바위,36.329111,,36.329111,126.339889,POINT (895875.968474566 1815262.21631789),LAT_ONLY
rock-18,호도·녹도·외연도 - 호도 안통,36.295722,,36.295722,126.257583,POINT (888440.847813639 1811650.21673777),LAT_ONLY
rock-19,어청도·연도 - 어청도 등대 부근,36.126139,,36.126139,125.966861,POINT (862037.154170068 1793212.61353989),LAT_ONLY
rock-20,십이동파도·비안도 - 비안도 제방,35.735000,,35.735,126.457944,POINT (905767.137421074 1749242.21575857),LAT_ONLY
rock-21,말도·방축도 - 말도 단도 부근,35.855806,,35.855806,126.31425,POINT (892934.5433078881 1762789.34253863),LAT_ONLY
rock-22,선유도·무녀도·장자도·신시도 - 무녀도 구마을 백사장 부근,35.800583,,35.800583,126.43825,POINT (904064.9120598381 1756535.5821118),LAT_ONLY
rock-23,왕등도·위도 - 하왕등도 코구렁,35.636750,,35.63675,126.129917,POINT (875950.023717944 1738709.17693462),LAT_ONLY
rock-24,왕등도·위도 - 위도 모여 부근,35.598194,,35.598194,126.258056,POINT (887498.5930350929 1734278.62849693),LAT_ONLY
rock-25,비금도·도초도 - 비금도 계남서 부근,34.799889,,34.799889,125.971167,POINT (860146.812601792 1646101.86994771),LAT_ONLY
rock-26,금오도·안도 - 금오도 학동마을 이장바위,34.501639,,34.501639,127.753139,POINT (1023238.54510067 1611993.03815075),LAT_ONLY
rock-27,금오도·안도 - 안도 벼락바위,34.476167,,34.476167,127.821056,POINT (1029482.38723536 1609186.18361052),LAT_ONLY
rock-28,사량도 - 상사량도 한탄여 부근,34.827222,,34.827222,128.182889,POINT (1062445.96181679 1648280.45297576),LAT_ONLY
rock-29,사량도 - 상사량도 옥바위 부근,34.842778,,34.842778,128.167806,POINT (1061055.17982414 1649996.2142461),LAT_ONLY
rock-30,욕지도 - 대송끝 곶부리,34.652583,,34.652583,128.234,POINT (1067261.22946751 1628946.93844472),LAT_ONLY
rock-31,욕지도 - 야포마을 갯바위,34.634806,,34.634806,128.279972,POINT (1071489.3106095 1627007.15158561),LAT_ONLY
rock-32,욕지도 - 낮은목 부근 갯바위,34.621444,,34.621444,128.272639,POINT (1070828.50779776 1625520.32047653),LAT_ONLY
rock-33,욕지도 - 총바위 부근,34.631833,,34.631833,128.228722,POINT (1066794.21781635 1626642.40099867),LAT_ONLY
rock-34,미륵도 - 풍화리 남서측 곶부리,34.818250,,34.81825,128.335556,POINT (1076414.98815 1647391.11620964),LAT_ONLY
rock-35,비진도·매물도 - 비진도 노루여 들머리 부근,34.704500,,34.7045,128.452361,POINT (1087217.21514976 1634871.73076987),LAT_ONLY
rock-36,비진도·매물도 - 대매물도 동섬치,34.640111,,34.640111,128.585417,POINT (1099479.89307714 1627854.56621773),LAT_ONLY
rock-37,비진도·매물도 - 대매물도 촛대바위 부근,34.632694,,34.632694,128.565694,POINT (1097680.93874361 1627012.79358676),LAT_ONLY
rock-38,비진도·매물도 - 소매물도 마을 서측 갯바위,34.628861,,34.628861,128.54575,POINT (1095857.18302094 1626568.54633374),LAT_ONLY
rock-39,거제도 북동부 - 덕포 초소밑 갯바위,34.910556,,34.910556,128.720056,POINT (1111456.03532825 1657988.25886347),LAT_ONLY
rock-40,거제도 북동부 - 장승포 나래바위,34.865639,,34.865639,128.739278,POINT (1113273.77743647 1653028.42926986),LAT_ONLY
rock-41,연평도 - 얼굴바위 앞,37.604389,,37.604389,125.719472,POINT (842831.847245391 1957598.05078169),LAT_ONLY
rock-42,연평도 - 모이도 갯바위,37.644111,,37.644111,125.717667,POINT (842756.190263987 1962008.60493021),LAT_ONLY
rock-43,영종도·용유도 - 모래 채집장,37.498333,,37.498333,126.440194,POINT (906320.225625378 1944868.8635331),LAT_ONLY
rock-44,영종도·용유도 - 잠진도 연륙교,37.420389,,37.420389,126.414667,POINT (903964.035505238 1936246.87087603),LAT_ONLY
rock-45,안면도 북부 - 할미할아비 바위,36.501500,,36.5015,126.331056,POINT (895314.75173163 1834394.7276249),LAT_ONLY
rock-46,안면도 남 부 - 망재,36.438056,,36.438056,126.332333,POINT (895343.9148982661 1827355.43715835),LAT_ONLY
rock-47,안면도 남 부 - 장삼포 해변 남측 갯바위,36.415528,,36.415528,126.36225,POINT (897995.9364979761 1824824.4050581),LAT_ONLY
rock-48,안면도 남 부 - 소도 갯바위,36.398056,,36.398056,126.430944,POINT (904133.43172164 1822815.82815075),LAT_ONLY
rock-121,순천만 부근 - 소여자도 갯바위,34.757415,,34.757415,127.510566,POINT (1000966.96521767 1640326.84820612),LAT_ONLY
rock-49,가의도 - 동남측 첫번째 곶부리,36.672408,,36.672408,126.081472,POINT (873241.83258741 1853654.80655329),LAT_ONLY
rock-50,개야도 - 작은철탑부근 묘지 아래 갯바위,36.034361,,36.034361,126.547778,POINT (914214.495321775 1782363.9661464),LAT_ONLY
rock-51,개야도 - 치섬 북측 갯바위,36.039389,,36.039389,126.525417,POINT (912205.509908001 1782941.5779179),LAT_ONLY
rock-52,개야도 - 작은 철탑 북측 갯바위,36.038333,,36.038333,126.540694,POINT (913580.6750630371 1782810.82816669),LAT_ONLY
rock-53,개야도 - 장구섬 서측 갯바위,36.045056,,36.045056,126.539611,POINT (913490.4371574541 1783557.42140089),LAT_ONLY
rock-54,안마도·석만도 - 장재여 부근 갯바위,35.360417,,35.360417,126.007028,POINT (864358.7693147 1708220.93222873),LAT_ONLY
rock-55,송이도 - 검은바위 갯바위,35.283250,,35.28325,126.152917,POINT (877497.729673921 1699472.0345245),LAT_ONLY
rock-56,노화도·보길도·소안도 - 소안도 돈암각 부근 갯바위,34.145861,,34.145861,126.628417,POINT (919647.849692841 1572857.00060649),LAT_ONLY
rock-57,신지도 - 송곡리 호안로 갯바위,34.345750,,34.34575,126.787,POINT (934423.34410802 1594908.32165253),LAT_ONLY
rock-58,신지도 - 덕구미 부근,34.341889,,34.341889,126.898861,POINT (944709.1473691 1594413.60728504),LAT_ONLY
rock-59,신지도 - 가인항 양식장 부근 갯바위,34.314611,,34.314611,126.865806,POINT (941649.881462589 1591407.36189013),LAT_ONLY
rock-60,신지도 - 월양항 부근 제방,34.308972,,34.308972,126.839167,POINT (939194.820269568 1590797.70163643),LAT_ONLY
rock-61,청산도·대모도 - 청산도 항도 제방 부근 갯바위,34.186083,,34.186083,126.91975,POINT (946531.9576873591 1577125.9499635),LAT_ONLY
rock-62,청산도·대모도 - 청산도 노랑바위,34.151000,,34.151,126.908361,POINT (945459.9345764881 1573241.82641123),LAT_ONLY
rock-63,거금도 - 우두마을 곶부리,34.441611,,34.441611,127.102139,POINT (963449.506809163 1605379.45893283),LAT_ONLY
rock-359,이작도·승봉도 - 대이작도 유곶 부근,37.170389,,37.170389,126.249333,POINT (888966.99032482 1908691.65413065),LAT_ONLY
rock-64,금일도·생일도 - 금곡 해수욕장 북측 갯바위,34.308611,,34.308611,126.961917,POINT (950489.3262000331 1590691.04947111),LAT_ONLY
rock-65,금일도·생일도 - 생일도 목섬,34.319500,,34.3195,127.014083,POINT (955295.150292322 1591874.2881646),LAT_ONLY
rock-66,초도 - 외항도,34.210833,,34.210833,127.22225,POINT (974413.895380039 1579753.00916527),LAT_ONLY
rock-67,돌산도 - 월전포 동측 갯바위,34.699139,,34.699139,127.785917,POINT (1026185.54685052 1633901.71217954),LAT_ONLY
rock-68,남해도 북부 - 서상리 갯바위,34.792778,,34.792778,127.834611,POINT (1030610.65457447 1644299.28474804),LAT_ONLY
rock-69,두미도 - 의자여,34.695778,,34.695778,128.176833,POINT (1061990.38716906 1633700.22553317),LAT_ONLY
rock-416,개도·하의도·신의도 - 개도 서측 갯바위,34.640583,,34.640583,126.002,POINT (862704.423013941 1628391.63220891),LAT_ONLY
rock-70,두미도 - 등대포인트,34.711333,,34.711333,128.175333,POINT (1061841.42526986 1635424.31233815),LAT_ONLY
rock-71,울릉도 - 태하 갯바위,37.515611,,37.515611,130.793722,POINT (1291113.50812326 1951357.09075407),LAT_ONLY
rock-72,울릉도 - 딴바위 갯바위,37.547250,,37.54725,130.892861,POINT (1299751.62860427 1955180.62754811),LAT_ONLY
rock-73,추자도 - 대서리 갯바위,33.965944,,33.965944,126.292806,POINT (888470.618931641 1553221.44978466),LAT_ONLY
rock-74,당항포 부근 - 해상펜션 앞,35.071309,,35.071309,128.449735,POINT (1086591.02416359 1675548.33536443),LAT_ONLY
rock-75,진해항 부근 - 삼우골 서측,35.101611,,35.101611,128.542041,POINT (1094972.03941082 1678993.03808975),LAT_ONLY
rock-76,수영만 부근 - 고두말 근처바위,35.155107,,35.155107,129.177253,POINT (1152770.18007383 1685716.76048176),LAT_ONLY
rock-77,대청도·소청도 - 소청도 예동항 동쪽 갯바위,37.768806,,37.768806,124.755389,POINT (758252.634240712 1977896.87395717),LAT_ONLY
rock-360,이작도·승봉도 - 승봉도 부채바위,37.172750,,37.17275,126.303444,POINT (893774.4231464571 1908891.60549233),LAT_ONLY
rock-78,덕적도·소야도 - 소야도 뒷장불,37.224333,,37.224333,126.159222,POINT (881051.3130736441 1914785.86249838),LAT_ONLY
rock-79,이작도·승봉도 - 소이작도 돌살부리 부근,37.187611,,37.187611,126.219083,POINT (886307.121365246 1910638.21280735),LAT_ONLY
rock-80,이작도·승봉도 - 소이작도 간뿌리 부근,37.182250,,37.18225,126.215472,POINT (885978.528510267 1910047.76628095),LAT_ONLY
rock-81,문갑도·선갑도 - 문갑도 문갑해수욕장 갯바위,37.181278,,37.181278,126.114528,POINT (877016.135936137 1910066.10763235),LAT_ONLY
rock-82,백아도·굴업도 - 백아도 기차바위 부근,37.084361,,37.084361,125.967972,POINT (863832.4655653529 1899513.75538626),LAT_ONLY
rock-83,영흥도·선재도·대부도·구봉도 - 신지도 대량곶 부근 갯바위,37.256806,,37.256806,126.52425,POINT (913473.3229798841 1917992.30547977),LAT_ONLY
rock-84,십이동파도·비안도 - 십이동파도 땅콩여,36.001944,,36.001944,126.22425,POINT (885019.546228291 1779101.61980048),LAT_ONLY
rock-85,십이동파도·비안도 - 십이동파도 등대섬 덜컥바위,35.987750,,35.98775,126.221472,POINT (884748.524309801 1777530.40900452),LAT_ONLY
rock-86,말도·방축도 - 말도 등대 부근 갯바위,35.858806,,35.858806,126.315889,POINT (893086.560823873 1763120.3079972),LAT_ONLY
rock-87,말도·방축도 - 방축도 북동쪽 곶부리,35.856194,,35.856194,126.386611,POINT (899469.036466492 1762755.67658416),LAT_ONLY
rock-88,선유도·무녀도·장자도·신시도 - 무녀도 남들포인트,35.801944,,35.801944,126.415472,POINT (902008.404040951 1756709.10540755),LAT_ONLY
rock-89,제주도 남서부·가파도·마라도 - 가파도 남측 갯바위,33.161861,,33.161861,126.271361,POINT (885432.146318302 1464088.09176388),LAT_ONLY
rock-90,제주도 남서부·가파도·마라도 - 장군바위 부근 갯바위,33.112417,,33.112417,126.269,POINT (885147.570432543 1458608.6281123),LAT_ONLY
rock-91,홍도 - 병풍바위 우측,34.667649,,34.667649,125.184719,POINT (787855.513865675 1632811.54322659),LAT_ONLY
rock-92,홍도 - 주전자바위 인근,34.682851,,34.682851,125.178313,POINT (787307.388937736 1634511.24040275),LAT_ONLY
rock-361,백아도·굴업도 - 백아도 목가지 부근,37.075000,,37.075,125.951944,POINT (862390.887473997 1898498.27451396),LAT_ONLY
rock-93,홍도 - 석화굴 인근,34.710557,,34.710557,125.199626,POINT (789330.4845152589 1637539.65311479),LAT_ONLY
rock-94,홍도 - 공작새바위 하단,34.695448,,34.695448,125.212719,POINT (790491.691557226 1635836.35756348),LAT_ONLY
rock-95,만재도 - 남대문 부근,34.205351,,34.205351,125.482536,POINT (814126.878321283 1580950.37649717),LAT_ONLY
rock-96,만재도 - 등대 밑 부근,34.214631,,34.214631,125.472191,POINT (813194.0842693531 1581998.46258207),LAT_ONLY
rock-97,목포 부근 - 솔섬,34.862221,,34.862221,126.36687,POINT (896424.60512065 1652534.5138773),LAT_ONLY
rock-98,목포 부근 - 정주도,34.813705,,34.813705,126.359043,POINT (895647.973942354 1647162.14821263),LAT_ONLY
rock-99,화원 부근 - 월래경로당 앞,34.717338,,34.717338,126.274934,POINT (887824.6483705681 1636565.70024233),LAT_ONLY
rock-100,화원 부근 - 시하도,34.700742,,34.700742,126.242457,POINT (884827.614584755 1634761.88624471),LAT_ONLY
rock-101,화원 부근 - 석호앞들,34.645476,,34.645476,126.267996,POINT (887091.7726675 1628604.00651836),LAT_ONLY
rock-102,거차수도 부근 - 상하죽도 교량 부근,34.251737,,34.251737,125.926016,POINT (855069.4446294161 1585374.25292627),LAT_ONLY
rock-103,거차수도 부근 - 동거차 수영장,34.236392,,34.236392,125.926794,POINT (855114.797362196 1583671.38593077),LAT_ONLY
rock-104,독거군도 부근 - 간암여,34.231537,,34.231537,126.170482,POINT (877551.995295116 1582813.09726576),LAT_ONLY
rock-105,추자군도 - 오리똥여 부근,33.929801,,33.929801,126.328736,POINT (891744.51270415 1549175.19489298),LAT_ONLY
rock-106,추자군도 - 염도 우측,33.974002,,33.974002,126.309012,POINT (889978.363417827 1554097.40757233),LAT_ONLY
rock-122,여수엑스포 부근 - 용주마을 부근,34.718931,,34.718931,127.636547,POINT (1012502.61872782 1636067.74964057),LAT_ONLY
rock-107,추자군도 - 추포도 남측 갯바위,33.985757,,33.985757,126.32115,POINT (891114.713927435 1555387.91765846),LAT_ONLY
rock-108,해남반도 부근 - 양도,34.299315,,34.299315,126.50915,POINT (908817.664917744 1589973.54375605),LAT_ONLY
rock-109,완도 부근 - 방산리 해안,34.438409,,34.438409,126.696896,POINT (926217.398283629 1605245.07671721),LAT_ONLY
rock-110,완도 부근 - 고마도 서측 해안,34.413471,,34.413471,126.700687,POINT (926543.917483328 1602476.91793942),LAT_ONLY
rock-111,강진만 부근 - 가우도 출렁다리 근처,34.534968,,34.534968,126.789862,POINT (934833.63115763 1615888.69548965),LAT_ONLY
rock-112,강진만 부근 - 가우도 남측 갯바위,34.530320,,34.53032,126.783079,POINT (934207.506901802 1615377.63218934),LAT_ONLY
rock-113,득량만 부근 - 장환마을하단,34.557582,,34.557582,127.002484,POINT (954357.6001871789 1618279.72839433),LAT_ONLY
rock-114,득량만 부근 - 신흥 부근,34.587929,,34.587929,127.143498,POINT (967306.31187402 1621590.18475359),LAT_ONLY
rock-115,득량만 부근 - 득량도 우측하단끝,34.596422,,34.596422,127.11027,POINT (964262.6939178271 1622543.27236432),LAT_ONLY
rock-116,고흥호 부근 - 연동부근해안,34.693418,,34.693418,127.14656,POINT (967628.083008188 1633286.93252762),LAT_ONLY
rock-117,거금수도 부근 - 달금골 동측,34.512069,,34.512069,127.406963,POINT (991460.1587466181 1613124.50312517),LAT_ONLY
rock-118,낭도 부근 - 둔병도 동측,34.627420,,34.62742,127.552013,POINT (1004767.63979414 1625912.80611522),LAT_ONLY
rock-119,낭도 부근 - 상화도 서측,34.597098,,34.597098,127.593876,POINT (1008608.12770183 1622553.17630673),LAT_ONLY
rock-120,순천만 부근 - 이천리갯바위 끝,34.745235,,34.745235,127.581826,POINT (1007489.80924999 1638979.21617942),LAT_ONLY
rock-123,광양만 부근 - 한려주유소 앞,34.950338,,34.950338,127.882217,POINT (1034899.05543797 1661787.43184534),LAT_ONLY
rock-124,광양만 부근 - 유포마을 부근,34.862723,,34.862723,127.811396,POINT (1028462.83304254 1652048.93855153),LAT_ONLY
rock-125,손죽열도 부근 - 손죽 서측,34.284685,,34.284685,127.348325,POINT (986040.036022932 1587917.40721301),LAT_ONLY
rock-144,가거도 - 목난개 갯바위,34.071361,,34.071361,125.098056,POINT (778346.9331441231 1566857.12986914),LAT_ONLY
rock-126,손죽열도 부근 - 소거문 동측,34.290141,,34.290141,127.402755,POINT (991050.281058701 1588516.23751521),LAT_ONLY
rock-127,간수제도 - 소평도 서측 홈통,34.257331,,34.257331,127.448263,POINT (995236.682955669 1584875.13006683),LAT_ONLY
rock-128,대삼부도 - 첫곶부리 갯바위,34.056794,,34.056794,127.386099,POINT (989488.529338059 1562644.06291326),LAT_ONLY
rock-129,송이도 - 민머리,35.270278,,35.270278,126.144306,POINT (876694.932267011 1698043.93482751),LAT_ONLY
rock-130,임자도·사옥도 - 어유미도,35.131139,,35.131139,126.101639,POINT (872596.842676347 1682665.7637206),LAT_ONLY
rock-131,고이도·매화도·선도·증도 - 대식도 갯바위,34.929389,,34.9294,126.295944,POINT (890030.8398732541 1660060.46921908),LAT_ONLY
rock-132,고이도·매화도·선도·증도 - 고이도 북측 끝단여,34.970306,,34.970306,126.273583,POINT (888044.0748037421 1664621.8698204),LAT_ONLY
rock-133,고이도·매화도·선도·증도 - 나룻구지,35.017917,,35.017917,126.114944,POINT (873634.7018212761 1670091.48997912),LAT_ONLY
rock-134,고이도·매화도·선도·증도 - 오징어바위,34.963361,,34.963361,126.133139,POINT (875211.993938071 1664018.01935032),LAT_ONLY
rock-166,선유도·무녀도·장자도·신시도 - 선유도 남도 갯바위,35.805083,,35.805083,126.408778,POINT (901407.393494027 1757063.98227585),LAT_ONLY
rock-135,안좌도·팔금도 - 우이산 철탑 아래,34.760972,,34.760972,126.14125,POINT (875648.2275662259 1641562.06924907),LAT_ONLY
rock-136,우이도 - 소래등대 밑,34.617889,,34.617889,125.803056,POINT (844426.48932496 1626163.74477996),LAT_ONLY
rock-137,우이도 - 송도 남측 갯바위,34.613583,,34.613583,125.869056,POINT (850470.1502879891 1625586.36914063),LAT_ONLY
rock-138,장산도 - 진섬 갯바위,34.635333,,34.635333,126.204083,POINT (881219.608858585 1627552.64931892),LAT_ONLY
rock-139,장산도 - 가세 섬,34.649361,,34.649361,126.110694,POINT (872680.691510224 1629222.3777772),LAT_ONLY
rock-140,개도·하의도·신의도 - 깊은기미,34.533583,,34.533583,126.028583,POINT (864968.015221125 1616489.24393065),LAT_ONLY
rock-141,상조도·하조도·관매도 - 당도 안통,34.321611,,34.3216,126.0549,POINT (867047.993577029 1592945.73590764),LAT_ONLY
rock-142,상조도·하조도·관매도 - 장산넘어 어장줄 자리,34.237750,,34.23775,126.067306,POINT (868058.4334377011 1583630.95255501),LAT_ONLY
rock-143,가거도 - 큰여,34.051194,,34.051194,125.118639,POINT (780194.687200477 1564575.88758163),LAT_ONLY
rock-145,가거도 - 물성밑 갯바위,34.054333,,34.054333,125.143,POINT (782451.778251556 1564871.93197447),LAT_ONLY
rock-146,입파도·국화도 - 입파도 동남측 돌출부,37.097722,,37.097722,126.539722,POINT (914666.627176799 1900329.43458265),LAT_ONLY
rock-147,호도·녹도·외연도 - 호도해수욕장 갯바위,36.292528,,36.292528,126.263611,POINT (888977.59484771 1811288.93222997),LAT_ONLY
rock-148,십이동파도·비안도 - 십이동파도 똥섬,35.982917,,35.982917,126.239833,POINT (886396.819704532 1776972.73138135),LAT_ONLY
rock-149,왕등도·위도 - 위도 용멀 갯바위,35.615944,,35.615944,126.275972,POINT (889146.138819432 1736227.04554529),LAT_ONLY
rock-150,석모도 - 민머루해수욕장 앞 갯바위,37.650028,,37.650028,126.334306,POINT (897168.869401481 1961810.03429604),LAT_ONLY
rock-151,개야도 - 에게이 서측 갯바위,36.036417,,36.036417,126.513083,POINT (911091.091133847 1782623.08856586),LAT_ONLY
rock-152,청산도·대모도 - 대모도 동리말 갯바위,34.200361,,34.200361,126.860028,POINT (941038.619502367 1578742.05679526),LAT_ONLY
rock-153,목포 부근 - 삼호제 북측,34.857568,,34.857568,126.367085,POINT (896438.426293693 1652018.32379387),LAT_ONLY
rock-154,낭도 부근 - 낭도산 남측,34.616969,,34.616969,127.557651,POINT (1005285.1094438 1624754.26270847),LAT_ONLY
rock-155,대삼부도 - 덜섬사이 골창여,34.054933,,34.054933,127.387791,POINT (989644.42388204 1562437.50113909),LAT_ONLY
rock-156,고이도·매화도·선도·증도 - 마당여 갯바위,34.918528,,34.918528,126.212556,POINT (882398.8011595111 1658949.5238973),LAT_ONLY
rock-157,상조도·하조도·관매도 - 옥도 동쪽 곶부리,34.357444,,34.357444,126.021417,POINT (864025.095243889 1596965.1307359),LAT_ONLY
rock-158,두미도 - 얼굴바위,34.689944,,34.689944,128.199194,POINT (1064042.94356394 1633067.34561241),LAT_ONLY
rock-159,덕적도·소야도 - 덕적도 큰이마/ 작은이마,37.211750,,37.21175,126.124139,POINT (877918.415703962 1913434.43980844),LAT_ONLY
rock-160,선유도·무녀도·장자도·신시도 - 장자도 연륙교 부근,35.812944,,35.812944,126.400056,POINT (900629.101608164 1757944.73476583),LAT_ONLY
rock-161,안마도·석만도 - 쌀썩은여 갯바위,35.336083,,35.336083,126.021444,POINT (865628.356844728 1705502.34025806),LAT_ONLY
rock-162,손죽열도 부근 - 손죽 동측,34.287204,,34.287204,127.37117,POINT (988143.042012915 1588193.77964193),LAT_ONLY
rock-163,대삼부도 - 동측 갯바위,34.056606,,34.056606,127.397314,POINT (990523.4541547961 1562622.14657452),LAT_ONLY
rock-164,덕적도·소야도 - 덕적도 밭지름해수욕장 갯바위,37.214639,,37.214639,126.147778,POINT (880020.601944241 1913724.74322216),LAT_ONLY
rock-165,어청도·연도 - 연도 자갈밭,36.077750,,36.07775,126.439278,POINT (904491.870832838 1787277.7522353),LAT_ONLY
rock-167,금오도·안도 - 안도 서고지 북쪽 제방 끝,34.482444,,34.482444,127.796556,POINT (1027230.51625342 1609875.44411695),LAT_ONLY
rock-168,노화도·보길도·소안도 - 보길도 동쪽 곶부리,34.148833,,34.148833,126.616194,POINT (918523.8842228471 1573196.26659979),LAT_ONLY
rock-169,안면도 남 부 - 장곳 갯바위,36.412278,,36.412278,126.370028,POINT (898689.0547678251 1824455.69336044),LAT_ONLY
rock-170,비금도·도초도 - 시목해수욕장 부근 갯바위,34.664111,,34.664111,125.952417,POINT (858199.681265666 1631069.64060122),LAT_ONLY
rock-171,비진도·매물도 - 소매물도 남쪽 취끝,34.623694,,34.623694,128.546778,POINT (1095957.34732031 1625996.5611333),LAT_ONLY
rock-172,개야도 - 개야 사수건 등대,36.034917,,36.034917,126.534444,POINT (913013.867902786 1782437.41643952),LAT_ONLY
rock-173,신지도 - 무인등대 부근,34.316639,,34.316639,126.793944,POINT (935039.61675889 1591675.81241173),LAT_ONLY
rock-174,여서도·거문도 - 거문도 배치바위 부근,34.006417,,34.006417,127.323028,POINT (983658.220114439 1557066.54094773),LAT_ONLY
rock-175,제주도 북동부·우도 - 검멀레해수욕장 좌측갯바위,33.496750,,33.49675,126.969306,POINT (950704.13204355 1500669.87400266),LAT_ONLY
rock-176,제주도 동부 - 신양포구 갯바위,33.432778,,33.432778,126.916694,POINT (945777.22906534 1493603.45263265),LAT_ONLY
rock-177,제주도 남부 - 논짓물 주변,33.236639,,33.236639,126.390056,POINT (896588.689361733 1472255.27755255),LAT_ONLY
rock-178,제주도 남서부·가파도·마라도 - 산이물,33.207000,,33.207,126.291694,POINT (887386.072686846 1469070.73043592),LAT_ONLY
rock-179,제주도 남서부·가파도·마라도 - 가파도 제단 밑 갯바위,33.167139,,33.167139,126.280056,POINT (886249.755800684 1464663.77778819),LAT_ONLY
rock-180,독거군도 부근 - 화단도,34.221174,,34.221174,126.149802,POINT (875631.956127229 1581688.96441381),LAT_ONLY
rock-181,추자군도 - 신양리 갯바위,33.940734,,33.940734,126.316244,POINT (890603.902278639 1550400.70092697),LAT_ONLY
rock-182,거금수도 부근 - 지죽도 북측,34.440520,,34.44052,127.299741,POINT (981602.494639589 1605204.88058352),LAT_ONLY
rock-183,낭도 부근 - 낭도 터미널 앞,34.604073,,34.604073,127.538696,POINT (1003548.03468251 1623323.39476125),LAT_ONLY
rock-184,황제도 - 알매섬,34.195934,,34.195934,127.07619,POINT (960951.9940296 1578147.2014857),LAT_ONLY
rock-185,손죽열도 부근 - 소거문 해안,34.282351,,34.282351,127.393048,POINT (990156.020336866 1587653.41581932),LAT_ONLY
rock-186,대삼부도 - 노루섬 갯바위,34.059983,,34.059983,127.384265,POINT (989319.611510448 1562997.8643005),LAT_ONLY
rock-187,개도·하의도·신의도 - 파장여,34.564583,,34.564583,126.022639,POINT (864472.737668353 1619935.14238884),LAT_ONLY
rock-188,상조도·하조도·관매도 - 수옥도 갯바위,34.272194,,34.272194,126.055139,POINT (866992.1047536819 1587466.52627331),LAT_ONLY
rock-189,가거도 - 성건여,34.075389,,34.075389,125.083528,POINT (777016.563004364 1567335.4832291),LAT_ONLY
rock-190,남해도 북부 - 여계마을 해안 갯바위,34.819333,,34.819333,127.823667,POINT (1029599.94729785 1647240.83473862),LAT_ONLY
rock-191,남해도 동부·신수도·창선도 - 잘푸여 갯바위,34.897000,,34.897,128.082833,POINT (1053251.38159448 1655960.78833515),LAT_ONLY
rock-192,한산도·용초도 - 용머리,34.732972,,34.732972,128.488556,POINT (1090500.99062462 1638061.18090895),LAT_ONLY
rock-193,추자도 - 하추자도 양식장 앞 해안,33.950139,,33.950139,126.302861,POINT (889379.2124204839 1551457.93626172),LAT_ONLY
rock-194,자란만 부근 - 오토캠핑장 앞,34.955461,,34.955461,128.330336,POINT (1075811.49555588 1662603.61734775),LAT_ONLY
rock-195,연화도 부근 - 한숨자리 인근,34.640980,,34.64098,128.357881,POINT (1078624.52811506 1627749.90411084),LAT_ONLY
rock-196,갈도 부근 - 빗바위 근처,34.569194,,34.569194,128.189992,POINT (1063291.66284312 1619671.28345257),LAT_ONLY
rock-197,진해만 부근 - 지도 서측 해안길 끝,34.908690,,34.90869,128.464361,POINT (1088098.59175512 1657526.49711493),LAT_ONLY
rock-198,입파도·국화도 - 입파도 북동측 끝단,37.111167,,37.111167,126.540694,POINT (914768.0888438261 1901820.08187284),LAT_ONLY
rock-199,풍도·난지도 - 풍도 남쪽 마을 부근,37.107417,,37.107417,126.394722,POINT (901793.567536748 1901545.05861896),LAT_ONLY
rock-200,원산도·삽시도 - 원산도 용뿌리 갯바위,36.364611,,36.364611,126.408278,POINT (902058.817799404 1819128.65828158),LAT_ONLY
rock-201,호도·녹도·외연도 - 외연도 서측 갯바위,36.227944,,36.227944,126.071056,POINT (871580.229800117 1804362.81415536),LAT_ONLY
rock-202,어청도·연도 - 어청도 불탄서 부근,36.112972,,36.112972,125.972306,POINT (862504.163556876 1791744.3306059),LAT_ONLY
rock-203,선유도·무녀도·장자도·신시도 - 신시도 북단 곶부리,35.831778,,35.831778,126.4435,POINT (904576.635663107 1759990.45326608),LAT_ONLY
rock-204,금오도·안도 - 금오도 용두 갯바위,34.538222,,34.538222,127.69725,POINT (1018099.93444937 1616038.25613606),LAT_ONLY
rock-205,사량도 - 하사량도 말목섬 부근,34.800583,,34.800583,128.226944,POINT (1066496.03753739 1645354.61683595),LAT_ONLY
rock-206,욕지도 - 양판구미 일대,34.611861,,34.611861,128.2415,POINT (1067981.73192761 1624436.16965301),LAT_ONLY
rock-207,미륵도 - 매암말 부근 갯바위,34.782694,,34.782694,128.434278,POINT (1085480.50274133 1643527.71260149),LAT_ONLY
rock-208,거제도 남부 - 여차 남쪽끝 갯바위,34.709333,,34.709333,128.635833,POINT (1104014.26320348 1635582.09400887),LAT_ONLY
rock-209,거제도 남부 - 예구마을 제방 끝 갯바위,34.799833,,34.799833,128.71475,POINT (1111120.13368952 1645703.01753106),LAT_ONLY
rock-210,시도 - 조각공원 서측 갯바위,37.528444,,37.528444,126.404361,POINT (903191.607372733 1948245.9098747),LAT_ONLY
rock-211,영종도·용유도 - 영종도 남측제방 초소,37.421056,,37.421056,126.442528,POINT (906430.235819663 1936292.81825295),LAT_ONLY
rock-212,대삼부도 - 동굴 우측,34.061103,,34.061103,127.389381,POINT (989791.902153556 1563121.46566292),LAT_ONLY
rock-213,진주만 부근 - 산분령 유료낚시터,34.950990,,34.95099,128.034358,POINT (1048790.30685931 1661923.41589396),LAT_ONLY
rock-214,진주만 부근 - 산분령 앞 마동도,34.935056,,34.935056,128.033741,POINT (1048743.40798932 1660156.03519785),LAT_ONLY
rock-215,추도 부근 - 구들빗등,34.751613,,34.751613,128.299076,POINT (1073137.48378147 1639974.10405923),LAT_ONLY
rock-216,추도 부근 - 북바위 근처,34.750888,,34.750888,128.289616,POINT (1072272.24418543 1639886.95377688),LAT_ONLY
rock-217,연화도 부근 - 십리골마을 동측 갯바위,34.648449,,34.648449,128.362078,POINT (1079002.02503858 1628581.37994704),LAT_ONLY
rock-218,연화도 부근 - 소쿠리강정 갯바위,34.638933,,34.638933,128.367683,POINT (1079524.80147557 1627530.59921432),LAT_ONLY
rock-219,갈도 부근 - 붉은바위,34.568884,,34.568884,128.189008,POINT (1063201.6541356 1619636.22996081),LAT_ONLY
rock-220,갈도 부근 - 귀신여,34.558421,,34.558421,128.17922,POINT (1062311.59510793 1618469.88733551),LAT_ONLY
rock-221,독거군도 부근 - 구도 남단,34.261485,,34.261485,126.177619,POINT (878252.440152977 1586125.5496716),LAT_ONLY
rock-222,대삼부도 - 북동쪽 홈통,34.062323,,34.062323,127.387244,POINT (989594.799105606 1563256.98470202),LAT_ONLY
rock-223,연도 - 절리서 근처 갯바위,34.430190,,34.43019,127.785075,POINT (1026192.67298899 1604078.08822338),LAT_ONLY
rock-224,추도 부근 - 농바위 끝,34.751481,,34.751481,128.306867,POINT (1073850.69963615 1639965.23048883),LAT_ONLY
rock-225,대청도·소청도 - 대청도 사탄동해변 갯바위,37.813500,,37.8135,124.67725,POINT (751518.590669706 1983062.15610928),LAT_ONLY
rock-226,이작도·승봉도 - 소이작도 해군기지 부근,37.177056,,37.177056,126.240694,POINT (888209.827564951 1909441.43175941),LAT_ONLY
rock-227,가거도 - 복여,35.071444,,34.0714,125.124,POINT (780741.718035 1566805.47359158),LAT_ONLY
rock-228,제부도 - 제부도 소방서 앞,37.163028,,37.163028,126.621972,POINT (922042.8147898121 1907503.65352464),LAT_ONLY
rock-229,풍도·난지도 - 풍도 채석장 남측,37.105778,,37.105778,126.379944,POINT (900478.336334196 1901378.62463682),LAT_ONLY
rock-230,원산도·삽시도 - 삽시도 면삽지,36.337833,,36.337833,126.341361,POINT (896019.702870824 1816228.16722447),LAT_ONLY
rock-231,어청도·연도 - 어청도 한우담 부근,36.118111,,36.118111,125.994722,POINT (864530.6799585581 1792282.89788326),LAT_ONLY
rock-232,미륵도 - 대양화 제방,34.830361,,34.830361,128.372167,POINT (1079751.63619065 1648762.70118295),LAT_ONLY
rock-233,비진도·매물도 - 대매물도 설풍자리,34.635167,,34.635167,128.558139,POINT (1096985.4998152 1627279.65901348),LAT_ONLY
rock-234,영종도·용유도 - 삼목수문,37.498694,,37.498694,126.472639,POINT (909188.622875525 1944877.12554022),LAT_ONLY
rock-235,신지도 - 대곡리 남쪽 양식장 배수구 부근,34.352167,,34.352167,126.842972,POINT (939575.9580959621 1595585.12062878),LAT_ONLY
rock-236,제주도 남서부·가파도·마라도 - 큰아끈여 갯바위,33.169194,,33.169194,126.263528,POINT (884711.263193635 1464909.76080434),LAT_ONLY
rock-237,만재도 - 오동여 부근,34.210072,,34.210072,125.466482,POINT (812658.021101873 1581503.36374798),LAT_ONLY
rock-238,화원 부근 - 증도리 북측,34.630254,,34.630254,126.280428,POINT (888210.768971169 1626902.02407425),LAT_ONLY
rock-239,거차수도 부근 - 동거차 상송도,34.245419,,34.245419,125.93042,POINT (855464.2112406059 1584667.36085451),LAT_ONLY
rock-240,독거군도 부근 - 독거 동쪽 선창,34.253731,,34.253731,126.18247,POINT (878687.990081816 1585259.86831516),LAT_ONLY
rock-241,추자군도 - 신대산전망터 앞,33.953699,,33.953699,126.341523,POINT (892956.366001114 1551811.66811924),LAT_ONLY
rock-242,낭도 부근 - 낭도산 동측,34.613341,,34.613341,127.565903,POINT (1006041.91905072 1624352.38350198),LAT_ONLY
rock-243,황제도 - 황제도 등대 밑,34.192963,,34.192963,127.080891,POINT (961383.762811537 1577815.99738899),LAT_ONLY
rock-244,손죽열도 부근 - 잔거리 서측,34.295446,,34.295446,127.371211,POINT (988147.982053943 1589107.67021592),LAT_ONLY
rock-245,대삼부도 - 덜섬 끝바리 부근,34.054042,,34.054042,127.384765,POINT (989365.0663912831 1562339.06703617),LAT_ONLY
rock-246,가거도 - 녹섬 갯바위,34.047111,,34.047111,125.122917,POINT (780579.096904013 1564113.79777179),LAT_ONLY
rock-247,가거도 - 신여,34.114361,,34.114361,125.09225,POINT (777923.482689305 1571639.14134744),LAT_ONLY
rock-248,울릉도 - 삼선암 갯바위,37.549389,,37.549389,130.908472,POINT (1301122.63744741 1955467.99340864),LAT_ONLY
rock-249,진해항 부근 - 합포마을 남측,35.097374,,35.097374,128.696168,POINT (1109025.5337496 1678680.90238329),LAT_ONLY
rock-250,대청도·소청도 - 대청도 독바위,37.804889,,37.804889,124.702389,POINT (753703.334178678 1982039.87056456),LAT_ONLY
rock-251,덕적도·소야도 - 덕적도 정자바위,37.231722,,37.231722,126.165361,POINT (881607.514226933 1915597.9340208),LAT_ONLY
rock-252,비금도·도초도 - 비금도 큰당두리 갯바위,34.790083,,34.790083,126,POINT (862768.361983157 1644974.57625874),LAT_ONLY
rock-253,청산도·대모도 - 청산도 장기미 해변길 갯바위,34.156000,,34.156,126.900056,POINT (944697.543313054 1573800.71133217),LAT_ONLY
rock-282,화원 부근 - 닭섬(*화원 마리나 포인트),34.675861,,34.675861,126.251099,POINT (885584.90363424 1631992.71690665),LAT_ONLY
rock-254,제주도 남동부 - 쇠소깍 해수욕장 우측 갯바위,33.250444,,33.250444,126.626583,POINT (918639.076320057 1473576.81169737),LAT_ONLY
rock-255,낭도 부근 - 낭도 해안,34.601161,,34.601161,127.550772,POINT (1004655.36963675 1623000.89164034),LAT_ONLY
rock-256,황제도 - 소마도,34.203917,,34.203917,127.152329,POINT (967970.1778809091 1579005.89884922),LAT_ONLY
rock-257,남해도 동부·신수도·창선도 - 모상개 돌섬,34.843500,,34.8435,128.077778,POINT (1052823.67950401 1650025.18673208),LAT_ONLY
rock-258,연화도 부근 - 목섬 갯바위,34.663643,,34.663643,128.343099,POINT (1077248.6988679 1630251.67099794),LAT_ONLY
rock-259,십이동파도·비안도 - 비안도 남쪽 직벽지대,35.728806,,35.728806,126.452278,POINT (905247.351790083 1748560.61435685),LAT_ONLY
rock-299,우이도 - 큰밭 갯바위,34.596694,,34.596694,125.811444,POINT (845156.287043676 1623800.23431038),LAT_ONLY
rock-260,대삼부도 - 쌍굴 근처 갯바위,34.055478,,34.055478,127.398004,POINT (990587.0532917121 1562496.94357666),LAT_ONLY
rock-261,연도 - 철탑밑 갯바위,34.461115,,34.461115,127.804572,POINT (1027973.74036372 1607512.4388744),LAT_ONLY
rock-262,연도 - 소룡단 갯바위,34.408411,,34.408411,127.805834,POINT (1028107.23500611 1601668.7021046),LAT_ONLY
rock-263,가의도 - 서측 끝단 갯바위,36.671972,,36.671972,126.048139,POINT (870262.2889560771 1853650.99853098),LAT_ONLY
rock-264,개야도 - 발전소 아래 갯바위,36.033028,,36.033028,126.552028,POINT (914595.9482766921 1782212.33781804),LAT_ONLY
rock-265,개야도 - 에게이 등대 남측 갯바위,36.035917,,36.035917,126.513722,POINT (911148.0881464471 1782567.0452336),LAT_ONLY
rock-266,개야도 - 장골 갯바위,36.042556,,36.042556,126.543556,POINT (913843.034680989 1783276.6231373),LAT_ONLY
rock-267,안마도·석만도 - 쌀썩은여 좌측부근 갯바위,35.334944,,35.334944,126.030722,POINT (866469.714496642 1705363.4720546),LAT_ONLY
rock-283,거차수도 부근 - 동거차 해수욕장,34.232610,,34.23261,125.933815,POINT (855754.962288511 1583242.00881639),LAT_ONLY
rock-268,노화도·보길도·소안도 - 보길도 장항각 부근 갯바위,34.152389,,34.152389,126.579806,POINT (915172.7293901669 1573620.17730736),LAT_ONLY
rock-269,신지도 - 도트럼끝 부근,34.309806,,34.309806,126.872472,POINT (942259.972214929 1590870.68567851),LAT_ONLY
rock-270,청산도·대모도 - 침몰선 갯바위 포인트,34.151889,,34.151889,126.856222,POINT (940654.074131201 1573369.48054305),LAT_ONLY
rock-271,여서도·거문도 - 거문도 녹산곶 등대 부근,34.063278,,34.063278,127.292389,POINT (980841.7772232611 1563376.55001922),LAT_ONLY
rock-272,나로도 - 내나로도 덕흥해수욕장 갯바위,34.523583,,34.523583,127.466972,POINT (996968.794797424 1614397.81522867),LAT_ONLY
rock-273,나로도 - 외나로도 부채바위,34.415722,,34.415722,127.501333,POINT (1000122.52431078 1602436.97721707),LAT_ONLY
rock-274,제주도 서부·차귀도·비양도 - 비양도 코끼리바위 부근 갯바위,33.408722,,33.408722,126.222444,POINT (881205.4696241419 1491513.70256247),LAT_ONLY
rock-275,제주도 북동부·우도 - 비양도 등대부근,33.514194,,33.514974,126.971414,POINT (950910.291096886 1502689.36379868),LAT_ONLY
rock-276,제주도 동부 - 표선해비치해수욕장 좌측 갯바위,33.332028,,33.332028,126.847667,POINT (939290.4876125379 1482471.44612797),LAT_ONLY
rock-277,제주도 남부 - 중문단지 축구장 밑 갯바위,33.233361,,33.233361,126.43275,POINT (900562.91994517 1471850.43352941),LAT_ONLY
rock-278,제주도 남서부·가파도·마라도 - 송악산 올레길 갯바위,33.202944,,33.202944,126.292722,POINT (887476.679794373 1468619.96947821),LAT_ONLY
rock-279,홍도 - 방구서 우측 부근,34.674788,,34.674788,125.196525,POINT (788955.6639314471 1633578.52154449),LAT_ONLY
rock-280,홍도 - 단오도 우측,34.686818,,34.686818,125.181086,POINT (787571.598612341 1634945.43825445),LAT_ONLY
rock-281,만재도 - 방군여 좌측,34.201763,,34.201763,125.491131,POINT (814910.999587494 1580536.75595512),LAT_ONLY
rock-284,추자군도 - 횡간도 우측 끝,34.003972,,34.003972,126.348097,POINT (893626.518569031 1557379.37937728),LAT_ONLY
rock-285,강진만 부근 - 복도 갯바위,34.450529,,34.450529,126.750893,POINT (931188.245849289 1606551.08310307),LAT_ONLY
rock-286,강진만 부근 - 가우도 북측 갯바위,34.537059,,34.537059,126.778742,POINT (933814.849919957 1616127.77602498),LAT_ONLY
rock-287,득량만 부근 - 남생리 부근,34.504172,,34.504172,127.119001,POINT (965024.741495716 1612310.7472632),LAT_ONLY
rock-288,거금수도 부근 - 성두도 남측,34.511310,,34.51131,127.425145,POINT (993129.023053932 1613038.87441008),LAT_ONLY
rock-289,낭도 부근 - 낭도 해안가 옆,34.602304,,34.602304,127.557551,POINT (1005276.86976563 1623127.97690774),LAT_ONLY
rock-290,낭도 부근 - 사도 해안길,34.589853,,34.589853,127.558583,POINT (1005372.34222734 1621747.37322966),LAT_ONLY
rock-291,여수엑스포 부근 - 검은모래해변 부근,34.780752,,34.780752,127.748847,POINT (1022768.1008923 1642942.91220172),LAT_ONLY
rock-292,황제도 - 황제도 남단,34.187750,,34.18775,127.075296,POINT (960865.8533645059 1577240.09310227),LAT_ONLY
rock-293,손죽열도 부근 - 손죽 해수욕장,34.287876,,34.287876,127.354146,POINT (986576.282517607 1588270.46454731),LAT_ONLY
rock-294,간수제도 - 소평도 남서측,34.256572,,34.256572,127.449089,POINT (995312.624923498 1584790.88300931),LAT_ONLY
rock-295,대삼부도 - 절밑 갯바위,34.059507,,34.059507,127.387956,POINT (989660.206936371 1562944.69438012),LAT_ONLY
rock-296,송이도 - 큰내기 우측 갯바위,35.295167,,35.295167,126.14025,POINT (876363.885840656 1700809.45667183),LAT_ONLY
rock-297,임자도·사옥도 - 고래미,35.056944,,35.056944,126.058111,POINT (868511.7080038951 1674493.44232489),LAT_ONLY
rock-298,안좌도·팔금도 - 사근마을 곶부리,34.787028,,34.787028,126.087694,POINT (870787.148763501 1644519.3290606),LAT_ONLY
rock-319,낭도 부근 - 해안길 우측,34.596030,,34.59603,127.541178,POINT (1003775.94330089 1622431.59980914),LAT_ONLY
rock-320,순천만 부근 - 궁항갯바위 부근,34.775269,,34.775269,127.561181,POINT (1005598.12525487 1642308.38545075),LAT_ONLY
rock-321,홍도 - 기둥바위 인근,34.674573,,34.674573,125.181302,POINT (787560.131259597 1633586.67159362),LAT_ONLY
rock-322,홍도 - 모도 우측 섬 부근,34.718296,,34.718296,125.203413,POINT (789697.017821042 1638390.1722202),LAT_ONLY
rock-323,홍도 - 공작새바위 상단,34.699140,,34.69914,125.212502,POINT (790481.177425018 1636246.29472729),LAT_ONLY
rock-324,만재도 - 국도 상단,34.207353,,34.207353,125.489437,POINT (814767.095528364 1581159.80612521),LAT_ONLY
rock-325,만재도 - 녹섬 우측,34.203212,,34.203212,125.477102,POINT (813621.4263846631 1580723.05622494),LAT_ONLY
rock-326,입파도·국화도 - 입파도 북서측 끝단,37.114333,,37.114333,126.535111,POINT (914275.58380943 1902176.41660976),LAT_ONLY
rock-327,입파도·국화도 - 입파도 남측 곶부리,37.093722,,37.093722,126.538028,POINT (914511.5592734211 1899887.20086839),LAT_ONLY
rock-328,풍도·난지도 - 대난지도 해수욕장 갯바위,37.049889,,37.049889,126.421222,POINT (904075.7728143911 1895135.83922266),LAT_ONLY
rock-329,풍도·난지도 - 소난지도 서쪽 갯바위,37.038306,,37.038306,126.441167,POINT (905834.9732468739 1893830.857071),LAT_ONLY
rock-330,원산도·삽시도 - 삽시도 거멀너머해수욕장 부근,36.349167,,36.349167,126.351361,POINT (896932.112216458 1817474.63945961),LAT_ONLY
rock-331,호도·녹도·외연도 - 녹도 동두말 부근,36.265389,,36.265389,126.265417,POINT (889101.348142589 1808276.41089308),LAT_ONLY
rock-332,어청도·연도 - 어청도 농배,36.119778,,36.119778,125.985861,POINT (863736.038113244 1792480.16925843),LAT_ONLY
rock-333,어청도·연도 - 어청도 시목서 부근,36.110361,,36.110361,125.9785,POINT (863057.179322703 1791445.93737267),LAT_ONLY
rock-334,십이동파도·비안도 - 십이동파도 벌린여,35.982861,,35.982861,126.237139,POINT (886153.829260412 1776969.71139025),LAT_ONLY
rock-335,십이동파도·비안도 - 비안도 북서쪽 떨어진여 부근,35.740056,,35.740056,126.4395,POINT (904105.216499585 1749820.83374713),LAT_ONLY
rock-336,선유도·무녀도·장자도·신시도 - 선유도해수욕장 앞 갯바위,35.820778,,35.820778,126.406833,POINT (901251.136678307 1758806.7322044),LAT_ONLY
rock-337,왕등도·위도 - 상왕등도 북쪽 끝바리,35.666806,,35.666806,126.110806,POINT (874266.6803314361 1742067.18372023),LAT_ONLY
rock-338,왕등도·위도 - 상왕등도 터널바위,35.656167,,35.656167,126.10725,POINT (873928.122905143 1740891.68577926),LAT_ONLY
rock-339,왕등도·위도 - 위도 철탑 부근,35.577417,,35.577417,126.253556,POINT (887061.759377851 1731979.20460989),LAT_ONLY
rock-340,왕등도·위도 - 위도 미영금해수욕장 갯바위,35.588861,,35.588861,126.259972,POINT (887659.1746235171 1733241.22766535),LAT_ONLY
rock-341,비금도·도초도 - 비금도 명사십리해수욕장 갯바위,34.788611,,34.788611,125.952833,POINT (858450.3066794911 1644876.7899499),LAT_ONLY
rock-342,비금도·도초도 - 비금도 가산리 진골 갯바위,34.773500,,34.7735,125.999139,POINT (862662.0862835811 1643136.5694544),LAT_ONLY
rock-343,흑산도·삼태도 - 대흑산도 정촌리 홈통 부근,34.671611,,34.671611,125.439194,POINT (811185.40137422 1632744.12276925),LAT_ONLY
rock-344,금오도·안도 - 금오도 매봉산 직벽,34.503750,,34.50375,127.734944,POINT (1021567.71441547 1612223.10400327),LAT_ONLY
rock-345,사량도 - 상사량도 염소자리,34.826722,,34.826722,128.189694,POINT (1063068.67434542 1648229.26244147),LAT_ONLY
rock-346,사량도 - 상사량도 돈지항 부근 갯바위,34.836139,,34.836139,128.178417,POINT (1062030.31240562 1649266.49990604),LAT_ONLY
rock-347,사천대교 부근 - 환덕리 묵곡천,35.050071,,35.050071,128.009828,POINT (1046494.48349668 1672899.53109074),LAT_ONLY
rock-348,진주만 부근 - 초양도 남동측,34.924701,,34.924701,128.045696,POINT (1049841.53470053 1659013.65234094),LAT_ONLY
rock-349,갈도 부근 - 삼각여,34.565787,,34.565787,128.1888,POINT (1063184.87995003 1619292.70614727),LAT_ONLY
rock-350,연화도 부근 - 연화항 인근 갯바위,34.651647,,34.651647,128.35117,POINT (1077999.39617125 1628927.55839993),LAT_ONLY
rock-351,개야도 - 사수건 철탑 갯바위,36.037083,,36.037083,126.538806,POINT (913409.148457006 1782673.85589081),LAT_ONLY
rock-352,노화도·보길도·소안도 - 소안도 농서 부근 갯바위,34.122861,,34.122861,126.638222,POINT (920530.3277170131 1570298.96662178),LAT_ONLY
rock-353,나로도 - 내나로도 고막포 부근 갯바위,34.508333,,34.508333,127.490056,POINT (999087.162655664 1612706.33262128),LAT_ONLY
rock-354,손죽열도 부근 - 소거문 북단,34.297607,,34.297607,127.396512,POINT (990476.609304808 1589344.70321318),LAT_ONLY
rock-355,금당도 - 금당도 목섬 철탑밑,34.399972,,34.399972,127.060639,POINT (959616.966605161 1600778.00870708),LAT_ONLY
rock-356,대청도·소청도 - 대청도 서풍받이 끝,37.798667,,37.798667,124.682972,POINT (751972.751510308 1981400.70841705),LAT_ONLY
rock-357,장봉도 - 채석장 부근,37.559556,,37.559556,126.312556,POINT (895123.1710224941 1951796.14387051),LAT_ONLY
rock-358,덕적도·소야도 - 덕적도 능동자갈마당 갯바위,37.264639,,37.264639,126.102889,POINT (876119.3814729931 1919329.88476371),LAT_ONLY
rock-362,백아도·굴업도 - 굴업도 해수욕장 동쪽 갯바위,37.195111,,37.195111,125.992333,POINT (866193.089790393 1911766.42313207),LAT_ONLY
rock-363,추자도 - 하추자도 오지박 입구,33.953583,,33.953583,126.313278,POINT (890346.231592869 1551828.69195592),LAT_ONLY
rock-364,이작도·승봉도 - 대이작도 작은풀안해수욕장 정자 부근,37.168444,,37.168444,126.259694,POINT (889884.056471457 1908463.84654154),LAT_ONLY
rock-365,말도·방축도 - 방축도 독립문바위,35.846611,,35.846611,126.365861,POINT (897583.0598159641 1761714.23401203),LAT_ONLY
rock-366,여서도·거문도 - 거문도 취곶 부근 갯바위,34.052861,,34.052861,127.275889,POINT (979316.634616376 1562224.76909088),LAT_ONLY
rock-367,자은도 - 상장고지단 갯바위,34.934278,,34.934278,126.057222,POINT (868234.1232710769 1660889.86990482),LAT_ONLY
rock-368,개도·하의도·신의도 - 거북바위,34.604361,,34.604361,126.054917,POINT (867497.171600242 1624303.69299032),LAT_ONLY
rock-369,원산도·삽시도 - 삽시도 물망터,36.333667,,36.333667,126.340667,POINT (895951.840348352 1815766.71639125),LAT_ONLY
rock-370,진주만 부근 - 삼천포대교 밑 갯바위,34.925697,,34.925697,128.04959,POINT (1050196.55665403 1659126.00152937),LAT_ONLY
rock-371,갈도 부근 - 똥여,34.562166,,34.562166,128.187666,POINT (1063083.59748848 1618890.4793814),LAT_ONLY
rock-372,자월도 - 떡바위,37.262972,,37.262972,126.335278,POINT (896723.6663522 1918865.98640967),LAT_ONLY
rock-373,덕적도·소야도 - 소야도 대금두(진대끝) 부근,37.208056,,37.208056,126.194139,POINT (884124.237477434 1912936.63350449),LAT_ONLY
rock-374,백아도·굴업도 - 백아도 서쪽 곶부리,37.081222,,37.081222,125.941583,POINT (861481.133804571 1899203.66195398),LAT_ONLY
rock-375,노화도·보길도·소안도 - 소안도 산호도 부근 갯바위,34.187028,,34.187028,126.635111,POINT (920303.731468503 1577416.54686372),LAT_ONLY
rock-376,거금도 - 공고지 갯바위,34.422556,,34.422556,127.143528,POINT (967244.385857359 1603252.29709899),LAT_ONLY
rock-377,여서도·거문도 - 거문도 코바위,34.060222,,34.060222,127.279917,POINT (979690.119430184 1563040.157281),LAT_ONLY
rock-607,왕등도·위도 - 하왕등도 오지바위,35.634583,,35.634583,126.124333,POINT (875441.0980454009 1738475.91317564),LAT_ONLY
rock-378,나로도 - 외나로도 창포골 갯바위,34.471167,,34.471167,127.506417,POINT (1000589.2766222 1608585.01107084),LAT_ONLY
rock-379,제주도 서부·차귀도·비양도 - 차귀도 등측 갯바위,33.311444,,33.311444,126.153583,POINT (874662.503049869 1480808.41825574),LAT_ONLY
rock-417,사량도 - 하사량도 레이더기지 부근 갯바위,34.795250,,34.79525,128.241278,POINT (1067811.55417015 1644772.76137145),LAT_ONLY
rock-380,제주도 북부 - 김녕 목지코지 갯바위,33.563722,,33.563722,126.730889,POINT (928612.374112313 1508233.96432098),LAT_ONLY
rock-381,제주도 북동부·우도 - 동등 갯바위,33.532972,,33.532972,126.8515,POINT (939786.1761497151 1504748.05673662),LAT_ONLY
rock-382,제주도 북동부·우도 - 우두곶 우측 갯바위,33.490556,,33.490556,126.961194,POINT (949947.1149354749 1499986.97228076),LAT_ONLY
rock-383,제주도 동부 - 방두곶 흰등대앞 갯바위,33.426944,,33.426944,126.934722,POINT (947449.559153951 1492947.45576916),LAT_ONLY
rock-384,제주도 남동부 - 태흥리 갯바위,33.278250,,33.27825,126.731167,POINT (928404.220591576 1476583.02094839),LAT_ONLY
rock-385,제주도 남서부·가파도·마라도 - 송악산 낚시터,33.214333,,33.214333,126.295667,POINT (887765.674733359 1469879.5342902),LAT_ONLY
rock-386,홍도 - 상금리굴 인근,34.672566,,34.672566,125.187364,POINT (788110.47225239 1633351.30828967),LAT_ONLY
rock-387,순천만 부근 - 신작 부근,34.735889,,34.735889,127.37675,POINT (988717.2128130919 1637946.67895537),LAT_ONLY
rock-388,순천만 부근 - 대운두도 부근,34.748204,,34.748204,127.559241,POINT (1005422.3562155 1639307.05170473),LAT_ONLY
rock-389,여수엑스포 부근 - 혈서 상단,34.685939,,34.685939,127.792259,POINT (1026770.6731709 1632439.64922628),LAT_ONLY
rock-390,여수엑스포 부근 - 오천동해수욕장,34.793641,,34.793641,127.757366,POINT (1023543.89045736 1644374.16022389),LAT_ONLY
rock-391,황제도 - 땅콩여 동측,34.189421,,34.189421,127.082612,POINT (961540.754694507 1577422.63728329),LAT_ONLY
rock-392,황제도 - 장도 서측,34.205279,,34.205279,127.153537,POINT (968082.008325806 1579156.47407768),LAT_ONLY
rock-393,황제도 - 장도 동측,34.207857,,34.207857,127.177207,POINT (970263.482729626 1579435.23719774),LAT_ONLY
rock-394,손죽열도 부근 - 반초섬 맞은편,34.293373,,34.293373,127.363348,POINT (987424.05588278 1588878.80871354),LAT_ONLY
rock-395,손죽열도 부근 - 손죽 등대 밑,34.295507,,34.295507,127.351177,POINT (986304.3325619041 1589117.02397933),LAT_ONLY
rock-396,손죽열도 부근 - 잔거리 홈통,34.295638,,34.295638,127.380406,POINT (988994.139887577 1589127.95082612),LAT_ONLY
rock-397,손죽열도 부근 - 소거문 서측 인근,34.287458,,34.287458,127.387657,POINT (989660.43302407 1588220.13277838),LAT_ONLY
rock-398,손죽열도 부근 - 소거문 서코지,34.278233,,34.278233,127.390584,POINT (989928.748812914 1587197.03349598),LAT_ONLY
rock-399,간수제도 - 소평도 남측,34.256727,,34.256727,127.450537,POINT (995446.00483675 1584808.03400188),LAT_ONLY
rock-400,간수제도 - 평도 우측 넓은 자리,34.246826,,34.246826,127.455192,POINT (995874.103296426 1583710.03697108),LAT_ONLY
rock-401,간수제도 - 광도 서측 홈통,34.264519,,34.264519,127.528308,POINT (1002606.07912905 1585671.28266722),LAT_ONLY
rock-402,간수제도 - 광도 남측,34.260723,,34.260723,127.530499,POINT (1002807.91927435 1585250.38669759),LAT_ONLY
rock-403,대삼부도 - 구멍섬 갯바위,34.055636,,34.055636,127.39705,POINT (990498.99143967 1562514.55623214),LAT_ONLY
rock-404,송이도 - 큰매리 갯바위,35.300000,,35.3,126.141111,POINT (876449.534727016 1701344.45795919),LAT_ONLY
rock-405,송이도 - 이미 앞바다,35.277806,,35.277806,126.142056,POINT (876501.703696792 1698881.65266667),LAT_ONLY
rock-406,임자도·사옥도 - 옥섬,35.053306,,35.053306,126.076917,POINT (870220.985675951 1674065.22372106),LAT_ONLY
rock-407,임자도·사옥도 - 외교도 등대포인트,35.037528,,35.037528,126.126056,POINT (874678.4396622421 1672252.50322155),LAT_ONLY
rock-408,임자도·사옥도 - 증도대교 북단,35.026028,,35.026028,126.168722,POINT (878553.4174685531 1670924.31231139),LAT_ONLY
rock-409,고이도·매화도·선도·증도 - 소정섬 포인트,34.927000,,34.927,126.276,POINT (888205.916815803 1659816.4041841),LAT_ONLY
rock-410,고이도·매화도·선도·증도 - 부사도 갯바위,35.006222,,35.006222,126.246861,POINT (885654.51581357 1668635.47185304),LAT_ONLY
rock-411,고이도·매화도·선도·증도 - 오산항,34.997722,,34.997722,126.12125,POINT (874179.104977752 1667843.81166241),LAT_ONLY
rock-412,압해도 - 복용리해안 철탑 밑,34.898500,,34.8985,126.350028,POINT (894931.261715102 1656575.47464754),LAT_ONLY
rock-413,우이도 - 성촌,34.622361,,34.622361,125.809194,POINT (844997.6626872721 1626650.28711718),LAT_ONLY
rock-414,우이도 - 딴목섬 갯바위,34.605806,,34.605806,125.862028,POINT (849811.7477199819 1624734.21810702),LAT_ONLY
rock-418,미륵도 - 수암말(에름바우) 부근,34.796667,,34.796667,128.364333,POINT (1079067.50827777 1645019.8812407),LAT_ONLY
rock-419,비진도·매물도 - 비진도 상투바위,34.708333,,34.708333,128.467417,POINT (1088591.96572131 1635309.98650095),LAT_ONLY
rock-420,거제도 남부 - 오포 흑산태,34.706139,,34.706139,128.616222,POINT (1102222.21997216 1635207.73530543),LAT_ONLY
rock-421,거제도 남부 - 오지막 해안 끝바리,34.756694,,34.756694,128.643944,POINT (1104697.31898214 1640842.81631018),LAT_ONLY
rock-422,거제도 남부 - 구조라해수욕장 호안로 갯바위,34.803250,,34.80325,128.692056,POINT (1109039.54076782 1646057.04018432),LAT_ONLY
rock-423,연평도 - 시노도 갯바위,37.613111,,37.613111,125.725861,POINT (843414.139559924 1958555.17504846),LAT_ONLY
rock-424,연평도 - 구지도 북측 갯바위,37.639611,,37.639611,125.682889,POINT (839678.032826861 1961568.17336038),LAT_ONLY
rock-425,시도 - 조각공원 동측 갯바위,37.526333,,37.526333,126.407972,POINT (903507.967143756 1948007.97443361),LAT_ONLY
rock-426,시도 - 신도 동측 끝단 갯바위,37.534639,,37.534639,126.472639,POINT (909232.174955682 1948865.07629997),LAT_ONLY
rock-427,시도 - 신도 남측 끝단 갯바위,37.511139,,37.511139,126.466694,POINT (908678.318223709 1946263.55833897),LAT_ONLY
rock-428,영종도·용유도 - 왕산 갯바위,37.457361,,37.457361,126.361389,POINT (899299.138747953 1940404.44300238),LAT_ONLY
rock-429,영종도·용유도 - 을왕리 갯바위,37.443944,,37.443944,126.365167,POINT (899615.335520287 1938911.86578128),LAT_ONLY
rock-430,영종도·용유도 - 영종도 남측수문,37.421972,,37.421972,126.435,POINT (905765.271837197 1936402.01635873),LAT_ONLY
rock-431,안면도 북부 - 방포해변 북측 갯바위,36.509333,,36.509333,126.325139,POINT (894795.459116464 1835270.13382924),LAT_ONLY
rock-432,안면도 남 부 - 샛별 해수욕장 남측 갯바위,36.443167,,36.443167,126.33375,POINT (895477.752652666 1827920.8743584),LAT_ONLY
rock-433,안면도 남 부 - 사도 갯바위,36.464139,,36.464139,126.434917,POINT (904570.58949522 1830142.40411172),LAT_ONLY
rock-434,가의도 - 북측 갯바위,36.688639,,36.688639,126.080472,POINT (873179.121703356 1855456.70018498),LAT_ONLY
rock-435,가의도 - 코끼리 바위,36.682528,,36.682528,126.089639,POINT (873988.152465291 1854766.66489172),LAT_ONLY
rock-436,개야도 - 죽도 동측 갯바위,36.036083,,36.036083,126.530917,POINT (912697.3385594111 1782569.97941763),LAT_ONLY
rock-437,개야도 - 장골 북측 갯바위,36.045000,,36.045,126.544278,POINT (913910.75410197 1783547.12213793),LAT_ONLY
rock-438,안마도·석만도 - 우물밑 좌측 갯바위,35.370722,,35.370722,126.041278,POINT (867487.563504326 1709317.57130826),LAT_ONLY
rock-439,송이도 - 양골앞 갯바위,35.288861,,35.288861,126.151722,POINT (877397.557703627 1700095.84874925),LAT_ONLY
rock-440,흑산도·삼태도 - 상태도 마을 앞 갯바위,34.435028,,34.435028,125.2815,POINT (796158.112750401 1606809.92339806),LAT_ONLY
rock-441,노화도·보길도·소안도 - 노화도 북쪽 목부분 홈통,34.233944,,34.233944,126.560611,POINT (913486.5773848561 1582679.7532553),LAT_ONLY
rock-442,노화도·보길도·소안도 - 노화도 갈미각 부근 갯바위,34.213000,,34.213,126.555556,POINT (912999.440222949 1580361.58025669),LAT_ONLY
rock-443,노화도·보길도·소안도 - 보길도 망월각 갯바위,34.139333,,34.139333,126.504667,POINT (908231.751735046 1572237.49714131),LAT_ONLY
rock-444,노화도·보길도·소안도 - 소안도 청변각 갯바위(코바위),34.181528,,34.181528,126.68425,POINT (924826.93499621 1576769.35801669),LAT_ONLY
rock-445,노화도·보길도·소안도 - 소안도 밖고래여 부근,34.148361,,34.148361,126.682556,POINT (924641.3205900181 1573092.91552257),LAT_ONLY
rock-446,만재도 - 보건소 하단 부근,34.206591,,34.206591,125.469322,POINT (812911.9517427641 1581112.09405516),LAT_ONLY
rock-461,고흥호 부근 - 고흥만방조제,34.653539,,34.653539,127.224133,POINT (974721.010031394 1628842.49449004),LAT_ONLY
rock-447,만재도 - 내마도 하단 부근,34.206151,,34.206151,125.465526,POINT (812561.212562686 1581070.27311649),LAT_ONLY
rock-448,목포 부근 - 우도,34.860617,,34.860617,126.386638,POINT (898229.66861952 1652336.41976307),LAT_ONLY
rock-449,목포 부근 - 금호바닷가펜션 부근,34.696944,,34.696944,126.363531,POINT (895911.983223239 1634208.75010814),LAT_ONLY
rock-450,화원 부근 - 고도,34.668465,,34.668465,126.252806,POINT (885731.155638115 1631170.61501968),LAT_ONLY
rock-451,화원 부근 - 월낭산 서측,34.631528,,34.631528,126.293105,POINT (889374.475411539 1627029.34237031),LAT_ONLY
rock-452,거차수도 부근 - 서거차 북쪽 홈통,34.260014,,34.260014,125.917886,POINT (854335.044041562 1586303.72974163),LAT_ONLY
rock-453,거차수도 부근 - 상어여 갯바위,34.244175,,34.244175,125.923135,POINT (854791.1392193671 1584539.7246431),LAT_ONLY
rock-454,거차수도 부근 - 동거차 망도,34.244718,,34.244718,125.953916,POINT (857626.824168 1584556.46433774),LAT_ONLY
rock-455,거차수도 부근 - 맹골 돔바위,34.217089,,34.217089,125.846638,POINT (847697.303857786 1581647.70833556),LAT_ONLY
rock-456,독거군도 부근 - 슬도 북단,34.266235,,34.266235,126.15039,POINT (875752.3484660829 1586685.18244881),LAT_ONLY
rock-457,독거군도 부근 - 변도,34.267211,,34.267211,126.168272,POINT (877400.171492695 1586771.70239794),LAT_ONLY
rock-458,독거군도 부근 - 초도,34.227645,,34.227645,126.164249,POINT (876972.156416107 1582389.02101129),LAT_ONLY
rock-459,추자군도 - 추자대교,33.952795,,33.952795,126.303769,POINT (889466.564151579 1551751.48351691),LAT_ONLY
rock-460,추자군도 - 석죽머리 부근,33.935234,,33.935234,126.328234,POINT (891705.0453228741 1549778.07892059),LAT_ONLY
rock-490,이작도·승봉도 - 승봉도 소각장 부근,37.175000,,37.175,126.293944,POINT (892934.1915012731 1909151.91401249),LAT_ONLY
rock-462,거금수도 부근 - 소염도,34.435296,,34.435296,127.329027,POINT (984291.989291149 1604620.66319766),LAT_ONLY
rock-463,거금수도 부근 - 까치목골 앞,34.505245,,34.505245,127.38769,POINT (989690.24846851 1612369.5865169),LAT_ONLY
rock-464,거금수도 부근 - 대바래섬 북측,34.379198,,34.379198,127.274374,POINT (979256.912741013 1598409.98744794),LAT_ONLY
rock-465,낭도 부근 - 둔병도 남측,34.623283,,34.623283,127.540562,POINT (1003718.22395533 1625453.55057742),LAT_ONLY
rock-466,낭도 부근 - 낭도 철탑 밑,34.602655,,34.602655,127.525764,POINT (1002362.27916275 1623165.70776207),LAT_ONLY
rock-467,낭도 부근 - 추도 남측,34.590624,,34.590624,127.57105,POINT (1006515.52729452 1621833.64590982),LAT_ONLY
rock-468,상조도·하조도·관매도 - 형제도 앞,34.224972,,34.224972,126.057167,POINT (867104.558564868 1582227.1444361),LAT_ONLY
rock-469,가거도 - 간서 갯바위,34.063194,,34.063194,125.095194,POINT (778061.53216285 1565957.52610081),LAT_ONLY
rock-470,가거도 - 칼바위,34.096278,,34.096278,125.098,POINT (778406.768364649 1569620.90921954),LAT_ONLY
rock-471,가거도 - 장개다랑 갯바위,34.091778,,34.091778,125.111556,POINT (779645.923742693 1569092.45780025),LAT_ONLY
rock-472,가거도 - 거북바위,34.050556,,34.050556,125.139694,POINT (782136.939695779 1564459.96196335),LAT_ONLY
rock-473,가거도 - 큰납닥여,34.047944,,34.047944,125.135556,POINT (781748.139472246 1564179.17760034),LAT_ONLY
rock-474,금일도·생일도 - 금곡 해수욕장 남측 갯바위,34.304111,,34.304111,126.968194,POINT (951064.352079944 1590189.02561801),LAT_ONLY
rock-475,초도 - 수리망태,34.251694,,34.251694,127.256583,POINT (977587.486791716 1584275.706534),LAT_ONLY
rock-476,초도 - 오밖끝,34.230722,,34.230722,127.260722,POINT (977963.110981287 1581949.34587989),LAT_ONLY
rock-477,초도 - 넙데기,34.212833,,34.212833,127.236861,POINT (975760.434314821 1579971.2017032),LAT_ONLY
rock-478,가사도 - 채석장 갯바위,34.494194,,34.494194,126.047861,POINT (866674.5340865611 1612095.41443799),LAT_ONLY
rock-479,상조도·하조도·관매도 - 상조도 북측 철탑 아래,34.342611,,34.342611,126.026611,POINT (864478.952439349 1595313.20042557),LAT_ONLY
rock-480,상조도·하조도·관매도 - 조도대교 남단,34.319028,,34.319028,126.039083,POINT (865588.609574051 1592681.29757805),LAT_ONLY
rock-481,추자군도 - 검둥여,33.975337,,33.975337,126.315595,POINT (890588.1882869621 1554238.42682456),LAT_ONLY
rock-482,해남반도 부근 - 대성식품 길 끝,34.358148,,34.358148,126.499221,POINT (907968.200446489 1596506.53206696),LAT_ONLY
rock-483,완도 부근 - 연초도 갯바위,34.338683,,34.338683,126.617656,POINT (918841.0827197421 1594246.9603435),LAT_ONLY
rock-484,완도 부근 - 고마도 북측 해안,34.418016,,34.418016,126.71086,POINT (927482.734147792 1602973.64765839),LAT_ONLY
rock-485,완도 부근 - 사후도 동측 갯바위,34.399232,,34.399232,126.745082,POINT (930612.0544676711 1600866.7073638),LAT_ONLY
rock-486,강진만 부근 - 만덕호 갈대밭,34.569681,,34.569681,126.759096,POINT (932038.5528514581 1619758.31045752),LAT_ONLY
rock-487,강진만 부근 - 만덕호 우측,34.567578,,34.567578,126.76406,POINT (932492.244162518 1619521.73848215),LAT_ONLY
rock-488,덕적도·소야도 - 덕적도 소재해변 갯바위,37.261833,,37.261833,126.110417,POINT (876782.3285166811 1919008.78533348),LAT_ONLY
rock-489,덕적도·소야도 - 소야도 남서쪽 갯바위,37.200667,,37.200667,126.179222,POINT (882789.11049949 1912135.22356324),LAT_ONLY
rock-491,문갑도·선갑도 - 문갑도 한월리해수욕장 갯바위,37.182028,,37.182028,126.104778,POINT (876151.8385278651 1910162.01220671),LAT_ONLY
rock-492,영흥도·선재도·대부도·구봉도 - 영흥도 십리포해수욕장 갯바위,37.283222,,37.283222,126.489028,POINT (910381.1534915951 1920955.83514958),LAT_ONLY
rock-493,제부도 - 제부도 매(삼형제)바위 부근,37.156528,,37.156528,126.61825,POINT (921705.6220133 1906785.61077107),LAT_ONLY
rock-494,십이동파도·비안도 - 십이동파도 큰 쌍섬,35.993500,,35.9935,126.235167,POINT (885991.3382777441 1778152.11196528),LAT_ONLY
rock-495,왕등도·위도 - 하왕등도 북쪽 갯바위,35.644944,,35.644944,126.115,POINT (874612.15736446 1739637.01595804),LAT_ONLY
rock-496,비금도·도초도 - 비금도 하누넘해수욕장 갯바위,34.747806,,34.747806,125.892722,POINT (852877.850940613 1640437.56010022),LAT_ONLY
rock-497,비금도·도초도 - 도초도 문바위 부근,34.686417,,34.686417,125.914583,POINT (854771.765583471 1633597.37147191),LAT_ONLY
rock-498,거제도 북동부 - 흥남해수욕장 몽돌밭,34.958750,,34.95875,128.715278,POINT (1110954.61511926 1663327.88909015),LAT_ONLY
rock-499,가의도 - 남측 해변 동측 갯바위,36.667972,,36.667972,126.054667,POINT (870838.9598491981 1853198.43893939),LAT_ONLY
rock-500,개야도 - 죽도 북측 등대 부근 갯바위,36.041528,,36.041528,126.52875,POINT (912508.1627021821 1783175.8240028),LAT_ONLY
rock-501,청산도·대모도 - 청산도 동촌리 갯바위,34.180083,,34.180083,126.923833,POINT (946904.465492022 1576458.51587014),LAT_ONLY
rock-502,나로도 - 외나로도 노랑바위,34.412167,,34.412167,127.491528,POINT (999221.409737696 1602042.74995816),LAT_ONLY
rock-503,제주도 북동부·우도 - 하도해수욕장 우측 갯바위,33.510556,,33.510556,126.905,POINT (944739.519743278 1502232.90217717),LAT_ONLY
rock-504,제주도 북동부·우도 - 세배코지 갯바위,33.522944,,33.522944,126.948583,POINT (948794.658938876 1503584.11566846),LAT_ONLY
rock-505,독거군도 부근 - 슬도 선창 갯바위,34.259760,,34.25976,126.155721,POINT (876233.741737428 1585960.64491285),LAT_ONLY
rock-506,추자군도 - 모정의 쉼터 부근,33.946248,,33.946248,126.340947,POINT (892893.869549618 1550986.01593836),LAT_ONLY
rock-507,추자군도 - 횡간도 좌측 끝,34.010563,,34.010563,126.329829,POINT (891947.75001549 1558129.33802093),LAT_ONLY
rock-508,거금수도 부근 - 시산도 북측,34.416352,,34.416352,127.241491,POINT (976244.308574715 1602537.06315228),LAT_ONLY
rock-509,손죽열도 부근 - 잔거리 넓은 자리,34.294615,,34.294615,127.373866,POINT (988392.1258479829 1589015.29972707),LAT_ONLY
rock-510,손죽열도 부근 - 소거문 계단,34.296077,,34.296077,127.399365,POINT (990738.9415007391 1589174.75700115),LAT_ONLY
rock-511,대삼부도 - 남측 직벽,34.057518,,34.057518,127.39162,POINT (989998.090590658 1562723.74271351),LAT_ONLY
rock-512,고이도·매화도·선도·증도 - 검산항,34.993500,,34.9935,126.107056,POINT (872877.145416685 1667393.51066983),LAT_ONLY
rock-513,고이도·매화도·선도·증도 - 염산 선창,34.996722,,34.996722,126.181361,POINT (879663.554572507 1667658.82766689),LAT_ONLY
rock-514,연도 - 대룡단 갯바위,34.409626,,34.409626,127.798697,POINT (1027450.92849516 1601801.4731879),LAT_ONLY
rock-515,연도 - 연도 대바위,34.412827,,34.412827,127.788821,POINT (1026542.29612832 1602153.77064843),LAT_ONLY
rock-516,연도 - 역포 서측 갯바위,34.453585,,34.453585,127.794121,POINT (1027016.27042408 1606674.68535257),LAT_ONLY
rock-517,사천대교 부근 - 조도마을 앞,35.034709,,35.034709,127.998031,POINT (1045427.18736633 1671190.45121936),LAT_ONLY
rock-518,사천대교 부근 - 화곡관광농원 앞,35.023114,,35.023114,128.034888,POINT (1048795.95687113 1669922.04350064),LAT_ONLY
rock-519,사천대교 부근 - 금문들 앞,35.008430,,35.00843,128.042734,POINT (1049520.56933624 1668297.42751483),LAT_ONLY
rock-520,자란만 부근 - 상족암 유람선 뒷편,34.904369,,34.904369,128.149642,POINT (1059350.20920131 1656815.59740296),LAT_ONLY
rock-521,추도 부근 - 오리바위 끝,34.755797,,34.755797,128.308524,POINT (1073998.56042628 1640445.02623915),LAT_ONLY
rock-522,추도 부근 - 돌 무너진 자리,34.759020,,34.75902,128.286184,POINT (1071951.11279289 1640786.22553517),LAT_ONLY
rock-523,추도 부근 - 연등 끝,34.763024,,34.763024,128.294263,POINT (1072686.92206684 1641236.11515767),LAT_ONLY
rock-524,연화도 부근 - 막끝 갯바위,34.645347,,34.645347,128.376553,POINT (1080331.59109985 1628248.83630751),LAT_ONLY
rock-525,연화도 부근 - 아랫마을 갯바위,34.657851,,34.657851,128.341496,POINT (1077107.18678561 1629608.05787045),LAT_ONLY
rock-526,연화도 부근 - 반하도 갯바위,34.654255,,34.654255,128.353219,POINT (1078184.76386868 1629218.36570763),LAT_ONLY
rock-527,갈도 부근 - 미끄럼바위 근처,34.558352,,34.558352,128.181438,POINT (1062515.11090817 1618463.61854986),LAT_ONLY
rock-528,갈도 부근 - 너부렁여 근처,34.558869,,34.558869,128.177311,POINT (1062136.09055001 1618518.4278378),LAT_ONLY
rock-529,제주도 남서부·가파도·마라도 - 냇골챙이 정자 아래 갯바위,33.164972,,33.164972,126.26875,POINT (885192.70737193 1464435.89064504),LAT_ONLY
rock-530,연도 - 연도 산태바위,34.424931,,34.424931,127.809496,POINT (1028438.26817468 1603501.56279308),LAT_ONLY
rock-531,연도 - 덕포 갯바위,34.416894,,34.416894,127.796539,POINT (1027250.26367649 1602606.78642687),LAT_ONLY
rock-547,울릉도 - 북저바위 갯바위,37.501639,,37.501639,130.920222,POINT (1302353.95569686 1950205.76195784),LAT_ONLY
rock-532,진주만 부근 - 상족암 유람선 갯바위,34.904369,,34.904369,128.149642,POINT (1059350.20920131 1656815.59740296),LAT_ONLY
rock-533,추도 부근 - 용두암 중앙,34.755790,,34.75579,128.286576,POINT (1071989.79229662 1640428.37606923),LAT_ONLY
rock-534,연화도 부근 - 진강정 갯바위,34.639039,,34.639039,128.356181,POINT (1078470.52060632 1627533.32146079),LAT_ONLY
rock-535,덕적도·소야도 - 덕적도 목섬 부근,37.242361,,37.242361,126.144694,POINT (879791.029333662 1916804.32127434),LAT_ONLY
rock-536,영흥도·선재도·대부도·구봉도 - 영흥도 양로봉 갯바위(신노루),37.263389,,37.263389,126.429778,POINT (905103.8121378211 1918813.24632295),LAT_ONLY
rock-537,원산도·삽시도 - 원산도해수욕장 서측 갯바위,36.363250,,36.36325,126.420333,POINT (903138.6989159611 1818965.52091254),LAT_ONLY
rock-538,사량도 - 하사량도 은포마을 갯바위,34.808194,,34.808194,128.216722,POINT (1065554.93471466 1646191.93228271),LAT_ONLY
rock-539,욕지도 - 삼여(뽕나무강정) 부근 갯바위,34.621111,,34.621111,128.256111,POINT (1069313.63477607 1625471.87162991),LAT_ONLY
rock-540,거제도 남부 - 여차항 몽돌해수욕장 갯바위,34.713694,,34.713694,128.624806,POINT (1102998.94480035 1636054.38848748),LAT_ONLY
rock-541,노화도·보길도·소안도 - 소안도 비자리 해안갯바위,34.175083,,34.175083,126.662222,POINT (922791.103906962 1576071.21878682),LAT_ONLY
rock-542,남해도 동부·신수도·창선도 - 신수도 남쪽 갯바위,34.886306,,34.886306,128.073778,POINT (1052430.79744099 1654770.03826076),LAT_ONLY
rock-543,남해도 남부 - 가천 갯바위(다랭이마을),34.725972,,34.725972,127.899417,POINT (1036568.62971499 1636912.7020293),LAT_ONLY
rock-544,두미도 - 고래등,34.702611,,34.702611,128.168389,POINT (1061211.92923436 1634452.82816424),LAT_ONLY
rock-545,두미도 - 염소자리,34.696972,,34.696972,128.173028,POINT (1061640.95437337 1633830.34379864),LAT_ONLY
rock-546,한산도·용초도 - 용두단,34.734917,,34.734917,128.482023,POINT (1089900.82189725 1638270.95450644),LAT_ONLY
rock-548,추자도 - 상추자도 다무레미 앞 갯바위,33.967472,,33.967472,126.284833,POINT (887736.046032015 1553399.56114308),LAT_ONLY
rock-549,추자도 - 상추자도 목개 해안,33.961861,,33.961861,126.285694,POINT (887808.235575743 1552776.42048374),LAT_ONLY
rock-550,제주도 서부·차귀도·비양도 - 수월봉 갯바위,33.295806,,33.295806,126.162472,POINT (875467.798102543 1479063.7703374),LAT_ONLY
rock-551,진해항 부근 - 초리도 서측,35.075616,,35.075616,128.687635,POINT (1108276.49599377 1676258.50113041),LAT_ONLY
rock-552,상조도·하조도·관매도 - 각흘도 갯바위(낚시배),34.257194,,34.257194,126.054111,POINT (866873.843132851 1585804.43319138),LAT_ONLY
rock-553,남해도 북부 - 수원늘 등대,34.946667,,34.946667,127.890889,POINT (1035692.48328084 1661383.34925047),LAT_ONLY
rock-554,남해도 남부 - 유구마을 해안 갯바위,34.749222,,34.749222,127.837917,POINT (1030929.30212231 1639470.3041168),LAT_ONLY
rock-555,울릉도 - 관음도 갯바위,37.543139,,37.543139,130.919528,POINT (1302124.90904984 1954809.79790963),LAT_ONLY
rock-556,추자도 - 추자대교 아래,33.953194,,33.953194,126.303944,POINT (889483.270255549 1551795.5871575),LAT_ONLY
rock-557,연화도 부근 - 진등끝 갯바위,34.640560,,34.64056,128.381211,POINT (1080763.15375107 1627721.74481871),LAT_ONLY
rock-558,연화도 부근 - 연화항 서측 끝,34.649815,,34.649815,128.344889,POINT (1077425.52510948 1628719.59393224),LAT_ONLY
rock-559,갈도 부근 - 매여,34.556910,,34.55691,128.182763,POINT (1062637.79502228 1618304.57272156),LAT_ONLY
rock-560,욕지도 - 모개도 부근 갯바위,34.646167,,34.646167,128.264944,POINT (1070102.32799053 1628256.46601212),LAT_ONLY
rock-561,욕지도 - 노적마을 쇠고락 갯바위,34.622083,,34.622083,128.287889,POINT (1072225.96674054 1625601.98629424),LAT_ONLY
rock-605,십이동파도·비안도 - 십이동파도 사자섬,35.997056,,35.997056,126.24,POINT (886432.119060741 1778540.86247477),LAT_ONLY
rock-562,비진도·매물도 - 비진도 비둘기강정 부근 갯바위,34.723556,,34.723556,128.467028,POINT (1088540.12308145 1636997.73776669),LAT_ONLY
rock-563,비진도·매물도 - 대매물도 수리바위,34.633611,,34.633611,128.570583,POINT (1098127.99147503 1627119.19743044),LAT_ONLY
rock-564,거제도 남부 - 대포 계단바위,34.706944,,34.706944,128.575611,POINT (1098501.99384232 1635256.55930703),LAT_ONLY
rock-565,거제도 남부 - 망치마을 곶부리,34.805778,,34.805778,128.668806,POINT (1106909.45081742 1646312.35986617),LAT_ONLY
rock-566,시도 - 수기해변 동측 갯바위,37.546056,,37.546056,126.438,POINT (906186.029812913 1950165.73749813),LAT_ONLY
rock-567,영종도·용유도 - 선녀바위,37.435583,,37.435583,126.38125,POINT (901027.0612844741 1937967.2114742),LAT_ONLY
rock-568,대삼부도 - 북쪽 끝바리,34.062799,,34.062799,127.386504,POINT (989526.597862483 1563309.85089787),LAT_ONLY
rock-569,연도 - 검등서 갯바위,34.460088,,34.460088,127.793695,POINT (1026975.03985906 1607395.67430679),LAT_ONLY
rock-570,연도 - 배미말 갯바위,34.451179,,34.451179,127.816877,POINT (1029107.32949478 1606414.15361633),LAT_ONLY
rock-571,입파도·국화도 - 국화도 서쪽 곶부리,37.058222,,37.058222,126.551278,POINT (915649.770352114 1895937.02820212),LAT_ONLY
rock-572,나로도 - 내나로도 등대 밑 갯바위,34.474611,,34.474611,127.506833,POINT (1000627.50923379 1608966.9557601),LAT_ONLY
rock-573,독거군도 부근 - 죽항 송도,34.268297,,34.268297,126.092264,POINT (870403.953260345 1586986.36021844),LAT_ONLY
rock-574,광양만 부근 - 배알도해수욕장 부근,34.959607,,34.959607,127.757774,POINT (1023533.87567813 1662778.98826709),LAT_ONLY
rock-575,사천대교 부근 - 법도 맞은편,35.019564,,35.019564,128.037846,POINT (1049067.93728934 1669529.83445919),LAT_ONLY
rock-576,장봉도 - 진촌 서갯바위,37.545611,,37.545611,126.321167,POINT (895864.340195415 1950239.43565514),LAT_ONLY
rock-577,욕지도 - 목가동섬,34.652444,,34.652444,128.242556,POINT (1068045.36421551 1628937.28103281),LAT_ONLY
rock-578,비진도·매물도 - 비진도 동북쪽 곶부리,34.731417,,34.731417,128.469556,POINT (1088763.16911716 1637871.73828558),LAT_ONLY
rock-579,개야도 - 작은여 등대 갯바위,36.026250,,36.02625,126.558417,POINT (915164.281016465 1781454.96385008),LAT_ONLY
rock-580,안마도·석만도 - 노랑여(옛멸터) 부근,35.346806,,35.346806,126.0415,POINT (867468.66425566 1706664.56341295),LAT_ONLY
rock-581,안면도 남 부 - 망재 곶부리,36.439167,,36.439167,126.33625,POINT (895696.46394621 1827474.44919768),LAT_ONLY
rock-582,가의도 - 동남측 두번째 곶부리,36.670278,,36.670278,126.074583,POINT (872622.6985160761 1853427.57648856),LAT_ONLY
rock-583,개야도 - 죽도 서측 갯바위,36.035806,,36.035806,126.522667,POINT (911953.782030491 1782546.59677308),LAT_ONLY
rock-584,개야도 - 안청강여 등대 갯바위,36.052517,,36.052517,126.542111,POINT (913723.7805955181 1784382.7916941),LAT_ONLY
rock-602,입파도·국화도 - 국화도 매박섬(토끼섬),37.071417,,37.071417,126.554417,POINT (915943.41625019 1897398.02202436),LAT_ONLY
rock-585,안마도·석만도 - 쎄지기 앞 갯바위,35.372500,,35.3725,126.057528,POINT (868966.715666163 1709493.11297777),LAT_ONLY
rock-586,안마도·석만도 - 철탑 밑 갯바위,35.359833,,35.359833,126.030056,POINT (866450.110758804 1708124.91585014),LAT_ONLY
rock-587,흑산도·삼태도 - 하태도 기둥바위 부근,34.392528,,34.392528,125.289861,POINT (796823.6738230251 1602079.21211257),LAT_ONLY
rock-588,노화도·보길도·소안도 - 보길도 글쓴바위 부근,34.156944,,34.156944,126.624444,POINT (919292.172549246 1574089.11644254),LAT_ONLY
rock-589,노화도·보길도·소안도 - 보길도 보옥리 몽돌해안,34.126222,,34.126222,126.519556,POINT (909590.5757014721 1570770.36752831),LAT_ONLY
rock-590,신지도 - 내동리 양식장 부근 갯바위,34.306306,,34.306306,126.854722,POINT (940624.27215592 1590492.80990911),LAT_ONLY
rock-606,말도·방축도 - 말도 북동쪽 곶부리,35.858861,,35.858861,126.32575,POINT (893977.033548392 1763115.73348509),LAT_ONLY
rock-591,청산도·대모도 - 청산도 황산말 철탑 부근,34.200361,,34.200361,126.860028,POINT (941038.619502367 1578742.05679526),LAT_ONLY
rock-592,청산도·대모도 - 청산도 코바위,34.153639,,34.153639,126.914139,POINT (945994.246137014 1573531.36168012),LAT_ONLY
rock-593,여서도·거문도 - 여서도 등대 부근 갯바위,33.988611,,33.988611,126.915306,POINT (945997.1802857161 1555232.22206089),LAT_ONLY
rock-594,여서도·거문도 - 거문도 선바위 부근,34.007056,,34.007056,127.321111,POINT (983481.35371319 1557137.68741788),LAT_ONLY
rock-595,금오도·안도 - 금오도 송고마을 갯바위,34.549389,,34.549389,127.725111,POINT (1020653.75354847 1617281.85032854),LAT_ONLY
rock-596,제주도 서부·차귀도·비양도 - 6.수월약수터 앞 갯바위,33.300889,,33.300889,126.166722,POINT (875870.730110392 1479622.33272728),LAT_ONLY
rock-597,거금도 - 선촌항 부근 갯바위,34.475417,,34.475417,127.108389,POINT (964038.1788121241 1609125.82765826),LAT_ONLY
rock-598,독거군도 부근 - 구도 북단,34.263801,,34.263801,126.172867,POINT (877818.259627901 1586388.11905504),LAT_ONLY
rock-599,해남반도 부근 - 송평 해수욕장 죽도,34.427054,,34.427054,126.462881,POINT (904704.399298545 1604181.10493223),LAT_ONLY
rock-600,낭도 부근 - 상화도 북측,34.604053,,34.604053,127.606909,POINT (1009802.37562856 1623325.59809334),LAT_ONLY
rock-601,가거도 - 빈지박 갯바위,34.087306,,34.087306,125.123111,POINT (780700.70501445 1568571.5499738),LAT_ONLY
rock-603,호도·녹도·외연도 - 녹도 북서쪽 갯바위,36.276361,,36.276361,126.262306,POINT (888837.4317789121 1809497.09880568),LAT_ONLY
rock-604,어청도·연도 - 연도 해녀막(멸치막),36.075889,,36.075889,126.444556,POINT (904964.864503038 1787066.14573494),LAT_ONLY
rock-608,비금도·도초도 - 비금도 성목골 부근 갯바위,34.736694,,34.736694,125.889556,POINT (852568.224969093 1639209.90011206),LAT_ONLY
rock-609,비금도·도초도 - 비금도 통섭바위 부근,34.806583,,34.806583,125.993639,POINT (862213.815025441 1646813.23928314),LAT_ONLY
rock-610,사량도 - 상사량도 돈지마을 남쪽 곶부리,34.831472,,34.831472,128.179917,POINT (1062170.97359687 1648749.91408916),LAT_ONLY
rock-611,사량도 - 하사량도 모자섬 부근,34.819833,,34.819833,128.200361,POINT (1064049.43381548 1647472.07076051),LAT_ONLY
rock-612,개도·하의도·신의도 - 버러기미,34.555194,,34.555194,126.102667,POINT (871800.3014751091 1618789.39819212),LAT_ONLY
rock-613,가사도 - 가사도 북측 갯바위,34.498139,,34.498139,126.054667,POINT (867305.676663393 1612523.90288363),LAT_ONLY
rock-614,상조도·하조도·관매도 - 옥도 북측 갯바위,34.360389,,34.360389,126.014972,POINT (863437.16900841 1597300.31756101),LAT_ONLY
rock-615,가거도 - 멍신여,34.094833,,34.094833,125.103694,POINT (778928.453844123 1569448.35525689),LAT_ONLY
rock-616,금당도 - 비견도엿도,34.406222,,34.406222,127.0845,POINT (961812.967997729 1601461.80490464),LAT_ONLY
rock-617,금일도·생일도 - 신구리 철탑 앞,34.339111,,34.339111,127.017944,POINT (955660.6967903681 1594047.18243857),LAT_ONLY
rock-618,초도 - 솔거섬,34.212694,,34.212694,127.261306,POINT (978012.157291458 1579950.25660511),LAT_ONLY
rock-619,돌산도 - 향일암 갯바위,34.596750,,34.59675,127.807583,POINT (1028204.53218699 1622553.62406649),LAT_ONLY
rock-620,두미도 - 번자리,34.706806,,34.706806,128.168528,POINT (1061221.55996606 1634918.04982526),LAT_ONLY
rock-621,한산도·용초도 - 용초도 철탑 동측 갯바위,34.735000,,34.735,128.51425,POINT (1092851.0973024 1638309.48398553),LAT_ONLY
rock-622,제주도 서부·차귀도·비양도 - 무릉리 해안도로 갯바위,33.257028,,33.257028,126.186167,POINT (877619.955652763 1474736.18940698),LAT_ONLY
rock-623,흑산도·삼태도 - 대흑산도 예리 갯바위,34.690639,,34.690639,125.448444,POINT (812076.0493412791 1634837.2890606),LAT_ONLY
rock-624,거제도 남부 - 근포마을 곶부리,34.722972,,34.722972,128.584722,POINT (1099317.23651086 1637042.966369),LAT_ONLY
rock-625,제주도 동부 - 여마진개 갯바위,,,33.398167,126.907389,POINT (944890.340615404 1489771.01458711),BOTH_MISSING
rock-626,홍도 - 홍어굴 하단,34.685036,,34.685036,125.206125,POINT (789861.265174121 1634695.19657592),LAT_ONLY
rock-627,목포 부근 - 지중해 카페 북측,34.843558,,34.843558,126.400221,POINT (899450.51827044 1650430.80897013),LAT_ONLY
rock-628,추자군도 - 최영장군 사당 앞,33.965902,,33.965902,126.294433,POINT (888620.9506759541 1553214.96774098),LAT_ONLY
rock-629,해남반도 부근 - 소죽리 죽도,34.343298,,34.343298,126.513783,POINT (909291.396111699 1594846.67334121),LAT_ONLY
rock-630,고흥호 부근 - 우도 상단,34.726973,,34.726973,127.307883,POINT (982410.9441685531 1636967.81310306),LAT_ONLY
rock-631,거금수도 부근 - 지죽도 남서측,34.433453,,34.433453,127.302866,POINT (981888.0868191 1604420.66050731),LAT_ONLY
rock-632,여수엑스포 부근 - 장도 인근 다리,34.746795,,34.746795,127.665228,POINT (1015123.64242077 1639161.61866222),LAT_ONLY
rock-633,제주도 서부·차귀도·비양도 - 영락리 큰산물 낚시터,33.250806,,33.250806,126.195306,POINT (878462.6630061631 1474035.62335218),LAT_ONLY
rock-634,간수제도 - 소평도 계단,34.258320,,34.25832,127.452001,POINT (995580.822046604 1584984.58122717),LAT_ONLY
rock-635,미륵도 - 진송말 부근 갯바위,34.826250,,34.82625,128.441083,POINT (1086057.8950129 1648363.74579093),LAT_ONLY
rock-636,연도 - 모경말 갯바위,34.459479,,34.459479,127.807654,POINT (1028257.33440694 1607331.87133743),LAT_ONLY
rock-637,갈도 부근 - 매여 앞 갯바위,34.558807,,34.558807,128.183322,POINT (1062687.61964059 1618515.27278553),LAT_ONLY
rock-638,홍도 - 모도 좌측부근,34.720133,,34.720133,125.196614,POINT (789078.976501503 1638608.08319727),LAT_ONLY
rock-639,거금수도 부근 - 남성리 해수욕장,34.519523,,34.519523,127.409725,POINT (991714.39318605 1613950.72391294),LAT_ONLY
rock-640,제주도 남서부·가파도·마라도 - 옹짓물 정자 아래 갯바위,33.170500,,33.1705,126.278944,POINT (886150.484494509 1465037.64282456),LAT_ONLY
rock-641,거차수도 부근 - 죽도 등대 부근,34.225507,,34.225507,125.849229,POINT (847951.142523785 1582577.3296878),LAT_ONLY
rock-642,추자군도 - 청석 갯바위,33.964286,,33.964286,126.283701,POINT (887627.2036430041 1553047.47319833),LAT_ONLY
rock-643,낭도 부근 - 하과도 서측,34.624556,,34.624556,127.533517,POINT (1003072.35834734 1625594.51208737),LAT_ONLY
rock-644,임자도·사옥도 - 딴섬 부근,35.047972,,35.047972,126.095389,POINT (871897.357031246 1673449.82925182),LAT_ONLY
rock-645,장산도 - 소류지,34.614500,,34.6145,126.127139,POINT (874135.1530307981 1625335.59269908),LAT_ONLY
rock-646,추자도 - 상추자도 청석 갯바위,33.963944,,33.963944,126.285306,POINT (887775.048122821 1553007.85971775),LAT_ONLY
rock-647,영흥도·선재도·대부도·구봉도 - 영흥도 용담리해수욕장 부근,37.241833,,37.241833,126.481139,POINT (909632.368797367 1916371.53637043),LAT_ONLY
rock-648,안마도·석만도 - 논골 끝 갯바위,35.364139,,35.364139,126.020861,POINT (865621.831332818 1708614.91265772),LAT_ONLY
rock-649,거금수도 부근 - 두리도 남측,34.511186,,34.511186,127.413843,POINT (992091.544995319 1613026.02458553),LAT_ONLY
rock-650,연도 - 만작굴,34.417192,,34.417192,127.808036,POINT (1028306.66758849 1602642.98656832),LAT_ONLY
rock-651,연화도 부근 - 촛대바위 인근,34.645744,,34.645744,128.343119,POINT (1077267.09529667 1628266.8033868),LAT_ONLY
rock-652,대청도·소청도 - 소청도 예동 갯바위,37.769028,,37.769028,124.748889,POINT (757680.724613183 1977938.36947163),LAT_ONLY
rock-653,이작도·승봉도 - 승봉도 참나무골,37.165361,,37.165361,126.318306,POINT (895083.578260521 1908055.31354717),LAT_ONLY
rock-654,이작도·승봉도 - 승봉도 철탑앞 갯바위,37.164944,,37.164944,126.294806,POINT (892996.4664332529 1908035.34648737),LAT_ONLY
rock-655,비금도·도초도 - 비금도 용머리바위,34.766417,,34.766417,125.891611,POINT (852809.178931097 1642503.29311507),LAT_ONLY
rock-656,노화도·보길도·소안도 - 보길도 치마끝 갯바위,34.146083,,34.146083,126.604083,POINT (917404.6778326461 1572901.06579122),LAT_ONLY
rock-657,제주도 서부·차귀도·비양도 - 풍력발전소 앞 갯바위,33.336806,,33.336806,126.163,POINT (875575.219908946 1483609.13051458),LAT_ONLY
rock-658,홍도 - 슬픈여 부근,34.705231,,34.705231,125.214521,POINT (790681.45411568 1636917.76086749),LAT_ONLY
rock-659,독거군도 부근 - 죽항 남쪽 갯바위,34.261189,,34.261189,126.110014,POINT (872027.3406004229 1586175.73549816),LAT_ONLY
rock-660,제주도 남부 - 서건도 갯바위,33.230250,,33.23025,126.497694,POINT (906610.824062897 1471445.60035366),LAT_ONLY
rock-661,제주도 남부 - 하예마을 서측 갯바위,33.230500,,33.2305,126.3705,POINT (894759.2842827 1471594.16005382),LAT_ONLY
rock-662,홍도 - 병풍바위 좌측,34.669583,,34.669583,125.180981,POINT (787517.901208571 1633033.90953534),LAT_ONLY
rock-663,홍도 - 거북바위 인근,34.693460,,34.69346,125.192388,POINT (788624.053814477 1635658.37209484),LAT_ONLY
rock-664,홍도 - 홍어굴 부근,34.691376,,34.691376,125.209352,POINT (790172.996591676 1635391.67451121),LAT_ONLY
rock-665,만재도 - 만재도 남측 해안,34.203404,,34.203404,125.469061,POINT (812880.8280853331 1580759.11716464),LAT_ONLY
rock-666,독거군도 부근 - 하조도 매동여,34.277575,,34.277575,126.093721,POINT (870552.3096390481 1588013.42810409),LAT_ONLY
rock-667,독거군도 부근 - 독거 북단,34.262708,,34.262708,126.182404,POINT (878694.79335306 1586255.49364827),LAT_ONLY
rock-668,추자군도 - 목리 인근 갯바위,33.954445,,33.954445,126.312842,POINT (890307.0397811551 1551924.73665644),LAT_ONLY
rock-669,추자군도 - 추포도 북측 갯바위,33.987989,,33.987989,126.323772,POINT (891359.6945016781 1555632.59782553),LAT_ONLY
rock-670,해남반도 부근 - 소죽리 중도,34.339139,,34.339139,126.516746,POINT (909559.402374467 1594382.8511454),LAT_ONLY
rock-671,완도 부근 - 만수리 남측 갯바위,34.417699,,34.417699,126.67358,POINT (924056.551276781 1602965.74224743),LAT_ONLY
rock-672,완도 부근 - 내도 갯바위,34.445819,,34.445819,126.733964,POINT (929629.173072487 1606040.39501644),LAT_ONLY
rock-673,완도 부근 - 고마도 동측 갯바위,34.406148,,34.406148,126.724872,POINT (928760.338561848 1601647.64232465),LAT_ONLY
rock-674,강진만 부근 - 만덕호 좌측,34.565746,,34.565746,126.757468,POINT (931886.0540424291 1619323.01850614),LAT_ONLY
rock-675,강진만 부근 - 외호도 갯바위,34.461925,,34.461925,126.790237,POINT (934811.23012923 1607788.73067211),LAT_ONLY
rock-676,낭도 부근 - 신기촌들 갯바위,34.635083,,34.635083,127.475611,POINT (997764.637474174 1626761.66045609),LAT_ONLY
rock-677,낭도 부근 - 상화도 해변가,34.600100,,34.6001,127.596449,POINT (1008843.75429077 1622886.3428206),LAT_ONLY
rock-678,여수엑스포 부근 - 내치도 하단,34.694104,,34.694104,127.787945,POINT (1026372.93295575 1633343.93592776),LAT_ONLY
rock-679,여수엑스포 부근 - 신덕해수욕장 부근,34.813905,,34.813905,127.769949,POINT (1024688.98314416 1646624.30737213),LAT_ONLY
rock-680,광양만 부근 - 마도 갯바위,34.940625,,34.940625,127.775944,POINT (1025198.59233955 1660678.36839566),LAT_ONLY
rock-681,황제도 - 장도 남동측,34.202487,,34.202487,127.165992,POINT (969228.4471704421 1578843.09649283),LAT_ONLY
rock-682,손죽열도 부근 - 반초섬 남측,34.294750,,34.29475,127.364798,POINT (987557.682920802 1589031.34127651),LAT_ONLY
rock-683,손죽열도 부근 - 잔거리 동측,34.295919,,34.295919,127.381944,POINT (989135.6948171421 1589158.95590055),LAT_ONLY
rock-684,손죽열도 부근 - 소거문 서코지 좌측,34.280114,,34.280114,127.38793,POINT (989684.6707903311 1587405.8218565),LAT_ONLY
rock-685,간수제도 - 광도 북측,34.269791,,34.269791,127.532658,POINT (1003006.2815078 1586255.97036548),LAT_ONLY
rock-686,대삼부도 - 덜섬 끝바리,34.053289,,34.053289,127.385646,POINT (989446.21537854 1562255.44735822),LAT_ONLY
rock-687,임자도·사옥도 - 광산리 서측끝단,35.076611,,35.076611,126.123306,POINT (874487.42346048 1676590.62368553),LAT_ONLY
rock-688,고이도·매화도·선도·증도 - 침해섬 포인트,34.923000,,34.923,126.209861,POINT (882159.05276307 1659448.68309169),LAT_ONLY
rock-689,압해도 - 복용리 해안,34.899250,,34.89925,126.343639,POINT (894348.4644098659 1656665.37413484),LAT_ONLY
rock-690,손죽열도 부근 - 손죽 서측 낮은 자리,34.287684,,34.287684,127.348441,POINT (986051.1896602421 1588249.94930539),LAT_ONLY
rock-691,임자도·사옥도 - 삼봉끝 등대,35.145167,,35.145167,126.163667,POINT (878269.37379784 1684143.94217145),LAT_ONLY
rock-692,자은도 - 진서말,34.871472,,34.871472,125.968917,POINT (860062.187639274 1654044.10475598),LAT_ONLY
rock-693,상조도·하조도·관매도 - 관매도 서측 곶부리,34.230639,,34.230639,126.025472,POINT (864194.127185831 1582897.36822106),LAT_ONLY
rock-694,초도 - 딴작부치,34.238889,,34.238889,127.262222,POINT (978103.371748491 1582854.56410097),LAT_ONLY
rock-695,십이동파도·비안도 - 비안도 남쪽 갯바위,35.748056,,35.748056,126.448306,POINT (904910.99953474 1750699.58668457),LAT_ONLY
rock-696,왕등도·위도 - 위도 대멀 부근,35.610528,,35.610528,126.315111,POINT (892683.6771669331 1735582.85418793),LAT_ONLY
rock-697,가의도 - 남측 끝단 갯바위,36.667972,,36.667972,126.050861,POINT (870498.854526463 1853203.57022648),LAT_ONLY
rock-698,고이도·매화도·선도·증도 - 고이도 서측 철탑밑,34.796778,,34.963444,126.288,POINT (889350.974539891 1663844.88918864),LAT_ONLY
rock-699,고이도·매화도·선도·증도 - 해저유물 포인트,35.000000,,35,126.097611,POINT (872025.2844495841 1668126.47119753),LAT_ONLY
rock-700,금일도·생일도 - 생일도 헬기장 앞,34.324528,,34.324528,127.015944,POINT (955469.0307359151 1592430.97787393),LAT_ONLY
rock-701,십이동파도·비안도 - 비안도 남서쪽 직벽 홈통,35.730361,,35.730361,126.449694,POINT (905015.5561113991 1748735.64735424),LAT_ONLY
rock-702,독거군도 부근 - 죽항 북쪽 철탑 밑,34.270771,,34.270771,126.096428,POINT (870791.122868216 1587255.43549032),LAT_ONLY
rock-703,노화도·보길도·소안도 - 소안도 담축끝 갯바위,34.120500,,34.1205,126.669694,POINT (923430.5159837661 1570013.11316458),LAT_ONLY
rock-704,흑산도·삼태도 - 대흑산도 섯개해수욕장 갯바위,34.660667,,34.660667,125.424139,POINT (809780.749314762 1631558.55344871),LAT_ONLY
rock-705,가의도 - 북측 해변 옆 갯바위,36.690194,,36.690194,126.086444,POINT (873715.254746232 1855621.385086),LAT_ONLY
rock-706,만재도 - 치안센터 하단 부근,34.204980,,34.20498,125.474366,POINT (813373.15044028 1580924.12644401),LAT_ONLY
rock-707,완도 부근 - 사후도 북측 갯바위,34.401505,,34.401505,126.732726,POINT (929478.23185866 1601127.28825033),LAT_ONLY
rock-708,임자도·사옥도 - 대중끝,35.052194,,35.052194,126.085167,POINT (870971.65439099 1673931.28635642),LAT_ONLY
rock-709,우이도 - 달밭밑,34.628306,,34.628306,125.856472,POINT (849342.9709888779 1627237.87998032),LAT_ONLY
rock-710,가사도 - 작은모래땅 갯바위,34.484028,,34.484028,126.032639,POINT (865260.471696234 1610988.10268023),LAT_ONLY
rock-711,왕등도·위도 - 위도 논금해수욕장 갯바위,35.580833,,35.580833,126.251444,POINT (886875.26275818 1732360.58860164),LAT_ONLY
rock-712,손죽열도 부근 - 손죽 해안,34.291740,,34.29174,127.354452,POINT (986605.0492665181 1588698.86544496),LAT_ONLY
rock-713,욕지도 - 통곶지비 부근 갯바위,34.639333,,34.639333,128.298861,POINT (1073216.65626786 1627522.80964737),LAT_ONLY
rock-714,연화도 부근 - 네바위 사이 골창,34.634801,,34.634801,128.376809,POINT (1080365.23563371 1627079.56736873),LAT_ONLY
rock-715,신지도 - 방죽포 철탑 부근 갯바위,34.344250,,34.34425,126.89625,POINT (944470.539865925 1594676.84708405),LAT_ONLY
rock-716,금일도·생일도 - 용황리 해안,34.353611,,34.353611,127.082611,POINT (961615.366918097 1595628.68393495),LAT_ONLY
rock-717,상조도·하조도·관매도 - 명지마을 해안도로,34.312222,,34.312222,126.026944,POINT (864460.740952787 1591942.70692413),LAT_ONLY
rock-718,한산도·용초도 - 호두마을 뒤등,34.732306,,34.732306,128.5045,POINT (1091961.47092753 1638001.7169138),LAT_ONLY
rock-719,문갑도·선갑도 - 문갑도 진뿌리,37.165722,,37.165722,126.109167,POINT (876514.904729391 1908347.25927548),LAT_ONLY
rock-720,안마도·석만도 - 우물밑 우측 갯바위,35.375500,,35.3755,126.053833,POINT (868635.948972058 1709830.75621103),LAT_ONLY
rock-721,갈도 부근 - 욕지끝바리,34.572401,,34.572401,128.188608,POINT (1063162.27443606 1620026.03940565),LAT_ONLY
rock-722,안마도·석만도 - 문 끝 갯바위,35.331750,,35.33175,126.014,POINT (864944.545792541 1705031.83605459),LAT_ONLY
rock-723,여서도·거문도 - 거문도 칼바위,34.055139,,34.055139,127.325806,POINT (983923.916783807 1562468.36094189),LAT_ONLY
rock-724,제주도 북동부·우도 - 우두곶 갯바위,33.489389,,33.489389,126.964,POINT (950207.07923854 1499856.2737358),LAT_ONLY
rock-725,홍도 - 방구서 좌측 부근,34.673615,,34.673615,125.192621,POINT (788594.910450738 1633456.628647),LAT_ONLY
rock-726,홍도 - 탑섬 인근,34.706921,,34.706921,125.201067,POINT (789453.3124193951 1637133.30706968),LAT_ONLY
rock-727,홍도 - 노적봉 하단,34.680565,,34.680565,125.202421,POINT (789510.52284737 1634206.99514045),LAT_ONLY
rock-728,목포 부근 - 가란도,34.866785,,34.866785,126.357548,POINT (895578.2818704711 1653050.36026643),LAT_ONLY
rock-729,목포 부근 - 장감길 끝,34.818243,,34.818243,126.333841,POINT (893348.744697882 1647691.98312722),LAT_ONLY
rock-730,추자군도 - 새말 갯바위,33.961519,,33.961519,126.285812,POINT (887818.6990685851 1552738.40459593),LAT_ONLY
rock-731,거금수도 부근 - 남촌휴양지 남측,34.516491,,34.516491,127.238539,POINT (976001.747322504 1613641.84835926),LAT_ONLY
rock-732,황제도 - 철탑,34.190741,,34.190741,127.069809,POINT (960361.661924992 1577573.93674265),LAT_ONLY
rock-733,자월도 - 입암두 부근 갯바위,37.262833,,37.262833,126.316444,POINT (895053.445807492 1918871.30150559),LAT_ONLY
rock-734,호도·녹도·외연도 - 외연도 작은 명금 부근,36.231194,,36.231194,126.082417,POINT (872606.592634641 1804708.34053624),LAT_ONLY
rock-735,사량도 - 하사량도 동포 해안도로 제방,34.835056,,34.835056,128.241778,POINT (1067824.66455846 1649187.37984832),LAT_ONLY
rock-736,거제도 남부 - 함목해수욕장 갯바위,34.734528,,34.734528,128.651389,POINT (1105406.85354396 1638392.32751389),LAT_ONLY
rock-737,안면도 북부 - 연륙교,36.598917,,36.598917,126.323361,POINT (894757.8215084791 1845209.71697691),LAT_ONLY
rock-738,청산도·대모도 - 청산도 촛대바위 부근,34.208944,,34.208944,126.872639,POINT (942206.370727872 1579686.5891861),LAT_ONLY
rock-739,고흥호 부근 - 득량만방조제,34.741254,,34.741254,127.212661,POINT (973697.5412912191 1638572.28201739),LAT_ONLY
rock-740,여수엑스포 부근 - 노도 인근,34.709923,,34.709923,127.742518,POINT (1022207.96052734 1635087.08484742),LAT_ONLY
rock-741,금당도 - 신흥리제방수문,34.429722,,34.429722,127.051444,POINT (958786.462295319 1604080.58966808),LAT_ONLY
rock-742,백아도·굴업도 - 굴업도 마을 서쪽 갯바위,37.186944,,37.186944,125.975194,POINT (864657.3192033011 1910884.69300773),LAT_ONLY
rock-743,안면도 남 부 - 추도 갯바위,36.405167,,36.405167,126.436361,POINT (904627.877120542 1823599.28261303),LAT_ONLY
rock-744,비진도·매물도 - 매물도 대항 선창,34.640417,,34.640417,128.569,POINT (1097974.85836697 1627872.36973101),LAT_ONLY
rock-745,사천대교 부근 - 덕진포교,35.044632,,35.044632,128.004009,POINT (1045966.83536564 1672293.66961014),LAT_ONLY
rock-746,안마도·석만도 - 근여 부근 갯바위,35.356694,,35.3567,125.996,POINT (863350.51903645 1707823.86496971),LAT_ONLY
rock-747,영흥도·선재도·대부도·구봉도 - 영흥도 비석바위,37.274389,,37.274389,126.435306,POINT (905607.709408006 1920028.09437502),LAT_ONLY
rock-748,석모도 - 섬돌모루,37.708500,,37.7085,126.325556,POINT (896478.260828238 1968307.27264666),LAT_ONLY
rock-749,순천만 부근 - 달천도 부근,34.770555,,34.770555,127.559158,POINT (1005413.27276802 1641785.51048217),LAT_ONLY
rock-750,남해도 남부 - 가천 갯바위(레이다기지),34.724306,,34.724306,127.877667,POINT (1034577.99009182 1636720.19007829),LAT_ONLY
rock-751,개야도 - 치도 남측 갯바위,36.034306,,36.034306,126.522556,POINT (911942.102997269 1782380.31680679),LAT_ONLY
rock-752,화원 부근 - 우도,34.653472,,34.653472,126.252509,POINT (885683.3044045691 1629508.20071149),LAT_ONLY
rock-753,무의도 - 실미도해변 갯바위,37.400833,,37.400833,126.394083,POINT (902117.204602431 1934098.41816161),LAT_ONLY
rock-754,홍도 - 탑서 우측,34.724267,,34.724267,125.200734,POINT (789466.8240135751 1639058.08006232),LAT_ONLY
rock-755,추도 부근 - 높은여,34.761016,,34.761016,128.297065,POINT (1072945.19300443 1641015.40023504),LAT_ONLY
rock-756,거금도 - 배천마을 곶부리,34.470750,,34.47075,127.09325,POINT (962645.879222486 1608613.8345197),LAT_ONLY
rock-775,석모도 - 하리낚시터 북측,37.740833,,37.740833,126.288333,POINT (893243.595316079 1971936.55266978),LAT_ONLY
rock-757,제주도 남서부·가파도·마라도 - 발전소 앞 갯바위,33.236139,,33.236139,126.3445,POINT (892343.524929313 1472245.83983662),LAT_ONLY
rock-758,이작도·승봉도 - 승봉도 남대문바위,37.171694,,37.171694,126.312111,POINT (894542.382189517 1908764.82332117),LAT_ONLY
rock-759,금오도·안도 - 금오도 야외음악당 부근,34.531806,,34.531806,127.708861,POINT (1019166.85722333 1615328.86648406),LAT_ONLY
rock-760,무의도 - 때무리 동측 갯바위,37.374583,,37.374583,126.442861,POINT (906401.9456819411 1931136.59243063),LAT_ONLY
rock-761,노화도·보길도·소안도 - 보길도 선창리 갯바위,34.148500,,34.1485,126.504222,POINT (908200.6842700631 1573254.36013358),LAT_ONLY
rock-762,제주도 북동부·우도 - 독진곶 갯바위,33.517222,,33.517222,126.962083,POINT (950045.013517816 1502943.10382747),LAT_ONLY
rock-763,청산도·대모도 - 대모도 마도말 갯바위,34.187806,,34.187806,126.750472,POINT (930934.70089495 1577418.6329829),LAT_ONLY
rock-764,십이동파도·비안도 - 십이동파도 병풍도 북쪽 곶부리,35.998028,,35.998028,126.219611,POINT (884595.7234934 1778672.65440029),LAT_ONLY
rock-765,추자군도 - 다무래미 갯바위,33.968778,,33.968778,126.284473,POINT (887704.483113144 1553544.72510291),LAT_ONLY
rock-766,완도 부근 - 사후도 남측 갯바위,34.390521,,34.390521,126.742917,POINT (930405.826261557 1599902.22735889),LAT_ONLY
rock-767,여서도·거문도 - 거문도 대매지끝(용무늬 절벽),34.015000,,34.015,127.294972,POINT (981069.4405772921 1558023.07766742),LAT_ONLY
rock-768,제주도 남부 - 세별곶,33.232028,,33.232028,126.461833,POINT (903271.3020060441 1471675.31533008),LAT_ONLY
rock-769,독거군도 부근 - 슬도 북쪽 넓은자리,34.265705,,34.265705,126.143866,POINT (875150.94977664 1586634.45697703),LAT_ONLY
rock-770,고이도·매화도·선도·증도 - 고이도 남측 철탑 밑,34.938222,,34.938222,126.300472,POINT (890456.122980357 1661033.91625739),LAT_ONLY
rock-771,홍도 - 상연서 상단,34.674293,,34.674293,125.174797,POINT (786963.3087316781 1633569.42656886),LAT_ONLY
rock-772,상조도·하조도·관매도 - 신의도 갯바위,34.233083,,34.233083,126.072972,POINT (868573.076419085 1583106.11279323),LAT_ONLY
rock-773,대청도·소청도 - 대청도 검은낭 갯바위,37.839000,,37.839,124.727861,POINT (756058.7072491461 1985758.68283847),LAT_ONLY
rock-774,고이도·매화도·선도·증도 - 둔벙여 갯바위,34.920972,,34.920972,126.212667,POINT (882412.437467481 1659220.49264263),LAT_ONLY
rock-776,장봉도 - 채석장 북갯바위(가막머리),37.560167,,37.560167,126.308694,POINT (894782.990960306 1951868.2626896),LAT_ONLY
rock-777,덕적도·소야도 - 소야도 떼뿌루해수욕장 갯바위,37.209444,,37.209444,126.169528,POINT (881942.426845634 1913121.11247083),LAT_ONLY
rock-778,영흥도·선재도·대부도·구봉도 - 영흥도 농어바위,37.284333,,37.284333,126.455667,POINT (907425.093265677 1921111.24083162),LAT_ONLY
rock-779,입파도·국화도 - 국화도 해수욕장 서측 갯바위,37.064000,,37.064,126.556861,POINT (916152.549447087 1896573.06733755),LAT_ONLY
rock-780,원산도·삽시도 - 원산도해수욕장 동측 소록도,36.360583,,36.360583,126.434389,POINT (904396.4658090379 1818655.71618648),LAT_ONLY
rock-781,어청도·연도 - 연도 채석장,36.079028,,36.079028,126.433028,POINT (903930.651135523 1787425.64034558),LAT_ONLY
rock-782,선유도·무녀도·장자도·신시도 - 선유도 북도 동쪽 갯바위,35.819750,,35.81975,126.4235,POINT (902755.490260527 1758676.04759817),LAT_ONLY
rock-783,미륵도 - 이운항 동쪽 해안 갯바위,34.802972,,34.802972,128.4415,POINT (1086120.22191958 1645782.64256706),LAT_ONLY
rock-784,거금도 - 금장 끝바리,34.428972,,34.428972,127.162611,POINT (969000.293580075 1603957.81535986),LAT_ONLY
rock-785,나로도 - 외나로도 나로대교 철탑 부근,34.475944,,34.475944,127.456722,POINT (996025.8165060281 1609115.63266256),LAT_ONLY
rock-786,자월도 - 큰굴 부근,37.263389,,37.263389,126.278444,POINT (891684.624376589 1918975.76549493),LAT_ONLY
rock-787,이작도·승봉도 - 승봉도 촛대바위,37.161611,,37.161611,126.324639,POINT (895640.743824581 1907632.28995986),LAT_ONLY
rock-788,백아도·굴업도 - 굴업도 마을 북쪽 갯바위,37.194389,,37.194389,125.981472,POINT (865227.8112197041 1911701.68820227),LAT_ONLY
rock-789,입파도·국화도 - 국화도 해수욕장 동측 갯바위,37.061806,,37.061806,126.558722,POINT (916315.5994329649 1896327.97923493),LAT_ONLY
rock-790,선유도·무녀도·장자도·신시도 - 신시도 남단 간출여 부근,35.809972,,35.809972,126.44875,POINT (905024.859786059 1757566.73422485),LAT_ONLY
rock-791,말도·방축도 - 방축도 남서쪽 작은 홈통,35.846472,,35.846472,126.37275,POINT (898205.000981052 1761691.63790543),LAT_ONLY
rock-792,낭도 부근 - 하화도 해안길,34.592394,,34.592394,127.614904,POINT (1010536.87455525 1622033.62399558),LAT_ONLY
rock-793,고이도·매화도·선도·증도 - 삼섬 포인트,34.961528,,34.961528,126.252139,POINT (886074.220674749 1663672.60444833),LAT_ONLY
rock-794,가사도 - 항로표지관리소 밑,34.459472,,34.459472,126.041972,POINT (866078.3319742421 1608252.51062774),LAT_ONLY
rock-795,노화도·보길도·소안도 - 보길도 예송리해수욕장 곶부리,34.145083,,34.145083,126.5755,POINT (914768.470759745 1572813.67975983),LAT_ONLY
rock-796,영흥도·선재도·대부도·구봉도 - 영흥도 진여,37.287306,,37.287306,126.470667,POINT (908758.3958348021 1921426.41211634),LAT_ONLY
rock-797,어청도·연도 - 어청도 세미치말 부근,36.110556,,36.110556,125.991639,POINT (864240.167127318 1791449.07436742),LAT_ONLY
rock-798,사량도 - 상사량도 진촌항 수협 앞 선창,34.843528,,34.843528,128.224972,POINT (1066281.21888892 1650115.68249616),LAT_ONLY
rock-799,문갑도·선갑도 - 문갑도 문갑해수욕장 갯바위,37.177056,,37.177056,126.110306,POINT (876634.457593073 1909603.15809264),LAT_ONLY
rock-800,여서도·거문도 - 거문도 산굴산 부근 갯바위,34.048500,,34.0485,127.327611,POINT (984089.303116131 1561731.96430095),LAT_ONLY
rock-801,신지도 - 노랑바위 부근,34.323389,,34.323389,126.78625,POINT (934336.9403099541 1592429.24472151),LAT_ONLY
rock-802,연화도 부근 - 구멍섬 갯바위,34.664429,,34.664429,128.339167,POINT (1076887.67717863 1630335.80760301),LAT_ONLY
rock-803,말도·방축도 - 방축도 남서쪽 큰 홈통,35.846139,,35.846139,126.368222,POINT (897795.678706404 1761659.38656628),LAT_ONLY
rock-804,사량도 - 상사량도 술미도,34.859056,,34.859056,128.206306,POINT (1064562.44696036 1651825.47834348),LAT_ONLY
rock-805,거금도 - 주이정(주름목) 부근 갯바위,34.474167,,34.474167,127.237222,POINT (975868.675530737 1608948.975036),LAT_ONLY
rock-806,화원 부근 - 증도리회관 동측,34.636003,,34.636003,126.288532,POINT (888961.2969486341 1627530.67020415),LAT_ONLY
rock-807,순천만 부근 - 대여자도 하단,34.755346,,34.755346,127.504503,POINT (1000412.10717431 1640097.41483409),LAT_ONLY
rock-808,칠천도·가조도 - 창촌마을 북쪽 끝 선창,34.962250,,34.96225,128.513417,POINT (1092520.07154301 1663510.62656319),LAT_ONLY
rock-809,금일도·생일도 - 도지항,34.368833,,34.368833,127.010333,POINT (954976.519263987 1597346.30658469),LAT_ONLY
rock-810,추자도 - 신양리 해안 갯바위,33.935167,,33.935167,126.328111,POINT (891693.5830151781 1549770.78615696),LAT_ONLY
rock-811,연화도 부근 - 연화도 반하도 골창,34.651817,,34.651817,128.353394,POINT (1078203.06286771 1628948.13446462),LAT_ONLY
rock-812,이작도·승봉도 - 소이작도 손가락 바위 부근,37.183056,,37.183056,126.249361,POINT (888987.997183739 1910096.90959949),LAT_ONLY
rock-886,순천만 부근 - 교량낚시터,34.757319,,34.757319,127.506776,POINT (1000620.17781158 1640316.16047846),LAT_ONLY
rock-813,안면도 남 부 - 운여 해변 남측 갯바위,36.425528,,36.425528,126.351472,POINT (897042.82679364 1825945.14222414),LAT_ONLY
rock-814,황제도 - 장도 홈통,34.203525,,34.203525,127.156814,POINT (968383.2681087711 1578961.03908384),LAT_ONLY
rock-815,제주도 서부·차귀도·비양도 - 영락리 장원수산 앞 갯바위,33.242056,,33.242056,126.212028,POINT (880008.5484316781 1473046.13128949),LAT_ONLY
rock-816,자란만 부근 - .솔섬 맞은편,34.937289,,34.937289,128.255583,POINT (1069001.48214971 1660534.22114519),LAT_ONLY
rock-817,대삼부도 - 동측 갯바위,34.057202,,34.057202,127.398291,POINT (990613.6560795361 1562688.06065548),LAT_ONLY
rock-818,고이도·매화도·선도·증도 - 버지 선창,35.023889,,35.023889,126.12475,POINT (874538.498865451 1670741.48534156),LAT_ONLY
rock-819,가의도 - 코끼리 바위 남측 갯바위,36.680667,,36.680667,126.087417,POINT (873786.5520743451 1854563.12152464),LAT_ONLY
rock-820,고흥호 부근 - 장재도 남측해안,34.612604,,34.612604,127.011684,POINT (955231.137861773 1624376.99627234),LAT_ONLY
rock-821,임자도·사옥도 - 임자도 남서측 곶부리,35.056944,,35.056944,126.058111,POINT (868511.7080038951 1674493.44232489),LAT_ONLY
rock-822,풍도·난지도 - 풍도 북동측 돌출부,37.115694,,37.115694,126.390056,POINT (901389.6508452591 1902468.23982464),LAT_ONLY
rock-823,가거도 - 대리취,34.070361,,34.070361,125.094639,POINT (778028.958139903 1566753.63011761),LAT_ONLY
rock-824,금당도 - 송아지목,34.421139,,34.421139,127.033917,POINT (957171.617650596 1603136.07739072),LAT_ONLY
rock-825,상조도·하조도·관매도 - 흑여(낚시배),34.302000,,34.302,126.096806,POINT (870873.665111819 1590718.12884834),LAT_ONLY
rock-826,비금도·도초도 - 도초도 지남리 남쪽 곶부리,34.669833,,34.669833,125.924806,POINT (855679.462445607 1631743.4896658),LAT_ONLY
rock-827,노화도·보길도·소안도 - 소안도 탁구진 부근 갯바위,34.140806,,34.140806,126.680222,POINT (924419.474730112 1572256.8447652),LAT_ONLY
rock-828,여서도·거문도 - 거문도 대린포 갯바위,34.058472,,34.058472,127.315861,POINT (983006.821074972 1562839.56521222),LAT_ONLY
rock-829,두미도 - 물내려오는곳,34.691694,,34.691694,128.187722,POINT (1062990.79970801 1633254.1703158),LAT_ONLY
rock-830,상조도·하조도·관매도 - 관매도 해수욕장 갯바위,34.252528,,34.252528,126.048722,POINT (866370.256222154 1585293.98377225),LAT_ONLY
rock-831,연평도 - 감마금뿌리,37.605167,,37.605167,125.706528,POINT (841690.791186733 1957706.10694728),LAT_ONLY
rock-832,추도 부근 - 물선치,34.747758,,34.747758,128.292617,POINT (1072549.65517693 1639541.98328436),LAT_ONLY
rock-833,금오도·안도 - 안도 칼바위,34.484472,,34.484472,127.824972,POINT (1029839.09092953 1610108.31194982),LAT_ONLY
rock-834,가거도 - 물등개 갯바위,34.058556,,34.058556,125.138694,POINT (782065.106584284 1565349.4082742),LAT_ONLY
rock-835,이작도·승봉도 - 승봉도 동양콘도 앞,37.174000,,37.174,126.291083,POINT (892678.77665009 1909044.20577598),LAT_ONLY
rock-836,신지도 - 동고리 남쪽 갯바위,34.330528,,34.330528,126.89375,POINT (944231.5191621371 1593156.60933852),LAT_ONLY
rock-837,제주도 북서부 - 라마다호텔 앞 해안도로 우측,33.518611,,33.518611,126.524083,POINT (909369.290824309 1503393.84835574),LAT_ONLY
rock-838,덕적도·소야도 - 덕적도 파락금이 갯바위,37.257833,,37.257833,126.117611,POINT (877413.8227591941 1918555.6523249),LAT_ONLY
rock-839,호도·녹도·외연도 - 호도 북동쪽 갯바위,36.302639,,36.302639,126.269278,POINT (889500.72813345 1812404.05027778),LAT_ONLY
rock-840,거금도 - 금진리 철탑 부근 선창,34.489444,,34.489444,127.1155,POINT (964697.1078511319 1610678.8306898),LAT_ONLY
rock-841,거금수도 부근 - 구암리 해안길,34.468967,,34.468967,127.321015,POINT (983562.500049405 1608355.57271143),LAT_ONLY
rock-842,자은도 - 남진 선창,34.856806,,34.856806,126.065583,POINT (868874.6955603671 1652286.72309633),LAT_ONLY
rock-843,상조도·하조도·관매도 - 상조도 서쪽 둥근바위,34.326639,,34.326639,125.995778,POINT (861616.4607741489 1593583.49769467),LAT_ONLY
rock-844,연도 - 동부 근처 갯바위,34.428407,,34.428407,127.805358,POINT (1028056.85548069 1603885.77035559),LAT_ONLY
rock-845,무의도 - 실미도북서측 갯바위,37.402611,,37.402611,126.389194,POINT (901686.805032175 1934300.74126825),LAT_ONLY
rock-846,노화도·보길도·소안도 - 소안도 월항리 양식장부근,34.197417,,34.197417,126.655861,POINT (922225.3567560479 1578552.50413681),LAT_ONLY
rock-847,낭도 부근 - 하화도 서측,34.588813,,34.588813,127.605909,POINT (1009712.50603064 1621635.58566553),LAT_ONLY
rock-848,추자군도 - 발전소 부근,33.950254,,33.950254,126.30284,POINT (889377.439490346 1551470.74166645),LAT_ONLY
rock-849,여서도·거문도 - 거문도 송곡단 부근 갯바위,34.034861,,34.034861,127.282611,POINT (979932.792858602 1560227.60665856),LAT_ONLY
rock-850,홍도 - 흔들바위 상단,34.677917,,34.677917,125.192632,POINT (788606.866561366 1633933.78616266),LAT_ONLY
rock-851,거제도 남부 - 서이말 갯바위 일대,34.790389,,34.790389,128.740444,POINT (1113483.61727229 1644684.36055842),LAT_ONLY
rock-852,손죽열도 부근 - 소거문 서측,34.288796,,34.288796,127.385888,POINT (989497.779231042 1588368.71250469),LAT_ONLY
rock-853,금오도·안도 - 안도 동고지 해안갯바위,34.497056,,34.497056,127.818167,POINT (1029209.81681903 1611501.66170201),LAT_ONLY
rock-854,욕지도 - 고래바위 끝바리,34.628750,,34.62875,128.235528,POINT (1067420.52151529 1626305.01236735),LAT_ONLY
rock-855,비진도·매물도 - 비진도 설품단 부근 갯바위,34.709417,,34.709417,128.447444,POINT (1086761.79518629 1635412.72020246),LAT_ONLY
rock-856,거제도 북동부 - 양지암 북바위,34.894083,,34.894083,128.750778,POINT (1114285.58331235 1656196.06923678),LAT_ONLY
rock-857,자월도 - 굴뿌리,37.259778,,37.259778,126.348306,POINT (897874.5744596211 1918497.44068865),LAT_ONLY
rock-858,문갑도·선갑도 - 문갑도 문턱뿌리 부근,37.166417,,37.166417,126.10125,POINT (875813.119313699 1908434.64493147),LAT_ONLY
rock-859,입파도·국화도 - 입파도 서측 갯바위,37.102444,,37.102444,126.537083,POINT (914437.431354776 1900855.68917185),LAT_ONLY
rock-860,선유도·무녀도·장자도·신시도 - 무녀도 제방,35.805778,,35.805778,126.44,POINT (904229.276485295 1757110.02211762),LAT_ONLY
rock-861,신지도 - 무생끝 부근,34.310250,,34.31025,126.882444,POINT (943177.8459184939 1590914.34796773),LAT_ONLY
rock-862,백아도·굴업도 - 굴업도 마을 동쪽 갯바위,37.186972,,37.186972,125.981806,POINT (865244.220171927 1910878.35367714),LAT_ONLY
rock-863,원산도·삽시도 - 삽시도 야의곶 부근,36.335306,,36.335306,126.370139,POINT (898599.148179364 1815917.20119662),LAT_ONLY
rock-864,신지도 - 대곡항 북쪽 갯바위,34.352361,,34.352361,126.824417,POINT (937869.602867106 1595617.88029086),LAT_ONLY
rock-865,청산도·대모도 - 대모도 외라이말 갯바위,34.195806,,34.195806,126.773167,POINT (933032.253974725 1578290.57121809),LAT_ONLY
rock-866,거제도 남부 - 해금강 도세치 끝,34.737167,,34.737167,128.681278,POINT (1108139.80661059 1638716.72221697),LAT_ONLY
rock-867,거금도 - 옥룡마을 갯바위,34.431528,,34.431528,127.125194,POINT (965563.4324142421 1604253.27353667),LAT_ONLY
rock-868,금오도·안도 - 금오도 소유마을 갯바위,34.531639,,34.531639,127.769972,POINT (1024774.99013883 1615323.6687199),LAT_ONLY
rock-869,영흥도·선재도·대부도·구봉도 - 대부도 쪽박섬 부근,37.214389,,37.214389,126.542361,POINT (915031.806990011 1913270.11495494),LAT_ONLY
rock-870,시도 - 조각공원 북측 갯바위,37.530556,,37.530556,126.401722,POINT (902961.1675538181 1948482.85524804),LAT_ONLY
rock-871,안마도·석만도 - 우물밑 갯바위,35.373611,,35.373611,126.042333,POINT (867588.1735557241 1709636.57945959),LAT_ONLY
rock-872,임자도·사옥도 - 고동섬 갯바위,35.056944,,35.056944,126.058111,POINT (868511.7080038951 1674493.44232489),LAT_ONLY
rock-873,암태도 - 익금마을 선창,34.877500,,34.8775,126.108639,POINT (872842.709239862 1654526.35805092),LAT_ONLY
rock-874,우이도 - 송도 북측 갯바위,34.617278,,34.617278,125.867667,POINT (850349.432401965 1625998.16374098),LAT_ONLY
rock-875,가거도 - 바둑바위,34.085639,,34.085639,125.095694,POINT (778166.250255177 1568445.8888171),LAT_ONLY
rock-876,초도 - 파랑끝,34.245444,,34.245444,127.262389,POINT (978120.419205344 1583581.425678),LAT_ONLY
rock-877,대청도·소청도 - 대청도 서풍받이 서쪽 갯바위,37.801722,,37.801722,124.679778,POINT (751701.6802076681 1981748.30810889),LAT_ONLY
rock-878,청산도·대모도 - 대모도 소로지말 갯바위,34.177528,,34.177528,126.761167,POINT (931911.909817551 1576271.79133307),LAT_ONLY
rock-879,풍도·난지도 - 풍도 채석장 북측,37.114194,,37.114194,126.38025,POINT (900516.502816126 1902312.05816507),LAT_ONLY
rock-880,십이동파도·비안도 - 십이동파도 작은 쌍섬,35.993639,,35.993639,126.240833,POINT (886502.3350410041 1778160.9049053),LAT_ONLY
rock-881,금오도·안도 - 안도 철탑 아래 갯바위,34.471833,,34.471833,127.802389,POINT (1027769.66233034 1608700.39265518),LAT_ONLY
rock-882,거제도 남부 - 학동 용바위,34.768833,,34.768833,128.638778,POINT (1104209.17588775 1642183.64318127),LAT_ONLY
rock-883,연평도 - 금능해수욕장 남측 갯바위,37.663889,,37.663889,125.683556,POINT (839789.047239588 1964260.89103934),LAT_ONLY
rock-884,안마도·석만도 - 나룻방 밑 갯바위,37.421972,,37.421972,126.435,POINT (905765.271837197 1936402.01635873),LAT_ONLY
rock-885,추자군도 - 모진해수욕장 갯바위,33.951898,,33.951898,126.300662,POINT (889178.32146683 1551655.34642242),LAT_ONLY
rock-887,고이도·매화도·선도·증도 - 마산도 선창,34.952556,,34.952556,126.249389,POINT (885810.694144953 1662680.68176862),LAT_ONLY
rock-888,이작도·승봉도 - 승봉도 목섬 부근,37.157306,,37.157306,126.320889,POINT (895301.8332979361 1907158.75409562),LAT_ONLY
rock-889,제주도 서부·차귀도·비양도 - 비양도 동측 갯바위,33.409944,,33.409944,126.23175,POINT (882072.46653756 1491638.63300307),LAT_ONLY
rock-890,제주도 북동부·우도 - 우도치안센터 앞,33.523222,,33.523222,126.958111,POINT (949679.595368003 1503610.25135845),LAT_ONLY
rock-909,추자도 - 모진 해수욕장,33.944806,,33.944806,126.334361,POINT (892283.382751705 1550833.02158302),LAT_ONLY
rock-891,시도 - 수기해변 서측 갯바위,37.545861,,37.545861,126.427389,POINT (905248.401846792 1950154.80583857),LAT_ONLY
rock-892,안면도 북부 - 황도 연륙교 아래,36.596889,,36.596889,126.375194,POINT (899391.494864647 1844929.24769581),LAT_ONLY
rock-893,가의도 - 작은 마을 동측 안통,36.673083,,36.673083,126.071528,POINT (872354.273531674 1853742.87821552),LAT_ONLY
rock-894,안마도·석만도 - 똥섬 부근 갯바위,35.364778,,35.364778,126.06025,POINT (869201.5552653191 1708633.00439059),LAT_ONLY
rock-895,임자도·사옥도 - 대두끝 갯바위,35.051417,,35.051417,126.106556,POINT (872921.182691953 1673817.5633351),LAT_ONLY
rock-896,고이도·매화도·선도·증도 - 선도북측 선창,35.006833,,35.006833,126.259722,POINT (886828.96118211 1668688.59535899),LAT_ONLY
rock-897,안좌도·팔금도 - 신안교 서단,34.766611,,34.766611,126.12775,POINT (874421.176743583 1642204.23230029),LAT_ONLY
rock-898,진도 북부 - 군내방조제,34.535167,,34.535167,126.233583,POINT (883784.2691900181 1616409.96215479),LAT_ONLY
rock-899,안마도·석만도 - 똥섬 갯바위,35.362444,,35.362444,126.06,POINT (869175.0763666971 1708374.53351881),LAT_ONLY
rock-900,안마도·석만도 - 긴 둑 밑 갯바위,35.339778,,35.339778,126.012361,POINT (864808.956833448 1705924.47197828),LAT_ONLY
rock-901,진도 남동부 - 현목항 선창,34.379528,,34.379528,126.267528,POINT (886689.349105111 1599111.77482251),LAT_ONLY
rock-902,초도 - 막두,34.247778,,34.247778,127.243278,POINT (976361.289105883 1583844.42520631),LAT_ONLY
rock-903,무의도 - 무의도 곶부리,37.412361,,37.412361,126.408111,POINT (903373.629013494 1935362.91587305),LAT_ONLY
rock-904,우이도 - 선창구미,34.611250,,34.61125,125.859833,POINT (849620.3309390021 1625341.3057564),LAT_ONLY
rock-905,목포 부근 - 명지식품 해안길,34.849147,,34.849147,126.404944,POINT (899889.189423172 1651045.95360329),LAT_ONLY
rock-906,초도 - 석머리,34.236833,,34.236833,127.234528,POINT (975552.432234197 1582632.93977286),LAT_ONLY
rock-907,남해도 동부·신수도·창선도 - 신수도 북쪽 갯바위,34.910222,,34.910222,128.073667,POINT (1052405.45172932 1657422.24859325),LAT_ONLY
rock-908,칠천도·가조도 - 계도 어촌 체험 낚시터,34.976417,,34.976417,128.513389,POINT (1092501.60534052 1665081.70775892),LAT_ONLY
rock-948,목포 부근 - 꼬막섬,34.847406,,34.847406,126.304325,POINT (890687.7095595 1650957.92533156),LAT_ONLY
rock-910,상조도·하조도·관매도 - 하조도 매동여(낚시배),35.275500,,34.2755,126.095,POINT (870666.889893727 1587781.69292073),LAT_ONLY
rock-911,연평도 - 검은서,37.641444,,37.641444,125.704972,POINT (841630.479101612 1961734.07579292),LAT_ONLY
rock-912,돌산도 - 계동등대 옆 갯바위,34.660361,,34.660361,127.806028,POINT (1028040.48700385 1629607.02518113),LAT_ONLY
rock-913,제주도 동부 - 당두곶 우측 갯바위,33.423361,,33.423361,126.932056,POINT (947199.489004935 1492551.5230794),LAT_ONLY
rock-914,남해도 동부·신수도·창선도 - 모상개 해수욕장 우측 갯바위,34.828139,,34.828139,128.087194,POINT (1053694.58107455 1648326.71357103),LAT_ONLY
rock-915,우이도 - 가도 북측 갯바위,34.623333,,34.623333,125.864167,POINT (850039.421687257 1626674.95783956),LAT_ONLY
rock-916,진도 남동부 - 접도리 선창,34.388972,,34.388972,126.283639,POINT (888183.20684554 1600141.22975428),LAT_ONLY
rock-917,제주도 서부·차귀도·비양도 - 비양도 초소 밑 갯바위,33.405944,,33.405944,126.222833,POINT (881237.85351252 1491205.26304432),LAT_ONLY
rock-918,송이도 - 큰내기 좌측 갯바위,35.292750,,35.29275,126.138861,POINT (876233.911566454 1700543.15175569),LAT_ONLY
rock-919,상조도·하조도·관매도 - 하조도 등대,34.311583,,34.311583,126.088167,POINT (870093.390404807 1591791.89015803),LAT_ONLY
rock-920,고이도·매화도·선도·증도 - 왕바위,34.954750,,34.95475,126.127167,POINT (874653.609825269 1663070.46354271),LAT_ONLY
rock-921,호도·녹도·외연도 - 외연도 누적금 부근,36.230861,,36.230861,126.075,POINT (871939.493608154 1804681.13924452),LAT_ONLY
rock-922,십이동파도·비안도 - 비안도 서쪽 돌출여 부근,35.734028,,35.734028,126.448444,POINT (904906.867701277 1749143.5494849),LAT_ONLY
rock-923,말도·방축도 - 방축도 북서바위,35.852917,,35.852917,126.367583,POINT (897746.6841228141 1762411.8367879),LAT_ONLY
rock-924,비금도·도초도 - 비금도 이미해수욕장 갯바위,34.758583,,34.758583,125.891611,POINT (852795.269815397 1641634.51875281),LAT_ONLY
rock-925,한산도·용초도 - 용초 뒤등 갯바위,34.739389,,34.739389,128.466833,POINT (1088505.43193604 1638753.43342716),LAT_ONLY
rock-926,추자도 - 예초리 해안도로 갯바위,33.956861,,33.956861,126.336583,POINT (892503.908416787 1552167.47983916),LAT_ONLY
rock-927,제주도 남서부·가파도·마라도 - 할망당 아래 갯바위,33.122028,,33.122028,126.26675,POINT (884950.165406717 1459676.70367552),LAT_ONLY
rock-928,고이도·매화도·선도·증도 - 도둑섬 포인트,35.008056,,35.008056,126.101139,POINT (872359.75022955 1669015.37948403),LAT_ONLY
rock-929,상조도·하조도·관매도 - 고치여 하늘다리 주변,34.221833,,34.221833,126.03675,POINT (865218.88079809 1581905.88717688),LAT_ONLY
rock-930,제주도 남서부·가파도·마라도 - 사계리 체육공원 갯,33.221417,,33.221417,126.297139,POINT (887911.91394383 1470663.31223194),LAT_ONLY
rock-931,암태도 - 중앙대교 북단,34.800583,,34.800583,126.118417,POINT (873618.837537382 1645983.58128971),LAT_ONLY
rock-932,추자도 - 하추자도 남동측 끝단,33.930167,,33.930167,126.3305,POINT (891908.0596022641 1549213.83941742),LAT_ONLY
rock-933,안좌도·팔금도 - 신안교 동단,34.767639,,34.767639,126.132167,POINT (874826.941701321 1642312.70364533),LAT_ONLY
rock-934,시도 - 시모도 연륙교,37.536500,,37.5365,126.414583,POINT (904105.16413582 1949129.18799659),LAT_ONLY
rock-935,암태도 - 익금해변 갯바위,34.881278,,34.881278,126.121944,POINT (874064.55243688 1654928.52431193),LAT_ONLY
rock-936,가거도 - 오구멍박벌 갯바위,34.064306,,34.064306,125.111528,POINT (779572.142788415 1566045.42113677),LAT_ONLY
rock-937,낭도 부근 - 해안길 좌측,34.596071,,34.596071,127.539888,POINT (1003657.59624481 1622436.11091337),LAT_ONLY
rock-938,진해항 부근 - 잠도 서측,35.059897,,35.059897,128.663014,POINT (1106052.09339746 1674488.75841179),LAT_ONLY
rock-939,추도 부근 - 용머리치 끝,34.754906,,34.754906,128.283378,POINT (1071697.80482237 1640328.03905936),LAT_ONLY
rock-940,갈도 부근 - 너부렁여,34.559373,,34.559373,128.176377,POINT (1062050.0580229 1618573.69959053),LAT_ONLY
rock-941,홍도 - 수력말과종바위 인근,34.713557,,34.713557,125.211931,POINT (790465.239090486 1637846.64410553),LAT_ONLY
rock-942,득량만 부근 - 정남진해양낚시공원,34.471629,,34.471629,126.978417,POINT (952100.523477579 1608759.6488209),LAT_ONLY
rock-943,여수엑스포 부근 - 국동항 인근,34.721984,,34.721984,127.725429,POINT (1020640.14033165 1636420.94952641),LAT_ONLY
rock-944,화원 부근 - 마리나공사장 남측(*화원 마리나 포인트),34.683356,,34.683356,126.257816,POINT (886210.527107061 1632816.26750083),LAT_ONLY
rock-945,황제도 - 흰여,34.216486,,34.216486,127.133062,POINT (966200.235658625 1580405.76212568),LAT_ONLY
rock-946,홍도 - 독립문 인근,34.716529,,34.716529,125.208559,POINT (790163.894967314 1638183.33166923),LAT_ONLY
rock-947,연화도 부근 - 연화리 갯바위,34.641805,,34.641805,128.363561,POINT (1079144.25546413 1627845.77477526),LAT_ONLY
rock-949,거차수도 부근 - 동거차 둥근섬,34.247138,,34.247138,125.935785,POINT (855961.1975319721 1584850.34672506),LAT_ONLY
rock-950,독거군도 부근 - 소슬도,34.254116,,34.254116,126.155688,POINT (876222.4264538371 1585334.81199038),LAT_ONLY
rock-951,거금수도 부근 - 추도,34.479128,,34.479128,127.381977,POINT (989162.375640208 1609474.12304542),LAT_ONLY
rock-952,낭도 부근 - 사도 서측,34.592573,,34.592573,127.553403,POINT (1004897.17085278 1622048.75815487),LAT_ONLY
rock-953,여수엑스포 부근 - 검은모래해변 부근,34.769634,,34.769634,127.750645,POINT (1022935.73946678 1641710.41343079),LAT_ONLY
rock-954,손죽열도 부근 - 소거문 홈통,34.282640,,34.28264,127.388352,POINT (989723.793007774 1587685.85125046),LAT_ONLY
rock-955,해남반도 부근 - 어란리 서측,34.378766,,34.378766,126.473811,POINT (905654.5478584521 1598816.13130573),LAT_ONLY
rock-956,완도 부근 - 사내방조제,34.461650,,34.46165,126.739395,POINT (930141.3164981741 1607792.11216029),LAT_ONLY
rock-957,대삼부도 - 똥여부근 갯바위,34.058864,,34.058864,127.395741,POINT (990378.514749149 1562872.60305025),LAT_ONLY
rock-958,연화도 부근 - 대바위 인근,34.642132,,34.642132,128.344481,POINT (1077395.32077125 1627867.24435917),LAT_ONLY
rock-959,추자군도 - 염도 좌측,33.974269,,33.974269,126.306012,POINT (889701.585303582 1554130.23233148),LAT_ONLY
rock-960,진주만 부근 - 삼분갑 근처 갯바위(*삼천포 마리나 포인트),34.958816,,34.958816,128.032115,POINT (1048580.90500675 1662790.12434888),LAT_ONLY
rock-961,진해만 부근 - 문턱개 북측,34.862598,,34.862598,128.388401,POINT (1081204.51620438 1652350.74440384),LAT_ONLY
rock-962,갈도 부근 - 빗바위,34.570553,,34.570553,128.189183,POINT (1063216.4435356 1619821.43581919),LAT_ONLY
rock-963,목포 부근 - 도시촌 길 남측,34.814938,,34.814938,126.347268,POINT (894572.5326641051 1647311.17351934),LAT_ONLY
rock-964,거금수도 부근 - 한옥민박 옆,34.473424,,34.473424,127.233562,POINT (975532.3081889411 1608867.55009258),LAT_ONLY
rock-965,진해항 부근 - 해돋이까페 부근,35.104073,,35.104073,128.601226,POINT (1100363.4157127 1679324.0736599),LAT_ONLY
rock-966,자란만 부근 - 가오치 마을 앞,34.909072,,34.909072,128.319836,POINT (1074894.95326479 1657451.23004981),LAT_ONLY
rock-967,만재도 - 내마도상단,34.210540,,34.21054,125.464282,POINT (812456.272454595 1581559.26348568),LAT_ONLY
rock-968,대삼부도 - 동굴 좌측,34.061222,,34.061222,127.390168,POINT (989864.514369366 1563134.59980554),LAT_ONLY
rock-969,진해항 부근 - 막개도,35.137577,,35.137577,128.599955,POINT (1100206.49307921 1683038.64720311),LAT_ONLY
rock-970,추자군도 - 섬생이 좌측,33.939213,,33.939213,126.309316,POINT (889961.6544852781 1550239.50080279),LAT_ONLY
rock-971,득량만 부근 - 득량도 우측,34.602478,,34.602478,127.107738,POINT (964033.0791607971 1623215.76416373),LAT_ONLY
rock-972,연화도 부근 - 가마동섬,34.661539,,34.661539,128.348119,POINT (1077710.55763301 1630022.22214158),LAT_ONLY
rock-973,순천만 부근 - 선정 부근,34.751111,,34.751111,127.389611,POINT (989896.42222016 1639633.32725436),LAT_ONLY
rock-974,목포 부근 - 모삼머리들,34.867865,,34.867865,126.321053,POINT (892243.853138466 1653208.80283328),LAT_ONLY
rock-975,추자군도 - 검둥여 부근,33.975919,,33.975919,126.312973,POINT (890346.765339802 1554305.75835334),LAT_ONLY
