sheet,row,scientificName,koreanName,detailGroup
척추동물,384,Chaeturichthys jeoni,,어류
무척추동물,70,Anteaeolidiella takanosimensis,,연체동물
무척추동물,72,Aeolidia papillosa,,연체동물
무척추동물,91,Cadlina umiushi,,연체동물
무척추동물,98,Marionia olivacea,,연체동물
무척추동물,101,Dirona pellucida,,연체동물
무척추동물,105,Sakuraeolis japonica,,연체동물
무척추동물,201,Hastula jejuensis,,연체동물
무척추동물,398,Phos senticosus,,연체동물
무척추동물,585,Rhinoclavis sordidula,,연체동물
무척추동물,1251,Anadara talmiensis,,연체동물
무척추동물,1299,Mya japonica,,연체동물
무척추동물,1314,Latona semisulcata semisulcata,,연체동물
무척추동물,1596,Liolophura koreana,,연체동물
무척추동물,1599,Cryptoplax rhodoplax,,연체동물
무척추동물,1687,Exolaternula spengleri,,연체동물
무척추동물,1772,Pelecyora corculum,,연체동물
무척추동물,1852,Ectopleura crocea,,자포동물
무척추동물,1884,Ceratocymba Ceratocymba leuckartii,,자포동물
무척추동물,1885,Abyla Abyla haeckeli,,자포동물
무척추동물,1886,Bassia bassensis,,자포동물
무척추동물,1894,Nanomia bijuga,,자포동물
무척추동물,1897,Eudoxoides mitra,,자포동물
무척추동물,1899,Dimophyes arctica,,자포동물
무척추동물,1904,Chelophyes contorta,,자포동물
무척추동물,1906,Muggiaea atlantica,,자포동물
무척추동물,1907,Lensia Lensia subtilis,,자포동물
무척추동물,1908,Lensia subtiloides,,자포동물
무척추동물,2045,Zoanthus sansibaricus,,자포동물
무척추동물,2235,Podon leuckartii,,절지동물
무척추동물,2236,Evadne nordmanni,,절지동물
무척추동물,2237,Evadne spinifera,,절지동물
무척추동물,2238,Pleopis polyphemoides,,절지동물
무척추동물,2239,Pseudevadne tergestina,,절지동물
무척추동물,2243,Penilia avirostris,,절지동물
무척추동물,2263,Labidura riparia,,절지동물
무척추동물,2267,Limulus polyphemus,,절지동물
무척추동물,2273,Pycnogonum bifurcatum,,절지동물
무척추동물,2315,Symphylella vulgaris,,절지동물
무척추동물,2340,Copidognathus daguilarensis,,절지동물
무척추동물,2341,Copidognathus fistulosus,,절지동물
무척추동물,2344,Copidognathus levicostatus,,절지동물
무척추동물,2345,Copidognathus vicinus,,절지동물
무척추동물,2347,Scaptognathus magnus,,절지동물
무척추동물,2351,Agauopsis bisetosa,,절지동물
무척추동물,2355,Actacarus pacificus,,절지동물
무척추동물,2357,Anomalohalacarus biformis,,절지동물
무척추동물,2358,Anomalohalacarus angustus,,절지동물
무척추동물,2379,Cantellius arcuatus,,절지동물
무척추동물,2380,Chelonibia testudinaria,,절지동물
무척추동물,2429,Parasacculina shiinoi,,절지동물
무척추동물,2433,Parasacculina pinnotherae,,절지동물
무척추동물,2436,Sacculina upogebiae,,절지동물
무척추동물,2439,Peltogaster reticulata,,절지동물
무척추동물,2440,Peltogaster ovalis,,절지동물
무척추동물,2450,Heteromysis japonica,,절지동물
무척추동물,2487,Holmesiella anomala,,절지동물
무척추동물,2497,Pleurerythrops secundus,,절지동물
무척추동물,2563,Melita shimizui,,절지동물
무척추동물,2574,Ptilohyale crassicornis,,절지동물
무척추동물,2597,Ampithoe changbaensis,,절지동물
무척추동물,2633,Paraphoxus jejuensis,,절지동물
무척추동물,2641,Phronima atlantica,,절지동물
무척추동물,2647,Jassa kimi,,절지동물
무척추동물,2659,Colomastix lunalilo,,절지동물
무척추동물,2691,Platorchestia platensis,,절지동물
무척추동물,2715,Oxycephalus clausi,,절지동물
무척추동물,2755,Caprella aino,,절지동물
무척추동물,2840,Chondrochelia dubia,,절지동물
무척추동물,2844,Wandogarida canalicula,,절지동물
무척추동물,2845,Hexapleomera ulsana,,절지동물
무척추동물,2846,Hexapleomera yokjidona,,절지동물
무척추동물,2847,Zeuxo gracilis,,절지동물
무척추동물,2848,Zeuxo spina,,절지동물
무척추동물,2865,Caecianiropsis goseongensis,,절지동물
무척추동물,2917,Idarcturus trispinosus,,절지동물
무척추동물,2919,Apanthura laevipedata,,절지동물
무척추동물,2924,Amakusanthura intermedia,,절지동물
무척추동물,2925,Uromunna mundongensis,,절지동물
무척추동물,2926,Uromunna jejuensis,,절지동물
무척추동물,2942,Pentias pluriarticulatus,,절지동물
무척추동물,2944,Cleantiella ampliscutula,,절지동물
무척추동물,2950,Ascionana rhipis,,절지동물
무척추동물,2951,Paramunna koreana,,절지동물
무척추동물,2952,Boreosignum affinis,,절지동물
무척추동물,2953,Coxicerberus fukudai,,절지동물
무척추동물,2998,Labidocera sinilobata,,절지동물
무척추동물,3015,Heterorhabdus papilliger,,절지동물
무척추동물,3029,Ctenocalanus citer,,절지동물
무척추동물,3040,Pseudodiaptomus japonicus,,절지동물
무척추동물,3056,Stephos jejuensis,,절지동물
무척추동물,3057,Stephos concavus,,절지동물
무척추동물,3059,Stephos fortipes,,절지동물
무척추동물,3071,Neocalanus gracilis,,절지동물
무척추동물,3083,Centropages sinensis,,절지동물
무척추동물,3084,Centropages calaninus,,절지동물
무척추동물,3085,Centropages orsinii,,절지동물
무척추동물,3094,Lucicutia gaussae,,절지동물
무척추동물,3109,Paracalanus parvus parvus,,절지동물
무척추동물,3115,Monstrilla grandis,,절지동물
무척추동물,3120,Caromiobenella ohtsukai,,절지동물
무척추동물,3121,Caromiobenella castorea,,절지동물
무척추동물,3123,Caromiobenella polluxea,,절지동물
무척추동물,3126,Polyankylis bogilensis,,절지동물
무척추동물,3127,Polyankylis estivalis,,절지동물
무척추동물,3133,Anthessius cucullatus,,절지동물
무척추동물,3141,Enalcyonium granulatum,,절지동물
무척추동물,3142,Enalcyonium lobiferum,,절지동물
무척추동물,3143,Enalcyonium littorale,,절지동물
무척추동물,3144,Enalcyonium paraciliatum,,절지동물
무척추동물,3145,Gudogius pelagicus,,절지동물
무척추동물,3146,Lamippula radicata,,절지동물
무척추동물,3147,Lamippula bisetata,,절지동물
무척추동물,3148,Lamippula bifurcata,,절지동물
무척추동물,3149,Lamippella bulbosa,,절지동물
무척추동물,3150,Lamippella merista,,절지동물
무척추동물,3164,Orbitacolax brevispinus,,절지동물
무척추동물,3166,Botryllophilus abbotti,,절지동물
무척추동물,3168,Botryllophilus paucisetatus,,절지동물
무척추동물,3169,Botryllophilus pentamerus,,절지동물
무척추동물,3171,Haplostoma quadridens,,절지동물
무척추동물,3172,Haplostoma paucidens,,절지동물
무척추동물,3174,Anchimolgus jejuicus,,절지동물
무척추동물,3180,Pusanomyicola sensitivus,,절지동물
무척추동물,3189,Cyclopinopsis deformata,,절지동물
무척추동물,3190,Heterocyclopina koreaensis,,절지동물
무척추동물,3191,Cyclopina wido,,절지동물
무척추동물,3192,Cyclopina busanensis,,절지동물
무척추동물,3193,Cyclopina curtijeju,,절지동물
무척추동물,3194,Cyclopina koreana,,절지동물
무척추동물,3195,Koreacyclopina wellsi,,절지동물
무척추동물,3197,Apocyclops royi,,절지동물
무척추동물,3218,Doropygus humilis,,절지동물
무척추동물,3228,Unimeria hirsuta,,절지동물
무척추동물,3229,Thoracodelphys cerasta,,절지동물
무척추동물,3230,Thoracodelphys bisetata,,절지동물
무척추동물,3251,Acanthomolgus oporinus,,절지동물
무척추동물,3252,Acanthomolgus triplus,,절지동물
무척추동물,3253,Acanthomolgus dokdoicus,,절지동물
무척추동물,3254,Acanthomolgus rugosus,,절지동물
무척추동물,3255,Acanthomolgus crassae,,절지동물
무척추동물,3256,Acanthomolgus jei,,절지동물
무척추동물,3257,Acanthomolgus notialis,,절지동물
무척추동물,3258,Acanthomolgus taenichaetatus,,절지동물
무척추동물,3294,Rhodinicola exilis,,절지동물
무척추동물,3297,Pontoclausia pristina,,절지동물
무척추동물,3298,Pontoclausia cochleata,,절지동물
무척추동물,3307,Anchistrotos tongyeongensis,,절지동물
무척추동물,3320,Cirracanthus inimici,,절지동물
무척추동물,3351,Hemicyclops rapax,,절지동물
무척추동물,3358,Petalocopus planus,,절지동물
무척추동물,3374,Zygomolgus tenuifurcatus,,절지동물
무척추동물,3376,Zygomolgus didemni,,절지동물
무척추동물,3377,Heteranthessius unisetatus,,절지동물
무척추동물,3385,Herrmannella macomae,,절지동물
무척추동물,3386,Lichomolgella collata,,절지동물
무척추동물,3387,Lichomolgella exigua,,절지동물
무척추동물,3388,Lichomolgella nudicoxa,,절지동물
무척추동물,3393,Enterocola longicaudatus,,절지동물
무척추동물,3394,Enterocola horridus,,절지동물
무척추동물,3407,Pseudanthessius oporinus,,절지동물
무척추동물,3408,Pseudanthessius petilus,,절지동물
무척추동물,3409,Pseudanthessius linguifer,,절지동물
무척추동물,3410,Pentakela cylindrica,,절지동물
무척추동물,3414,Gastrodelphys vadicola,,절지동물
무척추동물,3434,Eupolymniphilus foliatus,,절지동물
무척추동물,3438,Myxomolgus buanensis,,절지동물
무척추동물,3439,Myxomolgus dokdoicus,,절지동물
무척추동물,3440,Serpuliphilus antennatus,,절지동물
무척추동물,3447,Nereicola Nereicola,,절지동물
무척추동물,3465,Oncaea prendeli,,절지동물
무척추동물,3466,Spinoncaea humesi,,절지동물
무척추동물,3467,Spinoncaea ivlevi,,절지동물
무척추동물,3468,Spinoncaea tenuis,,절지동물
무척추동물,3472,Delavalia oblonga,,절지동물
무척추동물,3479,Sarsamphiascus michaeli,,절지동물
무척추동물,3480,Sarsamphiascus jackiei,,절지동물
무척추동물,3481,Sarsamphiascus jermainei,,절지동물
무척추동물,3482,Sarsamphiascus marloni,,절지동물
무척추동물,3483,Sarsamphiascus titoi,,절지동물
무척추동물,3490,Robertgurneya jejuensis,,절지동물
무척추동물,3491,Robertgurneya donghaensis,,절지동물
무척추동물,3509,Psammis wellsi,,절지동물
무척추동물,3510,Xouthous naroensis,,절지동물
무척추동물,3511,Xouthous yeonghooni,,절지동물
무척추동물,3513,Pseudomesochra tatianae,,절지동물
무척추동물,3515,Phyllopodopsyllus thiebaudi santacruzensis,,절지동물
무척추동물,3516,Phyllopodopsyllus saywakimi,,절지동물
무척추동물,3517,Phyllopodopsyllus similis,,절지동물
무척추동물,3518,Laophontella horrida dentata,,절지동물
무척추동물,3519,Laophontella changi,,절지동물
무척추동물,3520,Cerviniella bisegmenta,,절지동물
무척추동물,3521,Cerviniella permixta,,절지동물
무척추동물,3522,Doolia ara,,절지동물
무척추동물,3523,Pontopolites duljjae,,절지동물
무척추동물,3525,Concilicoxa hispida,,절지동물
무척추동물,3526,Nannopus bulbiseta,,절지동물
무척추동물,3528,Nannopus cylindricus,,절지동물
무척추동물,3529,Nannopus robustus,,절지동물
무척추동물,3530,Nannopus dimorphicus,,절지동물
무척추동물,3531,Nannopus serratus,,절지동물
무척추동물,3534,Nannopus parvus,,절지동물
무척추동물,3536,Idyellopsis orientalis,,절지동물
무척추동물,3537,Idyella dolichi,,절지동물
무척추동물,3538,Idyella exochos,,절지동물
무척추동물,3539,Pseudoleptomesochra mannada,,절지동물
무척추동물,3544,Ameiropsis gyeongjuensis,,절지동물
무척추동물,3550,Stenocaris marcida,,절지동물
무척추동물,3551,Stenocaris intermedia,,절지동물
무척추동물,3553,Normanella parvisetosa,,절지동물
무척추동물,3561,Itunella yeondeokensis,,절지동물
무척추동물,3568,Tigriopus koreanus,,절지동물
무척추동물,3570,Tigriopus west,,절지동물
무척추동물,3571,Tigriopus east,,절지동물
무척추동물,3587,Stylicletodes trifidus,,절지동물
무척추동물,3589,Halectinosoma munmui,,절지동물
무척추동물,3615,Kioloaria jejuensis,,절지동물
무척추동물,3618,Kushia zosteraphila,,절지동물
무척추동물,3622,Zosime changi,,절지동물
무척추동물,3623,Zosime comata,,절지동물
무척추동물,3625,Zosime gymnokosmosa,,절지동물
무척추동물,3626,Heterozosime tenuis,,절지동물
무척추동물,3636,Diarthrodes jindoensis,,절지동물
무척추동물,3642,Eudactylopus yokjidoensis,,절지동물
무척추동물,3655,Quinquelaophonte sominer,,절지동물
무척추동물,3656,Quinquelaophonte enormis,,절지동물
무척추동물,3658,Echinolaophonte musa,,절지동물
무척추동물,3659,Heterolaophonte discophora,,절지동물
무척추동물,3665,Paralaophonte naroensis,,절지동물
무척추동물,3666,Philippiphonte aspidosoma,,절지동물
무척추동물,3667,Strictlaophonte hupoensis,,절지동물
무척추동물,3668,Afrolaophonte koreana,,절지동물
무척추동물,3669,Pseudonychocamptus setadefectus,,절지동물
무척추동물,3682,Laophontodes georgei,,절지동물
무척추동물,3683,Bicorniphontodes huysi,,절지동물
무척추동물,3684,Bicorniphontodes lacuna,,절지동물
무척추동물,3685,Bicorniphontodes comptus,,절지동물
무척추동물,3686,Dimorphipodia changi,,절지동물
무척추동물,3687,Dendropsyllus kimi,,절지동물
무척추동물,3691,Bradypontius culicis,,절지동물
무척추동물,3700,Artotrogus muricatus,,절지동물
무척추동물,3701,Artotrogus parmatus,,절지동물
무척추동물,3706,Pteropontius cristatus,,절지동물
무척추동물,3711,Cryptopontius paracapitalis,,절지동물
무척추동물,3712,Cryptopontius bilobatus,,절지동물
무척추동물,3715,Sewellopontius pterophorus,,절지동물
무척추동물,3716,Sewellopontius macrochelatus,,절지동물
무척추동물,3717,Neopontius rectus,,절지동물
무척추동물,3718,Chejupontius variabilis,,절지동물
무척추동물,3720,Acontiophorus estivalis,,절지동물
무척추동물,3721,Acontiophorus enneamerus,,절지동물
무척추동물,3722,Acontiophorus decamerus,,절지동물
무척추동물,3723,Acontiophorus acuminatus,,절지동물
무척추동물,3728,Asterocheres siphonatus,,절지동물
무척추동물,3730,Asterocheres geminus,,절지동물
무척추동물,3731,Asterocheres scutellatus,,절지동물
무척추동물,3732,Asterocheres fici,,절지동물
무척추동물,3733,Asterocheres processus,,절지동물
무척추동물,3734,Asterocheres eurychelatus,,절지동물
무척추동물,3735,Asterocheres serratus,,절지동물
무척추동물,3736,Asterocheres nodulosus,,절지동물
무척추동물,3737,Asterocheres culicis,,절지동물
무척추동물,3738,Asterocheres spiniventer,,절지동물
무척추동물,3739,Asterocheres tridentatus,,절지동물
무척추동물,3740,Asterocheres dokdoicus,,절지동물
무척추동물,3741,Asterocheres tetraodontis,,절지동물
무척추동물,3742,Asterocheres exilis,,절지동물
무척추동물,3743,Asterocheres zodius,,절지동물
무척추동물,3747,Asterocheres banderaae,,절지동물
무척추동물,3757,Scottocheres nesobius,,절지동물
무척추동물,3758,Scottocheres jungi,,절지동물
무척추동물,3759,Thermocheres pacificus,,절지동물
무척추동물,3760,Thermocheres viridis,,절지동물
무척추동물,3761,Rhynchomyzon rostrale,,절지동물
무척추동물,3762,Amalomyzon elongatum,,절지동물
무척추동물,3763,Dokdocheres rotundus,,절지동물
무척추동물,3765,Asteropontoides parvus,,절지동물
무척추동물,3780,Parabrachiella trichiuri,,절지동물
무척추동물,3786,Brachiella thynni,,절지동물
무척추동물,3809,Entomopsyllus aplanatus,,절지동물
무척추동물,3811,Gloiopotes huttoni,,절지동물
무척추동물,3823,Lepeophtheirus sekii,,절지동물
무척추동물,3824,Lepeophtheirus hapalogenyos,,절지동물
무척추동물,3846,Caligus coryphaenae,,절지동물
무척추동물,3849,Caligus fistulariae,,절지동물
무척추동물,3854,Caligus lagocephali,,절지동물
무척추동물,3855,Caligus amblygenitalis,,절지동물
무척추동물,3858,Caligus lichiae,,절지동물
무척추동물,3859,Euryphorus brachypterus,,절지동물
무척추동물,3860,Euryphorus nordmannii,,절지동물
무척추동물,3862,Pseudocaligus longipes,,절지동물
무척추동물,3864,Lernanthropinus sphyraenae,,절지동물
무척추동물,3865,Mitrapus heteropodus,,절지동물
무척추동물,3869,Sphyrion lumpi,,절지동물
무척추동물,3872,Parartotrogus minutus,,절지동물
무척추동물,3873,Stenopontius brevicauda,,절지동물
무척추동물,3874,Stenopontius alatus,,절지동물
무척추동물,3875,Pupiformus apodus,,절지동물
무척추동물,3876,Pupiformus rugosus,,절지동물
무척추동물,3879,Scottolana jasani,,절지동물
무척추동물,3880,Scottolana daecheonensis,,절지동물
무척추동물,3881,Scottolana wonchoeli,,절지동물
무척추동물,3883,Longipedia koreana,,절지동물
무척추동물,3884,Longipedia ulleungensis,,절지동물
무척추동물,3885,Sclerochilus jejuensis,,절지동물
무척추동물,3886,Glacioloxoconcha jisepoensis,,절지동물
무척추동물,3890,Violacytherois sargassicola,,절지동물
무척추동물,3891,Cytherois gajinensis,,절지동물
무척추동물,3894,Hemicytherura kajiyamai,,절지동물
무척추동물,3895,Xestoleberis setouchiensis,,절지동물
무척추동물,3896,Xestoleberis sagamiensis,,절지동물
무척추동물,3897,Xestoleberis hujeongensis,,절지동물
무척추동물,3974,Paramaja kominatoensis,,절지동물
무척추동물,4100,Calcinus vachoni,,절지동물
무척추동물,4231,Cristimenes brucei,,절지동물
무척추동물,4232,Paraclimenes gorgonicola,,절지동물
무척추동물,4234,Mesopontonia verrucimanus,,절지동물
무척추동물,4235,Mesopontonia kimwoni,,절지동물
무척추동물,4236,Pontonides sibogae,,절지동물
무척추동물,4240,Periclimenaeus apomonosi,,절지동물
무척추동물,4241,Periclimenaeus djiboutensis,,절지동물
무척추동물,4242,Periclimenaeus karantina,,절지동물
무척추동물,4316,Anachlorocurtis commensalis,,절지동물
무척추동물,4510,Eurycletodes (Oligocletodes) vadumus,,절지동물
무척추동물,4747,Hediste atoka,,환형동물
무척추동물,4770,Owenia gomsoni,,환형동물
무척추동물,4798,Pharyngocirrus uchidai,,환형동물
무척추동물,4799,Thoracophelia foliformis,,환형동물
무척추동물,4824,Phyllocomus chinensis,,환형동물
무척추동물,4825,Anobothrus nataliae,,환형동물
무척추동물,4828,Ampharete namhaensis,,환형동물
무척추동물,4829,Ampharete koreana,,환형동물
무척추동물,4832,Auchenoplax worsfoldi,,환형동물
무척추동물,4834,Amphicteis chinensis,,환형동물
무척추동물,4850,Polydora uncinata,,환형동물
무척추동물,4858,Spio pigmentata,,환형동물
무척추동물,4870,Prionospio expansa,,환형동물
무척추동물,4873,Prionospio paradisea,,환형동물
무척추동물,4875,Prionospio saccifera,,환형동물
무척추동물,4876,Prionospio bocki,,환형동물
무척추동물,4877,Prionospio multibranchiata,,환형동물
무척추동물,4878,Prionospio membranacea,,환형동물
무척추동물,4881,Rhynchospio aciliata,,환형동물
무척추동물,4882,Rhynchospio glandulosa,,환형동물
무척추동물,4884,Magelona koreana,,환형동물
무척추동물,4885,Magelona longicornis,,환형동물
무척추동물,4886,Magelona lenticulata,,환형동물
무척추동물,4887,Magelona sachalinensis,,환형동물
무척추동물,4894,Tubificoides pollex,,환형동물
무척추동물,4895,Smithsonidrilus exspectatus,,환형동물
무척추동물,4896,Paranais orientalis,,환형동물
무척추동물,4897,Limnodriloides appendiculatus,,환형동물
무척추동물,4898,Heterodrilus koreanus,,환형동물
무척추동물,4899,Heterodrilus pentcheffi,,환형동물
무척추동물,4902,Scolelepis (Scolelepis) rubra,,환형동물
무척추동물,4910,Scolelepis (Parascolelepis) anterobranchiata,,환형동물
무척추동물,4912,Scolelepis (Parascolelepis) brunnea,,환형동물
무척추동물,4949,Capitella teleta,,환형동물
무척추동물,4958,Dasybranchus geojedoensis,,환형동물
무척추동물,4994,Paucibranchia triantennata,,환형동물
무척추동물,5001,Timarete posteria,,환형동물
무척추동물,5008,Neoamphitrite undevigintipes,,환형동물
무척추동물,5021,Conilia sinensis,,선형동물
무척추동물,5022,Desmoscolex (Desmoscolex) globiceps,,선형동물
무척추동물,5023,Desmoscolex (Desmoscolex) rotundicephalus,,선형동물
무척추동물,5024,Desmoscolex (Desmoscolex) jejuensis,,선형동물
무척추동물,5025,Acanthonchus (Seuratiella) tridentatus,,선형동물
무척추동물,5029,Belbolla koreensis,,선형동물
무척추동물,5030,Belbolla wonkimi,,선형동물
무척추동물,5033,Epacanthion hirsutum,,선형동물
무척추동물,5034,Enoploides koreanus,,선형동물
무척추동물,5035,Mesacanthion jejuensis,,선형동물
무척추동물,5036,Oxystomina elongata,,선형동물
무척추동물,5037,Halalaimus gracilis,,선형동물
무척추동물,5038,Oncholaimus tripapillatus,,선형동물
무척추동물,5039,Thalassironus koreanus,,선형동물
무척추동물,5041,Chaetonema longicorpus,,선형동물
무척추동물,5042,Sphaerolaimus gracilis,,선형동물
무척추동물,5043,Terschellingia longicaudata,,선형동물
무척추동물,5044,Pseudosteineria varisetis,,선형동물
무척추동물,5045,Pseudosteineria sinica,,선형동물
무척추동물,5046,Daptonema longiapophysis,,선형동물
무척추동물,5047,Gammanema papillatum,,선형동물
무척추동물,5048,Gammanema okhlopkovi,,선형동물
무척추동물,5049,Latronema obscuramphis,,선형동물
무척추동물,5050,Paracanthonchus yeongjongensis,,선형동물
무척추동물,5051,Paracanthonchus spongius,,선형동물
무척추동물,5055,Ptycholaimellus ocellatus,,선형동물
무척추동물,5056,Parapinnanema imbricatum,,선형동물
무척추동물,5057,Actinonema pachydermatum,,선형동물
무척추동물,5059,Spirinia koreana,,선형동물
무척추동물,5060,Onyx disparamphis,,선형동물
무척추동물,5061,Pseudochromadora typica,,선형동물
무척추동물,5062,Pseudochromadora microacantha,,선형동물
무척추동물,5063,Dracognomus elongatus,,선형동물
무척추동물,5097,Jejulaimus sinyangensis,,선형동물
무척추동물,5098,Parodontophora marina,,선형동물
무척추동물,5099,Parodontophora huoshanensis,,선형동물
무척추동물,5100,Dorylaimopsis variabilis,,선형동물
무척추동물,5101,Vasostoma brevispicula,,선형동물
무척추동물,5102,Setosabatieria hilarula,,선형동물
무척추동물,5110,Oncholaimus qingdaoensis,,선형동물
무척추동물,5111,Admirandus multicavus,,선형동물
무척추동물,5112,Pheronous donghaiensis,,선형동물
무척추동물,5113,Belbolla zhangi,,선형동물
무척추동물,5114,Belbolla hoonsooi,,선형동물
무척추동물,5115,Paranticoma tricerviseta,,선형동물
무척추동물,5117,Tricoma (Quadricoma) jejuensis,,선형동물
무척추동물,5118,Tricoma (Quadricoma) unipapillata,,선형동물
무척추동물,5119,Tricoma (Tricoma) similis,,선형동물
무척추동물,5120,Tricoma (Tricoma) breviseta,,선형동물
무척추동물,5121,Tricoma (Tricoma) donghaensis,,선형동물
무척추동물,5122,Tricoma (Tricoma) longicauda,,선형동물
무척추동물,5123,Tricoma (Tricoma) ulleungensis,,선형동물
무척추동물,5124,Tricoma (Tricoma) polyringulata,,선형동물
무척추동물,5125,Tricoma (Tricoma) fortiseta,,선형동물
무척추동물,5126,Tricoma (Tricoma) paralucida,,선형동물
무척추동물,5127,Tricoma (Tricoma) uljinensis,,선형동물
무척추동물,5131,Desmoscolex (Desmoscolex) max,,선형동물
무척추동물,5132,Desmoscolex (Desmoscolex) longispiculatus,,선형동물
무척추동물,5133,Desmoscolex (Desmoscolex) ovaliceps,,선형동물
무척추동물,5134,Desmoscolex (Desmoscolex) lanceosetatus,,선형동물
무척추동물,5135,Desmoscolex (Desmoscolex) obtusiseta,,선형동물
무척추동물,5136,Desmoscolex (Desmoscolex) delticeps,,선형동물
무척추동물,5177,Chondrosia reniformis,,해면동물
무척추동물,5282,Haliclona cylindria,,해면동물
무척추동물,5554,Clathrina mutsu,,해면동물
무척추동물,5796,Alcyonidium busanensis,,태형동물
무척추동물,5797,Alcyonidium bullitum,,태형동물
무척추동물,5798,Alcyonidium pulposum,,태형동물
무척추동물,5799,Arachnoidella protecta,,태형동물
무척추동물,5800,Penetrantia taeanata,,태형동물
무척추동물,5801,Walkeria prorepens,,태형동물
무척추동물,5804,Amathia acervata,,태형동물
무척추동물,5807,Amathia medullaris,,태형동물
무척추동물,5812,Nevianipora pulcherrima,,태형동물
무척추동물,5813,Exidmonea intercalata,,태형동물
무척추동물,5817,Tubulipora similis,,태형동물
무척추동물,5818,Hornera jeongsangi,,태형동물
무척추동물,5822,Filicrisia cygnus,,태형동물
무척추동물,5823,Bicrisia erecta,,태형동물
무척추동물,5824,Crisia cuneata,,태형동물
무척추동물,5825,Crisia elongata,,태형동물
무척추동물,5826,Crisia jejuensis,,태형동물
무척추동물,5828,Crisia spissus,,태형동물
무척추동물,5830,Primavelans glabricollaris,,태형동물
무척추동물,5831,Pacificincola perforata,,태형동물
무척추동물,5878,Thalamoporella californica,,태형동물
무척추동물,5882,Onychocella subsymmetrica,,태형동물
무척추동물,5902,Biflustra grandicella,,태형동물
무척추동물,5928,Cribrilina flavomaris,,태형동물
무척추동물,5953,Scruparia ambigua,,태형동물
무척추동물,6019,Immergentia cheongpodensis,,태형동물
무척추동물,6067,Chelyosoma siboja,,미삭동물
무척추동물,6068,Chelyosoma yezoense,,미삭동물
무척추동물,6145,Botrylloides diegensis,,미삭동물
무척추동물,6168,Brachionus rotundiformis,,무척추기타
무척추동물,6177,Hubrechtella ijimai,,무척추기타
무척추동물,6178,Lineus fuscoviridis,,무척추기타
무척추동물,6186,Tetranchyroderma hummoni,,무척추기타
무척추동물,6211,Cryptostylochus koreensis,,무척추기타
무척추동물,6213,Notocomplana koreana,,무척추기타
무척추동물,6214,Pseudostylochus okudai,,무척추기타
무척추동물,6215,Crytostylochus koreensis,,무척추기타
무척추동물,6217,Prosthiostomum asiaticum,,무척추기타
무척추동물,6218,Munseoma maculata,,무척추기타
무척추동물,6219,Golfingia (Golfingia) vulgaris vulgaris,,무척추기타
무척추동물,6223,Phascolosoma (Phascolosoma) nigrescens,,무척추기타
무척추동물,6224,Phascolosoma (Phascolosoma) granulatum,,무척추기타
무척추동물,6228,Aspidosiphon (Paraspidosiphon) steenstrupii,,무척추기타
무척추동물,6229,Kinostylochus elongatus,,무척추기타
무척추동물,6230,Condyloderes megastigma,,무척추기타
무척추동물,6231,Kinostylochus longipenis,,무척추기타
무척추동물,6232,Campyloderes macquariae,,무척추기타
무척추동물,6233,Meristoderes herranzae,,무척추기타
무척추동물,6234,Meristoderes elleae,,무척추기타
무척추동물,6235,Meristoderes imugi,,무척추기타
무척추동물,6236,Meristoderes glaber,,무척추기타
무척추동물,6237,Echinoderes obtuspinosus,,무척추기타
무척추동물,6238,Echinoderes cernunnos,,무척추기타
무척추동물,6239,Echinoderes lanceolatus,,무척추기타
무척추동물,6240,Echinoderes microaperturus,,무척추기타
무척추동물,6241,Echinoderes tchefouensis,,무척추기타
무척추동물,6242,Echinoderes aspinosus,,무척추기타
무척추동물,6243,Zelinkaderes yong,,무척추기타
무척추동물,6244,Sphenoderes poseidon,,무척추기타
무척추동물,6245,Paracentrophyes anurus,,무척추기타
무척추동물,6246,Dracoderes nidhug,,무척추기타
무척추동물,6271,Lingula adamsi,,무척추기타
무척추동물,6272,Discradisca stella,,무척추기타
무척추동물,6274,Zygonaria davidsoni,,무척추기타
무척추동물,6275,Terebratalia coreanica,,무척추기타
무척추동물,6276,Terebratulina valdiviae,,무척추기타
무척추동물,6277,Terebratulina retusa,,무척추기타
무척추동물,6278,Terebratulina japonica,,무척추기타
무척추동물,6279,Pictothyris picta,,무척추기타
무척추동물,6280,Campages mariae,,무척추기타
무척추동물,6281,Laqueus rubellus,,무척추기타
무척추동물,6294,Siphonosoma cumanense,,무척추기타
무척추동물,6296,Benedenia sekii,,무척추기타
무척추동물,6297,Anoplodiscus tai,,무척추기타
무척추동물,6298,Anoplodiscus spari,,무척추기타
무척추동물,6299,Udonella fugu,,무척추기타
무척추동물,6300,Choricotyle elongata,,무척추기타
무척추동물,6319,Phoronis australis,,무척추기타
무척추동물,6342,Hexarthra fennica,,무척추기타
식물,10,Augophyllum japonicum,,홍조류
식물,39,Dipterocladia cylindrica,,홍조류
식물,61,Bryocladia freshwateri,,홍조류
식물,63,Chondrophycus coreanus,,홍조류
식물,67,Leptosiphonia brodiei,,홍조류
식물,68,Kapraunia morroides,,홍조류
식물,69,Kapraunia amplacapilli,,홍조류
식물,70,Eutrichosiphonia sabulosia,,홍조류
식물,96,Melanothamnus yongpilii,,홍조류
식물,127,Polysiphonia muninsula,,홍조류
식물,128,Polysiphonia koreana,,홍조류
식물,129,Polysiphonia ulleungensis,,홍조류
식물,136,Laurencia decussata,,홍조류
식물,141,Laurencia pacifica,,홍조류
식물,176,Phymatolithon koreanum,,홍조류
식물,177,Phymatolithon dosungii,,홍조류
식물,180,Boreolithothamnion homoglobosum,,홍조류
식물,181,Boreolithothamnion jejuensis,,홍조류
식물,183,Boreolithothamnion acuminatum,,홍조류
식물,184,Boreolithothamnion japonicum,,홍조류
식물,246,Reinboldiella koreana,,홍조류
식물,286,Aglaothamnion inkyui,,홍조류
식물,294,Acrochaetium pacificum,,홍조류
식물,331,Plocamium luculentum,,홍조류
식물,340,Leptofauchea munseomica,,홍조류
식물,370,Pyropia vittata,,홍조류
식물,385,Neopyropia moriensis,,홍조류
식물,461,Chondracanthus chamissoi,,홍조류
식물,476,Gloiopeltis frutex,,홍조류
식물,479,Meristotheca pilulaora,,홍조류
식물,485,Pikea yoshizakii,,홍조류
식물,491,Schottera koreana,,홍조류
식물,494,Stenogramma guleopoense,,홍조류
식물,495,Ahnfeltiopsis linearis,,홍조류
식물,499,Besa divaricata,,홍조류
식물,507,Gelidium palmatum,,홍조류
식물,508,Gelidium rosulatum,,홍조류
식물,543,Lithophyllum neo-okamurae,,홍조류
식물,574,Colaconema formosanum,,홍조류
식물,591,Ahnfeltia fastigiata var. tobuchiensis,,홍조류
식물,628,Gayralia kuroshiensis,,녹조류
식물,656,Ulva lacinulata,,녹조류
식물,681,Cladophora laetevirens,,녹조류
식물,683,Cladophora gracilis,,녹조류
식물,697,Phyllodictyon robustum,,녹조류
식물,703,Blastophysa rhizopus,,녹조류
식물,707,Picochlorum geojense,,녹조류
식물,708,Closteriopsis acicularis,,녹조류
식물,726,Gloeocystis vesiculosa,,녹조류
식물,740,Bolbocoleon piliferum,,녹조류
식물,754,Endoplura gyeokpoensis,,갈조류
식물,755,Endoplura limpeticola,,갈조류
식물,759,Sungminia gladiata,,갈조류
식물,760,Sungminia asiatica,,갈조류
식물,761,Sungminia pyriformis,,갈조류
식물,762,Pseudoralfsia verrucosa,,갈조류
식물,796,Sargassum angii,,갈조류
식물,816,Pseudolithoderma subextensum,,갈조류
식물,830,Ectocarpus flagelliformis,,갈조류
식물,846,Feldmannia paradoxa,,갈조류
식물,861,Melanosiphon intestinalis,,갈조류
식물,870,Encephalophycus tuberculatus,,갈조류
식물,898,Phaeophysema sphaerocephala,,갈조류
식물,924,Ecklonia cava subsp. kurome,,갈조류
식물,936,Dictyota bartayresiana,,갈조류
식물,943,Dictyota spathulata,,갈조류
식물,955,Padina imbricata,,갈조류
원생생물,3,Fissurina bispinata,,원생동물
원생생물,4,Carpediemonas membranifera,,원생동물
원생생물,5,Barthelona vulgaris,,원생동물
원생생물,6,Chelonemonas geobuk,,원생동물
원생생물,7,Chelonemonas masanensis,,원생동물
원생생물,8,Amastigomonas mutabilis,,원생동물
원생생물,9,Amastigomonas griebenis,,원생동물
원생생물,10,Amastigomonas debruynei,,원생동물
원생생물,11,Multimonas koreensis,,원생동물
원생생물,12,Multimonas media,,원생동물
원생생물,13,Thecamonas trahens,,원생동물
원생생물,14,Metromonas grandis,,원생동물
원생생물,16,Ebria tripartita,,원생동물
원생생물,17,Cyranomonas australis,,원생동물
원생생물,24,Pseudoparamoeba garorimi,,원생동물
원생생물,27,Polyoeca dichotoma,,원생동물
원생생물,28,Diaphanoeca grandis,,원생동물
원생생물,29,Diaphanoeca multiannulata,,원생동물
원생생물,30,Acanthoeca spectabilis,,원생동물
원생생물,31,Saepicula pulchra,,원생동물
원생생물,32,Monosiga consociata,,원생동물
원생생물,33,Salpingoeca inquillata,,원생동물
원생생물,34,Salpingoeca infusionum,,원생동물
원생생물,35,Salpingoeca tuba,,원생동물
원생생물,36,Salpingoeca marina,,원생동물
원생생물,37,Salpingoeca amphoridium,,원생동물
원생생물,38,Salpingoeca camelopardula,,원생동물
원생생물,41,Stentor roeseli,,원생동물
원생생물,42,Stentor introversus,,원생동물
원생생물,43,Stentor coeruleus,,원생동물
원생생물,45,Condylostoma magnum,,원생동물
원생생물,46,Condylostoma arenarium,,원생동물
원생생물,50,Linostomella vorticella,,원생동물
원생생물,51,Gruberia calkinsi,,원생동물
원생생물,52,Gruberia lanceolata,,원생동물
원생생물,53,Anigsteinia paraclarissima,,원생동물
원생생물,54,Spirostomum yagiui,,원생동물
원생생물,56,Peritromus faurei,,원생동물
원생생물,58,Eufolliculina uhligi,,원생동물
원생생물,59,Folliculinopsis producta,,원생동물
원생생물,62,Holophrya teres,,원생동물
원생생물,63,Levicoleps taehwae,,원생동물
원생생물,64,Levicoleps biwae jejuensis,,원생동물
원생생물,66,Pinacocoleps pulcher,,원생동물
원생생물,69,Pleuronema setigerum,,원생동물
원생생물,72,Pleuronema salmastra,,원생동물
원생생물,73,Pleuronema marinum,,원생동물
원생생물,75,Pleuronema grolierei,,원생동물
원생생물,76,Schizocalyptra aeschtae,,원생동물
원생생물,77,Eurystomatella sinica,,원생동물
원생생물,78,Histiobalantium natans viridis,,원생동물
원생생물,80,Falcicyclidium citriforme,,원생동물
원생생물,82,Trichodina circinantis,,원생동물
원생생물,85,Myoschiston duplicatum,,원생동물
원생생물,86,Zoothamnium arcuatum,,원생동물
원생생물,87,Zoothamnium parahiketes,,원생동물
원생생물,88,Zoothamnium parahentscheli,,원생동물
원생생물,89,Zoothamnium plumula,,원생동물
원생생물,90,Zoothamnium grossi,,원생동물
원생생물,91,Pseudovorticella difficilis,,원생동물
원생생물,92,Pseudovorticella vestita,,원생동물
원생생물,94,Vorticella infusionum,,원생동물
원생생물,95,Vorticella convallaria,,원생동물
원생생물,96,Paralembus digitiformis,,원생동물
원생생물,98,Uronemella filificum,,원생동물
원생생물,99,Uronemita binucleata,,원생동물
원생생물,100,Homalogastra setosa,,원생동물
원생생물,101,Uronema marinum,,원생동물
원생생물,102,Uronema gallicum,,원생동물
원생생물,103,Cohnilembus verminus,,원생동물
원생생물,104,Pseudocohnilembus persalinus,,원생동물
원생생물,105,Pseudocohnilembus longisetus,,원생동물
원생생물,108,Miamiensis avidus,,원생동물
원생생물,113,Paramecium duboscqui,,원생동물
원생생물,116,Metanophrys sinensis,,원생동물
원생생물,117,Metanophrys similis,,원생동물
원생생물,118,Anteparanophrys koreana,,원생동물
원생생물,119,Mesanophrys carcini,,원생동물
원생생물,120,Frontonia schaefferi,,원생동물
원생생물,121,Frontonia subtropica,,원생동물
원생생물,122,Frontonia canadensis,,원생동물
원생생물,124,Apofrontonia jejuensis,,원생동물
원생생물,125,Cinetochilides minimus,,원생동물
원생생물,126,Plagiopyla frontata,,원생동물
원생생물,130,Protocruzia labiata,,원생동물
원생생물,134,Pseudourostyla cristatoides,,원생동물
원생생물,135,Pseudourostyla subtropica,,원생동물
원생생물,136,Tunicothrix halophila,,원생동물
원생생물,140,Holosticha pullaster,,원생동물
원생생물,143,Holosticha muuiensis,,원생동물
원생생물,145,Neobakuella aenigmatica,,원생동물
원생생물,156,Metaurostylopsis rubra,,원생동물
원생생물,161,Pseudokeronopsis parasongi,,원생동물
원생생물,165,Pseudokeronopsis pararubra,,원생동물
원생생물,169,Nothoholosticha flava,,원생동물
원생생물,175,Eutintinnus turgescens,,원생동물
원생생물,177,Eutintinnus fraknoii,,원생동물
원생생물,187,Epiplocylis undella,,원생동물
원생생물,190,Favella azorica,,원생동물
원생생물,193,Parundella caudata,,원생동물
원생생물,200,Codonellopsis parva,,원생동물
원생생물,204,Stenosemella ventricosa,,원생동물
원생생물,206,Rhabdonella spiralis,,원생동물
원생생물,207,Rhabdonella valdestriata,,원생동물
원생생물,216,Dictyocysta lepida,,원생동물
원생생물,224,Tintinnopsis baltica,,원생동물
원생생물,231,Tintinnopsis gracilis,,원생동물
원생생물,239,Helicostomella longa,,원생동물
원생생물,246,Amphisiella sinica,,원생동물
원생생물,253,Parallelostrombidium kahli,,원생동물
원생생물,254,Novistrombidium apsheronicum,,원생동물
원생생물,255,Cyrtostrombidium longisomum,,원생동물
원생생물,256,Foissneridium constrictum,,원생동물
원생생물,259,Strombidium conicum,,원생동물
원생생물,260,Strombidium sulcatum,,원생동물
원생생물,261,Strombidium crassulum,,원생동물
원생생물,262,Strombidium apolatum,,원생동물
원생생물,263,Strombidium compressum,,원생동물
원생생물,264,Strombidium stylifer,,원생동물
원생생물,265,Strombidium capitatum,,원생동물
원생생물,270,Strombidium paracalkinsi,,원생동물
원생생물,272,Propecingulum ioanum,,원생동물
원생생물,273,Varistrombidium kielum,,원생동물
원생생물,275,Ponturostyla enigmatica,,원생동물
원생생물,277,Protogastrostyla sterkii,,원생동물
원생생물,278,Allotricha mollis,,원생동물
원생생물,279,Pseudocyrtohymenides lacunae,,원생동물
원생생물,290,Steinia sphagnicola,,원생동물
원생생물,291,Heterotachysoma dragescoi,,원생동물
원생생물,293,Tetmemena polymorpha,,원생동물
원생생물,295,Trachelostyla pediculiformis,,원생동물
원생생물,297,Pelagostrobilidium conicum,,원생동물
원생생물,298,Pelagostrobilidium spirale,,원생동물
원생생물,300,Rimostrombidium multinucleatum,,원생동물
원생생물,304,Tintinnidium primitivum,,원생동물
원생생물,305,Lohmanniella oviformis,,원생동물
원생생물,306,Lynnella semiglobulosa,,원생동물
원생생물,307,Strombidinopsis chilorhax,,원생동물
원생생물,308,Strombidinopsis jeokjo,,원생동물
원생생물,309,Strombidinopsis acuminata,,원생동물
원생생물,311,Strombidinopsis elongata,,원생동물
원생생물,313,Parastrombidinopsis shimi,,원생동물
원생생물,314,Certesia quadrinucleata,,원생동물
원생생물,315,Aspidisca steini,,원생동물
원생생물,316,Aspidisca orthopogon,,원생동물
원생생물,321,Aspidisca polypoda,,원생동물
원생생물,322,Aspidisca aculeata,,원생동물
원생생물,323,Aspidisca polystyla,,원생동물
원생생물,324,Aspidisca dentata,,원생동물
원생생물,325,Aspidisca hexeris,,원생동물
원생생물,326,Aspidisca koreana,,원생동물
원생생물,327,Aspidisca major,,원생동물
원생생물,329,Euplotidium itoi,,원생동물
원생생물,330,Arcuseries warreni,,원생동물
원생생물,331,Arcuseries petzi,,원생동물
원생생물,332,Arcuseries minima,,원생동물
원생생물,335,Diophrys pauciciliata,,원생동물
원생생물,336,Diophrys quadrinucleata,,원생동물
원생생물,345,Euplotes vannus,,원생동물
원생생물,346,Euplotes parawoodruffi,,원생동물
원생생물,347,Euplotes rariseta,,원생동물
원생생물,348,Euplotes crassus,,원생동물
원생생물,349,Euplotes balteatus,,원생동물
원생생물,352,Euplotes nobilii,,원생동물
원생생물,353,Euplotes focardii,,원생동물
원생생물,354,Euplotes petzi,,원생동물
원생생물,355,Euplotes raikovi,,원생동물
원생생물,356,Euplotes orientalis,,원생동물
원생생물,357,Euplotes shini,,원생동물
원생생물,358,Euplotes corsica,,원생동물
원생생물,360,Loxodes rostrum,,원생동물
원생생물,361,Tracheloraphis dracontoides,,원생동물
원생생물,363,Dysteria derouxi,,원생동물
원생생물,365,Dysteria ovalis,,원생동물
원생생물,366,Dysteria crassipes,,원생동물
원생생물,372,Trochilia sigmoides,,원생동물
원생생물,373,Trochilioides recta,,원생동물
원생생물,380,Chilodonella uncinata,,원생동물
원생생물,381,Pseudochilodonopsis fluviatilis,,원생동물
원생생물,383,Trithigmostoma cucullulus,,원생동물
원생생물,384,Didinium gargantua,,원생동물
원생생물,388,Lacrymaria marina,,원생동물
원생생물,389,Trachelophyllum brachypharynx,,원생동물
원생생물,394,Amphileptus eigneri,,원생동물
원생생물,398,Loxophyllum chinense,,원생동물
원생생물,399,Loxophyllum shini,,원생동물
원생생물,403,Litonotus alpestris,,원생동물
원생생물,404,Mesodinium coatsi,,원생동물
원생생물,409,Zosterodasys agamaliev,,원생동물
원생생물,410,Paratontonia poopsia,,원생동물
원생생물,411,Pseudotontonia simplicidens,,원생동물
원생생물,417,Globigerinita parkerae,,원생동물
원생생물,418,Globigerinita uvula,,원생동물
원생생물,419,Globigerinita minuta,,원생동물
원생생물,420,Globigerinita glutinata,,원생동물
원생생물,421,Tenuitellinata angustiumbilicata,,원생동물
원생생물,422,Candeina nitida,,원생동물
원생생물,423,Anomalinoides colligera,,원생동물
원생생물,424,Anomalinoides deprima,,원생동물
원생생물,425,Anomalinoides welleri,,원생동물
원생생물,426,Hanzawaia boueana,,원생동물
원생생물,427,Hanzawaia nipponica,,원생동물
원생생물,428,Hanzawaia tagaensis,,원생동물
원생생물,429,Hanzawaia hamadaensis,,원생동물
원생생물,430,Pleurostomella alternans,,원생동물
원생생물,431,Caribeanella concavoformis,,원생동물
원생생물,432,Caribeanella ogiensis,,원생동물
원생생물,433,Hyalinea inflata,,원생동물
원생생물,434,Hyalinea balthica,,원생동물
원생생물,435,Planulina nipponica,,원생동물
원생생물,436,Planulina ariminensis,,원생동물
원생생물,437,Eoeponidella pulchella,,원생동물
원생생물,438,Eilohedra nipponica,,원생동물
원생생물,439,Epistominella naraensis,,원생동물
원생생물,440,Epistominella exigua,,원생동물
원생생물,441,Epistominella tamana,,원생동물
원생생물,442,Epistominella pulchella,,원생동물
원생생물,443,Pseudoparrella takayanagii,,원생동물
원생생물,444,Operculina complanata var. japonica,,원생동물
원생생물,445,Pulleniatina obliquiloculata,,원생동물
원생생물,446,Pulleniatina finalis,,원생동물
원생생물,447,Bolivina elongata,,원생동물
원생생물,448,Bolivina hamedii,,원생동물
원생생물,449,Bolivina floridana,,원생동물
원생생물,450,Bolivina pseudodifformis,,원생동물
원생생물,451,Bolivina spissa,,원생동물
원생생물,452,Bolivina vadescens,,원생동물
원생생물,453,Bolivina tokiokai,,원생동물
원생생물,454,Bolivina seminuda,,원생동물
원생생물,455,Bolivina britannica,,원생동물
원생생물,456,Bolivina compacta,,원생동물
원생생물,457,Bolivina decussata,,원생동물
원생생물,458,Bolivina hayasakai,,원생동물
원생생물,459,Bolivina koreanica,,원생동물
원생생물,460,Bolivina pseudoplicata,,원생동물
원생생물,461,Bolivina pusilla,,원생동물
원생생물,462,Bolivina rukasi,,원생동물
원생생물,463,Bolivina striatula,,원생동물
원생생물,464,Bolivina subreticulata,,원생동물
원생생물,465,Bolivina spathulata,,원생동물
원생생물,466,Bolivina robusta,,원생동물
원생생물,467,Bolivina subspinescens,,원생동물
원생생물,468,Bolivina earlandi,,원생동물
원생생물,469,Bolivina advena var. striatella,,원생동물
원생생물,470,Bolivina ordinaria,,원생동물
원생생물,471,Bolivina substriatula,,원생동물
원생생물,472,Bolivina asanoi,,원생동물
원생생물,473,Bolivina argentea,,원생동물
원생생물,474,Bolivina alata,,원생동물
원생생물,475,Bolivinellina translucens,,원생동물
원생생물,476,Brizalina subspinescens,,원생동물
원생생물,477,Sagrinella durrandii,,원생동물
원생생물,478,Fursenkoina compressa,,원생동물
원생생물,479,Fursenkoina californiensis,,원생동물
원생생물,480,Fursenkoina ishikiensis,,원생동물
원생생물,481,Fursenkoina bradyi,,원생동물
원생생물,482,Fursenkoina complanata,,원생동물
원생생물,483,Fursenkoina cornuta,,원생동물
원생생물,484,Fursenkoina pauciloculata,,원생동물
원생생물,485,Fursenkoina subacuta,,원생동물
원생생물,486,Fursenkoina davisi,,원생동물
원생생물,487,Saidovina subangularis,,원생동물
원생생물,488,Hopkinsinella glabra,,원생동물
원생생물,489,Loxostomina limbata,,원생동물
원생생물,490,Loxostomina costulata,,원생동물
원생생물,491,Virgulopsis orientalis,,원생동물
원생생물,492,Abditodentrix pseudothalmanni,,원생동물
원생생물,493,Lugdunum hantkenianum,,원생동물
원생생물,494,Neocassidulina abbreviata,,원생동물
원생생물,495,Buliminella elegantissima,,원생동물
원생생물,496,Buliminella elegantissima var. tenuis,,원생동물
원생생물,497,Buliminella tenuata,,원생동물
원생생물,498,Protoglobobulimina pupoides,,원생동물
원생생물,499,Bulimina gibba,,원생동물
원생생물,500,Bulimina tenera,,원생동물
원생생물,501,Bulimina aculeata,,원생동물
원생생물,502,Bulimina denudata,,원생동물
원생생물,503,Bulimina inflata,,원생동물
원생생물,504,Bulimina nojimaensis,,원생동물
원생생물,505,Bulimina striata,,원생동물
원생생물,506,Bulimina subcalva,,원생동물
원생생물,507,Bulimina subulata,,원생동물
원생생물,508,Bulimina elongata,,원생동물
원생생물,509,Bulimina marginata,,원생동물
원생생물,510,Bulimina subornata,,원생동물
원생생물,511,Globobulimina pacifica,,원생동물
원생생물,512,Globobulimina auriculata,,원생동물
원생생물,513,Globobulimina notovata,,원생동물
원생생물,514,Globobulimina turgida,,원생동물
원생생물,515,Globobulimina perversa,,원생동물
원생생물,516,Chiloguembelina fusiformis,,원생동물
원생생물,517,Chilostomella ovoidea,,원생동물
원생생물,518,Eubuliminella exilis,,원생동물
원생생물,519,Alabamina japonica,,원생동물
원생생물,520,Oridorsalis umbonatus,,원생동물
원생생물,521,Oridorsalis tenerus,,원생동물
원생생물,522,Ammonia aomoriensis,,원생동물
원생생물,523,Ammonia japonica,,원생동물
원생생물,524,Ammonia confertitesta,,원생동물
원생생물,525,Ammonia faceta,,원생동물
원생생물,526,Ammonia ketienziensis,,원생동물
원생생물,527,Ammonia limbatobeccarii,,원생동물
원생생물,528,Ammonia takanabensis,,원생동물
원생생물,529,Ammonia nakamurai,,원생동물
원생생물,530,Ammonia parkinsoniana,,원생동물
원생생물,531,Ammonia sillaensis,,원생동물
원생생물,532,Ammonia tepida,,원생동물
원생생물,533,Ammonia penangensis,,원생동물
원생생물,534,Ammonia pauciloculata,,원생동물
원생생물,535,Ammonia angulata,,원생동물
원생생물,536,Ammonia convexidorsa,,원생동물
원생생물,537,Ammonia multicella,,원생동물
원생생물,538,Ammonia beccarii,,원생동물
원생생물,539,Ammonia inflata,,원생동물
원생생물,540,Asterorotalia multispinosa,,원생동물
원생생물,541,Asterorotalia concinna,,원생동물
원생생물,542,Asterorotalia dentata,,원생동물
원생생물,543,Asterorotalia pulchella,,원생동물
원생생물,544,Rotalidium annectens,,원생동물
원생생물,545,Pseudorotalia indopacifica,,원생동물
원생생물,546,Pseudorotalia yabei,,원생동물
원생생물,547,Rotalinoides gaimardi,,원생동물
원생생물,548,Rotalinoides compressiuscula,,원생동물
원생생물,549,Hemirotalia foraminulosa,,원생동물
원생생물,550,Cibicidina walli,,원생동물
원생생물,551,Cibicidoides lobatulus,,원생동물
원생생물,552,Cibicidoides variabilis,,원생동물
원생생물,553,Cibicidoides pachyderma,,원생동물
원생생물,554,Cibicidoides robertsoniana,,원생동물
원생생물,555,Cibicidoides ungerianus,,원생동물
원생생물,556,Cibicidoides wuellerstorfi,,원생동물
원생생물,557,Cibicidoides subhaidingerii,,원생동물
원생생물,558,Cibicidoides pseudoungerianus,,원생동물
원생생물,559,Cibicidoides globulosus,,원생동물
원생생물,560,Heterolepa dutemplei,,원생동물
원생생물,561,Heterolepa praecincta,,원생동물
원생생물,562,Heterolepa bradyi,,원생동물
원생생물,563,Lobatula mayori,,원생동물
원생생물,564,Paracibicides hebeslucidus,,원생동물
원생생물,565,Dyocibicides biserialis,,원생동물
원생생물,566,Dyocibicides perforata,,원생동물
원생생물,567,Dyocibicides uniserialis,,원생동물
원생생물,568,Cibicides aknerianus,,원생동물
원생생물,569,Cibicides subdepressa,,원생동물
원생생물,570,Cibicides haidingeri,,원생동물
원생생물,571,Cibicides mediocris,,원생동물
원생생물,572,Cibicides inagawaensis,,원생동물
원생생물,573,Cibicides refulgens,,원생동물
원생생물,574,Cibicides sintikuensis,,원생동물
원생생물,575,Cibicides subpraecinctus,,원생동물
원생생물,576,Cibicides tabaensis,,원생동물
원생생물,577,Cibicides malloryi,,원생동물
원생생물,578,Cibicides tenuimargo,,원생동물
원생생물,579,Cibicides pseudolobatulus,,원생동물
원생생물,580,Cibicides mabahethi,,원생동물
원생생물,581,Cibicides barnetti,,원생동물
원생생물,582,Trifarina semitrigona,,원생동물
원생생물,583,Trifarina hughesi,,원생동물
원생생물,584,Trifarina angulosa,,원생동물
원생생물,585,Trifarina kokozuraensis,,원생동물
원생생물,586,Trifarina bradyi,,원생동물
원생생물,587,Trifarina carinata,,원생동물
원생생물,588,Siphouvigerina proboscidea,,원생동물
원생생물,589,Siphouvigerina pseudoampullacea,,원생동물
원생생물,590,Siphouvigerina porrecta,,원생동물
원생생물,591,Uvigerina aculeata,,원생동물
원생생물,592,Uvigerina hootsi,,원생동물
원생생물,593,Uvigerina yabei,,원생동물
원생생물,594,Uvigerina dirupta,,원생동물
원생생물,595,Uvigerina bifurcata,,원생동물
원생생물,596,Uvigerina nitidula,,원생동물
원생생물,597,Uvigerina hollicki,,원생동물
원생생물,598,Uvigerina segundoensis,,원생동물
원생생물,599,Uvigerina substriata,,원생동물
원생생물,600,Uvigerina cushmani,,원생동물
원생생물,601,Uvigerina excellens,,원생동물
원생생물,602,Uvigerina shiwoensis,,원생동물
원생생물,603,Uvigerina akitaensis,,원생동물
원생생물,604,Uvigerina canariensis,,원생동물
원생생물,605,Uvigerina schwageri,,원생동물
원생생물,606,Uvigerina yeonillensis,,원생동물
원생생물,607,Uvigerina auberiana,,원생동물
원생생물,608,Euuvigerina peregrina,,원생동물
원생생물,609,Alabaminella weddellensis,,원생동물
원생생물,610,Eponides concameratus,,원생동물
원생생물,611,Eponides yeongillmanensis,,원생동물
원생생물,612,Eponides cribrorepandus,,원생동물
원생생물,613,Eponides orientalis,,원생동물
원생생물,614,Eponides repandus,,원생동물
원생생물,615,Eponides subornatus,,원생동물
원생생물,616,Poroeponides cribroconcameratus,,원생동물
원생생물,617,Poroeponides lateralis,,원생동물
원생생물,618,Sphaeroidina bulloides,,원생동물
원생생물,619,Sphaeroidina compacta,,원생동물
원생생물,620,Siphogenerina striata,,원생동물
원생생물,621,Siphogenerina raphanus,,원생동물
원생생물,622,Siphogenerina striatula,,원생동물
원생생물,623,Rectobolivina bifrons,,원생동물
원생생물,624,Rectobolivina subbifrons,,원생동물
원생생물,625,Florilus kidoharaensis,,원생동물
원생생물,626,Florilus decorus,,원생동물
원생생물,627,Florilus labradoricus,,원생동물
원생생물,628,Florilus manpukuziensis,,원생동물
원생생물,629,Anomalinulla glabrata,,원생동물
원생생물,630,Gyroidina hangukensis,,원생동물
원생생물,631,Gyroidina keenani,,원생동물
원생생물,632,Gyroidina orbicularis,,원생동물
원생생물,633,Gyroidina umbonata,,원생동물
원생생물,634,Hansenisca soldanii,,원생동물
원생생물,635,Stainforthia exilis,,원생동물
원생생물,636,Stainforthia brevis,,원생동물
원생생물,637,Hopkinsina pacifica,,원생동물
원생생물,638,Hopkinsina shinboi,,원생동물
원생생물,639,Acervulina inhaerens,,원생동물
원생생물,640,Gypsina vesicularis,,원생동물
원생생물,641,Gypsina galapagosensis,,원생동물
원생생물,642,Planogypsina acervalis,,원생동물
원생생물,643,Sphaerogypsina globulus,,원생동물
원생생물,644,Discogypsina vesicularis,,원생동물
원생생물,645,Pseudononion japonicum,,원생동물
원생생물,646,Nonionellina labradorica,,원생동물
원생생물,647,Nonionoides grateloupii,,원생동물
원생생물,648,Nonionoides turgidus,,원생동물
원생생물,649,Nonionella magnalingua,,원생동물
원생생물,650,Nonionella auris,,원생동물
원생생물,651,Nonionella basiloba,,원생동물
원생생물,652,Nonionella stella,,원생동물
원생생물,653,Nonionella tredeca,,원생동물
원생생물,654,Nonionella pulchella,,원생동물
원생생물,655,Nonionella jacksonensis,,원생동물
원생생물,656,Nonionella miocenica var. stella,,원생동물
원생생물,657,Nonionella globosa,,원생동물
원생생물,658,Nonionella japonica,,원생동물
원생생물,659,Astrononion tasmaniensis,,원생동물
원생생물,660,Astrononion hamadaense,,원생동물
원생생물,661,Astrononion italicum,,원생동물
원생생물,662,Astrononion aomoriense,,원생동물
원생생물,663,Astrononion stelligerum,,원생동물
원생생물,664,Astrononion umbilicatulum,,원생동물
원생생물,665,Astrononion hanyudaense,,원생동물
원생생물,666,Pullenia bulloides,,원생동물
원생생물,667,Pullenia miocenica,,원생동물
원생생물,668,Pullenia apertura,,원생동물
원생생물,669,Pullenia subcarinata,,원생동물
원생생물,670,Pullenia quinqueloba,,원생동물
원생생물,671,Nonion nakosoense,,원생동물
원생생물,672,Nonion nicobarensis,,원생동물
원생생물,673,Nonion commune,,원생동물
원생생물,674,Nonion subturgidum,,원생동물
원생생물,675,Nonion akitaense,,원생동물
원생생물,676,Nonion havanense,,원생동물
원생생물,677,Baggina indica,,원생동물
원생생물,678,Baggina notoensis,,원생동물
원생생물,679,Baggina totomiensis,,원생동물
원생생물,680,Baggina philippinensis,,원생동물
원생생물,681,Baggina philippinensis subsp. pilulifera,,원생동물
원생생물,682,Rosalina irregularis,,원생동물
원생생물,683,Rosalina australis,,원생동물
원생생물,684,Rosalina floridana,,원생동물
원생생물,685,Rosalina globularis,,원생동물
원생생물,686,Rosalina bradyi,,원생동물
원생생물,687,Rosalina neoglobularis,,원생동물
원생생물,688,Rosalina orientalis,,원생동물
원생생물,689,Gavelinopsis praegeri,,원생동물
원생생물,690,Gavelinopsis isabelleana,,원생동물
원생생물,691,Neoconorbina terquemi,,원생동물
원생생물,692,Neoeponides bradyi,,원생동물
원생생물,693,Neoeponides margaritifer,,원생동물
원생생물,694,Neoeponides procerus,,원생동물
원생생물,695,Discorbis vilardeboanus,,원생동물
원생생물,696,Discorbis taiwanensis,,원생동물
원생생물,697,Discorbis chiliensis,,원생동물
원생생물,698,Rotorbis auberii,,원생동물
원생생물,699,Discorbinella nitida,,원생동물
원생생물,700,Discorbinella convexa,,원생동물
원생생물,701,Discorbinella stachi,,원생동물
원생생물,702,Discorbinella bertheloti,,원생동물
원생생물,703,Orcadia riedeli,,원생동물
원생생물,704,Haynesina germanica,,원생동물
원생생물,705,Haynesina depressula,,원생동물
원생생물,706,Helenina anderseni,,원생동물
원생생물,707,Pseudohelenina collinsi,,원생동물
원생생물,708,Tenuitella parkerae,,원생동물
원생생물,709,Globoquadrina conglomerata,,원생동물
원생생물,710,Globoquadrina venezuelana,,원생동물
원생생물,711,Globorotaloides hexagonus,,원생동물
원생생물,712,Subbotina triloculinoides,,원생동물
원생생물,713,Subbotina linaperta,,원생동물
원생생물,714,Francesita advena,,원생동물
원생생물,715,Buccella calida,,원생동물
원생생물,716,Buccella oregonensis,,원생동물
원생생물,717,Buccella daidokoensis,,원생동물
원생생물,718,Buccella frigida,,원생동물
원생생물,719,Buccella inusitata,,원생동물
원생생물,720,Buccella nipponica,,원생동물
원생생물,721,Buccella tenerrima,,원생동물
원생생물,722,Buccella bella,,원생동물
원생생물,723,Buccella tanaii,,원생동물
원생생물,724,Elphidiella kiangsuensis,,원생동물
원생생물,725,Elphidiella hannai,,원생동물
원생생물,726,Cribroelphidium excavatum,,원생동물
원생생물,727,Cribroelphidium imanishii,,원생동물
원생생물,728,Cribroelphidium selseyense,,원생동물
원생생물,729,Cribroelphidium subarcticum,,원생동물
원생생물,730,Cribroelphidium vulgare,,원생동물
원생생물,731,Cribroelphidium williamsoni,,원생동물
원생생물,732,Cribroelphidium gerthi,,원생동물
원생생물,733,Cribroelphidium poeyanum,,원생동물
원생생물,734,Cribroelphidium gunteri,,원생동물
원생생물,735,Cribroelphidium hallandense,,원생동물
원생생물,736,Cribroelphidium magellanicum,,원생동물
원생생물,737,Cribroelphidium incertum,,원생동물
원생생물,738,Protelphidium compressum,,원생동물
원생생물,739,Elphidium bartletti,,원생동물
원생생물,740,Elphidium hokkaidoense,,원생동물
원생생물,741,Elphidium kusiroense,,원생동물
원생생물,742,Elphidium poeyanum,,원생동물
원생생물,743,Elphidium tsudai,,원생동물
원생생물,744,Elphidium hispidulum,,원생동물
원생생물,745,Elphidium wordeni,,원생동물
원생생물,746,Elphidium aculeatum,,원생동물
원생생물,747,Elphidium asiaticum,,원생동물
원생생물,748,Elphidium complanatum,,원생동물
원생생물,749,Elphidium reticulosum,,원생동물
원생생물,750,Elphidium sagrum,,원생동물
원생생물,751,Elphidium subincertum,,원생동물
원생생물,752,Elphidium yumotoense,,원생동물
원생생물,753,Elphidium craticulatum,,원생동물
원생생물,754,Elphidium fichtelianum,,원생동물
원생생물,755,Elphidium macellum,,원생동물
원생생물,756,Elphidium advenum subsp. tongaense,,원생동물
원생생물,757,Elphidium fax barbarense,,원생동물
원생생물,758,Elphidium crispum,,원생동물
원생생물,759,Elphidium inchonense,,원생동물
원생생물,760,Elphidium kaneharai,,원생동물
원생생물,761,Elphidium lene,,원생동물
원생생물,762,Elphidium ozawai,,원생동물
원생생물,763,Elphidium pilasense,,원생동물
원생생물,764,Elphidium hughesi var. foraminosum,,원생동물
원생생물,765,Elphidium advenum subsp. limbatum,,원생동물
원생생물,766,Elphidium advenum,,원생동물
원생생물,767,Elphidium maorium,,원생동물
원생생물,768,Elphidium excavatum subsp. clavatum,,원생동물
원생생물,769,Elphidium somaense,,원생동물
원생생물,770,Elphidium albiumbilicatum,,원생동물
원생생물,771,Elphidium indicum,,원생동물
원생생물,772,Stomoloculina multangula,,원생동물
원생생물,773,Cribrononion porisuturalis,,원생동물
원생생물,774,Porosononion granosum,,원생동물
원생생물,775,Pseudoeponides nakazatoensis,,원생동물
원생생물,776,Beella megastoma,,원생동물
원생생물,777,Beella digitata,,원생동물
원생생물,778,Globigerina helicina,,원생동물
원생생물,779,Globigerina bulloides,,원생동물
원생생물,780,Globigerina ciperoensis,,원생동물
원생생물,781,Globigerina falconensis,,원생동물
원생생물,782,Globigerina parabulloides,,원생동물
원생생물,783,Globigerina praebulloides,,원생동물
원생생물,784,Globigerina atlantisae,,원생동물
원생생물,785,Globigerina hexagona,,원생동물
원생생물,786,Globigerina weissi,,원생동물
원생생물,787,Globigerina bermudezi,,원생동물
원생생물,788,Globigerina umbilicata,,원생동물
원생생물,789,Globigerina quadrilatera,,원생동물
원생생물,790,Globigerina cariacoensis,,원생동물
원생생물,791,Globigerina trilocularis,,원생동물
원생생물,792,Globigerinoides tenellus,,원생동물
원생생물,793,Globigerinoides conglobatus,,원생동물
원생생물,794,Globigerinoides quadrilobatus,,원생동물
원생생물,795,Globigerinoides elongatus,,원생동물
원생생물,796,Globigerinoides extremus,,원생동물
원생생물,797,Globigerinoides ruber,,원생동물
원생생물,798,Globigerinoides bollii,,원생동물
원생생물,799,Globigerinoides obliquus,,원생동물
원생생물,800,Globigerinoides immatura,,원생동물
원생생물,801,Trilobatus sacculifer,,원생동물
원생생물,802,Trilobatus sicanus,,원생동물
원생생물,803,Trilobatus trilobus,,원생동물
원생생물,804,Globigerinella obesa,,원생동물
원생생물,805,Globigerinella pseudobesa,,원생동물
원생생물,806,Globigerinella siphonifera,,원생동물
원생생물,807,Globigerinella calida,,원생동물
원생생물,808,Globoturborotalita apertura,,원생동물
원생생물,809,Globoturborotalita connecta,,원생동물
원생생물,810,Globoturborotalita nepenthes,,원생동물
원생생물,811,Globoturborotalita rubescens,,원생동물
원생생물,812,Globoturborotalita woodi,,원생동물
원생생물,813,Globoturborotalita brazieri,,원생동물
원생생물,814,Orbulina universa,,원생동물
원생생물,815,Orbulina suturalis,,원생동물
원생생물,816,Turborotalita humilis,,원생동물
원생생물,817,Turborotalita quinqueloba,,원생동물
원생생물,818,Catapsydrax dissimilis,,원생동물
원생생물,819,Catapsydrax unicavus,,원생동물
원생생물,820,Catapsydrax parvulus,,원생동물
원생생물,821,Sphaeroidinella dehiscens,,원생동물
원생생물,822,Chrysalidinella dimorpha,,원생동물
원생생물,823,Fijiella simplex,,원생동물
원생생물,824,Reussella aculeata,,원생동물
원생생물,825,Reussella haizumensis,,원생동물
원생생물,826,Reussella aequa,,원생동물
원생생물,827,Reussella pacifica,,원생동물
원생생물,828,Reussella spinulosa,,원생동물
원생생물,829,Tosaia hanzawai,,원생동물
원생생물,830,Gallitellia vivans,,원생동물
원생생물,831,Cymbaloporetta cifellii,,원생동물
원생생물,832,Cymbaloporetta bradyi,,원생동물
원생생물,833,Cymbaloporetta squammosa,,원생동물
원생생물,834,Mississippina chathamensis,,원생동물
원생생물,835,Mississippina planiformis,,원생동물
원생생물,836,Pararotalia nipponica,,원생동물
원생생물,837,Pararotalia ozawai,,원생동물
원생생물,838,Neorotalia calcar,,원생동물
원생생물,839,Calcarina mayori,,원생동물
원생생물,840,Murrayinella minuta,,원생동물
원생생물,841,Murrayinella murrayi,,원생동물
원생생물,842,Murrayinella globosa,,원생동물
원생생물,843,Rotaliella chasteri,,원생동물
원생생물,844,Porosorotalia makiyamai,,원생동물
원생생물,845,Cancris auricula,,원생동물
원생생물,846,Cancris carinatus,,원생동물
원생생물,847,Cancris oblongus,,원생동물
원생생물,848,Cancris mexicanus,,원생동물
원생생물,849,Cancris peroblongus,,원생동물
원생생물,850,Valvulineria asanoi,,원생동물
원생생물,851,Valvulineria araucana,,원생동물
원생생물,852,Valvulineria candeiana,,원생동물
원생생물,853,Valvulineria rugosa,,원생동물
원생생물,854,Valvulineria sadonica,,원생동물
원생생물,855,Valvulineria nipponica,,원생동물
원생생물,856,Valvulineria hamanakoensis,,원생동물
원생생물,857,Valvulineria japonica,,원생동물
원생생물,858,Valvulineria gunjii,,원생동물
원생생물,859,Valvulineria danvillensis,,원생동물
원생생물,860,Gyroidinoides kuwanoi,,원생동물
원생생물,861,Gyroidinoides nipponica,,원생동물
원생생물,862,Gyroidinoides cushmani,,원생동물
원생생물,863,Ashbrookia tuberculata,,원생동물
원생생물,864,Patellinella inconspicua,,원생동물
원생생물,865,Patellinella hanzawai,,원생동물
원생생물,866,Melonis affinis,,원생동물
원생생물,867,Melonis pacificum,,원생동물
원생생물,868,Melonis parkerae,,원생동물
원생생물,869,Melonis pompilioides,,원생동물
원생생물,870,Melonis barleeanus,,원생동물
원생생물,871,Bolivinella seminuda,,원생동물
원생생물,872,Bolivinella humilis,,원생동물
원생생물,873,Bolivinella pacifica,,원생동물
원생생물,874,Neogloboquadrina dutertrei,,원생동물
원생생물,875,Neogloboquadrina continuosa,,원생동물
원생생물,876,Neogloboquadrina incompta,,원생동물
원생생물,877,Neogloboquadrina nobensis,,원생동물
원생생물,878,Neogloboquadrina pachyderma,,원생동물
원생생물,879,Neogloboquadrina humerosa,,원생동물
원생생물,880,Neogloboquadrina acostaensis,,원생동물
원생생물,881,Globoconella puncticulata,,원생동물
원생생물,882,Dentigloborotalia anfracta,,원생동물
원생생물,883,Berggrenia pumilio,,원생동물
원생생물,884,Paragloborotalia nana,,원생동물
원생생물,885,Paragloborotalia bella,,원생동물
원생생물,886,Paragloborotalia acrostoma,,원생동물
원생생물,887,Globorotalia menardii,,원생동물
원생생물,888,Globorotalia scitula,,원생동물
원생생물,889,Globorotalia hirsuta,,원생동물
원생생물,890,Globorotalia gigantea,,원생동물
원생생물,891,Globorotalia inflata,,원생동물
원생생물,892,Globorotalia laeta,,원생동물
원생생물,893,Globorotalia praescitula,,원생동물
원생생물,894,Globorotalia theyeri,,원생동물
원생생물,895,Globorotalia ungulata,,원생동물
원생생물,896,Globorotalia zealandica,,원생동물
원생생물,897,Globorotalia oceanica,,원생동물
원생생물,898,Globorotalia truncatulinoides,,원생동물
원생생물,899,Globorotalia crassaformis,,원생동물
원생생물,900,Globorotalia mayeri,,원생동물
원생생물,901,Globorotalia scitula subsp. praescitula,,원생동물
원생생물,902,Globorotalia crassula,,원생동물
원생생물,903,Globorotalia bykovae,,원생동물
원생생물,904,Globorotalia tumida,,원생동물
원생생물,905,Globorotalia siakensis,,원생동물
원생생물,906,Siphonina tubulosa,,원생동물
원생생물,907,Glabratella globosa,,원생동물
원생생물,908,Glabratella australensis,,원생동물
원생생물,909,Glabratella millettii,,원생동물
원생생물,910,Pileolina patelliformis,,원생동물
원생생물,911,Truncoheronallenia rarescens,,원생동물
원생생물,912,Planoglabratella opercularis,,원생동물
원생생물,913,Planoglabratella nakamurai,,원생동물
원생생물,914,Planoglabratella subopercularis,,원생동물
원생생물,915,Evolvocassidulina tenuis,,원생동물
원생생물,916,Paracassidulina sulcata,,원생동물
원생생물,917,Paracassidulina nipponensis,,원생동물
원생생물,918,Paracassidulina quasicarinata,,원생동물
원생생물,919,Paracassidulina sagamiensis,,원생동물
원생생물,920,Paracassidulina miuraensis,,원생동물
원생생물,921,Cassidulina asanoi,,원생동물
원생생물,922,Cassidulina cushmani,,원생동물
원생생물,923,Cassidulina simpsonsbayensis,,원생동물
원생생물,924,Cassidulina limbata,,원생동물
원생생물,925,Cassidulina carinata,,원생동물
원생생물,926,Cassidulina kazusaensis,,원생동물
원생생물,927,Cassidulina laevigata,,원생동물
원생생물,928,Cassidulina sublimbata,,원생동물
원생생물,929,Cassidulina teretis,,원생동물
원생생물,930,Cassidulina translucens,,원생동물
원생생물,931,Cassidulina reniforme,,원생동물
원생생물,932,Islandiella helenae,,원생동물
원생생물,933,Islandiella californica,,원생동물
원생생물,934,Islandiella norcrossi,,원생동물
원생생물,935,Islandiella yabei,,원생동물
원생생물,936,Islandiella japonica,,원생동물
원생생물,937,Cassidulinoides parkeriana,,원생동물
원생생물,938,Cassidulinoides kuwanoi,,원생동물
원생생물,939,Cassidulinoides mexicana,,원생동물
원생생물,940,Globocassidulina parva,,원생동물
원생생물,941,Globocassidulina crassa,,원생동물
원생생물,942,Globocassidulina depressa,,원생동물
원생생물,943,Globocassidulina kattoi,,원생동물
원생생물,944,Globocassidulina oriangulata,,원생동물
원생생물,945,Globocassidulina venustas,,원생동물
원생생물,946,Globocassidulina globosa,,원생동물
원생생물,947,Globocassidulina setanaensis,,원생동물
원생생물,948,Globocassidulina subglobosa,,원생동물
원생생물,949,Takayanagia delicata,,원생동물
원생생물,950,Amphistegina radiata,,원생동물
원생생물,951,Pegidia dubia,,원생동물
원생생물,952,Eggerelloides scaber,,원생동물
원생생물,953,Eggerelloides advenus,,원생동물
원생생물,954,Karrerulina conversa,,원생동물
원생생물,955,Proteonina compressa,,원생동물
원생생물,956,Ammosphaeroidina sphaeroidiniformis,,원생동물
원생생물,957,Recurvoidella bradyi,,원생동물
원생생물,958,Cribrostomoides kosterensis,,원생동물
원생생물,959,Cribrostomoides evoluta,,원생동물
원생생물,960,Cribrostomoides nitida,,원생동물
원생생물,961,Cribrostomoides subglobosus,,원생동물
원생생물,962,Morulaeplecta bulbosa,,원생동물
원생생물,963,Spiroplectammina sagittula,,원생동물
원생생물,964,Spiroplectammina biformis,,원생동물
원생생물,965,Spiroplectammina higuchii,,원생동물
원생생물,966,Spiroplectammina filiformis,,원생동물
원생생물,967,Spiroplectammina henmii,,원생동물
원생생물,968,Spiroplectinella neoserrata,,원생동물
원생생물,969,Tritaxia donghaiensis,,원생동물
원생생물,970,Tritaxia tricarinata,,원생동물
원생생물,971,Ammobaculites cylindricus,,원생동물
원생생물,972,Ammobaculites obliquus,,원생동물
원생생물,973,Ammobaculites cubensis,,원생동물
원생생물,974,Ammobaculites exiguus,,원생동물
원생생물,975,Ammobaculites filiformis,,원생동물
원생생물,976,Ammobaculites agglutinans,,원생동물
원생생물,977,Ammobaculites formosensis,,원생동물
원생생물,978,Ammobaculites yumotoensis,,원생동물
원생생물,979,Ammotium salsum,,원생동물
원생생물,980,Kutsevella labytnnangensis,,원생동물
원생생물,981,Ammomarginulina catenulata,,원생동물
원생생물,982,Ammomarginulina troptunensis,,원생동물
원생생물,983,Spirolocammina tenuis,,원생동물
원생생물,984,Ammoglobigerina pygmaea,,원생동물
원생생물,985,Ammoglobigerina globigeriniformis,,원생동물
원생생물,987,Portatrochammina pacifica,,원생동물
원생생물,988,Polystomammina nitida,,원생동물
원생생물,989,Trochamminopsis xishaensis,,원생동물
원생생물,990,Tritaxis fusca,,원생동물
원생생물,991,Balticammina pseudomacrescens,,원생동물
원생생물,992,Paratrochammina charlottensis,,원생동물
원생생물,993,Paratrochammina simplissima,,원생동물
원생생물,994,Paratrochammina madeirae,,원생동물
원생생물,995,Trochammina japonica,,원생동물
원생생물,996,Trochammina hadai,,원생동물
원생생물,997,Trochammina simplex,,원생동물
원생생물,998,Trochammina inflata,,원생동물
원생생물,999,Jadammina macrescens,,원생동물
원생생물,1000,Deuterammina discorbis,,원생동물
원생생물,1001,Deuterammina rotaliformis,,원생동물
원생생물,1002,Rotaliammina trumbulli,,원생동물
원생생물,1003,Haplophragmoides porrectus,,원생동물
원생생물,1004,Haplophragmoides wilberti,,원생동물
원생생물,1005,Haplophragmoides advena,,원생동물
원생생물,1006,Haplophragmoides taiwanensis,,원생동물
원생생물,1007,Haplophragmoides columbiensis,,원생동물
원생생물,1008,Haplophragmoides renzi,,원생동물
원생생물,1009,Haplophragmoides emaciatia,,원생동물
원생생물,1010,Haplophragmoides manilaensis,,원생동물
원생생물,1011,Haplophragmoides canariensis,,원생동물
원생생물,1012,Haplophragmoides compressus,,원생동물
원생생물,1013,Labrospira columbiensis,,원생동물
원생생물,1014,Labrospira crassimargo,,원생동물
원생생물,1015,Veleroninoides wiesneri,,원생동물
원생생물,1016,Veleroninoides scitulus,,원생동물
원생생물,1017,Buzasina ringens,,원생동물
원생생물,1018,Caronia exilis,,원생동물
원생생물,1019,Caronia silvestrii,,원생동물
원생생물,1020,Remaneica kellettae,,원생동물
원생생물,1021,Falsagglutinella angularis,,원생동물
원생생물,1022,Hormosinella gracilis,,원생동물
원생생물,1023,Hormosinella distans,,원생동물
원생생물,1024,Archimerismus arenaceus,,원생동물
원생생물,1025,Gaudryina niigataensis,,원생동물
원생생물,1026,Gaudryina triangularis,,원생동물
원생생물,1027,Gaudryina karihaensis,,원생동물
원생생물,1028,Gaudryina ogasaensis,,원생동물
원생생물,1029,Gaudryina quadrangularis,,원생동물
원생생물,1030,Gaudryina arenaria,,원생동물
원생생물,1031,Gaudryina yabei,,원생동물
원생생물,1032,Gaudryina matusimai,,원생동물
원생생물,1033,Gaudryina subglabrata,,원생동물
원생생물,1034,Gaudryina robusta,,원생동물
원생생물,1035,Verneuilina tricarinata,,원생동물
원생생물,1036,Gaudryinella japonica,,원생동물
원생생물,1037,Discammina compressa,,원생동물
원생생물,1038,Ammoscalaria pseudospiralis,,원생동물
원생생물,1039,Ammoscalaria compressa,,원생동물
원생생물,1040,Nouria polymorphinoides,,원생동물
원생생물,1041,Nouria armata,,원생동물
원생생물,1042,Nouria foliacea,,원생동물
원생생물,1043,Nouria sinensis,,원생동물
원생생물,1044,Leptohalysis scotti,,원생동물
원생생물,1045,Reophax fusiformis,,원생동물
원생생물,1046,Reophax curtus,,원생동물
원생생물,1047,Reophax paucus,,원생동물
원생생물,1048,Reophax enormis,,원생동물
원생생물,1049,Reophax mankowskii,,원생동물
원생생물,1050,Reophax nana,,원생동물
원생생물,1051,Reophax platyloculus,,원생동물
원생생물,1052,Reophax scorpiurus,,원생동물
원생생물,1053,Reophax excentricus,,원생동물
원생생물,1054,Reophax hempsteadensis,,원생동물
원생생물,1055,Reophax subfusiformis,,원생동물
원생생물,1056,Nodulina dentaliniformis,,원생동물
원생생물,1057,Textulariella barrettii,,원생동물
원생생물,1058,Cyclammina trullissata,,원생동물
원생생물,1059,Cyclammina cancellata,,원생동물
원생생물,1060,Cyclammina hemiammonitiformis,,원생동물
원생생물,1061,Cyclammina pusilla,,원생동물
원생생물,1062,Cyclammina placenta,,원생동물
원생생물,1063,Cyclammina incisa,,원생동물
원생생물,1064,Cyclammina orbicularis,,원생동물
원생생물,1065,Verneuilinulla propinqua,,원생동물
원생생물,1066,Alliatina variabilis,,원생동물
원생생물,1067,Robertina tasmanica,,원생동물
원생생물,1068,Robertinoides bradyi,,원생동물
원생생물,1069,Geminospira simaensis,,원생동물
원생생물,1070,Lamarckina scabra,,원생동물
원생생물,1071,Hoeglundina lucidiformis,,원생동물
원생생물,1072,Hoeglundina elegans,,원생동물
원생생물,1073,Clavulina yabei subsp. akiensis,,원생동물
원생생물,1074,Clavulina tokaiensis,,원생동물
원생생물,1075,Clavulina yabei,,원생동물
원생생물,1076,Goesella schencki,,원생동물
원생생물,1077,Goesella rotundata,,원생동물
원생생물,1078,Cylindroclavulina bradyi,,원생동물
원생생물,1079,Pseudogaudryina pacifica,,원생동물
원생생물,1080,Pseudogaudryina ishikiensis,,원생동물
원생생물,1081,Siphoniferoides siphonifer,,원생동물
원생생물,1082,Pseudoclavulina serventyi,,원생동물
원생생물,1083,Pseudoclavulina juncea,,원생동물
원생생물,1084,Rudigaudryina inepta,,원생동물
원생생물,1085,Martinottiella nodulosa,,원생동물
원생생물,1086,Martinottiella communis,,원생동물
원생생물,1087,Martinottiella bradyana tarukiensis,,원생동물
원생생물,1088,Karreriella bradyi,,원생동물
원생생물,1089,Karreriella siphonella,,원생동물
원생생물,1090,Karreriella baccata var. japonica,,원생동물
원생생물,1091,Eggerella australis,,원생동물
원생생물,1092,Eggerella bradyi,,원생동물
원생생물,1093,Eggerella pusilla,,원생동물
원생생물,1094,Dorothia goesii,,원생동물
원생생물,1095,Bigenerina taiwanica,,원생동물
원생생물,1096,Textularia agglutinans,,원생동물
원생생물,1097,Textularia cuneata,,원생동물
원생생물,1098,Textularia aokii,,원생동물
원생생물,1099,Textularia articulata,,원생동물
원생생물,1100,Textularia candeiana,,원생동물
원생생물,1101,Textularia conica,,원생동물
원생생물,1102,Textularia foliacea,,원생동물
원생생물,1103,Textularia higoensis,,원생동물
원생생물,1104,Textularia mexicana,,원생동물
원생생물,1105,Textularia orbica,,원생동물
원생생물,1106,Textularia paragglutinans,,원생동물
원생생물,1107,Textularia lythostrota,,원생동물
원생생물,1108,Textularia fistula,,원생동물
원생생물,1109,Textularia mariae,,원생동물
원생생물,1110,Textularia pseudogramen,,원생동물
원생생물,1111,Textularia secasensis,,원생동물
원생생물,1112,Textularia semialata,,원생동물
원생생물,1113,Textularia undulatiformis,,원생동물
원생생물,1114,Textularia stricta,,원생동물
원생생물,1115,Textularia earlandi,,원생동물
원생생물,1116,Textularia rugosa,,원생동물
원생생물,1117,Textularia oceanica,,원생동물
원생생물,1118,Sahulia conica,,원생동물
원생생물,1119,Karrerotextularia curta,,원생동물
원생생물,1120,Siphotextularia saulcyana,,원생동물
원생생물,1121,Siphotextularia concava,,원생동물
원생생물,1122,Siphotextularia mestayerae,,원생동물
원생생물,1123,Hippocrepina indivisa,,원생동물
원생생물,1124,Saccammina sphaerica,,원생동물
원생생물,1125,Lagenammina difflugiformis,,원생동물
원생생물,1126,Lagenammina tabulata,,원생동물
원생생물,1127,Lagenammina arenulata,,원생동물
원생생물,1128,Lagenammina bulbosa,,원생동물
원생생물,1129,Lagenammina laguncula,,원생동물
원생생물,1130,Sorosphaera consociata,,원생동물
원생생물,1131,Sorosphaera confusa,,원생동물
원생생물,1132,Pelosina cylindrica,,원생동물
원생생물,1133,Psammatodendron arborescens,,원생동물
원생생물,1134,Rhabdammina abyssorum,,원생동물
원생생물,1135,Bathysiphon alexanderi,,원생동물
원생생물,1136,Bathysiphon californicus,,원생동물
원생생물,1137,Psammosiphonella cylindrica,,원생동물
원생생물,1138,Hyperammina elongata,,원생동물
원생생물,1139,Hyperammina rugosa,,원생동물
원생생물,1140,Hyperammina friabilis,,원생동물
원생생물,1141,Capsammina crassa,,원생동물
원생생물,1142,Planispirillina inaequalis,,원생동물
원생생물,1143,Planispirillina denticulogranulata,,원생동물
원생생물,1144,Glomospira gordialis,,원생동물
원생생물,1145,Ammodiscus minutissimus,,원생동물
원생생물,1146,Ammodiscus incertus,,원생동물
원생생물,1147,Arenoturrispirillina catinus,,원생동물
원생생물,1148,Spirillina vivipara,,원생동물
원생생물,1149,Patellina corrugata,,원생동물
원생생물,1150,Gordiospira fragilis,,원생동물
원생생물,1151,Miliammina lata,,원생동물
원생생물,1152,Miliammina obliqua,,원생동물
원생생물,1153,Miliammina fusca,,원생동물
원생생물,1154,Silicosigmoilina abyssalica,,원생동물
원생생물,1155,Spirosigmoilinella compressa,,원생동물
원생생물,1156,Sinuloculina subsphaeroides,,원생동물
원생생물,1157,Marginopora vertebralis,,원생동물
원생생물,1158,Wiesnerella auriculata,,원생동물
원생생물,1159,Trisegmentina compressa,,원생동물
원생생물,1160,Vertebralina striata,,원생동물
원생생물,1161,Adelosina reticulata,,원생동물
원생생물,1162,Adelosina milletti,,원생동물
원생생물,1163,Adelosina depressa,,원생동물
원생생물,1164,Cribrolinoides curta,,원생동물
원생생물,1165,Pseudohauerina fragilissima,,원생동물
원생생물,1166,Pseudohauerinella orientalis,,원생동물
원생생물,1167,Cornuloculina inconstans,,원생동물
원생생물,1168,Spirophthalmidium tenuiseptatum,,원생동물
원생생물,1169,Edentostomina cultrata,,원생동물
원생생물,1170,Nummulopyrgo paraglobula,,원생동물
원생생물,1171,Spiroloculina antillarum,,원생동물
원생생물,1172,Spiroloculina elevata,,원생동물
원생생물,1173,Spiroloculina cushmani,,원생동물
원생생물,1174,Spiroloculina incisa,,원생동물
원생생물,1175,Spiroloculina tenuimargo,,원생동물
원생생물,1176,Spiroloculina fragilis,,원생동물
원생생물,1177,Spiroloculina subimpressa,,원생동물
원생생물,1178,Spiroloculina angulata,,원생동물
원생생물,1179,Spiroloculina corrugata,,원생동물
원생생물,1180,Spiroloculina elegans,,원생동물
원생생물,1181,Spiroloculina excisa,,원생동물
원생생물,1182,Spiroloculina lucida,,원생동물
원생생물,1183,Spiroloculina rugosa,,원생동물
원생생물,1184,Spiroloculina depressa,,원생동물
원생생물,1185,Spiroloculina albatrossi,,원생동물
원생생물,1186,Spiroloculina communis,,원생동물
원생생물,1187,Spiroloculina excavata,,원생동물
원생생물,1188,Spiroloculina manifesta,,원생동물
원생생물,1189,Inaequalina affixa,,원생동물
원생생물,1190,Nubecularia lucifuga,,원생동물
원생생물,1191,Nodophthalmidium simplex,,원생동물
원생생물,1192,Affinetrina quadrilateralis,,원생동물
원생생물,1193,Cycloforina contorta,,원생동물
원생생물,1194,Cycloforina granulocostata,,원생동물
원생생물,1195,Cycloforina sidebottomi,,원생동물
원생생물,1196,Miliolinella lutea,,원생동물
원생생물,1197,Miliolinella circularis,,원생동물
원생생물,1198,Miliolinella enoplostoma,,원생동물
원생생물,1199,Miliolinella inflata,,원생동물
원생생물,1200,Miliolinella quinquangula,,원생동물
원생생물,1201,Miliolinella subrotunda,,원생동물
원생생물,1202,Miliolinella elongata,,원생동물
원생생물,1203,Miliolinella oceanica,,원생동물
원생생물,1204,Pseudotriloculina rotunda,,원생동물
원생생물,1205,Pseudotriloculina patagonica,,원생동물
원생생물,1206,Triloculina terquemiana,,원생동물
원생생물,1207,Triloculina elongotricarinata,,원생동물
원생생물,1208,Triloculina terquemiana subsp. laevisiformis,,원생동물
원생생물,1209,Triloculina trigonula,,원생동물
원생생물,1210,Triloculina tricarinata,,원생동물
원생생물,1211,Triloculina anceps,,원생동물
원생생물,1212,Triloculina oblonga,,원생동물
원생생물,1213,Triloculina ornata,,원생동물
원생생물,1214,Triloculina sommeri,,원생동물
원생생물,1215,Triloculina suttuensis,,원생동물
원생생물,1216,Triloculinella pseudooblonga,,원생동물
원생생물,1217,Triloculinella sublineata,,원생동물
원생생물,1218,Pyrgo oblonga,,원생동물
원생생물,1219,Pyrgo elongata,,원생동물
원생생물,1220,Pyrgo sarsi,,원생동물
원생생물,1221,Pyrgo inornata,,원생동물
원생생물,1222,Pyrgo laevis,,원생동물
원생생물,1223,Pyrgo phlegeri,,원생동물
원생생물,1224,Pyrgo subsphaerica,,원생동물
원생생물,1225,Pyrgo ezo,,원생동물
원생생물,1226,Pyrgo cheongi,,원생동물
원생생물,1227,Pyrgo clypeata,,원생동물
원생생물,1228,Pyrgo depressa,,원생동물
원생생물,1229,Pyrgo murrhina,,원생동물
원생생물,1230,Pyrgo ringens,,원생동물
원생생물,1231,Pyrgo williamsoni,,원생동물
원생생물,1232,Pyrgo yabei,,원생동물
원생생물,1233,Pyrgoella irregularis,,원생동물
원생생물,1234,Spiroglutina asperula,,원생동물
원생생물,1235,Spirosigmoilina tenuis,,원생동물
원생생물,1236,Siphonaperta dilatata,,원생동물
원생생물,1237,Siphonaperta wiesneri,,원생동물
원생생물,1238,Siphonaperta agglutinata,,원생동물
원생생물,1239,Siphonaperta arenata,,원생동물
원생생물,1240,Siphonaperta aspera,,원생동물
원생생물,1241,Siphonaperta distorqueata,,원생동물
원생생물,1242,Siphonaperta inculta,,원생동물
원생생물,1243,Siphonaperta macbeathi,,원생동물
원생생물,1244,Siphonaperta sabulosa,,원생동물
원생생물,1245,Sigmoilopsis elliptica,,원생동물
원생생물,1246,Sigmoilopsis minuta,,원생동물
원생생물,1247,Sigmoilopsis schlumbergeri,,원생동물
원생생물,1248,Sigmoilopsis moyi,,원생동물
원생생물,1249,Flintinoides labiosa,,원생동물
원생생물,1250,Sigmoilina victoriensis,,원생동물
원생생물,1251,Sigmoilina sigmoidea,,원생동물
원생생물,1252,Sigmopyrgo vespertilio,,원생동물
원생생물,1253,Ammomassilina alveoliniformis,,원생동물
원생생물,1254,Massilina laevigata,,원생동물
원생생물,1255,Massilina secans,,원생동물
원생생물,1256,Biloculinella cowlitzensis,,원생동물
원생생물,1257,Cruciloculina asanoi,,원생동물
원생생물,1258,Pseudoflintina crassatina,,원생동물
원생생물,1259,Pseudolachlanella slitella,,원생동물
원생생물,1260,Proemassilina arenaria,,원생동물
원생생물,1261,Schlumbergerina alveoliniformis,,원생동물
원생생물,1262,Schlumbergerina occidentalis,,원생동물
원생생물,1263,Quinqueloculina impressa,,원생동물
원생생물,1264,Quinqueloculina tropicalis,,원생동물
원생생물,1265,Quinqueloculina differens,,원생동물
원생생물,1266,Quinqueloculina rotunda,,원생동물
원생생물,1267,Quinqueloculina inaequalis,,원생동물
원생생물,1268,Quinqueloculina polygona,,원생동물
원생생물,1269,Quinqueloculina subagglutinata,,원생동물
원생생물,1270,Quinqueloculina stalkeri,,원생동물
원생생물,1271,Quinqueloculina reticulata,,원생동물
원생생물,1272,Quinqueloculina subcuneata,,원생동물
원생생물,1273,Quinqueloculina hasimotoi,,원생동물
원생생물,1274,Quinqueloculina anguina,,원생동물
원생생물,1275,Quinqueloculina aspera,,원생동물
원생생물,1276,Quinqueloculina bicostata,,원생동물
원생생물,1277,Quinqueloculina elongata,,원생동물
원생생물,1278,Quinqueloculina parvaggluta,,원생동물
원생생물,1279,Quinqueloculina seminulangulata,,원생동물
원생생물,1280,Quinqueloculina latidentella,,원생동물
원생생물,1281,Quinqueloculina oblonga,,원생동물
원생생물,1282,Quinqueloculina sagamiensis,,원생동물
원생생물,1283,Quinqueloculina seminula,,원생동물
원생생물,1284,Quinqueloculina tenagos,,원생동물
원생생물,1285,Quinqueloculina akneriana,,원생동물
원생생물,1286,Quinqueloculina bicostoides,,원생동물
원생생물,1287,Quinqueloculina crassa,,원생동물
원생생물,1288,Quinqueloculina tikutoensis,,원생동물
원생생물,1289,Quinqueloculina venusta,,원생동물
원생생물,1290,Quinqueloculina vulgaris,,원생동물
원생생물,1291,Quinqueloculina agglutinans,,원생동물
원생생물,1292,Quinqueloculina costata,,원생동물
원생생물,1293,Quinqueloculina inchonensis,,원생동물
원생생물,1294,Quinqueloculina lamarckiana,,원생동물
원생생물,1295,Quinqueloculina fukushimaensis,,원생동물
원생생물,1296,Quinqueloculina sawanensis,,원생동물
원생생물,1297,Quinqueloculina yabei,,원생동물
원생생물,1298,Quinqueloculina laevigata,,원생동물
원생생물,1299,Cornuspira involvens,,원생동물
원생생물,1300,Cornuspira foliacea,,원생동물
원생생물,1301,Cornuspira planorbis,,원생동물
원생생물,1302,Cornuspira lajollaensis,,원생동물
원생생물,1303,Cornuspira subinvolvens,,원생동물
원생생물,1304,Ammolagena clavata,,원생동물
원생생물,1305,Pseudodifflugia gracilis,,원생동물
원생생물,1306,Involutina pacifica,,원생동물
원생생물,1307,Lenticulina rotulata,,원생동물
원생생물,1308,Lenticulina sagamiensis,,원생동물
원생생물,1309,Lenticulina depressa,,원생동물
원생생물,1310,Lenticulina pliocaena,,원생동물
원생생물,1311,Lenticulina tasmanica,,원생동물
원생생물,1312,Lenticulina vortex,,원생동물
원생생물,1313,Lenticulina calcar,,원생동물
원생생물,1314,Lenticulina gibba,,원생동물
원생생물,1315,Lenticulina inornata,,원생동물
원생생물,1316,Lenticulina iota,,원생동물
원생생물,1317,Lenticulina kamakuraensis,,원생동물
원생생물,1318,Lenticulina nikobarensis,,원생동물
원생생물,1319,Lenticulina pseudorotulata,,원생동물
원생생물,1320,Lenticulina suborbicularis,,원생동물
원생생물,1321,Lenticulina torrida,,원생동물
원생생물,1322,Lenticulina orbicularis,,원생동물
원생생물,1323,Lenticulina limbosa,,원생동물
원생생물,1324,Lenticulina submamilligera,,원생동물
원생생물,1325,Lenticulina kotiensis,,원생동물
원생생물,1326,Lenticulina tumida,,원생동물
원생생물,1327,Lenticulina nitida,,원생동물
원생생물,1328,Lenticulina cultrata,,원생동물
원생생물,1329,Lenticulina lucida,,원생동물
원생생물,1330,Lenticulina convergens,,원생동물
원생생물,1331,Lenticulina calcar subsp. hyunghaensis,,원생동물
원생생물,1332,Marginulinopsis bradyi,,원생동물
원생생물,1333,Spincterules anaglyptus,,원생동물
원생생물,1334,Spincterules costatus,,원생동물
원생생물,1335,Saracenaria angularis,,원생동물
원생생물,1336,Saracenaria altifrons,,원생동물
원생생물,1337,Saracenaria latifrons,,원생동물
원생생물,1338,Saracenaria italica,,원생동물
원생생물,1339,Saracenaria hannoverana,,원생동물
원생생물,1340,Marginulina advena,,원생동물
원생생물,1341,Marginulina similis,,원생동물
원생생물,1342,Astacolus insolitus,,원생동물
원생생물,1343,Amphicoryna sagamiensis,,원생동물
원생생물,1344,Amphicoryna scalaris,,원생동물
원생생물,1345,Amphicoryna separans,,원생동물
원생생물,1346,Amphicoryna hirsuta f. sublineata,,원생동물
원생생물,1347,Amphicoryna hirsuta,,원생동물
원생생물,1348,Amphicoryna proxima,,원생동물
원생생물,1349,Vaginulinopsis hauerina,,원생동물
원생생물,1350,Vaginulinopsis reniformis,,원생동물
원생생물,1351,Vaginulinopsis sublegumen,,원생동물
원생생물,1352,Vaginulina boso,,원생동물
원생생물,1353,Vaginulina vertebralis,,원생동물
원생생물,1354,Planularia planulata,,원생동물
원생생물,1355,Planularia lata,,원생동물
원생생물,1356,Planularia siddalliana,,원생동물
원생생물,1357,Planularia spinipes,,원생동물
원생생물,1358,Robulus chitanii,,원생동물
원생생물,1359,Procerolagena distoma,,원생동물
원생생물,1360,Procerolagena gracilis,,원생동물
원생생물,1361,Procerolagena cylindrocostata,,원생동물
원생생물,1362,Cerebrina claricerviculata,,원생동물
원생생물,1363,Cerebrina lacunata,,원생동물
원생생물,1364,Lagena sulcata var. torquiformis,,원생동물
원생생물,1365,Lagena strumosa,,원생동물
원생생물,1366,Lagena baggi,,원생동물
원생생물,1367,Lagena semilineata,,원생동물
원생생물,1368,Lagena substriata,,원생동물
원생생물,1369,Lagena spicata,,원생동물
원생생물,1370,Lagena laevicostata,,원생동물
원생생물,1371,Lagena interrupta,,원생동물
원생생물,1372,Lagena chasteri,,원생동물
원생생물,1373,Lagena hispidula,,원생동물
원생생물,1374,Lagena dorseyae,,원생동물
원생생물,1375,Lagena flatulenta,,원생동물
원생생물,1376,Lagena annellatrachia,,원생동물
원생생물,1377,Lagena catenulata,,원생동물
원생생물,1378,Lagena submagnifica,,원생동물
원생생물,1379,Lagena koreana,,원생동물
원생생물,1380,Lagena parri,,원생동물
원생생물,1381,Lagena perlucida,,원생동물
원생생물,1382,Lagena raricostiformis,,원생동물
원생생물,1383,Lagena semistriata,,원생동물
원생생물,1384,Lagena subamphora,,원생동물
원생생물,1385,Lagena sulcata,,원생동물
원생생물,1386,Lagena amphora,,원생동물
원생생물,1387,Lagena filicosta,,원생동물
원생생물,1388,Lagena subacuticosta,,원생동물
원생생물,1389,Lagena nebulosa,,원생동물
원생생물,1390,Lagena striata var. toddae,,원생동물
원생생물,1391,Lagena crenata,,원생동물
원생생물,1392,Lagena conferta,,원생동물
원생생물,1393,Lagena globulohispida,,원생동물
원생생물,1394,Lagena striata,,원생동물
원생생물,1395,Lagena striata var. semiornata,,원생동물
원생생물,1396,Hyalinonetrion gracillimum,,원생동물
원생생물,1397,Hyalinonetrion elongatum,,원생동물
원생생물,1398,Hyalinonetrion clavatum,,원생동물
원생생물,1399,Conolagena bassensis,,원생동물
원생생물,1400,Reussoolina apiculata,,원생동물
원생생물,1401,Reussoolina laevis,,원생동물
원생생물,1402,Stilostomella ketenziensis,,원생동물
원생생물,1403,Stilostomella lepidula,,원생동물
원생생물,1404,Siphonodosaria consobrina,,원생동물
원생생물,1405,Strictocostella japonica,,원생동물
원생생물,1406,Strictocostella advena,,원생동물
원생생물,1407,Strictocostella hayasakai,,원생동물
원생생물,1408,Strictocostella scharbergana,,원생동물
원생생물,1409,Neugeborina longiscata,,원생동물
원생생물,1410,Pseudonodosaria aequaliformis,,원생동물
원생생물,1411,Pseudonodosaria occidentalis,,원생동물
원생생물,1412,Nodosaria subraphana,,원생동물
원생생물,1413,Nodosaria stipitata,,원생동물
원생생물,1414,Nodosaria scalaris var. spinescens,,원생동물
원생생물,1415,Nodosaria badensis aculeata,,원생동물
원생생물,1416,Nodosaria subscalaris,,원생동물
원생생물,1417,Nodosaria lamnulifera,,원생동물
원생생물,1418,Grigelis pyrula,,원생동물
원생생물,1419,Grigelis semirugosus,,원생동물
원생생물,1420,Frondicularia nangoensis,,원생동물
원생생물,1421,Dentalina basiplanata,,원생동물
원생생물,1422,Dentalina setanaensis,,원생동물
원생생물,1423,Dentalina catenulata,,원생동물
원생생물,1424,Dentalina decepta,,원생동물
원생생물,1425,Dentalina ittai,,원생동물
원생생물,1426,Dentalina yabei,,원생동물
원생생물,1427,Dentalina vertebralis,,원생동물
원생생물,1428,Dentalina extensa,,원생동물
원생생물,1429,Dentalina roemeri,,원생동물
원생생물,1430,Dentalina albatrossi,,원생동물
원생생물,1431,Alfredosilvestris pauciloculata,,원생동물
원생생물,1432,Pyramidulina catesbyi,,원생동물
원생생물,1433,Lagenonodosaria fukushimaensis,,원생동물
원생생물,1434,Laevidentalina emaciata,,원생동물
원생생물,1435,Laevidentalina inflexa,,원생동물
원생생물,1436,Laevidentalina subsoluta,,원생동물
원생생물,1437,Laevidentalina filiformis,,원생동물
원생생물,1438,Laevidentalina communis,,원생동물
원생생물,1439,Laevidentalina mucronata,,원생동물
원생생물,1440,Laevidentalina advena,,원생동물
원생생물,1441,Laevidentalina subemaciata,,원생동물
원생생물,1442,Neolingulina viejoensis,,원생동물
원생생물,1443,Pandaglandulina dinapolii,,원생동물
원생생물,1444,Plectofrondicularia digitalis,,원생동물
원생생물,1445,Parafrondicularia advena,,원생동물
원생생물,1446,Parafrondicularia antonina,,원생동물
원생생물,1447,Mucronina compressa,,원생동물
원생생물,1448,Mucronina miocenica,,원생동물
원생생물,1449,Globulotuboides indiscreta,,원생동물
원생생물,1450,Globulotuboides orbicula,,원생동물
원생생물,1451,Glandulina inflata,,원생동물
원생생물,1452,Glandulina koreana,,원생동물
원생생물,1453,Glandulina nipponica,,원생동물
원생생물,1454,Glandulina laevigata,,원생동물
원생생물,1455,Esosyrinx ignota,,원생동물
원생생물,1456,Entopolymorphina simulata,,원생동물
원생생물,1457,Laryngosigma insolita,,원생동물
원생생물,1458,Laryngosigma wordeni,,원생동물
원생생물,1459,Laryngosigma lactea,,원생동물
원생생물,1460,Cushmanina striatopunctata,,원생동물
원생생물,1461,Pseudosolenina wiesneri,,원생동물
원생생물,1462,Fissurina circulocostiformis,,원생동물
원생생물,1463,Fissurina eliminata,,원생동물
원생생물,1464,Fissurina repressa,,원생동물
원생생물,1465,Fissurina laevigata,,원생동물
원생생물,1466,Fissurina lucida,,원생동물
원생생물,1467,Fissurina hataii,,원생동물
원생생물,1468,Fissurina agassizi,,원생동물
원생생물,1469,Fissurina annectens,,원생동물
원생생물,1470,Fissurina crucifera,,원생동물
원생생물,1471,Fissurina echigoensis,,원생동물
원생생물,1472,Fissurina lucidiformata,,원생동물
원생생물,1473,Fissurina obscurocostata,,원생동물
원생생물,1474,Fissurina semimarginata,,원생동물
원생생물,1475,Fissurina curvitubulata,,원생동물
원생생물,1476,Fissurina evolutiumbonata,,원생동물
원생생물,1477,Fissurina nudiformis,,원생동물
원생생물,1478,Fissurina crassiporosa subsp. kyoshimensis,,원생동물
원생생물,1479,Fissurina cangialosii,,원생동물
원생생물,1480,Fissurina densifasciata,,원생동물
원생생물,1481,Fissurina marginata,,원생동물
원생생물,1482,Fissurina circulocosta,,원생동물
원생생물,1483,Fissurina cucurbitasema,,원생동물
원생생물,1484,Fissurina orbignyana,,원생동물
원생생물,1485,Palliolatella albanii,,원생동물
원생생물,1486,Palliolatella bermaguiensis,,원생동물
원생생물,1487,Palliolatella bradii,,원생동물
원생생물,1488,Exsculptina pliocenica,,원생동물
원생생물,1489,Favulina hexagona,,원생동물
원생생물,1490,Favulina vadosa,,원생동물
원생생물,1491,Favulina melosquamosa,,원생동물
원생생물,1492,Favulina squamosa,,원생동물
원생생물,1493,Favulina melo,,원생동물
원생생물,1494,Oolina laevigata,,원생동물
원생생물,1495,Oolina variatiformis,,원생동물
원생생물,1496,Oolina lirata,,원생동물
원생생물,1497,Oolina globosa,,원생동물
원생생물,1498,Oolina apiopleura,,원생동물
원생생물,1499,Oolina unica,,원생동물
원생생물,1500,Oolina borealis,,원생동물
원생생물,1501,Oolina caudigera,,원생동물
원생생물,1502,Oolina ampulladistoma,,원생동물
원생생물,1503,Oolina lineata subsp. communis,,원생동물
원생생물,1504,Oolina clariglobosa,,원생동물
원생생물,1505,Oolina prospiralis,,원생동물
원생생물,1506,Oolina brevisolenia,,원생동물
원생생물,1507,Galwayella trigonoelliptica,,원생동물
원생생물,1508,Lagenosolenia confossa,,원생동물
원생생물,1509,Lagenosolenia obtecta,,원생동물
원생생물,1510,Lagenosolenia lagenoides subsp. brevicarinata,,원생동물
원생생물,1511,Homalohedra acuticosta,,원생동물
원생생물,1512,Parafissurina tectulostoma,,원생동물
원생생물,1513,Parafissurina impariliformis,,원생동물
원생생물,1514,Parafissurina acarinata,,원생동물
원생생물,1515,Parafissurina aventricosa,,원생동물
원생생물,1516,Parafissurina lateralis,,원생동물
원생생물,1517,Parafissurina neocircularis,,원생동물
원생생물,1518,Parafissurina neocurta,,원생동물
원생생물,1519,Parafissurina paulula,,원생동물
원생생물,1520,Parafissurina subovata,,원생동물
원생생물,1521,Parafissurina condensata,,원생동물
원생생물,1522,Parafissurina symmetrica,,원생동물
원생생물,1523,Parafissurina laeta,,원생동물
원생생물,1524,Parafissurina claricincta,,원생동물
원생생물,1525,Parafissurina oblongiformis,,원생동물
원생생물,1526,Metapolymorphina charlottensis subsp. koreana,,원생동물
원생생물,1527,Metapolymorphina charlottensis,,원생동물
원생생물,1528,Globulina minuta,,원생동물
원생생물,1529,Pseudopolymorphina kyoshimaensis,,원생동물
원생생물,1530,Pseudopolymorphina hanzawai,,원생동물
원생생물,1531,Pseudopolymorphina indica,,원생동물
원생생물,1532,Pseudopolymorphina daidokoensis,,원생동물
원생생물,1533,Pseudopolymorphina indica subsp. inchonensis,,원생동물
원생생물,1534,Pseudopolymorphina subpatula,,원생동물
원생생물,1535,Pseudopolymorphina indica var. japonica,,원생동물
원생생물,1536,Pseudopolymorphina ishikawaensis,,원생동물
원생생물,1537,Pseudopolymorphina suboblonga,,원생동물
원생생물,1538,Pyrulina gutta,,원생동물
원생생물,1539,Ramulina globulifera,,원생동물
원생생물,1540,Guttulina austriaca,,원생동물
원생생물,1541,Guttulina irregularis,,원생동물
원생생물,1542,Guttulina yabei,,원생동물
원생생물,1543,Guttulina succincta,,원생동물
원생생물,1544,Guttulina ikebei,,원생동물
원생생물,1545,Guttulina ishizakii,,원생동물
원생생물,1546,Guttulina kishinouyi,,원생동물
원생생물,1547,Guttulina sadoensis,,원생동물
원생생물,1548,Guttulina yamazakii,,원생동물
원생생물,1549,Guttulina irregularis subsp. nipponensis,,원생동물
원생생물,1550,Guttulina bulloides,,원생동물
원생생물,1551,Guttulina regina,,원생동물
원생생물,1552,Guttulina orientalis,,원생동물
원생생물,1553,Guttulina neoproblema,,원생동물
원생생물,1554,Sigmoidella elegantissima,,원생동물
원생생물,1555,Sigmoidella kagaensis,,원생동물
원생생물,1556,Sigmoidella pacifica,,원생동물
원생생물,1557,Sigmomorphina gallowayi,,원생동물
원생생물,1558,Sigmomorphina terquemiana,,원생동물
원생생물,1559,Sigmomorphina notoensis,,원생동물
원생생물,1560,Sigmomorphina kotoi,,원생동물
원생생물,1561,Sigmomorphina ozawai,,원생동물
원생생물,1562,Sigmomorphina hokkaidoensis,,원생동물
원생생물,1563,Polymorphina fastidiosa,,원생동물
원생생물,1564,Polymorphina amplissima,,원생동물
원생생물,1565,Polymorphina dilatata,,원생동물
원생생물,1566,Polymorphina subelliptica,,원생동물
원생생물,1567,Polymorphina conferta,,원생동물
원생생물,1568,Polymorphina exiliformis,,원생동물
원생생물,1569,Fissuripolymorphina hueyi,,원생동물
원생생물,1570,Fissuripolymorphina koreaensis,,원생동물
원생생물,1571,Colpovora unguis,,원생동물
원생생물,1572,Neobodo saliens,,원생동물
원생생물,1573,Neobodo curvifilus,,원생동물
원생생물,1574,Neobodo designis,,원생동물
원생생물,1575,Rhynchomonas nasuta,,원생동물
원생생물,1576,Peranema trichophorum,,원생동물
원생생물,1577,Ploeotia vitrea,,원생동물
원생생물,1578,Serpenomonas costata,,원생동물
원생생물,1579,Lentomonas corrugata,,원생동물
원생생물,1580,Clautriavia cavus,,원생동물
원생생물,1581,Ancyromonas sigmoides,,원생동물
원생생물,1582,Ancyromonas kentii,,원생동물
원생생물,1583,Pseudophyllomitus granulatus,,원생동물
원생생물,1584,Heteromita globosa,,원생동물
원생생물,1585,Kiitoksia ystava,,원생동물
원생생물,1587,Glissandra innuerende,,원생동물
원생생물,1588,Kipferlia bialata,,원생동물
원생생물,1589,Fabomonas tropica,,원생동물
원생생물,1590,Pleurostomum flabellatum,,원생동물
원생생물,1593,Percolomonas similis,,원생동물
원생생물,1594,Percolomonas cosmopolitus,,원생동물
원생생물,1596,Stephanopogon pattersoni,,원생동물
원생생물,1597,Parvilucifera multicavata,,원생동물
원생생물,1598,Tuberlatum coatsi,,원생동물
원생생물,1599,Pararosarium dinoexitiosum,,원생동물
원생생물,1600,Goniomonas pacifica,,원생동물
원생생물,1601,Goniomonas ulleungensis,,원생동물
원생생물,1602,Goniomonas duplex,,원생동물
원생생물,1603,Goniomonas lingua,,원생동물
원생생물,1604,Goniomonas amphinema,,원생동물
원생생물,1605,Katablepharis japonica,,원생동물
원생생물,1606,Pendulomonas adriperi,,원생동물
원생생물,1607,Bicosoeca maris,,원생동물
원생생물,1608,Bicosoeca gracilipes,,원생동물
원생생물,1609,Bicosoeca epiphytica,,원생동물
원생생물,1615,Discocelis saleuta,,원생동물
원생생물,1616,Cafeteria ligulifera,,원생동물
원생생물,1617,Cafeteria roenbergensis,,원생동물
원생생물,1618,Cafeteria minuta,,원생동물
원생생물,1619,Cafeteria mylnikovii,,원생동물
원생생물,1620,Caecitellus paraparvulus,,원생동물
원생생물,1621,Caecitellus parvulus,,원생동물
원생생물,1624,Globorotalia (Turborotalia) incisa,,원생동물
원생생물,1625,Gaudryina (Pseudogaudryina) haeringensis,,원생동물
원생생물,1626,Tryblionella gaoana,,규조류
원생생물,1627,Tryblionella coarctata,,규조류
원생생물,1628,Tryblionella littoralis var. tergestina,,규조류
원생생물,1629,Cymbellonitzschia szulczewskii,,규조류
원생생물,1630,Hantzschia amphioxys,,규조류
원생생물,1631,Hantzschia spectabilis,,규조류
원생생물,1632,Hantzschia marina,,규조류
원생생물,1633,Simonsenia medliniae,,규조류
원생생물,1634,Simonsenia eileencoxiae,,규조류
원생생물,1635,Homoeocladia angularis,,규조류
원생생물,1636,Cymatonitzschia marina,,규조류
원생생물,1637,Gephyria media,,규조류
원생생물,1638,Monoalveoneis convexa,,규조류
원생생물,1639,Monoalveoneis heteroidea,,규조류
원생생물,1640,Monoalveoneis pseudomarginata,,규조류
원생생물,1641,Monoalveoneis pellucida,,규조류
원생생물,1642,Achnanthidium minutissimum,,규조류
원생생물,1643,Navithidium delicatissima,,규조류
원생생물,1644,Pseudoplanothidium delicatulum,,규조류
원생생물,1645,Pseudoplanothidium quarnerense,,규조류
원생생물,1646,Staurophora salina,,규조류
원생생물,1647,Staurophora soodensis,,규조류
원생생물,1648,Dickieia subinflata,,규조류
원생생물,1649,Dickieia ulvoides,,규조류
원생생물,1650,Adlafia minuscula,,규조류
원생생물,1651,Anomoeoneis sphaerophora,,규조류
원생생물,1652,Placoneis constans,,규조류
원생생물,1653,Placoneis yucatanensis,,규조류
원생생물,1654,Placoneis clementis,,규조류
원생생물,1655,Placoneis sovereignae,,규조류
원생생물,1656,Placoneis clementioides,,규조류
원생생물,1657,Cymbella aspera,,규조류
원생생물,1658,Cymbella minima,,규조류
원생생물,1659,Cymbella proxima,,규조류
원생생물,1660,Cymbella sumatrensis,,규조류
원생생물,1661,Gomphonema parvulum,,규조류
원생생물,1662,Gomphonema guaraniarum,,규조류
원생생물,1663,Gomphonema italicum,,규조류
원생생물,1664,Encyonema minutum,,규조류
원생생물,1665,Encyonema leibleinii,,규조류
원생생물,1666,Simonseniella curvirostris,,규조류
원생생물,1667,Gomphoseptatum aestuarii,,규조류
원생생물,1668,Rhoicosphenia abbreviata,,규조류
원생생물,1669,Rhabdonema adriaticum,,규조류
원생생물,1670,Rhabdonema punctatum,,규조류
원생생물,1671,Rhabdonema arcuatum,,규조류
원생생물,1672,Grammatophora japonica,,규조류
원생생물,1673,Grammatophora oceanica,,규조류
원생생물,1674,Grammatophora angulosa,,규조류
원생생물,1675,Grammatophora hamulifera,,규조류
원생생물,1676,Grammatophora marina,,규조류
원생생물,1677,Grammatophora serpentina,,규조류
원생생물,1678,Grammatophora oceanica var. subtilissima,,규조류
원생생물,1679,Asterionella formosa,,규조류
원생생물,1680,Epithemia turgida,,규조류
원생생물,1681,Epithemia gibba,,규조류
원생생물,1682,Rhopalodia gibberula,,규조류
원생생물,1683,Rhopalodia gibba,,규조류
원생생물,1684,Thalassionema nitzschioides,,규조류
원생생물,1685,Thalassionema synedriforme,,규조류
원생생물,1686,Thalassionema frauenfeldii,,규조류
원생생물,1687,Thalassionema javanicum,,규조류
원생생물,1688,Thalassiothrix longissima,,규조류
원생생물,1689,Thalassiothrix heteromorpha var. mediterranea,,규조류
원생생물,1690,Lioloma pacificum,,규조류
원생생물,1691,Lioloma elongatum,,규조류
원생생물,1692,Amphora helenensis,,규조류
원생생물,1693,Amphora laevis,,규조류
원생생물,1694,Amphora proteus,,규조류
원생생물,1695,Amphora sublaevis,,규조류
원생생물,1696,Amphora angusta,,규조류
원생생물,1697,Amphora arenicola,,규조류
원생생물,1698,Amphora bigibba,,규조류
원생생물,1699,Amphora arenaria,,규조류
원생생물,1700,Amphora lineolata,,규조류
원생생물,1701,Amphora libyca,,규조류
원생생물,1702,Amphora gigantea,,규조류
원생생물,1703,Amphora spectabilis,,규조류
원생생물,1704,Amphora belgica,,규조류
원생생물,1705,Amphora holsaticoides,,규조류
원생생물,1706,Amphora jostesorum,,규조류
원생생물,1707,Amphora beaufortiana,,규조류
원생생물,1708,Amphora graeffeana,,규조류
원생생물,1709,Amphora pediculus,,규조류
원생생물,1710,Amphora ovalis,,규조류
원생생물,1711,Amphora alata,,규조류
원생생물,1712,Amphora delicatissima,,규조류
원생생물,1713,Amphora ocellata,,규조류
원생생물,1714,Amphora maletractata var. constricta,,규조류
원생생물,1715,Catenula adhaerens,,규조류
원생생물,1716,Thalassiophysa hyalina,,규조류
원생생물,1717,Podocystis adriatica,,규조류
원생생물,1718,Thalassiosira symmetrica,,규조류
원생생물,1719,Thalassiosira miocenica,,규조류
원생생물,1720,Thalassiosira nanolineata,,규조류
원생생물,1721,Thalassiosira tubifera,,규조류
원생생물,1722,Thalassiosira lundiana,,규조류
원생생물,1723,Thalassiosira hyalina,,규조류
원생생물,1724,Thalassiosira curviseriata,,규조류
원생생물,1725,Thalassiosira conferta,,규조류
원생생물,1726,Thalassiosira baltica,,규조류
원생생물,1727,Thalassiosira allenii,,규조류
원생생물,1728,Thalassiosira punctifera,,규조류
원생생물,1729,Thalassiosira profunda,,규조류
원생생물,1730,Thalassiosira praeyabei,,규조류
원생생물,1731,Thalassiosira gravida,,규조류
원생생물,1732,Thalassiosira minuscula,,규조류
원생생물,1733,Thalassiosira mendiolana,,규조류
원생생물,1734,Thalassiosira binata,,규조류
원생생물,1735,Thalassiosira andamanica,,규조류
원생생물,1736,Thalassiosira yabei,,규조류
원생생물,1737,Thalassiosira tenera,,규조류
원생생물,1738,Thalassiosira nodulolineata,,규조류
원생생물,1739,Thalassiosira simonsenii,,규조류
원생생물,1740,Thalassiosira lentiginosa,,규조류
원생생물,1741,Thalassiosira minima,,규조류
원생생물,1742,Thalassiosira laevis,,규조류
원생생물,1743,Thalassiosira duostra,,규조류
원생생물,1744,Thalassiosira angulata,,규조류
원생생물,1745,Thalassiosira aestivalis,,규조류
원생생물,1746,Thalassiosira grunowii,,규조류
원생생물,1747,Thalassiosira angustelineata,,규조류
원생생물,1748,Mediolabrus comicus,,규조류
원생생물,1749,Stephanocyclus cryptica,,규조류
원생생물,1750,Stephanocyclus meneghinianus,,규조류
원생생물,1751,Shionodiscus endoseriatus,,규조류
원생생물,1752,Shionodiscus oestrupii,,규조류
원생생물,1753,Shionodiscus poroirregulatus,,규조류
원생생물,1754,Bacterosira constricta,,규조류
원생생물,1755,Bacterosira bathyomphala,,규조류
원생생물,1756,Conticribra weissflogii,,규조류
원생생물,1757,Conticribra weissflogiopsis,,규조류
원생생물,1758,Conticribra guillardii,,규조류
원생생물,1759,Planktoniella sol,,규조류
원생생물,1760,Planktoniella blanda,,규조류
원생생물,1761,Detonula pumila,,규조류
원생생물,1762,Detonula confervacea,,규조류
원생생물,1763,Minidiscus spinulatus,,규조류
원생생물,1764,Minidiscus chilensis,,규조류
원생생물,1765,Minidiscus trioculatus,,규조류
원생생물,1766,Minidiscus proschkinae,,규조류
원생생물,1767,Cymatotheca weissflogii,,규조류
원생생물,1768,Porosira glacialis,,규조류
원생생물,1769,Porosira antiqua,,규조류
원생생물,1770,Porosira pentaportula,,규조류
원생생물,1771,Hemiaulus hauckii,,규조류
원생생물,1772,Hemiaulus membranaceus,,규조류
원생생물,1773,Hemiaulus polymorphus,,규조류
원생생물,1774,Hemiaulus bipons,,규조류
원생생물,1775,Hemiaulus indicus,,규조류
원생생물,1776,Hemiaulus chinensis,,규조류
원생생물,1777,Cerataulina bicornis,,규조류
원생생물,1778,Cerataulina pelagica,,규조류
원생생물,1779,Cerataulina dentata,,규조류
원생생물,1780,Eucampia zodiacus f. cylindrocornis,,규조류
원생생물,1781,Eucampia zodiacus var. cornigera,,규조류
원생생물,1782,Eucampia biconcava,,규조류
원생생물,1783,Eucampia zodiacus,,규조류
원생생물,1784,Eucampia groenlandica,,규조류
원생생물,1785,Isthmia nervosa,,규조류
원생생물,1786,Isthmia enervis,,규조류
원생생물,1787,Sheshukovia condecora,,규조류
원생생물,1788,Cymatosira lorenziana,,규조류
원생생물,1789,Cymatosira belgica,,규조류
원생생물,1790,Plagiogrammopsis vanheurckii,,규조류
원생생물,1791,Brockmanniella brockmannii,,규조류
원생생물,1792,Campylosira cymbelliformis,,규조류
원생생물,1793,Hyalinella lateripunctata,,규조류
원생생물,1794,Kisseleviella carina,,규조류
원생생물,1795,Chaetoceros denticulatus f. latus,,규조류
원생생물,1796,Chaetoceros diadema,,규조류
원생생물,1797,Chaetoceros gracilis,,규조류
원생생물,1798,Chaetoceros ceratosporus,,규조류
원생생물,1799,Chaetoceros anastomosans,,규조류
원생생물,1800,Chaetoceros karianus,,규조류
원생생물,1801,Chaetoceros lorenzianus,,규조류
원생생물,1802,Chaetoceros wighamii,,규조류
원생생물,1803,Chaetoceros dadayi,,규조류
원생생물,1804,Chaetoceros frickei,,규조류
원생생물,1805,Chaetoceros neocompactus,,규조류
원생생물,1806,Chaetoceros tortissimus,,규조류
원생생물,1807,Chaetoceros socialis,,규조류
원생생물,1808,Chaetoceros didymus,,규조류
원생생물,1809,Chaetoceros pseudocurvisetus,,규조류
원생생물,1810,Chaetoceros teres,,규조류
원생생물,1811,Chaetoceros fragilis,,규조류
원생생물,1812,Chaetoceros diversus,,규조류
원생생물,1813,Chaetoceros reicheltii,,규조류
원생생물,1814,Chaetoceros baculites,,규조류
원생생물,1815,Chaetoceros curvisetus,,규조류
원생생물,1816,Chaetoceros debilis,,규조류
원생생물,1817,Chaetoceros willei,,규조류
원생생물,1818,Chaetoceros pseudocrinitus,,규조류
원생생물,1819,Chaetoceros vistulae,,규조류
원생생물,1820,Chaetoceros cinctus,,규조류
원생생물,1821,Chaetoceros radicans,,규조류
원생생물,1822,Chaetoceros tetrachaeta,,규조류
원생생물,1823,Chaetoceros okamurae,,규조류
원생생물,1824,Chaetoceros concavicornis,,규조류
원생생물,1825,Chaetoceros pseudodichaeta,,규조류
원생생물,1826,Chaetoceros messanensis,,규조류
원생생물,1827,Chaetoceros dicladia,,규조류
원생생물,1828,Chaetoceros paradoxus,,규조류
원생생물,1829,Chaetoceros subtilis,,규조류
원생생물,1830,Chaetoceros setoensis,,규조류
원생생물,1831,Chaetoceros mitra,,규조류
원생생물,1832,Chaetoceros coronatus,,규조류
원생생물,1833,Chaetoceros pelagicus,,규조류
원생생물,1834,Chaetoceros densus,,규조류
원생생물,1835,Chaetoceros affinis,,규조류
원생생물,1836,Chaetoceros hispidus,,규조류
원생생물,1837,Chaetoceros siamensis,,규조류
원생생물,1838,Chaetoceros tenuissimus,,규조류
원생생물,1839,Chaetoceros orientalis,,규조류
원생생물,1840,Chaetoceros holsaticus,,규조류
원생생물,1841,Chaetoceros muelleri,,규조류
원생생물,1842,Chaetoceros castracanei,,규조류
원생생물,1843,Chaetoceros saltans,,규조류
원생생물,1844,Chaetoceros simplex,,규조류
원생생물,1845,Chaetoceros laciniosus,,규조류
원생생물,1846,Chaetoceros convolutus,,규조류
원생생물,1847,Chaetoceros protuberans,,규조류
원생생물,1848,Chaetoceros peruvianus,,규조류
원생생물,1849,Chaetoceros borealis,,규조류
원생생물,1850,Chaetoceros seiracanthus,,규조류
원생생물,1851,Chaetoceros lauderi,,규조류
원생생물,1852,Chaetoceros compressus,,규조류
원생생물,1853,Chaetoceros dichaeta,,규조류
원생생물,1854,Chaetoceros octagonus,,규조류
원생생물,1855,Chaetoceros similis,,규조류
원생생물,1856,Chaetoceros difficilis,,규조류
원생생물,1857,Chaetoceros furcillatus,,규조류
원생생물,1858,Chaetoceros constrictus,,규조류
원생생물,1859,Chaetoceros brevis,,규조류
원생생물,1860,Chaetoceros rostratus,,규조류
원생생물,1861,Chaetoceros eibenii,,규조류
원생생물,1862,Chaetoceros coarctatus,,규조류
원생생물,1863,Chaetoceros danicus,,규조류
원생생물,1864,Chaetoceros vanheurckii,,규조류
원생생물,1865,Chaetoceros tetrastichon,,규조류
원생생물,1866,Chaetoceros ikarii,,규조류
원생생물,1867,Chaetoceros contortus,,규조류
원생생물,1868,Chaetoceros compactus,,규조류
원생생물,1869,Chaetoceros costatus,,규조류
원생생물,1870,Chaetoceros seychellarum,,규조류
원생생물,1871,Chaetoceros decipiens,,규조류
원생생물,1872,Chaetoceros pendulus,,규조류
원생생물,1873,Chaetoceros perpusillus,,규조류
원생생물,1874,Chaetoceros atlanticus,,규조류
원생생물,1875,Chaetoceros neogracilis,,규조류
원생생물,1876,Goniothecium rogersii,,규조류
원생생물,1877,Goniothecium coronatum,,규조류
원생생물,1878,Bacteriastrum minus,,규조류
원생생물,1879,Bacteriastrum elegans,,규조류
원생생물,1880,Bacteriastrum biconicum,,규조류
원생생물,1881,Bacteriastrum hyalinum,,규조류
원생생물,1882,Bacteriastrum elongatum,,규조류
원생생물,1883,Bacteriastrum comosum,,규조류
원생생물,1884,Bacteriastrum furcatum,,규조류
원생생물,1885,Bacteriastrum delicatulum,,규조류
원생생물,1886,Bacteriastrum mediterraneum,,규조류
원생생물,1887,Leptocylindrus minimus,,규조류
원생생물,1888,Leptocylindrus danicus,,규조류
원생생물,1889,Leptocylindrus curvatus,,규조류
원생생물,1890,Lindavia radiosa,,규조류
원생생물,1891,Pantocsekiella kuetzingiana,,규조류
원생생물,1892,Cyclotella choctawhatcheeana,,규조류
원생생물,1893,Cyclotella marina,,규조류
원생생물,1894,Cyclotella litoralis,,규조류
원생생물,1895,Cyclotella scaldensis,,규조류
원생생물,1896,Cyclotella striata,,규조류
원생생물,1897,Cyclotella baltica,,규조류
원생생물,1898,Schizonema crucigerum,,규조류
원생생물,1899,Arachnoidiscus ehrenbergii,,규조류
원생생물,1900,Arachnoidiscus evanescens,,규조류
원생생물,1901,Arachnoidiscus ornatus,,규조류
원생생물,1902,Actinoptychus parvus,,규조류
원생생물,1903,Actinoptychus heliopelta,,규조류
원생생물,1904,Actinoptychus affinis,,규조류
원생생물,1905,Actinoptychus hungaricus,,규조류
원생생물,1906,Actinoptychus adriaticus,,규조류
원생생물,1907,Actinoptychus simbirskianus,,규조류
원생생물,1908,Actinoptychus aster,,규조류
원생생물,1909,Actinoptychus vulgaris,,규조류
원생생물,1910,Actinoptychus maculatus,,규조류
원생생물,1911,Actinoptychus annulatus,,규조류
원생생물,1912,Actinoptychus splendens,,규조류
원생생물,1913,Actinoptychus senarius,,규조류
원생생물,1914,Actinoptychus bismarckii,,규조류
원생생물,1915,Craspedodiscus rhombicus,,규조류
원생생물,1916,Coscinodiscus jonesiana,,규조류
원생생물,1917,Coscinodiscus pacificus,,규조류
원생생물,1918,Coscinodiscus curvatulus,,규조류
원생생물,1919,Coscinodiscus okamurae,,규조류
원생생물,1920,Coscinodiscus hirosakiensis,,규조류
원생생물,1921,Coscinodiscus perforatus,,규조류
원생생물,1922,Coscinodiscus concinnus,,규조류
원생생물,1923,Coscinodiscus granii,,규조류
원생생물,1924,Coscinodiscus rothii,,규조류
원생생물,1925,Coscinodiscus subconcavus,,규조류
원생생물,1926,Coscinodiscus subbulliens,,규조류
원생생물,1927,Coscinodiscus pavillardii,,규조류
원생생물,1928,Coscinodiscus oculoides,,규조류
원생생물,1929,Coscinodiscus obscurus,,규조류
원생생물,1930,Coscinodiscus elegans,,규조류
원생생물,1931,Coscinodiscus nobilis,,규조류
원생생물,1932,Coscinodiscus megalomma,,규조류
원생생물,1933,Coscinodiscus gigas,,규조류
원생생물,1934,Coscinodiscus centralis,,규조류
원생생물,1935,Coscinodiscus asteromphalus,,규조류
원생생물,1936,Coscinodiscus apiculatus,,규조류
원생생물,1937,Coscinodiscus wakuraensis,,규조류
원생생물,1938,Coscinodiscus radiatus,,규조류
원생생물,1939,Coscinodiscus oculus-iridis,,규조류
원생생물,1940,Coscinodiscus marginatus,,규조류
원생생물,1941,Coscinodiscus argus,,규조류
원생생물,1942,Coscinodiscus decrescens,,규조류
원생생물,1943,Coscinodiscus wailesii,,규조류
원생생물,1944,Coscinodiscus subtilis,,규조류
원생생물,1945,Coscinodiscus papillosus,,규조류
원생생물,1946,Coscinodiscus extravagans,,규조류
원생생물,1947,Coscinodiscus debilis,,규조류
원생생물,1948,Coscinodiscus divisus,,규조류
원생생물,1949,Coscinodiscopsis commutata,,규조류
원생생물,1950,Coscinodiscopsis jonesiana,,규조류
원생생물,1951,Roperia tesselata,,규조류
원생생물,1952,Pseudoguinardia recta,,규조류
원생생물,1953,Actinocyclus rattrayi,,규조류
원생생물,1954,Actinocyclus kuetzingii,,규조류
원생생물,1955,Actinocyclus actinochilus,,규조류
원생생물,1956,Actinocyclus oculatus,,규조류
원생생물,1957,Actinocyclus cuneiformis,,규조류
원생생물,1958,Actinocyclus curvatulus,,규조류
원생생물,1959,Actinocyclus octonarius,,규조류
원생생물,1960,Actinocyclus ellipticus,,규조류
원생생물,1961,Actinocyclus subtilis,,규조류
원생생물,1962,Actinocyclus splendens,,규조류
원생생물,1963,Actinocyclus ingens,,규조류
원생생물,1964,Actinocyclus exiguus,,규조류
원생생물,1965,Actinocyclus cubitus,,규조류
원생생물,1966,Actinocyclus circellus,,규조류
원생생물,1967,Actinocyclus beaufortianus,,규조류
원생생물,1968,Actinocyclus vestigulus,,규조류
원생생물,1969,Actinocyclus normanii,,규조류
원생생물,1970,Actinocyclus ochotensis,,규조류
원생생물,1971,Azpeitia nodulifera,,규조류
원생생물,1972,Azpeitia neocrenulata,,규조류
원생생물,1973,Azpeitia africana,,규조류
원생생물,1974,Azpeitia endoi,,규조류
원생생물,1975,Azpeitia tabularis,,규조류
원생생물,1976,Azpeitia tuberculata,,규조류
원생생물,1977,Araniscus lewisianus,,규조류
원생생물,1978,Aulacodiscus simplex,,규조류
원생생물,1979,Aulacodiscus kittonii,,규조류
원생생물,1980,Aulacodiscus argus,,규조류
원생생물,1981,Aulacodiscus voluta-coeli,,규조류
원생생물,1982,Pseudopodosira westii,,규조류
원생생물,1983,Melosira moniliformis,,규조류
원생생물,1984,Melosira inflexa,,규조류
원생생물,1985,Melosira lineata,,규조류
원생생물,1986,Melosira nummuloides,,규조류
원생생물,1987,Melosira octogona,,규조류
원생생물,1988,Melosira arctica,,규조류
원생생물,1989,Melosira undulata,,규조류
원생생물,1990,Podosira dubia,,규조류
원생생물,1991,Podosira stelligera,,규조류
원생생물,1992,Hyalodiscus subtilis,,규조류
원생생물,1993,Hyalodiscus scoticus,,규조류
원생생물,1994,Hyalodiscus laevis,,규조류
원생생물,1995,Hyalodiscus ukaiensis,,규조류
원생생물,1996,Stictodiscus hungaricus,,규조류
원생생물,1997,Stictodiscus californicus,,규조류
원생생물,1998,Chrysanthemodiscus floriatus,,규조류
원생생물,1999,Aulacoseira alpigena,,규조류
원생생물,2000,Aulacoseira subarctica,,규조류
원생생물,2001,Proboscia barboi,,규조류
원생생물,2002,Proboscia inermis,,규조류
원생생물,2003,Proboscia alata,,규조류
원생생물,2004,Proboscia praebarboi,,규조류
원생생물,2005,Proboscia indica,,규조류
원생생물,2006,Paralia marina,,규조류
원생생물,2007,Paralia guyana,,규조류
원생생물,2008,Paralia sulcata,,규조류
원생생물,2009,Paralia fenestrata,,규조류
원생생물,2010,Corethron inerme,,규조류
원생생물,2011,Corethron hystrix,,규조류
원생생물,2012,Corethron pennatum,,규조류
원생생물,2013,Sundstroemia setigera,,규조류
원생생물,2014,Rhizosolenia formosa,,규조류
원생생물,2015,Rhizosolenia arafurensis,,규조류
원생생물,2016,Rhizosolenia acuminata,,규조류
원생생물,2017,Rhizosolenia styliformis,,규조류
원생생물,2018,Rhizosolenia miocenica,,규조류
원생생물,2019,Rhizosolenia imbricata,,규조류
원생생물,2020,Rhizosolenia hebetata,,규조류
원생생물,2021,Rhizosolenia hyalina,,규조류
원생생물,2022,Rhizosolenia fallax,,규조류
원생생물,2023,Rhizosolenia clevei,,규조류
원생생물,2024,Rhizosolenia castracanei,,규조류
원생생물,2025,Rhizosolenia bergonii,,규조류
원생생물,2026,Rhizosolenia curvata,,규조류
원생생물,2027,Rhizosolenia borealis,,규조류
원생생물,2028,Rhizosolenia praebergonii,,규조류
원생생물,2029,Pseudosolenia calcar-avis,,규조류
원생생물,2030,Dactyliosolen mediterraneus,,규조류
원생생물,2031,Dactyliosolen blavyanus,,규조류
원생생물,2032,Dactyliosolen fragilissimus,,규조류
원생생물,2033,Dactyliosolen antarcticus,,규조류
원생생물,2034,Dactyliosolen phuketensis,,규조류
원생생물,2035,Guinardia striata,,규조류
원생생물,2036,Guinardia flaccida,,규조류
원생생물,2037,Guinardia delicatula,,규조류
원생생물,2038,Guinardia cylindrus,,규조류
원생생물,2039,Neocalyptrella robusta,,규조류
원생생물,2040,Asteromphalus brookei var. robustus,,규조류
원생생물,2041,Asteromphalus robustus,,규조류
원생생물,2042,Asteromphalus flabellatus,,규조류
원생생물,2043,Asteromphalus moronensis,,규조류
원생생물,2044,Asteromphalus brookei,,규조류
원생생물,2045,Asteromphalus hyalinus,,규조류
원생생물,2046,Asteromphalus darwinii,,규조류
원생생물,2047,Asteromphalus hookeri,,규조류
원생생물,2048,Asteromphalus heptactis,,규조류
원생생물,2049,Asteromphalus cleveanus,,규조류
원생생물,2050,Asteromphalus parvulus,,규조류
원생생물,2051,Asterolampra grevillei,,규조류
원생생물,2052,Creswellia ferox,,규조류
원생생물,2053,Stephanopyxis lineata,,규조류
원생생물,2054,Stephanopyxis schenckii,,규조류
원생생물,2055,Stephanopyxis horridus,,규조류
원생생물,2056,Stephanopyxis dimorpha,,규조류
원생생물,2057,Stephanopyxis grunowii,,규조류
원생생물,2058,Stephanopyxis palmeriana,,규조류
원생생물,2059,Stephanopyxis cruciata,,규조류
원생생물,2060,Eupyxidicula turris,,규조류
원생생물,2061,Endictya oceanica,,규조류
원생생물,2062,Stellarima microtrias,,규조류
원생생물,2063,Stellarima stellaris,,규조류
원생생물,2064,Trigonium formosum,,규조류
원생생물,2065,Trigonium arcticum,,규조류
원생생물,2066,Gossleriella tropica,,규조류
원생생물,2067,Triceratium shadboltianum var. kittonii,,규조류
원생생물,2068,Triceratium tessellatum,,규조류
원생생물,2069,Triceratium americanum,,규조류
원생생물,2070,Triceratium gibbosum,,규조류
원생생물,2071,Triceratium rivale,,규조류
원생생물,2072,Triceratium reticulum,,규조류
원생생물,2073,Triceratium macroporum,,규조류
원생생물,2074,Triceratium favus,,규조류
원생생물,2075,Stephanonycites corona,,규조류
원생생물,2076,Liriogramma sarcophagus,,규조류
원생생물,2077,Neomoelleria cornuta,,규조류
원생생물,2078,Pseudopyxilla americana,,규조류
원생생물,2079,Ambo simonsenii,,규조류
원생생물,2080,Ambo balticus,,규조류
원생생물,2081,Undatella quadrata,,규조류
원생생물,2082,Hobaniella longicruris,,규조류
원생생물,2083,Phaeodactylum tricornutum,,규조류
원생생물,2084,Syndendrium diadema,,규조류
원생생물,2085,Koernerella recticostata,,규조류
원생생물,2086,Bleakeleya notata,,규조류
원생생물,2087,Asterionellopsis socialis,,규조류
원생생물,2088,Asterionellopsis glacialis,,규조류
원생생물,2089,Asteroplanus karianus,,규조류
원생생물,2090,Rhaphoneis jouseae,,규조류
원생생물,2091,Rhaphoneis amphiceros,,규조류
원생생물,2092,Neodelphineis silenda,,규조류
원생생물,2093,Delphineis surirella,,규조류
원생생물,2094,Delphineis minutissima,,규조류
원생생물,2095,Psammodiscus nitidus,,규조류
원생생물,2096,Cymatopleura marina,,규조류
원생생물,2097,Surirella recedens,,규조류
원생생물,2098,Surirella atomus,,규조류
원생생물,2099,Surirella ovalis,,규조류
원생생물,2100,Surirella librile,,규조류
원생생물,2101,Surirella cuneata,,규조류
원생생물,2102,Surirella lata,,규조류
원생생물,2103,Surirella eximia,,규조류
원생생물,2104,Surirella crumena,,규조류
원생생물,2105,Surirella hybrida,,규조류
원생생물,2106,Surirella taeniata,,규조류
원생생물,2107,Tryblioptychus cocconeiformis,,규조류
원생생물,2108,Campylodiscus incertus,,규조류
원생생물,2109,Campylodiscus taeniatus,,규조류
원생생물,2110,Campylodiscus ralfsii,,규조류
원생생물,2111,Campylodiscus brightwellii,,규조류
원생생물,2112,Campylodiscus prentissii,,규조류
원생생물,2113,Campylodiscus fastuosus,,규조류
원생생물,2114,Campylodiscus adriaticus,,규조류
원생생물,2115,Campylodiscus neofastuosus,,규조류
원생생물,2116,Petrodictyon voigtii,,규조류
원생생물,2117,Petrodictyon gemmoides,,규조류
원생생물,2118,Petrodictyon gemma,,규조류
원생생물,2119,Iconella tenera,,규조류
원생생물,2120,Iconella biseriata,,규조류
원생생물,2121,Coronia decora,,규조류
원생생물,2122,Coronia samoensis,,규조류
원생생물,2123,Auricula minuta,,규조류
원생생물,2124,Auricula complexa,,규조류
원생생물,2125,Auricula flabelliformis,,규조류
원생생물,2126,Entomoneis umbratica,,규조류
원생생물,2127,Entomoneis punctulata,,규조류
원생생물,2128,Entomoneis annagodheae,,규조류
원생생물,2129,Entomoneis centrospinosa,,규조류
원생생물,2130,Entomoneis gigantea,,규조류
원생생물,2131,Entomoneis alata,,규조류
원생생물,2132,Entomoneis paludosa,,규조류
원생생물,2133,Pseudohimantidium pacificum,,규조류
원생생물,2134,Plagiogramma minus,,규조류
원생생물,2135,Serratifera parkii,,규조류
원생생물,2136,Synedra gaillonii,,규조류
원생생물,2137,Ikebea tenuis,,규조류
원생생물,2138,Martyana atomus,,규조류
원생생물,2139,Fragilariforma virescens,,규조류
원생생물,2140,Fragilaria capucina,,규조류
원생생물,2141,Fragilaria cassubica,,규조류
원생생물,2142,Fragilaria islandica,,규조류
원생생물,2143,Fragilaria striatula,,규조류
원생생물,2144,Staurosirella pinnata,,규조류
원생생물,2145,Pseudostaurosira parkii,,규조류
원생생물,2146,Pseudostaurosira perminuta,,규조류
원생생물,2147,Tetramphora intermedia,,규조류
원생생물,2148,Tetramphora decussata,,규조류
원생생물,2149,Tetramphora ostrearia,,규조류
원생생물,2150,Tetramphora rhombica,,규조류
원생생물,2151,Mastogloia elliptica,,규조류
원생생물,2152,Mastogloia splendida,,규조류
원생생물,2153,Mastogloia smithii,,규조류
원생생물,2154,Craspedostauros britannicus,,규조류
원생생물,2155,Petroneis granulata,,규조류
원생생물,2156,Petroneis humerosa,,규조류
원생생물,2157,Petroneis marina,,규조류
원생생물,2158,Petroneis besarensis,,규조류
원생생물,2159,Lyrella lyra,,규조류
원생생물,2160,Lyrella impercepta,,규조류
원생생물,2161,Lyrella majuscula,,규조류
원생생물,2162,Lyrella subforcipata,,규조류
원생생물,2163,Lyrella clavata,,규조류
원생생물,2164,Lyrella lyroides,,규조류
원생생물,2165,Lyrella spectabilis,,규조류
원생생물,2166,Lyrella atlantica,,규조류
원생생물,2167,Lyrella barbitos,,규조류
원생생물,2168,Moreneis angulata,,규조류
원생생물,2169,Moreneis hexagona,,규조류
원생생물,2170,Moreneis granulata,,규조류
원생생물,2171,Moreneis coreana,,규조류
원생생물,2172,Eunotia rhomboidea,,규조류
원생생물,2173,Metascolioneis tumida,,규조류
원생생물,2174,Cosmioneis citriformis,,규조류
원생생물,2175,Cosmioneis eta,,규조류
원생생물,2176,Cosmioneis grossepunctata,,규조류
원생생물,2177,Cosmioneis pusilla,,규조류
원생생물,2178,Olifantiella onnuria,,규조류
원생생물,2179,Luticola mutica,,규조류
원생생물,2180,Proschkinia staurospeciosa,,규조류
원생생물,2181,Proschkinia luticola,,규조류
원생생물,2182,Proschkinia impar,,규조류
원생생물,2183,Proschkinia modesta,,규조류
원생생물,2184,Proschkinia ﬁstulispectabilis,,규조류
원생생물,2185,Progonoia mirabilis,,규조류
원생생물,2186,Diademoides luxuriosa,,규조류
원생생물,2187,Biremis sigmoidea,,규조류
원생생물,2188,Biremis lucens,,규조류
원생생물,2189,Biremis ambigua,,규조류
원생생물,2190,Pinnularia nodosa var. percapitata,,규조류
원생생물,2191,Pinnularia bertrandii,,규조류
원생생물,2192,Pinnularia acrosphaeria,,규조류
원생생물,2193,Pinnularia schroederi,,규조류
원생생물,2194,Pinnularia rectangulata,,규조류
원생생물,2195,Pinnularia trevelyana,,규조류
원생생물,2196,Pinnularia viridis,,규조류
원생생물,2197,Chaetophoropsis elegans,,규조류
원생생물,2198,Pinnularia quadratarea,,규조류
원생생물,2199,Pinnularia microstauron,,규조류
원생생물,2200,Chamaepinnularia clamans,,규조류
원생생물,2201,Chamaepinnularia alexandrowiczii,,규조류
원생생물,2202,Chamaepinnularia hassiaca,,규조류
원생생물,2203,Fallacia hodgeana,,규조류
원생생물,2204,Fallacia plathii,,규조류
원생생물,2205,Fallacia gemmifera,,규조류
원생생물,2206,Fallacia dithmarsica,,규조류
원생생물,2207,Fallacia amphipleuroides,,규조류
원생생물,2208,Terpsinoë americana,,규조류
원생생물,2209,Eunotogramma marinum,,규조류
원생생물,2210,Eunotogramma productum,,규조류
원생생물,2211,Eunotogramma laeve,,규조류
원생생물,2212,Anaulus mediterraneus,,규조류
원생생물,2213,Anaulus minutus,,규조류
원생생물,2214,Anaulus birostratus,,규조류
원생생물,2215,Cerataulus granulatus,,규조류
원생생물,2216,Amphipentas pentacrinus,,규조류
원생생물,2217,Auliscus incertus,,규조류
원생생물,2218,Auliscus elegans,,규조류
원생생물,2219,Auliscus sculptus,,규조류
원생생물,2220,Zygoceros rhombus,,규조류
원생생물,2221,Pleurosira laevis,,규조류
원생생물,2222,Trieres regia,,규조류
원생생물,2223,Trieres chinensis,,규조류
원생생물,2224,Trieres mobiliensis,,규조류
원생생물,2225,Pseudictyota dubia,,규조류
원생생물,2226,Pseudictyota reticulata,,규조류
원생생물,2227,Fallacia forcipata var. densistriata,,규조류
원생생물,2228,Odontella aurita,,규조류
원생생물,2229,Odontella turgida,,규조류
원생생물,2230,Odontella obtusa,,규조류
원생생물,2231,Stoermeria americana,,규조류
원생생물,2232,Neobrightwellia alternans,,규조류
원생생물,2233,Biddulphia alternans,,규조류
원생생물,2234,Fallacia schoemaniana,,규조류
원생생물,2235,Fallacia cryptolyra,,규조류
원생생물,2236,Fallacia cunoniae,,규조류
원생생물,2237,Fallacia litoricola,,규조류
원생생물,2238,Biddulphia tuomeyi,,규조류
원생생물,2239,Biddulphia tridens,,규조류
원생생물,2240,Biddulphia areolata,,규조류
원생생물,2241,Biddulphia biddulphiana,,규조류
원생생물,2242,Biddulphia gruendleri,,규조류
원생생물,2243,Biddulphiopsis titiana,,규조류
원생생물,2244,Lampriscus shadboltianus,,규조류
원생생물,2245,Fallacia floriniae,,규조류
원생생물,2246,Lampriscus orbiculatus,,규조류
원생생물,2247,Attheya longicornis,,규조류
원생생물,2248,Fallacia forcipata,,규조류
원생생물,2249,Fallacia pygmaea,,규조류
원생생물,2250,Fallacia pulchella,,규조류
원생생물,2251,Biddulphiella tridens,,규조류
원생생물,2252,Climacodium frauenfeldianum,,규조류
원생생물,2253,Bellerochea malleus,,규조류
원생생물,2254,Ardissonea formosa,,규조류
원생생물,2255,Ardissonea robusta,,규조류
원생생물,2256,Synedrosphenia fulgens,,규조류
원생생물,2257,Synedrosphenia crystallina,,규조류
원생생물,2258,Climacosphenia moniligera,,규조류
원생생물,2259,Toxarium hennedyanum,,규조류
원생생물,2260,Toxarium undulatum,,규조류
원생생물,2261,Ditylum sol,,규조류
원생생물,2262,Ditylum brightwellii,,규조류
원생생물,2263,Lithodesmium undulatum,,규조류
원생생물,2264,Helicotheca tamesis,,규조류
원생생물,2265,Lauderia annulata,,규조류
원생생물,2266,Skeletonema pseudocostatum,,규조류
원생생물,2267,Skeletonema marinoi,,규조류
원생생물,2268,Skeletonema japonicum,,규조류
원생생물,2269,Skeletonema subsalsum,,규조류
원생생물,2270,Skeletonema costatum,,규조류
원생생물,2271,Skeletonema potamos,,규조류
원생생물,2272,Skeletonema tropicum,,규조류
원생생물,2273,Fallacia nyella,,규조류
원생생물,2274,Fallacia scaldensis,,규조류
원생생물,2275,Fallacia clipeiformis,,규조류
원생생물,2276,Sellaphora pseudoventralis,,규조류
원생생물,2277,Staurotropis seychellensis,,규조류
원생생물,2278,Plagiolemma distortum,,규조류
원생생물,2279,Meuniera membranacea,,규조류
원생생물,2280,Plagiotropis elegans,,규조류
원생생물,2281,Plagiotropis lepidoptera,,규조류
원생생물,2282,Diploneis vacillans,,규조류
원생생물,2283,Skeletonema dohrnii,,규조류
원생생물,2284,Lineaperpetua lacustris,,규조류
원생생물,2285,Thalassiosira pseudonana,,규조류
원생생물,2286,Thalassiosira manifesta,,규조류
원생생물,2287,Thalassiosira rosulata,,규조류
원생생물,2288,Thalassiosira decipiens,,규조류
원생생물,2289,Thalassiosira lacustris,,규조류
원생생물,2290,Thalassiosira eccentrica,,규조류
원생생물,2291,Thalassiosira leptopus,,규조류
원생생물,2292,Thalassiosira mediterranea,,규조류
원생생물,2293,Thalassiosira normanhendeyi,,규조류
원생생물,2294,Thalassiosira visurgis,,규조류
원생생물,2295,Thalassiosira mala,,규조류
원생생물,2296,Thalassiosira diporocyclus,,규조류
원생생물,2297,Thalassiosira livingstoniorum,,규조류
원생생물,2298,Thalassiosira temperei,,규조류
원생생물,2299,Thalassiosira nordenskioeldii,,규조류
원생생물,2300,Thalassiosira minicosmica,,규조류
원생생물,2301,Thalassiosira lineata,,규조류
원생생물,2302,Diploneis oblongella,,규조류
원생생물,2303,Diploneis fusca,,규조류
원생생물,2304,Diploneis advena,,규조류
원생생물,2305,Diploneis weissflogii,,규조류
원생생물,2306,Diploneis interrupta,,규조류
원생생물,2307,Diploneis stroemii,,규조류
원생생물,2308,Diploneis splendida,,규조류
원생생물,2309,Diploneis pseudovalis,,규조류
원생생물,2310,Diploneis lineata,,규조류
원생생물,2311,Diploneis diplosticta,,규조류
원생생물,2312,Thalassiosira delicatula,,규조류
원생생물,2313,Thalassiosira convexa,,규조류
원생생물,2314,Thalassiosira antiqua,,규조류
원생생물,2315,Diploneis crabro,,규조류
원생생물,2316,Diploneis chersonensis,,규조류
원생생물,2317,Diploneis bombus,,규조류
원생생물,2318,Diploneis smithii,,규조류
원생생물,2319,Diploneis nitescens,,규조류
원생생물,2320,Thalassiosira praeconvexa,,규조류
원생생물,2321,Thalassiosira partheneia,,규조류
원생생물,2322,Thalassiosira pacifica,,규조류
원생생물,2323,Thalassiosira oceanica,,규조류
원생생물,2324,Thalassiosira nidulus,,규조류
원생생물,2325,Thalassiosira punctigera,,규조류
원생생물,2326,Thalassiosira tealata,,규조류
원생생물,2327,Thalassiosira cryophila,,규조류
원생생물,2328,Thalassiosira subtilis,,규조류
원생생물,2329,Thalassiosira wongii,,규조류
원생생물,2330,Thalassiosira thailandica,,규조류
원생생물,2331,Diploneis elliptica,,규조류
원생생물,2332,Planothidium hauckianum,,규조류
원생생물,2333,Planothidium diplopunctatum,,규조류
원생생물,2334,Planothidium delicatulum,,규조류
원생생물,2335,Planothidium quarnerense,,규조류
원생생물,2336,Gogorevia uniseriata,,규조류
원생생물,2337,Achnanthes yaquinensis,,규조류
원생생물,2338,Achnanthes javanica,,규조류
원생생물,2339,Achnanthes cocconeioides,,규조류
원생생물,2340,Achnanthes groenlandica,,규조류
원생생물,2341,Achnanthes delicatissima,,규조류
원생생물,2342,Achnanthes subconstricta,,규조류
원생생물,2343,Achnanthes pseudolongipes,,규조류
원생생물,2344,Achnanthes pseudobliqua,,규조류
원생생물,2345,Achnanthes parvula,,규조류
원생생물,2346,Achnanthes convergens,,규조류
원생생물,2347,Achnanthes temperei,,규조류
원생생물,2348,Diploneis littoralis,,규조류
원생생물,2349,Frickea lewisiana,,규조류
원생생물,2350,Frustulia elliptica,,규조류
원생생물,2351,Frustulia amphipleuroides,,규조류
원생생물,2352,Frustulia rhomboides,,규조류
원생생물,2353,Frustulia creuzburgensis,,규조류
원생생물,2354,Halamphora minima,,규조류
원생생물,2355,Halamphora coffeiformis,,규조류
원생생물,2356,Halamphora veneta,,규조류
원생생물,2357,Halamphora wisei,,규조류
원생생물,2358,Halamphora hyalina,,규조류
원생생물,2359,Halamphora terroris,,규조류
원생생물,2360,Halamphora turgida,,규조류
원생생물,2361,Halamphora holsatica,,규조류
원생생물,2362,Halamphora granulata,,규조류
원생생물,2363,Halamphora subholsatica,,규조류
원생생물,2364,Halamphora subangularis,,규조류
원생생물,2365,Halamphora exigua,,규조류
원생생물,2366,Halamphora costata,,규조류
원생생물,2367,Halamphora borealis,,규조류
원생생물,2368,Halamphora acutiuscula,,규조류
원생생물,2369,Halamphora lineata,,규조류
원생생물,2370,Halamphora eunotia,,규조류
원생생물,2371,Amphiprora angustata,,규조류
원생생물,2372,Neidium gracile,,규조류
원생생물,2373,Neidium iridis,,규조류
원생생물,2374,Rhoikoneis pagoensis,,규조류
원생생물,2375,Membraneis challengeri,,규조류
원생생물,2376,Hippodonta lesmonensis,,규조류
원생생물,2377,Hippodonta linearis,,규조류
원생생물,2378,Haslea crucigera,,규조류
원생생물,2379,Haslea pseudostrearia,,규조류
원생생물,2380,Haslea feriarum,,규조류
원생생물,2381,Haslea nipkowii,,규조류
원생생물,2382,Haslea duerrenbergiana,,규조류
원생생물,2383,Haslea ostrearia,,규조류
원생생물,2384,Haslea spicula,,규조류
원생생물,2385,Austariella jamalinensis,,규조류
원생생물,2386,Austariella admissa,,규조류
원생생물,2387,Caloneis hebes,,규조류
원생생물,2388,Caloneis linearis,,규조류
원생생물,2389,Caloneis bacillum,,규조류
원생생물,2390,Caloneis thermalis,,규조류
원생생물,2391,Caloneis permagna,,규조류
원생생물,2392,Caloneis westii,,규조류
원생생물,2393,Caloneis amphisbaena,,규조류
원생생물,2394,Caloneis africana,,규조류
원생생물,2395,Caloneis brevis,,규조류
원생생물,2396,Caloneis bacillaris,,규조류
원생생물,2397,Caloneis crassa,,규조류
원생생물,2398,Pinnunavis yarrensis,,규조류
원생생물,2399,Pinnunavis elegantoides,,규조류
원생생물,2400,Pinnunavis elegans,,규조류
원생생물,2401,Navicula luciae,,규조류
원생생물,2402,Navicula simulata,,규조류
원생생물,2403,Navicula avium,,규조류
원생생물,2404,Navicula freesei,,규조류
원생생물,2405,Navicula sinensis,,규조류
원생생물,2406,Navicula spartinetensis,,규조류
원생생물,2407,Navicula mannii,,규조류
원생생물,2408,Navicula mollis,,규조류
원생생물,2409,Navicula trivialis,,규조류
원생생물,2410,Navicula salinarum f. minima,,규조류
원생생물,2411,Navicula pseudosalinarioides,,규조류
원생생물,2412,Navicula arenaria var. rostellata,,규조류
원생생물,2413,Navicula flagellifera,,규조류
원생생물,2414,Navicula agatae,,규조류
원생생물,2415,Navicula torneënsis,,규조류
원생생물,2416,Navicula salinarum var. rostrata,,규조류
원생생물,2417,Navicula slesvicensis,,규조류
원생생물,2418,Navicula digitoconvergens,,규조류
원생생물,2419,Navicula agnita,,규조류
원생생물,2420,Navicula salinarum,,규조류
원생생물,2421,Navicula riediana,,규조류
원생생물,2422,Navicula ammophila,,규조류
원생생물,2423,Navicula novaesiberica,,규조류
원생생물,2424,Navicula longicephala,,규조류
원생생물,2425,Navicula alineae,,규조류
원생생물,2426,Navicula cariocinctae,,규조류
원생생물,2427,Navicula cryptocephala,,규조류
원생생물,2428,Navicula bottnica,,규조류
원생생물,2429,Navicula tripunctata,,규조류
원생생물,2430,Navicula salinicola,,규조류
원생생물,2431,Navicula menisculus,,규조류
원생생물,2432,Navicula notha,,규조류
원생생물,2433,Navicula vaneei,,규조류
원생생물,2434,Navicula pavillardii,,규조류
원생생물,2435,Navicula eidrigiana,,규조류
원생생물,2436,Navicula capitatoradiata,,규조류
원생생물,2437,Navicula cancellata,,규조류
원생생물,2438,Navicula annexa,,규조류
원생생물,2439,Navicula arenaria,,규조류
원생생물,2440,Navicula alpha,,규조류
원생생물,2441,Navicula perrhombus,,규조류
원생생물,2442,Navicula perminuta,,규조류
원생생물,2443,Navicula phylleptosoma,,규조류
원생생물,2444,Navicula peregrina,,규조류
원생생물,2445,Navicula palpebralis,,규조류
원생생물,2446,Navicula meniscoides,,규조류
원생생물,2447,Navicula heufleri,,규조류
원생생물,2448,Navicula grevilleana,,규조류
원생생물,2449,Navicula flanatica,,규조류
원생생물,2450,Navicula erifuga,,규조류
원생생물,2451,Navicula directa,,규조류
원생생물,2452,Navicula digitoradiata,,규조류
원생생물,2453,Navicula veneta,,규조류
원생생물,2454,Navicula vandamii,,규조류
원생생물,2455,Navicula upsaliensis,,규조류
원생생물,2456,Navicula rostellata,,규조류
원생생물,2457,Navicula rhynchocephala,,규조류
원생생물,2458,Navicula ramosissima,,규조류
원생생물,2459,Navicula gregaria,,규조류
원생생물,2460,Navicula apiculata,,규조류
원생생물,2461,Navicula schroeteri,,규조류
원생생물,2462,Navicula iserentantii,,규조류
원생생물,2463,Navicula distans,,규조류
원생생물,2464,Navicula cincta,,규조류
원생생물,2465,Navicula viminoides,,규조류
원생생물,2466,Navicula recens,,규조류
원생생물,2467,Navicula normaloides,,규조류
원생생물,2468,Seminavis exigua,,규조류
원생생물,2469,Seminavis strigosa,,규조류
원생생물,2470,Seminavis robusta,,규조류
원생생물,2471,Seminavis latior,,규조류
원생생물,2472,Seminavis arranensis,,규조류
원생생물,2473,Trachyneis aspera,,규조류
원생생물,2474,Trachyneis velata,,규조류
원생생물,2475,Pseudogomphonema monicae,,규조류
원생생물,2476,Pseudogomphonema kamtschaticum,,규조류
원생생물,2477,Gyrosigma sinense,,규조류
원생생물,2478,Gyrosigma limosum,,규조류
원생생물,2479,Gyrosigma fasciola var. tenuirostris,,규조류
원생생물,2480,Gyrosigma strigilis,,규조류
원생생물,2481,Gyrosigma fasciola,,규조류
원생생물,2482,Gyrosigma balticum,,규조류
원생생물,2483,Gyrosigma distortum,,규조류
원생생물,2484,Gyrosigma littorale,,규조류
원생생물,2485,Gyrosigma scalproides,,규조류
원생생물,2486,Gyrosigma tenuissimum,,규조류
원생생물,2487,Gyrosigma obscurum,,규조류
원생생물,2488,Gyrosigma wansbeckii,,규조류
원생생물,2489,Gyrosigma tenuissimum var. angustissimum,,규조류
원생생물,2490,Cymatoneis ovalis,,규조류
원생생물,2491,Cymatoneis sulcata,,규조류
원생생물,2492,Berkeleya fennica,,규조류
원생생물,2493,Berkeleya rutilans,,규조류
원생생물,2494,Berkeleya fragilis,,규조류
원생생물,2495,Berkeleya scopulorum,,규조류
원생생물,2496,Climaconeis mabikii,,규조류
원생생물,2497,Climaconeis undulata,,규조류
원생생물,2498,Climaconeis delicatula,,규조류
원생생물,2499,Parlibellus schuettii,,규조류
원생생물,2500,Parlibellus rhombiformis,,규조류
원생생물,2501,Parlibellus cruciculoides,,규조류
원생생물,2502,Parlibellus rhombicus,,규조류
원생생물,2503,Parlibellus plicatus,,규조류
원생생물,2504,Parlibellus berkeleyi,,규조류
원생생물,2505,Parlibellus delognei,,규조류
원생생물,2506,Pleurosigma patagonicum,,규조류
원생생물,2507,Pleurosigma angulatum,,규조류
원생생물,2508,Pleurosigma speciosum,,규조류
원생생물,2509,Pleurosigma aestuarii,,규조류
원생생물,2510,Pleurosigma rigidum,,규조류
원생생물,2511,Pleurosigma inscriptura,,규조류
원생생물,2512,Pleurosigma normanii,,규조류
원생생물,2513,Pleurosigma elongatum,,규조류
원생생물,2514,Pleurosigma delicatulum,,규조류
원생생물,2515,Pleurosigma acutum,,규조류
원생생물,2516,Pleurosigma strigosum,,규조류
원생생물,2517,Pleurosigma salinarum,,규조류
원생생물,2518,Pleurosigma intermedium,,규조류
원생생물,2519,Pleurosigma decorum,,규조류
원생생물,2520,Pleurosigma williamsii,,규조류
원생생물,2521,Pleurosigma rushdyense,,규조류
원생생물,2522,Rhoicosigma compactum,,규조류
원생생물,2523,Donkinia carinata,,규조류
원생생물,2524,Carinasigma rectum,,규조류
원생생물,2525,Fogedia lyra,,규조류
원생생물,2526,Fogedia finmarchica,,규조류
원생생물,2527,Fogedia heterovalvata,,규조류
원생생물,2528,Fogedia orientalis,,규조류
원생생물,2529,Fogedia giffeniana,,규조류
원생생물,2530,Fogedia densa,,규조류
원생생물,2531,Fogedia krammeri,,규조류
원생생물,2532,Fogedia coreana,,규조류
원생생물,2533,Fogedia elliptica,,규조류
원생생물,2534,Pseudofallacia tenera,,규조류
원생생물,2535,Kobayasiella venezuelensis,,규조류
원생생물,2536,Dorofeyukea texana,,규조류
원생생물,2537,Prestauroneis crucicula,,규조류
원생생물,2538,Craticula riparia var. mollenhaueri,,규조류
원생생물,2539,Craticula halophila,,규조류
원생생물,2540,Craticula riparia,,규조류
원생생물,2541,Craticula buderi,,규조류
원생생물,2542,Brachysira microcephala,,규조류
원생생물,2543,Tabularia gaillonii,,규조류
원생생물,2544,Tabularia investiens,,규조류
원생생물,2545,Tabularia fasciculata,,규조류
원생생물,2546,Tabularia tabulata,,규조류
원생생물,2547,Tabularia parva,,규조류
원생생물,2548,Ctenophora pulchella,,규조류
원생생물,2549,Trachysphenia acuminata,,규조류
원생생물,2550,Trachysphenia australis,,규조류
원생생물,2551,Ulnaria pseudogaillonii,,규조류
원생생물,2552,Ulnaria ulna,,규조류
원생생물,2553,Licmophora debilis,,규조류
원생생물,2554,Licmophora communis,,규조류
원생생물,2555,Licmophora lyngbyei,,규조류
원생생물,2556,Licmophora gracilis var. anglica,,규조류
원생생물,2557,Licmophora grandis,,규조류
원생생물,2558,Licmophora abbreviata,,규조류
원생생물,2559,Licmophora juergensii,,규조류
원생생물,2560,Licmophora ehrenbergii,,규조류
원생생물,2561,Licmophora flabellata,,규조류
원생생물,2562,Licmophora gracilis,,규조류
원생생물,2563,Licmophora dalmatica,,규조류
원생생물,2564,Licmophora paradoxa,,규조류
원생생물,2565,Podocystis spathulata,,규조류
원생생물,2566,Achnanthes curvirostrum,,규조류
원생생물,2567,Achnanthes koreana,,규조류
원생생물,2568,Achnanthes adnata,,규조류
원생생물,2569,Achnanthes sancti-paulii,,규조류
원생생물,2570,Achnanthes armillaris,,규조류
원생생물,2571,Achnanthes brevipes var. angustata,,규조류
원생생물,2572,Achnanthes brevipes var. intermedia,,규조류
원생생물,2573,Achnanthes kuwaitensis,,규조류
원생생물,2574,Achnanthes coarctata,,규조류
원생생물,2575,Amphicocconeis disculoides,,규조류
원생생물,2576,Anorthoneis dulcis,,규조류
원생생물,2577,Anorthoneis eurystoma,,규조류
원생생물,2578,Anorthoneis excentrica,,규조류
원생생물,2579,Anorthoneis vortex,,규조류
원생생물,2580,Cocconeis californica,,규조류
원생생물,2581,Cocconeis notata,,규조류
원생생물,2582,Cocconeis stauroneiformis,,규조류
원생생물,2583,Cocconeis molesta,,규조류
원생생물,2584,Cocconeis pelta,,규조류
원생생물,2585,Cocconeis dirupta,,규조류
원생생물,2586,Cocconeis neodiminuta,,규조류
원생생물,2587,Cocconeis scutellum,,규조류
원생생물,2588,Cocconeis heteroidea,,규조류
원생생물,2589,Cocconeis distans,,규조류
원생생물,2590,Cocconeis peltoides,,규조류
원생생물,2591,Cocconeis neothumensis,,규조류
원생생물,2592,Cocconeis placentula,,규조류
원생생물,2593,Cocconeis krammeri,,규조류
원생생물,2594,Cocconeis mascarenica,,규조류
원생생물,2595,Cocconeis scutellum var. parva,,규조류
원생생물,2596,Cocconeis pellucida,,규조류
원생생물,2597,Cocconeis convexa,,규조류
원생생물,2598,Cocconeis pseudomarginata,,규조류
원생생물,2599,Cocconeiopsis wrightii,,규조류
원생생물,2600,Cocconeiopsis kantsiensis,,규조류
원생생물,2601,Cocconeiopsis breviata,,규조류
원생생물,2602,Campyloneis grevillei,,규조류
원생생물,2603,Striatella unipunctata,,규조류
원생생물,2604,Nagumoea neritica,,규조류
원생생물,2605,Bacillaria paxillifera,,규조류
원생생물,2606,Cylindrotheca fusiformis,,규조류
원생생물,2607,Cylindrotheca gracilis,,규조류
원생생물,2608,Cylindrotheca closterium,,규조류
원생생물,2609,Giffenia cocconeiformis,,규조류
원생생물,2610,Giffenia koreana,,규조류
원생생물,2611,Psammodictyon constrictum,,규조류
원생생물,2612,Psammodictyon panduriforme,,규조류
원생생물,2613,Pseudo-nitzschia caciantha,,규조류
원생생물,2614,Pseudo-nitzschia calliantha,,규조류
원생생물,2615,Pseudo-nitzschia brasiliana,,규조류
원생생물,2616,Pseudo-nitzschia delicatissima,,규조류
원생생물,2617,Pseudo-nitzschia pungens,,규조류
원생생물,2618,Pseudo-nitzschia micropora,,규조류
원생생물,2619,Pseudo-nitzschia multiseries,,규조류
원생생물,2620,Pseudo-nitzschia pseudodelicatissima,,규조류
원생생물,2621,Pseudo-nitzschia multistriata,,규조류
원생생물,2622,Pseudo-nitzschia cuspidata,,규조류
원생생물,2623,Pseudo-nitzschia subpacifica,,규조류
원생생물,2624,Pseudo-nitzschia subfraudulenta,,규조류
원생생물,2625,Pseudo-nitzschia americana,,규조류
원생생물,2626,Nitzschia littorea,,규조류
원생생물,2627,Nitzschia subcommunis,,규조류
원생생물,2628,Nitzschia amabilis,,규조류
원생생물,2629,Nitzschia commutata,,규조류
원생생물,2630,Nitzschia umbonata,,규조류
원생생물,2631,Nitzschia filiformis,,규조류
원생생물,2632,Nitzschia spathulata,,규조류
원생생물,2633,Nitzschia dissipata,,규조류
원생생물,2634,Nitzschia acicularis,,규조류
원생생물,2635,Nitzschia brevissima,,규조류
원생생물,2636,Nitzschia hummii,,규조류
원생생물,2637,Nitzschia inconspicua,,규조류
원생생물,2638,Nitzschia epithemoides,,규조류
원생생물,2639,Nitzschia holsatica,,규조류
원생생물,2640,Nitzschia laevissima,,규조류
원생생물,2641,Nitzschia pellucida,,규조류
원생생물,2642,Nitzschia vidovichii,,규조류
원생생물,2643,Nitzschia recta,,규조류
원생생물,2644,Nitzschia tubicola,,규조류
원생생물,2645,Nitzschia frustulum,,규조류
원생생물,2646,Nitzschia lanceolata,,규조류
원생생물,2647,Nitzschia obtusa,,규조류
원생생물,2648,Nitzschia sigma,,규조류
원생생물,2649,Nitzschia composita,,규조류
원생생물,2650,Nitzschia subcapitellata,,규조류
원생생물,2651,Nitzschia pacifica,,규조류
원생생물,2652,Nitzschia dubiiformis,,규조류
원생생물,2653,Nitzschia perindistincta,,규조류
원생생물,2654,Nitzschia amphibia,,규조류
원생생물,2655,Nitzschia sigmoidea,,규조류
원생생물,2656,Nitzschia andicola,,규조류
원생생물,2657,Nitzschia bilobata,,규조류
원생생물,2658,Nitzschia dubia,,규조류
원생생물,2659,Nitzschia liebethruthii,,규조류
원생생물,2660,Nitzschia paleaeformis,,규조류
원생생물,2661,Nitzschia pusilla,,규조류
원생생물,2662,Nitzschia sigmaformis,,규조류
원생생물,2663,Nitzschia aequorea,,규조류
원생생물,2664,Nitzschia bergii,,규조류
원생생물,2665,Nitzschia ligowskii,,규조류
원생생물,2666,Nitzschia hybrida,,규조류
원생생물,2667,Nitzschia hantzschiana,,규조류
원생생물,2668,Nitzschia pseudohybrida,,규조류
원생생물,2669,Nitzschia intermedia,,규조류
원생생물,2670,Nitzschia ovalis,,규조류
원생생물,2671,Nitzschia denticula,,규조류
원생생물,2672,Nitzschia fonticola,,규조류
원생생물,2673,Nitzschia reversa var. latus,,규조류
원생생물,2674,Nitzschia anomalus,,규조류
원생생물,2675,Nitzschia angularis,,규조류
원생생물,2676,Nitzschia littoralis var. tergestina,,규조류
원생생물,2677,Nitzschia dissipatoides,,규조류
원생생물,2678,Nitzschia longissima,,규조류
원생생물,2679,Fragilariopsis doliolus,,규조류
원생생물,2680,Fragilariopsis cylindrus,,규조류
원생생물,2681,Fragilariopsis oceanica,,규조류
원생생물,2682,Fragilariopsis pseudonana,,규조류
원생생물,2683,Fragilariopsis curta,,규조류
원생생물,2684,Tryblionella hantzschiana,,규조류
원생생물,2685,Tryblionella victoriae,,규조류
원생생물,2686,Tryblionella acuminata,,규조류
원생생물,2687,Tryblionella debilis,,규조류
원생생물,2688,Tryblionella punctata,,규조류
원생생물,2689,Tryblionella jelineckii,,규조류
원생생물,2690,Tryblionella levidensis,,규조류
원생생물,2691,Tryblionella apiculata,,규조류
원생생물,2692,Tryblionella navicularis,,규조류
원생생물,2693,Tryblionella adducta,,규조류
원생생물,2694,Tryblionella hyalina,,규조류
원생생물,2695,Tryblionella hungarica,,규조류
원생생물,2696,Trochiscia brachiolata,,편모조류
원생생물,2697,Pavlova gyrans,,편모조류
원생생물,2698,Pavlova pinguis,,편모조류
원생생물,2699,Diacronema viridis,,편모조류
원생생물,2700,Diacronema lutheri,,편모조류
원생생물,2701,Calciosolenia brasiliensis,,편모조류
원생생물,2702,Calcidiscus leptoporus,,편모조류
원생생물,2703,Chrysochromulina simplex,,편모조류
원생생물,2704,Chrysochromulina ahrengotii,,편모조류
원생생물,2705,Chrysochromulina spinifera,,편모조류
원생생물,2706,Prymnesium zebrinum,,편모조류
원생생물,2707,Prymnesium parvum,,편모조류
원생생물,2708,Prymnesium annuliferum,,편모조류
원생생물,2709,Prymnesium parvum f. patelliferum,,편모조류
원생생물,2710,Pseudoisochrysis paradoxa,,편모조류
원생생물,2711,Dicrateria rotunda,,편모조류
원생생물,2712,Chrysotila carterae,,편모조류
원생생물,2713,Isochrysis galbana,,편모조류
원생생물,2714,Tisochrysis lutea,,편모조류
원생생물,2715,Emiliania huxleyi,,편모조류
원생생물,2716,Gephyrocapsa huxleyi,,편모조류
원생생물,2717,Hemistasia phaeocysticola,,편모조류
원생생물,2718,Bordnamonas tropicana,,편모조류
원생생물,2719,Cercomonas ovata,,편모조류
원생생물,2720,Bodo platyrhynchus,,편모조류
원생생물,2721,Bodo saltans,,편모조류
원생생물,2722,Rhynchobodo simius,,편모조류
원생생물,2723,Parabodo caudatus,,편모조류
원생생물,2724,Dinema platysomum,,편모조류
원생생물,2725,Anisonema acinus,,편모조류
원생생물,2726,Anisonema trepidum,,편모조류
원생생물,2727,Neometanema exaratum,,편모조류
원생생물,2728,Neometanema ovale,,편모조류
원생생물,2729,Neometanema paraovale,,편모조류
원생생물,2730,Ploeotia longifilum,,편모조류
원생생물,2731,Ploeotia discoides,,편모조류
원생생물,2732,Urceolus cyclostomus,,편모조류
원생생물,2733,Petalomonas ornata,,편모조류
원생생물,2734,Petalomonas minuta,,편모조류
원생생물,2735,Petalomonas minor,,편모조류
원생생물,2736,Petalomonas intortus,,편모조류
원생생물,2737,Petalomonas abscissa,,편모조류
원생생물,2738,Petalomonas pusilla,,편모조류
원생생물,2739,Notosolenus scutulum,,편모조류
원생생물,2740,Notosolenus urceolatus,,편모조류
원생생물,2741,Sphenomonas angusta,,편모조류
원생생물,2742,Trachelomonas intermedia,,편모조류
원생생물,2743,Monomorphina pyrum,,편모조류
원생생물,2744,Euglena deses,,편모조류
원생생물,2745,Euglena agilis,,편모조류
원생생물,2746,Euglena viridis,,편모조류
원생생물,2747,Phacus curvicauda,,편모조류
원생생물,2748,Phacus caudatus,,편모조류
원생생물,2749,Pseudoperanema trichophorum,,편모조류
원생생물,2750,Eutreptiella gymnastica,,편모조류
원생생물,2751,Eutreptiella hirudoidea,,편모조류
원생생물,2752,Eutreptiella marina,,편모조류
원생생물,2753,Liburna glacialis,,편모조류
원생생물,2754,Microchloropsis salina,,편모조류
원생생물,2755,Nannochloropsis oceanica,,편모조류
원생생물,2756,Ochromonas minima,,편모조류
원생생물,2757,Sarcinochrysis marina,,편모조류
원생생물,2758,Heterosigma akashiwo,,편모조류
원생생물,2759,Chattonella marina,,편모조류
원생생물,2760,Fibrocapsa japonica,,편모조류
원생생물,2761,Pteridomonas danica,,편모조류
원생생물,2762,Helicopedinella tricostata,,편모조류
원생생물,2763,Pseudopedinella pyriformis,,편모조류
원생생물,2764,Ciliophrys infusionum,,편모조류
원생생물,2765,Pedinella elastica,,편모조류
원생생물,2766,Octactis octonaria,,편모조류
원생생물,2767,Octactis speculum,,편모조류
원생생물,2768,Dictyocha fibula,,편모조류
원생생물,2769,Synura uvella,,편모조류
원생생물,2770,Mallomonas cuspis,,편모조류
원생생물,2771,Mallomonas marina,,편모조류
원생생물,2772,Cryptomonas baltica,,편모조류
원생생물,2773,Cryptomonas ovata,,편모조류
원생생물,2774,Cryptomonas erosa,,편모조류
원생생물,2775,Hillea fusiformis,,편모조류
원생생물,2776,Hemiselmis cyclopea,,편모조류
원생생물,2777,Teleaulax acuta,,편모조류
원생생물,2778,Teleaulax amphioxeia,,편모조류
원생생물,2779,Rhodomonas marina,,편모조류
원생생물,2780,Rhodomonas salina,,편모조류
원생생물,2781,Rhodomonas irregularis,,편모조류
원생생물,2782,Rhodomonas duplex,,편모조류
원생생물,2783,Rhinomonas lateralis,,편모조류
원생생물,2784,Rhinomonas fulva,,편모조류
원생생물,2785,Storeatula major,,편모조류
원생생물,2786,Porphyridium purpureum,,편모조류
원생생물,2787,Rhodella violacea,,편모조류
원생생물,2788,Closterium striolatum,,편모조류
원생생물,2789,Closterium turgidum,,편모조류
원생생물,2790,Closterium acerosum,,편모조류
원생생물,2791,Closterium moniliferum,,편모조류
원생생물,2792,Micrasterias crux-melitensis,,편모조류
원생생물,2793,Pleurotaenium subcoronulatum,,편모조류
원생생물,2794,Spondylosium moniliforme,,편모조류
원생생물,2795,Staurastrum punctulatum,,편모조류
원생생물,2796,Staurastrum asteroideum var. nanum,,편모조류
원생생물,2797,Cosmarium contractum,,편모조류
원생생물,2798,Netrium digitus,,편모조류
원생생물,2799,Spirogyra porticalis,,편모조류
원생생물,2800,Mamiella gilva,,편모조류
원생생물,2801,Pyramimonas grossii,,편모조류
원생생물,2802,Pyramimonas propulsa,,편모조류
원생생물,2803,Pyramimonas gelidicola,,편모조류
원생생물,2804,Pyramimonas orientalis,,편모조류
원생생물,2805,Crucigenia quadrata,,편모조류
원생생물,2806,Chloroidium ellipsoideum,,편모조류
원생생물,2807,Chloroidium saccharophilum,,편모조류
원생생물,2808,Stichococcus bacillaris,,편모조류
원생생물,2809,Nephrocytium lunatum,,편모조류
원생생물,2810,Oocystis parva,,편모조류
원생생물,2811,Oocystis lacustris,,편모조류
원생생물,2812,Jaagichlorella luteoviridis,,편모조류
원생생물,2813,Jaagichlorella roystonensis,,편모조류
원생생물,2814,Auxenochlorella protothecoides,,편모조류
원생생물,2815,Chlorella vulgaris,,편모조류
원생생물,2816,Chlorella sorokiniana,,편모조류
원생생물,2817,Chlorella salina,,편모조류
원생생물,2818,Micractinium singularis,,편모조류
원생생물,2819,Micractinium pusillum,,편모조류
원생생물,2820,Pseudopediastrum boryanum,,편모조류
원생생물,2821,Pediastrum duplex,,편모조류
원생생물,2822,Pediastrum biwae,,편모조류
원생생물,2823,Golenkinia radiata,,편모조류
원생생물,2824,Golenkinia paucispina,,편모조류
원생생물,2825,Mychonastes elegans,,편모조류
원생생물,2826,Mychonastes homosphaera,,편모조류
원생생물,2827,Mychonastes koreanus,,편모조류
원생생물,2828,Messastrum gracile,,편모조류
원생생물,2829,Selenastrum capricornutum,,편모조류
원생생물,2830,Kirchneriella obesa,,편모조류
원생생물,2831,Kirchneriella lunaris,,편모조류
원생생물,2832,Monoraphidium convolutum,,편모조류
원생생물,2833,Monoraphidium minutum,,편모조류
원생생물,2834,Monoraphidium contortum,,편모조류
원생생물,2835,Acutodesmus acutiformis,,편모조류
원생생물,2836,Coelastrum microporum,,편모조류
원생생물,2837,Desmodesmus costatogranulatus,,편모조류
원생생물,2838,Desmodesmus abundans,,편모조류
원생생물,2839,Scenedesmus praetervisus,,편모조류
원생생물,2840,Tetradesmus obliquus,,편모조류
원생생물,2841,Hariotina reticulata,,편모조류
원생생물,2842,Lobochlamys segnis,,편모조류
원생생물,2843,Chloromonas insignis,,편모조류
원생생물,2844,Chlamydomonas pulsatilla,,편모조류
원생생물,2845,Chlamydomonas nasuta,,편모조류
원생생물,2846,Chlamydomonas angulosa,,편모조류
원생생물,2847,Chlamydomonas hedleyi,,편모조류
원생생물,2848,Chlamydomonas globosa,,편모조류
원생생물,2849,Asterococcus limneticus,,편모조류
원생생물,2850,Sphaerellocystis ampla,,편모조류
원생생물,2851,Dunaliella salina,,편모조류
원생생물,2852,Pandorina morum,,편모조류
원생생물,2853,Eudorina unicocca,,편모조류
원생생물,2854,Graesiella emersonii,,편모조류
원생생물,2855,Chlorococcum minutum,,편모조류
원생생물,2856,Tetracystis vinatzeri,,편모조류
원생생물,2857,Halochlorella rubescens,,편모조류
원생생물,2858,Klebsormidium subtile,,편모조류
원생생물,2859,Tetraselmis chui,,편모조류
원생생물,2860,Tetraselmis subcordiformis,,편모조류
원생생물,2861,Tetraselmis hazenii,,편모조류
원생생물,2862,Tetraselmis cordiformis,,편모조류
원생생물,2863,Tetraselmis gracilis,,편모조류
원생생물,2864,Tetraselmis suecica,,편모조류
원생생물,2865,Tetraselmis tetrathele,,편모조류
원생생물,2866,Tetraselmis striata,,편모조류
원생생물,2867,Tetraselmis jejuensis,,편모조류
원생생물,2868,Tetraselmis carteriiformis,,편모조류
원생생물,2869,Tetraselmis marina,,편모조류
원생생물,2870,Alexandrium insuetum,,와편모조류
원생생물,2871,Alexandrium fraterculus,,와편모조류
원생생물,2872,Alexandrium ostenfeldii,,와편모조류
원생생물,2873,Alexandrium affine,,와편모조류
원생생물,2874,Alexandrium pseudogonyaulax,,와편모조류
원생생물,2875,Tripos candelabrum,,와편모조류
원생생물,2876,Tripos belone,,와편모조류
원생생물,2877,Tripos karstenii,,와편모조류
원생생물,2878,Tripos gallicus,,와편모조류
원생생물,2879,Tripos limulus,,와편모조류
원생생물,2880,Tripos platycornis,,와편모조류
원생생물,2881,Tripos massiliensis,,와편모조류
원생생물,2882,Tripos furca,,와편모조류
원생생물,2883,Tripos gracilis,,와편모조류
원생생물,2884,Tripos intermedius,,와편모조류
원생생물,2885,Tripos longissimus,,와편모조류
원생생물,2886,Tripos pulchellus,,와편모조류
원생생물,2887,Tripos setaceus,,와편모조류
원생생물,2888,Tripos claviger,,와편모조류
원생생물,2889,Tripos paradoxides,,와편모조류
원생생물,2890,Tripos fusus,,와편모조류
원생생물,2891,Tripos vultur,,와편모조류
원생생물,2892,Tripos lunula,,와편모조류
원생생물,2893,Tripos lineatus,,와편모조류
원생생물,2894,Tripos eugrammus,,와편모조류
원생생물,2895,Tripos pavillardii,,와편모조류
원생생물,2896,Tripos gibberus,,와편모조류
원생생물,2897,Tripos azoricus,,와편모조류
원생생물,2898,Tripos pentagonus,,와편모조류
원생생물,2899,Tripos longirostrus,,와편모조류
원생생물,2900,Tripos hexacanthus,,와편모조류
원생생물,2901,Tripos arietinus,,와편모조류
원생생물,2902,Tripos minutus,,와편모조류
원생생물,2903,Tripos axialis,,와편모조류
원생생물,2904,Tripos trichoceros,,와편모조류
원생생물,2905,Tripos symmetricus,,와편모조류
원생생물,2906,Tripos schroeteri,,와편모조류
원생생물,2907,Tripos reflexus,,와편모조류
원생생물,2908,Tripos muelleri,,와편모조류
원생생물,2909,Tripos inflatus,,와편모조류
원생생물,2910,Tripos gravidus,,와편모조류
원생생물,2911,Tripos tenuis,,와편모조류
원생생물,2912,Tripos pennatus,,와편모조류
원생생물,2913,Tripos carriensis,,와편모조류
원생생물,2914,Tripos brevis,,와편모조류
원생생물,2915,Tripos arcticus,,와편모조류
원생생물,2916,Tripos extensus,,와편모조류
원생생물,2917,Tripos ranipes,,와편모조류
원생생물,2918,Tripos macroceros,,와편모조류
원생생물,2919,Tripos longipes,,와편모조류
원생생물,2920,Tripos geniculatus,,와편모조류
원생생물,2921,Tripos teres,,와편모조류
원생생물,2922,Protoceratium reticulatum,,와편모조류
원생생물,2923,Ceratocorys horrida,,와편모조류
원생생물,2924,Ceratocorys gourretii,,와편모조류
원생생물,2925,Fragilidium mexicanum,,와편모조류
원생생물,2926,Fragilidium duplocampaniforme,,와편모조류
원생생물,2927,Fragilidium subglobosum,,와편모조류
원생생물,2928,Pyrophacus steinii,,와편모조류
원생생물,2929,Pyrophacus horologium,,와편모조류
원생생물,2930,Pelagodinium bei,,와편모조류
원생생물,2931,Biecheleriopsis adriatica,,와편모조류
원생생물,2932,Ansanella granifera,,와편모조류
원생생물,2933,Biecheleria brevisulcata,,와편모조류
원생생물,2934,Biecheleria cincta,,와편모조류
원생생물,2935,Yihiella yeosuensis,,와편모조류
원생생물,2936,Protodinium simplex,,와편모조류
원생생물,2937,Effrenium voratum,,와편모조류
원생생물,2938,Amphidiniopsis swedmarkii,,와편모조류
원생생물,2939,Amphidiniopsis rotundata,,와편모조류
원생생물,2940,Islandinium minutum,,와편모조류
원생생물,2941,Protoperidinium leonis,,와편모조류
원생생물,2942,Protoperidinium divergens,,와편모조류
원생생물,2943,Protoperidinium globiferum,,와편모조류
원생생물,2944,Protoperidinium ovum,,와편모조류
원생생물,2945,Protoperidinium hirobis,,와편모조류
원생생물,2946,Protoperidinium brochii,,와편모조류
원생생물,2947,Protoperidinium conicum,,와편모조류
원생생물,2948,Protoperidinium punctulatum,,와편모조류
원생생물,2949,Protoperidinium hemisphaericum,,와편모조류
원생생물,2950,Protoperidinium hyalinum,,와편모조류
원생생물,2951,Protoperidinium nux,,와편모조류
원생생물,2952,Protoperidinium perplexum,,와편모조류
원생생물,2953,Protoperidinium bipes,,와편모조류
원생생물,2954,Protoperidinium marielebouriae,,와편모조류
원생생물,2955,Protoperidinium latissimum,,와편모조류
원생생물,2956,Protoperidinium acutum,,와편모조류
원생생물,2957,Protoperidinium obtusum,,와편모조류
원생생물,2958,Protoperidinium latidorsale,,와편모조류
원생생물,2959,Protoperidinium diabolus,,와편모조류
원생생물,2960,Protoperidinium crassipes,,와편모조류
원생생물,2961,Protoperidinium bidentatum,,와편모조류
원생생물,2962,Protoperidinium saltans,,와편모조류
원생생물,2963,Protoperidinium subinerme,,와편모조류
원생생물,2964,Protoperidinium quarnerense,,와편모조류
원생생물,2965,Protoperidinium ovatum,,와편모조류
원생생물,2966,Protoperidinium majus,,와편모조류
원생생물,2967,Protoperidinium inclinatum,,와편모조류
원생생물,2968,Protoperidinium fatulipes,,와편모조류
원생생물,2969,Protoperidinium granii,,와편모조류
원생생물,2970,Protoperidinium solidicorne,,와편모조류
원생생물,2971,Protoperidinium denticulatum,,와편모조류
원생생물,2972,Protoperidinium decipiens,,와편모조류
원생생물,2973,Protoperidinium conicoides,,와편모조류
원생생물,2974,Protoperidinium compressum,,와편모조류
원생생물,2975,Protoperidinium brevipes,,와편모조류
원생생물,2976,Protoperidinium avellana,,와편모조류
원생생물,2977,Protoperidinium angustum,,와편모조류
원생생물,2978,Protoperidinium tumidum,,와편모조류
원생생물,2979,Protoperidinium subpyriforme,,와편모조류
원생생물,2980,Protoperidinium stellatum,,와편모조류
원생생물,2981,Protoperidinium somma,,와편모조류
원생생물,2982,Protoperidinium rectum,,와편모조류
원생생물,2983,Protoperidinium pyriforme,,와편모조류
원생생물,2984,Protoperidinium pellucidum,,와편모조류
원생생물,2985,Protoperidinium pallidum,,와편모조류
원생생물,2986,Protoperidinium islandicum,,와편모조류
원생생물,2987,Protoperidinium steinii,,와편모조류
원생생물,2988,Protoperidinium depressum,,와편모조류
원생생물,2989,Protoperidinium excentricum,,와편모조류
원생생물,2990,Protoperidinium claudicans,,와편모조류
원생생물,2991,Protoperidinium sphaericum,,와편모조류
원생생물,2992,Protoperidinium pentagonum,,와편모조류
원생생물,2993,Protoperidinium shanghaiense,,와편모조류
원생생물,2994,Protoperidinium curvipes,,와편모조류
원생생물,2995,Protoperidinium cerasus,,와편모조류
원생생물,2996,Protoperidinium asymmetricum,,와편모조류
원생생물,2997,Protoperidinium thorianum,,와편모조류
원생생물,2998,Protoperidinium roseum,,와편모조류
원생생물,2999,Protoperidinium pedunculatum,,와편모조류
원생생물,3000,Protoperidinium oceanicum,,와편모조류
원생생물,3001,Protoperidinium longipes,,와편모조류
원생생물,3002,Protoperidinium inflatum,,와편모조류
원생생물,3003,Protoperidinium grande,,와편모조류
원생생물,3004,Protoperidinium americanum,,와편모조류
원생생물,3005,Protoperidinium paulsenii,,와편모조류
원생생물,3006,Protoperidinium venustum,,와편모조류
원생생물,3007,Protoperidinium thulesense,,와편모조류
원생생물,3008,Protoperidinium cassum,,와편모조류
원생생물,3009,Protoperidinium sphaeroides,,와편모조류
원생생물,3010,Protoperidinium ventricum,,와편모조류
원생생물,3011,Protoperidinium incognitum,,와편모조류
원생생물,3012,Protoperidinium oblongum,,와편모조류
원생생물,3013,Protoperidinium applanatum,,와편모조류
원생생물,3014,Protoperidinium crassipyrum,,와편모조류
원생생물,3015,Protoperidinium achromaticum,,와편모조류
원생생물,3016,Protoperidinium cruciferum,,와편모조류
원생생물,3017,Protoperidinium elegans,,와편모조류
원생생물,3018,Protoperidinium mite,,와편모조류
원생생물,3019,Protoperidinium oviforme,,와편모조류
원생생물,3020,Protoperidinium orbiculare,,와편모조류
원생생물,3021,Protoperidinium monospinum,,와편모조류
원생생물,3022,Protoperidinium pyrum,,와편모조류
원생생물,3023,Archaeperidinium minutum,,와편모조류
원생생물,3024,Archaeperidinium monospinum,,와편모조류
원생생물,3025,Diplopsalis lebouriae,,와편모조류
원생생물,3026,Diplopsalis lenticula,,와편모조류
원생생물,3027,Niea torta,,와편모조류
원생생물,3028,Chiharadinium hexapraecingulum,,와편모조류
원생생물,3029,Votadinium spinosum,,와편모조류
원생생물,3030,Brigantedinium irregulare,,와편모조류
원생생물,3031,Peridinium quadridentatum,,와편모조류
원생생물,3032,Heterodinium murrayi,,와편모조류
원생생물,3033,Heterodinium sphaeroideum,,와편모조류
원생생물,3034,Stelladinium reidii,,와편모조류
원생생물,3035,Thecadinium yashimaense,,와편모조류
원생생물,3036,Thecadinium kofoidii,,와편모조류
원생생물,3037,Heterocapsa niei,,와편모조류
원생생물,3038,Heterocapsa lanceolata,,와편모조류
원생생물,3039,Heterocapsa circularisquama,,와편모조류
원생생물,3040,Heterocapsa ovata,,와편모조류
원생생물,3041,Heterocapsa psammophila,,와편모조류
원생생물,3042,Heterocapsa busanensis,,와편모조류
원생생물,3043,Heterocapsa minima,,와편모조류
원생생물,3044,Heterocapsa pygmaea,,와편모조류
원생생물,3045,Heterocapsa rotundata,,와편모조류
원생생물,3046,Heterocapsa steinii,,와편모조류
원생생물,3047,Heterocapsa pseudotriquetra,,와편모조류
원생생물,3048,Heterocapsa horiguchii,,와편모조류
원생생물,3049,Glenodinium pilula,,와편모조류
원생생물,3050,Glenodinium warmingii,,와편모조류
원생생물,3051,Peridiniella catenata,,와편모조류
원생생물,3052,Peridiniella danica,,와편모조류
원생생물,3053,Bysmatrum arenicola,,와편모조류
원생생물,3054,Bysmatrum subsalsum,,와편모조류
원생생물,3055,Bysmatrum gregarium,,와편모조류
원생생물,3056,Cabra aremorica,,와편모조류
원생생물,3057,Cabra matta,,와편모조류
원생생물,3058,Durinskia dybowskii,,와편모조류
원생생물,3059,Durinskia capensis,,와편모조류
원생생물,3060,Kryptoperidinium triquetrum,,와편모조류
원생생물,3061,Kryptoperidinium foliaceum,,와편모조류
원생생물,3062,Crypthecodinium cohnii,,와편모조류
원생생물,3063,Diplopsalopsis globula,,와편모조류
원생생물,3064,Diplopsalopsis bomba,,와편모조류
원생생물,3065,Diplopsalopsis orbicularis,,와편모조류
원생생물,3066,Diplopelta parva,,와편모조류
원생생물,3067,Preperidinium meunieri,,와편모조류
원생생물,3068,Gotoius abei,,와편모조류
원생생물,3069,Oxytoxum reticulatum,,와편모조류
원생생물,3070,Oxytoxum scolopax,,와편모조류
원생생물,3071,Oxytoxum obliquum,,와편모조류
원생생물,3072,Oxytoxum variabile,,와편모조류
원생생물,3073,Oxytoxum sceptrum,,와편모조류
원생생물,3074,Oxytoxum laticeps,,와편모조류
원생생물,3075,Corythodinium constrictum,,와편모조류
원생생물,3076,Corythodinium milneri,,와편모조류
원생생물,3077,Corythodinium tesselatum,,와편모조류
원생생물,3078,Podolampas palmipes,,와편모조류
원생생물,3079,Podolampas bipes,,와편모조류
원생생물,3080,Podolampas spinifera,,와편모조류
원생생물,3081,Matsuokaea loeblichii,,와편모조류
원생생물,3082,Ensiculifera jinhaensis,,와편모조류
원생생물,3083,Ensiculifera mexicana,,와편모조류
원생생물,3084,Pseudocochlodinium profundisulcus,,와편모조류
원생생물,3085,Echinidinium aculeatum,,와편모조류
원생생물,3086,Levanderina fissa,,와편모조류
원생생물,3087,Operculodinium israelianum,,와편모조류
원생생물,3088,Oodinium inlandicum,,와편모조류
원생생물,3089,Azadinium poporum,,와편모조류
원생생물,3090,Ptychodiscus noctiluca,,와편모조류
원생생물,3091,Tovellia paldangensis,,와편모조류
원생생물,3092,Katodinium asymmetricum,,와편모조류
원생생물,3093,Kapelodinium vestifici,,와편모조류
원생생물,3094,Spatulodinium pseudonoctiluca,,와편모조류
원생생물,3095,Noctiluca scintillans,,와편모조류
원생생물,3096,Oxyrrhis marina,,와편모조류
원생생물,3097,Qia lebouriae,,와편모조류
원생생물,3098,Triadinium sphaericum,,와편모조류
원생생물,3099,Triadinium orientale,,와편모조류
원생생물,3100,Triadinium polyedricum,,와편모조류
원생생물,3101,Stoeckeria algicida,,와편모조류
원생생물,3102,Stoeckeria changwonensis,,와편모조류
원생생물,3103,Luciella masanensis,,와편모조류
원생생물,3104,Scrippsiella irregularis,,와편모조류
원생생물,3105,Scrippsiella hexapraecingula,,와편모조류
원생생물,3106,Scrippsiella precaria,,와편모조류
원생생물,3107,Scrippsiella masanensis,,와편모조류
원생생물,3108,Scrippsiella donghaiensis,,와편모조류
원생생물,3109,Scrippsiella acuminata,,와편모조류
원생생물,3110,Scrippsiella spinifera,,와편모조류
원생생물,3111,Scrippsiella crystallina,,와편모조류
원생생물,3112,Scrippsiella lachrymosa,,와편모조류
원생생물,3113,Apocalathium aciculiferum,,와편모조류
원생생물,3114,Aduncodinium glandula,,와편모조류
원생생물,3115,Pfiesteria piscicida,,와편모조류
원생생물,3116,Amphidinium steinii,,와편모조류
원생생물,3117,Amphidinium incoloratum,,와편모조류
원생생물,3118,Amphidinium herdmanii,,와편모조류
원생생물,3119,Amphidinium longum,,와편모조류
원생생물,3120,Amphidinium corpulentum,,와편모조류
원생생물,3121,Amphidinium flexum,,와편모조류
원생생물,3122,Amphidinium inflatum,,와편모조류
원생생물,3123,Amphidinium massartii,,와편모조류
원생생물,3124,Amphidinium operculatum,,와편모조류
원생생물,3125,Amphidinium stigmatum,,와편모조류
원생생물,3126,Amphidinium conradii,,와편모조류
원생생물,3127,Amphidinium gibbosum,,와편모조류
원생생물,3128,Amphidinium carterae,,와편모조류
원생생물,3129,Amphidinium globosum,,와편모조류
원생생물,3130,Amphidinium thermaeum,,와편모조류
원생생물,3131,Amphidinium scissum,,와편모조류
원생생물,3132,Amphidinium flagellans,,와편모조류
원생생물,3133,Amphidinium acutissimum,,와편모조류
원생생물,3134,Amphidinium fusiforme,,와편모조류
원생생물,3135,Amphidinium ovum,,와편모조류
원생생물,3136,Amphidinium crassum,,와편모조류
원생생물,3137,Amphidinium mootonorum,,와편모조류
원생생물,3138,Amphidinium trulla,,와편모조류
원생생물,3139,Prorocentrum donghaiense,,와편모조류
원생생물,3140,Prorocentrum balticum,,와편모조류
원생생물,3141,Prorocentrum gracile,,와편모조류
원생생물,3142,Prorocentrum obtusidens,,와편모조류
원생생물,3143,Prorocentrum hoffmannianum,,와편모조류
원생생물,3144,Prorocentrum shikokuense,,와편모조류
원생생물,3145,Prorocentrum dactylus,,와편모조류
원생생물,3146,Prorocentrum scutellum,,와편모조류
원생생물,3147,Prorocentrum rostratum,,와편모조류
원생생물,3148,Prorocentrum rhathymum,,와편모조류
원생생물,3149,Prorocentrum compressum,,와편모조류
원생생물,3150,Prorocentrum tsawwassenense,,와편모조류
원생생물,3151,Prorocentrum sipadanensis,,와편모조류
원생생물,3152,Prorocentrum triestinum,,와편모조류
원생생물,3153,Prorocentrum koreanum,,와편모조류
원생생물,3154,Prorocentrum nanum,,와편모조류
원생생물,3155,Prorocentrum micans,,와편모조류
원생생물,3156,Prorocentrum dentatum,,와편모조류
원생생물,3157,Prorocentrum cornutum,,와편모조류
원생생물,3158,Prorocentrum arcuatum,,와편모조류
원생생물,3159,Prorocentrum cordatum,,와편모조류
원생생물,3160,Prorocentrum concavum,,와편모조류
원생생물,3161,Prorocentrum aporum,,와편모조류
원생생물,3162,Prorocentrum clipeus,,와편모조류
원생생물,3163,Prorocentrum emarginatum,,와편모조류
원생생물,3164,Prorocentrum lima,,와편모조류
원생생물,3165,Prorocentrum oblongum,,와편모조류
원생생물,3166,Prorocentrum fukuyoi,,와편모조류
원생생물,3167,Prorocentrum mexicanum,,와편모조류
원생생물,3168,Prorocentrum tropicale,,와편모조류
원생생물,3169,Prorocentrum bimaculatum,,와편모조류
원생생물,3170,Mesoporos perforatus,,와편모조류
원생생물,3171,Pseudophalacroma nasutum,,와편모조류
원생생물,3172,Triposolenia bicornis,,와편모조류
원생생물,3173,Triposolenia intermedia,,와편모조류
원생생물,3174,Amphisolenia bidentata,,와편모조류
원생생물,3175,Amphisolenia rectangulata,,와편모조류
원생생물,3176,Amphisolenia thrinax,,와편모조류
원생생물,3177,Amphisolenia inflata,,와편모조류
원생생물,3178,Parahistioneis reticulata,,와편모조류
원생생물,3179,Citharistes regius,,와편모조류
원생생물,3180,Ornithocercus steinii,,와편모조류
원생생물,3181,Ornithocercus quadratus,,와편모조류
원생생물,3182,Ornithocercus splendidus,,와편모조류
원생생물,3183,Ornithocercus magnificus,,와편모조류
원생생물,3184,Ornithocercus heteroporus,,와편모조류
원생생물,3185,Ornithocercus carolinae,,와편모조류
원생생물,3186,Ornithocercus thumii,,와편모조류
원생생물,3187,Histioneis depressa,,와편모조류
원생생물,3188,Histioneis biremis,,와편모조류
원생생물,3189,Histioneis para,,와편모조류
원생생물,3190,Dinophysis nasutum,,와편모조류
원생생물,3191,Dinophysis ovum,,와편모조류
원생생물,3192,Dinophysis nasuta,,와편모조류
원생생물,3193,Dinophysis elongata,,와편모조류
원생생물,3194,Dinophysis parvula,,와편모조류
원생생물,3195,Dinophysis irregularis,,와편모조류
원생생물,3196,Dinophysis acuta,,와편모조류
원생생물,3197,Dinophysis sphaeroidea,,와편모조류
원생생물,3198,Dinophysis schuettii,,와편모조류
원생생물,3199,Dinophysis rudgei,,와편모조류
원생생물,3200,Dinophysis joergensenii,,와편모조류
원생생물,3201,Dinophysis laevis,,와편모조류
원생생물,3202,Dinophysis tripos,,와편모조류
원생생물,3203,Dinophysis recurva,,와편모조류
원생생물,3204,Dinophysis punctata,,와편모조류
원생생물,3205,Dinophysis micropterygia,,와편모조류
원생생물,3206,Dinophysis hastata,,와편모조류
원생생물,3207,Dinophysis fortii,,와편모조류
원생생물,3208,Dinophysis caudata,,와편모조류
원생생물,3209,Dinophysis miles,,와편모조류
원생생물,3210,Dinophysis infundibulum,,와편모조류
원생생물,3211,Dinophysis acuminata,,와편모조류
원생생물,3212,Phalacroma nasutum,,와편모조류
원생생물,3213,Phalacroma mitra,,와편모조류
원생생물,3214,Phalacroma cuneus,,와편모조류
원생생물,3215,Phalacroma rotundatum,,와편모조류
원생생물,3216,Phalacroma rapa,,와편모조류
원생생물,3217,Phalacroma porodictyum,,와편모조류
원생생물,3218,Phalacroma acutum,,와편모조류
원생생물,3219,Phalacroma expulsum,,와편모조류
원생생물,3220,Phalacroma doryphorum,,와편모조류
원생생물,3221,Phalacroma oxytoxoides,,와편모조류
원생생물,3222,Sinophysis canaliculata,,와편모조류
원생생물,3223,Shimiella gracilenta,,와편모조류
원생생물,3224,Takayama tasmanica,,와편모조류
원생생물,3225,Takayama helix,,와편모조류
원생생물,3226,Takayama acrotrocha,,와편모조류
원생생물,3227,Grammatodinium tongyeonginum,,와편모조류
원생생물,3228,Balechina gracilis,,와편모조류
원생생물,3229,Lebouridinium glaucum,,와편모조류
원생생물,3230,Kirithra asteri,,와편모조류
원생생물,3231,Kirithra sigma,,와편모조류
원생생물,3232,Torquentidium helix,,와편모조류
원생생물,3233,Torquentidium convolutum,,와편모조류
원생생물,3234,Torquentidium flavescens,,와편모조류
원생생물,3235,Ceratoperidinium falcatum,,와편모조류
원생생물,3236,Pseliodinium fusus,,와편모조류
원생생물,3237,Pseliodinium vaubanii,,와편모조류
원생생물,3238,Torodinium robustum,,와편모조류
원생생물,3239,Karenia papilionacea,,와편모조류
원생생물,3240,Karenia brevis,,와편모조류
원생생물,3241,Karenia mikimotoi,,와편모조류
원생생물,3242,Karlodinium decipiens,,와편모조류
원생생물,3243,Karlodinium jejuense,,와편모조류
원생생물,3244,Karlodinium zhouanum,,와편모조류
원생생물,3245,Karlodinium digitatum,,와편모조류
원생생물,3246,Karlodinium conicum,,와편모조류
원생생물,3247,Karlodinium veneficum,,와편모조류
원생생물,3248,Wangodinium sinense,,와편모조류
원생생물,3249,Lepidodinium chlorophorum,,와편모조류
원생생물,3250,Nusuttodinium poecilochroum,,와편모조류
원생생물,3251,Nusuttodinium myriopyrenoides,,와편모조류
원생생물,3252,Nusuttodinium latum,,와편모조류
원생생물,3253,Togula britannica,,와편모조류
원생생물,3254,Togula jolla,,와편모조류
원생생물,3255,Testudodinium corrugatum,,와편모조류
원생생물,3256,Akashiwo sanguinea,,와편모조류
원생생물,3257,Cochlodinium strangulatum,,와편모조류
원생생물,3258,Paragymnodinium shiwhaense,,와편모조류
원생생물,3259,Margalefidinium polykrikoides,,와편모조류
원생생물,3260,Margalefidinium catenatum,,와편모조류
원생생물,3261,Gyrodiniellum shiwhaense,,와편모조류
원생생물,3262,Gymnodinium smaydae,,와편모조류
원생생물,3263,Gymnodinium catenatum,,와편모조류
원생생물,3264,Gymnodinium fuscum,,와편모조류
원생생물,3265,Gymnodinium pyrenoidosum,,와편모조류
원생생물,3266,Gymnodinium biconicum,,와편모조류
원생생물,3267,Gymnodinium aureolum,,와편모조류
원생생물,3268,Gymnodinium gelbum,,와편모조류
원생생물,3269,Gymnodinium venator,,와편모조류
원생생물,3270,Gymnodinium dorsalisulcum,,와편모조류
원생생물,3271,Gymnodinium arcuatum,,와편모조류
원생생물,3272,Gymnodinium viridescens,,와편모조류
원생생물,3273,Gymnodinium pulchrum,,와편모조류
원생생물,3274,Gymnodinium impudicum,,와편모조류
원생생물,3275,Gymnodinium grammaticum,,와편모조류
원생생물,3276,Gymnodinium microreticulatum,,와편모조류
원생생물,3277,Gymnodinium semidivisum,,와편모조류
원생생물,3278,Gymnodinium variabile,,와편모조류
원생생물,3279,Gymnodinium filum,,와편모조류
원생생물,3280,Gymnodinium pygmaeum,,와편모조류
원생생물,3281,Gymnodinium arenicola,,와편모조류
원생생물,3282,Polykrikos kofoidii,,와편모조류
원생생물,3283,Polykrikos lebouriae,,와편모조류
원생생물,3284,Polykrikos hartmannii,,와편모조류
원생생물,3285,Polykrikos schwartzii,,와편모조류
원생생물,3286,Bispinodinium angelaceum,,와편모조류
원생생물,3287,Gyrodinium jinhaense,,와편모조류
원생생물,3288,Gyrodinium pellucidum,,와편모조류
원생생물,3289,Gyrodinium moestrupii,,와편모조류
원생생물,3290,Gyrodinium crassum,,와편모조류
원생생물,3291,Gyrodinium heterostriatum,,와편모조류
원생생물,3292,Gyrodinium fusiforme,,와편모조류
원생생물,3293,Gyrodinium dominans,,와편모조류
원생생물,3294,Gyrodinium spirale,,와편모조류
원생생물,3295,Gyrodinium lacryma,,와편모조류
원생생물,3296,Fukuyoa koreensis,,와편모조류
원생생물,3297,Fukuyoa yasumotoi,,와편모조류
원생생물,3298,Dissodinium pseudolunula,,와편모조류
원생생물,3299,Pyrocystis robusta,,와편모조류
원생생물,3300,Pyrocystis pseudonoctiluca,,와편모조류
원생생물,3301,Pyrocystis lunula,,와편모조류
원생생물,3302,Pyrocystis hamulus,,와편모조류
원생생물,3303,Sourniaea diacantha,,와편모조류
원생생물,3304,Lingulodinium polyedra,,와편모조류
원생생물,3305,Gonyaulax kunsanensis,,와편모조류
원생생물,3306,Gonyaulax digitale,,와편모조류
원생생물,3307,Gonyaulax whaseongensis,,와편모조류
원생생물,3308,Gonyaulax monacantha,,와편모조류
원생생물,3309,Gonyaulax geomunensis,,와편모조류
원생생물,3310,Gonyaulax clevei,,와편모조류
원생생물,3311,Gonyaulax bohaiensis,,와편모조류
원생생물,3312,Gonyaulax polygramma,,와편모조류
원생생물,3313,Gonyaulax diegensis,,와편모조류
원생생물,3314,Gonyaulax monospina,,와편모조류
원생생물,3315,Gonyaulax elongata,,와편모조류
원생생물,3316,Gonyaulax turbynei,,와편모조류
원생생물,3317,Gonyaulax spinifera,,와편모조류
원생생물,3318,Gonyaulax lebouriae,,와편모조류
원생생물,3319,Gonyaulax hyalina,,와편모조류
원생생물,3320,Gonyaulax membranacea,,와편모조류
원생생물,3321,Gonyaulax alaskensis,,와편모조류
원생생물,3322,Amylax triacantha,,와편모조류
원생생물,3323,Spiraulax kofoidii,,와편모조류
원생생물,3324,Coolia monotis,,와편모조류
원생생물,3325,Coolia malayensis,,와편모조류
원생생물,3326,Coolia canariensis,,와편모조류
원생생물,3327,Ostreopsis ovata,,와편모조류
원생생물,3328,Ostreopsis lenticularis,,와편모조류
원생생물,3329,Gambierdiscus toxicus,,와편모조류
원생생물,3330,Gambierdiscus caribaeus,,와편모조류
원생생물,3331,Gambierdiscus jejuensis,,와편모조류
원생생물,3332,Pyrodinium bahamense,,와편모조류
원생생물,3333,Alexandrium mediterraneum,,와편모조류
원생생물,3334,Alexandrium pohangense,,와편모조류
원생생물,3335,Alexandrium catenella,,와편모조류
원생생물,3336,Alexandrium tamarense,,와편모조류
원생생물,3337,Alexandrium pacificum,,와편모조류
원생생물,3338,Alexandrium minutum,,와편모조류
원생생물,3339,Alexandrium tamutum,,와편모조류
미생물,3,Didymella pomorum,,균류
미생물,4,Penicillium cyclopium,,균류
미생물,5,Penicillium decaturense,,균류
미생물,6,Didymella glomerata,,균류
미생물,7,Didymella fabae,,균류
미생물,8,Didymella nigricans,,균류
미생물,9,Didymella rhei,,균류
미생물,10,Didymella macrostoma,,균류
미생물,11,Didymella prosopidis,,균류
미생물,12,Didymella microchlamydospora,,균류
미생물,13,Phoma costaricensis,,균류
미생물,14,Phoma macrostoma var. macrostoma,,균류
미생물,15,Penicillium dipodomyicola,,균류
미생물,16,Penicillium echinulonalgiovense,,균류
미생물,17,Penicillium expansum,,균류
미생물,18,Penicillium freii,,균류
미생물,19,Penicillium glabrum,,균류
미생물,20,Penicillium radicicola,,균류
미생물,21,Penicillium piscarium,,균류
미생물,22,Penicillium viridicatum,,균류
미생물,23,Penicillium westlingii,,균류
미생물,24,Penicillium allii,,균류
미생물,25,Penicillium antarcticum,,균류
미생물,26,Penicillium nudgee,,균류
미생물,27,Penicillium atramentosum,,균류
미생물,28,Penicillium bilaiae,,균류
미생물,29,Penicillium brasilianum,,균류
미생물,30,Penicillium brevicompactum,,균류
미생물,31,Penicillium svalbardense,,균류
미생물,32,Stagonosporopsis cucurbitacearum,,균류
미생물,33,Penicillium annulatum,,균류
미생물,34,Penicillium steckii,,균류
미생물,35,Penicillium ulaiense,,균류
미생물,36,Penicillium thomii,,균류
미생물,37,Penicillium yarmokense,,균류
미생물,38,Penicillium aurantiogriseum,,균류
미생물,39,Penicillium cremeogriseum,,균류
미생물,40,Penicillium magnielliptisporum,,균류
미생물,41,Penicillium multicolor,,균류
미생물,42,Penicillium oxalicum,,균류
미생물,43,Penicillium pasqualense,,균류
미생물,44,Penicillium radiatolobatum,,균류
미생물,45,Penicillium madriti,,균류
미생물,46,Penicillium mexicanum,,균류
미생물,47,Penicillium ochrosalmoneum,,균류
미생물,48,Penicillium compactum,,균류
미생물,49,Penicillium infrapurpureum,,균류
미생물,50,Penicillium janczewskii,,균류
미생물,51,Stagonosporopsis dorenboschii,,균류
미생물,52,Penicillium janthinellum,,균류
미생물,53,Penicillium jejuense,,균류
미생물,54,Penicillium sclerotiorum,,균류
미생물,55,Penicillium swiecickii,,균류
미생물,56,Penicillium velutinum,,균류
미생물,57,Penicillium menonorum,,균류
미생물,58,Penicillium nalgiovense,,균류
미생물,59,Penicillium ochrochloron,,균류
미생물,60,Stagonosporopsis chrysanthemi,,균류
미생물,61,Penicillium pancosmium,,균류
미생물,62,Penicillium polonicum,,균류
미생물,63,Penicillium raperi,,균류
미생물,64,Penicillium roseomaculatum,,균류
미생물,65,Ascochyta manawaorae,,균류
미생물,66,Penicillium rubens,,균류
미생물,67,Penicillium solitum,,균류
미생물,68,Penicillium ubiquetum,,균류
미생물,69,Penicillium frequentans,,균류
미생물,70,Penicillium rubefaciens,,균류
미생물,71,Penicillium cairnsense,,균류
미생물,72,Penicillium canescens,,균류
미생물,73,Penicillium copticola,,균류
미생물,74,Penicillium kongii,,균류
미생물,75,Penicillium olsonii,,균류
미생물,76,Penicillium viticola,,균류
미생물,77,Penicillium chrysogenum,,균류
미생물,78,Penicillium limosum,,균류
미생물,79,Ascochyta hordei f. hordei,,균류
미생물,80,Ascochyta phacae,,균류
미생물,81,Penicillium exsudans,,균류
미생물,82,Penicillium caperatum,,균류
미생물,83,Penicillium griseopurpureum,,균류
미생물,84,Penicillium herquei,,균류
미생물,85,Penicillium restrictum,,균류
미생물,86,Penicillium mallochii,,균류
미생물,87,Penicillium spinulosum,,균류
미생물,88,Penicillium citreosulfuratum,,균류
미생물,89,Penicillium aurantioviolaceum,,균류
미생물,90,Penicillium ortum,,균류
미생물,91,Penicillium samsonianum,,균류
미생물,92,Penicillium sacculum,,균류
미생물,93,Penicillium rolfsii,,균류
미생물,94,Penicillium montanense,,균류
미생물,95,Penicillium lanosum,,균류
미생물,96,Penicillium kurssanovii,,균류
미생물,97,Penicillium camemberti,,균류
미생물,98,Penicillium bissettii,,균류
미생물,99,Penicillium daejeonium,,균류
미생물,100,Penicillium fuscum,,균류
미생물,101,Penicillium malachiteum,,균류
미생물,102,Penicillium halotolerans,,균류
미생물,103,Penicillium citreonigrum,,균류
미생물,104,Paraboeremia adianticola,,균류
미생물,105,Penicillium abidjanum,,균류
미생물,106,Penicillium ibericum,,균류
미생물,107,Penicillium nodulum,,균류
미생물,108,Penicillium lanosocoeruleum,,균류
미생물,109,Penicillium concentricum,,균류
미생물,110,Penicillium scabrosum,,균류
미생물,111,Penicillium rudallense,,균류
미생물,112,Penicillium amaliae,,균류
미생물,113,Penicillium infrabuccale,,균류
미생물,114,Penicillium manginii,,균류
미생물,115,Penicillium allsoppiae,,균류
미생물,116,Penicillium jianfenglingense,,균류
미생물,117,Penicillium brefeldianum,,균류
미생물,118,Penicillium dokdoense,,균류
미생물,119,Penicillium meridianum,,균류
미생물,120,Penicillium caprifimosum,,균류
미생물,121,Phoma herbarum,,균류
미생물,122,Ectodidymella nigrificans,,균류
미생물,123,Juxtiphoma eupyrena,,균류
미생물,124,Nothophoma quercina,,균류
미생물,125,Neodidymelliopsis longicolla,,균류
미생물,126,Neodidymelliopsis sambuci,,균류
미생물,127,Epicoccum latusicollum,,균류
미생물,128,Epicoccum dendrobii,,균류
미생물,129,Epicoccum nigrum,,균류
미생물,130,Epicoccum plurivorum,,균류
미생물,131,Epicoccum duchesneae,,균류
미생물,132,Epicoccum tritici,,균류
미생물,133,Epicoccum poaceicola,,균류
미생물,134,Epicoccum tobaicum,,균류
미생물,135,Epicoccum layuense,,균류
미생물,136,Epicoccum sorghinum,,균류
미생물,137,Leptosphaerulina chartarum,,균류
미생물,138,Neoascochyta desmazieri,,균류
미생물,139,Neoascochyta paspali,,균류
미생물,140,Latorua caligans,,균류
미생물,141,Arachniotus aurantiacus,,균류
미생물,142,Chrysosporium synchronum,,균류
미생물,143,Sagenomella oligospora,,균류
미생물,144,Sagenomella griseoviridis,,균류
미생물,145,Neosartorya aureola,,균류
미생물,146,Neosartorya fischeri,,균류
미생물,147,Paecilomyces variotii,,균류
미생물,148,Talaromyces stipitatus,,균류
미생물,149,Talaromyces angelicus,,균류
미생물,150,Talaromyces aurantiacus,,균류
미생물,151,Talaromyces pinophilus,,균류
미생물,152,Talaromyces assiutensis,,균류
미생물,153,Talaromyces flavus,,균류
미생물,154,Talaromyces helicus,,균류
미생물,155,Talaromyces stollii,,균류
미생물,156,Talaromyces liani,,균류
미생물,157,Talaromyces funiculosus,,균류
미생물,158,Talaromyces trachyspermus,,균류
미생물,159,Talaromyces purpureogenus,,균류
미생물,160,Talaromyces cecidicola,,균류
미생물,161,Talaromyces aculeatus,,균류
미생물,162,Talaromyces marneffei,,균류
미생물,163,Talaromyces piceae,,균류
미생물,164,Talaromyces adpressus,,균류
미생물,165,Talaromyces fusiformis,,균류
미생물,166,Talaromyces minioluteus,,균류
미생물,167,Talaromyces verruculosus,,균류
미생물,168,Talaromyces reverso-olivaceus,,균류
미생물,169,Talaromyces neorugulosus,,균류
미생물,170,Talaromyces versatilis,,균류
미생물,171,Talaromyces rugulosus,,균류
미생물,172,Talaromyces nanjingensis,,균류
미생물,173,Rasamsonia emersonii,,균류
미생물,174,Eurotium niveoglaucum,,균류
미생물,175,Eurotium rubrum,,균류
미생물,176,Pseudopenicillium megasporum,,균류
미생물,177,Phialomyces humicoloides,,균류
미생물,178,Aspergillus udagawae,,균류
미생물,179,Aspergillus sydowii,,균류
미생물,180,Aspergillus clavatus,,균류
미생물,181,Aspergillus westerdijkiae,,균류
미생물,182,Aspergillus tabacinus,,균류
미생물,183,Aspergillus tubingensis,,균류
미생물,184,Aspergillus fruticulosus,,균류
미생물,185,Aspergillus jensenii,,균류
미생물,186,Aspergillus flavipes,,균류
미생물,187,Aspergillus urmiensis,,균류
미생물,188,Aspergillus chevalieri,,균류
미생물,189,Aspergillus latus,,균류
미생물,190,Aspergillus caesiellus,,균류
미생물,191,Aspergillus calidoustus,,균류
미생물,192,Aspergillus nidulans,,균류
미생물,193,Aspergillus ochraceopetaliformis,,균류
미생물,194,Aspergillus oryzae,,균류
미생물,195,Aspergillus fumigatus,,균류
미생물,196,Aspergillus subolivaceus,,균류
미생물,197,Aspergillus quadrilineatus,,균류
미생물,198,Aspergillus capensis,,균류
미생물,199,Aspergillus costaricaensis,,균류
미생물,200,Aspergillus lentulus,,균류
미생물,201,Aspergillus montevidensis,,균류
미생물,202,Aspergillus protuberus,,균류
미생물,203,Aspergillus amstelodami,,균류
미생물,204,Aspergillus flavus,,균류
미생물,205,Aspergillus japonicus,,균류
미생물,206,Aspergillus venenatus,,균류
미생물,207,Aspergillus terreus,,균류
미생물,208,Aspergillus aculeatus,,균류
미생물,209,Aspergillus pseudoglaucus,,균류
미생물,210,Aspergillus niger,,균류
미생물,211,Aspergillus candidus,,균류
미생물,212,Aspergillus rhizopodus,,균류
미생물,213,Aspergillus flocculosus,,균류
미생물,214,Aspergillus versicolor,,균류
미생물,215,Aspergillus alabamensis,,균류
미생물,216,Aspergillus tamarii,,균류
미생물,217,Aspergillus allahabadii,,균류
미생물,218,Aspergillus insulicola,,균류
미생물,219,Aspergillus parasiticus,,균류
미생물,220,Aspergillus ustus,,균류
미생물,221,Aspergillus cvjetkovicii,,균류
미생물,222,Aspergillus brunneoviolaceus,,균류
미생물,223,Aspergillus proliferans,,균류
미생물,224,Aspergillus stromatoides,,균류
미생물,225,Aspergillus gracilis,,균류
미생물,226,Aspergillus niveus,,균류
미생물,227,Aspergillus glaucus,,균류
미생물,228,Aspergillus neoflavipes,,균류
미생물,229,Aspergillus inflatus,,균류
미생물,230,Aspergillus welwitschiae,,균류
미생물,231,Aspergillus aureolatus,,균류
미생물,232,Aspergillus tennesseensis,,균류
미생물,233,Aspergillus unguis,,균류
미생물,234,Aspergillus creber,,균류
미생물,235,Aspergillus hiratsukae,,균류
미생물,236,Aspergillus ochraceus,,균류
미생물,237,Aspergillus rugulosus,,균류
미생물,238,Aspergillus cibarius,,균류
미생물,239,Aspergillus niveoglaucus,,균류
미생물,240,Penicillium virgatum,,균류
미생물,241,Penicillium skrjabinii,,균류
미생물,242,Penicillium griseofulvum,,균류
미생물,243,Penicillium javanicum,,균류
미생물,244,Penicillium allii-sativi,,균류
미생물,245,Penicillium bialowiezense,,균류
미생물,246,Penicillium purpurescens,,균류
미생물,247,Penicillium glandicola,,균류
미생물,248,Penicillium simplicissimum,,균류
미생물,249,Penicillium sumatraense,,균류
미생물,250,Penicillium italicum,,균류
미생물,251,Penicillium koreense,,균류
미생물,252,Penicillium maximae,,균류
미생물,253,Penicillium nordicum,,균류
미생물,254,Penicillium paxilli,,균류
미생물,255,Penicillium roqueforti,,균류
미생물,256,Penicillium terrigenum,,균류
미생물,257,Penicillium citrinum,,균류
미생물,258,Penicillium corylophilum,,균류
미생물,259,Penicillium digitatum,,균류
미생물,260,Penicillium crustosum,,균류
미생물,261,Penicillium daleae,,균류
미생물,262,Penicillium echinulatum,,균류
미생물,263,Penicillium guanacastense,,균류
미생물,264,Penicillium commune,,균류
미생물,265,Penicillium paneum,,균류
미생물,266,Penicillium hetheringtonii,,균류
미생물,267,Penicillium soppii,,균류
미생물,268,Penicillium charlesii,,균류
미생물,269,Penicillium coprobium,,균류
미생물,270,Penicillium coprophilum,,균류
미생물,271,Stagonosporopsis caricae,,균류
미생물,272,Stagonosporopsis heliopsidis,,균류
미생물,273,Ectophoma multirostrata,,균류
미생물,274,Heterophoma poolensis,,균류
미생물,275,Bahusandhika caligans,,균류
미생물,276,Neocamarosporium solicola,,균류
미생물,277,Neocamarosporium betae,,균류
미생물,278,Neocamarosporium obiones,,균류
미생물,279,Coniothyrium fuckelii,,균류
미생물,280,Leptosphaeria albopunctata,,균류
미생물,281,Curvularia lunata,,균류
미생물,282,Alternaria gomphrenae,,균류
미생물,283,Alternaria gaisen,,균류
미생물,284,Alternaria cantlous,,균류
미생물,285,Alternaria multiformis,,균류
미생물,286,Alternaria broccoli-italicae,,균류
미생물,287,Alternaria mali,,균류
미생물,288,Alternaria radicina,,균류
미생물,289,Alternaria phragmospora,,균류
미생물,290,Alternaria tenuissima,,균류
미생물,291,Alternaria alternata,,균류
미생물,292,Alternaria arborescens,,균류
미생물,293,Alternaria brassicae,,균류
미생물,294,Alternaria aspera,,균류
미생물,295,Alternaria infectoria,,균류
미생물,296,Alternaria chlamydospora,,균류
미생물,297,Pseudopithomyces chartarum,,균류
미생물,298,Bipolaris sorokiniana,,균류
미생물,299,Bipolaris spicifera,,균류
미생물,300,Exserohilum pedicellatum,,균류
미생물,301,Exserohilum rostratum,,균류
미생물,302,Embellisia annulata,,균류
미생물,303,Paradendryphiella salina,,균류
미생물,304,Paradendryphiella arenariae,,균류
미생물,305,Stemphylium eturmiunum,,균류
미생물,306,Stemphylium vesicarium,,균류
미생물,307,Stemphylium lycopersici,,균류
미생물,308,Chalastospora gossypii,,균류
미생물,309,Decorospora gaudefroyi,,균류
미생물,310,Leptospora conidiifera,,균류
미생물,311,Setophaeosphaeria sidae,,균류
미생물,312,Neosetophoma rosigena,,균류
미생물,313,Neosetophoma poaceicola,,균류
미생물,314,Paraphoma chrysanthemicola,,균류
미생물,315,Paraphoma fimeti,,균류
미생물,316,Paraphoma radicina,,균류
미생물,317,Phaeosphaeriopsis musae,,균류
미생물,318,Phaeosphaeria spartinicola,,균류
미생물,319,Phaeosphaeria spartinae,,균류
미생물,320,Phaeosphaeria culmorum,,균류
미생물,321,Phaeosphaeria oryzae,,균류
미생물,322,Phaeosphaeria halima,,균류
미생물,323,Septoriella huberti,,균류
미생물,324,Aaosphaeria arxii,,균류
미생물,325,Kalmusia araucariae,,균류
미생물,326,Paraconiothyrium archidendri,,균류
미생물,327,Paraconiothyrium estuarinum,,균류
미생물,328,Paraconiothyrium cyclothyrioides,,균류
미생물,329,Paraconiothyrium brasiliense,,균류
미생물,330,Paraphaeosphaeria sporulosa,,균류
미생물,331,Paraphaeosphaeria angularis,,균류
미생물,332,Didymosphaeria futilis,,균류
미생물,333,Westerdykella capitulum,,균류
미생물,334,Westerdykella dispersa,,균류
미생물,335,Preussia aemulans,,균류
미생물,336,Curreya pityophila,,균류
미생물,337,Arthopyrenia salicis,,균류
미생물,338,Microsphaeropsis arundinis,,균류
미생물,339,Trematosphaeria pertusa,,균류
미생물,340,Pyrenochaetopsis paucisetosa,,균류
미생물,341,Pyrenochaetopsis microspora,,균류
미생물,342,Pyrenochaetopsis leptospora,,균류
미생물,343,Lophiostoma biappendiculatum,,균류
미생물,344,Towyspora aestuari,,균류
미생물,345,Phaeophleospora eucalypticola,,균류
미생물,346,Pseudocercosporella fraxini,,균류
미생물,347,Pseudocercospora fatouae,,균류
미생물,348,Zymoseptoria tritici,,균류
미생물,349,Ramichloridium apiculatum,,균류
미생물,350,Acrodontium crateriforme,,균류
미생물,351,Hortaea werneckii,,균류
미생물,352,Neodevriesia oceanoplastica,,균류
미생물,353,Neodevriesia lagerstroemiae,,균류
미생물,354,Neodevriesia knoxdaviesii,,균류
미생물,355,Cladosporium pruni-salicinae,,균류
미생물,356,Cladosporium proteacearum,,균류
미생물,357,Cladosporium snafimbriatum,,균류
미생물,358,Cladosporium marinum,,균류
미생물,359,Cladosporium marinisedimentum,,균류
미생물,360,Cladosporium maltirimosum,,균류
미생물,361,Cladosporium lagenariiforme,,균류
미생물,362,Cladosporium pseudocladosporioides,,균류
미생물,363,Cladosporium angustisporum,,균류
미생물,364,Cladosporium subinflatum,,균류
미생물,365,Cladosporium rectoides,,균류
미생물,366,Cladosporium funiculosum,,균류
미생물,367,Cladosporium tuberosum,,균류
미생물,368,Cladosporium oxysporum,,균류
미생물,369,Cladosporium silenes,,균류
미생물,370,Cladosporium iridis,,균류
미생물,371,Cladosporium velox,,균류
미생물,372,Cladosporium sinuosum,,균류
미생물,373,Cladosporium ramotenellum,,균류
미생물,374,Cladosporium allicinum,,균류
미생물,375,Cladosporium grevilleae,,균류
미생물,376,Cladosporium scabrellum,,균류
미생물,377,Cladosporium tenuissimum,,균류
미생물,378,Cladosporium sphaerospermum,,균류
미생물,379,Cladosporium phaenocomae,,균류
미생물,380,Cladosporium anthropophilum,,균류
미생물,381,Cladosporium xylophilum,,균류
미생물,382,Cladosporium fusiforme,,균류
미생물,383,Cladosporium herbarum,,균류
미생물,384,Cladosporium sinense,,균류
미생물,385,Cladosporium dominicanum,,균류
미생물,386,Cladosporium uredinicola,,균류
미생물,387,Cladosporium halotolerans,,균류
미생물,388,Cladosporium angulosum,,균류
미생물,389,Cladosporium macrocarpum,,균류
미생물,390,Cladosporium cladosporioides,,균류
미생물,391,Cladosporium floccosum,,균류
미생물,392,Cladosporium langeronii,,균류
미생물,393,Cladosporium cucumerinum,,균류
미생물,394,Cladosporium xantochromaticum,,균류
미생물,395,Cladosporium flabelliforme,,균류
미생물,396,Cladosporium perangustum,,균류
미생물,397,Toxicocladosporium rubrigenum,,균류
미생물,398,Toxicocladosporium irritans,,균류
미생물,399,Loratospora aestuarii,,균류
미생물,400,Paracamarosporium hawaiiense,,균류
미생물,401,Diplodia sapinea,,균류
미생물,402,Botryosphaeria fabicerciana,,균류
미생물,403,Botryosphaeria dothidea,,균류
미생물,404,Neofusicoccum kwambonambiense,,균류
미생물,405,Neofusicoccum corticosae,,균류
미생물,406,Neofusicoccum parvum,,균류
미생물,407,Macrophomina phaseolina,,균류
미생물,408,Sphaeropsis conspersa,,균류
미생물,409,Ochroconis humicola,,균류
미생물,410,Scolecobasidium terreum,,균류
미생물,411,Sydowia polyspora,,균류
미생물,412,Aureobasidium namibiae,,균류
미생물,413,Aureobasidium melanogenum,,균류
미생물,414,Aureobasidium leucospermi,,균류
미생물,415,Aureobasidium pullulans,,균류
미생물,416,Aureobasidium proteae,,균류
미생물,417,Developayella elegans,,균류
미생물,418,Albugo laibachii,,균류
미생물,419,Pythium torulosum,,균류
미생물,420,Pythium graminicola,,균류
미생물,421,Symmetrospora foliicola,,균류
미생물,422,Symmetrospora symmetrica,,균류
미생물,423,Sakaguchia dacryoidea,,균류
미생물,424,Sakaguchia lamellibrachiae,,균류
미생물,425,Cystobasidium psychroaquaticum,,균류
미생물,426,Sporidiobolus pararoseus,,균류
미생물,427,Rhodotorula glutinis,,균류
미생물,428,Rhodotorula sphaerocarpa,,균류
미생물,429,Rhodotorula babjevae,,균류
미생물,430,Rhodotorula paludigena,,균류
미생물,431,Rhodotorula diobovata,,균류
미생물,432,Rhodotorula mucilaginosa,,균류
미생물,433,Sporobolomyces shibatanus,,균류
미생물,434,Papiliotrema aurea,,균류
미생물,435,Papiliotrema fonsecae,,균류
미생물,436,Vishniacozyma pseudopenaeus,,균류
미생물,437,Vishniacozyma carnescens,,균류
미생물,438,Apiotrichum laibachii,,균류
미생물,439,Apiotrichum porosum,,균류
미생물,440,Apiotrichum lignicola,,균류
미생물,441,Trichosporon faecale,,균류
미생물,442,Naganishia albida,,균류
미생물,443,Filobasidium uniguttulatum,,균류
미생물,444,Filobasidium magnum,,균류
미생물,445,Cystofilobasidium capitatum,,균류
미생물,446,Tausonia pullulans,,균류
미생물,447,Wallemia sebi,,균류
미생물,448,Anthracocystis heteropogonicola,,균류
미생물,449,Ustilago maydis,,균류
미생물,450,Bjerkandera adusta,,균류
미생물,451,Ganoderma mirabile,,균류
미생물,452,Irpex laceratus,,균류
미생물,453,Irpex lacteus,,균류
미생물,454,Phanerochaete chrysosporium,,균류
미생물,455,Phanerochaete sordida,,균류
미생물,456,Porostereum spadiceum,,균류
미생물,457,Trametes coccinea,,균류
미생물,458,Trametes hirsuta,,균류
미생물,459,Trametes orientalis,,균류
미생물,460,Flammulina velutipes,,균류
미생물,461,Cyathus striatus,,균류
미생물,462,Henningsomyces candidus,,균류
미생물,463,Schizophyllum commune,,균류
미생물,464,Schizophyllum radiatum,,균류
미생물,465,Dentipellis fragilis,,균류
미생물,466,Stereum subtomentosum,,균류
미생물,467,Aleurodiscus farlowii,,균류
미생물,468,Resinicium luteosulphureum,,균류
미생물,469,Hydnoporia yasudae,,균류
미생물,470,Clavulina rugosa,,균류
미생물,471,Umbelopsis isabellina,,균류
미생물,472,Syncephalastrum racemosum,,균류
미생물,473,Cunninghamella elegans,,균류
미생물,474,Gongronella butleri,,균류
미생물,475,Rhizopus stolonifer,,균류
미생물,476,Ambomucor seriatoinflatus,,균류
미생물,477,Mucor ramosissimus,,균류
미생물,478,Mucor rongii,,균류
미생물,479,Mucor hiemalis f. corticola,,균류
미생물,480,Mucor lusitanicus,,균류
미생물,481,Mucor janssenii,,균류
미생물,482,Mucor racemosus,,균류
미생물,483,Mucor circinelloides,,균류
미생물,484,Mucor hiemalis,,균류
미생물,485,Actinomucor elegans,,균류
미생물,486,Lichtheimia ramosa,,균류
미생물,487,Lichtheimia corymbifera,,균류
미생물,488,Lichtheimia hyalospora,,균류
미생물,489,Cordyceps tenuipes,,균류
미생물,490,Cordyceps farinosa,,균류
미생물,491,Cordyceps ninchukispora,,균류
미생물,492,Beauveria pseudobassiana,,균류
미생물,493,Beauveria bassiana,,균류
미생물,494,Beauveria brongniartii,,균류
미생물,495,Amphichorda felina,,균류
미생물,496,Akanthomyces attenuatus,,균류
미생물,497,Gamszarea wallacei,,균류
미생물,498,Lecanicillium verrucum,,균류
미생물,499,Lecanicillium araneicola,,균류
미생물,500,Lecanicillium psalliotae,,균류
미생물,501,Lecanicillium fusisporum,,균류
미생물,502,Lecanicillium tenuipes,,균류
미생물,503,Isaria cicadae,,균류
미생물,504,Neocosmospora keratoplastica,,균류
미생물,505,Neocosmospora tuberculata,,균류
미생물,506,Neocosmospora lichenicola,,균류
미생물,507,Neocosmospora solani,,균류
미생물,508,Fusarium ipomoeae,,균류
미생물,509,Fusarium concentricum,,균류
미생물,510,Fusarium tanahbumbuense,,균류
미생물,511,Fusarium cugenangense,,균류
미생물,512,Fusarium pulvinatum,,균류
미생물,513,Fusarium commune,,균류
미생물,514,Fusarium chlamydosporum,,균류
미생물,515,Fusarium avenaceum,,균류
미생물,516,Fusarium andiyazi,,균류
미생물,517,Fusarium tricinctum,,균류
미생물,518,Fusarium proliferatum,,균류
미생물,519,Fusarium oxysporum,,균류
미생물,520,Fusarium lateritium,,균류
미생물,521,Fusarium lacertarum,,균류
미생물,522,Fusarium graminearum,,균류
미생물,523,Fusarium fujikuroi,,균류
미생물,524,Fusarium equiseti,,균류
미생물,525,Fusarium culmorum,,균류
미생물,526,Fusarium armeniacum,,균류
미생물,527,Fusarium aethiopicum,,균류
미생물,528,Fusarium acuminatum,,균류
미생물,529,Fusarium asiaticum,,균류
미생물,530,Fusarium verticillioides,,균류
미생물,531,Corallomycetella repens,,균류
미생물,532,Volutella ciliata,,균류
미생물,533,Ilyonectria liriodendri,,균류
미생물,534,Ilyonectria robusta,,균류
미생물,535,Ilyonectria destructans,,균류
미생물,536,Calonectria pyrochroa,,균류
미생물,537,Cosmospora glabra,,균류
미생물,538,Macroconia gigas,,균류
미생물,539,Shirahamella gracilis,,균류
미생물,540,Paracorollospora angusta,,균류
미생물,541,Corollospora maritima,,균류
미생물,542,Pseudallescheria boydii,,균류
미생물,543,Microascus trigonosporus,,균류
미생물,544,Microascus cinereus,,균류
미생물,545,Microascus cirrosus,,균류
미생물,546,Scopulariopsis candida,,균류
미생물,547,Scopulariopsis brevicaulis,,균류
미생물,548,Scopulariopsis alboflavescens,,균류
미생물,549,Cephalotrichum stemonitis,,균류
미생물,550,Scedosporium minutisporum,,균류
미생물,551,Colletotrichum gloeosporioides,,균류
미생물,552,Colletotrichum karstii,,균류
미생물,553,Colletotrichum tofieldiae,,균류
미생물,554,Verticillium dahliae,,균류
미생물,555,Gibellulopsis nigrescens,,균류
미생물,556,Gibellulopsis serrae,,균류
미생물,557,Plectosphaerella cucumerina,,균류
미생물,558,Nigrospora guilinensis,,균류
미생물,559,Nigrospora osmanthi,,균류
미생물,560,Nigrospora lacticolonia,,균류
미생물,561,Nigrospora cooperae,,균류
미생물,562,Nigrospora covidalis,,균류
미생물,563,Nigrospora sphaerica,,균류
미생물,564,Nigrospora oryzae,,균류
미생물,565,Cytospora ceratosperma,,균류
미생물,566,Cytospora predappioensis,,균류
미생물,567,Cytospora mali,,균류
미생물,568,Coniella quercicola,,균류
미생물,569,Diaporthe longicolla,,균류
미생물,570,Diaporthe fukushii,,균류
미생물,571,Diaporthe columnaris,,균류
미생물,572,Diaporthe amygdali,,균류
미생물,573,Diaporthe podocarpi-macrophyll,,균류
미생물,574,Diaporthe arecae,,균류
미생물,575,Diaporthe phaseolorum,,균류
미생물,576,Diaporthe nobilis,,균류
미생물,577,Diaporthe helianthi,,균류
미생물,578,Diaporthe arctii,,균류
미생물,579,Diaporthe eres,,균류
미생물,580,Diplodina coloradensis,,균류
미생물,581,Coniochaeta pulveracea,,균류
미생물,582,Coniochaeta velutina,,균류
미생물,583,Monosporascus ibericus,,균류
미생물,584,Canariomyces microsporus,,균류
미생물,585,Trichocladium griseum,,균류
미생물,586,Trichocladium alopallonellum,,균류
미생물,587,Collariella robusta,,균류
미생물,588,Acrophialophora levis,,균류
미생물,589,Arcopilus aureus,,균류
미생물,590,Humicola olivacea,,균류
미생물,591,Humicola sphaeralis,,균류
미생물,592,Chaetomium convolutum,,균류
미생물,593,Chaetomium madrasense,,균류
미생물,594,Chaetomium globosum,,균류
미생물,595,Chaetomidium pilosum,,균류
미생물,596,Dichotomopilus indicus,,균류
미생물,597,Dichotomopilus funicola,,균류
미생물,598,Botryotrichum murorum,,균류
미생물,599,Myrmecridium schulzeri,,균류
미생물,600,Wickerhamomyces anomalus,,균류
미생물,601,Crinitomyces ghanaensis,,균류
미생물,602,Candida zeylanoides,,균류
미생물,603,Candida chilensis,,균류
미생물,604,Meyerozyma caribbica,,균류
미생물,605,Meyerozyma guilliermondii,,균류
미생물,606,Debaryomyces hansenii,,균류
미생물,607,Saccharomycopsis fibuligera,,균류
미생물,608,Yamadazyma olivae,,균류
미생물,609,Kuraishia hungarica,,균류
미생물,610,Saccharomyces cerevisiae,,균류
미생물,611,Pichia membranifaciens,,균류
미생물,612,Hyphopichia burtonii,,균류
미생물,613,Metschnikowia bicuspidata,,균류
미생물,614,Exophiala xenobiotica,,균류
미생물,615,Rhinocladiella similis,,균류
미생물,616,Metulocladosporiella musae,,균류
미생물,617,Phialophora mustea,,균류
미생물,618,Knufia petricola,,균류
미생물,619,Verrucaria microsporoides,,균류
미생물,620,Verrucaria macrostoma,,균류
미생물,621,Verrucaria fusconigrescens,,균류
미생물,622,Verrucaria aucklandica,,균류
미생물,623,Verrucaria halizoa,,균류
미생물,624,Leiothecium ellipsoideum,,균류
미생물,625,Penicillium ucsense,,균류
미생물,626,Penicillium acidum,,균류
미생물,627,Penicillium fusisporum,,균류
미생물,628,Penicillium yezoense,,균류
미생물,629,Penicillium sajarovii,,균류
미생물,630,Penicillium taii,,균류
미생물,631,Penicillium neoherquei,,균류
미생물,632,Cordyceps fumosorosea,,균류
미생물,633,Simplicillium aogashimaense,,균류
미생물,634,Parengyodontium album,,균류
미생물,635,Parengyodontium torokii,,균류
미생물,636,Claviceps purpurea,,균류
미생물,637,Metarhizium marquandii,,균류
미생물,638,Metarhizium anisopliae,,균류
미생물,639,Metapochonia parasitica,,균류
미생물,640,Metapochonia suchlasporia,,균류
미생물,641,Metapochonia rubescens,,균류
미생물,642,Hirsutella citriformis,,균류
미생물,643,Ophiocordyceps crassispora,,균류
미생물,644,Ophiocordyceps sinensis,,균류
미생물,645,Tolypocladium pustulatum,,균류
미생물,646,Tolypocladium cylindrosporum,,균류
미생물,647,Tolypocladium album,,균류
미생물,648,Tolypocladium ovalisporum,,균류
미생물,649,Purpureocillium lilacinum,,균류
미생물,650,Purpureocillium takamizusanense,,균류
미생물,651,Purpureocillium lavendulum,,균류
미생물,652,Sarocladium strictum,,균류
미생물,653,Sarocladium kiliense,,균류
미생물,654,Sarocladium bacillisporum,,균류
미생물,655,Sarocladium terricola,,균류
미생물,656,Sarocladium zeae,,균류
미생물,657,Parasarocladium gamsii,,균류
미생물,658,Parasarocladium breve,,균류
미생물,659,Parasarocladium mabikii,,균류
미생물,660,Parasarocladium multimorphologicum,,균류
미생물,661,Hypomyces rosellus,,균류
미생물,662,Hypomyces chrysospermus,,균류
미생물,663,Kiflimonium curvulum,,균류
미생물,664,Trichoderma lixii,,균류
미생물,665,Trichoderma hamatum,,균류
미생물,666,Trichoderma pyramidale,,균류
미생물,667,Trichoderma simmonsii,,균류
미생물,668,Trichoderma rugulosum,,균류
미생물,669,Trichoderma harzianum,,균류
미생물,670,Trichoderma asperelloides,,균류
미생물,671,Trichoderma asperellum,,균류
미생물,672,Trichoderma atrobrunneum,,균류
미생물,673,Trichoderma atroviride,,균류
미생물,674,Trichoderma bissettii,,균류
미생물,675,Trichoderma caerulescens,,균류
미생물,676,Trichoderma camerunense,,균류
미생물,677,Trichoderma gamsii,,균류
미생물,678,Trichoderma guizhouense,,균류
미생물,679,Trichoderma koningii,,균류
미생물,680,Trichoderma longibrachiatum,,균류
미생물,681,Trichoderma paraviridescens,,균류
미생물,682,Trichoderma reesei,,균류
미생물,683,Trichoderma subviride,,균류
미생물,684,Trichoderma virens,,균류
미생물,685,Trichoderma viride,,균류
미생물,686,Trichoderma citrinoviride,,균류
미생물,687,Trichoderma capillare,,균류
미생물,688,Trichoderma koningiopsis,,균류
미생물,689,Trichoderma songyi,,균류
미생물,690,Trichoderma orientale,,균류
미생물,691,Trichoderma deliquescens,,균류
미생물,692,Trichoderma afarasin,,균류
미생물,693,Trichoderma afroharzianum,,균류
미생물,694,Trichoderma fomiticola,,균류
미생물,695,Trichoderma speciosum,,균류
미생물,696,Trichoderma crassum,,균류
미생물,697,Acrostalagmus luteoalbus,,균류
미생물,698,Acrostalagmus annulatus,,균류
미생물,699,Sedecimiella taiwanensis,,균류
미생물,700,Niesslia exilis,,균류
미생물,701,Niesslia marinisedimenta,,균류
미생물,702,Eucasphaeria capensis,,균류
미생물,703,Acremonium implicatum,,균류
미생물,704,Acremonium potronii,,균류
미생물,705,Acremonium alternatum,,균류
미생물,706,Acremonium persicinum,,균류
미생물,707,Acremonium antarcticum,,균류
미생물,708,Acremonium sclerotigenum,,균류
미생물,709,Neoacremonium distortum,,균류
미생물,710,Albifimbria verrucaria,,균류
미생물,711,Albifimbria terrestris,,균류
미생물,712,Myrothecium gramineum,,균류
미생물,713,Stachybotrys chartarum,,균류
미생물,714,Paramyrothecium roridum,,균류
미생물,715,Paramyrothecium viridisporum,,균류
미생물,716,Alfaria terrestris,,균류
미생물,717,Striaticonidium cinctum,,균류
미생물,718,Memnoniella echinata,,균류
미생물,719,Achroiostachys aurantispora,,균류
미생물,720,Clonostachys rogersoniana,,균류
미생물,721,Clonostachys parva,,균류
미생물,722,Clonostachys rosea,,균류
미생물,723,Clonostachys pityrodes,,균류
미생물,724,Sesquicillium microsporum,,균류
미생물,725,Emericellopsis terricola,,균류
미생물,726,Emericellopsis microspora,,균류
미생물,727,Emericellopsis maritima,,균류
미생물,728,Emericellopsis minima,,균류
미생물,729,Emericellopsis fuci,,균류
미생물,730,Emericellopsis atlantica,,균류
미생물,731,Lasionectriella arenuloides,,균류
미생물,732,Protocreopsis rutila,,균류
미생물,733,Verruciconidia persicina,,균류
미생물,734,Verruciconidia infuscata,,균류
미생물,735,Trichothecium roseum,,균류
미생물,736,Sporothrix mexicana,,균류
미생물,737,Sporothrix stenoceras,,균류
미생물,738,Jattaea algeriensis,,균류
미생물,739,Bartalinia robillardoides,,균류
미생물,740,Pestalotiopsis vismiae,,균류
미생물,741,Pestalotiopsis portugalica,,균류
미생물,742,Pestalotiopsis biciliata,,균류
미생물,743,Pestalotiopsis disseminata,,균류
미생물,744,Pestalotiopsis photiniae,,균류
미생물,745,Pestalotiopsis parva,,균류
미생물,746,Pestalotiopsis lespedezae,,균류
미생물,747,Pestalotiopsis neglecta,,균류
미생물,748,Pestalotiopsis maculiformans,,균류
미생물,749,Pestalotiopsis thailandica,,균류
미생물,750,Neopestalotiopsis clavispora,,균류
미생물,751,Berkeleyomyces basicola,,균류
미생물,752,Thyridium curvatum,,균류
미생물,753,Gaeumannomyces graminis,,균류
미생물,754,Magnaporthe grisea,,균류
미생물,755,Pyricularia oryzae,,균류
미생물,756,Linocarpon livistonae,,균류
미생물,757,Dinemasporium pleurospora,,균류
미생물,758,Chloridium chlamydosporum,,균류
미생물,759,Peroneutypa scoparia,,균류
미생물,760,Diatrypella vulgaris,,균류
미생물,761,Eutypa lata,,균류
미생물,762,Paraeutypella citricola,,균류
미생물,763,Arthrinium phaeospermum,,균류
미생물,764,Apiospora montagnei,,균류
미생물,765,Apiospora malaysiana,,균류
미생물,766,Apiospora sacchari,,균류
미생물,767,Apiospora arundinis,,균류
미생물,768,Apiospora saccharicola,,균류
미생물,769,Apiospora marii,,균류
미생물,770,Apiospora hysterina,,균류
미생물,771,Apiospora rasikravindrae,,균류
미생물,772,Apiospora piptatheri,,균류
미생물,773,Apiospora pseudospegazzinii,,균류
미생물,774,Apiospora arctoscopi,,균류
미생물,775,Apiospora camelliae-sinensis,,균류
미생물,776,Apiospora koreana,,균류
미생물,777,Apiospora sargassi,,균류
미생물,778,Apiospora pusillisperma,,균류
미생물,779,Apiospora taeanense,,균류
미생물,780,Apiospora marina,,균류
미생물,781,Apiospora fermenti,,균류
미생물,782,Apiospora agari,,균류
미생물,783,Nemania diffusa,,균류
미생물,784,Xylaria hypoxylon,,균류
미생물,785,Biscogniauxia atropunctata var. maritima,,균류
미생물,786,Hypoxylon perforatum,,균류
미생물,787,Creosphaeria sassafras,,균류
미생물,788,Dendrophoma pleurospora,,균류
미생물,789,Phomatospora biseriata,,균류
미생물,790,Graphis scripta,,균류
미생물,791,Graphis tenuirima,,균류
미생물,792,Xanthoria parietina,,균류
미생물,793,Ochrolechia parella,,균류
미생물,794,Ochrolechia parellula,,균류
미생물,795,Lecanora campestris,,균류
미생물,796,Lecanora helicopis,,균류
미생물,797,Evernia prunastri,,균류
미생물,798,Ramalina siliquosa,,균류
미생물,799,Tephromela atra,,균류
미생물,800,Oidiodendron griseum,,균류
미생물,801,Oidiodendron chlamydosporicum,,균류
미생물,802,Oidiodendron echinulatum,,균류
미생물,803,Amorphotheca resinae,,균류
미생물,804,Pseudogymnoascus pannorum,,균류
미생물,805,Pseudeurotium bakeri,,균류
미생물,806,Geomyces vinaceus,,균류
미생물,807,Vezdaea retigera,,균류
미생물,808,Blumeria graminis,,균류
미생물,809,Drepanopeziza populi,,균류
미생물,810,Botrytis cinerea,,균류
미생물,811,Asteromyces cruciatus,,균류
미생물,812,Phialocephala dimorphospora,,균류
미생물,813,Hyphodiscus hymeniophilus,,균류
미생물,814,Pezicula carpinea,,균류
미생물,815,Pezicula ericae,,균류
미생물,816,Halenospora varia,,균류
미생물,817,Cadophora luteo-olivacea,,균류
미생물,818,Cadophora orchidicola,,균류
미생물,819,Cadophora malorum,,균류
미생물,820,Erioscyphella hainanensis,,균류
미생물,821,Drechslerella dactyloides,,균류
미생물,822,Arthrobotrys arthrobotryoides,,균류
미생물,823,Arthrobotrys superbus,,균류
미생물,824,Orbilia oligospora,,균류
미생물,825,Orbilia brochopaga,,균류
미생물,826,Mortierella alpina,,균류
미생물,827,Pyrenocollema halodytes,,균류
미생물,828,Stachylidium bicolor,,균류
미생물,829,Botryosporium longibrachiatum,,균류
미생물,830,Yarrowia lipolytica,,균류
미생물,831,Geotrichum candidum,,균류
미생물,832,Geotrichum galactomycetum,,균류
미생물,833,Paraboeremia putaminum,,균류
미생물,834,Didymella segeticola,,균류
미생물,835,Didymella americana,,균류
미생물,836,Didymella pedeiae,,균류
미생물,837,Didymella pisi,,균류
미생물,838,Didymella bellidis,,균류
미생물,839,Paenibacillus puldeungensis,,세균
미생물,840,Paenibacillus dongdonensis,,세균
미생물,841,Paenibacillus glucanolyticus,,세균
미생물,842,Paenibacillus provencensis,,세균
미생물,843,Paenibacillus tyraminigenes,,세균
미생물,844,Paenibacillus polymyxa,,세균
미생물,845,Paenibacillus motobuensis,,세균
미생물,846,Paenibacillus massiliensis,,세균
미생물,847,Paenibacillus taichungensis,,세균
미생물,848,Paenibacillus endophyticus,,세균
미생물,849,Paenibacillus chondroitinus,,세균
미생물,850,Paenibacillus chitinolyticus,,세균
미생물,851,Paenibacillus ehimensis,,세균
미생물,852,Paenibacillus taiwanensis,,세균
미생물,853,Paenibacillus cineris,,세균
미생물,854,Paenibacillus barcinonensis,,세균
미생물,855,Paenibacillus odorifer,,세균
미생물,856,Paenibacillus pabuli,,세균
미생물,857,Paenibacillus translucens,,세균
미생물,858,Paenibacillus pasadenensis,,세균
미생물,859,Paenibacillus tylopili,,세균
미생물,860,Paenibacillus alvei,,세균
미생물,861,Paenibacillus barengoltzii,,세균
미생물,862,Paenibacillus amylolyticus,,세균
미생물,863,Paenibacillus thermoaerophilus,,세균
미생물,864,Paenibacillus sonchi,,세균
미생물,865,Paenibacillus frigoriresistens,,세균
미생물,866,Paenibacillus zanthoxyli,,세균
미생물,867,Paenibacillus lactis,,세균
미생물,868,Paenibacillus tianjinensis,,세균
미생물,869,Paenibacillus seodonensis,,세균
미생물,870,Paenibacillus jilunlii,,세균
미생물,871,Paenibacillus alginolyticus,,세균
미생물,872,Paenibacillus borealis,,세균
미생물,873,Paenibacillus elgii,,세균
미생물,874,Paenibacillus massiliensis subsp. panacisoli,,세균
미생물,875,Paenibacillus kribbensis,,세균
미생물,876,Paenibacillus pectinilyticus,,세균
미생물,877,Paenibacillus turicensis,,세균
미생물,878,Paenibacillus peoriae,,세균
미생물,879,Paenibacillus terrae,,세균
미생물,880,Paenibacillus aurantius,,세균
미생물,881,Paenibacillus castaneae,,세균
미생물,882,Paenibacillus algicola,,세균
미생물,883,Paenibacillus vini,,세균
미생물,884,Aneurinibacillus danicus,,세균
미생물,885,Aneurinibacillus thermoaerophilus,,세균
미생물,886,Aneurinibacillus migulanus,,세균
미생물,887,Brevibacillus borstelensis,,세균
미생물,888,Brevibacillus agri,,세균
미생물,889,Brevibacillus brevis,,세균
미생물,890,Brevibacillus thermoruber,,세균
미생물,891,Brevibacillus sediminis,,세균
미생물,892,Brevibacillus laterosporus,,세균
미생물,893,Brevibacillus aydinogluensis,,세균
미생물,894,Brevibacillus formosus,,세균
미생물,895,Brevibacillus limnophilus,,세균
미생물,896,Brevibacillus panacihumi,,세균
미생물,897,Brevibacillus composti,,세균
미생물,898,Brevibacillus parabrevis,,세균
미생물,899,Chengkuizengella axinellae,,세균
미생물,900,Paenisporosarcina antarctica,,세균
미생물,901,Paenisporosarcina quisquiliarum,,세균
미생물,902,Paenisporosarcina macmurdoensis,,세균
미생물,903,Paenisporosarcina indica,,세균
미생물,904,Jeotgalibacillus marinus,,세균
미생물,905,Jeotgalibacillus campisalis,,세균
미생물,906,Jeotgalibacillus salarius,,세균
미생물,907,Jeotgalibacillus alimentarius,,세균
미생물,908,Solibacillus isronensis,,세균
미생물,909,Solibacillus silvestris,,세균
미생물,910,Sporosarcina aquimarina,,세균
미생물,911,Sporosarcina luteola,,세균
미생물,912,Sporosarcina soli,,세균
미생물,913,Sporosarcina psychrophila,,세균
미생물,914,Sporosarcina globispora,,세균
미생물,915,Sporosarcina saromensis,,세균
미생물,916,Sporosarcina limicola,,세균
미생물,917,Psychrobacillus psychrotolerans,,세균
미생물,918,Psychrobacillus psychrodurans,,세균
미생물,919,Psychrobacillus lasiicapitis,,세균
미생물,920,Ureibacillus thermosphaericus,,세균
미생물,921,Ureibacillus chungkukjangi,,세균
미생물,922,Chryseomicrobium imtechense,,세균
미생물,923,Chryseomicrobium palamuruense,,세균
미생물,924,Bhargavaea beijingensis,,세균
미생물,925,Bhargavaea ginsengi,,세균
미생물,926,Bhargavaea cecembensis,,세균
미생물,927,Metaplanococcus flavidus,,세균
미생물,928,Kurthia gibsonii,,세균
미생물,929,Kurthia zopfii,,세균
미생물,930,Planococcus donghaensis,,세균
미생물,931,Planococcus okeanokoites,,세균
미생물,932,Planococcus halocryophilus,,세균
미생물,933,Planococcus maritimus,,세균
미생물,934,Planococcus alkanoclasticus,,세균
미생물,935,Planococcus salinarum,,세균
미생물,936,Planococcus rifietoensis,,세균
미생물,937,Planococcus plakortidis,,세균
미생물,938,Planococcus citreus,,세균
미생물,939,Planococcus chinensis,,세균
미생물,940,Planococcus koreensis,,세균
미생물,941,Planococcus maitriensis,,세균
미생물,942,Lysinibacillus fusiformis,,세균
미생물,943,Lysinibacillus odysseyi,,세균
미생물,944,Lysinibacillus pakistanensis,,세균
미생물,945,Lysinibacillus xylanilyticus,,세균
미생물,946,Lysinibacillus contaminans,,세균
미생물,947,Lysinibacillus sphaericus,,세균
미생물,948,Lysinibacillus macroides,,세균
미생물,949,Lysinibacillus parviboronicapiens,,세균
미생물,950,Lysinibacillus louembei,,세균
미생물,951,Gemella morbillorum,,세균
미생물,952,Neobacillus soli,,세균
미생물,953,Neobacillus vireti,,세균
미생물,954,Neobacillus cucumis,,세균
미생물,955,Neobacillus drentensis,,세균
미생물,956,Neobacillus niacini,,세균
미생물,957,Neobacillus thermocopriae,,세균
미생물,958,Neobacillus bataviensis,,세균
미생물,959,Neobacillus fumarioli,,세균
미생물,960,Abyssisolibacter fermentans,,세균
미생물,961,Clostridium aestuarii,,세균
미생물,962,Clostridium subterminale,,세균
미생물,963,Clostridium ganghwense,,세균
미생물,964,Clostridium algifaecis,,세균
미생물,965,Clostridium sulfidigenes,,세균
미생물,966,Clostridium baratii,,세균
미생물,967,Clostridium sartagoforme,,세균
미생물,968,Proteiniclasticum ruminis,,세균
미생물,969,Proteiniclasticum aestuarii,,세균
미생물,970,Terrisporobacter mayombei,,세균
미생물,971,Desulfofarcimen acetoxidans,,세균
미생물,972,Tepidibacter mesophilus,,세균
미생물,973,Paraclostridium bifermentans,,세균
미생물,974,Paraclostridium benzoelyticum,,세균
미생물,975,Alkalibacter saccharofermentans,,세균
미생물,976,Anaerosacchariphilus polymeriproducens,,세균
미생물,977,Neomoorella thermoacetica,,세균
미생물,978,Caloranaerobacter azorensis,,세균
미생물,979,Morganella morganii subsp. sibonii,,세균
미생물,980,Proteus vulgaris,,세균
미생물,981,Proteus hauseri,,세균
미생물,982,Proteus mirabilis,,세균
미생물,983,Proteus penneri,,세균
미생물,984,Xenorhabdus nematophila,,세균
미생물,985,Rheinheimera pleomorphica,,세균
미생물,986,Rheinheimera gaetbuli,,세균
미생물,987,Rheinheimera aquimaris,,세균
미생물,988,Rheinheimera baltica,,세균
미생물,989,Rheinheimera nanhaiensis,,세균
미생물,990,Rheinheimera chironomi,,세균
미생물,991,Rheinheimera pacifica,,세균
미생물,992,Rheinheimera muenzenbergensis,,세균
미생물,993,Arsukibacterium ikkense,,세균
미생물,994,Thiohalomonas nitratireducens,,세균
미생물,995,Cocleimonas flava,,세균
미생물,996,Leucothrix mucor,,세균
미생물,997,Leucothrix pacifica,,세균
미생물,998,Methylophaga aminisulfidivorans,,세균
미생물,999,Methylophaga thiooxydans,,세균
미생물,1000,Francisella noatunensis subsp. chilensis,,세균
미생물,1001,Francisella salimarina,,세균
미생물,1002,Francisella philomiragia,,세균
미생물,1003,Kineobactrum salinum,,세균
미생물,1004,Parahaliea mediterranea,,세균
미생물,1005,Spongiibacter tropicus,,세균
미생물,1006,Spongiibacter marinus,,세균
미생물,1007,Sinobacterium caligoides,,세균
미생물,1008,Zhongshania marina,,세균
미생물,1009,Zhongshania guokunii,,세균
미생물,1010,Zhongshania borealis,,세균
미생물,1011,Simiduia litorea,,세균
미생물,1012,Simiduia areninigrae,,세균
미생물,1013,Simiduia agarivorans,,세균
미생물,1014,Umboniibacter marinipuniceus,,세균
미생물,1015,Umboniibacter caenipelagi,,세균
미생물,1016,Pseudomaricurvus alcaniphilus,,세균
미생물,1017,Teredinibacter turnerae,,세균
미생물,1018,Eionea nigra,,세균
미생물,1019,Saccharophagus degradans,,세균
미생물,1020,Marinimicrobium agarilyticum,,세균
미생물,1021,Marinimicrobium koreense,,세균
미생물,1022,Microbulbifer jejuensis,,세균
미생물,1023,Microbulbifer discodermiae,,세균
미생물,1024,Microbulbifer gwangyangensis,,세균
미생물,1025,Microbulbifer yueqingensis,,세균
미생물,1026,Microbulbifer aggregans,,세균
미생물,1027,Microbulbifer elongatus,,세균
미생물,1028,Microbulbifer epialgicus,,세균
미생물,1029,Microbulbifer salipaludis,,세균
미생물,1030,Microbulbifer echini,,세균
미생물,1031,Microbulbifer thermotolerans,,세균
미생물,1032,Microbulbifer maritimus,,세균
미생물,1033,Microbulbifer mangrovi,,세균
미생물,1034,Microbulbifer arenaceous,,세균
미생물,1035,Microbulbifer donghaiensis,,세균
미생물,1036,Microbulbifer pacificus,,세균
미생물,1037,Microbulbifer okinawensis,,세균
미생물,1038,Microbulbifer celer,,세균
미생물,1039,Microbulbifer taiwanensis,,세균
미생물,1040,Microbulbifer aestuariivivens,,세균
미생물,1041,Microbulbifer hydrolyticus,,세균
미생물,1042,Microbulbifer variabilis,,세균
미생물,1043,Microbulbifer agarilyticus,,세균
미생물,1044,Enterovibrio paralichthyis,,세균
미생물,1045,Enterovibrio nigricans,,세균
미생물,1046,Enterovibrio norvegicus,,세균
미생물,1047,Enterovibrio calviensis,,세균
미생물,1048,Thaumasiovibrio occultus,,세균
미생물,1049,Listonella pelagia,,세균
미생물,1050,Listonella anguillarum,,세균
미생물,1051,Aliivibrio finisterrensis,,세균
미생물,1052,Aliivibrio logei,,세균
미생물,1053,Aliivibrio wodanis,,세균
미생물,1054,Aliivibrio salmonicida,,세균
미생물,1055,Aliivibrio fischeri,,세균
미생물,1056,Aliivibrio sifiae,,세균
미생물,1057,"Photobacterium Lucena et al., 2011",,세균
미생물,1058,Photobacterium lucens,,세균
미생물,1059,Photobacterium aquae,,세균
미생물,1060,Photobacterium malacitanum,,세균
미생물,1061,Photobacterium panuliri,,세균
미생물,1062,Photobacterium sanguinicancri,,세균
미생물,1063,Photobacterium andalusiense,,세균
미생물,1064,Photobacterium damselae subsp. damselae,,세균
미생물,1065,Photobacterium swingsii,,세균
미생물,1066,Photobacterium piscicola,,세균
미생물,1067,Photobacterium angustum,,세균
미생물,1068,Photobacterium aquimaris,,세균
미생물,1069,Photobacterium indicum,,세균
미생물,1070,Photobacterium profundum,,세균
미생물,1071,Photobacterium iliopiscarium,,세균
미생물,1072,Photobacterium atrarenae,,세균
미생물,1073,Photobacterium damselae subsp. piscicida,,세균
미생물,1074,Photobacterium lipolyticum,,세균
미생물,1075,Photobacterium lutimaris,,세균
미생물,1076,Photobacterium galatheae,,세균
미생물,1077,Photobacterium ganghwense,,세균
미생물,1078,Photobacterium rosenbergii,,세균
미생물,1079,Photobacterium jeanii,,세균
미생물,1080,Photobacterium aestuarii,,세균
미생물,1081,Photobacterium frigidiphilum,,세균
미생물,1082,Photobacterium phosphoreum,,세균
미생물,1083,Photobacterium aplysiae,,세균
미생물,1084,Photobacterium leiognathi,,세균
미생물,1085,Photobacterium gaetbulicola,,세균
미생물,1086,Photobacterium halotolerans,,세균
미생물,1087,Salinivibrio siamensis,,세균
미생물,1088,Salinivibrio socompensis,,세균
미생물,1089,Salinivibrio costicola subsp. vallismortis,,세균
미생물,1090,Salinivibrio costicola,,세균
미생물,1091,Salinivibrio sharmensis,,세균
미생물,1092,Salinivibrio proteolyticus,,세균
미생물,1093,Salinivibrio costicola subsp. costicola,,세균
미생물,1094,Salinivibrio costicola subsp. alcaliphilus,,세균
미생물,1095,Grimontia sedimenti,,세균
미생물,1096,Grimontia celeris,,세균
미생물,1097,Grimontia hollisae,,세균
미생물,1098,Catenococcus thiocycli,,세균
미생물,1099,Vibrio aestuarianus subsp. aestuarianus,,세균
미생물,1100,Vibrio tapetis subsp. tapetis,,세균
미생물,1101,Vibrio ezurae,,세균
미생물,1102,Vibrio metoecus,,세균
미생물,1103,Vibrio neonatus,,세균
미생물,1104,Vibrio floridensis,,세균
미생물,1105,Vibrio ostreae,,세균
미생물,1106,Vibrio qingdaonensis,,세균
미생물,1107,Vibrio hannami,,세균
미생물,1108,Vibrio spartinae,,세균
미생물,1109,Vibrio alfacsensis,,세균
미생물,1110,Vibrio ulleungensis,,세균
미생물,1111,Vibrio nereis,,세균
미생물,1112,Vibrio aphrogenes,,세균
미생물,1113,Vibrio cortegadensis,,세균
미생물,1114,Vibrio pectenicida,,세균
미생물,1115,Vibrio gallaecicus,,세균
미생물,1116,Vibrio campbellii,,세균
미생물,1117,Vibrio hippocampi,,세균
미생물,1118,Vibrio tubiashii,,세균
미생물,1119,Vibrio algivorus,,세균
미생물,1120,Vibrio hyugaensis,,세균
미생물,1121,Vibrio vulnificus,,세균
미생물,1122,Vibrio jasicida,,세균
미생물,1123,Vibrio rotiferianus,,세균
미생물,1124,Vibrio gazogenes,,세균
미생물,1125,Vibrio japonicus,,세균
미생물,1126,Vibrio superstes,,세균
미생물,1127,Vibrio panuliri,,세균
미생물,1128,Vibrio ordalii,,세균
미생물,1129,Vibrio casei,,세균
미생물,1130,Vibrio parahaemolyticus,,세균
미생물,1131,Vibrio neocaledonicus,,세균
미생물,1132,Vibrio cholerae,,세균
미생물,1133,Vibrio mediterranei,,세균
미생물,1134,Vibrio chagasii,,세균
미생물,1135,Vibrio xuii,,세균
미생물,1136,Vibrio litoralis,,세균
미생물,1137,Vibrio crassostreae,,세균
미생물,1138,Vibrio neptunius,,세균
미생물,1139,Vibrio coralliilyticus,,세균
미생물,1140,Vibrio scophthalmi,,세균
미생물,1141,Vibrio olivae,,세균
미생물,1142,Vibrio inusitatus,,세균
미생물,1143,Vibrio fluvialis,,세균
미생물,1144,Vibrio galatheae,,세균
미생물,1145,Vibrio splendidus,,세균
미생물,1146,Vibrio ponticus,,세균
미생물,1147,Vibrio rumoiensis,,세균
미생물,1148,Vibrio artabrorum,,세균
미생물,1149,Vibrio lentus,,세균
미생물,1150,Vibrio mytili,,세균
미생물,1151,Vibrio hepatarius,,세균
미생물,1152,Vibrio plantisponsor,,세균
미생물,1153,Vibrio azureus,,세균
미생물,1154,Vibrio brasiliensis,,세균
미생물,1155,Vibrio sagamiensis,,세균
미생물,1156,Vibrio breoganii,,세균
미생물,1157,Vibrio kanaloae,,세균
미생물,1158,Vibrio diazotrophicus,,세균
미생물,1159,Vibrio harveyi,,세균
미생물,1160,Vibrio pacinii,,세균
미생물,1161,Vibrio owensii,,세균
미생물,1162,Vibrio atlanticus,,세균
미생물,1163,Vibrio echinoideorum,,세균
미생물,1164,Vibrio metschnikovii,,세균
미생물,1165,Vibrio cyclitrophicus,,세균
미생물,1166,Vibrio xiamenensis,,세균
미생물,1167,Vibrio coralliirubri,,세균
미생물,1168,Vibrio areninigrae,,세균
미생물,1169,Vibrio orientalis,,세균
미생물,1170,Vibrio proteolyticus,,세균
미생물,1171,Vibrio variabilis,,세균
미생물,1172,Vibrio ruber,,세균
미생물,1173,Vibrio hangzhouensis,,세균
미생물,1174,Vibrio nigripulchritudo,,세균
미생물,1175,Vibrio navarrensis,,세균
미생물,1176,Vibrio pomeroyi,,세균
미생물,1177,Vibrio mimicus,,세균
미생물,1178,Vibrio ichthyoenteri,,세균
미생물,1179,Vibrio rhizosphaerae,,세균
미생물,1180,Vibrio toranzoniae,,세균
미생물,1181,Vibrio sinaloensis,,세균
미생물,1182,Vibrio gigantis,,세균
미생물,1183,Vibrio antiquarius,,세균
미생물,1184,Vibrio tapetis,,세균
미생물,1185,Vibrio fortis,,세균
미생물,1186,Vibrio caribbeanicus,,세균
미생물,1187,Vibrio diabolicus,,세균
미생물,1188,Vibrio atypicus,,세균
미생물,1189,Vibrio alginolyticus,,세균
미생물,1190,Vibrio halioticoli,,세균
미생물,1191,Vibrio agarivorans,,세균
미생물,1192,Vibrio penaeicida,,세균
미생물,1193,Vibrio furnissii,,세균
미생물,1194,Vibrio tasmaniensis,,세균
미생물,1195,Vibrio natriegens,,세균
미생물,1196,Vibrio comitans,,세균
미생물,1197,Vibrio maritimus,,세균
미생물,1198,Vibrio madracius,,세균
미생물,1199,Arcobacter parvus,,세균
미생물,1200,Arcobacter caeni,,세균
미생물,1201,Arcobacter lekithochrous,,세균
미생물,1202,Arcobacter bivalviorum,,세균
미생물,1203,Arcobacter nitrofigilis,,세균
미생물,1204,Arcobacter molluscorum,,세균
미생물,1205,Arcobacter marinus,,세균
미생물,1206,Luteithermobacter gelatinilyticus,,세균
미생물,1207,Emcibacter nanhaiensis,,세균
미생물,1208,Minwuia thermotolerans,,세균
미생물,1209,Ahrensia kielensis,,세균
미생물,1210,Pelagibacterium luteolum,,세균
미생물,1211,Devosia beringensis,,세균
미생물,1212,Devosia psychrophila,,세균
미생물,1213,Devosia submarina,,세균
미생물,1214,Devosia soli,,세균
미생물,1215,Devosia riboflavina,,세균
미생물,1216,Devosia yakushimensis,,세균
미생물,1217,Devosia insulae,,세균
미생물,1218,Maritalea myrionectae,,세균
미생물,1219,Maritalea mobilis,,세균
미생물,1220,Caenibius tardaugens,,세균
미생물,1221,Dichotomicrobium thermohalophilum,,세균
미생물,1222,Flexibacterium corallicola,,세균
미생물,1223,Hongsoonwoonella zoysiae,,세균
미생물,1224,Pseudovibrio hongkongensis,,세균
미생물,1225,Pseudovibrio japonicus,,세균
미생물,1226,Pseudovibrio ascidiaceicola,,세균
미생물,1227,Pseudovibrio denitrificans,,세균
미생물,1228,Roseibium polysiphoniae,,세균
미생물,1229,Roseibium alexandrii,,세균
미생물,1230,Roseibium aggregatum,,세균
미생물,1231,Roseibium album,,세균
미생물,1232,Roseibium marinum,,세균
미생물,1233,Roseibium hamelinense,,세균
미생물,1234,Roseibium salinum,,세균
미생물,1235,Stappia stellulata,,세균
미생물,1236,Stappia indica,,세균
미생물,1237,Azorhizobium doebereinerae,,세균
미생물,1238,Lutibaculum baratangense,,세균
미생물,1239,Breoghania corrubedonensis,,세균
미생물,1240,Notoacmeibacter marinus,,세균
미생물,1241,Jiella mangrovi,,세균
미생물,1242,Fulvimarina uroteuthidis,,세균
미생물,1243,Fulvimarina manganoxydans,,세균
미생물,1244,Aurantimonas litoralis,,세균
미생물,1245,Aurantimonas coralicida,,세균
미생물,1246,Aureimonas altamirensis,,세균
미생물,1247,Cohaesibacter marisflavi,,세균
미생물,1248,Cohaesibacter gelatinilyticus,,세균
미생물,1249,Brucella pseudogrignonensis,,세균
미생물,1250,Brucella tritici,,세균
미생물,1251,Brucella cytisi,,세균
미생물,1252,Brucella grignonensis,,세균
미생물,1253,Brucella gallinifaecis,,세균
미생물,1254,Brucella lupini,,세균
미생물,1255,Brucella anthropi,,세균
미생물,1256,Brucella rhizosphaerae,,세균
미생물,1257,Pseudochrobactrum asaccharolyticum,,세균
미생물,1258,Mesorhizobium sediminum,,세균
미생물,1259,Mesorhizobium albiziae,,세균
미생물,1260,Mesorhizobium thiogangeticum,,세균
미생물,1261,Mesorhizobium shangrilense,,세균
미생물,1262,Nitratireductor aquibiodomus,,세균
미생물,1263,Nitratireductor kimnyeongensis,,세균
미생물,1264,Nitratireductor rhodophyticola,,세균
미생물,1265,Nitratireductor aquimarinus,,세균
미생물,1266,Oricola thermophila,,세균
미생물,1267,Oricola cellulosilytica,,세균
미생물,1268,Chelativorans multitrophicus,,세균
미생물,1269,Chelativorans intermedius,,세균
미생물,1270,Roseitalea porphyridii,,세균
미생물,1271,Aquamicrobium ahrensii,,세균
미생물,1272,Aquamicrobium defluvii,,세균
미생물,1273,Martelella endophytica,,세균
미생물,1274,Martelella mediterranea,,세균
미생물,1275,Agrobacterium tomkonis,,세균
미생물,1276,Agrobacterium larrymoorei,,세균
미생물,1277,Agrobacterium radiobacter,,세균
미생물,1278,Agrobacterium tumefaciens,,세균
미생물,1279,Pseudorhizobium pelagicum,,세균
미생물,1280,Allorhizobium vitis,,세균
미생물,1281,Allorhizobium oryziradicis,,세균
미생물,1282,Allorhizobium borbori,,세균
미생물,1283,Hoeflea halophila,,세균
미생물,1284,Hoeflea alexandrii,,세균
미생물,1285,Shinella kummerowiae,,세균
미생물,1286,Rhizobium wuzhouense,,세균
미생물,1287,Rhizobium daejeonense,,세균
미생물,1288,Rhizobium rosettiformans,,세균
미생물,1289,Rhizobium naphthalenivorans,,세균
미생물,1290,Rhizobium selenitireducens,,세균
미생물,1291,Rhizobium sphaerophysae,,세균
미생물,1292,Rhizobium massiliae,,세균
미생물,1293,Rhizobium gallicum,,세균
미생물,1294,Neorhizobium vignae,,세균
미생물,1295,Lentilitoribacter donghaensis,,세균
미생물,1296,Ensifer morelensis,,세균
미생물,1297,Ensifer sesbaniae,,세균
미생물,1298,Bartonella elizabethae,,세균
미생물,1299,Methylobacterium fujisawaense,,세균
미생물,1300,Rhodobium orientis,,세균
미생물,1301,Geminicoccus roseus,,세균
미생물,1302,Tistrella mobilis,,세균
미생물,1303,Thalassospira australica,,세균
미생물,1304,Thalassospira povalilytica,,세균
미생물,1305,Thalassospira tepidiphila,,세균
미생물,1306,Thalassospira indica,,세균
미생물,1307,Thalassospira lucentensis,,세균
미생물,1308,Thalassospira xiamenensis,,세균
미생물,1309,Thalassospira xianhensis,,세균
미생물,1310,Thalassospira profundimaris,,세균
미생물,1311,Thalassospira permensis,,세균
미생물,1312,Terasakiella pusilla,,세균
미생물,1313,Terasakiella salincola,,세균
미생물,1314,Nisaea denitrificans,,세균
미생물,1315,Thalassobaculum litoreum,,세균
미생물,1316,Thalassobaculum salexigens,,세균
미생물,1317,Pelagibius litoralis,,세균
미생물,1318,Azospirillum halopraeferens,,세균
미생물,1319,Aestuariispira insulae,,세균
미생물,1320,Kiloniella spongiae,,세균
미생물,1321,Kiloniella majae,,세균
미생물,1322,Kiloniella litopenaei,,세균
미생물,1323,Kiloniella laminariae,,세균
미생물,1324,Roseomonas fluminis,,세균
미생물,1325,Roseomonas aestuarii,,세균
미생물,1326,Denitrobaculum tricleocarpae,,세균
미생물,1327,Caenispirillum humi,,세균
미생물,1328,Caenispirillum salinarum,,세균
미생물,1329,Sneathiella glossodoripedis,,세균
미생물,1330,Kordiimonas lacus,,세균
미생물,1331,Kordiimonas gwangyangensis,,세균
미생물,1332,Kordiimonas aquimaris,,세균
미생물,1333,Pseudopontixanthobacter vadosimaris,,세균
미생물,1334,Pelagerythrobacter marensis,,세균
미생물,1335,Pelagerythrobacter marinus,,세균
미생물,1336,Altericroceibacterium indicum,,세균
미생물,1337,Erythrobacter rubeus,,세균
미생물,1338,Erythrobacter alti,,세균
미생물,1339,Erythrobacter dokdonensis,,세균
미생물,1340,Erythrobacter donghaensis,,세균
미생물,1341,Erythrobacter sanguineus,,세균
미생물,1342,Erythrobacter longus,,세균
미생물,1343,Erythrobacter ramosus,,세균
미생물,1344,Erythrobacter litoralis,,세균
미생물,1345,Qipengyuania profundimaris,,세균
미생물,1346,Qipengyuania psychrotolerans,,세균
미생물,1347,Qipengyuania qiaonensis,,세균
미생물,1348,Qipengyuania spongiae,,세균
미생물,1349,Qipengyuania xiapuensis,,세균
미생물,1350,Qipengyuania vesicularis,,세균
미생물,1351,Qipengyuania intermedia,,세균
미생물,1352,Qipengyuania polymorpha,,세균
미생물,1353,Qipengyuania pacifica,,세균
미생물,1354,Qipengyuania aestuarii,,세균
미생물,1355,Qipengyuania oceanensis,,세균
미생물,1356,Qipengyuania marisflavi,,세균
미생물,1357,Qipengyuania nanhaisediminis,,세균
미생물,1358,Qipengyuania citrea,,세균
미생물,1359,Qipengyuania aquimaris,,세균
미생물,1360,Qipengyuania gaetbuli,,세균
미생물,1361,Qipengyuania pelagi,,세균
미생물,1362,Qipengyuania vulgaris,,세균
미생물,1363,Qipengyuania flava,,세균
미생물,1364,Qipengyuania seohaensis,,세균
미생물,1365,Parerythrobacter lutipelagi,,세균
미생물,1366,Parerythrobacter jejuensis,,세균
미생물,1367,Alteriqipengyuania abyssalis,,세균
미생물,1368,Alteriqipengyuania lutimaris,,세균
미생물,1369,Porphyrobacter tepidarius,,세균
미생물,1370,Tsuneonella mangrovi,,세균
미생물,1371,Paraurantiacibacter namhicola,,세균
미생물,1372,Pontixanthobacter aquaemixtae,,세균
미생물,1373,Pontixanthobacter luteolus,,세균
미생물,1374,Pontixanthobacter aestiaquae,,세균
미생물,1375,Pontixanthobacter gangjinensis,,세균
미생물,1376,Altererythrobacter insulae,,세균
미생물,1377,Altererythrobacter rubellus,,세균
미생물,1378,Altererythrobacter ishigakiensis,,세균
미생물,1379,Altererythrobacter xiamenensis,,세균
미생물,1380,Altererythrobacter epoxidivorans,,세균
미생물,1381,Aurantiacibacter poecillastricola,,세균
미생물,1382,Aurantiacibacter rhizosphaerae,,세균
미생물,1383,Aurantiacibacter zhengii,,세균
미생물,1384,Aurantiacibacter luteus,,세균
미생물,1385,Aurantiacibacter atlanticus,,세균
미생물,1386,Aurantiacibacter sediminis,,세균
미생물,1387,Aurantiacibacter gangjinensis,,세균
미생물,1388,Aurantiacibacter marinus,,세균
미생물,1389,Aurantiacibacter odishensis,,세균
미생물,1390,Aurantiacibacter aquimixticola,,세균
미생물,1391,Novosphingobium lindaniclasticum,,세균
미생물,1392,Novosphingobium aureum,,세균
미생물,1393,Novosphingobium guangzhouense,,세균
미생물,1394,Novosphingobium aquimarinum,,세균
미생물,1395,Novosphingobium indicum,,세균
미생물,1396,Novosphingobium pentaromativorans,,세균
미생물,1397,Novosphingobium naphthalenivorans,,세균
미생물,1398,Alteraurantiacibacter aquimixticola,,세균
미생물,1399,Croceicoccus naphthovorans,,세균
미생물,1400,Alteraurantiacibacter aestuarii,,세균
미생물,1401,Croceicoccus marinus,,세균
미생물,1402,Novosphingopyxis baekryungensis,,세균
미생물,1403,Rhizorhabdus wittichii,,세균
미생물,1404,Sphingomonas endophytica,,세균
미생물,1405,Sphingomonas aquatilis,,세균
미생물,1406,Sphingomonas olei,,세균
미생물,1407,Sphingomonas melonis,,세균
미생물,1408,Sphingomonas mucosissima,,세균
미생물,1409,Sphingomonas yunnanensis,,세균
미생물,1410,Sphingomonas asaccharolytica,,세균
미생물,1411,Sphingomonas soli,,세균
미생물,1412,Sphingomonas desiccabilis,,세균
미생물,1413,Sphingomonas kyungheensis,,세균
미생물,1414,Sphingomonas kaistensis,,세균
미생물,1415,Sphingomonas yabuuchiae,,세균
미생물,1416,Sphingomonas aestuarii,,세균
미생물,1417,Sphingomonas paucimobilis,,세균
미생물,1418,Sphingomonas zeae,,세균
미생물,1419,Sphingomonas hankookensis,,세균
미생물,1420,Sphingomonas dokdonensis,,세균
미생물,1421,Sphingomonas ginsenosidimutans,,세균
미생물,1422,Sphingomonas insulae,,세균
미생물,1423,Sphingomonas panni,,세균
미생물,1424,Sphingomonas leidyi,,세균
미생물,1425,Parasphingorhabdus cellanae,,세균
미생물,1426,Parasphingorhabdus pacifica,,세균
미생물,1427,Parasphingorhabdus marina,,세균
미생물,1428,Parasphingorhabdus flavimaris,,세균
미생물,1429,Parasphingorhabdus litoris,,세균
미생물,1430,Sphingobium naphthae,,세균
미생물,1431,Sphingobium xenophagum,,세균
미생물,1432,Sphingobium chungbukense,,세균
미생물,1433,Sphingobium yanoikuyae,,세균
미생물,1434,Sphingobium indicum,,세균
미생물,1435,Sphingobium olei,,세균
미생물,1436,Sphingobium abikonense,,세균
미생물,1437,Sphingobium rhizovicinum,,세균
미생물,1438,Sphingobium lactosutens,,세균
미생물,1439,Parasphingopyxis marina,,세균
미생물,1440,Parasphingopyxis algicola,,세균
미생물,1441,Sphingorhabdus lutea,,세균
미생물,1442,Sphingopyxis terrae subsp. terrae,,세균
미생물,1443,Sphingopyxis flava,,세균
미생물,1444,Sphingopyxis alaskensis,,세균
미생물,1445,Sphingopyxis terrae,,세균
미생물,1446,Sphingopyxis witflariensis,,세균
미생물,1447,Sphingopyxis terrae subsp. ummariensis,,세균
미생물,1448,Sphingopyxis solisilvae,,세균
미생물,1449,Sphingopyxis macrogoltabida,,세균
미생물,1450,Sphingopyxis soli,,세균
미생물,1451,Sphingopyxis taejonensis,,세균
미생물,1452,Blastomonas marina,,세균
미생물,1453,Blastomonas natatoria,,세균
미생물,1454,Sphingomicrobium aestuariivivum,,세균
미생물,1455,Sphingomicrobium flavum,,세균
미생물,1456,Sphingomicrobium lutaoense,,세균
미생물,1457,Sphingomicrobium marinum,,세균
미생물,1458,Stakelama pacifica,,세균
미생물,1459,Citromicrobium bathyomarinum,,세균
미생물,1460,Parvularcula lutaonensis,,세균
미생물,1461,Pararhodobacter marinus,,세균
미생물,1462,Pararhodobacter aggregans,,세균
미생물,1463,Heliomarina baculiformis,,세균
미생물,1464,Roseobacter insulae,,세균
미생물,1465,Roseobacter litoralis,,세균
미생물,1466,Roseobacter denitrificans,,세균
미생물,1467,Roseobacter ponti,,세균
미생물,1468,Gymnodinialimonas ulvae,,세균
미생물,1469,Gymnodinialimonas mytili,,세균
미생물,1470,Gymnodinialimonas hymeniacidonis,,세균
미생물,1471,Salipiger aestuarii,,세균
미생물,1472,Salipiger bermudensis,,세균
미생물,1473,Salipiger thiooxidans,,세균
미생물,1474,Epibacterium scottomollicae,,세균
미생물,1475,Epibacterium mobilis,,세균
미생물,1476,Pseudothioclava arenosa,,세균
미생물,1477,Cypionkella sinensis,,세균
미생물,1478,Histidinibacterium aquaticum,,세균
미생물,1479,Aquimixticola soesokkakensis,,세균
미생물,1480,Wenxinia saemankumensis,,세균
미생물,1481,Wenxinia marina,,세균
미생물,1482,Phaeovulum vinaykumarii,,세균
미생물,1483,Profundibacterium mesophilum,,세균
미생물,1484,Cereibacter azotoformans,,세균
미생물,1485,Cereibacter sphaeroides,,세균
미생물,1486,Pseudosulfitobacter pseudonitzschiae,,세균
미생물,1487,Vannielia litoreus,,세균
미생물,1488,Pseudopuniceibacterium sediminis,,세균
미생물,1489,Lutimaribacter saemankumensis,,세균
미생물,1490,Lutimaribacter pacificus,,세균
미생물,1491,Haematobacter missouriensis,,세균
미생물,1492,Pacificibacter marinus,,세균
미생물,1493,Poseidonocella pacifica,,세균
미생물,1494,Marimonas lutisalis,,세균
미생물,1495,Marimonas arenosa,,세균
미생물,1496,Mameliella alba,,세균
미생물,1497,Gemmobacter megaterium,,세균
미생물,1498,Gemmobacter lanyuensis,,세균
미생물,1499,Phaeobacter porticola,,세균
미생물,1500,Phaeobacter inhibens,,세균
미생물,1501,Phaeobacter gallaeciensis,,세균
미생물,1502,Phaeobacter italicus,,세균
미생물,1503,Jannaschia faecimaris,,세균
미생물,1504,Jannaschia rubra,,세균
미생물,1505,Jannaschia seohaensis,,세균
미생물,1506,Jannaschia confluentis,,세균
미생물,1507,Jannaschia pohangensis,,세균
미생물,1508,Jannaschia seosinensis,,세균
미생물,1509,Jannaschia helgolandensis,,세균
미생물,1510,Jannaschia donghaensis,,세균
미생물,1511,Jannaschia cystaugens,,세균
미생물,1512,Donghicola eburneus,,세균
미생물,1513,Nereida ignava,,세균
미생물,1514,Ruegeria hyattellae,,세균
미생물,1515,Ruegeria jejuensis,,세균
미생물,1516,Ruegeria discodermiae,,세균
미생물,1517,Ruegeria meteori,,세균
미생물,1518,Ruegeria spongiae,,세균
미생물,1519,Ruegeria litorea,,세균
미생물,1520,Ruegeria marisrubri,,세균
미생물,1521,Ruegeria mediterranea,,세균
미생물,1522,Ruegeria marina,,세균
미생물,1523,Ruegeria faecimaris,,세균
미생물,1524,Ruegeria atlantica,,세균
미생물,1525,Ruegeria pomeroyi,,세균
미생물,1526,Ruegeria lacuscaerulensis,,세균
미생물,1527,Ruegeria arenilitoris,,세균
미생물,1528,Ruegeria denitrificans,,세균
미생물,1529,Ruegeria profundi,,세균
미생물,1530,Ruegeria meonggei,,세균
미생물,1531,Ruegeria halocynthiae,,세균
미생물,1532,Ruegeria conchae,,세균
미생물,1533,Lentibacter algarum,,세균
미생물,1534,Paracoccus isoporae,,세균
미생물,1535,Paracoccus spongiarum,,세균
미생물,1536,Paracoccus halophilus,,세균
미생물,1537,Paracoccus tegillarcae,,세균
미생물,1538,Paracoccus hibisci,,세균
미생물,1539,Paracoccus huijuniae,,세균
미생물,1540,Paracoccus salipaludis,,세균
미생물,1541,Paracoccus acridae,,세균
미생물,1542,Paracoccus mangrovi,,세균
미생물,1543,Paracoccus oceanense,,세균
미생물,1544,Paracoccus marcusii,,세균
미생물,1545,Paracoccus stylophorae,,세균
미생물,1546,Paracoccus zeaxanthinifaciens,,세균
미생물,1547,Paracoccus marinus,,세균
미생물,1548,Paracoccus koreensis,,세균
미생물,1549,Paracoccus versutus,,세균
미생물,1550,Paracoccus homiensis,,세균
미생물,1551,Paracoccus haeundaensis,,세균
미생물,1552,Paracoccus lutimaris,,세균
미생물,1553,Paracoccus seriniphilus,,세균
미생물,1554,Paracoccus rhizosphaerae,,세균
미생물,1555,Paracoccus aestuarii,,세균
미생물,1556,Paracoccus caeni,,세균
미생물,1557,Paracoccus siganidrum,,세균
미생물,1558,Paracoccus fistulariae,,세균
미생물,1559,Paracoccus aminophilus,,세균
미생물,1560,Paracoccus limosus,,세균
미생물,1561,Paracoccus saliphilus,,세균
미생물,1562,Paracoccus zhejiangensis,,세균
미생물,1563,Paracoccus carotinifaciens,,세균
미생물,1564,Paracoccus aestuariivivens,,세균
미생물,1565,Paracoccus tibetensis,,세균
미생물,1566,Paracoccus aminovorans,,세균
미생물,1567,Paracoccus yeei,,세균
미생물,1568,Paracoccus chinensis,,세균
미생물,1569,Paracoccus sediminis,,세균
미생물,1570,Pseudoruegeria sabulilitoris,,세균
미생물,1571,Pseudoruegeria insulae,,세균
미생물,1572,Pseudoruegeria lutimaris,,세균
미생물,1573,Pseudoruegeria aquimaris,,세균
미생물,1574,Rhodovulum sulfidophilum,,세균
미생물,1575,Rhodovulum iodosum,,세균
미생물,1576,Marivivens geojensis,,세균
미생물,1577,Marivivens donghaensis,,세균
미생물,1578,Seohaeicola nanhaiensis,,세균
미생물,1579,Seohaeicola saemankumensis,,세균
미생물,1580,Seohaeicola westpacificensis,,세균
미생물,1581,Thalassobius aquimarinus,,세균
미생물,1582,Thalassobius mediterraneus,,세균
미생물,1583,Thalassobius litoralis,,세균
미생물,1584,Albirhodobacter marinus,,세균
미생물,1585,Albirhodobacter confluentis,,세균
미생물,1586,Amylibacter ulvae,,세균
미생물,1587,Litoreibacter janthinus,,세균
미생물,1588,Litoreibacter albidus,,세균
미생물,1589,Litoreibacter ponti,,세균
미생물,1590,Litoreibacter halocynthiae,,세균
미생물,1591,Litoreibacter arenae,,세균
미생물,1592,Litoreibacter meonggei,,세균
미생물,1593,Litoreibacter ascidiaceicola,,세균
미생물,1594,Pseudomaribius aestuariivivens,,세균
미생물,1595,Falsirhodobacter algicola,,세균
미생물,1596,Nioella aestuarii,,세균
미생물,1597,Ponticoccus litoralis,,세균
미생물,1598,Sagittula stellata,,세균
미생물,1599,Sagittula marina,,세균
미생물,1600,Tabrizicola aquatica,,세균
미생물,1601,Albidovulum inexpectatum,,세균
미생물,1602,Actibacterium mucosum,,세균
미생물,1603,Actibacterium atlanticum,,세균
미생물,1604,Pseudorhodobacter turbinis,,세균
미생물,1605,Pseudorhodobacter wandonensis,,세균
미생물,1606,Pseudorhodobacter ponti,,세균
미생물,1607,Pseudorhodobacter ferrugineus,,세균
미생물,1608,Marinovum faecis,,세균
미생물,1609,Marinovum algicola,,세균
미생물,1610,Rhodobacter capsulatus,,세균
미생물,1611,Rhodobacter enshiensis,,세균
미생물,1612,Rhodobacter aestuarii,,세균
미생물,1613,Rhodobacter megalophilus,,세균
미생물,1614,Rhodobacter maris,,세균
미생물,1615,Pseudophaeobacter leonis,,세균
미생물,1616,Pseudophaeobacter arcticus,,세균
미생물,1617,Thioclava nitratireducens,,세균
미생물,1618,Thioclava atlantica,,세균
미생물,1619,Thioclava pacifica,,세균
미생물,1620,Pseudaestuariivita atlantica,,세균
미생물,1621,Leisingera caerulea,,세균
미생물,1622,Leisingera daeponensis,,세균
미생물,1623,Leisingera aquimarina,,세균
미생물,1624,Leisingera methylohalidivorans,,세균
미생물,1625,Leisingera aquaemixtae,,세균
미생물,1626,Limimaricola litoreus,,세균
미생물,1627,Limimaricola aestuariicola,,세균
미생물,1628,Limimaricola soesokkakensis,,세균
미생물,1629,Limimaricola variabilis,,세균
미생물,1630,Limimaricola pyoseonensis,,세균
미생물,1631,Limimaricola hongkongensis,,세균
미생물,1632,Limimaricola cinnabarinus,,세균
미생물,1633,Planktomarina temperata,,세균
미생물,1634,Rhodobaca barguzinensis,,세균
미생물,1635,Marivita litorea,,세균
미생물,1636,Marivita geojedonensis,,세균
미생물,1637,Marivita cryptomonadis,,세균
미생물,1638,Marivita byunsanensis,,세균
미생물,1639,Roseivivax marinus,,세균
미생물,1640,Roseivivax isoporae,,세균
미생물,1641,Roseivivax halodurans,,세균
미생물,1642,Roseivivax halotolerans,,세균
미생물,1643,Roseivivax lentus,,세균
미생물,1644,Pseudooceanicola aestuarii,,세균
미생물,1645,Pseudooceanicola lipolyticus,,세균
미생물,1646,Pseudooceanicola atlanticus,,세균
미생물,1647,Pseudooceanicola nanhaiensis,,세균
미생물,1648,Pseudooceanicola nitratireducens,,세균
미생물,1649,Pseudooceanicola antarcticus,,세균
미생물,1650,Pseudooceanicola flagellatus,,세균
미생물,1651,Pseudooceanicola marinus,,세균
미생물,1652,Pontibaca methylaminivorans,,세균
미생물,1653,Tateyamaria armeniaca,,세균
미생물,1654,Tateyamaria omphalii,,세균
미생물,1655,Tateyamaria pelophila,,세균
미생물,1656,Defluviimonas aquaemixtae,,세균
미생물,1657,Defluviimonas aestuarii,,세균
미생물,1658,Sinirhodobacter ferrireducens,,세균
미생물,1659,Roseicitreum antarcticum,,세균
미생물,1660,Pelagimonas varians,,세균
미생물,1661,Roseibacterium beibuensis,,세균
미생물,1662,Roseibacterium elongatum,,세균
미생물,1663,Primorskyibacter sedentarius,,세균
미생물,1664,Citreimonas salinaria,,세균
미생물,1665,Cognatiyoonia koreensis,,세균
미생물,1666,Cognatishimia activa,,세균
미생물,1667,Maritimibacter alkaliphilus,,세균
미생물,1668,Pseudodonghicola xiamenensis,,세균
미생물,1669,Planktotalea frisia,,세균
미생물,1670,Maribius salinus,,세균
미생물,1671,Maribius pontilimi,,세균
미생물,1672,Yoonia sediminilitoris,,세균
미생물,1673,Yoonia maritima,,세균
미생물,1674,Yoonia acticola,,세균
미생물,1675,Yoonia tamlensis,,세균
미생물,1676,Yoonia rosea,,세균
미생물,1677,Yoonia maricola,,세균
미생물,1678,Yoonia vestfoldensis,,세균
미생물,1679,Yoonia litorea,,세균
미생물,1680,Ketogulonicigenium vulgare,,세균
미생물,1681,Ketogulonicigenium robustum,,세균
미생물,1682,Charonomicrobium ambiphototrophicum,,세균
미생물,1683,Loktanella agnita,,세균
미생물,1684,Loktanella atrilutea,,세균
미생물,1685,Loktanella salsilacus,,세균
미생물,1686,Albimonas donghaensis,,세균
미생물,1687,Thalassococcus arenae,,세균
미생물,1688,Thalassococcus halodurans,,세균
미생물,1689,Aliiroseovarius conchicola,,세균
미생물,1690,Aliiroseovarius marinus,,세균
미생물,1691,Aliiroseovarius sediminilitoris,,세균
미생물,1692,Aliiroseovarius halocynthiae,,세균
미생물,1693,Aliiroseovarius crassostreae,,세균
미생물,1694,Aliiroseovarius pelagivivens,,세균
미생물,1695,Arenibacterium arenosum,,세균
미생물,1696,Aestuariibius violaceus,,세균
미생물,1697,Aestuariibius insulae,,세균
미생물,1698,Tritonibacter mobilis,,세균
미생물,1699,Tritonibacter multivorans,,세균
미생물,1700,Alloyangia mangrovi,,세균
미생물,1701,Alloyangia pacifica,,세균
미생물,1702,Roseicyclus marinus,,세균
미생물,1703,Antarcticimicrobium luteum,,세균
미생물,1704,Shimia sediminis,,세균
미생물,1705,Shimia litoralis,,세균
미생물,1706,Shimia marina,,세균
미생물,1707,Shimia aestuarii,,세균
미생물,1708,Shimia haliotis,,세균
미생물,1709,Shimia isoporae,,세균
미생물,1710,Shimia thalassica,,세균
미생물,1711,Puniceibacterium antarcticum,,세균
미생물,1712,Carideicomes alvinocaridis,,세균
미생물,1713,Celeribacter persicus,,세균
미생물,1714,Celeribacter baekdonensis,,세균
미생물,1715,Celeribacter halophilus,,세균
미생물,1716,Celeribacter marinus,,세균
미생물,1717,Celeribacter neptunius,,세균
미생물,1718,Celeribacter ethanolicus,,세균
미생물,1719,Roseovarius scapharcae,,세균
미생물,1720,Roseovarius litorisediminis,,세균
미생물,1721,Roseovarius lutimaris,,세균
미생물,1722,Roseovarius tolerans,,세균
미생물,1723,Roseovarius litoreus,,세균
미생물,1724,Roseovarius aestuariivivens,,세균
미생물,1725,Roseovarius aestuarii,,세균
미생물,1726,Roseovarius pelagicus,,세균
미생물,1727,Roseovarius conchicola,,세균
미생물,1728,Roseovarius confluentis,,세균
미생물,1729,Roseovarius bejariae,,세균
미생물,1730,Roseovarius nanhaiticus,,세균
미생물,1731,Roseovarius aquimarinus,,세균
미생물,1732,Roseovarius mucosus,,세균
미생물,1733,Roseovarius pacificus,,세균
미생물,1734,Roseovarius nubinhibens,,세균
미생물,1735,Roseovarius albus,,세균
미생물,1736,Roseovarius indicus,,세균
미생물,1737,Roseovarius halotolerans,,세균
미생물,1738,Sulfitobacter salinus,,세균
미생물,1739,Sulfitobacter aestuariivivens,,세균
미생물,1740,Sulfitobacter mediterraneus,,세균
미생물,1741,Sulfitobacter marinus,,세균
미생물,1742,Sulfitobacter noctilucae,,세균
미생물,1743,Sulfitobacter donghicola,,세균
미생물,1744,Sulfitobacter pontiacus,,세균
미생물,1745,Sulfitobacter albidus,,세균
미생물,1746,Sulfitobacter maritimus,,세균
미생물,1747,Sulfitobacter indolifex,,세균
미생물,1748,Sulfitobacter delicatus,,세균
미생물,1749,Sulfitobacter guttiformis,,세균
미생물,1750,Sulfitobacter aestuarii,,세균
미생물,1751,Sulfitobacter undariae,,세균
미생물,1752,Sulfitobacter porphyrae,,세균
미생물,1753,Sulfitobacter faviae,,세균
미생물,1754,Sulfitobacter litoralis,,세균
미생물,1755,Sulfitobacter brevis,,세균
미생물,1756,Sulfitobacter dubius,,세균
미생물,1757,Octadecabacter arcticus,,세균
미생물,1758,Octadecabacter antarcticus,,세균
미생물,1759,Palleronia marisminoris,,세균
미생물,1760,Palleronia abyssalis,,세균
미생물,1761,Oceanicaulis stylophorae,,세균
미생물,1762,Oceanicaulis alexandrii,,세균
미생물,1763,Marinicauda algicola,,세균
미생물,1764,Maricaulis maris,,세균
미생물,1765,Maricaulis virginensis,,세균
미생물,1766,Brevundimonas diminuta,,세균
미생물,1767,Brevundimonas lenta,,세균
미생물,1768,Brevundimonas bullata,,세균
미생물,1769,Brevundimonas aurantiaca,,세균
미생물,1770,Brevundimonas basaltis,,세균
미생물,1771,Brevundimonas mediterranea,,세균
미생물,1772,Brevundimonas vancanneytii,,세균
미생물,1773,Brevundimonas vesicularis,,세균
미생물,1774,Brevundimonas terrae,,세균
미생물,1775,Brevundimonas nasdae,,세균
미생물,1776,Phenylobacterium falsum,,세균
미생물,1777,Phenylobacterium koreense,,세균
미생물,1778,Caulobacter henricii,,세균
미생물,1779,Hellea balneolensis,,세균
미생물,1780,Thalassorhabdomicrobium marinisediminis,,세균
미생물,1781,Henriciella marina,,세균
미생물,1782,Henriciella litoralis,,세균
미생물,1783,Litorimonas haliclonae,,세균
미생물,1784,Litorimonas taeanensis,,세균
미생물,1785,Ponticaulis koreensis,,세균
미생물,1786,Hyphomonas atlantica,,세균
미생물,1787,Hyphomonas jannaschiana,,세균
미생물,1788,Hyphomonas oceanitis,,세균
미생물,1789,Hyphomonas johnsonii,,세균
미생물,1790,Hyphomonas adhaerens,,세균
미생물,1791,Parazoarcus communis,,세균
미생물,1792,Aromatoleum buckelii,,세균
미생물,1793,Azoarcus olearius,,세균
미생물,1794,Zoogloea ramigera,,세균
미생물,1795,Chromobacterium violaceum,,세균
미생물,1796,Prolinoborus fasciculus,,세균
미생물,1797,Castellaniella ginsengisoli,,세균
미생물,1798,Castellaniella denitrificans,,세균
미생물,1799,Advenella kashmirensis subsp. methylica,,세균
미생물,1800,Alcaligenes faecalis,,세균
미생물,1801,Bordetella petrii,,세균
미생물,1802,Achromobacter piechaudii,,세균
미생물,1803,Achromobacter anxifer,,세균
미생물,1804,Achromobacter denitrificans,,세균
미생물,1805,Achromobacter deleyi,,세균
미생물,1806,Achromobacter spanius,,세균
미생물,1807,Achromobacter xylosoxidans,,세균
미생물,1808,Achromobacter insolitus,,세균
미생물,1809,Achromobacter dolens,,세균
미생물,1810,Achromobacter marplatensis,,세균
미생물,1811,Methylibium petroleiphilum,,세균
미생물,1812,Paraburkholderia fungorum,,세균
미생물,1813,Burkholderia cepacia,,세균
미생물,1814,Cupriavidus metallidurans,,세균
미생물,1815,Limnobacter thiooxidans,,세균
미생물,1816,Massilia aurea,,세균
미생물,1817,Massilia timonae,,세균
미생물,1818,Massilia namucuonensis,,세균
미생물,1819,Janthinobacterium lividum,,세균
미생물,1820,Janthinobacterium svalbardensis,,세균
미생물,1821,Comamonas thiooxydans,,세균
미생물,1822,Comamonas aquatica,,세균
미생물,1823,Comamonas testosteroni,,세균
미생물,1824,Pelomonas saccharophila,,세균
미생물,1825,Delftia lacustris,,세균
미생물,1826,Variovorax dokdonensis,,세균
미생물,1827,Acidovorax citrulli,,세균
미생물,1828,Aquabacterium commune,,세균
미생물,1829,Aquabacterium citratiphilum,,세균
미생물,1830,Hydrogenophaga bisanensis,,세균
미생물,1831,Hydrogenophaga carboriunda,,세균
미생물,1832,Hydrogenophaga palleronii,,세균
미생물,1833,Hydrogenophaga taeniospiralis,,세균
미생물,1834,Hydrogenophaga crassostreae,,세균
미생물,1835,Gracilimonas tropica,,세균
미생물,1836,Lentisphaera araneosa,,세균
미생물,1837,Portibacter lacus,,세균
미생물,1838,Lewinella aurantiaca,,세균
미생물,1839,Lewinella lacunae,,세균
미생물,1840,Lewinella maritima,,세균
미생물,1841,Lewinella marina,,세균
미생물,1842,Lewinella agarilytica,,세균
미생물,1843,Lewinella persica,,세균
미생물,1844,Sphingobacterium kitahiroshimense,,세균
미생물,1845,Sphingobacterium anhuiense,,세균
미생물,1846,Sphingobacterium cellulitidis,,세균
미생물,1847,Sphingobacterium multivorum,,세균
미생물,1848,Mucilaginibacter inviolabilis,,세균
미생물,1849,Pedobacter endophyticus,,세균
미생물,1850,Pedobacter antarcticus,,세균
미생물,1851,Pedobacter sandarakinus,,세균
미생물,1852,Pedobacter terrae,,세균
미생물,1853,Pedobacter lentus,,세균
미생물,1854,Pontibacter locisalis,,세균
미생물,1855,Arcticibacterium luteifluviistationis,,세균
미생물,1856,Marivirga tractuosa,,세균
미생물,1857,Marivirga sericea,,세균
미생물,1858,Ekhidna lutea,,세균
미생물,1859,Reichenbachiella faecimaris,,세균
미생물,1860,Reichenbachiella agariperforans,,세균
미생물,1861,Marinoscillum pacificum,,세균
미생물,1862,Marinoscillum luteum,,세균
미생물,1863,Roseivirga echinicomitans,,세균
미생물,1864,Roseivirga halotolerans,,세균
미생물,1865,Roseivirga pacifica,,세균
미생물,1866,Roseivirga ehrenbergii,,세균
미생물,1867,Roseivirga spongicola,,세균
미생물,1868,Fulvivirga ligni,,세균
미생물,1869,Fulvivirga maritima,,세균
미생물,1870,Fulvivirga ulvae,,세균
미생물,1871,Fulvivirga lutea,,세균
미생물,1872,Fulvivirga kasyanovii,,세균
미생물,1873,Persicobacter diffluens,,세균
미생물,1874,Chondrinema litorale,,세균
미생물,1875,Flammeovirga aprica,,세균
미생물,1876,Flammeovirga kamogawensis,,세균
미생물,1877,Flammeovirga arenaria,,세균
미생물,1878,Flexithrix dorotheae,,세균
미생물,1879,Porifericola rhodea,,세균
미생물,1880,Arthrospiribacter ruber,,세균
미생물,1881,Echinicola pacifica,,세균
미생물,1882,Echinicola strongylocentroti,,세균
미생물,1883,Echinicola shivajiensis,,세균
미생물,1884,Echinicola sediminis,,세균
미생물,1885,Echinicola vietnamensis,,세균
미생물,1886,Cyclobacterium qasimii,,세균
미생물,1887,Cyclobacterium amurskyense,,세균
미생물,1888,Cyclobacterium marinum,,세균
미생물,1889,Indibacter alkaliphilus,,세균
미생물,1890,Mongoliibacter ruber,,세균
미생물,1891,Algoriphagus formosus,,세균
미생물,1892,Algoriphagus aquimaris,,세균
미생물,1893,Algoriphagus aestuariicola,,세균
미생물,1894,Algoriphagus chungangensis,,세균
미생물,1895,Algoriphagus aestuarii,,세균
미생물,1896,Algoriphagus boritolerans,,세균
미생물,1897,Algoriphagus machipongonensis,,세균
미생물,1898,Algoriphagus marincola,,세균
미생물,1899,Algoriphagus mannitolivorans,,세균
미생물,1900,Algoriphagus jejuensis,,세균
미생물,1901,Algoriphagus yeomjeoni,,세균
미생물,1902,Algoriphagus boseongensis,,세균
미생물,1903,Algoriphagus aquatilis,,세균
미생물,1904,Algoriphagus iocasae,,세균
미생물,1905,Algoriphagus antarcticus,,세균
미생물,1906,Algoriphagus halophilus,,세균
미생물,1907,Algoriphagus locisalis,,세균
미생물,1908,Algoriphagus ornithinivorans,,세균
미생물,1909,Algoriphagus vanfongensis,,세균
미생물,1910,Algoriphagus winogradskyi,,세균
미생물,1911,Algoriphagus taeanensis,,세균
미생물,1912,Algoriphagus lutimaris,,세균
미생물,1913,Algoriphagus ratkowskyi,,세균
미생물,1914,Algoriphagus zhangzhouensis,,세균
미생물,1915,Algoriphagus terrigena,,세균
미생물,1916,Belliella aquatica,,세균
미생물,1917,Aquiflexum lacus,,세균
미생물,1918,Aquiflexum balticum,,세균
미생물,1919,Lacihabitans soyangensis,,세균
미생물,1920,Elizabethkingia meningoseptica,,세균
미생물,1921,Chryseobacterium indoltheticum,,세균
미생물,1922,Chryseobacterium aquaticum subsp. aquaticum,,세균
미생물,1923,Chryseobacterium echinoideorum,,세균
미생물,1924,Chryseobacterium montanum,,세균
미생물,1925,Chryseobacterium taichungense,,세균
미생물,1926,Chryseobacterium marinum,,세균
미생물,1927,Chryseobacterium rhizosphaerae,,세균
미생물,1928,Chryseobacterium camelliae,,세균
미생물,1929,Chryseobacterium buanense,,세균
미생물,1930,Chryseobacterium nepalense,,세균
미생물,1931,Chryseobacterium taeanense,,세균
미생물,1932,Chryseobacterium anthropi,,세균
미생물,1933,Chryseobacterium jeonii,,세균
미생물,1934,Cloacibacterium normanense,,세균
미생물,1935,Spongiimonas flava,,세균
미생물,1936,Brumimicrobium mesophilum,,세균
미생물,1937,Wandonia haliotis,,세균
미생물,1938,Paratamlana mikhailovii,,세균
미생물,1939,Alterotamlana spongicola,,세균
미생물,1940,Aureibaculum koreense,,세균
미생물,1941,Aureibaculum conchae,,세균
미생물,1942,Ascidiimonas aurantiaca,,세균
미생물,1943,Muriicola jejuensis,,세균
미생물,1944,Pontimicrobium aquaticum,,세균
미생물,1945,Paucihalobacter ruber,,세균
미생물,1946,Tamlana carrageenivorans,,세균
미생물,1947,Tamlana crocina,,세균
미생물,1948,Tamlana agarivorans,,세균
미생물,1949,Hanstruepera ponticola,,세균
미생물,1950,Gelidibacter algens,,세균
미생물,1951,Salegentibacter agarivorans,,세균
미생물,1952,Salegentibacter salinarum,,세균
미생물,1953,Salegentibacter salarius,,세균
미생물,1954,Salegentibacter echinorum,,세균
미생물,1955,Salegentibacter salegens,,세균
미생물,1956,Salegentibacter holothuriorum,,세균
미생물,1957,Salegentibacter mishustinae,,세균
미생물,1958,Wenyingzhuangia fucanilytica,,세균
미생물,1959,Wenyingzhuangia heitensis,,세균
미생물,1960,Tenacibaculum pelagium,,세균
미생물,1961,Tenacibaculum caenipelagi,,세균
미생물,1962,Tenacibaculum singaporense,,세균
미생물,1963,Tenacibaculum gallaicum,,세균
미생물,1964,Tenacibaculum soleae,,세균
미생물,1965,Tenacibaculum ovolyticum,,세균
미생물,1966,Tenacibaculum mesophilum,,세균
미생물,1967,Tenacibaculum aestuariivivum,,세균
미생물,1968,Tenacibaculum aestuarii,,세균
미생물,1969,Tenacibaculum crassostreae,,세균
미생물,1970,Tenacibaculum insulae,,세균
미생물,1971,Tenacibaculum adriaticum,,세균
미생물,1972,Tenacibaculum maritimum,,세균
미생물,1973,Tenacibaculum litopenaei,,세균
미생물,1974,Tenacibaculum haliotis,,세균
미생물,1975,Tenacibaculum aiptasiae,,세균
미생물,1976,Tenacibaculum discolor,,세균
미생물,1977,Tenacibaculum geojense,,세균
미생물,1978,Tenacibaculum jejuense,,세균
미생물,1979,Tenacibaculum skagerrakense,,세균
미생물,1980,Tenacibaculum ascidiaceicola,,세균
미생물,1981,Tenacibaculum todarodis,,세균
미생물,1982,Tenacibaculum lutimaris,,세균
미생물,1983,Tenacibaculum litoreum,,세균
미생물,1984,Algibacter luteus,,세균
미생물,1985,Algibacter onchidii,,세균
미생물,1986,Algibacter amylolyticus,,세균
미생물,1987,Algibacter undariae,,세균
미생물,1988,Algibacter agarivorans,,세균
미생물,1989,Algibacter pectinivorans,,세균
미생물,1990,Algibacter lectus,,세균
미생물,1991,Formosa sediminum,,세균
미생물,1992,Formosa undariae,,세균
미생물,1993,Formosa algae,,세균
미생물,1994,Flagellimonas olearia,,세균
미생물,1995,Flagellimonas flava,,세균
미생물,1996,Flagellimonas myxillae,,세균
미생물,1997,Flagellimonas pacifica,,세균
미생물,1998,Flagellimonas meridianipacifica,,세균
미생물,1999,Flagellimonas beolgyonensis,,세균
미생물,2000,Flagellimonas flavescens,,세균
미생물,2001,Flagellimonas aquimarina,,세균
미생물,2002,Flagellimonas taeanensis,,세균
미생물,2003,Flagellimonas eckloniae,,세균
미생물,2004,Flagellimonas spongiicola,,세균
미생물,2005,Flagellimonas ruestringensis,,세균
미생물,2006,Flagellimonas maritima,,세균
미생물,2007,Flagellimonas onchidii,,세균
미생물,2008,Flagellimonas marinaquae,,세균
미생물,2009,Flagellimonas lutimaris,,세균
미생물,2010,Flagellimonas algicola,,세균
미생물,2011,Flavivirga eckloniae,,세균
미생물,2012,Flavivirga abyssicola,,세균
미생물,2013,Flavivirga spongiicola,,세균
미생물,2014,Flavivirga rizhaonensis,,세균
미생물,2015,Flavivirga jejuensis,,세균
미생물,2016,Flavivirga aquimarina,,세균
미생물,2017,Flavivirga amylovorans,,세균
미생물,2018,Snuella lapsa,,세균
미생물,2019,Christiangramia aestuarii,,세균
미생물,2020,Christiangramia salexigens,,세균
미생물,2021,Christiangramia oceani,,세균
미생물,2022,Christiangramia portivictoriae,,세균
미생물,2023,Christiangramia sabulilitoris,,세균
미생물,2024,Christiangramia aestuariivivens,,세균
미생물,2025,Christiangramia flava,,세균
미생물,2026,Christiangramia marina,,세균
미생물,2027,Christiangramia sediminis,,세균
미생물,2028,Christiangramia sediminilitoris,,세균
미생물,2029,Christiangramia gaetbulicola,,세균
미생물,2030,Christiangramia echinicola,,세균
미생물,2031,Christiangramia aquimixticola,,세균
미생물,2032,Flaviramulus basaltis,,세균
미생물,2033,Aestuariivivens insulae,,세균
미생물,2034,Aequorivita todarodis,,세균
미생물,2035,Aequorivita nionensis,,세균
미생물,2036,Aequorivita sinensis,,세균
미생물,2037,Aequorivita aquimaris,,세균
미생물,2038,Aequorivita viscosa,,세균
미생물,2039,Aequorivita vladivostokensis,,세균
미생물,2040,Aequorivita lipolytica,,세균
미생물,2041,Aequorivita capsosiphonis,,세균
미생물,2042,Aquaticitalea lipolytica,,세균
미생물,2043,Aurantibacter aestuarii,,세균
미생물,2044,Patiriisocius marinus,,세균
미생물,2045,Constantimarinum furrinae,,세균
미생물,2046,Aureivirga marina,,세균
미생물,2047,Imtechella halotolerans,,세균
미생물,2048,Leeuwenhoekiella marinoflava,,세균
미생물,2049,Leeuwenhoekiella palythoae,,세균
미생물,2050,Leeuwenhoekiella aequorea,,세균
미생물,2051,Leeuwenhoekiella blandensis,,세균
미생물,2052,Oceanihabitans sediminis,,세균
미생물,2053,Aurantiacicella marina,,세균
미생물,2054,Xanthomarina spongicola,,세균
미생물,2055,Aggregatimonas sangjinii,,세균
미생물,2056,Kriegella aquimaris,,세균
미생물,2057,Gillisia marina,,세균
미생물,2058,Gillisia hiemivivida,,세균
미생물,2059,Gillisia illustrilutea,,세균
미생물,2060,Gillisia myxillae,,세균
미생물,2061,Gillisia mitskevichiae,,세균
미생물,2062,Seonamhaeicola maritimus,,세균
미생물,2063,Seonamhaeicola algicola,,세균
미생물,2064,Salinimicrobium soli,,세균
미생물,2065,Salinimicrobium xinjiangense,,세균
미생물,2066,Salinimicrobium gaetbulicola,,세균
미생물,2067,Marinirhabdus citrea,,세균
미생물,2068,Cellulophaga baltica,,세균
미생물,2069,Cellulophaga fucicola,,세균
미생물,2070,Cellulophaga algicola,,세균
미생물,2071,Cellulophaga geojensis,,세균
미생물,2072,Cellulophaga tyrosinoxydans,,세균
미생물,2073,Cellulophaga lytica,,세균
미생물,2074,Mariniflexile maritimum,,세균
미생물,2075,Mariniflexile aquimaris,,세균
미생물,2076,Mariniflexile fucanivorans,,세균
미생물,2077,Mariniflexile gromovii,,세균
미생물,2078,Joostella marina,,세균
미생물,2079,Joostella atrarenae,,세균
미생물,2080,Sediminicola luteus,,세균
미생물,2081,Maribacter aquimarinus,,세균
미생물,2082,Maribacter corallii,,세균
미생물,2083,Maribacter algae,,세균
미생물,2084,Maribacter taeanensis,,세균
미생물,2085,Maribacter spongiae,,세균
미생물,2086,Maribacter luteus,,세균
미생물,2087,Maribacter chungangensis,,세균
미생물,2088,Maribacter litopenaei,,세균
미생물,2089,Maribacter algarum,,세균
미생물,2090,Maribacter aestuarii,,세균
미생물,2091,Maribacter litoralis,,세균
미생물,2092,Maribacter caenipelagi,,세균
미생물,2093,Maribacter arcticus,,세균
미생물,2094,Maribacter aquivivus,,세균
미생물,2095,Maribacter maritimus,,세균
미생물,2096,Maribacter spongiicola,,세균
미생물,2097,Maribacter dokdonensis,,세균
미생물,2098,Maribacter forsetii,,세균
미생물,2099,Maribacter polysiphoniae,,세균
미생물,2100,Maribacter stanieri,,세균
미생물,2101,Maribacter ulvicola,,세균
미생물,2102,Maribacter orientalis,,세균
미생물,2103,Ulvibacter litoralis,,세균
미생물,2104,Ulvibacter antarcticus,,세균
미생물,2105,Lutimonas zeaxanthinifaciens,,세균
미생물,2106,Lutimonas saemankumensis,,세균
미생물,2107,Lutimonas vermicola,,세균
미생물,2108,Actibacter sediminis,,세균
미생물,2109,Polaribacter septentrionalilitoris,,세균
미생물,2110,Polaribacter vadi,,세균
미생물,2111,Polaribacter haliotis,,세균
미생물,2112,Polaribacter aquimarinus,,세균
미생물,2113,Polaribacter marinus,,세균
미생물,2114,Polaribacter pectinis,,세균
미생물,2115,Polaribacter batillariae,,세균
미생물,2116,Polaribacter cellanae,,세균
미생물,2117,Polaribacter litorisediminis,,세균
미생물,2118,Polaribacter insulae,,세균
미생물,2119,Polaribacter marinaquae,,세균
미생물,2120,Polaribacter butkevichii,,세균
미생물,2121,Polaribacter sejongensis,,세균
미생물,2122,Polaribacter glomeratus,,세균
미생물,2123,Polaribacter dokdonensis,,세균
미생물,2124,Polaribacter atrinae,,세균
미생물,2125,Polaribacter undariae,,세균
미생물,2126,Polaribacter reichenbachii,,세균
미생물,2127,Polaribacter irgensii,,세균
미생물,2128,Polaribacter filamentus,,세균
미생물,2129,Arenibacter algicola,,세균
미생물,2130,Arenibacter arenosicollis,,세균
미생물,2131,Arenibacter amylolyticus,,세균
미생물,2132,Arenibacter nanhaiticus,,세균
미생물,2133,Arenibacter echinorum,,세균
미생물,2134,Arenibacter palladensis,,세균
미생물,2135,Arenibacter latericius,,세균
미생물,2136,Arenibacter troitsensis,,세균
미생물,2137,Costertonia aggregata,,세균
미생물,2138,Robertkochia marina,,세균
미생물,2139,Euzebyella algicola,,세균
미생물,2140,Euzebyella saccharophila,,세균
미생물,2141,Zobellia uliginosa,,세균
미생물,2142,Zobellia russellii,,세균
미생물,2143,Zobellia galactanivorans,,세균
미생물,2144,Zobellia amurskyensis,,세균
미생물,2145,Kordia aestuariivivens,,세균
미생물,2146,Kordia algicida,,세균
미생물,2147,Kordia zosterae,,세균
미생물,2148,Kordia periserrulae,,세균
미생물,2149,Sufflavibacter maritimus,,세균
미생물,2150,Aquimarina acroporae,,세균
미생물,2151,Aquimarina algiphila,,세균
미생물,2152,Aquimarina spongiae,,세균
미생물,2153,Aquimarina penaris,,세균
미생물,2154,Aquimarina discodermiae,,세균
미생물,2155,Aquimarina mycalae,,세균
미생물,2156,Aquimarina callyspongiae,,세균
미생물,2157,Aquimarina versatilis,,세균
미생물,2158,Aquimarina amphilecti,,세균
미생물,2159,Aquimarina litoralis,,세균
미생물,2160,Aquimarina megaterium,,세균
미생물,2161,Aquimarina mytili,,세균
미생물,2162,Aquimarina muelleri,,세균
미생물,2163,Aquimarina spongiicola,,세균
미생물,2164,Aquimarina rubra,,세균
미생물,2165,Aquimarina salinaria,,세균
미생물,2166,Aquimarina longa,,세균
미생물,2167,Aquimarina seongsanensis,,세균
미생물,2168,Aquimarina intermedia,,세균
미생물,2169,Aquimarina macrocephali,,세균
미생물,2170,Aquimarina latercula,,세균
미생물,2171,Aquimarina brevivitae,,세균
미생물,2172,Winogradskyella vidalii,,세균
미생물,2173,Winogradskyella ludwigii,,세균
미생물,2174,Winogradskyella haliclonae,,세균
미생물,2175,Winogradskyella echinorum,,세균
미생물,2176,Winogradskyella ulvae,,세균
미생물,2177,Winogradskyella rapida,,세균
미생물,2178,Winogradskyella exilis,,세균
미생물,2179,Winogradskyella damuponensis,,세균
미생물,2180,Winogradskyella litoriviva,,세균
미생물,2181,Winogradskyella eximia,,세균
미생물,2182,Winogradskyella thalassocola,,세균
미생물,2183,Winogradskyella arenosi,,세균
미생물,2184,Winogradskyella aurantiaca,,세균
미생물,2185,Winogradskyella epiphytica,,세균
미생물,2186,Winogradskyella lutea,,세균
미생물,2187,Winogradskyella multivorans,,세균
미생물,2188,Winogradskyella flava,,세균
미생물,2189,Winogradskyella aquimaris,,세균
미생물,2190,Winogradskyella poriferorum,,세균
미생물,2191,Winogradskyella pacifica,,세균
미생물,2192,Winogradskyella sediminis,,세균
미생물,2193,Winogradskyella undariae,,세균
미생물,2194,Zeaxanthinibacter aestuarii,,세균
미생물,2195,Zeaxanthinibacter enoshimensis,,세균
미생물,2196,Gilvibacter sediminis,,세균
미생물,2197,Jejuia marina,,세균
미생물,2198,Jejuia spongiicola,,세균
미생물,2199,Jejuia pallidilutea,,세균
미생물,2200,Flavobacterium maris,,세균
미생물,2201,Flavobacterium noncentrifugens,,세균
미생물,2202,Flavobacterium pygoscelis,,세균
미생물,2203,Flavobacterium litorale,,세균
미생물,2204,Flavobacterium aquariorum,,세균
미생물,2205,Flavobacterium crassostreae,,세균
미생물,2206,Flavobacterium aquimarinum,,세균
미생물,2207,Flavobacterium oceanosedimentum,,세균
미생물,2208,Flavobacterium ahnfeltiae,,세균
미생물,2209,Flavobacterium omnivorum,,세균
미생물,2210,Flavobacterium sediminilitoris,,세균
미생물,2211,Flavobacterium frigoris,,세균
미생물,2212,Flavobacterium dongtanense,,세균
미생물,2213,Flavobacterium degerlachei,,세균
미생물,2214,Flavobacterium haoranii,,세균
미생물,2215,Flavobacterium ginsengiterrae,,세균
미생물,2216,Flavobacterium frigidarium,,세균
미생물,2217,Flavobacterium ponti,,세균
미생물,2218,Flavobacterium columnare,,세균
미생물,2219,Flavobacterium piscis,,세균
미생물,2220,Flavobacterium hercynium,,세균
미생물,2221,Flavobacterium limicola,,세균
미생물,2222,Flavobacterium algicola,,세균
미생물,2223,Flavobacterium granuli,,세균
미생물,2224,Flavobacterium johnsoniae,,세균
미생물,2225,Flavobacterium xinjiangense,,세균
미생물,2226,Flavobacterium beibuense,,세균
미생물,2227,Flavobacterium segetis,,세균
미생물,2228,Flavobacterium sediminis,,세균
미생물,2229,Flavobacterium jumunjinense,,세균
미생물,2230,Flavobacterium gelidilacus,,세균
미생물,2231,Robiginitalea sediminis,,세균
미생물,2232,Robiginitalea myxolifaciens,,세균
미생물,2233,Olleya algicola,,세균
미생물,2234,Olleya sediminilitoris,,세균
미생물,2235,Olleya marilimosa,,세균
미생물,2236,Olleya namhaensis,,세균
미생물,2237,Olleya aquimaris,,세균
미생물,2238,Postechiella marina,,세균
미생물,2239,Lutibacter oceani,,세균
미생물,2240,Lutibacter litoralis,,세균
미생물,2241,Lutibacter maritimus,,세균
미생물,2242,Meridianimaribacter flavus,,세균
미생물,2243,Spongiivirga citrea,,세균
미생물,2244,Marixanthomonas ophiurae,,세균
미생물,2245,Altibacter lentus,,세균
미생물,2246,Gaetbulibacter aquiaggeris,,세균
미생물,2247,Gaetbulibacter marinus,,세균
미생물,2248,Gaetbulibacter saemankumensis,,세균
미생물,2249,Gaetbulibacter jejuensis,,세균
미생물,2250,Nonlabens ponticola,,세균
미생물,2251,Nonlabens tegetincola,,세균
미생물,2252,Nonlabens antarcticus,,세균
미생물,2253,Nonlabens dokdonensis,,세균
미생물,2254,Nonlabens ulvanivorans,,세균
미생물,2255,Mesonia maritima,,세균
미생물,2256,Mesonia mobilis,,세균
미생물,2257,Mesonia algae,,세균
미생물,2258,Hwangdonia seohaensis,,세균
미생물,2259,Hoppeia youngheungensis,,세균
미생물,2260,Pibocella ponti,,세균
미생물,2261,Mesoflavibacter zeaxanthinifaciens subsp. sabulilitoris,,세균
미생물,2262,Mesoflavibacter zeaxanthinifaciens,,세균
미생물,2263,Dokdonia donghaensis,,세균
미생물,2264,Dokdonia aurantiaca,,세균
미생물,2265,Dokdonia genika,,세균
미생물,2266,Dokdonia flava,,세균
미생물,2267,Dokdonia lutea,,세균
미생물,2268,Dokdonia diaphoros,,세균
미생물,2269,Zunongwangia atlantica,,세균
미생물,2270,Zunongwangia profunda,,세균
미생물,2271,Croceitalea litorea,,세균
미생물,2272,Croceitalea marina,,세균
미생물,2273,Croceitalea eckloniae,,세균
미생물,2274,Croceitalea dokdonensis,,세균
미생물,2275,Hyunsoonleella jejuensis,,세균
미생물,2276,Hyunsoonleella udonensis,,세균
미생물,2277,Hyunsoonleella aestuarii,,세균
미생물,2278,Subsaxibacter broadyi,,세균
미생물,2279,Pseudofulvibacter gastropodicola,,세균
미생물,2280,Pseudofulvibacter geojedonensis,,세균
미생물,2281,Lacinutrix copepodicola,,세균
미생물,2282,Lacinutrix gracilariae,,세균
미생물,2283,Lacinutrix jangbogonensis,,세균
미생물,2284,Lacinutrix algicola,,세균
미생물,2285,Lacinutrix mariniflava,,세균
미생물,2286,Lacinutrix venerupis,,세균
미생물,2287,Corallibacter vietnamensis,,세균
미생물,2288,Sabulilitoribacter arenilitoris,,세균
미생물,2289,Sabulilitoribacter multivorans,,세균
미생물,2290,Siansivirga zeaxanthinifaciens,,세균
미생물,2291,Bizionia hallyeonensis,,세균
미생물,2292,Bizionia algoritergicola,,세균
미생물,2293,Bizionia paragorgiae,,세균
미생물,2294,Bizionia echini,,세균
미생물,2295,Bizionia saleffrena,,세균
미생물,2296,Yeosuana aromativorans,,세균
미생물,2297,Pseudozobellia thermophila,,세균
미생물,2298,Aestuariimonas insulae,,세균
미생물,2299,Psychroflexus montanilacus,,세균
미생물,2300,Psychroflexus curvus,,세균
미생물,2301,Psychroflexus sediminis,,세균
미생물,2302,Psychroflexus tropicus,,세균
미생물,2303,Psychroflexus halocasei,,세균
미생물,2304,Trichocoleus tenerrimus,,세균
미생물,2305,Trichocoleus sanctaecrucis,,세균
미생물,2306,Coelosphaerium kuetzingianum,,세균
미생물,2307,Heteroleibleinia infixa,,세균
미생물,2308,Zhouia amylolytica,,세균
미생물,2309,Psychroserpens burtonensis,,세균
미생물,2310,Psychroserpens mesophilus,,세균
미생물,2311,Aestuariibaculum marinum,,세균
미생물,2312,Aestuariibaculum suncheonense,,세균
미생물,2313,Owenweeksia hongkongensis,,세균
미생물,2314,Marinifilum fragile,,세균
미생물,2315,Carboxylicivirga mesophila,,세균
미생물,2316,Carboxylicivirga taeanensis,,세균
미생물,2317,Sunxiuqinia rutila,,세균
미생물,2318,Sunxiuqinia faeciviva,,세균
미생물,2319,Sunxiuqinia elliptica,,세균
미생물,2320,Mangrovibacterium diazotrophicum,,세균
미생물,2321,Prolixibacter bellariivorans,,세균
미생물,2322,Thermococcus indicus,,세균
미생물,2323,Haloarcula argentinensis,,세균
미생물,2324,Halomicrobium mukohataei,,세균
미생물,2325,Halalkalicoccus jeotgali,,세균
미생물,2326,Haladaptatus cibarius,,세균
미생물,2327,Halorubrum ezzemoulense,,세균
미생물,2328,Halorubrum coriense,,세균
미생물,2329,Haloplanus natans,,세균
미생물,2330,Haloplanus rallus,,세균
미생물,2331,Natronococcus jeotgali,,세균
미생물,2332,Natrinema limicola,,세균
미생물,2333,Natrinema salaciae,,세균
미생물,2334,Natrinema hispanicum,,세균
미생물,2335,Deinococcus radiopugnans,,세균
미생물,2336,Deinococcus aquaticus,,세균
미생물,2337,Oceanispirochaeta sediminicola,,세균
미생물,2338,Roseithermus sacchariphilus,,세균
미생물,2339,Rhodothermus profundi,,세균
미생물,2340,Rhodopirellula baltica,,세균
미생물,2341,Roseibacillus persicicus,,세균
미생물,2342,Coraliomargarita akajimensis,,세균
미생물,2343,Puniceicoccus vermicola,,세균
미생물,2344,Streptacidiphilus griseoplanus,,세균
미생물,2345,Streptomyces araujoniae,,세균
미생물,2346,Streptomyces longispororuber,,세균
미생물,2347,Streptomyces daghestanicus,,세균
미생물,2348,Streptomyces tunisiensis,,세균
미생물,2349,Streptomyces sundarbansensis,,세균
미생물,2350,Streptomyces pactus,,세균
미생물,2351,Streptomyces anulatus,,세균
미생물,2352,Streptomyces atrovirens,,세균
미생물,2353,Streptomyces althioticus,,세균
미생물,2354,Streptomyces filamentosus,,세균
미생물,2355,Streptomyces niveus,,세균
미생물,2356,Streptomyces hygroscopicus,,세균
미생물,2357,Streptomyces pratensis,,세균
미생물,2358,Streptomyces celluloflavus,,세균
미생물,2359,Streptomyces violascens,,세균
미생물,2360,Streptomyces bottropensis,,세균
미생물,2361,Streptomyces qinzhouensis,,세균
미생물,2362,Streptomyces neopeptinius,,세균
미생물,2363,Streptomyces levis,,세균
미생물,2364,Streptomyces asenjonii,,세균
미생물,2365,Streptomyces lusitanus,,세균
미생물,2366,Streptomyces labedae,,세균
미생물,2367,Streptomyces carnosus,,세균
미생물,2368,Streptomyces microflavus,,세균
미생물,2369,Streptomyces bacillaris,,세균
미생물,2370,Streptomyces capillispiralis,,세균
미생물,2371,Streptomyces marokkonensis,,세균
미생물,2372,Streptomyces lunaelactis,,세균
미생물,2373,Streptomyces violaceusniger,,세균
미생물,2374,Streptomyces hawaiiensis,,세균
미생물,2375,Streptomyces fungicidicus,,세균
미생물,2376,Streptomyces nashvillensis,,세균
미생물,2377,Streptomyces albiaxialis,,세균
미생물,2378,Streptomyces rhizosphaerihabitans,,세균
미생물,2379,Streptomyces albogriseolus,,세균
미생물,2380,Streptomyces tsukubensis,,세균
미생물,2381,Streptomyces coelicoflavus,,세균
미생물,2382,Streptomyces somaliensis,,세균
미생물,2383,Streptomyces atroolivaceus,,세균
미생물,2384,Streptomyces hiroshimensis,,세균
미생물,2385,Streptomyces parvulus,,세균
미생물,2386,Streptomyces violaceoruber,,세균
미생물,2387,Streptomyces kanamyceticus,,세균
미생물,2388,Streptomyces diastaticus,,세균
미생물,2389,Streptomyces cavourensis,,세균
미생물,2390,Streptomyces ambofaciens,,세균
미생물,2391,Streptomyces drozdowiczii,,세균
미생물,2392,Streptomyces parvus,,세균
미생물,2393,Streptomyces olivaceus,,세균
미생물,2394,Streptomyces globisporus,,세균
미생물,2395,Streptomyces radiopugnans,,세균
미생물,2396,Streptomyces olivochromogenes,,세균
미생물,2397,Streptomyces tanashiensis,,세균
미생물,2398,Streptomyces zaomyceticus,,세균
미생물,2399,Streptomyces rutgersensis,,세균
미생물,2400,Streptomyces malachitofuscus,,세균
미생물,2401,Streptomyces thermovulgaris,,세균
미생물,2402,Streptomyces griseus,,세균
미생물,2403,Streptomyces sindenensis,,세균
미생물,2404,Streptomyces viridochromogenes,,세균
미생물,2405,Streptomyces humidus,,세균
미생물,2406,Streptomyces murinus,,세균
미생물,2407,Streptomyces sanyensis,,세균
미생물,2408,Streptomyces luteogriseus,,세균
미생물,2409,Pseudokineococcus marinus,,세균
미생물,2410,Thalassiella azotivora,,세균
미생물,2411,Nakamurella flavida,,세균
미생물,2412,Salininema proteolyticum,,세균
미생물,2413,Haloglycomyces albus,,세균
미생물,2414,Gordonia terrae,,세균
미생물,2415,Gordonia aquimaris,,세균
미생물,2416,Gordonia didemni,,세균
미생물,2417,Gordonia sputi,,세균
미생물,2418,Gordonia otitidis,,세균
미생물,2419,Gordonia hongkongensis,,세균
미생물,2420,Gordonia bronchialis,,세균
미생물,2421,Gordonia namibiensis,,세균
미생물,2422,Gordonia polyisoprenivorans,,세균
미생물,2423,Gordonia sihwensis,,세균
미생물,2424,Gordonia rubripertincta,,세균
미생물,2425,Williamsia muralis,,세균
미생물,2426,Nocardia nova,,세균
미생물,2427,Nocardia kroppenstedtii,,세균
미생물,2428,Nocardia seriolae,,세균
미생물,2429,Rhodococcus equi,,세균
미생물,2430,Rhodococcus pedocola,,세균
미생물,2431,Rhodococcus biphenylivorans,,세균
미생물,2432,Rhodococcus tukisamuensis,,세균
미생물,2433,Rhodococcus rhodochrous,,세균
미생물,2434,Rhodococcus jostii,,세균
미생물,2435,Rhodococcus sovatensis,,세균
미생물,2436,Rhodococcus hoagii,,세균
미생물,2437,Rhodococcus ruber,,세균
미생물,2438,Rhodococcus phenolicus,,세균
미생물,2439,Rhodococcus cerastii,,세균
미생물,2440,Rhodococcus fascians,,세균
미생물,2441,Rhodococcus wratislaviensis,,세균
미생물,2442,Rhodococcus globerulus,,세균
미생물,2443,Rhodococcus aetherivorans,,세균
미생물,2444,Rhodococcus nanhaiensis,,세균
미생물,2445,Rhodococcus cercidiphylli,,세균
미생물,2446,Rhodococcus corynebacterioides,,세균
미생물,2447,Rhodococcus erythropolis,,세균
미생물,2448,Rhodococcus yunnanensis,,세균
미생물,2449,Rhodococcus triatomae,,세균
미생물,2450,Rhodococcus kroppenstedtii,,세균
미생물,2451,Rhodococcus gordoniae,,세균
미생물,2452,Tsukamurella inchonensis,,세균
미생물,2453,Tsukamurella pulmonis,,세균
미생물,2454,Tsukamurella tyrosinosolvens,,세균
미생물,2455,Corynebacterium striatum,,세균
미생물,2456,Corynebacterium xerosis,,세균
미생물,2457,Corynebacterium marinum,,세균
미생물,2458,Corynebacterium aurimucosum,,세균
미생물,2459,Corynebacterium pseudogenitalium,,세균
미생물,2460,Corynebacterium variabile,,세균
미생물,2461,Corynebacterium singulare,,세균
미생물,2462,Corynebacterium callunae,,세균
미생물,2463,Corynebacterium doosanense,,세균
미생물,2464,Mycobacterium peregrinum,,세균
미생물,2465,Mycobacterium poriferae,,세균
미생물,2466,Mycobacterium phlei,,세균
미생물,2467,Mycobacterium duvalii,,세균
미생물,2468,Mycobacterium gilvum,,세균
미생물,2469,Mycobacterium psychrotolerans,,세균
미생물,2470,Mycobacterium chlorophenolicum,,세균
미생물,2471,Mycobacterium fortuitum,,세균
미생물,2472,Mycobacterium monacense,,세균
미생물,2473,Mycobacterium porcinum,,세균
미생물,2474,Mycobacterium flavescens,,세균
미생물,2475,Mycobacterium hippocampi,,세균
미생물,2476,Mycobacterium chubuense,,세균
미생물,2477,Mycobacterium frederiksbergense,,세균
미생물,2478,Mycobacterium iranicum,,세균
미생물,2479,Dietzia kunjamensis subsp. kunjamensis,,세균
미생물,2480,Dietzia maris,,세균
미생물,2481,Dietzia aerolata,,세균
미생물,2482,Dietzia kunjamensis subsp. schimae,,세균
미생물,2483,Dietzia natronolimnaea,,세균
미생물,2484,Dietzia timorensis,,세균
미생물,2485,Luteococcus sanguinis,,세균
미생물,2486,Cutibacterium acnes subsp. defendens,,세균
미생물,2487,Aestuariimicrobium kwangyangense,,세균
미생물,2488,Tessaracoccus lapidicaptus,,세균
미생물,2489,Tessaracoccus flavescens,,세균
미생물,2490,Tessaracoccus aquimaris,,세균
미생물,2491,Nocardioides zeicaulis,,세균
미생물,2492,Nocardioides gansuensis,,세균
미생물,2493,Nocardioides aequoreus,,세균
미생물,2494,Nocardioides marmoraquaticus,,세균
미생물,2495,Nocardioides baculatus,,세균
미생물,2496,Nocardioides soli,,세균
미생물,2497,Nocardioides ginkgobilobae,,세균
미생물,2498,Nocardioides endophyticus,,세균
미생물,2499,Nocardioides kribbensis,,세균
미생물,2500,Nocardioides hwasunensis,,세균
미생물,2501,Nocardioides exalbidus,,세균
미생물,2502,Nocardioides furvisabuli,,세균
미생물,2503,Nocardioides glacieisoli,,세균
미생물,2504,Nocardioides ganghwensis,,세균
미생물,2505,Nocardioides panacihumi,,세균
미생물,2506,Nocardioides jensenii,,세균
미생물,2507,Nocardioides salarius,,세균
미생물,2508,Nocardioides hankookensis,,세균
미생물,2509,Nocardioides insulae,,세균
미생물,2510,Nocardioides alpinus,,세균
미생물,2511,Nocardioides oleivorans,,세균
미생물,2512,Aeromicrobium halocynthiae,,세균
미생물,2513,Aeromicrobium erythreum,,세균
미생물,2514,Aeromicrobium alkaliterrae,,세균
미생물,2515,Aeromicrobium ginsengisoli,,세균
미생물,2516,Aeromicrobium ponti,,세균
미생물,2517,Nocardiopsis lucentensis,,세균
미생물,2518,Nocardiopsis dassonvillei subsp. dassonvillei,,세균
미생물,2519,Modestobacter marinus,,세균
미생물,2520,Blastococcus litoris,,세균
미생물,2521,Blastococcus massiliensis,,세균
미생물,2522,Blastococcus jejuensis,,세균
미생물,2523,Amycolatopsis tucumanensis,,세균
미생물,2524,Pseudonocardia benzenivorans,,세균
미생물,2525,Saccharopolyspora rectivirgula,,세균
미생물,2526,Terrabacter lapilli,,세균
미생물,2527,Pedococcus aerophilus,,세균
미생물,2528,Pedococcus dokdonensis,,세균
미생물,2529,Janibacter hoylei,,세균
미생물,2530,Janibacter terrae,,세균
미생물,2531,Janibacter melonis,,세균
미생물,2532,Janibacter limosus,,세균
미생물,2533,Janibacter anophelis,,세균
미생물,2534,Phycicoccus jejuensis,,세균
미생물,2535,Knoellia locipacati,,세균
미생물,2536,Knoellia flava,,세균
미생물,2537,Knoellia subterranea,,세균
미생물,2538,Paeniglutamicibacter antarcticus,,세균
미생물,2539,Paeniglutamicibacter cryotolerans,,세균
미생물,2540,Micrococcus yunnanensis,,세균
미생물,2541,Micrococcus antarcticus,,세균
미생물,2542,Micrococcus aloeverae,,세균
미생물,2543,Micrococcus terreus,,세균
미생물,2544,Micrococcus luteus,,세균
미생물,2545,Micrococcus endophyticus,,세균
미생물,2546,Galactobacter valiniphilus,,세균
미생물,2547,Rothia terrae,,세균
미생물,2548,Rothia mucilaginosa,,세균
미생물,2549,Rothia amarae,,세균
미생물,2550,Rothia marina,,세균
미생물,2551,Rothia endophytica,,세균
미생물,2552,Citricoccus parietis,,세균
미생물,2553,Citricoccus nitrophenolicus,,세균
미생물,2554,Citricoccus alkalitolerans,,세균
미생물,2555,Citricoccus zhacaiensis,,세균
미생물,2556,Arthrobacter globiformis,,세균
미생물,2557,Arthrobacter paludis,,세균
미생물,2558,Arthrobacter gandavensis,,세균
미생물,2559,Arthrobacter ginsengisoli,,세균
미생물,2560,Arthrobacter parietis,,세균
미생물,2561,Arthrobacter psychrolactophilus,,세균
미생물,2562,Arthrobacter citreus,,세균
미생물,2563,Arthrobacter koreensis,,세균
미생물,2564,Arthrobacter luteolus,,세균
미생물,2565,Arthrobacter psychrochitiniphilus,,세균
미생물,2566,Arthrobacter stackebrandtii,,세균
미생물,2567,Arthrobacter subterraneus,,세균
미생물,2568,Arthrobacter methylotrophus,,세균
미생물,2569,Arthrobacter tumbae,,세균
미생물,2570,Arthrobacter ruber,,세균
미생물,2571,Arthrobacter pascens,,세균
미생물,2572,Arthrobacter oryzae,,세균
미생물,2573,Arthrobacter agilis,,세균
미생물,2574,Arthrobacter humicola,,세균
미생물,2575,Arthrobacter ramosus,,세균
미생물,2576,Arthrobacter rhombi,,세균
미생물,2577,Arthrobacter crystallopoietes,,세균
미생물,2578,Tersicoccus solisilvae,,세균
미생물,2579,Paenarthrobacter nicotinovorans,,세균
미생물,2580,Sinomonas soli,,세균
미생물,2581,Glutamicibacter uratoxydans,,세균
미생물,2582,Glutamicibacter halophytocola,,세균
미생물,2583,Glutamicibacter bergerei,,세균
미생물,2584,Glutamicibacter soli,,세균
미생물,2585,Glutamicibacter arilaitensis,,세균
미생물,2586,Glutamicibacter ardleyensis,,세균
미생물,2587,Glutamicibacter nicotianae,,세균
미생물,2588,Glutamicibacter protophormiae,,세균
미생물,2589,Nesterenkonia lacusekhoensis,,세균
미생물,2590,Nesterenkonia rhizosphaerae,,세균
미생물,2591,Nesterenkonia jeotgali,,세균
미생물,2592,Nesterenkonia flava,,세균
미생물,2593,Nesterenkonia massiliensis,,세균
미생물,2594,Nesterenkonia lutea,,세균
미생물,2595,Nesterenkonia sandarakina,,세균
미생물,2596,Neomicrococcus aestuarii,,세균
미생물,2597,Haematomicrobium sanguinis,,세균
미생물,2598,Renibacterium salmoninarum,,세균
미생물,2599,Kocuria carniphila,,세균
미생물,2600,Kocuria polaris,,세균
미생물,2601,Kocuria indica,,세균
미생물,2602,Kocuria sediminis,,세균
미생물,2603,Kocuria rosea,,세균
미생물,2604,Kocuria rhizophila,,세균
미생물,2605,Kocuria palustris,,세균
미생물,2606,Kocuria oceani,,세균
미생물,2607,Kocuria turfanensis,,세균
미생물,2608,Kocuria assamensis,,세균
미생물,2609,Kocuria marina,,세균
미생물,2610,Kocuria flava,,세균
미생물,2611,Pseudarthrobacter siccitolerans,,세균
미생물,2612,Pseudarthrobacter phenanthrenivorans,,세균
미생물,2613,Pseudarthrobacter psychrotolerans,,세균
미생물,2614,Pseudarthrobacter oxydans,,세균
미생물,2615,Pseudarthrobacter scleromae,,세균
미생물,2616,Pseudarthrobacter chlorophenolicus,,세균
미생물,2617,Pseudarthrobacter polychromogenes,,세균
미생물,2618,Pseudarthrobacter defluvii,,세균
미생물,2619,Pseudarthrobacter sulfonivorans,,세균
미생물,2620,Pseudarthrobacter equi,,세균
미생물,2621,Calidifontibacter indicus,,세균
미생물,2622,Dermacoccus barathri,,세균
미생물,2623,Dermacoccus nishinomiyaensis,,세균
미생물,2624,Dermacoccus abyssi,,세균
미생물,2625,Dermacoccus profundi,,세균
미생물,2626,Arsenicicoccus bolidensis,,세균
미생물,2627,Kytococcus sedentarius,,세균
미생물,2628,Myceligenerans xiligouense,,세균
미생물,2629,Xylanimonas pachnodae,,세균
미생물,2630,Isoptericola dokdonensis,,세균
미생물,2631,Isoptericola jiangsuensis,,세균
미생물,2632,Isoptericola nanjingensis,,세균
미생물,2633,Isoptericola halotolerans,,세균
미생물,2634,Isoptericola chiayiensis,,세균
미생물,2635,Oerskovia turbata,,세균
미생물,2636,Oerskovia enterophila,,세균
미생물,2637,Cellulosimicrobium terreum,,세균
미생물,2638,Cellulosimicrobium funkei,,세균
미생물,2639,Paraoerskovia sediminicola,,세균
미생물,2640,Paraoerskovia marina,,세균
미생물,2641,Georgenia satyanarayanai,,세균
미생물,2642,Georgenia muralis,,세균
미생물,2643,Serinicoccus sediminis,,세균
미생물,2644,Serinicoccus profundi,,세균
미생물,2645,Serinicoccus chungangensis,,세균
미생물,2646,Serinicoccus marinus,,세균
미생물,2647,Ornithinimicrobium cerasi,,세균
미생물,2648,Ornithinimicrobium kibberense,,세균
미생물,2649,Demequina flava,,세균
미생물,2650,Demequina iriomotensis,,세균
미생물,2651,Demequina sediminis,,세균
미생물,2652,Demequina litorisediminis,,세균
미생물,2653,Demequina sediminicola,,세균
미생물,2654,Demequina mangrovi,,세균
미생물,2655,Demequina lutea,,세균
미생물,2656,Demequina aestuarii,,세균
미생물,2657,Demequina salsinemoris,,세균
미생물,2658,Demequina globuliformis,,세균
미생물,2659,Cellulomonas algicola,,세균
미생물,2660,Cellulomonas iranensis,,세균
미생물,2661,Cellulomonas hominis,,세균
미생물,2662,Cellulomonas carbonis,,세균
미생물,2663,Cellulomonas pakistanensis,,세균
미생물,2664,Cellulomonas composti,,세균
미생물,2665,Cellulomonas denverensis,,세균
미생물,2666,Actinotalea fermentans,,세균
미생물,2667,Timonella senegalensis,,세균
미생물,2668,Jonesia quinghaiensis,,세균
미생물,2669,Sanguibacter keddieii,,세균
미생물,2670,Sanguibacter inulinus,,세균
미생물,2671,Brevibacterium anseongense,,세균
미생물,2672,Brevibacterium sediminis,,세균
미생물,2673,Brevibacterium antiquum,,세균
미생물,2674,Brevibacterium permense,,세균
미생물,2675,Brevibacterium siliguriense,,세균
미생물,2676,Brevibacterium epidermidis,,세균
미생물,2677,Brevibacterium avium,,세균
미생물,2678,Brevibacterium iodinum,,세균
미생물,2679,Brevibacterium marinum,,세균
미생물,2680,Brevibacterium sanguinis,,세균
미생물,2681,Brevibacterium celere,,세균
미생물,2682,Brevibacterium picturae,,세균
미생물,2683,Brevibacterium casei,,세균
미생물,2684,Brevibacterium samyangense,,세균
미생물,2685,Brevibacterium aurantiacum,,세균
미생물,2686,Brevibacterium linens,,세균
미생물,2687,Dermabacter hominis,,세균
미생물,2688,Brachybacterium atlanticum,,세균
미생물,2689,Brachybacterium alimentarium,,세균
미생물,2690,Brachybacterium conglomeratum,,세균
미생물,2691,Brachybacterium squillarum,,세균
미생물,2692,Brachybacterium paraconglomeratum,,세균
미생물,2693,Brachybacterium muris,,세균
미생물,2694,Brachybacterium tyrofermentans,,세균
미생물,2695,Brachybacterium sacelli,,세균
미생물,2696,Leucobacter aridicollis,,세균
미생물,2697,Leucobacter komagatae,,세균
미생물,2698,Leucobacter iarius,,세균
미생물,2699,Leucobacter triazinivorans,,세균
미생물,2700,Leucobacter chromiireducens,,세균
미생물,2701,Leucobacter chromiiresistens,,세균
미생물,2702,Leucobacter margaritiformis,,세균
미생물,2703,Galbitalea soli,,세균
미생물,2704,Pseudoclavibacter helvolus,,세균
미생물,2705,Yonghaparkia alkaliphila,,세균
미생물,2706,Microterricola pindariensis,,세균
미생물,2707,Microterricola gilva,,세균
미생물,2708,Frondihabitans peucedani,,세균
미생물,2709,Frondihabitans australicus,,세균
미생물,2710,Microbacterium galbinum,,세균
미생물,2711,Microbacterium aurugineum,,세균
미생물,2712,Microbacterium koreense,,세균
미생물,2713,Microbacterium aurum,,세균
미생물,2714,Microbacterium diaminobutyricum,,세균
미생물,2715,Microbacterium terrae,,세균
미생물,2716,Microbacterium flavum,,세균
미생물,2717,Microbacterium dextranolyticum,,세균
미생물,2718,Microbacterium binotii,,세균
미생물,2719,Microbacterium sediminis,,세균
미생물,2720,Microbacterium thalassium,,세균
미생물,2721,Microbacterium maritypicum,,세균
미생물,2722,Microbacterium halimionae,,세균
미생물,2723,Microbacterium terricola,,세균
미생물,2724,Microbacterium schleiferi,,세균
미생물,2725,Microbacterium aquimaris,,세균
미생물,2726,Microbacterium arborescens,,세균
미생물,2727,Microbacterium resistens,,세균
미생물,2728,Microbacterium keratanolyticum,,세균
미생물,2729,Microbacterium oxydans,,세균
미생물,2730,Microbacterium aurantiacum,,세균
미생물,2731,Microbacterium hatanonis,,세균
미생물,2732,Microbacterium kitamiense,,세균
미생물,2733,Microbacterium phyllosphaerae,,세균
미생물,2734,Microbacterium enclense,,세균
미생물,2735,Microbacterium hominis,,세균
미생물,2736,Microbacterium insulae,,세균
미생물,2737,Microbacterium laevaniformans,,세균
미생물,2738,Microbacterium saccharophilum,,세균
미생물,2739,Microbacterium invictum,,세균
미생물,2740,Microbacterium ginsengisoli,,세균
미생물,2741,Microbacterium testaceum,,세균
미생물,2742,Microbacterium luteolum,,세균
미생물,2743,Microbacterium pumilum,,세균
미생물,2744,Microbacterium paraoxydans,,세균
미생물,2745,Microbacterium barkeri,,세균
미생물,2746,Microbacterium foliorum,,세균
미생물,2747,Microbacterium esteraromaticum,,세균
미생물,2748,Microbacterium lacticum,,세균
미생물,2749,Microbacterium hydrocarbonoxydans,,세균
미생물,2750,Microbacterium fluvii,,세균
미생물,2751,Microbacterium aerolatum,,세균
미생물,2752,Microbacterium jejuense,,세균
미생물,2753,Microbacterium arabinogalactanolyticum,,세균
미생물,2754,Microbacterium oleivorans,,세균
미생물,2755,Salinibacterium amurskyense,,세균
미생물,2756,Microcella alkalica,,세균
미생물,2757,Microcella putealis,,세균
미생물,2758,Cryobacterium psychrotolerans,,세균
미생물,2759,Cryobacterium psychrophilum,,세균
미생물,2760,Cryobacterium arcticum,,세균
미생물,2761,Algoriphagus chordae,,세균
미생물,2762,Rathayibacter festucae,,세균
미생물,2763,Rhodoglobus aureus,,세균
미생물,2764,Agrococcus baldri,,세균
미생물,2765,Agrococcus jejuensis,,세균
미생물,2766,Agrococcus jenensis,,세균
미생물,2767,Agrococcus lahaulensis,,세균
미생물,2768,Agrococcus terreus,,세균
미생물,2769,Agrococcus carbonis,,세균
미생물,2770,Frigoribacterium endophyticum,,세균
미생물,2771,Frigoribacterium faeni,,세균
미생물,2772,Leifsonia rubra,,세균
미생물,2773,Labedella gwakjiensis,,세균
미생물,2774,Mycetocola manganoxydans,,세균
미생물,2775,Plantibacter flavus,,세균
미생물,2776,Curtobacterium flaccumfaciens,,세균
미생물,2777,Curtobacterium herbarum,,세균
미생물,2778,Curtobacterium pusillum,,세균
미생물,2779,Curtobacterium albidum,,세균
미생물,2780,Curtobacterium citreum,,세균
미생물,2781,Agromyces humi,,세균
미생물,2782,Agromyces aureus,,세균
미생물,2783,Agromyces salentinus,,세균
미생물,2784,Agromyces humatus,,세균
미생물,2785,Agromyces iriomotensis,,세균
미생물,2786,Agromyces flavus,,세균
미생물,2787,Agromyces allii,,세균
미생물,2788,Agromyces luteolus,,세균
미생물,2789,Agromyces binzhouensis,,세균
미생물,2790,Agromyces tropicus,,세균
미생물,2791,Agromyces italicus,,세균
미생물,2792,Agromyces terreus,,세균
미생물,2793,Agromyces aurantiacus,,세균
미생물,2794,Agromyces bracchium,,세균
미생물,2795,Agromyces ulmi,,세균
미생물,2796,Micromonospora fluminis,,세균
미생물,2797,Micromonospora sediminicola,,세균
미생물,2798,Schizothrix lacustris,,세균
미생물,2799,Phormidium nigroviride,,세균
미생물,2800,Phormidium subfuscum,,세균
미생물,2801,Phormidium uncinatum,,세균
미생물,2802,Phormidium lucidum,,세균
미생물,2803,Phormidium corallinae,,세균
미생물,2804,Phormidium chalybeum,,세균
미생물,2805,Phormidium baculum,,세균
미생물,2806,Potamolinea aerugineocaerulea,,세균
미생물,2807,Oscillatoria bonnemaisonii,,세균
미생물,2808,Oscillatoria sancta,,세균
미생물,2809,Oscillatoria nigra,,세균
미생물,2810,Oscillatoria angustissima,,세균
미생물,2811,Oscillatoria subbrevis,,세균
미생물,2812,Oscillatoria princeps,,세균
미생물,2813,Oscillatoria geminata,,세균
미생물,2814,Oscillatoria margaritifera,,세균
미생물,2815,Blennothrix cantharidosma,,세균
미생물,2816,Blennothrix glutinosa,,세균
미생물,2817,Blennothrix lyngbyacea,,세균
미생물,2818,Lyngbya pellucida,,세균
미생물,2819,Lyngbya sordida,,세균
미생물,2820,Lyngbya semiplena,,세균
미생물,2821,Lyngbya aestuarii,,세균
미생물,2822,Lyngbya confervoides,,세균
미생물,2823,Lyngbya majuscula,,세균
미생물,2824,Lyngbya martensiana,,세균
미생물,2825,Anagnostidinema amphibium,,세균
미생물,2826,Coleofasciculus chthonoplastes,,세균
미생물,2827,Geitlerinema splendidum,,세균
미생물,2828,Geitlerinema uncinatum,,세균
미생물,2829,Komvophoron constrictum,,세균
미생물,2830,Limnospira maxima,,세균
미생물,2831,Sirocoleum kurzii,,세균
미생물,2832,Symploca hydnoides,,세균
미생물,2833,Trichodesmium clevei,,세균
미생물,2834,Trichodesmium lacustre,,세균
미생물,2835,Trichodesmium contortum,,세균
미생물,2836,Trichodesmium erythraeum,,세균
미생물,2837,Trichodesmium thiebautii,,세균
미생물,2838,Porphyrosiphon luteus,,세균
미생물,2839,Chroococcus turgidus,,세균
미생물,2840,Chroococcus pallidus,,세균
미생물,2841,Chroococcus endophyticus,,세균
미생물,2842,Chroococcus dispersus,,세균
미생물,2843,Chroococcus varius,,세균
미생물,2844,Dactylococcopsis rhaphidioides,,세균
미생물,2845,Dactylococcopsis rupestris,,세균
미생물,2846,Microcystis aeruginosa,,세균
미생물,2847,Microcystis smithii,,세균
미생물,2848,Microcystis flosaquae,,세균
미생물,2849,Gloeothece tepidariorum,,세균
미생물,2850,Aphanothece gelatinosa,,세균
미생물,2851,Entophysalis granulosa,,세균
미생물,2852,Entophysalis deusta,,세균
미생물,2853,Brachytrichia quoyi,,세균
미생물,2854,Scytonema polycystum,,세균
미생물,2855,Scytonematopsis pilosa,,세균
미생물,2856,Scytonematopsis crustacea,,세균
미생물,2857,Chrysosporum ovalisporum,,세균
미생물,2858,Dolichospermum circinale,,세균
미생물,2859,Tolypothrix penicillata,,세균
미생물,2860,Trichormus virgatus,,세균
미생물,2861,Trichormus azollae,,세균
미생물,2862,Anabaena torulosa,,세균
미생물,2863,Richelia intracellularis,,세균
미생물,2864,Microchaete diplosiphon,,세균
미생물,2865,Calothrix scopulorum,,세균
미생물,2866,Calothrix parasitica,,세균
미생물,2867,Calothrix codicola,,세균
미생물,2868,Calothrix confervicola,,세균
미생물,2869,Rivularia atra,,세균
미생물,2870,Kyrtuthrix maculans,,세균
미생물,2871,Nostoc commune,,세균
미생물,2872,Spirulina platensis,,세균
미생물,2873,Spirulina labyrinthiformis,,세균
미생물,2874,Spirulina subsalsa,,세균
미생물,2875,Spirulina nordstedtii,,세균
미생물,2876,Spirulina major,,세균
미생물,2877,Xenococcus acervatus,,세균
미생물,2878,Pseudanabaena limnetica,,세균
미생물,2879,Aphanocapsa rivularis,,세균
미생물,2880,Aphanocapsa holsatica,,세균
미생물,2881,Aphanocapsa zanardinii,,세균
미생물,2882,Aphanocapsa grevillei,,세균
미생물,2883,Synechocystis pevalekii,,세균
미생물,2884,Synechocystis aquatilis,,세균
미생물,2885,Merismopedia elegans,,세균
미생물,2886,Merismopedia convoluta,,세균
미생물,2887,Merismopedia tenuissima,,세균
미생물,2888,Merismopedia punctata,,세균
미생물,2889,Merismopedia glauca,,세균
미생물,2890,Synechococcus nidulans,,세균
미생물,2891,Synechococcus elongatus,,세균
미생물,2892,Leptolyngbya valderiana,,세균
미생물,2893,Leptolyngbya calotrichoides,,세균
미생물,2894,Leptolyngbya terebrans,,세균
미생물,2895,Leptolyngbya norvegica,,세균
미생물,2896,Leptolyngbya tenuis,,세균
미생물,2897,Planktolyngbya contorta,,세균
미생물,2898,Leibleinia willei,,세균
미생물,2899,Leibleinia baculum,,세균
미생물,2900,Morganella morganii subsp. morganii,,세균
미생물,2901,Moellerella wisconsensis,,세균
미생물,2902,Pectobacterium carotovorum,,세균
미생물,2903,Pectobacterium aroidearum,,세균
미생물,2904,Rouxiella badensis,,세균
미생물,2905,Yersinia pestis,,세균
미생물,2906,Ewingella americana,,세균
미생물,2907,Serratia liquefaciens,,세균
미생물,2908,Serratia grimesii,,세균
미생물,2909,Serratia marcescens,,세균
미생물,2910,Serratia plymuthica,,세균
미생물,2911,Serratia nematodiphila,,세균
미생물,2912,Serratia quinivorans,,세균
미생물,2913,Serratia myotis,,세균
미생물,2914,Rahnella aquatilis,,세균
미생물,2915,Rahnella victoriana,,세균
미생물,2916,Rahnella aceris,,세균
미생물,2917,Rahnella ecdela,,세균
미생물,2918,Rohrkolberia cinguli,,세균
미생물,2919,Escherichia coli,,세균
미생물,2920,Escherichia fergusonii,,세균
미생물,2921,Raoultella planticola,,세균
미생물,2922,Kluyvera cryocrescens,,세균
미생물,2923,Kluyvera ascorbata,,세균
미생물,2924,Kluyvera intermedia,,세균
미생물,2925,Providencia alcalifaciens,,세균
미생물,2926,Providencia rettgeri,,세균
미생물,2927,Shigella flexneri,,세균
미생물,2928,Citrobacter werkmanii,,세균
미생물,2929,Citrobacter youngae,,세균
미생물,2930,Citrobacter murliniae,,세균
미생물,2931,Citrobacter bitternis,,세균
미생물,2932,Citrobacter freundii,,세균
미생물,2933,Citrobacter portucalensis,,세균
미생물,2934,Lelliottia amnigena,,세균
미생물,2935,Enterobacter soli,,세균
미생물,2936,Enterobacter asburiae,,세균
미생물,2937,Enterobacter cloacae,,세균
미생물,2938,Enterobacter bugandensis,,세균
미생물,2939,Enterobacter ludwigii,,세균
미생물,2940,Enterobacter huaxiensis,,세균
미생물,2941,Enterobacter roggenkampii,,세균
미생물,2942,Enterobacter hormaechei subsp. xiangfangensis,,세균
미생물,2943,Enterobacter mori,,세균
미생물,2944,Enterobacter chengduensis,,세균
미생물,2945,Enterobacter quasiroggenkampii,,세균
미생물,2946,Enterobacter sichuanensis,,세균
미생물,2947,Enterobacter vonholyi,,세균
미생물,2948,Kosakonia cowanii,,세균
미생물,2949,Yokenella regensburgei,,세균
미생물,2950,Silvania confinis,,세균
미생물,2951,Klebsiella michiganensis,,세균
미생물,2952,Klebsiella variicola,,세균
미생물,2953,Klebsiella oxytoca,,세균
미생물,2954,Klebsiella granulomatis,,세균
미생물,2955,Klebsiella pneumoniae,,세균
미생물,2956,Klebsiella aerogenes,,세균
미생물,2957,Klebsiella ornithinolytica,,세균
미생물,2958,Klebsiella quasipneumoniae subsp. quasipneumoniae,,세균
미생물,2959,Pseudescherichia vulneris,,세균
미생물,2960,Cedecea davisae,,세균
미생물,2961,Plesiomonas shigelloides,,세균
미생물,2962,Erwinia billingiae,,세균
미생물,2963,Erwinia rhapontici,,세균
미생물,2964,Erwinia tasmaniensis,,세균
미생물,2965,Erwinia gerundensis,,세균
미생물,2966,Pantoea agglomerans,,세균
미생물,2967,Pantoea ananatis,,세균
미생물,2968,Pantoea eucalypti,,세균
미생물,2969,Pantoea cypripedii,,세균
미생물,2970,Pantoea dispersa,,세균
미생물,2971,Pantoea septica,,세균
미생물,2972,Pantoea eucrina,,세균
미생물,2973,Pantoea allii,,세균
미생물,2974,Pantoea vagans,,세균
미생물,2975,Edwardsiella tarda,,세균
미생물,2976,Edwardsiella ictaluri,,세균
미생물,2977,Edwardsiella piscicida,,세균
미생물,2978,Edwardsiella anguillarum,,세균
미생물,2979,Hafnia alvei,,세균
미생물,2980,Salinisphaera dokdonensis,,세균
미생물,2981,Salinisphaera shabanensis,,세균
미생물,2982,Hydrocarboniphaga effusa,,세균
미생물,2983,Psychromonas ossibalaenae,,세균
미생물,2984,Psychromonas japonica,,세균
미생물,2985,Psychromonas hadalis,,세균
미생물,2986,Psychromonas arctica,,세균
미생물,2987,Psychromonas kaikoae,,세균
미생물,2988,Psychromonas antarctica,,세균
미생물,2989,Psychromonas agarivorans,,세균
미생물,2990,Psychromonas profunda,,세균
미생물,2991,Psychromonas marina,,세균
미생물,2992,Paraferrimonas sedimenticola,,세균
미생물,2993,Ferrimonas balearica,,세균
미생물,2994,Ferrimonas marina,,세균
미생물,2995,Ferrimonas senticii,,세균
미생물,2996,Ferrimonas lipolytica,,세균
미생물,2997,Paraglaciecola arctica,,세균
미생물,2998,Paraglaciecola mesophila,,세균
미생물,2999,Paraglaciecola chathamensis,,세균
미생물,3000,Paraglaciecola aquimarina,,세균
미생물,3001,Paraglaciecola psychrophila,,세균
미생물,3002,Paraglaciecola agarilytica,,세균
미생물,3003,Paraglaciecola marina,,세균
미생물,3004,Bowmanella pacifica,,세균
미생물,3005,Bowmanella denitrificans,,세균
미생물,3006,Alteromonas hispanica,,세균
미생물,3007,Alteromonas mediterranea,,세균
미생물,3008,Alteromonas abrolhosensis,,세균
미생물,3009,Alteromonas marina,,세균
미생물,3010,Alteromonas stellipolaris,,세균
미생물,3011,Alteromonas macleodii,,세균
미생물,3012,Alteromonas litorea,,세균
미생물,3013,Alteromonas confluentis,,세균
미생물,3014,Alteromonas tagae,,세균
미생물,3015,Alteromonas genovensis,,세균
미생물,3016,Alteromonas halophila,,세균
미생물,3017,Alteromonas lutimaris,,세균
미생물,3018,Alteromonas gracilis,,세균
미생물,3019,Alteromonas iocasae,,세균
미생물,3020,Alteromonas nigrifaciens,,세균
미생물,3021,Alteromonas fortis,,세균
미생물,3022,Alteromonas ponticola,,세균
미생물,3023,Alteromonas profundi,,세균
미생물,3024,Alteromonas portus,,세균
미생물,3025,Marinobacter sediminum,,세균
미생물,3026,Marinobacter vinifirmus,,세균
미생물,3027,Marinobacter halotolerans,,세균
미생물,3028,Marinobacter lacisalsi,,세균
미생물,3029,Marinobacter zhejiangensis,,세균
미생물,3030,Marinobacter adhaerens,,세균
미생물,3031,Marinobacter koreensis,,세균
미생물,3032,Marinobacter gudaonensis,,세균
미생물,3033,Marinobacter lipolyticus,,세균
미생물,3034,Marinobacter excellens,,세균
미생물,3035,Marinobacter daepoensis,,세균
미생물,3036,Marinobacter guineae,,세균
미생물,3037,Marinobacter flavimaris,,세균
미생물,3038,Marinobacter bryozoorum,,세균
미생물,3039,Marinobacter goseongensis,,세균
미생물,3040,Marinobacter persicus,,세균
미생물,3041,Marinobacter santoriniensis,,세균
미생물,3042,Marinobacter lutaoensis,,세균
미생물,3043,Marinobacter maritimus,,세균
미생물,3044,Marinobacter salsuginis,,세균
미생물,3045,Marinobacter xestospongiae,,세균
미생물,3046,Marinobacter mobilis,,세균
미생물,3047,Marinobacter segnicrescens,,세균
미생물,3048,Marinobacter pelagius,,세균
미생물,3049,Marinobacter oulmenensis,,세균
미생물,3050,Marinobacter psychrophilus,,세균
미생물,3051,Marinobacter algicola,,세균
미생물,3052,Marinobacter salexigens,,세균
미생물,3053,Marinobacter litoralis,,세균
미생물,3054,Marinobacter similis,,세균
미생물,3055,Marinobacter salicampi,,세균
미생물,3056,Marinobacter nauticus,,세균
미생물,3057,Marinobacter alexandrii,,세균
미생물,3058,Marinobacter maroccanus,,세균
미생물,3059,Marinobacter aquaticus,,세균
미생물,3060,Marinobacter confluentis,,세균
미생물,3061,Agarivorans gilvus,,세균
미생물,3062,Agarivorans albus,,세균
미생물,3063,Agarivorans aestuarii,,세균
미생물,3064,Agarivorans sediminis,,세균
미생물,3065,Agarivorans litoreus,,세균
미생물,3066,Aestuariibacter salexigens,,세균
미생물,3067,Aestuariibacter halophilus,,세균
미생물,3068,Marinobacterium nitratireducens,,세균
미생물,3069,Marinobacterium aestuarii,,세균
미생물,3070,Marinobacterium halophilum,,세균
미생물,3071,Marinobacterium lutimaris,,세균
미생물,3072,Marinobacterium coralli,,세균
미생물,3073,Marinobacterium maritimum,,세균
미생물,3074,Marinobacterium rhizophilum,,세균
미생물,3075,Marinobacterium stanieri,,세균
미생물,3076,Marinobacterium marisflavi,,세균
미생물,3077,Marinobacterium litorale,,세균
미생물,3078,Marinobacterium sediminicola,,세균
미생물,3079,Marinobacterium profundum,,세균
미생물,3080,Marinobacterium iners,,세균
미생물,3081,Marisediminitalea aggregata,,세균
미생물,3082,Glaciecola nitratireducens,,세균
미생물,3083,Glaciecola pallidula,,세균
미생물,3084,Pseudobowmanella zhangzhouensis,,세균
미생물,3085,Aliiglaciecola coringensis,,세균
미생물,3086,Aliiglaciecola litoralis,,세균
미생물,3087,Alishewanella aestuarii,,세균
미생물,3088,Alishewanella tabrizica,,세균
미생물,3089,Alishewanella agri,,세균
미생물,3090,Colwellia asteriadis,,세균
미생물,3091,Colwellia rossensis,,세균
미생물,3092,Colwellia mytili,,세균
미생물,3093,Colwellia psychrerythraea,,세균
미생물,3094,Colwellia piezophila,,세균
미생물,3095,Colwellia demingiae,,세균
미생물,3096,Colwellia agarivorans,,세균
미생물,3097,Colwellia polaris,,세균
미생물,3098,Colwellia maritima,,세균
미생물,3099,Colwellia sediminilitoris,,세균
미생물,3100,Colwellia aestuarii,,세균
미생물,3101,Thalassomonas viridans,,세균
미생물,3102,Thalassomonas haliotis,,세균
미생물,3103,Thalassomonas actiniarum,,세균
미생물,3104,Thalassotalea insulae,,세균
미생물,3105,Thalassotalea litorea,,세균
미생물,3106,Thalassotalea agariperforans,,세균
미생물,3107,Thalassotalea ganghwensis,,세균
미생물,3108,Thalassotalea sediminis,,세균
미생물,3109,Thalassotalea agarivorans,,세균
미생물,3110,Thalassotalea loyana,,세균
미생물,3111,Thalassotalea crassostreae,,세균
미생물,3112,Thalassotalea fusca,,세균
미생물,3113,Thalassotalea psychrophila,,세균
미생물,3114,Paramoritella alkaliphila,,세균
미생물,3115,Paramoritella sediminis,,세균
미생물,3116,Moritella viscosa,,세균
미생물,3117,Moritella marina,,세균
미생물,3118,Moritella japonica,,세균
미생물,3119,Shewanella denitrificans,,세균
미생물,3120,Shewanella profunda,,세균
미생물,3121,Shewanella upenei,,세균
미생물,3122,Shewanella gaetbuli,,세균
미생물,3123,Shewanella livingstonensis,,세균
미생물,3124,Shewanella kaireitica,,세균
미생물,3125,Shewanella decolorationis,,세균
미생물,3126,Shewanella vesiculosa,,세균
미생물,3127,Shewanella fidelis,,세균
미생물,3128,Shewanella loihica,,세균
미생물,3129,Shewanella halifaxensis,,세균
미생물,3130,Shewanella woodyi,,세균
미생물,3131,Shewanella hanedai,,세균
미생물,3132,Shewanella schlegeliana,,세균
미생물,3133,Shewanella litorisediminis,,세균
미생물,3134,Shewanella indica,,세균
미생물,3135,Shewanella sairae,,세균
미생물,3136,Shewanella benthica,,세균
미생물,3137,Shewanella aquimarina,,세균
미생물,3138,Shewanella intestini,,세균
미생물,3139,Shewanella ulleungensis,,세균
미생물,3140,Shewanella psychrophila,,세균
미생물,3141,Shewanella surugensis,,세균
미생물,3142,Shewanella algidipiscicola,,세균
미생물,3143,Shewanella frigidimarina,,세균
미생물,3144,Shewanella oneidensis,,세균
미생물,3145,Shewanella baltica,,세균
미생물,3146,Shewanella gelidimarina,,세균
미생물,3147,Shewanella corallii,,세균
미생물,3148,Shewanella waksmanii,,세균
미생물,3149,Shewanella colwelliana,,세균
미생물,3150,Shewanella piezotolerans,,세균
미생물,3151,Shewanella hafniensis,,세균
미생물,3152,Shewanella donghaensis,,세균
미생물,3153,Shewanella marisflavi,,세균
미생물,3154,Shewanella algae,,세균
미생물,3155,Shewanella pneumatophori,,세균
미생물,3156,Shewanella electrodiphila,,세균
미생물,3157,Shewanella irciniae,,세균
미생물,3158,Shewanella seohaensis,,세균
미생물,3159,Shewanella japonica,,세균
미생물,3160,Shewanella basaltis,,세균
미생물,3161,Shewanella marinintestina,,세균
미생물,3162,Shewanella saliphila,,세균
미생물,3163,Shewanella aestuarii,,세균
미생물,3164,Shewanella algicola,,세균
미생물,3165,Shewanella litoralis,,세균
미생물,3166,Shewanella marina,,세균
미생물,3167,Shewanella putrefaciens,,세균
미생물,3168,Shewanella atlantica,,세균
미생물,3169,Shewanella violacea,,세균
미생물,3170,Shewanella pealeana,,세균
미생물,3171,Shewanella glacialipiscicola,,세균
미생물,3172,Shewanella polaris,,세균
미생물,3173,Shewanella carassii,,세균
미생물,3174,Shewanella holmiensis,,세균
미생물,3175,Shewanella psychrotolerans,,세균
미생물,3176,Shewanella goraebulensis,,세균
미생물,3177,Shewanella avicenniae,,세균
미생물,3178,Parashewanella spongiae,,세균
미생물,3179,Parashewanella hymeniacidonis,,세균
미생물,3180,Aliidiomarina maris,,세균
미생물,3181,Aliidiomarina soli,,세균
미생물,3182,Idiomarina fontislapidosi,,세균
미생물,3183,Idiomarina loihiensis,,세균
미생물,3184,Idiomarina zobellii,,세균
미생물,3185,Idiomarina piscisalsi,,세균
미생물,3186,Idiomarina baltica,,세균
미생물,3187,Idiomarina abyssalis,,세균
미생물,3188,Idiomarina seosinensis,,세균
미생물,3189,Idiomarina rhizosphaerae,,세균
미생물,3190,Pseudidiomarina salinarum,,세균
미생물,3191,Pseudidiomarina halophila,,세균
미생물,3192,Pseudidiomarina sediminum,,세균
미생물,3193,Pseudidiomarina atlantica,,세균
미생물,3194,Pseudidiomarina aestuarii,,세균
미생물,3195,Pseudidiomarina aquimaris,,세균
미생물,3196,Pseudidiomarina tainanensis,,세균
미생물,3197,Pseudidiomarina homiensis,,세균
미생물,3198,Algicola bacteriolytica,,세균
미생물,3199,Psychrosphaera aestuarii,,세균
미생물,3200,Psychrosphaera aquimarina,,세균
미생물,3201,Psychrosphaera haliotis,,세균
미생물,3202,Pseudoalteromonas atlantica,,세균
미생물,3203,Pseudoalteromonas tunicata,,세균
미생물,3204,Pseudoalteromonas ruthenica,,세균
미생물,3205,Pseudoalteromonas peptidolytica,,세균
미생물,3206,Pseudoalteromonas issachenkonii,,세균
미생물,3207,Pseudoalteromonas donghaensis,,세균
미생물,3208,Pseudoalteromonas prydzensis,,세균
미생물,3209,Pseudoalteromonas spongiae,,세균
미생물,3210,Pseudoalteromonas espejiana,,세균
미생물,3211,Pseudoalteromonas maricaloris,,세균
미생물,3212,Pseudoalteromonas rubra,,세균
미생물,3213,Pseudoalteromonas phenolica,,세균
미생물,3214,Pseudoalteromonas ulvae,,세균
미생물,3215,Pseudoalteromonas distincta,,세균
미생물,3216,Pseudoalteromonas gelatinilytica,,세균
미생물,3217,Pseudoalteromonas citrea,,세균
미생물,3218,Pseudoalteromonas lipolytica,,세균
미생물,3219,Pseudoalteromonas elyakovii,,세균
미생물,3220,Pseudoalteromonas mariniglutinosa,,세균
미생물,3221,Pseudoalteromonas denitrificans,,세균
미생물,3222,Pseudoalteromonas arctica,,세균
미생물,3223,Pseudoalteromonas undina,,세균
미생물,3224,Pseudoalteromonas marina,,세균
미생물,3225,Pseudoalteromonas haloplanktis,,세균
미생물,3226,Pseudoalteromonas luteoviolacea,,세균
미생물,3227,Pseudoalteromonas piscicida,,세균
미생물,3228,Pseudoalteromonas carrageenovora,,세균
미생물,3229,Pseudoalteromonas paragorgicola,,세균
미생물,3230,Pseudoalteromonas flavipulchra,,세균
미생물,3231,Pseudoalteromonas piratica,,세균
미생물,3232,Pseudoalteromonas aurantia,,세균
미생물,3233,Pseudoalteromonas xishaensis,,세균
미생물,3234,Pseudoalteromonas arabiensis,,세균
미생물,3235,Pseudoalteromonas tetraodonis,,세균
미생물,3236,Pseudoalteromonas translucida,,세균
미생물,3237,Pseudoalteromonas hodoensis,,세균
미생물,3238,Pseudoalteromonas shioyasakiensis,,세균
미생물,3239,Pseudoalteromonas byunsanensis,,세균
미생물,3240,Pseudoalteromonas neustonica,,세균
미생물,3241,Pseudoalteromonas fuliginea,,세균
미생물,3242,Pseudoalteromonas antarctica,,세균
미생물,3243,Pseudoalteromonas agarivorans,,세균
미생물,3244,Pseudoalteromonas aliena,,세균
미생물,3245,Pseudoalteromonas caenipelagi,,세균
미생물,3246,Pseudoalteromonas galatheae,,세균
미생물,3247,Aeromonas salmonicida,,세균
미생물,3248,Aeromonas dhakensis,,세균
미생물,3249,Aeromonas media,,세균
미생물,3250,Aeromonas taiwanensis,,세균
미생물,3251,Aeromonas piscicola,,세균
미생물,3252,Aeromonas encheleia,,세균
미생물,3253,Aeromonas molluscorum,,세균
미생물,3254,Aeromonas bestiarum,,세균
미생물,3255,Aeromonas sobria,,세균
미생물,3256,Aeromonas veronii,,세균
미생물,3257,Aeromonas caviae,,세균
미생물,3258,Aeromonas diversa,,세균
미생물,3259,Aeromonas jandaei,,세균
미생물,3260,Aeromonas hydrophila subsp. hydrophila,,세균
미생물,3261,Aeromonas schubertii,,세균
미생물,3262,Aeromonas rivipollensis,,세균
미생물,3263,Oceanimonas baumannii,,세균
미생물,3264,Oceanimonas doudoroffii,,세균
미생물,3265,Oceanimonas smirnovii,,세균
미생물,3266,Oceanimonas marisflavi,,세균
미생물,3267,Zobellella maritima,,세균
미생물,3268,Oceanisphaera donghaensis,,세균
미생물,3269,Oceanisphaera marina,,세균
미생물,3270,Oleiphilus messinensis,,세균
미생물,3271,Litoricola lipolytica,,세균
미생물,3272,Alcanivorax borkumensis,,세균
미생물,3273,Alcanivorax hongdengensis,,세균
미생물,3274,Alcanivorax venustensis,,세균
미생물,3275,Alcanivorax gelatiniphagus,,세균
미생물,3276,Alcanivorax xenomutans,,세균
미생물,3277,Alcanivorax dieselolei,,세균
미생물,3278,Alcanivorax jadensis,,세균
미생물,3279,Alcanivorax balearicus,,세균
미생물,3280,Alcanivorax nanhaiticus,,세균
미생물,3281,Ketobacter alkanivorans,,세균
미생물,3282,Hahella chejuensis,,세균
미생물,3283,Hahella ganghwensis,,세균
미생물,3284,Zooshikella ganghwensis,,세균
미생물,3285,Sansalvadorimonas verongulae,,세균
미생물,3286,Reinekea blandensis,,세균
미생물,3287,Reinekea marinisedimentorum,,세균
미생물,3288,Saccharospirillum impatiens,,세균
미생물,3289,Saccharospirillum alexandrii,,세균
미생물,3290,Kangiella aquimarina,,세균
미생물,3291,Kangiella koreensis,,세균
미생물,3292,Kangiella spongicola,,세균
미생물,3293,Kangiella taiwanensis,,세균
미생물,3294,Kangiella marina,,세균
미생물,3295,Kangiella geojedonensis,,세균
미생물,3296,Pleionea mediterranea,,세균
미생물,3297,Pleionea sediminis,,세균
미생물,3298,Endozoicomonas atrinae,,세균
미생물,3299,Endozoicomonas elysicola,,세균
미생물,3300,Endozoicomonas numazuensis,,세균
미생물,3301,Kistimonas scapharcae,,세균
미생물,3302,Kistimonas asteriae,,세균
미생물,3303,Parendozoicomonas callyspongiae,,세균
미생물,3304,Halovibrio variabilis,,세균
미생물,3305,Kushneria marisflavi,,세균
미생물,3306,Kushneria avicenniae,,세균
미생물,3307,Cobetia crustatorum,,세균
미생물,3308,Cobetia marina,,세균
미생물,3309,Cobetia amphilecti,,세균
미생물,3310,Salinicola halophilus,,세균
미생물,3311,Salinicola socius,,세균
미생물,3312,Salinicola salarius,,세균
미생물,3313,Salinicola tamaricis,,세균
미생물,3314,Halomonas saccharevitans,,세균
미생물,3315,Halomonas cerina,,세균
미생물,3316,Halomonas olivaria,,세균
미생물,3317,Halomonas elongata,,세균
미생물,3318,Halomonas nitrilica,,세균
미생물,3319,Halomonas aidingensis,,세균
미생물,3320,Halomonas utahensis,,세균
미생물,3321,Halomonas anticariensis,,세균
미생물,3322,Halomonas salina,,세균
미생물,3323,Halomonas sulfidaeris,,세균
미생물,3324,Halomonas stevensii,,세균
미생물,3325,Halomonas koreensis,,세균
미생물,3326,Halomonas vilamensis,,세균
미생물,3327,Halomonas janggokensis,,세균
미생물,3328,Halomonas korlensis,,세균
미생물,3329,Halomonas denitrificans,,세균
미생물,3330,Halomonas alimentaria,,세균
미생물,3331,Halomonas songnenensis,,세균
미생물,3332,Halomonas fontilapidosi,,세균
미생물,3333,Halomonas campisalis,,세균
미생물,3334,Halomonas daqiaonensis,,세균
미생물,3335,Halomonas boliviensis,,세균
미생물,3336,Halomonas xianhensis,,세균
미생물,3337,Halomonas taeanensis,,세균
미생물,3338,Halomonas gomseomensis,,세균
미생물,3339,Halomonas meridiana,,세균
미생물,3340,Halomonas aestuarii,,세균
미생물,3341,Halomonas cupida,,세균
미생물,3342,Halomonas campaniensis,,세균
미생물,3343,Halomonas ventosae,,세균
미생물,3344,Halomonas pacifica,,세균
미생물,3345,Halomonas organivorans,,세균
미생물,3346,Halomonas lutea,,세균
미생물,3347,Halomonas nitroreducens,,세균
미생물,3348,Halomonas venusta,,세균
미생물,3349,Halomonas stenophila,,세균
미생물,3350,Halomonas shengliensis,,세균
미생물,3351,Halomonas litopenaei,,세균
미생물,3352,Halomonas aquamarina,,세균
미생물,3353,Halomonas huangheensis,,세균
미생물,3354,Halomonas sediminicola,,세균
미생물,3355,Halomonas nanhaiensis,,세균
미생물,3356,Halomonas azerica,,세균
미생물,3357,Halomonas titanicae,,세균
미생물,3358,Halomonas neptunia,,세균
미생물,3359,Halomonas arcis,,세균
미생물,3360,Halomonas salifodinae,,세균
미생물,3361,Halomonas lysinitropha,,세균
미생물,3362,Halomonas azerbaijanica,,세균
미생물,3363,Halomonas alkaliphila,,세균
미생물,3364,Pistricoccus aurantiacus,,세균
미생물,3365,Chromohalobacter nigrandesensis,,세균
미생물,3366,Chromohalobacter salexigens,,세균
미생물,3367,Chromohalobacter canadensis,,세균
미생물,3368,Neptuniibacter caesariensis,,세균
미생물,3369,Neptuniibacter halophilus,,세균
미생물,3370,Neptuniibacter marinus,,세균
미생물,3371,Amphritea japonica,,세균
미생물,3372,Amphritea spongicola,,세균
미생물,3373,Amphritea balenae,,세균
미생물,3374,Amphritea atlantica,,세균
미생물,3375,Amphritea ceti,,세균
미생물,3376,Bacterioplanes sanyensis,,세균
미생물,3377,Neptunomonas japonica,,세균
미생물,3378,Neptunomonas concharum,,세균
미생물,3379,Neptunomonas marina,,세균
미생물,3380,Neptunomonas phycophila,,세균
미생물,3381,Marinomonas dokdonensis,,세균
미생물,3382,Marinomonas communis,,세균
미생물,3383,Marinomonas rhizomae,,세균
미생물,3384,Marinomonas arenicola,,세균
미생물,3385,Marinomonas pontica,,세균
미생물,3386,Marinomonas primoryensis,,세균
미생물,3387,Marinomonas algicida,,세균
미생물,3388,Marinomonas aquimarina,,세균
미생물,3389,Marinomonas pollencensis,,세균
미생물,3390,Marinomonas polaris,,세균
미생물,3391,Marinomonas ushuaiensis,,세균
미생물,3392,Marinomonas profundimaris,,세균
미생물,3393,Marinomonas foliarum,,세균
미생물,3394,Marinomonas gallaica,,세균
미생물,3395,Marinomonas phaeophyticola,,세균
미생물,3396,Oceanospirillum beijerinckii,,세균
미생물,3397,Oceanospirillum maris,,세균
미생물,3398,Oceanospirillum linum,,세균
미생물,3399,Oleispira antarctica,,세균
미생물,3400,Pasteurella multocida,,세균
미생물,3401,Pasteurella testudinis,,세균
미생물,3402,Pasteurella dagmatis,,세균
미생물,3403,Pasteurella mairii,,세균
미생물,3404,Haemophilus piscium,,세균
미생물,3405,Rodentibacter pneumotropicus,,세균
미생물,3406,Mannheimia haemolytica,,세균
미생물,3407,Psychrobacter cryohalolentis,,세균
미생물,3408,Psychrobacter celer,,세균
미생물,3409,Psychrobacter fozii,,세균
미생물,3410,Psychrobacter aquimaris,,세균
미생물,3411,Psychrobacter cibarius,,세균
미생물,3412,Psychrobacter submarinus,,세균
미생물,3413,Psychrobacter vallis,,세균
미생물,3414,Psychrobacter alimentarius,,세균
미생물,3415,Psychrobacter nivimaris,,세균
미생물,3416,Psychrobacter pulmonis,,세균
미생물,3417,Psychrobacter fulvigenes,,세균
미생물,3418,Psychrobacter arcticus,,세균
미생물,3419,Psychrobacter maritimus,,세균
미생물,3420,Psychrobacter piscatorii,,세균
미생물,3421,Psychrobacter jeotgali,,세균
미생물,3422,Psychrobacter luti,,세균
미생물,3423,Psychrobacter urativorans,,세균
미생물,3424,Psychrobacter pacificensis,,세균
미생물,3425,Psychrobacter immobilis,,세균
미생물,3426,Psychrobacter namhaensis,,세균
미생물,3427,Psychrobacter proteolyticus,,세균
미생물,3428,Psychrobacter faecalis,,세균
미생물,3429,Psychrobacter marincola,,세균
미생물,3430,Psychrobacter aquaticus,,세균
미생물,3431,Psychrobacter frigidicola,,세균
미생물,3432,Psychrobacter okhotskensis,,세균
미생물,3433,Psychrobacter aestuarii,,세균
미생물,3434,Psychrobacter glacincola,,세균
미생물,3435,Psychrobacter adeliensis,,세균
미생물,3436,Psychrobacter oceani,,세균
미생물,3437,Acinetobacter johnsonii,,세균
미생물,3438,Acinetobacter beijerinckii,,세균
미생물,3439,Acinetobacter pittii,,세균
미생물,3440,Acinetobacter junii,,세균
미생물,3441,Acinetobacter baumannii,,세균
미생물,3442,Acinetobacter schindleri,,세균
미생물,3443,Acinetobacter ursingii,,세균
미생물,3444,Acinetobacter indicus,,세균
미생물,3445,Acinetobacter parvus,,세균
미생물,3446,Acinetobacter guillouiae,,세균
미생물,3447,Acinetobacter lwoffii,,세균
미생물,3448,Acinetobacter oleivorans,,세균
미생물,3449,Acinetobacter radioresistens,,세균
미생물,3450,Acinetobacter marinus,,세균
미생물,3451,Acinetobacter venetianus,,세균
미생물,3452,Acinetobacter calcoaceticus,,세균
미생물,3453,Acinetobacter lactucae,,세균
미생물,3454,Acinetobacter seifertii,,세균
미생물,3455,Acinetobacter colistiniresistens,,세균
미생물,3456,Acinetobacter rathckeae,,세균
미생물,3457,Acinetobacter tibetensis,,세균
미생물,3458,Acinetobacter bereziniae,,세균
미생물,3459,Acinetobacter gyllenbergii,,세균
미생물,3460,Pseudomonas abietaniphila,,세균
미생물,3461,Pseudomonas taeanensis,,세균
미생물,3462,Pseudomonas indoloxydans,,세균
미생물,3463,Pseudomonas brassicacearum,,세균
미생물,3464,Pseudomonas benzenivorans,,세균
미생물,3465,Pseudomonas grimontii,,세균
미생물,3466,Pseudomonas linyingensis,,세균
미생물,3467,Pseudomonas yamanorum,,세균
미생물,3468,Pseudomonas toyotomiensis,,세균
미생물,3469,Pseudomonas parafulva,,세균
미생물,3470,Pseudomonas guineae,,세균
미생물,3471,Pseudomonas borbori,,세균
미생물,3472,Pseudomonas marincola,,세균
미생물,3473,Pseudomonas tolaasii,,세균
미생물,3474,Pseudomonas graminis,,세균
미생물,3475,Pseudomonas meridiana,,세균
미생물,3476,Pseudomonas segetis,,세균
미생물,3477,Pseudomonas composti,,세균
미생물,3478,Pseudomonas koreensis,,세균
미생물,3479,Pseudomonas fluorescens,,세균
미생물,3480,Pseudomonas marginalis,,세균
미생물,3481,Pseudomonas xanthomarina,,세균
미생물,3482,Pseudomonas citronellolis,,세균
미생물,3483,Pseudomonas umsongensis,,세균
미생물,3484,Pseudomonas oryzihabitans,,세균
미생물,3485,Pseudomonas peli,,세균
미생물,3486,Pseudomonas poae,,세균
미생물,3487,Pseudomonas fulva,,세균
미생물,3488,Pseudomonas baetica,,세균
미생물,3489,Pseudomonas prosekii,,세균
미생물,3490,Pseudomonas anguilliseptica,,세균
미생물,3491,Pseudomonas panacis,,세균
미생물,3492,Pseudomonas kilonensis,,세균
미생물,3493,Pseudomonas cannabina,,세균
미생물,3494,Pseudomonas hunanensis,,세균
미생물,3495,Pseudomonas knackmussii,,세균
미생물,3496,Pseudomonas psychrophila,,세균
미생물,3497,Pseudomonas fragi,,세균
미생물,3498,Pseudomonas beteli,,세균
미생물,3499,Pseudomonas sagittaria,,세균
미생물,3500,Pseudomonas trivialis,,세균
미생물,3501,Pseudomonas oleovorans subsp. lubricantis,,세균
미생물,3502,Pseudomonas flavescens,,세균
미생물,3503,Pseudomonas viridiflava,,세균
미생물,3504,Pseudomonas protegens,,세균
미생물,3505,Pseudomonas antarctica,,세균
미생물,3506,Pseudomonas sihuiensis,,세균
미생물,3507,Pseudomonas alcaligenes,,세균
미생물,3508,Pseudomonas brenneri,,세균
미생물,3509,Pseudomonas cedrina,,세균
미생물,3510,Pseudomonas putida,,세균
미생물,3511,Pseudomonas arsenicoxydans,,세균
미생물,3512,Pseudomonas corrugata,,세균
미생물,3513,Pseudomonas congelans,,세균
미생물,3514,Pseudomonas cuatrocienegasensis,,세균
미생물,3515,Pseudomonas monteilii,,세균
미생물,3516,Pseudomonas taiwanensis,,세균
미생물,3517,Pseudomonas gessardii,,세균
미생물,3518,Pseudomonas libanensis,,세균
미생물,3519,Pseudomonas mandelii,,세균
미생물,3520,Pseudomonas veronii,,세균
미생물,3521,Pseudomonas argentinensis,,세균
미생물,3522,Pseudomonas granadensis,,세균
미생물,3523,Pseudomonas extremaustralis,,세균
미생물,3524,Pseudomonas azotoformans,,세균
미생물,3525,Pseudomonas simiae,,세균
미생물,3526,Pseudomonas rhodesiae,,세균
미생물,3527,Pseudomonas plecoglossicida,,세균
미생물,3528,Pseudomonas syringae,,세균
미생물,3529,Pseudomonas moorei,,세균
미생물,3530,Pseudomonas nitroreducens,,세균
미생물,3531,Pseudomonas migulae,,세균
미생물,3532,Pseudomonas geniculata,,세균
미생물,3533,Pseudomonas pohangensis,,세균
미생물,3534,Pseudomonas frederiksbergensis,,세균
미생물,3535,Pseudomonas thivervalensis,,세균
미생물,3536,Pseudomonas alcaliphila,,세균
미생물,3537,Pseudomonas oleovorans subsp. oleovorans,,세균
미생물,3538,Pseudomonas mendocina,,세균
미생물,3539,Pseudomonas cremoricolorata,,세균
미생물,3540,Pseudomonas pisciculturae,,세균
미생물,3541,Pseudomonas aeruginosa,,세균
미생물,3542,Pseudomonas punonensis,,세균
미생물,3543,Pseudomonas resinovorans,,세균
미생물,3544,Pseudomonas weihenstephanensis,,세균
미생물,3545,Pseudomonas paralactis,,세균
미생물,3546,Pseudomonas neustonica,,세균
미생물,3547,Pseudomonas moraviensis,,세균
미생물,3548,Pseudomonas khazarica,,세균
미생물,3549,Pseudomonas luteola,,세균
미생물,3550,Pseudomonas tianjinensis,,세균
미생물,3551,Pseudomonas zhaodongensis,,세균
미생물,3552,Pseudomonas leptonychotis,,세균
미생물,3553,Pseudomonas edaphica,,세균
미생물,3554,Pseudomonas paracarnis,,세균
미생물,3555,Pseudomonas kurunegalensis,,세균
미생물,3556,Pseudomonas promysalinigenes,,세균
미생물,3557,Pseudomonas paraversuta,,세균
미생물,3558,Pseudomonas gozinkensis,,세균
미생물,3559,Pseudomonas synxantha,,세균
미생물,3560,Pseudomonas soli,,세균
미생물,3561,Pseudomonas brassicacearum subsp. neoaurantiaca,,세균
미생물,3562,Pseudomonas fortuita,,세균
미생물,3563,Azotobacter chroococcum,,세균
미생물,3564,Azotobacter beijerinckii,,세균
미생물,3565,Halopseudomonas salina,,세균
미생물,3566,Halopseudomonas oceani,,세균
미생물,3567,Halopseudomonas phragmitis,,세균
미생물,3568,Halopseudomonas pachastrellae,,세균
미생물,3569,Halopseudomonas sabulinigri,,세균
미생물,3570,Halopseudomonas pelagia,,세균
미생물,3571,Halopseudomonas aestusnigri,,세균
미생물,3572,Stutzerimonas zhaodongensis,,세균
미생물,3573,Stutzerimonas frequens,,세균
미생물,3574,Stutzerimonas stutzeri,,세균
미생물,3575,Stutzerimonas balearica,,세균
미생물,3576,Atopomonas hussainii,,세균
미생물,3577,Arenicella chitinivorans,,세균
미생물,3578,Arenicella xantha,,세균
미생물,3579,Lysobacter daejeonensis,,세균
미생물,3580,Lysobacter concretionis,,세균
미생물,3581,Lysobacter spongiicola,,세균
미생물,3582,Lysobacter maris,,세균
미생물,3583,Lysobacter dokdonensis,,세균
미생물,3584,Lysobacter aestuarii,,세균
미생물,3585,Luteimonas marina,,세균
미생물,3586,Luteimonas abyssi,,세균
미생물,3587,Luteimonas padinae,,세균
미생물,3588,Arenimonas donghaensis,,세균
미생물,3589,Arenimonas metalli,,세균
미생물,3590,Pseudoxanthomonas dokdonensis,,세균
미생물,3591,Pseudoxanthomonas mexicana,,세균
미생물,3592,Stenotrophomonas rhizophila,,세균
미생물,3593,Stenotrophomonas chelatiphaga,,세균
미생물,3594,Stenotrophomonas acidaminiphila,,세균
미생물,3595,Stenotrophomonas daejeonensis,,세균
미생물,3596,Stenotrophomonas maltophilia,,세균
미생물,3597,Stenotrophomonas bentonitica,,세균
미생물,3598,Stenotrophomonas hibiscicola,,세균
미생물,3599,Stenotrophomonas lactitubi,,세균
미생물,3600,Stenotrophomonas indicatrix,,세균
미생물,3601,Pseudomarimonas arenosa,,세균
미생물,3602,Luteibacter jiangsuensis,,세균
미생물,3603,Dokdonella koreensis,,세균
미생물,3604,Oleiagrimonas citrea,,세균
미생물,3605,Aquimonas voraii,,세균
미생물,3606,Pelobacter seleniigenes,,세균
미생물,3607,Propionigenium maris,,세균
미생물,3608,Vagococcus carniphilus,,세균
미생물,3609,Vagococcus fluvialis,,세균
미생물,3610,Vagococcus salmoninarum,,세균
미생물,3611,Enterococcus ratti,,세균
미생물,3612,Enterococcus durans,,세균
미생물,3613,Enterococcus faecium,,세균
미생물,3614,Enterococcus thailandicus,,세균
미생물,3615,Enterococcus hirae,,세균
미생물,3616,Enterococcus raffinosus,,세균
미생물,3617,Enterococcus faecalis,,세균
미생물,3618,Enterococcus casseliflavus,,세균
미생물,3619,Enterococcus avium,,세균
미생물,3620,Enterococcus eurekensis,,세균
미생물,3621,Lactococcus garvieae,,세균
미생물,3622,Lactococcus piscium,,세균
미생물,3623,Lactococcus lactis subsp. lactis,,세균
미생물,3624,Lactococcus chungangensis,,세균
미생물,3625,Lactococcus petauri,,세균
미생물,3626,Lactococcus raffinolactis,,세균
미생물,3627,Streptococcus parauberis,,세균
미생물,3628,Streptococcus iniae,,세균
미생물,3629,Trichococcus collinsii,,세균
미생물,3630,Trichococcus pasteurii,,세균
미생물,3631,Carnobacterium funditum,,세균
미생물,3632,Carnobacterium jeotgali,,세균
미생물,3633,Carnobacterium maltaromaticum,,세균
미생물,3634,Alkalibacterium indicireducens,,세균
미생물,3635,Marinilactibacillus psychrotolerans,,세균
미생물,3636,Aerococcus viridans,,세균
미생물,3637,Aerococcus urinaeequi,,세균
미생물,3638,Lactobacillus helveticus,,세균
미생물,3639,Pediococcus inopinatus,,세균
미생물,3640,Lacticaseibacillus pantheris,,세균
미생물,3641,Lacticaseibacillus casei,,세균
미생물,3642,Lacticaseibacillus paracasei subsp. paracasei,,세균
미생물,3643,Lentilactobacillus curieae,,세균
미생물,3644,Lentilactobacillus parabuchneri,,세균
미생물,3645,Lactiplantibacillus pentosus,,세균
미생물,3646,Lactiplantibacillus plantarum,,세균
미생물,3647,Levilactobacillus brevis,,세균
미생물,3648,Paucilactobacillus oligofermentans,,세균
미생물,3649,Weissella cibaria,,세균
미생물,3650,Leuconostoc mesenteroides subsp. jonggajibkimchii,,세균
미생물,3651,Leuconostoc mesenteroides subsp. mesenteroides,,세균
미생물,3652,Leuconostoc fallax,,세균
미생물,3653,Leuconostoc mesenteroides subsp. dextranicum,,세균
미생물,3654,Leuconostoc citreum,,세균
미생물,3655,Leuconostoc holzapfelii,,세균
미생물,3656,Leuconostoc pseudomesenteroides,,세균
미생물,3657,Latilactobacillus sakei,,세균
미생물,3658,Latilactobacillus curvatus,,세균
미생물,3659,Tumebacillus permanentifrigoris,,세균
미생물,3660,Thermoactinomyces vulgaris,,세균
미생물,3661,Novibacillus thermophilus,,세균
미생물,3662,Mechercharimyces asporophorigenens,,세균
미생물,3663,Terribacillus halophilus,,세균
미생물,3664,Terribacillus saccharophilus,,세균
미생물,3665,Salimicrobium luteum,,세균
미생물,3666,Virgibacillus halodenitrificans,,세균
미생물,3667,Virgibacillus kapii,,세균
미생물,3668,Virgibacillus marismortui,,세균
미생물,3669,Virgibacillus alimentarius,,세균
미생물,3670,Virgibacillus halotolerans,,세균
미생물,3671,Virgibacillus chiguensis,,세균
미생물,3672,Virgibacillus proomii,,세균
미생물,3673,Virgibacillus byunsanensis,,세균
미생물,3674,Virgibacillus arcticus,,세균
미생물,3675,Virgibacillus dokdonensis,,세균
미생물,3676,Virgibacillus salarius,,세균
미생물,3677,Viridibacillus arenosi,,세균
미생물,3678,Viridibacillus arvi,,세균
미생물,3679,Geobacillus thermodenitrificans,,세균
미생물,3680,Geobacillus kaustophilus,,세균
미생물,3681,Geobacillus icigianus,,세균
미생물,3682,Geobacillus stearothermophilus,,세균
미생물,3683,Geobacillus lituanicus,,세균
미생물,3684,Filobacillus milosensis,,세균
미생물,3685,Domibacillus robiginosus,,세균
미생물,3686,Compostibacillus humi,,세균
미생물,3687,Aeribacillus pallidus,,세균
미생물,3688,Fictibacillus nanhaiensis,,세균
미생물,3689,Fictibacillus solisalsi,,세균
미생물,3690,Fictibacillus arsenicus,,세균
미생물,3691,Fictibacillus phosphorivorans,,세균
미생물,3692,Fictibacillus barbaricus,,세균
미생물,3693,Fictibacillus halophilus,,세균
미생물,3694,Fictibacillus rigui,,세균
미생물,3695,Fictibacillus enclensis,,세균
미생물,3696,Piscibacillus halophilus,,세균
미생물,3697,Piscibacillus salipiscarius,,세균
미생물,3698,Pontibacillus salipaludis,,세균
미생물,3699,Pontibacillus marinus,,세균
미생물,3700,Pontibacillus chungwhensis,,세균
미생물,3701,Caldalkalibacillus uzonensis,,세균
미생물,3702,Ornithinibacillus composti,,세균
미생물,3703,Ornithinibacillus contaminans,,세균
미생물,3704,Ornithinibacillus halotolerans,,세균
미생물,3705,Ornithinibacillus heyuanensis,,세균
미생물,3706,Ornithinibacillus scapharcae,,세균
미생물,3707,Gracilibacillus quinghaiensis,,세균
미생물,3708,Gracilibacillus massiliensis,,세균
미생물,3709,Gracilibacillus halotolerans,,세균
미생물,3710,Halolactibacillus halophilus,,세균
미생물,3711,Melghiribacillus thermohalophilus,,세균
미생물,3712,Sediminibacillus halophilus,,세균
미생물,3713,Saccharococcus thermophilus,,세균
미생물,3714,Thalassobacillus devorans,,세균
미생물,3715,Thalassobacillus pellis,,세균
미생물,3716,Thalassobacillus hwangdonensis,,세균
미생물,3717,Bacillus taeanensis,,세균
미생물,3718,Bacillus solimangrovi,,세균
미생물,3719,Bacillus vallismortis,,세균
미생물,3720,Bacillus thermotolerans,,세균
미생물,3721,Bacillus enclensis,,세균
미생물,3722,Bacillus altitudinis,,세균
미생물,3723,Bacillus dabaoshanensis,,세균
미생물,3724,Bacillus aeolius,,세균
미생물,3725,Bacillus siamensis,,세균
미생물,3726,Bacillus haikouensis,,세균
미생물,3727,Bacillus alveayuensis,,세균
미생물,3728,Bacillus infernus,,세균
미생물,3729,Bacillus cereus,,세균
미생물,3730,Bacillus tianshenii,,세균
미생물,3731,Bacillus sonorensis,,세균
미생물,3732,Bacillus toyonensis,,세균
미생물,3733,Bacillus tequilensis,,세균
미생물,3734,Bacillus amyloliquefaciens,,세균
미생물,3735,Bacillus acidicola,,세균
미생물,3736,Bacillus infantis,,세균
미생물,3737,Bacillus thuringiensis,,세균
미생물,3738,Bacillus inaquosorum,,세균
미생물,3739,Bacillus stercoris,,세균
미생물,3740,Bacillus pumilus,,세균
미생물,3741,Bacillus anthracis,,세균
미생물,3742,Bacillus smithii,,세균
미생물,3743,Bacillus proteolyticus,,세균
미생물,3744,Bacillus horti,,세균
미생물,3745,Bacillus stratosphericus,,세균
미생물,3746,Bacillus mycoides,,세균
미생물,3747,Bacillus paralicheniformis,,세균
미생물,3748,Bacillus badius,,세균
미생물,3749,Bacillus spizizenii,,세균
미생물,3750,Bacillus benzoevorans,,세균
미생물,3751,Bacillus velezensis,,세균
미생물,3752,Bacillus thermoamylovorans,,세균
미생물,3753,Bacillus aerius,,세균
미생물,3754,Bacillus mesophilum,,세균
미생물,3755,Bacillus timonensis,,세균
미생물,3756,Bacillus pseudomycoides,,세균
미생물,3757,Bacillus wiedmannii,,세균
미생물,3758,Bacillus seohaeanensis,,세균
미생물,3759,Bacillus licheniformis,,세균
미생물,3760,Bacillus safensis,,세균
미생물,3761,Bacillus atrophaeus,,세균
미생물,3762,Bacillus pakistanensis,,세균
미생물,3763,Bacillus coahuilensis,,세균
미생물,3764,Bacillus xiamenensis,,세균
미생물,3765,Bacillus halotolerans,,세균
미생물,3766,Bacillus haynesii,,세균
미생물,3767,Bacillus methanolicus,,세균
미생물,3768,Bacillus australimaris,,세균
미생물,3769,Bacillus aerophilus,,세균
미생물,3770,Bacillus glycinifermentans,,세균
미생물,3771,Bacillus sinesaloumensis,,세균
미생물,3772,Bacillus swezeyi,,세균
미생물,3773,Bacillus wudalianchiensis,,세균
미생물,3774,Bacillus gaemokensis,,세균
미생물,3775,Bacillus nitratireducens,,세균
미생물,3776,Bacillus salitolerans,,세균
미생물,3777,Bacillus salacetis,,세균
미생물,3778,Bacillus paranthracis,,세균
미생물,3779,Bacillus ectoiniformans,,세균
미생물,3780,Bacillus albus,,세균
미생물,3781,Bacillus paramobilis,,세균
미생물,3782,Bacillus dafuensis,,세균
미생물,3783,Bacillus subtilis subsp. subtilis,,세균
미생물,3784,Bacillus spongiae,,세균
미생물,3785,Bacillus manliponensis,,세균
미생물,3786,Bacillus spongicola,,세균
미생물,3787,Bacillus zhangzhouensis,,세균
미생물,3788,Anoxybacillus calidus,,세균
미생물,3789,Aquisalibacillus elongatus,,세균
미생물,3790,Exiguobacterium marinum,,세균
미생물,3791,Exiguobacterium acetylicum,,세균
미생물,3792,Exiguobacterium arabatum,,세균
미생물,3793,Exiguobacterium mexicanum,,세균
미생물,3794,Exiguobacterium sibiricum,,세균
미생물,3795,Exiguobacterium oxidotolerans,,세균
미생물,3796,Exiguobacterium enclense,,세균
미생물,3797,Exiguobacterium artemiae,,세균
미생물,3798,Exiguobacterium undae,,세균
미생물,3799,Exiguobacterium indicum,,세균
미생물,3800,Exiguobacterium aurantiacum,,세균
미생물,3801,Exiguobacterium profundum,,세균
미생물,3802,Exiguobacterium aestuarii,,세균
미생물,3803,Exiguobacterium aquaticum,,세균
미생물,3804,Exiguobacterium antarcticum,,세균
미생물,3805,Exiguobacterium qingdaonense,,세균
미생물,3806,Halobacillus andaensis,,세균
미생물,3807,Halobacillus campisalis,,세균
미생물,3808,Halobacillus alkaliphilus,,세균
미생물,3809,Halobacillus faecis,,세균
미생물,3810,Halobacillus mangrovi,,세균
미생물,3811,Halobacillus halophilus,,세균
미생물,3812,Halobacillus locisalis,,세균
미생물,3813,Halobacillus profundi,,세균
미생물,3814,Halobacillus yeomjeoni,,세균
미생물,3815,Halobacillus aidingensis,,세균
미생물,3816,Halobacillus dabanensis,,세균
미생물,3817,Halobacillus kuroshimensis,,세균
미생물,3818,Halobacillus seohaensis,,세균
미생물,3819,Halobacillus trueperi,,세균
미생물,3820,Halobacillus litoralis,,세균
미생물,3821,Halobacillus salinus,,세균
미생물,3822,Halobacillus karajensis,,세균
미생물,3823,Metabacillus herbersteinensis,,세균
미생물,3824,Metabacillus idriensis,,세균
미생물,3825,Metabacillus niabensis,,세균
미생물,3826,Metabacillus indicus,,세균
미생물,3827,Metabacillus litoralis,,세균
미생물,3828,Metabacillus halosaccharovorans,,세균
미생물,3829,Metabacillus crassostreae,,세균
미생물,3830,Metabacillus flavus,,세균
미생물,3831,Metabacillus bambusae,,세균
미생물,3832,Parageobacillus galactosidasius,,세균
미생물,3833,Parageobacillus caldoxylosilyticus,,세균
미생물,3834,Alkalihalobacillus algicola,,세균
미생물,3835,Alkalihalobacillus pseudofirmus,,세균
미생물,3836,Alkalihalobacillus hemicentroti,,세균
미생물,3837,Alkalihalobacillus alcalophilus,,세균
미생물,3838,Weizmannia ginsengihumi,,세균
미생물,3839,Weizmannia coagulans,,세균
미생물,3840,Mesobacillus subterraneus,,세균
미생물,3841,Mesobacillus boroniphilus,,세균
미생물,3842,Mesobacillus persicus,,세균
미생물,3843,Mesobacillus jeotgali,,세균
미생물,3844,Mesobacillus foraminis,,세균
미생물,3845,Mesobacillus selenatarsenatis,,세균
미생물,3846,Mesobacillus thioparans,,세균
미생물,3847,Mesobacillus campisalis,,세균
미생물,3848,Mesobacillus crassostreae,,세균
미생물,3849,Mesobacillus maritimus,,세균
미생물,3850,Litchfieldia salsa,,세균
미생물,3851,Litchfieldia alkalitelluris,,세균
미생물,3852,Cytobacillus horneckiae,,세균
미생물,3853,Cytobacillus firmus,,세균
미생물,3854,Cytobacillus kochii,,세균
미생물,3855,Cytobacillus luteolus,,세균
미생물,3856,Cytobacillus oceanisediminis,,세균
미생물,3857,Cytobacillus eiseniae,,세균
미생물,3858,Cytobacillus gottheilii,,세균
미생물,3859,Cytobacillus purgationiresistens,,세균
미생물,3860,Cytobacillus praedii,,세균
미생물,3861,Siminovitchia farraginis,,세균
미생물,3862,Peribacillus butanolivorans,,세균
미생물,3863,Peribacillus psychrosaccharolyticus,,세균
미생물,3864,Peribacillus muralis,,세균
미생물,3865,Peribacillus asahii,,세균
미생물,3866,Peribacillus simplex,,세균
미생물,3867,Peribacillus frigoritolerans,,세균
미생물,3868,Caldibacillus hisashii,,세균
미생물,3869,Caldibacillus thermolactis,,세균
미생물,3870,Caldibacillus kokeshiiformis,,세균
미생물,3871,Lentibacillus salinarum,,세균
미생물,3872,Fervidibacillus albus,,세균
미생물,3873,Fervidibacillus halotolerans,,세균
미생물,3874,Sutcliffiella halmapala,,세균
미생물,3875,Sutcliffiella zhanjiangensis,,세균
미생물,3876,Sutcliffiella horikoshii,,세균
미생물,3877,Lederbergia lenta,,세균
미생물,3878,Alkalicoccobacillus murimartini,,세균
미생물,3879,Alkalicoccobacillus gibsonii,,세균
미생물,3880,Alkalicoccobacillus porphyridii,,세균
미생물,3881,Gottfriedia acidiceleris,,세균
미생물,3882,Gottfriedia luciferensis,,세균
미생물,3883,Heyndrickxia sporothermodurans,,세균
미생물,3884,Pseudalkalibacillus hwajinpoensis,,세균
미생물,3885,Pseudalkalibacillus decolorationis,,세균
미생물,3886,Pseudalkalibacillus berkeleyi,,세균
미생물,3887,Pseudalkalibacillus sedimenti,,세균
미생물,3888,Shouchella patagoniensis,,세균
미생물,3889,Shouchella clausii,,세균
미생물,3890,Shouchella xiaoxiensis,,세균
미생물,3891,Shouchella oshimensis,,세균
미생물,3892,Shouchella hunanensis,,세균
미생물,3893,Shouchella tritolerans,,세균
미생물,3894,Halalkalibacter oceani,,세균
미생물,3895,Robertmurraya siralis,,세균
미생물,3896,Robertmurraya crescens,,세균
미생물,3897,Robertmurraya kyonggiensis,,세균
미생물,3898,Margalitia shackletonii,,세균
미생물,3899,Rossellomorea aquimaris,,세균
미생물,3900,Rossellomorea marisflavi,,세균
미생물,3901,Rossellomorea oryzaecorticis,,세균
미생물,3902,Rossellomorea arthrocnemi,,세균
미생물,3903,Rossellomorea vietnamensis,,세균
미생물,3904,Oceanobacillus profundus,,세균
미생물,3905,Oceanobacillus kimchii,,세균
미생물,3906,Oceanobacillus iheyensis,,세균
미생물,3907,Oceanobacillus manasiensis,,세균
미생물,3908,Oceanobacillus picturae,,세균
미생물,3909,Oceanobacillus caeni,,세균
미생물,3910,Oceanobacillus oncorhynchi subsp. Incaldanensis,,세균
미생물,3911,Ferdinandcohnia onubensis,,세균
미생물,3912,Ferdinandcohnia salidurans,,세균
미생물,3913,Priestia flexa,,세균
미생물,3914,Priestia megaterium,,세균
미생물,3915,Priestia filamentosa,,세균
미생물,3916,Priestia koreensis,,세균
미생물,3917,Priestia aryabhattai,,세균
미생물,3918,Priestia endophytica,,세균
미생물,3919,Niallia nealsonii,,세균
미생물,3920,Niallia circulans,,세균
미생물,3921,Marinococcus luteus,,세균
미생물,3922,Ectobacillus panaciterrae,,세균
미생물,3923,Rummeliibacillus stabekisii,,세균
미생물,3924,Rummeliibacillus pycnus,,세균
미생물,3925,Jeotgalicoccus halotolerans,,세균
미생물,3926,Jeotgalicoccus psychrophilus,,세균
미생물,3927,Macrococcus caseolyticus,,세균
미생물,3928,Macrococcus caseolyticus subsp. caseolyticus,,세균
미생물,3929,Salinicoccus roseus,,세균
미생물,3930,Salinicoccus halodurans,,세균
미생물,3931,Salinicoccus jeotgali,,세균
미생물,3932,Staphylococcus caprae,,세균
미생물,3933,Staphylococcus pasteuri,,세균
미생물,3934,Staphylococcus haemolyticus,,세균
미생물,3935,Staphylococcus xylosus,,세균
미생물,3936,Staphylococcus equorum,,세균
미생물,3937,Staphylococcus saprophyticus subsp. saprophyticus,,세균
미생물,3938,Staphylococcus epidermidis,,세균
미생물,3939,Staphylococcus hominis subsp. novobiosepticus,,세균
미생물,3940,Staphylococcus arlettae,,세균
미생물,3941,Staphylococcus auricularis,,세균
미생물,3942,Staphylococcus saprophyticus,,세균
미생물,3943,Staphylococcus warneri,,세균
미생물,3944,Staphylococcus aureus,,세균
미생물,3945,Staphylococcus cohnii,,세균
미생물,3946,Staphylococcus argenteus,,세균
미생물,3947,Staphylococcus carnosus,,세균
미생물,3948,Staphylococcus succinus,,세균
미생물,3949,Staphylococcus agnetis,,세균
미생물,3950,Staphylococcus hominis subsp. hominis,,세균
미생물,3951,Staphylococcus sciuri,,세균
미생물,3952,Staphylococcus capitis subsp. capitis,,세균
미생물,3953,Staphylococcus capitis subsp. urealyticus,,세균
미생물,3954,Staphylococcus casei,,세균
미생물,3955,Paenibacillus koleovorans,,세균
미생물,3956,Paenibacillus tundrae,,세균
미생물,3957,Paenibacillus lautus,,세균
미생물,3958,Paenibacillus nanensis,,세균
미생물,3959,Paenibacillus campinasensis,,세균
미생물,3960,Paenibacillus xylanexedens,,세균
육상담수종,83,Acheilognathus coreanus,,어류
육상담수종,194,Gnorimosphaeroma naktongense,,절지동물
육상담수종,221,Ulothrix cylindrica,,녹조류
육상담수종,222,Cosmarium circulare,,녹조류
육상담수종,223,Stauridium tetras,,녹조류
육상담수종,224,Ankistrodesmus gracilis var. westii,,녹조류
육상담수종,225,Chlorococcum infusionum,,녹조류
육상담수종,233,Urotricha furcata,,원생동물
육상담수종,234,Protocyclidium citrullus,,원생동물
육상담수종,235,Colpidium colpoda,,원생동물
육상담수종,236,Pleurotricha oligocirrata,,원생동물
육상담수종,237,Staurodesmus connatus,,규조류
육상담수종,238,Cyanobacterium aponinum,,편모조류
육상담수종,239,Synura spinosa,,편모조류
육상담수종,240,Closterium leibleinii,,편모조류
육상담수종,241,Closterium acutum,,편모조류
육상담수종,242,Actinotaenium turgidum,,편모조류
육상담수종,243,Micrasterias radians,,편모조류
육상담수종,244,Staurastrum tetracerum,,편모조류
육상담수종,245,Cosmarium humile var. striatum,,편모조류
육상담수종,246,Cosmarium quadratulum,,편모조류
육상담수종,247,Auxenochlorella pyrenoidosa,,편모조류
육상담수종,248,Actinastrum hantzschii,,편모조류
육상담수종,249,Sorastrum spinulosum,,편모조류
육상담수종,250,Quadrigula chodatii,,편모조류
육상담수종,251,Dimorphococcus lunatus,,편모조류
육상담수종,252,Oedogonium pachyandrium,,편모조류
육상담수종,253,Mucidosphaerium pulchellum,,편모조류
육상담수종,254,Lysinibacillus boronitolerans,,세균
육상담수종,255,Alkaliphilus oremlandii,,세균
육상담수종,256,Muriicola soli,,세균
육상담수종,257,Streptomyces xiamenensis,,세균
육상담수종,258,Rhodococcus pyridinivorans,,세균
육상담수종,259,Nocardioides terrigena,,세균
육상담수종,260,Tumebacillus ginsengisoli,,세균
육상담수종,261,Metabacillus endolithicus,,세균
