{"type":"FeatureCollection","name":"khoa-maritime-training-firing-zone","features":[{"type":"Feature","id":"khoa-seatn-af2dc3f7b118","geometry":{"type":"Polygon","coordinates":[[[130.0,36.866667],[130.0,36.033333],[130.416667,36.033333],[130.416667,36.733333],[130.216667,36.833333],[130.0,36.866667]]]},"properties":{"id":"khoa-seatn-af2dc3f7b118","name":"R-74","locationName":"동해 포항북방근해","referenceChartNumber":"No.462","referenceChartScale":"1:1,700,000","referenceChartName":"한국연안 해상사격 훈련구역도","organization":"국립해양조사원 해도수로과","revisionYear":"2024","effectiveDateText":"1989. 7. 1 발효","source":"국립해양조사원(KHOA)","sourceUpdatedAt":"2026-04-15","sourceRaw":"{\"OBJECTID\":\"1\",\"LAYR_KORN_\":\"공군 훈련구역\",\"RFRNC_INFO\":\"No.462\",\"RFRNC_I_01\":\"1:1,700,000\",\"RFRNC_I_02\":\"한국연안 해상사격 훈련구역도\",\"REL_RGLT\":\"한국연안 해상사격 훈련구역도 참조\",\"REL_DEPT\":\"국립해양조사원 해도수로과\",\"RVSN_YR\":\"2024\",\"ZONE_NM\":\"R-74\",\"ZONE_DTL\":\"동해 포항북방근해\",\"TRNG_PSBLT\":\"50,000ft 이하\",\"TKEF_YMD_C\":\"1989. 7. 1 발효\",\"ZONE_EXPLN\":\"다음 5지점을 차례로 연결한 선내 해면\",\"ZONE_CDNT_\":\"(1) 36-52-00.0N  130-00-00.0E \\r\\n(2) 36-50-00.0N  130-13-00.0E \\r\\n(3) 36-44-00.0N  130-25-00.0E \\r\\n(4) 36-02-00.0N  130-25-00.0E \\r\\n(5) 36-02-00.0N  130-00-00.0E\",\"MNCT_NO\":\"\",\"REL_IMG_PA\":\"\",\"ID\":\"1\",\"CTGRY_CD\":\"5010210\",\"RGN_CD\":\"4711000000\",\"RGN_NM\":\"경상북도 포항시\",\"ADDR\":\"경상북도 포항시\",\"EXMN_SE\":\"한국연안해상사격훈련구역도\",\"EXMN_YR\":\"2024\",\"EXMN_INST\":\"국립해양조사원\"}"}},{"type":"Feature","id":"khoa-seatn-c81cbf5ab372","geometry":{"type":"Polygon","coordinates":[[[129.85,38.25],[129.85,37.8],[130.166667,37.783333],[130.166667,38.233333],[129.85,38.25]]]},"properties":{"id":"khoa-seatn-c81cbf5ab372","name":"R-107","locationName":"동해 강릉먼바다","referenceChartNumber":"No.462","referenceChartScale":"1:1,700,000","referenceChartName":"한국연안 해상사격 훈련구역도","organization":"국립해양조사원 해도수로과","revisionYear":"2024","effectiveDateText":"1994. 8. 1 발효","source":"국립해양조사원(KHOA)","sourceUpdatedAt":"2026-04-15","sourceRaw":"{\"OBJECTID\":\"13\",\"LAYR_KORN_\":\"공군 훈련구역\",\"RFRNC_INFO\":\"No.462\",\"RFRNC_I_01\":\"1:1,700,000\",\"RFRNC_I_02\":\"한국연안 해상사격 훈련구역도\",\"REL_RGLT\":\"한국연안 해상사격 훈련구역도 참조\",\"REL_DEPT\":\"국립해양조사원 해도수로과\",\"RVSN_YR\":\"2024\",\"ZONE_NM\":\"R-107\",\"ZONE_DTL\":\"동해 강릉먼바다\",\"TRNG_PSBLT\":\"40,000ft 이하\",\"TKEF_YMD_C\":\"1994. 8. 1 발효\",\"ZONE_EXPLN\":\"다음 4지점을 차례로 연결한 선내 해면\",\"ZONE_CDNT_\":\"(1) 38-15-00.0N  129-51-00.0E \\r\\n(2) 38-14-00.0N  130-10-00.0E \\r\\n(3) 37-47-00.0N  130-10-00.0E \\r\\n(4) 37-48-00.0N  129-51-00.0E\",\"MNCT_NO\":\"\",\"REL_IMG_PA\":\"\",\"ID\":\"13\",\"CTGRY_CD\":\"5010210\",\"RGN_CD\":\"5115000000\",\"RGN_NM\":\"강원특별자치도 강릉시\",\"ADDR\":\"강원특별자치도 강릉시\",\"EXMN_SE\":\"한국연안해상사격훈련구역도\",\"EXMN_YR\":\"2024\",\"EXMN_INST\":\"국립해양조사원\"}"}},{"type":"Feature","id":"khoa-seatn-cf6e316bdf49","geometry":{"type":"Polygon","coordinates":[[[124.833333,37.0725],[124.833333,36.583333],[125.6,36.583333],[125.6,37.085556],[124.833333,37.0725]]]},"properties":{"id":"khoa-seatn-cf6e316bdf49","name":"R-88","locationName":"황해 격렬비열도북서방","referenceChartNumber":"No.462","referenceChartScale":"1:1,700,000","referenceChartName":"한국연안 해상사격 훈련구역도","organization":"국립해양조사원 해도수로과","revisionYear":"2024","effectiveDateText":"1994. 12. 1 발효","source":"국립해양조사원(KHOA)","sourceUpdatedAt":"2026-04-15","sourceRaw":"{\"OBJECTID\":\"4\",\"LAYR_KORN_\":\"공군 훈련구역\",\"RFRNC_INFO\":\"No.462\",\"RFRNC_I_01\":\"1:1,700,000\",\"RFRNC_I_02\":\"한국연안 해상사격 훈련구역도\",\"REL_RGLT\":\"한국연안 해상사격 훈련구역도 참조\",\"REL_DEPT\":\"국립해양조사원 해도수로과\",\"RVSN_YR\":\"2024\",\"ZONE_NM\":\"R-88\",\"ZONE_DTL\":\"황해 격렬비열도북서방\",\"TRNG_PSBLT\":\"40,000ft 이하\",\"TKEF_YMD_C\":\"1994. 12. 1 발효\",\"ZONE_EXPLN\":\"다음 4지점을 차례로 연결한 선내 해면\",\"ZONE_CDNT_\":\"(1) 37-04-21.0N  124-50-00.0E \\r\\n(2) 37-05-08.0N  125-36-00.0E \\r\\n(3) 36-35-00.0N  125-36-00.0E \\r\\n(4) 36-35-00.0N  124-50-00.0E\",\"MNCT_NO\":\"\",\"REL_IMG_PA\":\"\",\"ID\":\"4\",\"CTGRY_CD\":\"5010210\",\"RGN_CD\":\"4482500000\",\"RGN_NM\":\"충청남도 태안군\",\"ADDR\":\"충청남도 태안군\",\"EXMN_SE\":\"한국연안해상사격훈련구역도\",\"EXMN_YR\":\"2024\",\"EXMN_INST\":\"국립해양조사원\"}"}},{"type":"Feature","id":"khoa-seatn-cbacf1afab78","geometry":{"type":"Polygon","coordinates":[[[124.689722,36.082778],[125.601111,36.083611],[125.6,36.583333],[124.688611,36.582778],[124.689722,36.082778]]]},"properties":{"id":"khoa-seatn-cbacf1afab78","name":"R-80","locationName":"황해 격렬비열도남서방","referenceChartNumber":"No.462","referenceChartScale":"1:1,700,000","referenceChartName":"한국연안 해상사격 훈련구역도","organization":"국립해양조사원 해도수로과","revisionYear":"2024","effectiveDateText":"1969. 5. 28 발효","source":"국립해양조사원(KHOA)","sourceUpdatedAt":"2026-04-15","sourceRaw":"{\"OBJECTID\":\"2\",\"LAYR_KORN_\":\"공군 훈련구역\",\"RFRNC_INFO\":\"No.462\",\"RFRNC_I_01\":\"1:1,700,000\",\"RFRNC_I_02\":\"한국연안 해상사격 훈련구역도\",\"REL_RGLT\":\"한국연안 해상사격 훈련구역도 참조\",\"REL_DEPT\":\"국립해양조사원 해도수로과\",\"RVSN_YR\":\"2024\",\"ZONE_NM\":\"R-80\",\"ZONE_DTL\":\"황해 격렬비열도남서방\",\"TRNG_PSBLT\":\"40,000ft 이하\",\"TKEF_YMD_C\":\"1969. 5. 28 발효\",\"ZONE_EXPLN\":\"다음 4지점을 차례로 연결한 선내 해면\",\"ZONE_CDNT_\":\"(1) 36-34-58.0N  124-41-19.0E \\r\\n(2) 36-35-00.0N  125-36-00.0E \\r\\n(3) 36-05-01.0N  125-36-04.0E \\r\\n(4) 36-04-58.0N  124-41-23.0E\",\"MNCT_NO\":\"\",\"REL_IMG_PA\":\"\",\"ID\":\"2\",\"CTGRY_CD\":\"5010210\",\"RGN_CD\":\"4482500000\",\"RGN_NM\":\"충청남도 태안군\",\"ADDR\":\"충청남도 태안군\",\"EXMN_SE\":\"한국연안해상사격훈련구역도\",\"EXMN_YR\":\"2024\",\"EXMN_INST\":\"국립해양조사원\"}"}},{"type":"Feature","id":"khoa-seatn-de1108a3fcb2","geometry":{"type":"Polygon","coordinates":[[[124.691111,35.25],[124.691944,34.833333],[125.603333,34.833333],[125.602778,35.250278],[124.691111,35.25]]]},"properties":{"id":"khoa-seatn-de1108a3fcb2","name":"R-84","locationName":"황해 임자도서방근해","referenceChartNumber":"No.462","referenceChartScale":"1:1,700,000","referenceChartName":"한국연안 해상사격 훈련구역도","organization":"국립해양조사원 해도수로과","revisionYear":"2024","effectiveDateText":"1994. 8. 1 발효","source":"국립해양조사원(KHOA)","sourceUpdatedAt":"2026-04-15","sourceRaw":"{\"OBJECTID\":\"3\",\"LAYR_KORN_\":\"공군 훈련구역\",\"RFRNC_INFO\":\"No.462\",\"RFRNC_I_01\":\"1:1,700,000\",\"RFRNC_I_02\":\"한국연안 해상사격 훈련구역도\",\"REL_RGLT\":\"한국연안 해상사격 훈련구역도 참조\",\"REL_DEPT\":\"국립해양조사원 해도수로과\",\"RVSN_YR\":\"2024\",\"ZONE_NM\":\"R-84\",\"ZONE_DTL\":\"황해 임자도서방근해\",\"TRNG_PSBLT\":\"40,000ft 이하\",\"TKEF_YMD_C\":\"1994. 8. 1 발효\",\"ZONE_EXPLN\":\"다음 4지점을 차례로 연결한 선내 해면\",\"ZONE_CDNT_\":\"(1) 35-15-00.0N  124-41-28.0E \\r\\n(2) 35-15-01.0N  125-36-10.0E \\r\\n(3) 34-50-00.0N  125-36-12.0E \\r\\n(4) 34-50-00.0N  124-41-31.0E\",\"MNCT_NO\":\"\",\"REL_IMG_PA\":\"\",\"ID\":\"3\",\"CTGRY_CD\":\"5010210\",\"RGN_CD\":\"4687000000\",\"RGN_NM\":\"전라남도 영광군\",\"ADDR\":\"전라남도 영광군\",\"EXMN_SE\":\"한국연안해상사격훈련구역도\",\"EXMN_YR\":\"2024\",\"EXMN_INST\":\"국립해양조사원\"}"}},{"type":"Feature","id":"khoa-seatn-fcc507be5551","geometry":{"type":"Polygon","coordinates":[[[126.516667,36.333333],[126.183333,36.216667],[126.4,36.033333],[126.583333,36.3],[126.516667,36.333333]]]},"properties":{"id":"khoa-seatn-fcc507be5551","name":"R-97A","locationName":"서해안 대천A","referenceChartNumber":"No.462","referenceChartScale":"1:1,700,000","referenceChartName":"한국연안 해상사격 훈련구역도","organization":"국립해양조사원 해도수로과","revisionYear":"2024","effectiveDateText":"1970. 1. 21 발효","source":"국립해양조사원(KHOA)","sourceUpdatedAt":"2026-04-15","sourceRaw":"{\"OBJECTID\":\"5\",\"LAYR_KORN_\":\"공군 훈련구역\",\"RFRNC_INFO\":\"No.462\",\"RFRNC_I_01\":\"1:1,700,000\",\"RFRNC_I_02\":\"한국연안 해상사격 훈련구역도\",\"REL_RGLT\":\"한국연안 해상사격 훈련구역도 참조\",\"REL_DEPT\":\"국립해양조사원 해도수로과\",\"RVSN_YR\":\"2024\",\"ZONE_NM\":\"R-97A\",\"ZONE_DTL\":\"서해안 대천A\",\"TRNG_PSBLT\":\"30,000ft 이하\",\"TKEF_YMD_C\":\"1970. 1. 21 발효\",\"ZONE_EXPLN\":\"다음 4지점을 차례로 연결한 선내 해면\",\"ZONE_CDNT_\":\"(1) 36-20-00.0N  126-31-00.0E \\r\\n(2) 36-18-00.0N  126-35-00.0E \\r\\n(3) 36-02-00.0N  126-24-00.0E \\r\\n(4) 36-13-00.0N  126-11-00.0E\",\"MNCT_NO\":\"\",\"REL_IMG_PA\":\"\",\"ID\":\"5\",\"CTGRY_CD\":\"5010210\",\"RGN_CD\":\"4418000000\",\"RGN_NM\":\"충청남도 보령시\",\"ADDR\":\"충청남도 보령시\",\"EXMN_SE\":\"한국연안해상사격훈련구역도\",\"EXMN_YR\":\"2024\",\"EXMN_INST\":\"국립해양조사원\"}"}},{"type":"Feature","id":"khoa-seatn-e0f2d6b8182f","geometry":{"type":"Polygon","coordinates":[[[125.95,36.333333],[125.95,36.233333],[126.05,36.2],[126.366667,35.883333],[126.633333,36.233333],[126.502111,36.35625],[126.245472,36.36875],[126.166667,36.333333],[125.95,36.333333]]]},"properties":{"id":"khoa-seatn-e0f2d6b8182f","name":"R-97B","locationName":"서해안 대천B","referenceChartNumber":"No.462","referenceChartScale":"1:1,700,000","referenceChartName":"한국연안 해상사격 훈련구역도","organization":"국립해양조사원 해도수로과","revisionYear":"2024","effectiveDateText":"1980. 1. 20 발효","source":"국립해양조사원(KHOA)","sourceUpdatedAt":"2026-04-15","sourceRaw":"{\"OBJECTID\":\"6\",\"LAYR_KORN_\":\"공군 훈련구역\",\"RFRNC_INFO\":\"No.462\",\"RFRNC_I_01\":\"1:1,700,000\",\"RFRNC_I_02\":\"한국연안 해상사격 훈련구역도\",\"REL_RGLT\":\"한국연안 해상사격 훈련구역도 참조\",\"REL_DEPT\":\"국립해양조사원 해도수로과\",\"RVSN_YR\":\"2024\",\"ZONE_NM\":\"R-97B\",\"ZONE_DTL\":\"서해안 대천B\",\"TRNG_PSBLT\":\"무한대\",\"TKEF_YMD_C\":\"1980. 1. 20 발효\",\"ZONE_EXPLN\":\"다음 8지점을 차례로 연결한 선내 해면\",\"ZONE_CDNT_\":\"(1) 36-20-00.0N  125-57-00.0E \\r\\n(2) 36-20-00.0N  126-10-00.0E \\r\\n(3) 36-22-07.5N  126-14-43.7E \\r\\n(4) 36-21-22.5N  126-30-07.6E \\r\\n(5) 36-14-00.0N  126-38-00.0E \\r\\n(6) 35-53-00.0N  126-22-00.0E \\r\\n(7) 36-12-00.0N  126-03-00.0E \\r\\n(8) 36-14-00.0N  125-57-00.0E\",\"MNCT_NO\":\"\",\"REL_IMG_PA\":\"\",\"ID\":\"6\",\"CTGRY_CD\":\"5010210\",\"RGN_CD\":\"4418000000\",\"RGN_NM\":\"충청남도 보령시\",\"ADDR\":\"충청남도 보령시\",\"EXMN_SE\":\"한국연안해상사격훈련구역도\",\"EXMN_YR\":\"2024\",\"EXMN_INST\":\"국립해양조사원\"}"}},{"type":"Feature","id":"khoa-seatn-f4dbcdc0fca9","geometry":{"type":"Polygon","coordinates":[[[126.381833,36.358194],[125.583333,35.85],[125.733333,35.683333],[126.633333,36.233333],[126.502111,36.35625],[126.381833,36.358194]]]},"properties":{"id":"khoa-seatn-f4dbcdc0fca9","name":"R-97C","locationName":"서해안 대천C","referenceChartNumber":"No.462","referenceChartScale":"1:1,700,000","referenceChartName":"한국연안 해상사격 훈련구역도","organization":"국립해양조사원 해도수로과","revisionYear":"2024","effectiveDateText":"1994. 8. 1 발효","source":"국립해양조사원(KHOA)","sourceUpdatedAt":"2026-04-15","sourceRaw":"{\"OBJECTID\":\"7\",\"LAYR_KORN_\":\"공군 훈련구역\",\"RFRNC_INFO\":\"No.462\",\"RFRNC_I_01\":\"1:1,700,000\",\"RFRNC_I_02\":\"한국연안 해상사격 훈련구역도\",\"REL_RGLT\":\"한국연안 해상사격 훈련구역도 참조\",\"REL_DEPT\":\"국립해양조사원 해도수로과\",\"RVSN_YR\":\"2024\",\"ZONE_NM\":\"R-97C\",\"ZONE_DTL\":\"서해안 대천C\",\"TRNG_PSBLT\":\"무한대\",\"TKEF_YMD_C\":\"1994. 8. 1 발효\",\"ZONE_EXPLN\":\"다음 5지점을 차례로 연결한 선내 해면\",\"ZONE_CDNT_\":\"(1) 36- 21- 29.5N  126- 22- 54.6E \\r\\n(2) 36- 21- 22.5N  126- 30- 07.6E \\r\\n(3) 36- 14- 00.0N  126- 38- 00.0E \\r\\n(4) 35- 41- 00.0N  125- 44- 00.0E \\r\\n(5) 35- 51- 00.0N  125- 35- 00.0E\",\"MNCT_NO\":\"\",\"REL_IMG_PA\":\"\",\"ID\":\"7\",\"CTGRY_CD\":\"5010210\",\"RGN_CD\":\"4418000000\",\"RGN_NM\":\"충청남도 보령시\",\"ADDR\":\"충청남도 보령시\",\"EXMN_SE\":\"한국연안해상사격훈련구역도\",\"EXMN_YR\":\"2024\",\"EXMN_INST\":\"국립해양조사원\"}"}},{"type":"Feature","id":"khoa-seatn-bca9d8f7e324","geometry":{"type":"Polygon","coordinates":[[[126.412139,36.354861],[125.866667,35.7],[126.1,35.583333],[126.633333,36.233333],[126.502111,36.35625],[126.412139,36.354861]]]},"properties":{"id":"khoa-seatn-bca9d8f7e324","name":"R-97D","locationName":"서해안 대천D","referenceChartNumber":"No.462","referenceChartScale":"1:1,700,000","referenceChartName":"한국연안 해상사격 훈련구역도","organization":"국립해양조사원 해도수로과","revisionYear":"2024","effectiveDateText":"1994. 8. 1 발효","source":"국립해양조사원(KHOA)","sourceUpdatedAt":"2026-04-15","sourceRaw":"{\"OBJECTID\":\"8\",\"LAYR_KORN_\":\"공군 훈련구역\",\"RFRNC_INFO\":\"No.462\",\"RFRNC_I_01\":\"1:1,700,000\",\"RFRNC_I_02\":\"한국연안 해상사격 훈련구역도\",\"REL_RGLT\":\"한국연안 해상사격 훈련구역도 참조\",\"REL_DEPT\":\"국립해양조사원 해도수로과\",\"RVSN_YR\":\"2024\",\"ZONE_NM\":\"R-97D\",\"ZONE_DTL\":\"서해안 대천D\",\"TRNG_PSBLT\":\"무한대\",\"TKEF_YMD_C\":\"1994. 8. 1 발효\",\"ZONE_EXPLN\":\"다음 5지점을 차례로 연결한 선내 해면\",\"ZONE_CDNT_\":\"(1) 36-21-17.5N  126-24-43.7E \\r\\n(2) 36-21-22.5N  126-30-07.6E \\r\\n(3) 36-14-00.0N  126-38-00.0E \\r\\n(4) 35-35-00.0N  126-06-00.0E \\r\\n(5) 35-42-00.0N  125-52-00.0E\",\"MNCT_NO\":\"\",\"REL_IMG_PA\":\"\",\"ID\":\"8\",\"CTGRY_CD\":\"5010210\",\"RGN_CD\":\"4418000000\",\"RGN_NM\":\"충청남도 보령시\",\"ADDR\":\"충청남도 보령시\",\"EXMN_SE\":\"한국연안해상사격훈련구역도\",\"EXMN_YR\":\"2024\",\"EXMN_INST\":\"국립해양조사원\"}"}},{"type":"Feature","id":"khoa-seatn-71448e366606","geometry":{"type":"Polygon","coordinates":[[[126.516667,36.333333],[126.416667,36.288333],[126.515833,36.201944],[126.583333,36.3],[126.516667,36.333333]]]},"properties":{"id":"khoa-seatn-71448e366606","name":"R-97F","locationName":"서해안 대천F","referenceChartNumber":"No.462","referenceChartScale":"1:1,700,000","referenceChartName":"한국연안 해상사격 훈련구역도","organization":"국립해양조사원 해도수로과","revisionYear":"2024","effectiveDateText":"2012. 12. 13 발효","source":"국립해양조사원(KHOA)","sourceUpdatedAt":"2026-04-15","sourceRaw":"{\"OBJECTID\":\"10\",\"LAYR_KORN_\":\"공군 훈련구역\",\"RFRNC_INFO\":\"No.462\",\"RFRNC_I_01\":\"1:1,700,000\",\"RFRNC_I_02\":\"한국연안 해상사격 훈련구역도\",\"REL_RGLT\":\"한국연안 해상사격 훈련구역도 참조\",\"REL_DEPT\":\"국립해양조사원 해도수로과\",\"RVSN_YR\":\"2024\",\"ZONE_NM\":\"R-97F\",\"ZONE_DTL\":\"서해안 대천F\",\"TRNG_PSBLT\":\"15,000ft 이하\",\"TKEF_YMD_C\":\"2012. 12. 13 발효\",\"ZONE_EXPLN\":\"다음 4지점을 차례로 연결한 선내 해면\",\"ZONE_CDNT_\":\"(1) 36-20-00.0N 126-31-00.0E\\r\\n(2) 36-18-00.0N 126-35-00.0E\\r\\n(3) 36-12-07.0N 126-30-57.0E\\r\\n(4) 36-17-18.0N 126-25-00.0E\",\"MNCT_NO\":\"\",\"REL_IMG_PA\":\"\",\"ID\":\"10\",\"CTGRY_CD\":\"5010210\",\"RGN_CD\":\"4418000000\",\"RGN_NM\":\"충청남도 보령시\",\"ADDR\":\"충청남도 보령시\",\"EXMN_SE\":\"한국연안해상사격훈련구역도\",\"EXMN_YR\":\"2024\",\"EXMN_INST\":\"국립해양조사원\"}"}},{"type":"Feature","id":"khoa-seatn-29be86af31a3","geometry":{"type":"Polygon","coordinates":[[[126.542703,35.548354],[126.542675,35.549665],[126.542621,35.550976],[126.542543,35.552286],[126.542439,35.553595],[126.54231,35.554902],[126.542156,35.556207],[126.541977,35.55751],[126.541773,35.558811],[126.541544,35.560109],[126.54129,35.561404],[126.541011,35.562695],[126.540707,35.563983],[126.540379,35.565266],[126.540026,35.566546],[126.539648,35.56782],[126.539246,35.56909],[126.53882,35.570354],[126.538369,35.571613],[126.537894,35.572865],[126.537395,35.574112],[126.536872,35.575352],[126.536326,35.576585],[126.535755,35.57781],[126.535161,35.579029],[126.534544,35.580239],[126.533904,35.581442],[126.53324,35.582636],[126.532554,35.583821],[126.531845,35.584998],[126.531113,35.586165],[126.530359,35.587323],[126.529583,35.588471],[126.528785,35.589609],[126.527965,35.590736],[126.527123,35.591853],[126.52626,35.592959],[126.525376,35.594053],[126.524471,35.595136],[126.523545,35.596208],[126.522598,35.597267],[126.521632,35.598314],[126.520645,35.599348],[126.519638,35.60037],[126.518612,35.601379],[126.517567,35.602374],[126.516502,35.603356],[126.515419,35.604324],[126.514318,35.605278],[126.513198,35.606218],[126.51206,35.607143],[126.510904,35.608054],[126.509731,35.608949],[126.508541,35.60983],[126.507334,35.610695],[126.506111,35.611544],[126.504871,35.612378],[126.503615,35.613195],[126.502344,35.613997],[126.501058,35.614782],[126.499756,35.61555],[126.49844,35.616301],[126.49711,35.617036],[126.495766,35.617753],[126.494408,35.618453],[126.493036,35.619136],[126.491652,35.619801],[126.490255,35.620448],[126.488846,35.621077],[126.487424,35.621688],[126.485992,35.62228],[126.484548,35.622854],[126.483093,35.623409],[126.481627,35.623946],[126.480152,35.624464],[126.478666,35.624963],[126.477171,35.625442],[126.475667,35.625903],[126.474155,35.626344],[126.472634,35.626765],[126.471105,35.627167],[126.469569,35.62755],[126.468025,35.627912],[126.466475,35.628255],[126.464918,35.628578],[126.463355,35.62888],[126.461787,35.629163],[126.460213,35.629425],[126.458634,35.629668],[126.457051,35.629889],[126.455464,35.630091],[126.453873,35.630272],[126.452279,35.630433],[126.450682,35.630573],[126.449083,35.630693],[126.447481,35.630792],[126.445878,35.630871],[126.444273,35.630929],[126.442667,35.630966],[126.441061,35.630983],[126.439455,35.630979],[126.437849,35.630955],[126.436244,35.63091],[126.43464,35.630844],[126.433037,35.630758],[126.431436,35.630651],[126.429837,35.630523],[126.428241,35.630376],[126.426648,35.630207],[126.425059,35.630019],[126.423473,35.629809],[126.421892,35.62958],[126.420315,35.62933],[126.418743,35.62906],[126.417177,35.62877],[126.415616,35.62846],[126.414062,35.62813],[126.412514,35.62778],[126.410973,35.62741],[126.409439,35.62702],[126.407914,35.626611],[126.406396,35.626182],[126.404886,35.625734],[126.403386,35.625266],[126.401894,35.62478],[126.400413,35.624274],[126.398941,35.623749],[126.397479,35.623205],[126.396028,35.622643],[126.394588,35.622062],[126.39316,35.621463],[126.391743,35.620845],[126.390338,35.62021],[126.388946,35.619556],[126.387567,35.618885],[126.3862,35.618196],[126.384847,35.617489],[126.383508,35.616765],[126.382183,35.616025],[126.380872,35.615267],[126.379577,35.614492],[126.378296,35.613701],[126.37703,35.612894],[126.375781,35.61207],[126.374547,35.611231],[126.37333,35.610376],[126.372129,35.609505],[126.370945,35.608619],[126.369779,35.607718],[126.36863,35.606802],[126.367498,35.605871],[126.366385,35.604926],[126.36529,35.603967],[126.364214,35.602994],[126.363157,35.602007],[126.362119,35.601007],[126.3611,35.599993],[126.360101,35.598967],[126.359121,35.597927],[126.358162,35.596876],[126.357223,35.595812],[126.356305,35.594736],[126.355408,35.593649],[126.354531,35.59255],[126.353676,35.591441],[126.352843,35.59032],[126.352031,35.589189],[126.351241,35.588047],[126.350473,35.586896],[126.349727,35.585734],[126.349003,35.584564],[126.348303,35.583384],[126.347625,35.582195],[126.34697,35.580998],[126.346338,35.579792],[126.34573,35.578579],[126.345145,35.577358],[126.344583,35.576129],[126.344045,35.574894],[126.343531,35.573652],[126.343041,35.572403],[126.342575,35.571148],[126.342133,35.569887],[126.341716,35.568621],[126.341323,35.56735],[126.340954,35.566074],[126.34061,35.564793],[126.340291,35.563508],[126.339997,35.562219],[126.339727,35.560926],[126.339482,35.55963],[126.339262,35.558331],[126.339067,35.557029],[126.338897,35.555725],[126.338753,35.554419],[126.338633,35.553112],[126.338539,35.551803],[126.338469,35.550493],[126.338425,35.549182],[126.338406,35.547871],[126.338413,35.546559],[126.338444,35.545248],[126.338501,35.543938],[126.338583,35.542628],[126.33869,35.54132],[126.338822,35.540013],[126.338979,35.538708],[126.339162,35.537405],[126.339369,35.536105],[126.339601,35.534807],[126.339858,35.533513],[126.34014,35.532222],[126.340447,35.530935],[126.340778,35.529652],[126.341135,35.528373],[126.341515,35.527099],[126.34192,35.52583],[126.342349,35.524567],[126.342803,35.523309],[126.34328,35.522057],[126.343782,35.520811],[126.344307,35.519572],[126.344857,35.51834],[126.345429,35.517116],[126.346026,35.515898],[126.346645,35.514689],[126.347288,35.513487],[126.347953,35.512294],[126.348642,35.51111],[126.349353,35.509934],[126.350086,35.508768],[126.350842,35.507611],[126.35162,35.506465],[126.35242,35.505328],[126.353241,35.504202],[126.354084,35.503086],[126.354949,35.501982],[126.355834,35.500889],[126.356741,35.499807],[126.357667,35.498737],[126.358615,35.497679],[126.359582,35.496633],[126.36057,35.4956],[126.361577,35.494579],[126.362604,35.493572],[126.36365,35.492578],[126.364714,35.491598],[126.365798,35.490631],[126.3669,35.489678],[126.36802,35.48874],[126.369157,35.487816],[126.370313,35.486907],[126.371486,35.486012],[126.372675,35.485133],[126.373882,35.48427],[126.375104,35.483422],[126.376343,35.482589],[126.377598,35.481773],[126.378868,35.480973],[126.380154,35.480189],[126.381454,35.479422],[126.382769,35.478672],[126.384098,35.477938],[126.385441,35.477222],[126.386798,35.476523],[126.388167,35.475842],[126.38955,35.475178],[126.390945,35.474532],[126.392353,35.473905],[126.393772,35.473295],[126.395203,35.472703],[126.396644,35.47213],[126.398097,35.471576],[126.39956,35.47104],[126.401034,35.470523],[126.402517,35.470026],[126.404009,35.469547],[126.40551,35.469087],[126.40702,35.468647],[126.408539,35.468226],[126.410065,35.467825],[126.411598,35.467443],[126.413139,35.467081],[126.414686,35.466739],[126.41624,35.466417],[126.4178,35.466115],[126.419366,35.465833],[126.420936,35.465571],[126.422512,35.465329],[126.424091,35.465108],[126.425675,35.464907],[126.427263,35.464726],[126.428854,35.464565],[126.430448,35.464425],[126.432044,35.464306],[126.433642,35.464207],[126.435242,35.464128],[126.436844,35.46407],[126.438446,35.464033],[126.440049,35.464016],[126.441652,35.46402],[126.443254,35.464044],[126.444856,35.464089],[126.446457,35.464155],[126.448057,35.464241],[126.449654,35.464347],[126.45125,35.464474],[126.452842,35.464622],[126.454432,35.46479],[126.456018,35.464978],[126.457601,35.465186],[126.459179,35.465415],[126.460753,35.465665],[126.462322,35.465934],[126.463885,35.466223],[126.465443,35.466533],[126.466994,35.466862],[126.468539,35.467212],[126.470078,35.467581],[126.471609,35.46797],[126.473132,35.468378],[126.474647,35.468806],[126.476154,35.469253],[126.477652,35.46972],[126.479141,35.470206],[126.480621,35.470711],[126.48209,35.471234],[126.48355,35.471777],[126.484998,35.472338],[126.486436,35.472918],[126.487863,35.473516],[126.489278,35.474133],[126.490681,35.474767],[126.492072,35.475419],[126.49345,35.47609],[126.494815,35.476777],[126.496166,35.477483],[126.497504,35.478205],[126.498828,35.478945],[126.500138,35.479701],[126.501433,35.480475],[126.502713,35.481264],[126.503977,35.48207],[126.505226,35.482893],[126.506459,35.483731],[126.507676,35.484585],[126.508877,35.485454],[126.51006,35.486339],[126.511226,35.487238],[126.512376,35.488153],[126.513507,35.489082],[126.51462,35.490026],[126.515715,35.490984],[126.516792,35.491956],[126.51785,35.492941],[126.518889,35.49394],[126.519908,35.494952],[126.520908,35.495978],[126.521889,35.497015],[126.522849,35.498066],[126.523789,35.499128],[126.524708,35.500203],[126.525607,35.501289],[126.526485,35.502386],[126.527341,35.503495],[126.528176,35.504614],[126.52899,35.505745],[126.529782,35.506885],[126.530552,35.508035],[126.531299,35.509196],[126.532025,35.510365],[126.532728,35.511544],[126.533408,35.512732],[126.534065,35.513928],[126.534699,35.515132],[126.53531,35.516345],[126.535898,35.517565],[126.536462,35.518793],[126.537002,35.520028],[126.537519,35.521269],[126.538012,35.522517],[126.53848,35.523771],[126.538925,35.525031],[126.539345,35.526297],[126.539741,35.527568],[126.540113,35.528843],[126.54046,35.530124],[126.540782,35.531408],[126.54108,35.532697],[126.541353,35.533989],[126.541601,35.535285],[126.541824,35.536583],[126.542022,35.537885],[126.542195,35.539188],[126.542343,35.540494],[126.542466,35.541802],[126.542564,35.543111],[126.542636,35.544421],[126.542684,35.545732],[126.542706,35.547043],[126.542703,35.548354]]]},"properties":{"id":"khoa-seatn-29be86af31a3","name":"R-104","locationName":"서해안 미여도부근","referenceChartNumber":"No.462","referenceChartScale":"1:1,700,000","referenceChartName":"한국연안 해상사격 훈련구역도","organization":"국립해양조사원 해도수로과","revisionYear":"2024","effectiveDateText":"1994. 8. 1 발효","source":"국립해양조사원(KHOA)","sourceUpdatedAt":"2026-04-15","sourceRaw":"{\"OBJECTID\":\"11\",\"LAYR_KORN_\":\"공군 훈련구역\",\"RFRNC_INFO\":\"No.462\",\"RFRNC_I_01\":\"1:1,700,000\",\"RFRNC_I_02\":\"한국연안 해상사격 훈련구역도\",\"REL_RGLT\":\"한국연안 해상사격 훈련구역도 참조\",\"REL_DEPT\":\"국립해양조사원 해도수로과\",\"RVSN_YR\":\"2024\",\"ZONE_NM\":\"R-104\",\"ZONE_DTL\":\"서해안 미여도부근\",\"TRNG_PSBLT\":\"15,000ft 이하\",\"TKEF_YMD_C\":\"1994. 8. 1 발효\",\"ZONE_EXPLN\":\"다음 1지점을 중심으로 반경 5마일 구역\",\"ZONE_CDNT_\":\"35-32-51.0N 126-26-26.0E\",\"MNCT_NO\":\"\",\"REL_IMG_PA\":\"\",\"ID\":\"11\",\"CTGRY_CD\":\"5010210\",\"RGN_CD\":\"5279000000\",\"RGN_NM\":\"전북특별자치도 고창군\",\"ADDR\":\"전북특별자치도 고창군\",\"EXMN_SE\":\"한국연안해상사격훈련구역도\",\"EXMN_YR\":\"2024\",\"EXMN_INST\":\"국립해양조사원\"}"}},{"type":"Feature","id":"khoa-seatn-7c1dd133df12","geometry":{"type":"Polygon","coordinates":[[[126.281818,35.892812],[126.281753,35.895434],[126.281637,35.898055],[126.28147,35.900674],[126.281253,35.90329],[126.280985,35.905903],[126.280667,35.908513],[126.280298,35.911118],[126.279879,35.913719],[126.27941,35.916313],[126.278891,35.918901],[126.278322,35.921483],[126.277703,35.924056],[126.277035,35.926622],[126.276316,35.929178],[126.275549,35.931726],[126.274732,35.934263],[126.273867,35.936789],[126.272953,35.939304],[126.27199,35.941806],[126.270979,35.944297],[126.26992,35.946774],[126.268813,35.949237],[126.267658,35.951685],[126.266457,35.954119],[126.265208,35.956537],[126.263913,35.958939],[126.262571,35.961324],[126.261184,35.963691],[126.259751,35.96604],[126.258272,35.968371],[126.256749,35.970683],[126.255181,35.972975],[126.253569,35.975246],[126.251913,35.977497],[126.250213,35.979726],[126.248471,35.981933],[126.246686,35.984118],[126.244859,35.986279],[126.24299,35.988417],[126.24108,35.990531],[126.23913,35.99262],[126.237139,35.994684],[126.235109,35.996722],[126.233039,35.998734],[126.23093,36.000719],[126.228784,36.002677],[126.226599,36.004608],[126.224378,36.00651],[126.222119,36.008384],[126.219825,36.010228],[126.217495,36.012043],[126.215131,36.013828],[126.212732,36.015583],[126.210299,36.017306],[126.207833,36.018998],[126.205335,36.020659],[126.202805,36.022287],[126.200243,36.023883],[126.197651,36.025446],[126.195029,36.026976],[126.192377,36.028472],[126.189697,36.029934],[126.186989,36.031361],[126.184253,36.032754],[126.181491,36.034111],[126.178703,36.035433],[126.175889,36.036719],[126.173051,36.037969],[126.170189,36.039183],[126.167303,36.04036],[126.164395,36.0415],[126.161466,36.042602],[126.158515,36.043667],[126.155544,36.044695],[126.152554,36.045684],[126.149544,36.046634],[126.146517,36.047546],[126.143472,36.04842],[126.140411,36.049254],[126.137333,36.050049],[126.134241,36.050805],[126.131135,36.051521],[126.128015,36.052197],[126.124882,36.052833],[126.121737,36.053429],[126.118581,36.053985],[126.115415,36.0545],[126.112239,36.054975],[126.109054,36.05541],[126.105861,36.055803],[126.102661,36.056156],[126.099455,36.056467],[126.096243,36.056738],[126.093026,36.056968],[126.089804,36.057156],[126.08658,36.057303],[126.083353,36.057409],[126.080125,36.057474],[126.076896,36.057498],[126.073666,36.05748],[126.070438,36.057421],[126.067211,36.05732],[126.063986,36.057179],[126.060764,36.056996],[126.057547,36.056772],[126.054334,36.056507],[126.051127,36.056201],[126.047926,36.055854],[126.044732,36.055466],[126.041546,36.055038],[126.038369,36.054568],[126.035201,36.054059],[126.032044,36.053508],[126.028898,36.052918],[126.025763,36.052287],[126.022641,36.051616],[126.019533,36.050906],[126.016439,36.050156],[126.01336,36.049366],[126.010296,36.048537],[126.007249,36.04767],[126.004219,36.046763],[126.001208,36.045818],[125.998215,36.044834],[125.995241,36.043812],[125.992288,36.042752],[125.989355,36.041655],[125.986445,36.04052],[125.983556,36.039349],[125.980691,36.03814],[125.977849,36.036895],[125.975033,36.035614],[125.972241,36.034297],[125.969475,36.032945],[125.966736,36.031557],[125.964024,36.030135],[125.96134,36.028678],[125.958685,36.027186],[125.956058,36.025662],[125.953462,36.024103],[125.950897,36.022512],[125.948362,36.020888],[125.945859,36.019232],[125.943389,36.017545],[125.940952,36.015826],[125.938548,36.014075],[125.936179,36.012295],[125.933845,36.010484],[125.931546,36.008644],[125.929283,36.006775],[125.927056,36.004877],[125.924866,36.00295],[125.922715,36.000996],[125.920601,35.999015],[125.918526,35.997007],[125.91649,35.994972],[125.914494,35.992912],[125.912538,35.990827],[125.910622,35.988717],[125.908748,35.986583],[125.906915,35.984425],[125.905124,35.982243],[125.903376,35.98004],[125.901671,35.977814],[125.900009,35.975566],[125.898391,35.973298],[125.896816,35.971009],[125.895287,35.968701],[125.893802,35.966373],[125.892363,35.964026],[125.890969,35.961662],[125.889621,35.95928],[125.888319,35.95688],[125.887064,35.954465],[125.885856,35.952034],[125.884695,35.949587],[125.883581,35.947127],[125.882515,35.944652],[125.881497,35.942164],[125.880528,35.939663],[125.879607,35.93715],[125.878734,35.934626],[125.877911,35.932091],[125.877136,35.929545],[125.876411,35.92699],[125.875736,35.924426],[125.87511,35.921854],[125.874533,35.919274],[125.874007,35.916687],[125.873531,35.914094],[125.873105,35.911495],[125.872729,35.90889],[125.872404,35.906282],[125.872129,35.903669],[125.871904,35.901053],[125.87173,35.898435],[125.871607,35.895815],[125.871534,35.893193],[125.871511,35.890571],[125.87154,35.887949],[125.871619,35.885328],[125.871748,35.882708],[125.871929,35.880089],[125.872159,35.877474],[125.87244,35.874862],[125.872772,35.872254],[125.873153,35.86965],[125.873585,35.867051],[125.874067,35.864459],[125.874599,35.861872],[125.87518,35.859293],[125.875812,35.856722],[125.876492,35.854159],[125.877222,35.851605],[125.878002,35.849061],[125.87883,35.846527],[125.879707,35.844004],[125.880632,35.841492],[125.881606,35.838993],[125.882627,35.836506],[125.883697,35.834033],[125.884814,35.831573],[125.885978,35.829128],[125.887189,35.826699],[125.888447,35.824285],[125.889751,35.821887],[125.891101,35.819507],[125.892497,35.817144],[125.893938,35.814799],[125.895424,35.812473],[125.896954,35.810166],[125.898529,35.807879],[125.900148,35.805612],[125.90181,35.803367],[125.903515,35.801142],[125.905262,35.79894],[125.907052,35.796761],[125.908884,35.794605],[125.910756,35.792472],[125.91267,35.790363],[125.914624,35.78828],[125.916617,35.786221],[125.91865,35.784188],[125.920722,35.782182],[125.922832,35.780202],[125.92498,35.778249],[125.927165,35.776324],[125.929387,35.774427],[125.931645,35.772559],[125.933939,35.77072],[125.936267,35.768911],[125.938631,35.767131],[125.941028,35.765382],[125.943458,35.763664],[125.945921,35.761977],[125.948417,35.760321],[125.950943,35.758698],[125.953501,35.757108],[125.956089,35.75555],[125.958706,35.754025],[125.961353,35.752534],[125.964027,35.751077],[125.96673,35.749655],[125.969459,35.748267],[125.972215,35.746914],[125.974996,35.745597],[125.977802,35.744315],[125.980633,35.743069],[125.983487,35.74186],[125.986364,35.740687],[125.989263,35.739551],[125.992184,35.738453],[125.995125,35.737391],[125.998086,35.736368],[126.001067,35.735383],[126.004066,35.734435],[126.007083,35.733527],[126.010117,35.732656],[126.013167,35.731825],[126.016233,35.731033],[126.019314,35.73028],[126.022409,35.729567],[126.025517,35.728893],[126.028637,35.728259],[126.03177,35.727665],[126.034913,35.727111],[126.038067,35.726598],[126.04123,35.726124],[126.044402,35.725691],[126.047582,35.725299],[126.050769,35.724948],[126.053962,35.724637],[126.057161,35.724367],[126.060364,35.724138],[126.063572,35.72395],[126.066783,35.723803],[126.069996,35.723698],[126.073211,35.723633],[126.076427,35.723609],[126.079643,35.723626],[126.082858,35.723685],[126.086071,35.723785],[126.089283,35.723925],[126.092491,35.724107],[126.095695,35.72433],[126.098895,35.724593],[126.102089,35.724898],[126.105277,35.725243],[126.108458,35.725629],[126.111631,35.726055],[126.114796,35.726523],[126.117951,35.72703],[126.121096,35.727578],[126.12423,35.728166],[126.127353,35.728794],[126.130463,35.729461],[126.13356,35.730169],[126.136643,35.730916],[126.139711,35.731702],[126.142764,35.732527],[126.145801,35.733391],[126.148821,35.734294],[126.151823,35.735236],[126.154806,35.736215],[126.157771,35.737233],[126.160715,35.738289],[126.163639,35.739382],[126.166542,35.740512],[126.169422,35.741679],[126.17228,35.742883],[126.175114,35.744123],[126.177924,35.745399],[126.18071,35.746712],[126.183469,35.748059],[126.186203,35.749442],[126.18891,35.750859],[126.191589,35.752311],[126.19424,35.753797],[126.196862,35.755316],[126.199454,35.756869],[126.202017,35.758455],[126.204548,35.760074],[126.207049,35.761724],[126.209517,35.763407],[126.211953,35.76512],[126.214355,35.766865],[126.216724,35.76864],[126.219058,35.770445],[126.221357,35.77228],[126.223621,35.774144],[126.225848,35.776037],[126.228039,35.777958],[126.230193,35.779906],[126.232309,35.781882],[126.234387,35.783885],[126.236425,35.785914],[126.238425,35.787969],[126.240385,35.790049],[126.242305,35.792154],[126.244184,35.794284],[126.246022,35.796437],[126.247818,35.798613],[126.249572,35.800812],[126.251284,35.803033],[126.252952,35.805276],[126.254578,35.807539],[126.256159,35.809824],[126.257696,35.812128],[126.259189,35.814451],[126.260637,35.816794],[126.26204,35.819154],[126.263397,35.821533],[126.264708,35.823928],[126.265973,35.82634],[126.267191,35.828767],[126.268362,35.83121],[126.269486,35.833668],[126.270563,35.836139],[126.271592,35.838624],[126.272573,35.841122],[126.273505,35.843632],[126.274389,35.846154],[126.275225,35.848687],[126.276011,35.85123],[126.276749,35.853783],[126.277437,35.856345],[126.278075,35.858915],[126.278664,35.861493],[126.279204,35.864079],[126.279693,35.866671],[126.280132,35.869269],[126.280521,35.871872],[126.28086,35.87448],[126.281148,35.877092],[126.281386,35.879708],[126.281574,35.882326],[126.281711,35.884946],[126.281797,35.887567],[126.281833,35.890189],[126.281818,35.892812]]]},"properties":{"id":"khoa-seatn-7c1dd133df12","name":"R-105","locationName":"서해안 직도부근","referenceChartNumber":"No.462","referenceChartScale":"1:1,700,000","referenceChartName":"한국연안 해상사격 훈련구역도","organization":"국립해양조사원 해도수로과","revisionYear":"2024","effectiveDateText":"1994. 8. 1 발효","source":"국립해양조사원(KHOA)","sourceUpdatedAt":"2026-04-15","sourceRaw":"{\"OBJECTID\":\"12\",\"LAYR_KORN_\":\"공군 훈련구역\",\"RFRNC_INFO\":\"No.462\",\"RFRNC_I_01\":\"1:1,700,000\",\"RFRNC_I_02\":\"한국연안 해상사격 훈련구역도\",\"REL_RGLT\":\"한국연안 해상사격 훈련구역도 참조\",\"REL_DEPT\":\"국립해양조사원 해도수로과\",\"RVSN_YR\":\"2024\",\"ZONE_NM\":\"R-105\",\"ZONE_DTL\":\"서해안 직도부근\",\"TRNG_PSBLT\":\"40,000ft 이하\",\"TKEF_YMD_C\":\"1994. 8. 1 발효\",\"ZONE_EXPLN\":\"다음 1지점을 중심으로 반경 10마일 구역\",\"ZONE_CDNT_\":\"35-53-26.0N 126-04-36.0E\",\"MNCT_NO\":\"\",\"REL_IMG_PA\":\"\",\"ID\":\"12\",\"CTGRY_CD\":\"5010210\",\"RGN_CD\":\"5213000000\",\"RGN_NM\":\"전북특별자치도 군산시\",\"ADDR\":\"전북특별자치도 군산시\",\"EXMN_SE\":\"한국연안해상사격훈련구역도\",\"EXMN_YR\":\"2024\",\"EXMN_INST\":\"국립해양조사원\"}"}},{"type":"Feature","id":"khoa-seatn-513b5b8da235","geometry":{"type":"Polygon","coordinates":[[[126.516667,36.333333],[126.416667,36.288333],[126.515833,36.201944],[126.583333,36.3],[126.516667,36.333333]]]},"properties":{"id":"khoa-seatn-513b5b8da235","name":"R-97E","locationName":"서해안 대천E","referenceChartNumber":"No.462","referenceChartScale":"1:1,700,000","referenceChartName":"한국연안 해상사격 훈련구역도","organization":"국립해양조사원 해도수로과","revisionYear":"2024","effectiveDateText":"2012. 12. 13 발효","source":"국립해양조사원(KHOA)","sourceUpdatedAt":"2026-04-15","sourceRaw":"{\"OBJECTID\":\"9\",\"LAYR_KORN_\":\"공군 훈련구역\",\"RFRNC_INFO\":\"No.462\",\"RFRNC_I_01\":\"1:1,700,000\",\"RFRNC_I_02\":\"한국연안 해상사격 훈련구역도\",\"REL_RGLT\":\"한국연안 해상사격 훈련구역도 참조\",\"REL_DEPT\":\"국립해양조사원 해도수로과\",\"RVSN_YR\":\"2024\",\"ZONE_NM\":\"R-97E\",\"ZONE_DTL\":\"서해안 대천E\",\"TRNG_PSBLT\":\"30,000ft 이하\",\"TKEF_YMD_C\":\"2012. 12. 13 발효\",\"ZONE_EXPLN\":\"다음 4지점을 차례로 연결한 선내 해면\",\"ZONE_CDNT_\":\"(1) 36-20-00.0N  126-31-00.0E \\r\\n(2) 36-18-00.0N  126-35-00.0E \\r\\n(3) 36-12-07.0N  126-30-57.0E \\r\\n(4) 36-17-18.0N  126-25-00.0E\",\"MNCT_NO\":\"\",\"REL_IMG_PA\":\"\",\"ID\":\"9\",\"CTGRY_CD\":\"5010210\",\"RGN_CD\":\"4418000000\",\"RGN_NM\":\"충청남도 보령시\",\"ADDR\":\"충청남도 보령시\",\"EXMN_SE\":\"한국연안해상사격훈련구역도\",\"EXMN_YR\":\"2024\",\"EXMN_INST\":\"국립해양조사원\"}"}},{"type":"Feature","id":"khoa-seatn-0762b0931266","geometry":{"type":"Polygon","coordinates":[[[126.154639,36.679528],[126.151306,36.549556],[126.230472,36.552333],[126.199639,36.67675],[126.154639,36.679528]]]},"properties":{"id":"khoa-seatn-0762b0931266","name":"R-108A","locationName":"서해안 안흥1","referenceChartNumber":"No.462","referenceChartScale":"1:1,700,000","referenceChartName":"한국연안 해상사격 훈련구역도","organization":"국립해양조사원 해도수로과","revisionYear":"2024","effectiveDateText":"1980. 11. 1 발효","source":"국립해양조사원(KHOA)","sourceUpdatedAt":"2026-04-15","sourceRaw":"{\"OBJECTID\":\"1\",\"LAYR_KORN_\":\"국방과학연구소 훈련구역\",\"RFRNC_INFO\":\"No.462\",\"RFRNC_I_01\":\"1:1,700,000\",\"RFRNC_I_02\":\"한국연안 해상사격 훈련구역도\",\"REL_RGLT\":\"한국연안 해상사격 훈련구역도 참조\",\"REL_DEPT\":\"국립해양조사원 해도수로과\",\"RVSN_YR\":\"2024\",\"ZONE_NM\":\"R-108A\",\"ZONE_DTL\":\"서해안 안흥1\",\"TRNG_PSBLT\":\"27,000 ft이하\",\"TKEF_YMD_C\":\"1980. 11. 1 발효\",\"ZONE_EXPLN\":\"다음 4지점을 차례로 연결한 선내 해면\",\"ZONE_CDNT_\":\"(1) 36-40-46.3N  126-09-16.7E \\r\\n(2) 36-40-36.3N  126-11-58.7E \\r\\n(3) 36-33-08.4N  126-13-49.7E \\r\\n(4) 36-32-58.4N  126-09-04.7E\",\"MNCT_NO\":\"\",\"REL_IMG_PA\":\"\",\"ID\":\"1\",\"CTGRY_CD\":\"5010210\",\"RGN_CD\":\"4482500000\",\"RGN_NM\":\"충청남도 태안군\",\"ADDR\":\"충청남도 태안군\",\"EXMN_SE\":\"한국연안해상사격훈련구역도\",\"EXMN_YR\":\"2024\",\"EXMN_INST\":\"국립해양조사원\"}"}},{"type":"Feature","id":"khoa-seatn-e1780f90a3c7","geometry":{"type":"Polygon","coordinates":[[[126.17325,36.677306],[125.998,36.636194],[125.713889,35.021944],[126.052194,34.973361],[126.297944,36.569556],[126.17325,36.677306]]]},"properties":{"id":"khoa-seatn-e1780f90a3c7","name":"R-108C","locationName":"서해안 안흥3","referenceChartNumber":"No.462","referenceChartScale":"1:1,700,000","referenceChartName":"한국연안 해상사격 훈련구역도","organization":"국립해양조사원 해도수로과","revisionYear":"2024","effectiveDateText":"1994. 8. 1 발효","source":"국립해양조사원(KHOA)","sourceUpdatedAt":"2026-04-15","sourceRaw":"{\"OBJECTID\":\"3\",\"LAYR_KORN_\":\"국방과학연구소 훈련구역\",\"RFRNC_INFO\":\"No.462\",\"RFRNC_I_01\":\"1:1,700,000\",\"RFRNC_I_02\":\"한국연안 해상사격 훈련구역도\",\"REL_RGLT\":\"한국연안 해상사격 훈련구역도 참조\",\"REL_DEPT\":\"국립해양조사원 해도수로과\",\"RVSN_YR\":\"2024\",\"ZONE_NM\":\"R-108C\",\"ZONE_DTL\":\"서해안 안흥3\",\"TRNG_PSBLT\":\"무한대\",\"TKEF_YMD_C\":\"1994. 8. 1 발효\",\"ZONE_EXPLN\":\"다음 5지점을 차례로 연결한 선내 해면\",\"ZONE_CDNT_\":\"(1) 36-40-38.3N  126-10-23.7E \\r\\n(2) 36-34-10.4N  126-17-52.6E \\r\\n(3) 34-58-24.1N  126-03-07.9E \\r\\n(4) 35-01-19.0N  125-42-50.0E \\r\\n(5) 36-38-10.3N  125-59-52.8E\",\"MNCT_NO\":\"\",\"REL_IMG_PA\":\"\",\"ID\":\"3\",\"CTGRY_CD\":\"5010210\",\"RGN_CD\":\"4482500000\",\"RGN_NM\":\"충청남도 태안군\",\"ADDR\":\"충청남도 태안군\",\"EXMN_SE\":\"한국연안해상사격훈련구역도\",\"EXMN_YR\":\"2024\",\"EXMN_INST\":\"국립해양조사원\"}"}},{"type":"Feature","id":"khoa-seatn-b2972dfc60b3","geometry":{"type":"Polygon","coordinates":[[[126.154639,36.679528],[126.124639,36.469556],[126.250472,36.490389],[126.199639,36.67675],[126.154639,36.679528]]]},"properties":{"id":"khoa-seatn-b2972dfc60b3","name":"R-108B","locationName":"서해안 안흥2","referenceChartNumber":"No.462","referenceChartScale":"1:1,700,000","referenceChartName":"한국연안 해상사격 훈련구역도","organization":"국립해양조사원 해도수로과","revisionYear":"2024","effectiveDateText":"1980. 11. 1 발효","source":"국립해양조사원(KHOA)","sourceUpdatedAt":"2026-04-15","sourceRaw":"{\"OBJECTID\":\"2\",\"LAYR_KORN_\":\"국방과학연구소 훈련구역\",\"RFRNC_INFO\":\"No.462\",\"RFRNC_I_01\":\"1:1,700,000\",\"RFRNC_I_02\":\"한국연안 해상사격 훈련구역도\",\"REL_RGLT\":\"한국연안 해상사격 훈련구역도 참조\",\"REL_DEPT\":\"국립해양조사원 해도수로과\",\"RVSN_YR\":\"2024\",\"ZONE_NM\":\"R-108B\",\"ZONE_DTL\":\"서해안 안흥2\",\"TRNG_PSBLT\":\"33,000 ft이하\",\"TKEF_YMD_C\":\"1980. 11. 1 발효\",\"ZONE_EXPLN\":\"다음 4지점을 차례로 연결한 선내 해면\",\"ZONE_CDNT_\":\"(1) 36-40-46.3N  126-09-16.7E \\r\\n(2) 36-40-36.3N  126-11-58.7E \\r\\n(3) 36-29-25.4N  126-15-01.7E \\r\\n(4) 36-28-10.4N  126-07-28.7E\",\"MNCT_NO\":\"\",\"REL_IMG_PA\":\"\",\"ID\":\"2\",\"CTGRY_CD\":\"5010210\",\"RGN_CD\":\"4482500000\",\"RGN_NM\":\"충청남도 태안군\",\"ADDR\":\"충청남도 태안군\",\"EXMN_SE\":\"한국연안해상사격훈련구역도\",\"EXMN_YR\":\"2024\",\"EXMN_INST\":\"국립해양조사원\"}"}},{"type":"Feature","id":"khoa-seatn-980e1da00e17","geometry":{"type":"Polygon","coordinates":[[[126.199917,36.686472],[126.167694,36.677583],[126.228528,36.559556],[126.265194,36.560111],[126.265194,36.615944],[126.199917,36.686472]]]},"properties":{"id":"khoa-seatn-980e1da00e17","name":"R-108E","locationName":"서해안 안흥5","referenceChartNumber":"No.462","referenceChartScale":"1:1,700,000","referenceChartName":"한국연안 해상사격 훈련구역도","organization":"국립해양조사원 해도수로과","revisionYear":"2024","effectiveDateText":"1991. 8. 25 발효","source":"국립해양조사원(KHOA)","sourceUpdatedAt":"2026-04-15","sourceRaw":"{\"OBJECTID\":\"5\",\"LAYR_KORN_\":\"국방과학연구소 훈련구역\",\"RFRNC_INFO\":\"No.462\",\"RFRNC_I_01\":\"1:1,700,000\",\"RFRNC_I_02\":\"한국연안 해상사격 훈련구역도\",\"REL_RGLT\":\"한국연안 해상사격 훈련구역도 참조\",\"REL_DEPT\":\"국립해양조사원 해도수로과\",\"RVSN_YR\":\"2024\",\"ZONE_NM\":\"R-108E\",\"ZONE_DTL\":\"서해안 안흥5\",\"TRNG_PSBLT\":\"40,000ft 이하\",\"TKEF_YMD_C\":\"1991. 8. 25 발효\",\"ZONE_EXPLN\":\"다음 5지점을 차례로 연결한 선내 해면\",\"ZONE_CDNT_\":\"(1) 36-40-39.3N  126-10-03.7E \\r\\n(2) 36-41-11.3N  126-11-59.7E \\r\\n(3) 36-36-57.4N  126-15-54.7E \\r\\n(4) 36-33-36.4N  126-15-54.7E \\r\\n(5) 36-33-34.4N  126-13-42.7E\",\"MNCT_NO\":\"\",\"REL_IMG_PA\":\"\",\"ID\":\"5\",\"CTGRY_CD\":\"5010210\",\"RGN_CD\":\"4482500000\",\"RGN_NM\":\"충청남도 태안군\",\"ADDR\":\"충청남도 태안군\",\"EXMN_SE\":\"한국연안해상사격훈련구역도\",\"EXMN_YR\":\"2024\",\"EXMN_INST\":\"국립해양조사원\"}"}},{"type":"Feature","id":"khoa-seatn-12a0555c1e84","geometry":{"type":"Polygon","coordinates":[[[126.154639,36.679528],[126.006333,36.38625],[126.152139,36.36125],[126.197972,36.67675],[126.154639,36.679528]]]},"properties":{"id":"khoa-seatn-12a0555c1e84","name":"R-108D","locationName":"서해안 안흥4","referenceChartNumber":"No.462","referenceChartScale":"1:1,700,000","referenceChartName":"한국연안 해상사격 훈련구역도","organization":"국립해양조사원 해도수로과","revisionYear":"2024","effectiveDateText":"1980. 5. 1 발효","source":"국립해양조사원(KHOA)","sourceUpdatedAt":"2026-04-15","sourceRaw":"{\"OBJECTID\":\"4\",\"LAYR_KORN_\":\"국방과학연구소 훈련구역\",\"RFRNC_INFO\":\"No.462\",\"RFRNC_I_01\":\"1:1,700,000\",\"RFRNC_I_02\":\"한국연안 해상사격 훈련구역도\",\"REL_RGLT\":\"한국연안 해상사격 훈련구역도 참조\",\"REL_DEPT\":\"국립해양조사원 해도수로과\",\"RVSN_YR\":\"2024\",\"ZONE_NM\":\"R-108D\",\"ZONE_DTL\":\"서해안 안흥4\",\"TRNG_PSBLT\":\"무한대\",\"TKEF_YMD_C\":\"1980. 5. 1 발효\",\"ZONE_EXPLN\":\"다음 4지점을 차례로 연결한 선내 해면\",\"ZONE_CDNT_\":\"(1) 36-40-46.3N 126-09-16.7E \\r\\n(2) 36-40-36.3N 126-11-52.7E \\r\\n(3) 36-21-40.5N 126-09-07.7E \\r\\n(4) 36-23-10.5N 126-00-22.8E\",\"MNCT_NO\":\"\",\"REL_IMG_PA\":\"\",\"ID\":\"4\",\"CTGRY_CD\":\"5010210\",\"RGN_CD\":\"4482500000\",\"RGN_NM\":\"충청남도 태안군\",\"ADDR\":\"충청남도 태안군\",\"EXMN_SE\":\"한국연안해상사격훈련구역도\",\"EXMN_YR\":\"2024\",\"EXMN_INST\":\"국립해양조사원\"}"}},{"type":"Feature","id":"khoa-seatn-e250a3532dd0","geometry":{"type":"Polygon","coordinates":[[[125.943833,36.302917],[126.009111,36.28875],[126.197972,36.67675],[126.154639,36.679528],[125.943833,36.302917]]]},"properties":{"id":"khoa-seatn-e250a3532dd0","name":"R-108F","locationName":"서해안 안흥6","referenceChartNumber":"No.462","referenceChartScale":"1:1,700,000","referenceChartName":"한국연안 해상사격 훈련구역도","organization":"국립해양조사원 해도수로과","revisionYear":"2024","effectiveDateText":"1994. 8. 20 발효","source":"국립해양조사원(KHOA)","sourceUpdatedAt":"2026-04-15","sourceRaw":"{\"OBJECTID\":\"6\",\"LAYR_KORN_\":\"국방과학연구소 훈련구역\",\"RFRNC_INFO\":\"No.462\",\"RFRNC_I_01\":\"1:1,700,000\",\"RFRNC_I_02\":\"한국연안 해상사격 훈련구역도\",\"REL_RGLT\":\"한국연안 해상사격 훈련구역도 참조\",\"REL_DEPT\":\"국립해양조사원 해도수로과\",\"RVSN_YR\":\"2024\",\"ZONE_NM\":\"R-108F\",\"ZONE_DTL\":\"서해안 안흥6\",\"TRNG_PSBLT\":\"80,000ft 이하\",\"TKEF_YMD_C\":\"1994. 8. 20 발효\",\"ZONE_EXPLN\":\"다음 4지점을 차례로 연결한 선내 해면\",\"ZONE_CDNT_\":\"(1) 36-40-46.3N  126-09-16.7E \\r\\n(2) 36-40-36.3N  126-11-52.7E \\r\\n(3) 36-17-19.5N  126-00-32.8E \\r\\n(4) 36-18-10.5N  125-56-37.8E\",\"MNCT_NO\":\"\",\"REL_IMG_PA\":\"\",\"ID\":\"6\",\"CTGRY_CD\":\"5010210\",\"RGN_CD\":\"4482500000\",\"RGN_NM\":\"충청남도 태안군\",\"ADDR\":\"충청남도 태안군\",\"EXMN_SE\":\"한국연안해상사격훈련구역도\",\"EXMN_YR\":\"2024\",\"EXMN_INST\":\"국립해양조사원\"}"}},{"type":"Feature","id":"khoa-seatn-217c8efcd7c9","geometry":{"type":"Polygon","coordinates":[[[128.4,38.55],[128.4,38.516667],[128.516667,38.5],[128.533333,38.533333],[128.516667,38.566667],[128.4,38.55]]]},"properties":{"id":"khoa-seatn-217c8efcd7c9","name":"R-77","locationName":"동해안 마차진부근","referenceChartNumber":"No.462","referenceChartScale":"1:1,700,000","referenceChartName":"한국연안 해상사격 훈련구역도","organization":"국립해양조사원 해도수로과","revisionYear":"2024","effectiveDateText":"1977. 10. 6 발효, 2016. 1. 7 개정","source":"국립해양조사원(KHOA)","sourceUpdatedAt":"2026-04-15","sourceRaw":"{\"OBJECTID\":\"1\",\"LAYR_KORN_\":\"육군 훈련구역\",\"RFRNC_INFO\":\"No.462\",\"RFRNC_I_01\":\"1:1,700,000\",\"RFRNC_I_02\":\"한국연안 해상사격 훈련구역도\",\"REL_RGLT\":\"한국연안 해상사격 훈련구역도 참조\",\"REL_DEPT\":\"국립해양조사원 해도수로과\",\"RVSN_YR\":\"2024\",\"ZONE_NM\":\"R-77\",\"ZONE_DTL\":\"동해안 마차진부근\",\"TRNG_PSBLT\":\"15,000ft 이하\",\"TKEF_YMD_C\":\"1977. 10. 6 발효, 2016. 1. 7 개정\",\"ZONE_EXPLN\":\"다음 5지점을 차례로 연결한 선내 해면\",\"ZONE_CDNT_\":\"(1) 38-33-00.0N  128-24-00.0E \\r\\n(2) 38-34-00.0N  128-31-00.0E \\r\\n(3) 38-32-00.0N  128-32-00.0E \\r\\n(4) 38-30-00.0N  128-31-00.0E\\r\\n(5) 38-31-00.0N  128-24-00.0E\",\"MNCT_NO\":\"\",\"REL_IMG_PA\":\"\",\"ID\":\"1\",\"CTGRY_CD\":\"5010210\",\"RGN_CD\":\"5182000000\",\"RGN_NM\":\"강원특별자치도 고성군\",\"ADDR\":\"강원특별자치도 고성군\",\"EXMN_SE\":\"한국연안해상사격훈련구역도\",\"EXMN_YR\":\"2024\",\"EXMN_INST\":\"국립해양조사원\"}"}},{"type":"Feature","id":"khoa-seatn-024f0c415290","geometry":{"type":"Polygon","coordinates":[[[129.75,37.4],[131.0,36.816667],[131.0,37.225],[129.75,37.4]]]},"properties":{"id":"khoa-seatn-024f0c415290","name":"R-115","locationName":"동해 울릉도남방근해","referenceChartNumber":"No.462","referenceChartScale":"1:1,700,000","referenceChartName":"한국연안 해상사격 훈련구역도","organization":"국립해양조사원 해도수로과","revisionYear":"2024","effectiveDateText":"1992. 6. 1 발효","source":"국립해양조사원(KHOA)","sourceUpdatedAt":"2026-04-15","sourceRaw":"{\"OBJECTID\":\"4\",\"LAYR_KORN_\":\"해군 훈련구역\",\"RFRNC_INFO\":\"No.462\",\"RFRNC_I_01\":\"1:1,700,000\",\"RFRNC_I_02\":\"한국연안 해상사격 훈련구역도\",\"REL_RGLT\":\"한국연안 해상사격 훈련구역도 참조\",\"REL_DEPT\":\"국립해양조사원 해도수로과\",\"RVSN_YR\":\"2024\",\"ZONE_NM\":\"R-115\",\"ZONE_DTL\":\"동해 울릉도남방근해\",\"TRNG_PSBLT\":\"38,000ft 이하\",\"TKEF_YMD_C\":\"1992. 6. 1 발효\",\"ZONE_EXPLN\":\"다음 3지점을 차례로 연결한 선내 해면\",\"ZONE_CDNT_\":\"(1) 37-24-00.0N  129-45-00.0E \\r\\n(2) 37-13-30.0N  131-00-00.0E \\r\\n(3) 36-49-00.0N  131-00-00.0E\",\"MNCT_NO\":\"\",\"REL_IMG_PA\":\"\",\"ID\":\"4\",\"CTGRY_CD\":\"5010210\",\"RGN_CD\":\"4794000000\",\"RGN_NM\":\"경상북도 울릉군\",\"ADDR\":\"경상북도 울릉군\",\"EXMN_SE\":\"한국연안해상사격훈련구역도\",\"EXMN_YR\":\"2024\",\"EXMN_INST\":\"국립해양조사원\"}"}},{"type":"Feature","id":"khoa-seatn-a1aba3851d97","geometry":{"type":"Polygon","coordinates":[[[129.668194,35.783333],[129.668056,35.466667],[129.863333,35.465556],[130.203333,35.626667],[130.203333,35.716667],[129.668194,35.783333]]]},"properties":{"id":"khoa-seatn-a1aba3851d97","name":"R-119","locationName":"동해 울산근해","referenceChartNumber":"No.462","referenceChartScale":"1:1,700,000","referenceChartName":"한국연안 해상사격 훈련구역도","organization":"국립해양조사원 해도수로과","revisionYear":"2024","effectiveDateText":"1994. 1. 15 발효","source":"국립해양조사원(KHOA)","sourceUpdatedAt":"2026-04-15","sourceRaw":"{\"OBJECTID\":\"7\",\"LAYR_KORN_\":\"해군 훈련구역\",\"RFRNC_INFO\":\"No.462\",\"RFRNC_I_01\":\"1:1,700,000\",\"RFRNC_I_02\":\"한국연안 해상사격 훈련구역도\",\"REL_RGLT\":\"한국연안 해상사격 훈련구역도 참조\",\"REL_DEPT\":\"국립해양조사원 해도수로과\",\"RVSN_YR\":\"2024\",\"ZONE_NM\":\"R-119\",\"ZONE_DTL\":\"동해 울산근해\",\"TRNG_PSBLT\":\"2,500ft 이하\",\"TKEF_YMD_C\":\"1994. 1. 15 발효\",\"ZONE_EXPLN\":\"다음 5지점을 차례로 연결한 선내 해면\",\"ZONE_CDNT_\":\"(1) 35-47-00.0N  129-40-05.0E \\r\\n(2) 35-43-00.0N  130-12-12.0E \\r\\n(3) 35-37-36.0N  130-12-12.0E \\r\\n(4) 35-27-56.0N  129-51-48.0E \\r\\n(5) 35-28-00.0N  129-40-05.0E\",\"MNCT_NO\":\"\",\"REL_IMG_PA\":\"\",\"ID\":\"7\",\"CTGRY_CD\":\"5010210\",\"RGN_CD\":\"3120000000\",\"RGN_NM\":\"울산광역시 북구\",\"ADDR\":\"울산광역시 북구\",\"EXMN_SE\":\"한국연안해상사격훈련구역도\",\"EXMN_YR\":\"2024\",\"EXMN_INST\":\"국립해양조사원\"}"}},{"type":"Feature","id":"khoa-seatn-e81dab831289","geometry":{"type":"Polygon","coordinates":[[[128.190833,34.300278],[128.0,34.161389],[128.0,34.0],[128.583333,34.0],[128.719722,34.153611],[128.587222,34.336667],[128.583333,34.3],[128.190833,34.300278]]]},"properties":{"id":"khoa-seatn-e81dab831289","name":"R-72","locationName":"대한해협 욕지도남방근해","referenceChartNumber":"No.462","referenceChartScale":"1:1,700,000","referenceChartName":"한국연안 해상사격 훈련구역도","organization":"국립해양조사원 해도수로과","revisionYear":"2024","effectiveDateText":"1984. 4. 12 발효","source":"국립해양조사원(KHOA)","sourceUpdatedAt":"2026-04-15","sourceRaw":"{\"OBJECTID\":\"1\",\"LAYR_KORN_\":\"해군 훈련구역\",\"RFRNC_INFO\":\"No.462\",\"RFRNC_I_01\":\"1:1,700,000\",\"RFRNC_I_02\":\"한국연안 해상사격 훈련구역도\",\"REL_RGLT\":\"한국연안 해상사격 훈련구역도 참조\",\"REL_DEPT\":\"국립해양조사원 해도수로과\",\"RVSN_YR\":\"2024\",\"ZONE_NM\":\"R-72\",\"ZONE_DTL\":\"대한해협 욕지도남방근해\",\"TRNG_PSBLT\":\"무한대\",\"TKEF_YMD_C\":\"1984. 4. 12 발효\",\"ZONE_EXPLN\":\"다음 7지점을 차례로 연결한 선내 해면\",\"ZONE_CDNT_\":\"(1) 34-09-41.0N 128-00-00.0E\\r\\n(2) 34-18-01.0N 128-11-27.0E\\r\\n(3) 34-18-00.0N 128-35-00.0E\\r\\n(4) 34-20-12.0N 128-35-14.0E\\r\\n(5) 34-09-13.0N 128-43-11.0E\\r\\n(6) 34-00-00.0N 128-35-00.0E\\r\\n(7) 34-00-00.0N 128-00-00.0E\",\"MNCT_NO\":\"\",\"REL_IMG_PA\":\"\",\"ID\":\"1\",\"CTGRY_CD\":\"5010210\",\"RGN_CD\":\"4822000000\",\"RGN_NM\":\"경상남도 통영시\",\"ADDR\":\"경상남도 통영시\",\"EXMN_SE\":\"한국연안해상사격훈련구역도\",\"EXMN_YR\":\"2024\",\"EXMN_INST\":\"국립해양조사원\"}"}},{"type":"Feature","id":"khoa-seatn-c17d176577a4","geometry":{"type":"Polygon","coordinates":[[[125.7,37.1],[125.7,36.916667],[125.95,36.916667],[126.166667,37.1],[125.7,37.1]]]},"properties":{"id":"khoa-seatn-c17d176577a4","name":"R-124","locationName":"서해안 가덕도부근","referenceChartNumber":"No.462","referenceChartScale":"1:1,700,000","referenceChartName":"한국연안 해상사격 훈련구역도","organization":"국립해양조사원 해도수로과","revisionYear":"2024","effectiveDateText":"1995. 7. 1 발효","source":"국립해양조사원(KHOA)","sourceUpdatedAt":"2026-04-15","sourceRaw":"{\"OBJECTID\":\"11\",\"LAYR_KORN_\":\"해군 훈련구역\",\"RFRNC_INFO\":\"No.462\",\"RFRNC_I_01\":\"1:1,700,000\",\"RFRNC_I_02\":\"한국연안 해상사격 훈련구역도\",\"REL_RGLT\":\"한국연안 해상사격 훈련구역도 참조\",\"REL_DEPT\":\"국립해양조사원 해도수로과\",\"RVSN_YR\":\"2024\",\"ZONE_NM\":\"R-124\",\"ZONE_DTL\":\"서해안 가덕도부근\",\"TRNG_PSBLT\":\"2,500ft 이하\",\"TKEF_YMD_C\":\"1995. 7. 1 발효\",\"ZONE_EXPLN\":\"다음 4지점을 차례로 연결한 선내 해면\",\"ZONE_CDNT_\":\"(1) 37-06-00.0N  125-42-00.0E \\r\\n(2) 37-06-00.0N  126-10-00.0E \\r\\n(3) 36-55-00.0N  125-57-00.0E \\r\\n(4) 36-55-00.0N  125-42-00.0E\",\"MNCT_NO\":\"\",\"REL_IMG_PA\":\"\",\"ID\":\"11\",\"CTGRY_CD\":\"5010210\",\"RGN_CD\":\"2872000000\",\"RGN_NM\":\"인천광역시 옹진군\",\"ADDR\":\"인천광역시 옹진군\",\"EXMN_SE\":\"한국연안해상사격훈련구역도\",\"EXMN_YR\":\"2024\",\"EXMN_INST\":\"국립해양조사원\"}"}},{"type":"Feature","id":"khoa-seatn-a210cf56b126","geometry":{"type":"Polygon","coordinates":[[[128.75,38.416667],[128.75,38.283333],[129.0,38.283333],[129.0,38.166667],[129.5,38.166667],[129.5,38.416667],[128.75,38.416667]]]},"properties":{"id":"khoa-seatn-a210cf56b126","name":"R-121","locationName":"동해 속초근해","referenceChartNumber":"No.462","referenceChartScale":"1:1,700,000","referenceChartName":"한국연안 해상사격 훈련구역도","organization":"국립해양조사원 해도수로과","revisionYear":"2024","effectiveDateText":"1994. 1. 15 발효","source":"국립해양조사원(KHOA)","sourceUpdatedAt":"2026-04-15","sourceRaw":"{\"OBJECTID\":\"9\",\"LAYR_KORN_\":\"해군 훈련구역\",\"RFRNC_INFO\":\"No.462\",\"RFRNC_I_01\":\"1:1,700,000\",\"RFRNC_I_02\":\"한국연안 해상사격 훈련구역도\",\"REL_RGLT\":\"한국연안 해상사격 훈련구역도 참조\",\"REL_DEPT\":\"국립해양조사원 해도수로과\",\"RVSN_YR\":\"2024\",\"ZONE_NM\":\"R-121\",\"ZONE_DTL\":\"동해 속초근해\",\"TRNG_PSBLT\":\"2,500ft 이하\",\"TKEF_YMD_C\":\"1994. 1. 15 발효\",\"ZONE_EXPLN\":\"다음 6지점을 차례로 연결한 선내 해면\",\"ZONE_CDNT_\":\"(1) 38-25-00.0N  128-45-00.0E \\r\\n(2) 38-25-00.0N  129-30-00.0E \\r\\n(3) 38-10-00.0N  129-30-00.0E \\r\\n(4) 38-10-00.0N  129-00-00.0E \\r\\n(5) 38-17-00.0N  129-00-00.0E \\r\\n(6) 38-17-00.0N  128-45-00.0E\",\"MNCT_NO\":\"\",\"REL_IMG_PA\":\"\",\"ID\":\"9\",\"CTGRY_CD\":\"5010210\",\"RGN_CD\":\"5182000000\",\"RGN_NM\":\"강원특별자치도 고성군\",\"ADDR\":\"강원특별자치도 고성군\",\"EXMN_SE\":\"한국연안해상사격훈련구역도\",\"EXMN_YR\":\"2024\",\"EXMN_INST\":\"국립해양조사원\"}"}},{"type":"Feature","id":"khoa-seatn-f3dff7d0d5c0","geometry":{"type":"Polygon","coordinates":[[[129.066667,38.158333],[128.9625,38.1],[129.404167,37.558333],[129.505556,37.616667],[129.066667,38.158333]]]},"properties":{"id":"khoa-seatn-f3dff7d0d5c0","name":"R-135","locationName":"동해 강릉근해","referenceChartNumber":"No.462","referenceChartScale":"1:1,700,000","referenceChartName":"한국연안 해상사격 훈련구역도","organization":"국립해양조사원 해도수로과","revisionYear":"2024","effectiveDateText":"2004. 3. 18 발효","source":"국립해양조사원(KHOA)","sourceUpdatedAt":"2026-04-15","sourceRaw":"{\"OBJECTID\":\"16\",\"LAYR_KORN_\":\"해군 훈련구역\",\"RFRNC_INFO\":\"No.462\",\"RFRNC_I_01\":\"1:1,700,000\",\"RFRNC_I_02\":\"한국연안 해상사격 훈련구역도\",\"REL_RGLT\":\"한국연안 해상사격 훈련구역도 참조\",\"REL_DEPT\":\"국립해양조사원 해도수로과\",\"RVSN_YR\":\"2024\",\"ZONE_NM\":\"R-135\",\"ZONE_DTL\":\"동해 강릉근해\",\"TRNG_PSBLT\":\"500ft 이하\",\"TKEF_YMD_C\":\"2004. 3. 18 발효\",\"ZONE_EXPLN\":\"다음 4지점을 차례로 연결한 선내 해면\",\"ZONE_CDNT_\":\"(1) 38-09-30.0N 129-04-00.0E \\r\\n(2) 38-06-00.0N 128-57-45.0E \\r\\n(3) 37-33-30.0N 129-24-15.0E \\r\\n(4) 37-37-00.0N 129-30-20.0E\",\"MNCT_NO\":\"\",\"REL_IMG_PA\":\"\",\"ID\":\"16\",\"CTGRY_CD\":\"5010210\",\"RGN_CD\":\"5183000000\",\"RGN_NM\":\"강원특별자치도 양양군\",\"ADDR\":\"강원특별자치도 양양군\",\"EXMN_SE\":\"한국연안해상사격훈련구역도\",\"EXMN_YR\":\"2024\",\"EXMN_INST\":\"국립해양조사원\"}"}},{"type":"Feature","id":"khoa-seatn-d46be8c1c53d","geometry":{"type":"Polygon","coordinates":[[[130.416667,36.733333],[130.416667,36.033333],[130.483333,36.033333],[130.916667,36.283333],[130.916667,36.416667],[130.416667,36.733333]]]},"properties":{"id":"khoa-seatn-d46be8c1c53d","name":"R-120","locationName":"동해 포항북동먼바다","referenceChartNumber":"No.462","referenceChartScale":"1:1,700,000","referenceChartName":"한국연안 해상사격 훈련구역도","organization":"국립해양조사원 해도수로과","revisionYear":"2024","effectiveDateText":"1994. 1. 15 발효","source":"국립해양조사원(KHOA)","sourceUpdatedAt":"2026-04-15","sourceRaw":"{\"OBJECTID\":\"8\",\"LAYR_KORN_\":\"해군 훈련구역\",\"RFRNC_INFO\":\"No.462\",\"RFRNC_I_01\":\"1:1,700,000\",\"RFRNC_I_02\":\"한국연안 해상사격 훈련구역도\",\"REL_RGLT\":\"한국연안 해상사격 훈련구역도 참조\",\"REL_DEPT\":\"국립해양조사원 해도수로과\",\"RVSN_YR\":\"2024\",\"ZONE_NM\":\"R-120\",\"ZONE_DTL\":\"동해 포항북동먼바다\",\"TRNG_PSBLT\":\"38,000ft 이하\",\"TKEF_YMD_C\":\"1994. 1. 15 발효\",\"ZONE_EXPLN\":\"다음 5지점을 차례로 연결한 선내 해면\",\"ZONE_CDNT_\":\"(1) 36-44-00.0N  130-25-00.0E \\r\\n(2) 36-25-00.0N  130-55-00.0E \\r\\n(3) 36-17-00.0N  130-55-00.0E \\r\\n(4) 36-02-00.0N  130-29-00.0E \\r\\n(5) 36-02-00.0N  130-25-00.0E\",\"MNCT_NO\":\"\",\"REL_IMG_PA\":\"\",\"ID\":\"8\",\"CTGRY_CD\":\"5010210\",\"RGN_CD\":\"4711000000\",\"RGN_NM\":\"경상북도 포항시\",\"ADDR\":\"경상북도 포항시\",\"EXMN_SE\":\"한국연안해상사격훈련구역도\",\"EXMN_YR\":\"2024\",\"EXMN_INST\":\"국립해양조사원\"}"}},{"type":"Feature","id":"khoa-seatn-fc0f3711a6b9","geometry":{"type":"Polygon","coordinates":[[[125.0,36.0],[125.0,35.583333],[125.5,35.583333],[125.5,36.0],[125.0,36.0]]]},"properties":{"id":"khoa-seatn-fc0f3711a6b9","name":"R-123","locationName":"황해 안마도북서근해","referenceChartNumber":"No.462","referenceChartScale":"1:1,700,000","referenceChartName":"한국연안 해상사격 훈련구역도","organization":"국립해양조사원 해도수로과","revisionYear":"2024","effectiveDateText":"1995. 7. 1 발효","source":"국립해양조사원(KHOA)","sourceUpdatedAt":"2026-04-15","sourceRaw":"{\"OBJECTID\":\"10\",\"LAYR_KORN_\":\"해군 훈련구역\",\"RFRNC_INFO\":\"No.462\",\"RFRNC_I_01\":\"1:1,700,000\",\"RFRNC_I_02\":\"한국연안 해상사격 훈련구역도\",\"REL_RGLT\":\"한국연안 해상사격 훈련구역도 참조\",\"REL_DEPT\":\"국립해양조사원 해도수로과\",\"RVSN_YR\":\"2024\",\"ZONE_NM\":\"R-123\",\"ZONE_DTL\":\"황해 안마도북서근해\",\"TRNG_PSBLT\":\"3,700ft 이하\",\"TKEF_YMD_C\":\"1995. 7. 1 발효\",\"ZONE_EXPLN\":\"다음 4지점을 차례로 연결한 선내 해면\",\"ZONE_CDNT_\":\"(1) 36-00-00.0N  125-00-00.0E \\r\\n(2) 36-00-00.0N  125-30-00.0E \\r\\n(3) 35-35-00.0N  125-30-00.0E \\r\\n(4) 35-35-00.0N  125-00-00.0E\",\"MNCT_NO\":\"\",\"REL_IMG_PA\":\"\",\"ID\":\"10\",\"CTGRY_CD\":\"5010210\",\"RGN_CD\":\"5213000000\",\"RGN_NM\":\"전북특별자치도 군산시\",\"ADDR\":\"전북특별자치도 군산시\",\"EXMN_SE\":\"한국연안해상사격훈련구역도\",\"EXMN_YR\":\"2024\",\"EXMN_INST\":\"국립해양조사원\"}"}},{"type":"Feature","id":"khoa-seatn-26b97ddef53e","geometry":{"type":"Polygon","coordinates":[[[125.8,34.0],[125.8,33.5],[126.0,33.5],[126.0,34.0],[125.8,34.0]]]},"properties":{"id":"khoa-seatn-26b97ddef53e","name":"R-126","locationName":"황해 제주도북서근해","referenceChartNumber":"No.462","referenceChartScale":"1:1,700,000","referenceChartName":"한국연안 해상사격 훈련구역도","organization":"국립해양조사원 해도수로과","revisionYear":"2024","effectiveDateText":"1995. 8. 15 발효","source":"국립해양조사원(KHOA)","sourceUpdatedAt":"2026-04-15","sourceRaw":"{\"OBJECTID\":\"13\",\"LAYR_KORN_\":\"해군 훈련구역\",\"RFRNC_INFO\":\"No.462\",\"RFRNC_I_01\":\"1:1,700,000\",\"RFRNC_I_02\":\"한국연안 해상사격 훈련구역도\",\"REL_RGLT\":\"한국연안 해상사격 훈련구역도 참조\",\"REL_DEPT\":\"국립해양조사원 해도수로과\",\"RVSN_YR\":\"2024\",\"ZONE_NM\":\"R-126\",\"ZONE_DTL\":\"황해 제주도북서근해\",\"TRNG_PSBLT\":\"3,000ft 이하\",\"TKEF_YMD_C\":\"1995. 8. 15 발효\",\"ZONE_EXPLN\":\"다음 4지점을 차례로 연결한 선내 해면\",\"ZONE_CDNT_\":\"(1) 34-00-00.0N  125-48-00.0E \\r\\n(2) 34-00-00.0N  126-00-00.0E \\r\\n(3) 33-30-00.0N  126-00-00.0E \\r\\n(4) 33-30-00.0N  125-48-00.0E\",\"MNCT_NO\":\"\",\"REL_IMG_PA\":\"\",\"ID\":\"13\",\"CTGRY_CD\":\"5010210\",\"RGN_CD\":\"5011000000\",\"RGN_NM\":\"제주특별자치도 제주시\",\"ADDR\":\"제주특별자치도 제주시\",\"EXMN_SE\":\"한국연안해상사격훈련구역도\",\"EXMN_YR\":\"2024\",\"EXMN_INST\":\"국립해양조사원\"}"}},{"type":"Feature","id":"khoa-seatn-5b3816becb9a","geometry":{"type":"Polygon","coordinates":[[[129.0,38.233333],[129.0,38.166667],[129.316667,38.166667],[129.633333,37.8],[129.766667,37.8],[129.766667,38.233333],[129.0,38.233333]]]},"properties":{"id":"khoa-seatn-5b3816becb9a","name":"R-156","locationName":"동해안 주문진근해","referenceChartNumber":"No.462","referenceChartScale":"1:1,700,000","referenceChartName":"한국연안 해상사격 훈련구역도","organization":"국립해양조사원 해도수로과","revisionYear":"2024","effectiveDateText":null,"source":"국립해양조사원(KHOA)","sourceUpdatedAt":"2026-04-15","sourceRaw":"{\"OBJECTID\":\"19\",\"LAYR_KORN_\":\"해군 훈련구역\",\"RFRNC_INFO\":\"No.462\",\"RFRNC_I_01\":\"1:1,700,000\",\"RFRNC_I_02\":\"한국연안 해상사격 훈련구역도\",\"REL_RGLT\":\"한국연안 해상사격 훈련구역도 참조\",\"REL_DEPT\":\"국립해양조사원 해도수로과\",\"RVSN_YR\":\"2024\",\"ZONE_NM\":\"R-156\",\"ZONE_DTL\":\"동해안 주문진근해\",\"TRNG_PSBLT\":\"3,500ft 이하\",\"TKEF_YMD_C\":\"\",\"ZONE_EXPLN\":\"다음 6지점을 차례로 연결한 선내 해면\",\"ZONE_CDNT_\":\"(1) 38-14-00.0N  129-00-00.0E \\r\\n(2) 38-14-00.0N  129-46-00.0E \\r\\n(3) 37-48-00.0N  129-46-00.0E \\r\\n(4) 37-48-00.0N  129-38-00.0E \\r\\n(5) 38-10-00.0N  129-19-00.0E \\r\\n(6) 38-10-00.0N  129-00-00.0E\",\"MNCT_NO\":\"\",\"REL_IMG_PA\":\"\",\"ID\":\"19\",\"CTGRY_CD\":\"5010210\",\"RGN_CD\":\"5115000000\",\"RGN_NM\":\"강원도 강릉시\",\"ADDR\":\"강원도 강릉시\",\"EXMN_SE\":\"한국연안해상사격훈련구역도\",\"EXMN_YR\":\"2024\",\"EXMN_INST\":\"국립해양조사원\"}"}},{"type":"Feature","id":"khoa-seatn-9ddf6ceeebc1","geometry":{"type":"Polygon","coordinates":[[[126.616667,33.0],[126.466667,32.666667],[126.75,32.666667],[126.616667,33.0]]]},"properties":{"id":"khoa-seatn-9ddf6ceeebc1","name":"R-128","locationName":"대한해협 서귀포근해","referenceChartNumber":"No.462","referenceChartScale":"1:1,700,000","referenceChartName":"한국연안 해상사격 훈련구역도","organization":"국립해양조사원 해도수로과","revisionYear":"2024","effectiveDateText":"1996. 1. 1 발효","source":"국립해양조사원(KHOA)","sourceUpdatedAt":"2026-04-15","sourceRaw":"{\"OBJECTID\":\"14\",\"LAYR_KORN_\":\"해군 훈련구역\",\"RFRNC_INFO\":\"No.462\",\"RFRNC_I_01\":\"1:1,700,000\",\"RFRNC_I_02\":\"한국연안 해상사격 훈련구역도\",\"REL_RGLT\":\"한국연안 해상사격 훈련구역도 참조\",\"REL_DEPT\":\"국립해양조사원 해도수로과\",\"RVSN_YR\":\"2024\",\"ZONE_NM\":\"R-128\",\"ZONE_DTL\":\"대한해협 서귀포근해\",\"TRNG_PSBLT\":\"7,000ft 이하\",\"TKEF_YMD_C\":\"1996. 1. 1 발효\",\"ZONE_EXPLN\":\"다음 3지점을 차례로 연결한 선내 해면\",\"ZONE_CDNT_\":\"(1) 33-00-00.0N  126-37-00.0E \\r\\n(2) 32-40-00.0N  126-45-00.0E \\r\\n(3) 32-40-00.0N  126-28-00.0E\",\"MNCT_NO\":\"\",\"REL_IMG_PA\":\"\",\"ID\":\"14\",\"CTGRY_CD\":\"5010210\",\"RGN_CD\":\"5013000000\",\"RGN_NM\":\"제주특별자치도 서귀포시\",\"ADDR\":\"제주특별자치도 서귀포시\",\"EXMN_SE\":\"한국연안해상사격훈련구역도\",\"EXMN_YR\":\"2024\",\"EXMN_INST\":\"국립해양조사원\"}"}},{"type":"Feature","id":"khoa-seatn-b1f20f877984","geometry":{"type":"Polygon","coordinates":[[[124.086111,37.748611],[124.086111,37.503889],[124.611111,37.502778],[124.611111,37.748611],[124.086111,37.748611]]]},"properties":{"id":"khoa-seatn-b1f20f877984","name":"R-153","locationName":"서해안 대청도서부","referenceChartNumber":"No.462","referenceChartScale":"1:1,700,000","referenceChartName":"한국연안 해상사격 훈련구역도","organization":"국립해양조사원 해도수로과","revisionYear":"2024","effectiveDateText":null,"source":"국립해양조사원(KHOA)","sourceUpdatedAt":"2026-04-15","sourceRaw":"{\"OBJECTID\":\"18\",\"LAYR_KORN_\":\"해군 훈련구역\",\"RFRNC_INFO\":\"No.462\",\"RFRNC_I_01\":\"1:1,700,000\",\"RFRNC_I_02\":\"한국연안 해상사격 훈련구역도\",\"REL_RGLT\":\"한국연안 해상사격 훈련구역도 참조\",\"REL_DEPT\":\"국립해양조사원 해도수로과\",\"RVSN_YR\":\"2024\",\"ZONE_NM\":\"R-153\",\"ZONE_DTL\":\"서해안 대청도서부\",\"TRNG_PSBLT\":\"3,000ft 이하\",\"TKEF_YMD_C\":\"\",\"ZONE_EXPLN\":\"다음 4지점을 차례로 연결한 선내 해면\",\"ZONE_CDNT_\":\"(1) 37-44-55.0N  124-05-10.0E \\r\\n(2) 37-44-55.0N  124-36-40.0E \\r\\n(3) 37-30-10.0N  124-36-40.0E \\r\\n(4) 37-30-14.0N  124-05-10.0E\",\"MNCT_NO\":\"\",\"REL_IMG_PA\":\"\",\"ID\":\"18\",\"CTGRY_CD\":\"5010210\",\"RGN_CD\":\"2872000000\",\"RGN_NM\":\"인천광역시 옹진군\",\"ADDR\":\"인천광역시 옹진군\",\"EXMN_SE\":\"한국연안해상사격훈련구역도\",\"EXMN_YR\":\"2024\",\"EXMN_INST\":\"국립해양조사원\"}"}},{"type":"Feature","id":"khoa-seatn-3be0ff9c4f7e","geometry":{"type":"Polygon","coordinates":[[[125.834408,34.709757],[125.834369,34.711081],[125.834304,34.712405],[125.834214,34.713727],[125.834099,34.715049],[125.833958,34.716368],[125.833792,34.717685],[125.8336,34.719],[125.833383,34.720313],[125.833141,34.721622],[125.832874,34.722928],[125.832582,34.724231],[125.832265,34.725529],[125.831922,34.726823],[125.831555,34.728113],[125.831164,34.729397],[125.830747,34.730676],[125.830306,34.73195],[125.829841,34.733217],[125.829351,34.734479],[125.828838,34.735734],[125.8283,34.736981],[125.827738,34.738222],[125.827152,34.739455],[125.826543,34.740681],[125.82591,34.741898],[125.825254,34.743107],[125.824574,34.744307],[125.823872,34.745497],[125.823147,34.746679],[125.822399,34.747851],[125.821629,34.749013],[125.820837,34.750165],[125.820022,34.751306],[125.819186,34.752436],[125.818327,34.753556],[125.817448,34.754664],[125.816547,34.75576],[125.815626,34.756844],[125.814683,34.757916],[125.81372,34.758976],[125.812737,34.760023],[125.811734,34.761057],[125.810711,34.762077],[125.809668,34.763084],[125.808606,34.764078],[125.807525,34.765057],[125.806426,34.766022],[125.805308,34.766972],[125.804172,34.767908],[125.803018,34.768828],[125.801846,34.769734],[125.800658,34.770624],[125.799452,34.771498],[125.798229,34.772356],[125.79699,34.773199],[125.795735,34.774024],[125.794465,34.774834],[125.793178,34.775626],[125.791877,34.776402],[125.790561,34.77716],[125.789231,34.777902],[125.787886,34.778625],[125.786528,34.779331],[125.785156,34.780019],[125.783771,34.780689],[125.782374,34.781341],[125.780964,34.781974],[125.779542,34.782589],[125.778108,34.783185],[125.776663,34.783762],[125.775207,34.78432],[125.773741,34.784859],[125.772264,34.785379],[125.770778,34.785879],[125.769282,34.78636],[125.767777,34.786821],[125.766263,34.787263],[125.764741,34.787684],[125.763211,34.788086],[125.761674,34.788467],[125.760129,34.788828],[125.758578,34.789169],[125.75702,34.78949],[125.755457,34.78979],[125.753887,34.79007],[125.752313,34.790329],[125.750733,34.790567],[125.74915,34.790784],[125.747562,34.790981],[125.745971,34.791157],[125.744376,34.791312],[125.742779,34.791447],[125.741179,34.79156],[125.739578,34.791652],[125.737975,34.791723],[125.73637,34.791774],[125.734765,34.791803],[125.73316,34.791811],[125.731554,34.791798],[125.729949,34.791765],[125.728345,34.79171],[125.726742,34.791634],[125.725141,34.791537],[125.723542,34.791419],[125.721945,34.79128],[125.720351,34.791121],[125.718761,34.79094],[125.717174,34.790739],[125.715591,34.790517],[125.714013,34.790274],[125.71244,34.79001],[125.710872,34.789726],[125.709309,34.789422],[125.707753,34.789097],[125.706203,34.788751],[125.70466,34.788386],[125.703124,34.788],[125.701596,34.787594],[125.700076,34.787168],[125.698564,34.786723],[125.697061,34.786257],[125.695567,34.785772],[125.694083,34.785268],[125.692608,34.784744],[125.691144,34.7842],[125.689691,34.783638],[125.688248,34.783057],[125.686817,34.782457],[125.685398,34.781838],[125.683991,34.7812],[125.682596,34.780545],[125.681214,34.779871],[125.679845,34.779179],[125.67849,34.778469],[125.677148,34.777742],[125.675821,34.776997],[125.674508,34.776235],[125.67321,34.775456],[125.671928,34.774659],[125.67066,34.773846],[125.669409,34.773017],[125.668174,34.772171],[125.666955,34.77131],[125.665753,34.770432],[125.664568,34.769539],[125.6634,34.76863],[125.66225,34.767706],[125.661118,34.766767],[125.660004,34.765814],[125.658908,34.764846],[125.657832,34.763864],[125.656774,34.762867],[125.655736,34.761857],[125.654717,34.760834],[125.653718,34.759797],[125.652739,34.758748],[125.651781,34.757685],[125.650843,34.756611],[125.649926,34.755524],[125.64903,34.754425],[125.648155,34.753315],[125.647302,34.752193],[125.64647,34.75106],[125.64566,34.749917],[125.644872,34.748763],[125.644107,34.747599],[125.643364,34.746425],[125.642644,34.745241],[125.641947,34.744049],[125.641272,34.742847],[125.640621,34.741636],[125.639994,34.740417],[125.639389,34.73919],[125.638809,34.737956],[125.638252,34.736714],[125.63772,34.735464],[125.637211,34.734208],[125.636726,34.732945],[125.636266,34.731677],[125.635831,34.730402],[125.63542,34.729122],[125.635033,34.727836],[125.634672,34.726546],[125.634335,34.725251],[125.634023,34.723952],[125.633736,34.722649],[125.633474,34.721342],[125.633238,34.720032],[125.633026,34.718719],[125.63284,34.717404],[125.632679,34.716086],[125.632544,34.714766],[125.632434,34.713445],[125.632349,34.712122],[125.63229,34.710799],[125.632256,34.709474],[125.632248,34.70815],[125.632265,34.706826],[125.632307,34.705502],[125.632375,34.704178],[125.632468,34.702856],[125.632587,34.701535],[125.632731,34.700216],[125.632901,34.698899],[125.633095,34.697584],[125.633315,34.696272],[125.63356,34.694964],[125.63383,34.693658],[125.634126,34.692356],[125.634446,34.691058],[125.634791,34.689765],[125.635161,34.688476],[125.635555,34.687192],[125.635974,34.685914],[125.636418,34.684641],[125.636886,34.683374],[125.637378,34.682114],[125.637894,34.68086],[125.638435,34.679613],[125.638999,34.678373],[125.639587,34.677141],[125.640198,34.675917],[125.640833,34.674701],[125.641492,34.673493],[125.642173,34.672294],[125.642877,34.671104],[125.643604,34.669924],[125.644353,34.668753],[125.645125,34.667592],[125.645919,34.666441],[125.646735,34.665301],[125.647573,34.664172],[125.648432,34.663054],[125.649313,34.661947],[125.650215,34.660852],[125.651138,34.659769],[125.652081,34.658699],[125.653045,34.65764],[125.654029,34.656595],[125.655032,34.655562],[125.656056,34.654543],[125.657099,34.653537],[125.658161,34.652545],[125.659242,34.651567],[125.660342,34.650604],[125.661459,34.649655],[125.662595,34.64872],[125.663749,34.647801],[125.66492,34.646897],[125.666109,34.646008],[125.667314,34.645135],[125.668536,34.644278],[125.669774,34.643437],[125.671028,34.642613],[125.672298,34.641805],[125.673583,34.641013],[125.674883,34.640239],[125.676198,34.639482],[125.677527,34.638742],[125.67887,34.638019],[125.680227,34.637314],[125.681597,34.636628],[125.68298,34.635959],[125.684376,34.635308],[125.685784,34.634676],[125.687204,34.634062],[125.688636,34.633467],[125.690079,34.632891],[125.691532,34.632333],[125.692997,34.631795],[125.694471,34.631276],[125.695955,34.630777],[125.697449,34.630297],[125.698951,34.629837],[125.700462,34.629396],[125.701981,34.628975],[125.703509,34.628574],[125.705043,34.628194],[125.706585,34.627833],[125.708134,34.627493],[125.709689,34.627173],[125.711249,34.626873],[125.712816,34.626594],[125.714387,34.626335],[125.715963,34.626097],[125.717544,34.62588],[125.719129,34.625683],[125.720717,34.625508],[125.722308,34.625353],[125.723902,34.625219],[125.725498,34.625106],[125.727097,34.625013],[125.728697,34.624942],[125.730298,34.624892],[125.7319,34.624863],[125.733502,34.624854],[125.735104,34.624867],[125.736706,34.624901],[125.738307,34.624955],[125.739907,34.625031],[125.741505,34.625128],[125.743101,34.625245],[125.744694,34.625383],[125.746285,34.625543],[125.747872,34.625723],[125.749456,34.625924],[125.751036,34.626145],[125.752611,34.626388],[125.754182,34.62665],[125.755747,34.626934],[125.757307,34.627238],[125.75886,34.627562],[125.760407,34.627907],[125.761948,34.628271],[125.763481,34.628656],[125.765007,34.629061],[125.766524,34.629486],[125.768034,34.629931],[125.769534,34.630396],[125.771026,34.63088],[125.772508,34.631383],[125.77398,34.631906],[125.775442,34.632449],[125.776894,34.63301],[125.778334,34.63359],[125.779764,34.634189],[125.781181,34.634807],[125.782587,34.635443],[125.78398,34.636097],[125.78536,34.63677],[125.786728,34.637461],[125.788082,34.638169],[125.789422,34.638895],[125.790748,34.639639],[125.79206,34.6404],[125.793357,34.641178],[125.794639,34.641973],[125.795906,34.642784],[125.797157,34.643612],[125.798391,34.644457],[125.79961,34.645317],[125.800812,34.646194],[125.801997,34.647086],[125.803164,34.647993],[125.804314,34.648915],[125.805447,34.649853],[125.806561,34.650805],[125.807657,34.651772],[125.808734,34.652753],[125.809792,34.653748],[125.810831,34.654756],[125.81185,34.655779],[125.81285,34.656814],[125.81383,34.657862],[125.814789,34.658923],[125.815728,34.659997],[125.816647,34.661082],[125.817544,34.66218],[125.81842,34.663289],[125.819275,34.66441],[125.820108,34.665541],[125.82092,34.666684],[125.821709,34.667836],[125.822476,34.669],[125.823221,34.670172],[125.823943,34.671355],[125.824643,34.672547],[125.825319,34.673748],[125.825973,34.674957],[125.826603,34.676175],[125.827209,34.677402],[125.827792,34.678635],[125.828351,34.679877],[125.828887,34.681125],[125.829398,34.682381],[125.829885,34.683643],[125.830348,34.684911],[125.830786,34.686185],[125.8312,34.687465],[125.83159,34.68875],[125.831954,34.690039],[125.832294,34.691334],[125.832609,34.692633],[125.832899,34.693935],[125.833164,34.695242],[125.833403,34.696552],[125.833618,34.697864],[125.833807,34.699179],[125.833971,34.700497],[125.83411,34.701817],[125.834223,34.703138],[125.834311,34.704461],[125.834374,34.705784],[125.834411,34.707108],[125.834422,34.708433],[125.834408,34.709757]]]},"properties":{"id":"khoa-seatn-3be0ff9c4f7e","name":"R-117","locationName":"서해안 우이도북서연안","referenceChartNumber":"No.462","referenceChartScale":"1:1,700,000","referenceChartName":"한국연안 해상사격 훈련구역도","organization":"국립해양조사원 해도수로과","revisionYear":"2024","effectiveDateText":"1994. 1. 15 발효","source":"국립해양조사원(KHOA)","sourceUpdatedAt":"2026-04-15","sourceRaw":"{\"OBJECTID\":\"5\",\"LAYR_KORN_\":\"해군 훈련구역\",\"RFRNC_INFO\":\"No.462\",\"RFRNC_I_01\":\"1:1,700,000\",\"RFRNC_I_02\":\"한국연안 해상사격 훈련구역도\",\"REL_RGLT\":\"한국연안 해상사격 훈련구역도 참조\",\"REL_DEPT\":\"국립해양조사원 해도수로과\",\"RVSN_YR\":\"2024\",\"ZONE_NM\":\"R-117\",\"ZONE_DTL\":\"서해안 우이도북서연안\",\"TRNG_PSBLT\":\"3,000ft 이하\",\"TKEF_YMD_C\":\"1994. 1. 15 발효\",\"ZONE_EXPLN\":\"다음 1지점을 중심으로 반경 5마일 이내\",\"ZONE_CDNT_\":\"34-42-30.0N 125-44-00.0E\",\"MNCT_NO\":\"\",\"REL_IMG_PA\":\"\",\"ID\":\"5\",\"CTGRY_CD\":\"5010210\",\"RGN_CD\":\"4691000000\",\"RGN_NM\":\"전라남도 신안군\",\"ADDR\":\"전라남도 신안군\",\"EXMN_SE\":\"한국연안해상사격훈련구역도\",\"EXMN_YR\":\"2024\",\"EXMN_INST\":\"국립해양조사원\"}"}},{"type":"Feature","id":"khoa-seatn-e58676c9663e","geometry":{"type":"Polygon","coordinates":[[[127.666667,34.0],[127.666667,33.166667],[127.833333,33.166667],[128.5,34.0],[127.666667,34.0]]]},"properties":{"id":"khoa-seatn-e58676c9663e","name":"R-118","locationName":"대한해협 제주도동방근해","referenceChartNumber":"No.462","referenceChartScale":"1:1,700,000","referenceChartName":"한국연안 해상사격 훈련구역도","organization":"국립해양조사원 해도수로과","revisionYear":"2024","effectiveDateText":"1994. 1. 15 발효","source":"국립해양조사원(KHOA)","sourceUpdatedAt":"2026-04-15","sourceRaw":"{\"OBJECTID\":\"6\",\"LAYR_KORN_\":\"해군 훈련구역\",\"RFRNC_INFO\":\"No.462\",\"RFRNC_I_01\":\"1:1,700,000\",\"RFRNC_I_02\":\"한국연안 해상사격 훈련구역도\",\"REL_RGLT\":\"한국연안 해상사격 훈련구역도 참조\",\"REL_DEPT\":\"국립해양조사원 해도수로과\",\"RVSN_YR\":\"2024\",\"ZONE_NM\":\"R-118\",\"ZONE_DTL\":\"대한해협 제주도동방근해\",\"TRNG_PSBLT\":\"2,500ft 이하\",\"TKEF_YMD_C\":\"1994. 1. 15 발효\",\"ZONE_EXPLN\":\"다음 4지점을 차례로 연결한 선내 해면\",\"ZONE_CDNT_\":\"(1) 34-00-00.0N  127-40-00.0E \\r\\n(2) 34-00-00.0N  128-30-00.0E \\r\\n(3) 33-10-00.0N  127-50-00.0E \\r\\n(4) 33-10-00.0N  127-40-00.0E\",\"MNCT_NO\":\"\",\"REL_IMG_PA\":\"\",\"ID\":\"6\",\"CTGRY_CD\":\"5010210\",\"RGN_CD\":\"5011000000\",\"RGN_NM\":\"제주특별자치도 제주시\",\"ADDR\":\"제주특별자치도 제주시\",\"EXMN_SE\":\"한국연안해상사격훈련구역도\",\"EXMN_YR\":\"2024\",\"EXMN_INST\":\"국립해양조사원\"}"}},{"type":"Feature","id":"khoa-seatn-e3a3d5a870e8","geometry":{"type":"Polygon","coordinates":[[[125.348566,34.622507],[125.347044,34.622475],[125.345523,34.622422],[125.344003,34.622346],[125.342485,34.622249],[125.340969,34.62213],[125.339456,34.62199],[125.337946,34.621828],[125.33644,34.621644],[125.334938,34.621438],[125.33344,34.621211],[125.331948,34.620963],[125.330461,34.620693],[125.32898,34.620401],[125.327505,34.620089],[125.326037,34.619755],[125.324576,34.619401],[125.323123,34.619025],[125.321678,34.618629],[125.320242,34.618212],[125.318814,34.617774],[125.317396,34.617316],[125.315988,34.616837],[125.31459,34.616339],[125.313203,34.61582],[125.311827,34.615282],[125.310462,34.614724],[125.309109,34.614147],[125.307769,34.61355],[125.306442,34.612934],[125.305127,34.612299],[125.303826,34.611645],[125.30254,34.610973],[125.301267,34.610282],[125.300009,34.609573],[125.298766,34.608846],[125.297539,34.608101],[125.296328,34.607339],[125.295132,34.60656],[125.293954,34.605763],[125.292792,34.60495],[125.291647,34.60412],[125.290521,34.603274],[125.289412,34.602412],[125.288321,34.601534],[125.287249,34.600641],[125.286196,34.599732],[125.285162,34.598808],[125.284148,34.59787],[125.283153,34.596917],[125.282179,34.59595],[125.281225,34.594969],[125.280292,34.593975],[125.27938,34.592967],[125.27849,34.591947],[125.277621,34.590913],[125.276773,34.589868],[125.275948,34.58881],[125.275145,34.587741],[125.274365,34.58666],[125.273608,34.585569],[125.272873,34.584466],[125.272162,34.583354],[125.271475,34.582231],[125.270811,34.581098],[125.270171,34.579957],[125.269555,34.578806],[125.268963,34.577646],[125.268395,34.576478],[125.267853,34.575302],[125.267335,34.574119],[125.266842,34.572928],[125.266374,34.571731],[125.265931,34.570527],[125.265514,34.569316],[125.265122,34.5681],[125.264755,34.566879],[125.264415,34.565652],[125.2641,34.564421],[125.263811,34.563185],[125.263548,34.561945],[125.263311,34.560702],[125.2631,34.559456],[125.262916,34.558206],[125.262757,34.556954],[125.262625,34.555701],[125.262519,34.554445],[125.26244,34.553188],[125.262387,34.55193],[125.26236,34.550672],[125.26236,34.549413],[125.262386,34.548155],[125.262439,34.546897],[125.262518,34.54564],[125.262623,34.544385],[125.262755,34.543131],[125.262913,34.541879],[125.263097,34.540629],[125.263307,34.539383],[125.263543,34.53814],[125.263806,34.5369],[125.264094,34.535664],[125.264408,34.534433],[125.264748,34.533206],[125.265114,34.531984],[125.265505,34.530768],[125.265922,34.529558],[125.266364,34.528353],[125.266831,34.527155],[125.267323,34.525965],[125.26784,34.524781],[125.268382,34.523605],[125.268948,34.522437],[125.269539,34.521277],[125.270154,34.520126],[125.270793,34.518984],[125.271456,34.517851],[125.272142,34.516728],[125.272852,34.515615],[125.273585,34.514512],[125.274341,34.51342],[125.27512,34.512339],[125.275921,34.51127],[125.276745,34.510212],[125.277591,34.509166],[125.278458,34.508132],[125.279347,34.507111],[125.280257,34.506103],[125.281188,34.505108],[125.28214,34.504127],[125.283113,34.503159],[125.284105,34.502206],[125.285117,34.501267],[125.286149,34.500342],[125.2872,34.499433],[125.28827,34.498539],[125.289358,34.49766],[125.290465,34.496797],[125.291589,34.49595],[125.292732,34.495119],[125.293891,34.494305],[125.295067,34.493508],[125.29626,34.492727],[125.297469,34.491964],[125.298693,34.491219],[125.299933,34.490491],[125.301189,34.489781],[125.302458,34.489089],[125.303742,34.488415],[125.30504,34.48776],[125.306352,34.487124],[125.307677,34.486507],[125.309014,34.485908],[125.310364,34.485329],[125.311725,34.48477],[125.313098,34.48423],[125.314483,34.48371],[125.315877,34.48321],[125.317282,34.48273],[125.318697,34.48227],[125.320122,34.481831],[125.321555,34.481412],[125.322997,34.481014],[125.324447,34.480636],[125.325905,34.48028],[125.32737,34.479944],[125.328841,34.47963],[125.330319,34.479337],[125.331803,34.479065],[125.333293,34.478814],[125.334787,34.478585],[125.336287,34.478377],[125.33779,34.478191],[125.339297,34.478026],[125.340807,34.477883],[125.342319,34.477762],[125.343835,34.477663],[125.345352,34.477585],[125.34687,34.477529],[125.348389,34.477495],[125.349909,34.477483],[125.351429,34.477493],[125.352957,34.477524],[125.354484,34.477578],[125.356009,34.477654],[125.357533,34.477751],[125.359055,34.477871],[125.360573,34.478013],[125.362089,34.478176],[125.363601,34.478362],[125.365109,34.478569],[125.366612,34.478798],[125.36811,34.479049],[125.369602,34.479321],[125.371089,34.479615],[125.372569,34.47993],[125.374043,34.480267],[125.375509,34.480625],[125.376967,34.481004],[125.378417,34.481403],[125.379859,34.481824],[125.381291,34.482266],[125.382714,34.482728],[125.384127,34.48321],[125.385529,34.483713],[125.386921,34.484237],[125.388302,34.48478],[125.389671,34.485343],[125.391028,34.485925],[125.392372,34.486528],[125.393704,34.487149],[125.395022,34.48779],[125.396326,34.488449],[125.397617,34.489128],[125.398893,34.489824],[125.400154,34.49054],[125.4014,34.491273],[125.40263,34.492024],[125.403845,34.492793],[125.405043,34.493579],[125.406224,34.494383],[125.407388,34.495203],[125.408535,34.49604],[125.409663,34.496893],[125.410774,34.497763],[125.411866,34.498649],[125.41294,34.49955],[125.413994,34.500466],[125.415029,34.501398],[125.416044,34.502344],[125.417039,34.503305],[125.418014,34.504281],[125.418968,34.50527],[125.419901,34.506272],[125.420812,34.507288],[125.421702,34.508317],[125.422571,34.509359],[125.423417,34.510413],[125.424241,34.511479],[125.425042,34.512557],[125.425821,34.513647],[125.426576,34.514747],[125.427308,34.515858],[125.428017,34.51698],[125.428702,34.518112],[125.429363,34.519253],[125.43,34.520404],[125.430612,34.521563],[125.4312,34.522732],[125.431763,34.523908],[125.432302,34.525093],[125.432815,34.526285],[125.433303,34.527485],[125.433766,34.528691],[125.434203,34.529904],[125.434615,34.531123],[125.435,34.532348],[125.43536,34.533578],[125.435694,34.534813],[125.436002,34.536053],[125.436284,34.537297],[125.436539,34.538545],[125.436768,34.539796],[125.436971,34.541051],[125.437147,34.542308],[125.437297,34.543568],[125.43742,34.544829],[125.437516,34.546092],[125.437586,34.547357],[125.437629,34.548622],[125.437645,34.549887],[125.437635,34.551153],[125.437598,34.552418],[125.437534,34.553683],[125.437444,34.554946],[125.437327,34.556208],[125.437183,34.557468],[125.437013,34.558726],[125.436817,34.559981],[125.436593,34.561234],[125.436344,34.562482],[125.436068,34.563727],[125.435766,34.564968],[125.435438,34.566204],[125.435083,34.567436],[125.434703,34.568662],[125.434297,34.569882],[125.433866,34.571096],[125.433408,34.572304],[125.432926,34.573505],[125.432418,34.574699],[125.431884,34.575885],[125.431326,34.577064],[125.430743,34.578234],[125.430136,34.579396],[125.429504,34.580548],[125.428848,34.581692],[125.428168,34.582825],[125.427463,34.583949],[125.426736,34.585063],[125.425985,34.586165],[125.42521,34.587257],[125.424413,34.588337],[125.423593,34.589406],[125.422751,34.590463],[125.421886,34.591507],[125.421,34.592539],[125.420092,34.593558],[125.419162,34.594563],[125.418211,34.595555],[125.41724,34.596533],[125.416248,34.597497],[125.415236,34.598446],[125.414204,34.599381],[125.413152,34.600301],[125.412081,34.601205],[125.410991,34.602093],[125.409883,34.602966],[125.408756,34.603823],[125.407611,34.604663],[125.406449,34.605487],[125.405269,34.606293],[125.404073,34.607083],[125.40286,34.607855],[125.401631,34.608609],[125.400386,34.609346],[125.399126,34.610065],[125.397851,34.610765],[125.396561,34.611446],[125.395257,34.612109],[125.393939,34.612753],[125.392608,34.613378],[125.391264,34.613984],[125.389907,34.61457],[125.388538,34.615136],[125.387157,34.615683],[125.385765,34.61621],[125.384362,34.616716],[125.382948,34.617202],[125.381525,34.617667],[125.380092,34.618112],[125.378649,34.618536],[125.377198,34.61894],[125.375739,34.619322],[125.374271,34.619683],[125.372797,34.620023],[125.371315,34.620341],[125.369827,34.620638],[125.368332,34.620914],[125.366833,34.621168],[125.365328,34.6214],[125.363818,34.62161],[125.362304,34.621799],[125.360786,34.621966],[125.359265,34.62211],[125.357742,34.622233],[125.356216,34.622334],[125.354688,34.622413],[125.353158,34.622469],[125.351628,34.622504],[125.350097,34.622516],[125.348566,34.622507]]]},"properties":{"id":"khoa-seatn-e3a3d5a870e8","name":"R-125","locationName":"서해안 흑산도남서연안","referenceChartNumber":"No.462","referenceChartScale":"1:1,700,000","referenceChartName":"한국연안 해상사격 훈련구역도","organization":"국립해양조사원 해도수로과","revisionYear":"2024","effectiveDateText":"1995. 7. 1 발효","source":"국립해양조사원(KHOA)","sourceUpdatedAt":"2026-04-15","sourceRaw":"{\"OBJECTID\":\"12\",\"LAYR_KORN_\":\"해군 훈련구역\",\"RFRNC_INFO\":\"No.462\",\"RFRNC_I_01\":\"1:1,700,000\",\"RFRNC_I_02\":\"한국연안 해상사격 훈련구역도\",\"REL_RGLT\":\"한국연안 해상사격 훈련구역도 참조\",\"REL_DEPT\":\"국립해양조사원 해도수로과\",\"RVSN_YR\":\"2024\",\"ZONE_NM\":\"R-125\",\"ZONE_DTL\":\"서해안 흑산도남서연안\",\"TRNG_PSBLT\":\"3,500ft 이하\",\"TKEF_YMD_C\":\"1995. 7. 1 발효\",\"ZONE_EXPLN\":\"다음 1지점을 중심으로 반경 5마일 이내\",\"ZONE_CDNT_\":\"34-33-00.0N 125-21-00.0E\",\"MNCT_NO\":\"\",\"REL_IMG_PA\":\"\",\"ID\":\"12\",\"CTGRY_CD\":\"5010210\",\"RGN_CD\":\"4691000000\",\"RGN_NM\":\"전라남도 신안군\",\"ADDR\":\"전라남도 신안군\",\"EXMN_SE\":\"한국연안해상사격훈련구역도\",\"EXMN_YR\":\"2024\",\"EXMN_INST\":\"국립해양조사원\"}"}},{"type":"Feature","id":"khoa-seatn-2fe9971c6167","geometry":{"type":"Polygon","coordinates":[[[126.192745,37.40122],[126.192114,37.401212],[126.191483,37.401194],[126.190853,37.401168],[126.190224,37.401133],[126.189595,37.40109],[126.188968,37.401038],[126.188342,37.400977],[126.187717,37.400907],[126.187093,37.400829],[126.186472,37.400742],[126.185853,37.400646],[126.185235,37.400542],[126.18462,37.40043],[126.184008,37.400309],[126.183398,37.400179],[126.182792,37.400041],[126.182188,37.399895],[126.181588,37.39974],[126.180991,37.399577],[126.180397,37.399406],[126.179808,37.399226],[126.179223,37.399039],[126.178641,37.398843],[126.178064,37.398639],[126.177492,37.398428],[126.176924,37.398208],[126.176361,37.397981],[126.175804,37.397746],[126.175251,37.397503],[126.174704,37.397252],[126.174162,37.396994],[126.173626,37.396729],[126.173096,37.396456],[126.172572,37.396176],[126.172054,37.395889],[126.171542,37.395594],[126.171037,37.395293],[126.170538,37.394984],[126.170047,37.394669],[126.169562,37.394347],[126.169084,37.394018],[126.168614,37.393683],[126.168151,37.393341],[126.167695,37.392993],[126.167247,37.392638],[126.166807,37.392278],[126.166375,37.391911],[126.165951,37.391539],[126.165535,37.39116],[126.165127,37.390776],[126.164728,37.390387],[126.164337,37.389992],[126.163955,37.389591],[126.163581,37.389185],[126.163217,37.388775],[126.162861,37.388359],[126.162515,37.387938],[126.162178,37.387513],[126.16185,37.387083],[126.161532,37.386648],[126.161223,37.386209],[126.160923,37.385766],[126.160634,37.385319],[126.160354,37.384868],[126.160084,37.384413],[126.159824,37.383955],[126.159574,37.383493],[126.159334,37.383027],[126.159104,37.382558],[126.158884,37.382087],[126.158675,37.381612],[126.158476,37.381134],[126.158288,37.380654],[126.15811,37.380171],[126.157942,37.379686],[126.157785,37.379198],[126.157639,37.378709],[126.157503,37.378217],[126.157378,37.377724],[126.157264,37.377229],[126.157161,37.376732],[126.157068,37.376234],[126.156986,37.375735],[126.156916,37.375235],[126.156856,37.374734],[126.156807,37.374232],[126.156769,37.37373],[126.156741,37.373227],[126.156725,37.372724],[126.15672,37.37222],[126.156725,37.371717],[126.156742,37.371214],[126.156769,37.370711],[126.156808,37.370209],[126.156857,37.369707],[126.156918,37.369206],[126.156989,37.368706],[126.157071,37.368207],[126.157164,37.367709],[126.157267,37.367212],[126.157382,37.366717],[126.157507,37.366224],[126.157643,37.365733],[126.157789,37.365243],[126.157947,37.364756],[126.158114,37.36427],[126.158293,37.363788],[126.158481,37.363307],[126.158681,37.36283],[126.15889,37.362355],[126.15911,37.361883],[126.15934,37.361415],[126.15958,37.360949],[126.15983,37.360487],[126.160091,37.360029],[126.160361,37.359574],[126.160641,37.359123],[126.160931,37.358676],[126.16123,37.358233],[126.161539,37.357794],[126.161858,37.35736],[126.162186,37.35693],[126.162523,37.356505],[126.162869,37.356084],[126.163225,37.355669],[126.163589,37.355258],[126.163962,37.354852],[126.164345,37.354452],[126.164735,37.354057],[126.165135,37.353667],[126.165542,37.353283],[126.165958,37.352905],[126.166382,37.352533],[126.166815,37.352166],[126.167255,37.351806],[126.167702,37.351451],[126.168158,37.351103],[126.168621,37.350762],[126.169091,37.350426],[126.169569,37.350098],[126.170053,37.349776],[126.170545,37.34946],[126.171043,37.349152],[126.171548,37.348851],[126.172059,37.348556],[126.172577,37.348269],[126.173101,37.347989],[126.173631,37.347716],[126.174166,37.347451],[126.174708,37.347193],[126.175255,37.346942],[126.175807,37.3467],[126.176364,37.346465],[126.176927,37.346237],[126.177494,37.346018],[126.178066,37.345806],[126.178643,37.345603],[126.179224,37.345407],[126.179809,37.345219],[126.180398,37.34504],[126.180991,37.344869],[126.181587,37.344706],[126.182187,37.344551],[126.18279,37.344405],[126.183397,37.344267],[126.184006,37.344137],[126.184618,37.344016],[126.185232,37.343903],[126.185849,37.343799],[126.186468,37.343704],[126.187089,37.343617],[126.187712,37.343538],[126.188336,37.343469],[126.188962,37.343408],[126.189589,37.343355],[126.190217,37.343311],[126.190846,37.343276],[126.191475,37.34325],[126.192105,37.343233],[126.192736,37.343224],[126.193366,37.343224],[126.194,37.343233],[126.194633,37.34325],[126.195266,37.343277],[126.195899,37.343312],[126.19653,37.343356],[126.197161,37.343409],[126.19779,37.34347],[126.198418,37.34354],[126.199044,37.343619],[126.199668,37.343707],[126.200291,37.343804],[126.200911,37.343909],[126.201528,37.344022],[126.202144,37.344145],[126.202756,37.344276],[126.203365,37.344415],[126.203972,37.344563],[126.204575,37.344719],[126.205174,37.344884],[126.20577,37.345057],[126.206362,37.345238],[126.20695,37.345427],[126.207533,37.345625],[126.208113,37.345831],[126.208687,37.346044],[126.209257,37.346266],[126.209822,37.346496],[126.210382,37.346733],[126.210937,37.346978],[126.211486,37.347231],[126.212029,37.347492],[126.212567,37.34776],[126.213099,37.348035],[126.213625,37.348318],[126.214144,37.348608],[126.214657,37.348906],[126.215164,37.34921],[126.215663,37.349522],[126.216156,37.34984],[126.216642,37.350165],[126.217121,37.350497],[126.217592,37.350835],[126.218056,37.35118],[126.218512,37.351532],[126.218961,37.35189],[126.219401,37.352254],[126.219834,37.352624],[126.220258,37.353],[126.220674,37.353381],[126.221082,37.353769],[126.221482,37.354162],[126.221872,37.354561],[126.222254,37.354965],[126.222627,37.355374],[126.222991,37.355789],[126.223346,37.356208],[126.223691,37.356632],[126.224027,37.357062],[126.224354,37.357495],[126.224672,37.357933],[126.224979,37.358376],[126.225277,37.358823],[126.225565,37.359274],[126.225844,37.359728],[126.226112,37.360187],[126.22637,37.360649],[126.226618,37.361115],[126.226856,37.361584],[126.227084,37.362057],[126.227301,37.362532],[126.227508,37.363011],[126.227704,37.363492],[126.22789,37.363976],[126.228065,37.364462],[126.228229,37.364951],[126.228383,37.365442],[126.228526,37.365935],[126.228658,37.36643],[126.228779,37.366927],[126.22889,37.367425],[126.228989,37.367925],[126.229078,37.368426],[126.229156,37.368929],[126.229222,37.369432],[126.229278,37.369936],[126.229323,37.370441],[126.229356,37.370947],[126.229379,37.371452],[126.22939,37.371958],[126.22939,37.372465],[126.22938,37.372971],[126.229358,37.373476],[126.229325,37.373982],[126.229281,37.374487],[126.229226,37.374991],[126.22916,37.375494],[126.229083,37.375997],[126.228995,37.376498],[126.228897,37.376998],[126.228787,37.377497],[126.228666,37.377993],[126.228535,37.378489],[126.228392,37.378982],[126.228239,37.379473],[126.228075,37.379962],[126.227901,37.380448],[126.227716,37.380933],[126.22752,37.381414],[126.227314,37.381893],[126.227097,37.382368],[126.22687,37.382841],[126.226633,37.38331],[126.226386,37.383776],[126.226128,37.384239],[126.22586,37.384698],[126.225582,37.385153],[126.225295,37.385604],[126.224997,37.386051],[126.22469,37.386494],[126.224373,37.386932],[126.224047,37.387366],[126.223711,37.387795],[126.223366,37.38822],[126.223011,37.38864],[126.222648,37.389054],[126.222275,37.389464],[126.221893,37.389868],[126.221503,37.390267],[126.221104,37.390661],[126.220697,37.391049],[126.220281,37.391431],[126.219857,37.391807],[126.219424,37.392177],[126.218984,37.392542],[126.218535,37.3929],[126.218079,37.393251],[126.217615,37.393597],[126.217144,37.393936],[126.216666,37.394268],[126.21618,37.394593],[126.215687,37.394912],[126.215187,37.395224],[126.214681,37.395529],[126.214168,37.395826],[126.213648,37.396117],[126.213122,37.3964],[126.212591,37.396676],[126.212053,37.396944],[126.211509,37.397205],[126.21096,37.397458],[126.210405,37.397704],[126.209845,37.397941],[126.20928,37.398171],[126.20871,37.398393],[126.208135,37.398607],[126.207555,37.398813],[126.206972,37.399011],[126.206383,37.399201],[126.205791,37.399383],[126.205195,37.399556],[126.204595,37.399721],[126.203992,37.399877],[126.203385,37.400025],[126.202776,37.400165],[126.202163,37.400296],[126.201547,37.400419],[126.200929,37.400533],[126.200309,37.400638],[126.199686,37.400735],[126.199061,37.400823],[126.198435,37.400902],[126.197806,37.400973],[126.197177,37.401034],[126.196546,37.401087],[126.195914,37.401132],[126.195281,37.401167],[126.194647,37.401194],[126.194013,37.401211],[126.193379,37.40122],[126.192745,37.40122]]]},"properties":{"id":"khoa-seatn-2fe9971c6167","name":"R-133","locationName":"서해안 초지암부근","referenceChartNumber":"No.462","referenceChartScale":"1:1,700,000","referenceChartName":"한국연안 해상사격 훈련구역도","organization":"국립해양조사원 해도수로과","revisionYear":"2024","effectiveDateText":"2001. 8. 15 발효","source":"국립해양조사원(KHOA)","sourceUpdatedAt":"2026-04-15","sourceRaw":"{\"OBJECTID\":\"15\",\"LAYR_KORN_\":\"해군 훈련구역\",\"RFRNC_INFO\":\"No.462\",\"RFRNC_I_01\":\"1:1,700,000\",\"RFRNC_I_02\":\"한국연안 해상사격 훈련구역도\",\"REL_RGLT\":\"한국연안 해상사격 훈련구역도 참조\",\"REL_DEPT\":\"국립해양조사원 해도수로과\",\"RVSN_YR\":\"2024\",\"ZONE_NM\":\"R-133\",\"ZONE_DTL\":\"서해안 초지암부근\",\"TRNG_PSBLT\":\"500ft 이하\",\"TKEF_YMD_C\":\"2001. 8. 15 발효\",\"ZONE_EXPLN\":\"다음 1지점을 중심으로 반경 2마일 이내\",\"ZONE_CDNT_\":\"37-22-20.0N 126-11-35.0E\",\"MNCT_NO\":\"\",\"REL_IMG_PA\":\"\",\"ID\":\"15\",\"CTGRY_CD\":\"5010210\",\"RGN_CD\":\"2872000000\",\"RGN_NM\":\"인천광역시 옹진군\",\"ADDR\":\"인천광역시 옹진군\",\"EXMN_SE\":\"한국연안해상사격훈련구역도\",\"EXMN_YR\":\"2024\",\"EXMN_INST\":\"국립해양조사원\"}"}},{"type":"Feature","id":"khoa-seatn-80c5e7d88434","geometry":{"type":"Polygon","coordinates":[[[129.5125,37.416667],[129.666667,37.075],[129.786111,37.108333],[129.616667,37.469444],[129.5125,37.416667]]]},"properties":{"id":"khoa-seatn-80c5e7d88434","name":"R-136","locationName":"동해 삼척근해","referenceChartNumber":"No.462","referenceChartScale":"1:1,700,000","referenceChartName":"한국연안 해상사격 훈련구역도","organization":"국립해양조사원 해도수로과","revisionYear":"2024","effectiveDateText":"2004. 3. 18 발효","source":"국립해양조사원(KHOA)","sourceUpdatedAt":"2026-04-15","sourceRaw":"{\"OBJECTID\":\"17\",\"LAYR_KORN_\":\"해군 훈련구역\",\"RFRNC_INFO\":\"No.462\",\"RFRNC_I_01\":\"1:1,700,000\",\"RFRNC_I_02\":\"한국연안 해상사격 훈련구역도\",\"REL_RGLT\":\"한국연안 해상사격 훈련구역도 참조\",\"REL_DEPT\":\"국립해양조사원 해도수로과\",\"RVSN_YR\":\"2024\",\"ZONE_NM\":\"R-136\",\"ZONE_DTL\":\"동해 삼척근해\",\"TRNG_PSBLT\":\"500ft 이하\",\"TKEF_YMD_C\":\"2004. 3. 18 발효\",\"ZONE_EXPLN\":\"다음 4지점을 차례로 연결한 선내 해면\",\"ZONE_CDNT_\":\"(1) 37-25-00.0N  129-30-45.0E \\r\\n(2) 37-28-10.0N  129-37-00.0E \\r\\n(3) 37-06-30.0N  129-47-10.0E \\r\\n(4) 37-04-30.0N  129-40-00.0E\",\"MNCT_NO\":\"\",\"REL_IMG_PA\":\"\",\"ID\":\"17\",\"CTGRY_CD\":\"5010210\",\"RGN_CD\":\"5123000000\",\"RGN_NM\":\"강원특별자치도 삼척시\",\"ADDR\":\"강원특별자치도 삼척시\",\"EXMN_SE\":\"한국연안해상사격훈련구역도\",\"EXMN_YR\":\"2024\",\"EXMN_INST\":\"국립해양조사원\"}"}},{"type":"Feature","id":"khoa-seatn-b6610fd4afdb","geometry":{"type":"Polygon","coordinates":[[[128.724167,34.684444],[128.587222,34.336667],[128.719722,34.153611],[129.055833,34.563056],[128.893889,34.778889],[128.841944,34.768333],[128.724167,34.684444]]]},"properties":{"id":"khoa-seatn-b6610fd4afdb","name":"R-99","locationName":"대한해협 거제도남동연안","referenceChartNumber":"No.462","referenceChartScale":"1:1,700,000","referenceChartName":"한국연안 해상사격 훈련구역도","organization":"국립해양조사원 해도수로과","revisionYear":"2024","effectiveDateText":"1980. 11. 1 발효","source":"국립해양조사원(KHOA)","sourceUpdatedAt":"2026-04-15","sourceRaw":"{\"OBJECTID\":\"2\",\"LAYR_KORN_\":\"해군 훈련구역\",\"RFRNC_INFO\":\"No.462\",\"RFRNC_I_01\":\"1:1,700,000\",\"RFRNC_I_02\":\"한국연안 해상사격 훈련구역도\",\"REL_RGLT\":\"한국연안 해상사격 훈련구역도 참조\",\"REL_DEPT\":\"국립해양조사원 해도수로과\",\"RVSN_YR\":\"2024\",\"ZONE_NM\":\"R-99\",\"ZONE_DTL\":\"대한해협 거제도남동연안\",\"TRNG_PSBLT\":\"36,000ft 이하\",\"TKEF_YMD_C\":\"1980. 11. 1 발효\",\"ZONE_EXPLN\":\"다음 6지점을 차례로 연결한 선내 해면\",\"ZONE_CDNT_\":\"(1) 34-41-04.0N 128-43-27.0E\\r\\n(2) 34-46-06.0N 128-50-31.0E\\r\\n(3) 34-46-44.0N 128-53-38.0E\\r\\n(4) 34-33-47.0N 129-03-21.0E\\r\\n(5) 34-09-13.0N 128-43-11.0E\\r\\n(6) 34-20-12.0N 128-35-14.0E\",\"MNCT_NO\":\"\",\"REL_IMG_PA\":\"\",\"ID\":\"2\",\"CTGRY_CD\":\"5010210\",\"RGN_CD\":\"4831000000\",\"RGN_NM\":\"경상남도 거제시\",\"ADDR\":\"경상남도 거제시\",\"EXMN_SE\":\"한국연안해상사격훈련구역도\",\"EXMN_YR\":\"2024\",\"EXMN_INST\":\"국립해양조사원\"}"}},{"type":"Feature","id":"khoa-seatn-dfe67ca94b1c","geometry":{"type":"Polygon","coordinates":[[[128.951372,34.941326],[128.95015,34.941337],[128.948927,34.94133],[128.947705,34.941306],[128.946483,34.941265],[128.945263,34.941206],[128.944044,34.941129],[128.942827,34.941035],[128.941611,34.940924],[128.940399,34.940795],[128.939189,34.940649],[128.937983,34.940486],[128.93678,34.940306],[128.935581,34.940108],[128.934387,34.939893],[128.933197,34.939661],[128.932012,34.939413],[128.930833,34.939147],[128.92966,34.938864],[128.928492,34.938565],[128.927332,34.938249],[128.926178,34.937917],[128.925031,34.937568],[128.923892,34.937203],[128.92276,34.936821],[128.921637,34.936423],[128.920523,34.93601],[128.919417,34.93558],[128.91832,34.935135],[128.917234,34.934674],[128.916157,34.934198],[128.91509,34.933706],[128.914034,34.933199],[128.912988,34.932677],[128.911954,34.932141],[128.910931,34.931589],[128.90992,34.931023],[128.908921,34.930443],[128.907935,34.929848],[128.906961,34.929239],[128.906,34.928617],[128.905053,34.927981],[128.904119,34.927331],[128.903199,34.926669],[128.902293,34.925993],[128.901401,34.925304],[128.900524,34.924603],[128.899662,34.923889],[128.898815,34.923163],[128.897984,34.922425],[128.897168,34.921675],[128.896369,34.920913],[128.895585,34.920141],[128.894818,34.919357],[128.894068,34.918562],[128.893334,34.917757],[128.892617,34.916941],[128.891918,34.916116],[128.891236,34.91528],[128.890572,34.914435],[128.889926,34.91358],[128.889298,34.912717],[128.888689,34.911844],[128.888098,34.910963],[128.887525,34.910073],[128.886972,34.909176],[128.886437,34.90827],[128.885921,34.907358],[128.885425,34.906437],[128.884949,34.90551],[128.884492,34.904577],[128.884054,34.903637],[128.883637,34.90269],[128.883239,34.901738],[128.882862,34.900781],[128.882505,34.899818],[128.882168,34.89885],[128.881852,34.897878],[128.881556,34.896901],[128.881281,34.89592],[128.881027,34.894935],[128.880793,34.893947],[128.880581,34.892956],[128.880389,34.891961],[128.880218,34.890964],[128.880068,34.889965],[128.879939,34.888964],[128.879832,34.887961],[128.879745,34.886957],[128.87968,34.885952],[128.879636,34.884945],[128.879613,34.883939],[128.879611,34.882932],[128.879631,34.881925],[128.879671,34.880919],[128.879733,34.879914],[128.879816,34.878909],[128.87992,34.877906],[128.880046,34.876905],[128.880192,34.875905],[128.880359,34.874908],[128.880548,34.873913],[128.880757,34.872921],[128.880987,34.871933],[128.881238,34.870947],[128.88151,34.869966],[128.881802,34.868988],[128.882115,34.868015],[128.882448,34.867046],[128.882801,34.866083],[128.883175,34.865124],[128.883569,34.864171],[128.883983,34.863224],[128.884417,34.862283],[128.88487,34.861348],[128.885343,34.86042],[128.885836,34.859498],[128.886348,34.858584],[128.886879,34.857678],[128.887429,34.856779],[128.887998,34.855888],[128.888585,34.855005],[128.889191,34.854131],[128.889816,34.853266],[128.890458,34.85241],[128.891118,34.851563],[128.891797,34.850725],[128.892492,34.849898],[128.893205,34.84908],[128.893935,34.848273],[128.894682,34.847477],[128.895445,34.846691],[128.896225,34.845916],[128.897021,34.845153],[128.897833,34.844401],[128.898661,34.843661],[128.899504,34.842932],[128.900363,34.842216],[128.901236,34.841512],[128.902124,34.840821],[128.903026,34.840143],[128.903943,34.839478],[128.904873,34.838826],[128.905817,34.838187],[128.906774,34.837562],[128.907744,34.83695],[128.908727,34.836353],[128.909722,34.83577],[128.91073,34.835201],[128.911749,34.834647],[128.91278,34.834107],[128.913822,34.833582],[128.914875,34.833072],[128.915938,34.832577],[128.917011,34.832098],[128.918095,34.831634],[128.919188,34.831185],[128.920291,34.830752],[128.921402,34.830335],[128.922522,34.829934],[128.92365,34.829549],[128.924786,34.829181],[128.92593,34.828828],[128.927081,34.828492],[128.928238,34.828173],[128.929403,34.82787],[128.930573,34.827583],[128.93175,34.827314],[128.932932,34.827061],[128.934119,34.826826],[128.93531,34.826607],[128.936507,34.826406],[128.937707,34.826221],[128.938911,34.826054],[128.940118,34.825904],[128.941328,34.825771],[128.942541,34.825656],[128.943756,34.825558],[128.944973,34.825477],[128.946192,34.825414],[128.947411,34.825368],[128.948632,34.82534],[128.949859,34.825329],[128.951087,34.825336],[128.952314,34.825361],[128.953541,34.825403],[128.954766,34.825462],[128.95599,34.82554],[128.957212,34.825635],[128.958433,34.825747],[128.95965,34.825877],[128.960865,34.826025],[128.962076,34.82619],[128.963283,34.826372],[128.964487,34.826572],[128.965686,34.826789],[128.96688,34.827023],[128.96807,34.827275],[128.969253,34.827543],[128.970431,34.827828],[128.971603,34.828131],[128.972768,34.82845],[128.973926,34.828786],[128.975077,34.829138],[128.97622,34.829507],[128.977356,34.829892],[128.978483,34.830294],[128.979601,34.830711],[128.98071,34.831145],[128.98181,34.831595],[128.982901,34.83206],[128.983981,34.832541],[128.985051,34.833038],[128.98611,34.833549],[128.987159,34.834076],[128.988196,34.834618],[128.989221,34.835175],[128.990235,34.835746],[128.991236,34.836332],[128.992225,34.836932],[128.993201,34.837547],[128.994163,34.838175],[128.995113,34.838817],[128.996048,34.839473],[128.99697,34.840141],[128.997877,34.840824],[128.99877,34.841519],[128.999648,34.842226],[129.000511,34.842947],[129.001358,34.843679],[129.00219,34.844424],[129.003006,34.84518],[129.003806,34.845948],[129.004589,34.846728],[129.005356,34.847519],[129.006106,34.84832],[129.006839,34.849132],[129.007555,34.849955],[129.008253,34.850788],[129.008933,34.85163],[129.009596,34.852483],[129.01024,34.853345],[129.010866,34.854216],[129.011474,34.855095],[129.012063,34.855984],[129.012632,34.85688],[129.013183,34.857785],[129.013715,34.858698],[129.014227,34.859618],[129.01472,34.860545],[129.015193,34.861479],[129.015646,34.86242],[129.016079,34.863367],[129.016492,34.864321],[129.016885,34.86528],[129.017258,34.866245],[129.01761,34.867215],[129.017941,34.868189],[129.018252,34.869169],[129.018542,34.870152],[129.018811,34.87114],[129.019059,34.872132],[129.019286,34.873126],[129.019492,34.874124],[129.019677,34.875125],[129.019841,34.876129],[129.019983,34.877134],[129.020104,34.878141],[129.020204,34.87915],[129.020282,34.880161],[129.020339,34.881172],[129.020374,34.882184],[129.020388,34.883196],[129.020381,34.884208],[129.020352,34.88522],[129.020302,34.886232],[129.02023,34.887242],[129.020137,34.888252],[129.020023,34.88926],[129.019887,34.890266],[129.01973,34.89127],[129.019552,34.892271],[129.019352,34.89327],[129.019132,34.894266],[129.01889,34.895259],[129.018627,34.896248],[129.018344,34.897233],[129.018039,34.898213],[129.017714,34.89919],[129.017368,34.900161],[129.017002,34.901127],[129.016615,34.902088],[129.016208,34.903043],[129.015781,34.903993],[129.015334,34.904935],[129.014866,34.905872],[129.014379,34.906801],[129.013873,34.907723],[129.013347,34.908638],[129.012801,34.909545],[129.012237,34.910445],[129.011653,34.911335],[129.011051,34.912218],[129.01043,34.913091],[129.009791,34.913956],[129.009133,34.914811],[129.008457,34.915657],[129.007764,34.916493],[129.007053,34.917318],[129.006324,34.918134],[129.005579,34.918938],[129.004816,34.919732],[129.004037,34.920515],[129.003241,34.921286],[129.002429,34.922046],[129.001601,34.922794],[129.000757,34.923531],[128.999898,34.924254],[128.999023,34.924966],[128.998134,34.925664],[128.99723,34.92635],[128.996311,34.927023],[128.995379,34.927682],[128.994432,34.928328],[128.993472,34.92896],[128.992499,34.929578],[128.991513,34.930183],[128.990514,34.930772],[128.989502,34.931348],[128.988479,34.931909],[128.987444,34.932455],[128.986397,34.932986],[128.98534,34.933502],[128.984271,34.934002],[128.983192,34.934487],[128.982103,34.934957],[128.981004,34.935411],[128.979896,34.935849],[128.978779,34.936271],[128.977653,34.936676],[128.976518,34.937066],[128.975375,34.937439],[128.974225,34.937796],[128.973067,34.938136],[128.971902,34.938459],[128.97073,34.938766],[128.969552,34.939056],[128.968369,34.939328],[128.967179,34.939584],[128.965984,34.939822],[128.964785,34.940044],[128.963581,34.940248],[128.962372,34.940434],[128.96116,34.940604],[128.959945,34.940755],[128.958726,34.94089],[128.957505,34.941006],[128.956282,34.941106],[128.955056,34.941187],[128.953829,34.941251],[128.952601,34.941297],[128.951372,34.941326]]]},"properties":{"id":"khoa-seatn-dfe67ca94b1c","name":"R-100","locationName":"남해안 남형제도부근","referenceChartNumber":"No.462","referenceChartScale":"1:1,700,000","referenceChartName":"한국연안 해상사격 훈련구역도","organization":"국립해양조사원 해도수로과","revisionYear":"2024","effectiveDateText":null,"source":"국립해양조사원(KHOA)","sourceUpdatedAt":"2026-04-15","sourceRaw":"{\"OBJECTID\":\"3\",\"LAYR_KORN_\":\"해군 훈련구역\",\"RFRNC_INFO\":\"No.462\",\"RFRNC_I_01\":\"1:1,700,000\",\"RFRNC_I_02\":\"한국연안 해상사격 훈련구역도\",\"REL_RGLT\":\"한국연안 해상사격 훈련구역도 참조\",\"REL_DEPT\":\"국립해양조사원 해도수로과\",\"RVSN_YR\":\"2024\",\"ZONE_NM\":\"R-100\",\"ZONE_DTL\":\"남해안 남형제도부근\",\"TRNG_PSBLT\":\"500ft 이하\",\"TKEF_YMD_C\":\"\",\"ZONE_EXPLN\":\"다음 1지점을 중심으로 반경 4마일 이내\",\"ZONE_CDNT_\":\"34-53-00.0N 128-57-00.0E\",\"MNCT_NO\":\"\",\"REL_IMG_PA\":\"\",\"ID\":\"3\",\"CTGRY_CD\":\"5010210\",\"RGN_CD\":\"2638000000\",\"RGN_NM\":\"부산광역시 사하구\",\"ADDR\":\"부산광역시 사하구\",\"EXMN_SE\":\"한국연안해상사격훈련구역도\",\"EXMN_YR\":\"2024\",\"EXMN_INST\":\"국립해양조사원\"}"}},{"type":"Feature","id":"khoa-seatn-f20d23e74195","geometry":{"type":"Polygon","coordinates":[[[131.2,37.668056],[131.2,37.501389],[131.416667,37.501389],[131.416667,37.668056],[131.2,37.668056]]]},"properties":{"id":"khoa-seatn-f20d23e74195","name":"R-141","locationName":"동해 울릉도동방근해","referenceChartNumber":"No.462","referenceChartScale":"1:1,700,000","referenceChartName":"한국연안 해상사격 훈련구역도","organization":"국립해양조사원 해도수로과","revisionYear":"2024","effectiveDateText":null,"source":"국립해양조사원(KHOA)","sourceUpdatedAt":"2026-04-15","sourceRaw":"{\"OBJECTID\":\"2\",\"LAYR_KORN_\":\"해양경찰청 훈련구역\",\"RFRNC_INFO\":\"No.462\",\"RFRNC_I_01\":\"1:1,700,000\",\"RFRNC_I_02\":\"한국연안 해상사격 훈련구역도\",\"REL_RGLT\":\"한국연안 해상사격 훈련구역도 참조\",\"REL_DEPT\":\"국립해양조사원 해도수로과\",\"RVSN_YR\":\"2024\",\"ZONE_NM\":\"R-141\",\"ZONE_DTL\":\"동해 울릉도동방근해\",\"TRNG_PSBLT\":\"300ft 이하\",\"TKEF_YMD_C\":\"\",\"ZONE_EXPLN\":\"다음 4지점을 연결한 선내 해면\",\"ZONE_CDNT_\":\"(1) 37-40-05.0N  131-12-00.0E \\r\\n(2) 37-40-05.0N  131-25-00.0E \\r\\n(3) 37-30-05.0N  131-25-00.0E \\r\\n(4) 37-30-05.0N  131-12-00.0E\",\"MNCT_NO\":\"\",\"REL_IMG_PA\":\"\",\"ID\":\"2\",\"CTGRY_CD\":\"5010210\",\"RGN_CD\":\"4794000000\",\"RGN_NM\":\"경상북도 울릉군\",\"ADDR\":\"경상북도 울릉군\",\"EXMN_SE\":\"한국연안해상사격훈련구역도\",\"EXMN_YR\":\"2024\",\"EXMN_INST\":\"국립해양조사원\"}"}},{"type":"Feature","id":"khoa-seatn-6182d66b376f","geometry":{"type":"Polygon","coordinates":[[[126.366667,33.141667],[126.366667,32.975],[126.483333,32.975],[126.483333,33.141667],[126.366667,33.141667]]]},"properties":{"id":"khoa-seatn-6182d66b376f","name":"R-150","locationName":"남해안 마라도동방연안","referenceChartNumber":"No.462","referenceChartScale":"1:1,700,000","referenceChartName":"한국연안 해상사격 훈련구역도","organization":"국립해양조사원 해도수로과","revisionYear":"2024","effectiveDateText":null,"source":"국립해양조사원(KHOA)","sourceUpdatedAt":"2026-04-15","sourceRaw":"{\"OBJECTID\":\"14\",\"LAYR_KORN_\":\"해양경찰청 훈련구역\",\"RFRNC_INFO\":\"No.462\",\"RFRNC_I_01\":\"1:1,700,000\",\"RFRNC_I_02\":\"한국연안 해상사격 훈련구역도\",\"REL_RGLT\":\"한국연안 해상사격 훈련구역도 참조\",\"REL_DEPT\":\"국립해양조사원 해도수로과\",\"RVSN_YR\":\"2024\",\"ZONE_NM\":\"R-150\",\"ZONE_DTL\":\"남해안 마라도동방연안\",\"TRNG_PSBLT\":\"300ft 이하\",\"TKEF_YMD_C\":\"\",\"ZONE_EXPLN\":\"다음 4지점을 연결한 선내 해면\",\"ZONE_CDNT_\":\"(1) 33-08-30.0N  126-22-00.0E \\r\\n(2) 33-08-30.0N  126-29-00.0E \\r\\n(3) 32-58-30.0N  126-29-00.0E \\r\\n(4) 32-58-30.0N  126-22-00.0E\",\"MNCT_NO\":\"\",\"REL_IMG_PA\":\"\",\"ID\":\"14\",\"CTGRY_CD\":\"5010210\",\"RGN_CD\":\"5013000000\",\"RGN_NM\":\"제주특별자치도 서귀포시\",\"ADDR\":\"제주특별자치도 서귀포시\",\"EXMN_SE\":\"한국연안해상사격훈련구역도\",\"EXMN_YR\":\"2024\",\"EXMN_INST\":\"국립해양조사원\"}"}},{"type":"Feature","id":"khoa-seatn-2808edbc371a","geometry":{"type":"Polygon","coordinates":[[[128.934523,38.148998],[128.934533,38.150046],[128.934522,38.151095],[128.934491,38.152143],[128.934438,38.153191],[128.934365,38.154238],[128.934271,38.155284],[128.934156,38.156328],[128.93402,38.157371],[128.933864,38.158413],[128.933687,38.159452],[128.933489,38.160489],[128.933271,38.161523],[128.933032,38.162554],[128.932772,38.163583],[128.932493,38.164608],[128.932192,38.165629],[128.931872,38.166647],[128.931531,38.16766],[128.93117,38.168669],[128.930789,38.169674],[128.930389,38.170673],[128.929968,38.171668],[128.929527,38.172657],[128.929067,38.173641],[128.928588,38.174619],[128.928089,38.17559],[128.92757,38.176556],[128.927033,38.177515],[128.926476,38.178467],[128.925901,38.179412],[128.925307,38.180349],[128.924694,38.18128],[128.924063,38.182202],[128.923413,38.183117],[128.922746,38.184024],[128.92206,38.184922],[128.921357,38.185811],[128.920636,38.186692],[128.919897,38.187563],[128.919142,38.188426],[128.918369,38.189279],[128.917579,38.190122],[128.916772,38.190955],[128.91595,38.191778],[128.91511,38.192591],[128.914255,38.193393],[128.913384,38.194185],[128.912497,38.194966],[128.911594,38.195735],[128.910677,38.196494],[128.909744,38.197241],[128.908797,38.197976],[128.907835,38.198699],[128.906859,38.199411],[128.905869,38.20011],[128.904865,38.200797],[128.903847,38.201471],[128.902816,38.202132],[128.901772,38.202781],[128.900715,38.203417],[128.899646,38.204039],[128.898564,38.204648],[128.897471,38.205244],[128.896365,38.205826],[128.895249,38.206394],[128.894121,38.206948],[128.892982,38.207489],[128.891832,38.208015],[128.890672,38.208526],[128.889502,38.209024],[128.888323,38.209506],[128.887133,38.209974],[128.885935,38.210427],[128.884728,38.210866],[128.883512,38.211289],[128.882288,38.211697],[128.881056,38.21209],[128.879816,38.212468],[128.878569,38.21283],[128.877314,38.213176],[128.876053,38.213507],[128.874786,38.213823],[128.873512,38.214122],[128.872233,38.214406],[128.870948,38.214674],[128.869658,38.214926],[128.868363,38.215161],[128.867063,38.215381],[128.865759,38.215585],[128.864452,38.215772],[128.863141,38.215943],[128.861826,38.216098],[128.860509,38.216237],[128.859189,38.216359],[128.857866,38.216465],[128.856542,38.216554],[128.855216,38.216627],[128.853889,38.216683],[128.852561,38.216723],[128.851233,38.216747],[128.849903,38.216754],[128.848574,38.216745],[128.847246,38.216719],[128.845918,38.216676],[128.844591,38.216617],[128.843265,38.216542],[128.841941,38.21645],[128.840619,38.216342],[128.8393,38.216218],[128.837983,38.216077],[128.836669,38.21592],[128.835358,38.215746],[128.834051,38.215556],[128.832748,38.21535],[128.831449,38.215128],[128.830154,38.21489],[128.828865,38.214636],[128.827581,38.214366],[128.826302,38.21408],[128.82503,38.213778],[128.823763,38.213461],[128.822503,38.213127],[128.82125,38.212778],[128.820003,38.212414],[128.818765,38.212034],[128.817534,38.211639],[128.816311,38.211229],[128.815096,38.210804],[128.81389,38.210363],[128.812693,38.209908],[128.811505,38.209438],[128.810327,38.208953],[128.809158,38.208453],[128.808,38.20794],[128.806851,38.207412],[128.805714,38.206869],[128.804588,38.206313],[128.803472,38.205743],[128.802369,38.205159],[128.801277,38.204561],[128.800197,38.20395],[128.799129,38.203326],[128.798074,38.202688],[128.797032,38.202038],[128.796003,38.201374],[128.794988,38.200698],[128.793985,38.200009],[128.792997,38.199308],[128.792023,38.198595],[128.791063,38.19787],[128.790118,38.197133],[128.789188,38.196385],[128.788272,38.195625],[128.787372,38.194853],[128.786487,38.194071],[128.785618,38.193278],[128.784765,38.192474],[128.783928,38.19166],[128.783108,38.190835],[128.782304,38.19],[128.781516,38.189156],[128.780746,38.188301],[128.779993,38.187438],[128.779257,38.186565],[128.778538,38.185683],[128.777837,38.184792],[128.777154,38.183892],[128.776489,38.182985],[128.775842,38.182069],[128.775214,38.181145],[128.774604,38.180214],[128.774012,38.179275],[128.77344,38.178329],[128.772886,38.177375],[128.772351,38.176416],[128.771836,38.175449],[128.771339,38.174477],[128.770863,38.173498],[128.770405,38.172513],[128.769968,38.171523],[128.76955,38.170528],[128.769152,38.169528],[128.768774,38.168522],[128.768416,38.167513],[128.768078,38.166498],[128.767761,38.16548],[128.767463,38.164458],[128.767187,38.163433],[128.76693,38.162404],[128.766694,38.161372],[128.766479,38.160337],[128.766284,38.1593],[128.76611,38.15826],[128.765957,38.157219],[128.765824,38.156176],[128.765712,38.155131],[128.765621,38.154085],[128.765551,38.153037],[128.765501,38.15199],[128.765473,38.150941],[128.765465,38.149893],[128.765478,38.148844],[128.765512,38.147796],[128.765567,38.146748],[128.765643,38.145701],[128.765739,38.144656],[128.765857,38.143611],[128.765995,38.142568],[128.766154,38.141527],[128.766333,38.140488],[128.766533,38.139452],[128.766754,38.138418],[128.766995,38.137386],[128.767257,38.136358],[128.767539,38.135334],[128.767841,38.134313],[128.768164,38.133296],[128.768507,38.132283],[128.76887,38.131274],[128.769253,38.13027],[128.769655,38.129271],[128.770078,38.128277],[128.77052,38.127288],[128.770982,38.126305],[128.771464,38.125328],[128.771965,38.124357],[128.772485,38.123392],[128.773024,38.122434],[128.773582,38.121482],[128.774159,38.120538],[128.774755,38.119601],[128.775369,38.118671],[128.776001,38.11775],[128.776652,38.116836],[128.777321,38.11593],[128.778008,38.115033],[128.778712,38.114144],[128.779434,38.113264],[128.780174,38.112393],[128.78093,38.111532],[128.781704,38.11068],[128.782495,38.109838],[128.783302,38.109005],[128.784125,38.108183],[128.784965,38.107371],[128.785821,38.10657],[128.786693,38.105779],[128.78758,38.104999],[128.788482,38.10423],[128.7894,38.103473],[128.790333,38.102727],[128.79128,38.101993],[128.792242,38.10127],[128.793218,38.10056],[128.794208,38.099862],[128.795212,38.099176],[128.796229,38.098503],[128.797259,38.097842],[128.798303,38.097194],[128.799359,38.09656],[128.800428,38.095938],[128.801509,38.09533],[128.802601,38.094735],[128.803706,38.094154],[128.804822,38.093587],[128.805949,38.093033],[128.807087,38.092494],[128.808235,38.091969],[128.809394,38.091458],[128.810562,38.090961],[128.811741,38.090479],[128.812929,38.090012],[128.814125,38.08956],[128.815331,38.089122],[128.816545,38.0887],[128.817768,38.088292],[128.818998,38.0879],[128.820236,38.087523],[128.821482,38.087162],[128.822734,38.086816],[128.823993,38.086485],[128.825259,38.086171],[128.826531,38.085872],[128.827808,38.085589],[128.829091,38.085321],[128.830379,38.08507],[128.831672,38.084835],[128.832969,38.084615],[128.83427,38.084412],[128.835576,38.084225],[128.836885,38.084054],[128.838197,38.0839],[128.839512,38.083761],[128.84083,38.08364],[128.84215,38.083534],[128.843471,38.083445],[128.844795,38.083372],[128.84612,38.083316],[128.847445,38.083276],[128.848772,38.083252],[128.850098,38.083245],[128.851425,38.083255],[128.852751,38.083281],[128.854077,38.083323],[128.855401,38.083382],[128.856724,38.083457],[128.858046,38.083549],[128.859365,38.083657],[128.860683,38.083781],[128.861997,38.083922],[128.863309,38.084079],[128.864617,38.084252],[128.865922,38.084441],[128.867223,38.084647],[128.86852,38.084869],[128.869812,38.085106],[128.871099,38.08536],[128.872381,38.08563],[128.873658,38.085915],[128.874929,38.086217],[128.876193,38.086534],[128.877451,38.086867],[128.878703,38.087215],[128.879947,38.087579],[128.881184,38.087958],[128.882413,38.088352],[128.883634,38.088762],[128.884847,38.089187],[128.886052,38.089626],[128.887247,38.090081],[128.888434,38.09055],[128.889611,38.091034],[128.890778,38.091533],[128.891935,38.092046],[128.893082,38.092573],[128.894218,38.093115],[128.895343,38.09367],[128.896457,38.09424],[128.89756,38.094823],[128.898651,38.09542],[128.89973,38.09603],[128.900797,38.096653],[128.901851,38.09729],[128.902893,38.09794],[128.903921,38.098602],[128.904937,38.099277],[128.905938,38.099965],[128.906926,38.100665],[128.9079,38.101377],[128.90886,38.102101],[128.909805,38.102837],[128.910735,38.103585],[128.911651,38.104344],[128.912551,38.105114],[128.913436,38.105896],[128.914305,38.106688],[128.915159,38.107491],[128.915996,38.108304],[128.916817,38.109128],[128.917622,38.109962],[128.91841,38.110806],[128.919181,38.111659],[128.919935,38.112522],[128.920672,38.113394],[128.921391,38.114275],[128.922093,38.115165],[128.922777,38.116063],[128.923444,38.11697],[128.924092,38.117885],[128.924721,38.118808],[128.925333,38.119739],[128.925926,38.120677],[128.9265,38.121623],[128.927055,38.122575],[128.927591,38.123534],[128.928109,38.1245],[128.928607,38.125472],[128.929085,38.12645],[128.929544,38.127434],[128.929984,38.128423],[128.930403,38.129418],[128.930803,38.130418],[128.931183,38.131422],[128.931543,38.132432],[128.931883,38.133445],[128.932203,38.134463],[128.932502,38.135484],[128.932781,38.136509],[128.93304,38.137538],[128.933278,38.138569],[128.933496,38.139604],[128.933693,38.140641],[128.933869,38.14168],[128.934025,38.142721],[128.93416,38.143764],[128.934274,38.144809],[128.934368,38.145855],[128.93444,38.146902],[128.934492,38.14795],[128.934523,38.148998]]]},"properties":{"id":"khoa-seatn-2808edbc371a","name":"R-140","locationName":"동해안 속초연안","referenceChartNumber":"No.462","referenceChartScale":"1:1,700,000","referenceChartName":"한국연안 해상사격 훈련구역도","organization":"국립해양조사원 해도수로과","revisionYear":"2024","effectiveDateText":null,"source":"국립해양조사원(KHOA)","sourceUpdatedAt":"2026-04-15","sourceRaw":"{\"OBJECTID\":\"1\",\"LAYR_KORN_\":\"해양경찰청 훈련구역\",\"RFRNC_INFO\":\"No.462\",\"RFRNC_I_01\":\"1:1,700,000\",\"RFRNC_I_02\":\"한국연안 해상사격 훈련구역도\",\"REL_RGLT\":\"한국연안 해상사격 훈련구역도 참조\",\"REL_DEPT\":\"국립해양조사원 해도수로과\",\"RVSN_YR\":\"2024\",\"ZONE_NM\":\"R-140\",\"ZONE_DTL\":\"동해안 속초연안\",\"TRNG_PSBLT\":\"300ft 이하\",\"TKEF_YMD_C\":\"\",\"ZONE_EXPLN\":\"다음 1지점을 중심으로 반경 4마일 이내\",\"ZONE_CDNT_\":\"38-09-00.0N 128-51-00.0E\",\"MNCT_NO\":\"\",\"REL_IMG_PA\":\"\",\"ID\":\"1\",\"CTGRY_CD\":\"5010210\",\"RGN_CD\":\"5121000000\",\"RGN_NM\":\"강원특별자치도 속초시\",\"ADDR\":\"강원특별자치도 속초시\",\"EXMN_SE\":\"한국연안해상사격훈련구역도\",\"EXMN_YR\":\"2024\",\"EXMN_INST\":\"국립해양조사원\"}"}},{"type":"Feature","id":"khoa-seatn-113957c68e67","geometry":{"type":"Polygon","coordinates":[[[129.608341,37.132599],[129.60835,37.133123],[129.608349,37.133648],[129.608338,37.134172],[129.608317,37.134696],[129.608285,37.135219],[129.608243,37.135742],[129.608191,37.136265],[129.608128,37.136787],[129.608056,37.137308],[129.607973,37.137828],[129.60788,37.138347],[129.607776,37.138864],[129.607663,37.139381],[129.607539,37.139896],[129.607406,37.140409],[129.607262,37.14092],[129.607108,37.14143],[129.606944,37.141937],[129.606771,37.142443],[129.606587,37.142946],[129.606394,37.143447],[129.606191,37.143945],[129.605978,37.144441],[129.605755,37.144934],[129.605523,37.145424],[129.605281,37.145911],[129.605029,37.146395],[129.604768,37.146876],[129.604498,37.147354],[129.604218,37.147828],[129.603929,37.148298],[129.603631,37.148765],[129.603324,37.149228],[129.603008,37.149687],[129.602683,37.150142],[129.602348,37.150593],[129.602005,37.151039],[129.601654,37.151482],[129.601293,37.151919],[129.600924,37.152353],[129.600547,37.152781],[129.600161,37.153205],[129.599767,37.153624],[129.599365,37.154037],[129.598955,37.154446],[129.598537,37.154849],[129.598111,37.155248],[129.597677,37.15564],[129.597235,37.156028],[129.596786,37.156409],[129.59633,37.156785],[129.595866,37.157155],[129.595395,37.15752],[129.594917,37.157878],[129.594432,37.15823],[129.59394,37.158576],[129.593441,37.158916],[129.592936,37.15925],[129.592424,37.159577],[129.591906,37.159897],[129.591382,37.160212],[129.590851,37.160519],[129.590315,37.16082],[129.589772,37.161114],[129.589224,37.161401],[129.588671,37.161681],[129.588112,37.161955],[129.587547,37.162221],[129.586978,37.16248],[129.586403,37.162732],[129.585824,37.162976],[129.58524,37.163213],[129.584651,37.163443],[129.584058,37.163666],[129.583461,37.163881],[129.582859,37.164088],[129.582254,37.164288],[129.581644,37.16448],[129.581031,37.164665],[129.580414,37.164841],[129.579794,37.16501],[129.579171,37.165172],[129.578545,37.165325],[129.577915,37.16547],[129.577283,37.165608],[129.576648,37.165737],[129.576011,37.165859],[129.575372,37.165973],[129.57473,37.166078],[129.574086,37.166175],[129.573441,37.166265],[129.572794,37.166346],[129.572145,37.166419],[129.571495,37.166484],[129.570844,37.16654],[129.570191,37.166589],[129.569538,37.166629],[129.568884,37.166661],[129.56823,37.166685],[129.567575,37.1667],[129.56692,37.166707],[129.566265,37.166707],[129.56561,37.166697],[129.564956,37.16668],[129.564301,37.166654],[129.563648,37.16662],[129.562995,37.166578],[129.562343,37.166528],[129.561692,37.16647],[129.561042,37.166403],[129.560394,37.166328],[129.559747,37.166245],[129.559102,37.166154],[129.558458,37.166055],[129.557817,37.165948],[129.557178,37.165832],[129.556541,37.165709],[129.555907,37.165578],[129.555276,37.165438],[129.554647,37.165291],[129.554021,37.165136],[129.553399,37.164973],[129.552779,37.164802],[129.552164,37.164624],[129.551551,37.164438],[129.550943,37.164244],[129.550338,37.164042],[129.549737,37.163833],[129.549141,37.163616],[129.548549,37.163392],[129.547961,37.163161],[129.547378,37.162922],[129.5468,37.162676],[129.546226,37.162422],[129.545658,37.162161],[129.545095,37.161894],[129.544537,37.161619],[129.543985,37.161337],[129.543438,37.161048],[129.542897,37.160753],[129.542362,37.16045],[129.541833,37.160141],[129.54131,37.159826],[129.540793,37.159504],[129.540282,37.159175],[129.539779,37.15884],[129.539281,37.158499],[129.538791,37.158151],[129.538307,37.157798],[129.537831,37.157438],[129.537361,37.157072],[129.536899,37.156701],[129.536444,37.156324],[129.535997,37.155941],[129.535557,37.155552],[129.535125,37.155158],[129.534701,37.154759],[129.534284,37.154354],[129.533876,37.153944],[129.533476,37.15353],[129.533084,37.15311],[129.5327,37.152685],[129.532324,37.152255],[129.531957,37.151821],[129.531599,37.151382],[129.531249,37.150939],[129.530908,37.150491],[129.530576,37.15004],[129.530253,37.149584],[129.529938,37.149124],[129.529633,37.14866],[129.529337,37.148192],[129.52905,37.147721],[129.528773,37.147246],[129.528505,37.146768],[129.528246,37.146286],[129.527996,37.145802],[129.527757,37.145314],[129.527527,37.144823],[129.527306,37.144329],[129.527095,37.143833],[129.526894,37.143334],[129.526703,37.142832],[129.526522,37.142329],[129.52635,37.141823],[129.526189,37.141315],[129.526037,37.140805],[129.525896,37.140293],[129.525765,37.139779],[129.525643,37.139264],[129.525532,37.138747],[129.525431,37.138229],[129.52534,37.13771],[129.52526,37.13719],[129.525189,37.136669],[129.525129,37.136147],[129.525079,37.135624],[129.52504,37.135101],[129.52501,37.134577],[129.524991,37.134053],[129.524982,37.133529],[129.524984,37.133004],[129.524995,37.13248],[129.525017,37.131956],[129.52505,37.131433],[129.525092,37.13091],[129.525145,37.130387],[129.525208,37.129865],[129.525281,37.129344],[129.525365,37.128824],[129.525459,37.128305],[129.525563,37.127788],[129.525677,37.127272],[129.525801,37.126757],[129.525935,37.126244],[129.526079,37.125732],[129.526233,37.125223],[129.526398,37.124715],[129.526572,37.12421],[129.526756,37.123707],[129.52695,37.123206],[129.527153,37.122708],[129.527367,37.122212],[129.52759,37.121719],[129.527823,37.121229],[129.528065,37.120742],[129.528317,37.120258],[129.528578,37.119778],[129.528849,37.1193],[129.529129,37.118827],[129.529418,37.118356],[129.529717,37.11789],[129.530024,37.117427],[129.530341,37.116968],[129.530666,37.116513],[129.531001,37.116063],[129.531344,37.115616],[129.531696,37.115174],[129.532057,37.114737],[129.532426,37.114304],[129.532803,37.113875],[129.533189,37.113452],[129.533583,37.113033],[129.533986,37.11262],[129.534396,37.112211],[129.534814,37.111808],[129.535241,37.11141],[129.535675,37.111018],[129.536116,37.110631],[129.536565,37.110249],[129.537022,37.109873],[129.537486,37.109504],[129.537957,37.10914],[129.538435,37.108781],[129.53892,37.108429],[129.539412,37.108084],[129.53991,37.107744],[129.540416,37.107411],[129.540927,37.107084],[129.541445,37.106763],[129.54197,37.106449],[129.5425,37.106142],[129.543036,37.105841],[129.543578,37.105548],[129.544126,37.105261],[129.544679,37.104981],[129.545238,37.104708],[129.545802,37.104442],[129.546371,37.104183],[129.546946,37.103931],[129.547525,37.103687],[129.548108,37.10345],[129.548697,37.10322],[129.54929,37.102998],[129.549887,37.102783],[129.550488,37.102576],[129.551093,37.102376],[129.551702,37.102184],[129.552315,37.102],[129.552931,37.101823],[129.553551,37.101654],[129.554173,37.101493],[129.554799,37.10134],[129.555428,37.101195],[129.55606,37.101057],[129.556694,37.100928],[129.557331,37.100807],[129.55797,37.100693],[129.558611,37.100588],[129.559254,37.100491],[129.559899,37.100401],[129.560546,37.10032],[129.561194,37.100247],[129.561843,37.100183],[129.562494,37.100126],[129.563146,37.100078],[129.563798,37.100038],[129.564452,37.100006],[129.565105,37.099982],[129.56576,37.099966],[129.566414,37.099959],[129.567069,37.09996],[129.567723,37.099969],[129.568377,37.099987],[129.569031,37.100012],[129.569684,37.100046],[129.570336,37.100088],[129.570988,37.100138],[129.571638,37.100197],[129.572287,37.100263],[129.572935,37.100338],[129.573581,37.100421],[129.574226,37.100512],[129.574869,37.100611],[129.575509,37.100718],[129.576148,37.100834],[129.576784,37.100957],[129.577418,37.101088],[129.578049,37.101227],[129.578677,37.101374],[129.579302,37.101529],[129.579924,37.101692],[129.580543,37.101863],[129.581158,37.102041],[129.58177,37.102227],[129.582378,37.102421],[129.582983,37.102622],[129.583583,37.102831],[129.584179,37.103048],[129.584771,37.103272],[129.585358,37.103503],[129.585941,37.103742],[129.586519,37.103988],[129.587092,37.104241],[129.58766,37.104502],[129.588223,37.104769],[129.58878,37.105044],[129.589332,37.105326],[129.589879,37.105614],[129.59042,37.10591],[129.590955,37.106212],[129.591484,37.10652],[129.592006,37.106836],[129.592523,37.107158],[129.593033,37.107486],[129.593537,37.107821],[129.594034,37.108162],[129.594524,37.108509],[129.595008,37.108863],[129.595484,37.109222],[129.595954,37.109587],[129.596416,37.109959],[129.596871,37.110336],[129.597318,37.110718],[129.597758,37.111107],[129.59819,37.1115],[129.598614,37.1119],[129.599031,37.112304],[129.599439,37.112714],[129.59984,37.113128],[129.600232,37.113548],[129.600616,37.113973],[129.600992,37.114402],[129.601359,37.114836],[129.601718,37.115274],[129.602068,37.115717],[129.602409,37.116165],[129.602741,37.116616],[129.603065,37.117072],[129.603379,37.117532],[129.603685,37.117996],[129.603981,37.118463],[129.604268,37.118934],[129.604546,37.119409],[129.604815,37.119887],[129.605074,37.120368],[129.605324,37.120853],[129.605564,37.121341],[129.605794,37.121831],[129.606015,37.122325],[129.606227,37.122821],[129.606428,37.12332],[129.60662,37.123821],[129.606801,37.124325],[129.606973,37.12483],[129.607135,37.125338],[129.607287,37.125848],[129.607429,37.12636],[129.607561,37.126874],[129.607683,37.127389],[129.607795,37.127905],[129.607896,37.128423],[129.607988,37.128942],[129.608069,37.129462],[129.60814,37.129984],[129.6082,37.130506],[129.608251,37.131028],[129.608291,37.131551],[129.608321,37.132075],[129.608341,37.132599]]]},"properties":{"id":"khoa-seatn-113957c68e67","name":"R-142A","locationName":"동해안 죽변연안","referenceChartNumber":"No.462","referenceChartScale":"1:1,700,000","referenceChartName":"한국연안 해상사격 훈련구역도","organization":"국립해양조사원 해도수로과","revisionYear":"2024","effectiveDateText":null,"source":"국립해양조사원(KHOA)","sourceUpdatedAt":"2026-04-15","sourceRaw":"{\"OBJECTID\":\"3\",\"LAYR_KORN_\":\"해양경찰청 훈련구역\",\"RFRNC_INFO\":\"No.462\",\"RFRNC_I_01\":\"1:1,700,000\",\"RFRNC_I_02\":\"한국연안 해상사격 훈련구역도\",\"REL_RGLT\":\"한국연안 해상사격 훈련구역도 참조\",\"REL_DEPT\":\"국립해양조사원 해도수로과\",\"RVSN_YR\":\"2024\",\"ZONE_NM\":\"R-142A\",\"ZONE_DTL\":\"동해안 죽변연안\",\"TRNG_PSBLT\":\"300ft 이하\",\"TKEF_YMD_C\":\"\",\"ZONE_EXPLN\":\"다음 1지점을 중심으로 반경 2마일 이내\",\"ZONE_CDNT_\":\"37-08-00.0N 129-34-00.0E\",\"MNCT_NO\":\"\",\"REL_IMG_PA\":\"\",\"ID\":\"3\",\"CTGRY_CD\":\"5010210\",\"RGN_CD\":\"4793000000\",\"RGN_NM\":\"경상북도 울진군\",\"ADDR\":\"경상북도 울진군\",\"EXMN_SE\":\"한국연안해상사격훈련구역도\",\"EXMN_YR\":\"2024\",\"EXMN_INST\":\"국립해양조사원\"}"}},{"type":"Feature","id":"khoa-seatn-c6534d60ac0c","geometry":{"type":"Polygon","coordinates":[[[129.936421,36.331275],[129.93645,36.332586],[129.936452,36.333896],[129.936429,36.335207],[129.936381,36.336516],[129.936308,36.337826],[129.936209,36.339134],[129.936084,36.34044],[129.935934,36.341745],[129.935759,36.343048],[129.935559,36.344349],[129.935333,36.345647],[129.935082,36.346941],[129.934806,36.348233],[129.934505,36.349521],[129.934179,36.350804],[129.933829,36.352084],[129.933453,36.353359],[129.933053,36.354628],[129.932628,36.355893],[129.932178,36.357152],[129.931704,36.358406],[129.931206,36.359653],[129.930684,36.360893],[129.930137,36.362127],[129.929567,36.363354],[129.928973,36.364573],[129.928355,36.365785],[129.927714,36.366988],[129.927049,36.368183],[129.926361,36.36937],[129.925651,36.370548],[129.924917,36.371717],[129.924161,36.372876],[129.923383,36.374025],[129.922582,36.375165],[129.921759,36.376294],[129.920914,36.377412],[129.920048,36.37852],[129.91916,36.379616],[129.918251,36.380701],[129.917321,36.381775],[129.91637,36.382836],[129.915399,36.383885],[129.914408,36.384922],[129.913396,36.385946],[129.912365,36.386957],[129.911314,36.387955],[129.910243,36.388939],[129.909154,36.389909],[129.908046,36.390866],[129.90692,36.391808],[129.905775,36.392736],[129.904612,36.39365],[129.903432,36.394548],[129.902235,36.395432],[129.90102,36.396299],[129.899789,36.397152],[129.898541,36.397989],[129.897277,36.398809],[129.895997,36.399614],[129.894702,36.400402],[129.893392,36.401174],[129.892067,36.401929],[129.890727,36.402667],[129.889373,36.403388],[129.888005,36.404091],[129.886624,36.404777],[129.885229,36.405446],[129.883822,36.406096],[129.882402,36.406729],[129.88097,36.407344],[129.879526,36.40794],[129.878071,36.408518],[129.876604,36.409077],[129.875127,36.409618],[129.87364,36.410139],[129.872143,36.410642],[129.870636,36.411126],[129.869119,36.41159],[129.867594,36.412035],[129.866061,36.412461],[129.864519,36.412867],[129.86297,36.413254],[129.861413,36.413621],[129.85985,36.413968],[129.858279,36.414295],[129.856703,36.414602],[129.855121,36.414889],[129.853533,36.415156],[129.851941,36.415402],[129.850344,36.415629],[129.848742,36.415835],[129.847137,36.41602],[129.845528,36.416186],[129.843917,36.41633],[129.842303,36.416455],[129.840686,36.416558],[129.839068,36.416642],[129.837448,36.416704],[129.835827,36.416746],[129.834206,36.416768],[129.832584,36.416768],[129.830963,36.416749],[129.829342,36.416708],[129.827722,36.416647],[129.826104,36.416566],[129.824487,36.416464],[129.822873,36.416341],[129.821261,36.416198],[129.819652,36.416034],[129.818047,36.41585],[129.816445,36.415646],[129.814847,36.415421],[129.813254,36.415176],[129.811666,36.414911],[129.810084,36.414625],[129.808507,36.41432],[129.806936,36.413994],[129.805372,36.413649],[129.803815,36.413284],[129.802265,36.412899],[129.800722,36.412494],[129.799188,36.41207],[129.797662,36.411626],[129.796145,36.411163],[129.794638,36.410681],[129.793139,36.41018],[129.791651,36.409659],[129.790173,36.40912],[129.788706,36.408562],[129.78725,36.407986],[129.785805,36.407391],[129.784372,36.406778],[129.782951,36.406147],[129.781543,36.405497],[129.780147,36.40483],[129.778765,36.404146],[129.777396,36.403443],[129.77604,36.402724],[129.774699,36.401987],[129.773373,36.401233],[129.772061,36.400463],[129.770765,36.399676],[129.769484,36.398873],[129.768219,36.398053],[129.76697,36.397218],[129.765737,36.396366],[129.764521,36.3955],[129.763322,36.394617],[129.76214,36.39372],[129.760976,36.392808],[129.75983,36.391881],[129.758702,36.39094],[129.757593,36.389984],[129.756502,36.389014],[129.75543,36.388031],[129.754378,36.387034],[129.753345,36.386024],[129.752331,36.385001],[129.751338,36.383965],[129.750365,36.382917],[129.749413,36.381856],[129.748481,36.380784],[129.74757,36.3797],[129.746681,36.378604],[129.745813,36.377497],[129.744966,36.376379],[129.744142,36.375251],[129.743339,36.374112],[129.742559,36.372964],[129.741801,36.371805],[129.741066,36.370637],[129.740353,36.36946],[129.739664,36.368274],[129.738998,36.367079],[129.738354,36.365876],[129.737735,36.364665],[129.737139,36.363446],[129.736567,36.36222],[129.736018,36.360986],[129.735494,36.359746],[129.734994,36.358499],[129.734518,36.357246],[129.734067,36.355988],[129.73364,36.354723],[129.733238,36.353454],[129.73286,36.352179],[129.732507,36.3509],[129.73218,36.349616],[129.731877,36.348329],[129.731599,36.347037],[129.731346,36.345743],[129.731119,36.344445],[129.730916,36.343145],[129.730739,36.341842],[129.730588,36.340537],[129.730461,36.33923],[129.730361,36.337922],[129.730285,36.336613],[129.730235,36.335303],[129.73021,36.333992],[129.730211,36.332681],[129.730237,36.331371],[129.730289,36.330061],[129.730366,36.328752],[129.730469,36.327444],[129.730596,36.326137],[129.73075,36.324832],[129.730928,36.32353],[129.731132,36.322229],[129.731361,36.320932],[129.731615,36.319637],[129.731894,36.318346],[129.732199,36.317059],[129.732528,36.315776],[129.732882,36.314497],[129.733261,36.313222],[129.733664,36.311953],[129.734092,36.310689],[129.734545,36.30943],[129.735022,36.308178],[129.735523,36.306931],[129.736048,36.305692],[129.736597,36.304459],[129.73717,36.303233],[129.737767,36.302014],[129.738387,36.300804],[129.739031,36.299601],[129.739698,36.298407],[129.740388,36.297221],[129.741101,36.296044],[129.741836,36.294876],[129.742595,36.293718],[129.743375,36.29257],[129.744178,36.291432],[129.745003,36.290304],[129.745849,36.289187],[129.746717,36.28808],[129.747606,36.286985],[129.748517,36.285901],[129.749448,36.284829],[129.7504,36.283769],[129.751372,36.282721],[129.752365,36.281686],[129.753377,36.280663],[129.75441,36.279653],[129.755461,36.278657],[129.756532,36.277674],[129.757622,36.276705],[129.75873,36.275749],[129.759857,36.274808],[129.761002,36.273882],[129.762164,36.27297],[129.763345,36.272073],[129.764542,36.271191],[129.765756,36.270324],[129.766987,36.269473],[129.768234,36.268638],[129.769498,36.267819],[129.770777,36.267015],[129.772071,36.266229],[129.773381,36.265458],[129.774705,36.264705],[129.776043,36.263968],[129.777396,36.263248],[129.778763,36.262546],[129.780143,36.261861],[129.781536,36.261194],[129.782941,36.260545],[129.78436,36.259913],[129.78579,36.2593],[129.787232,36.258705],[129.788685,36.258128],[129.790149,36.25757],[129.791624,36.257031],[129.793109,36.25651],[129.794604,36.256008],[129.796109,36.255526],[129.797622,36.255062],[129.799145,36.254618],[129.800676,36.254193],[129.802215,36.253788],[129.803761,36.253402],[129.805315,36.253036],[129.806876,36.25269],[129.808443,36.252364],[129.810017,36.252058],[129.811596,36.251771],[129.81318,36.251505],[129.814769,36.251259],[129.816363,36.251033],[129.817962,36.250828],[129.819564,36.250643],[129.821169,36.250478],[129.822777,36.250333],[129.824388,36.25021],[129.826001,36.250106],[129.827616,36.250023],[129.829232,36.249961],[129.83085,36.249919],[129.832467,36.249898],[129.834086,36.249897],[129.835703,36.249917],[129.837321,36.249957],[129.838937,36.250018],[129.840552,36.2501],[129.842165,36.250202],[129.843776,36.250325],[129.845385,36.250468],[129.84699,36.250631],[129.848593,36.250815],[129.850191,36.251019],[129.851785,36.251243],[129.853375,36.251488],[129.85496,36.251753],[129.856539,36.252038],[129.858113,36.252343],[129.85968,36.252668],[129.861242,36.253012],[129.862796,36.253377],[129.864343,36.253761],[129.865882,36.254165],[129.867414,36.254589],[129.868937,36.255032],[129.870451,36.255494],[129.871956,36.255975],[129.873452,36.256475],[129.874937,36.256995],[129.876413,36.257533],[129.877878,36.25809],[129.879332,36.258665],[129.880774,36.259259],[129.882205,36.259871],[129.883624,36.260501],[129.885031,36.26115],[129.886425,36.261815],[129.887805,36.262499],[129.889173,36.2632],[129.890526,36.263918],[129.891866,36.264654],[129.893191,36.265406],[129.894502,36.266175],[129.895797,36.266961],[129.897077,36.267763],[129.898341,36.268581],[129.89959,36.269415],[129.900822,36.270265],[129.902037,36.271131],[129.903235,36.272012],[129.904417,36.272908],[129.90558,36.273818],[129.906726,36.274744],[129.907854,36.275684],[129.908964,36.276638],[129.910055,36.277606],[129.911127,36.278588],[129.91218,36.279584],[129.913213,36.280592],[129.914227,36.281614],[129.915221,36.282649],[129.916195,36.283696],[129.917148,36.284755],[129.918081,36.285826],[129.918992,36.286909],[129.919883,36.288003],[129.920753,36.289109],[129.9216,36.290225],[129.922427,36.291352],[129.923231,36.29249],[129.924013,36.293637],[129.924773,36.294795],[129.92551,36.295961],[129.926224,36.297137],[129.926916,36.298322],[129.927584,36.299516],[129.92823,36.300718],[129.928851,36.301928],[129.92945,36.303146],[129.930025,36.304371],[129.930575,36.305604],[129.931102,36.306843],[129.931605,36.308089],[129.932084,36.309341],[129.932538,36.310599],[129.932968,36.311862],[129.933373,36.313131],[129.933753,36.314405],[129.934109,36.315683],[129.93444,36.316966],[129.934746,36.318253],[129.935027,36.319544],[129.935283,36.320838],[129.935514,36.322135],[129.93572,36.323435],[129.9359,36.324738],[129.936055,36.326042],[129.936185,36.327348],[129.936289,36.328656],[129.936368,36.329965],[129.936421,36.331275]]]},"properties":{"id":"khoa-seatn-c6534d60ac0c","name":"R-142B","locationName":"동해 강구항근해","referenceChartNumber":"No.462","referenceChartScale":"1:1,700,000","referenceChartName":"한국연안 해상사격 훈련구역도","organization":"국립해양조사원 해도수로과","revisionYear":"2024","effectiveDateText":null,"source":"국립해양조사원(KHOA)","sourceUpdatedAt":"2026-04-15","sourceRaw":"{\"OBJECTID\":\"4\",\"LAYR_KORN_\":\"해양경찰청 훈련구역\",\"RFRNC_INFO\":\"No.462\",\"RFRNC_I_01\":\"1:1,700,000\",\"RFRNC_I_02\":\"한국연안 해상사격 훈련구역도\",\"REL_RGLT\":\"한국연안 해상사격 훈련구역도 참조\",\"REL_DEPT\":\"국립해양조사원 해도수로과\",\"RVSN_YR\":\"2024\",\"ZONE_NM\":\"R-142B\",\"ZONE_DTL\":\"동해 강구항근해\",\"TRNG_PSBLT\":\"300ft 이하\",\"TKEF_YMD_C\":\"\",\"ZONE_EXPLN\":\"다음 1지점을 중심으로 반경 5마일 이내\",\"ZONE_CDNT_\":\"36-20-00.0N 129-50-00.0E\",\"MNCT_NO\":\"\",\"REL_IMG_PA\":\"\",\"ID\":\"4\",\"CTGRY_CD\":\"5010210\",\"RGN_CD\":\"4777000000\",\"RGN_NM\":\"경상북도 영덕군\",\"ADDR\":\"경상북도 영덕군\",\"EXMN_SE\":\"한국연안해상사격훈련구역도\",\"EXMN_YR\":\"2024\",\"EXMN_INST\":\"국립해양조사원\"}"}},{"type":"Feature","id":"khoa-seatn-80dc1dbcdae1","geometry":{"type":"Polygon","coordinates":[[[129.852767,36.081359],[129.852793,36.082669],[129.852794,36.08398],[129.85277,36.085291],[129.85272,36.086601],[129.852645,36.08791],[129.852545,36.089218],[129.852419,36.090525],[129.852268,36.09183],[129.852092,36.093132],[129.851891,36.094433],[129.851664,36.095731],[129.851413,36.097025],[129.851136,36.098317],[129.850834,36.099604],[129.850508,36.100888],[129.850156,36.102167],[129.84978,36.103442],[129.84938,36.104711],[129.848954,36.105976],[129.848505,36.107235],[129.848031,36.108487],[129.847533,36.109734],[129.84701,36.110975],[129.846464,36.112208],[129.845894,36.113434],[129.8453,36.114653],[129.844683,36.115864],[129.844042,36.117067],[129.843378,36.118262],[129.842691,36.119449],[129.841981,36.120626],[129.841249,36.121794],[129.840493,36.122953],[129.839716,36.124102],[129.838916,36.12524],[129.838095,36.126369],[129.837251,36.127487],[129.836386,36.128594],[129.8355,36.12969],[129.834592,36.130774],[129.833664,36.131847],[129.832715,36.132907],[129.831745,36.133956],[129.830755,36.134992],[129.829746,36.136015],[129.828716,36.137025],[129.827667,36.138022],[129.826599,36.139006],[129.825512,36.139975],[129.824407,36.140931],[129.823283,36.141873],[129.82214,36.1428],[129.82098,36.143712],[129.819803,36.14461],[129.818608,36.145492],[129.817396,36.146359],[129.816167,36.147211],[129.814923,36.148047],[129.813662,36.148866],[129.812385,36.14967],[129.811093,36.150457],[129.809786,36.151228],[129.808464,36.151982],[129.807127,36.152719],[129.805777,36.153438],[129.804412,36.154141],[129.803034,36.154826],[129.801643,36.155493],[129.800239,36.156143],[129.798823,36.156774],[129.797395,36.157388],[129.795955,36.157983],[129.794504,36.15856],[129.793041,36.159118],[129.791568,36.159657],[129.790085,36.160178],[129.788592,36.160679],[129.787089,36.161162],[129.785577,36.161625],[129.784056,36.162069],[129.782527,36.162494],[129.780989,36.162899],[129.779445,36.163284],[129.777892,36.16365],[129.776333,36.163995],[129.774767,36.164321],[129.773196,36.164627],[129.771618,36.164913],[129.770035,36.165178],[129.768447,36.165424],[129.766855,36.165649],[129.765258,36.165853],[129.763658,36.166038],[129.762054,36.166202],[129.760448,36.166345],[129.758838,36.166468],[129.757227,36.166571],[129.755613,36.166653],[129.753999,36.166714],[129.752383,36.166755],[129.750767,36.166775],[129.74915,36.166774],[129.747534,36.166753],[129.745918,36.166711],[129.744304,36.166649],[129.742691,36.166566],[129.741079,36.166463],[129.73947,36.166339],[129.737863,36.166194],[129.73626,36.166029],[129.734659,36.165844],[129.733063,36.165638],[129.731471,36.165412],[129.729883,36.165166],[129.728301,36.164899],[129.726723,36.164613],[129.725152,36.164306],[129.723586,36.163979],[129.722027,36.163632],[129.720476,36.163266],[129.718931,36.162879],[129.717394,36.162474],[129.715865,36.162048],[129.714345,36.161603],[129.712833,36.161139],[129.711331,36.160655],[129.709838,36.160153],[129.708355,36.159631],[129.706882,36.159091],[129.70542,36.158532],[129.70397,36.157954],[129.70253,36.157358],[129.701102,36.156744],[129.699687,36.156111],[129.698283,36.155461],[129.696893,36.154793],[129.695516,36.154107],[129.694152,36.153403],[129.692802,36.152683],[129.691466,36.151945],[129.690145,36.15119],[129.688838,36.150419],[129.687547,36.149631],[129.686271,36.148826],[129.68501,36.148005],[129.683766,36.147169],[129.682539,36.146317],[129.681328,36.145449],[129.680133,36.144565],[129.678957,36.143667],[129.677797,36.142754],[129.676656,36.141826],[129.675533,36.140884],[129.674428,36.139927],[129.673342,36.138957],[129.672275,36.137972],[129.671227,36.136975],[129.670198,36.135964],[129.669189,36.13494],[129.6682,36.133903],[129.667232,36.132854],[129.666284,36.131792],[129.665356,36.130719],[129.66445,36.129634],[129.663565,36.128538],[129.662701,36.12743],[129.661858,36.126311],[129.661038,36.125182],[129.660239,36.124043],[129.659462,36.122893],[129.658708,36.121734],[129.657977,36.120565],[129.657268,36.119388],[129.656582,36.118201],[129.655919,36.117005],[129.65528,36.115802],[129.654664,36.11459],[129.654071,36.113371],[129.653502,36.112144],[129.652957,36.11091],[129.652436,36.109669],[129.651939,36.108422],[129.651466,36.107169],[129.651018,36.105909],[129.650594,36.104645],[129.650194,36.103374],[129.64982,36.102099],[129.64947,36.10082],[129.649144,36.099536],[129.648844,36.098248],[129.648569,36.096956],[129.648318,36.095661],[129.648093,36.094363],[129.647893,36.093063],[129.647718,36.09176],[129.647569,36.090455],[129.647444,36.089148],[129.647345,36.087839],[129.647272,36.08653],[129.647223,36.08522],[129.6472,36.083909],[129.647203,36.082598],[129.64723,36.081288],[129.647283,36.079978],[129.647362,36.078668],[129.647466,36.07736],[129.647595,36.076054],[129.647749,36.074749],[129.647929,36.073446],[129.648133,36.072146],[129.648363,36.070849],[129.648618,36.069554],[129.648898,36.068263],[129.649203,36.066976],[129.649533,36.065693],[129.649887,36.064414],[129.650266,36.06314],[129.65067,36.061871],[129.651098,36.060607],[129.651551,36.059349],[129.652028,36.058097],[129.652529,36.056851],[129.653054,36.055611],[129.653603,36.054378],[129.654176,36.053153],[129.654772,36.051935],[129.655392,36.050725],[129.656035,36.049522],[129.656702,36.048328],[129.657391,36.047143],[129.658103,36.045967],[129.658838,36.0448],[129.659595,36.043642],[129.660374,36.042494],[129.661176,36.041357],[129.661999,36.040229],[129.662845,36.039113],[129.663711,36.038007],[129.664599,36.036912],[129.665508,36.035829],[129.666438,36.034758],[129.667388,36.033698],[129.668358,36.032651],[129.669349,36.031616],[129.67036,36.030594],[129.67139,36.029586],[129.67244,36.02859],[129.673508,36.027608],[129.674596,36.026639],[129.675702,36.025685],[129.676826,36.024745],[129.677968,36.023819],[129.679129,36.022908],[129.680306,36.022012],[129.681501,36.021131],[129.682712,36.020265],[129.68394,36.019415],[129.685185,36.01858],[129.686445,36.017762],[129.687721,36.01696],[129.689012,36.016174],[129.690319,36.015405],[129.69164,36.014652],[129.692975,36.013917],[129.694324,36.013198],[129.695688,36.012497],[129.697064,36.011813],[129.698454,36.011147],[129.699856,36.010499],[129.70127,36.009868],[129.702697,36.009256],[129.704135,36.008662],[129.705584,36.008087],[129.707045,36.00753],[129.708515,36.006991],[129.709997,36.006472],[129.711487,36.005971],[129.712988,36.00549],[129.714497,36.005027],[129.716016,36.004584],[129.717542,36.004161],[129.719077,36.003757],[129.720619,36.003372],[129.722169,36.003008],[129.723725,36.002663],[129.725288,36.002338],[129.726856,36.002033],[129.728431,36.001748],[129.730011,36.001483],[129.731595,36.001238],[129.733185,36.001013],[129.734778,36.000809],[129.736375,36.000625],[129.737976,36.000462],[129.739579,36.000319],[129.741185,36.000196],[129.742793,36.000094],[129.744403,36.000012],[129.746014,35.999951],[129.747627,35.999911],[129.74924,35.999891],[129.750853,35.999891],[129.752465,35.999913],[129.754078,35.999954],[129.755689,36.000017],[129.757299,36.000099],[129.758907,36.000203],[129.760513,36.000327],[129.762116,36.000471],[129.763716,36.000636],[129.765313,36.000821],[129.766906,36.001026],[129.768495,36.001252],[129.770079,36.001498],[129.771659,36.001764],[129.773233,36.00205],[129.774802,36.002357],[129.776364,36.002683],[129.77792,36.003029],[129.779469,36.003395],[129.78101,36.00378],[129.782544,36.004186],[129.784071,36.00461],[129.785588,36.005054],[129.787097,36.005518],[129.788597,36.006],[129.790087,36.006502],[129.791568,36.007023],[129.793038,36.007562],[129.794498,36.00812],[129.795946,36.008697],[129.797384,36.009292],[129.798809,36.009905],[129.800223,36.010537],[129.801624,36.011186],[129.803013,36.011853],[129.804389,36.012538],[129.805751,36.01324],[129.807099,36.01396],[129.808434,36.014696],[129.809754,36.01545],[129.811059,36.01622],[129.81235,36.017007],[129.813625,36.01781],[129.814884,36.018629],[129.816127,36.019464],[129.817354,36.020315],[129.818565,36.021182],[129.819759,36.022064],[129.820935,36.022961],[129.822094,36.023873],[129.823235,36.024799],[129.824358,36.02574],[129.825463,36.026695],[129.82655,36.027664],[129.827617,36.028647],[129.828666,36.029644],[129.829695,36.030653],[129.830704,36.031676],[129.831693,36.032711],[129.832663,36.033759],[129.833612,36.034819],[129.83454,36.035891],[129.835448,36.036975],[129.836334,36.03807],[129.8372,36.039176],[129.838044,36.040294],[129.838866,36.041421],[129.839666,36.04256],[129.840444,36.043708],[129.8412,36.044866],[129.841933,36.046033],[129.842644,36.04721],[129.843332,36.048396],[129.843997,36.04959],[129.844639,36.050793],[129.845257,36.052003],[129.845852,36.053222],[129.846424,36.054448],[129.846971,36.05568],[129.847495,36.05692],[129.847995,36.058167],[129.84847,36.059419],[129.848921,36.060677],[129.849348,36.061941],[129.849751,36.063211],[129.850128,36.064485],[129.850481,36.065764],[129.85081,36.067047],[129.851113,36.068335],[129.851392,36.069626],[129.851645,36.07092],[129.851874,36.072217],[129.852077,36.073518],[129.852255,36.07482],[129.852408,36.076125],[129.852536,36.077432],[129.852638,36.07874],[129.852715,36.080049],[129.852767,36.081359]]]},"properties":{"id":"khoa-seatn-80dc1dbcdae1","name":"R-142C","locationName":"동해안 호미곳연안","referenceChartNumber":"No.462","referenceChartScale":"1:1,700,000","referenceChartName":"한국연안 해상사격 훈련구역도","organization":"국립해양조사원 해도수로과","revisionYear":"2024","effectiveDateText":null,"source":"국립해양조사원(KHOA)","sourceUpdatedAt":"2026-04-15","sourceRaw":"{\"OBJECTID\":\"5\",\"LAYR_KORN_\":\"해양경찰청 훈련구역\",\"RFRNC_INFO\":\"No.462\",\"RFRNC_I_01\":\"1:1,700,000\",\"RFRNC_I_02\":\"한국연안 해상사격 훈련구역도\",\"REL_RGLT\":\"한국연안 해상사격 훈련구역도 참조\",\"REL_DEPT\":\"국립해양조사원 해도수로과\",\"RVSN_YR\":\"2024\",\"ZONE_NM\":\"R-142C\",\"ZONE_DTL\":\"동해안 호미곳연안\",\"TRNG_PSBLT\":\"300ft 이하\",\"TKEF_YMD_C\":\"\",\"ZONE_EXPLN\":\"다음 1지점을 중심으로 반경 5마일 이내\",\"ZONE_CDNT_\":\"36-05-00.0N 129-45-00.0E\",\"MNCT_NO\":\"\",\"REL_IMG_PA\":\"\",\"ID\":\"5\",\"CTGRY_CD\":\"5010210\",\"RGN_CD\":\"4711000000\",\"RGN_NM\":\"경상북도 포항시\",\"ADDR\":\"경상북도 포항시\",\"EXMN_SE\":\"한국연안해상사격훈련구역도\",\"EXMN_YR\":\"2024\",\"EXMN_INST\":\"국립해양조사원\"}"}},{"type":"Feature","id":"khoa-seatn-3f25f7a23e65","geometry":{"type":"Polygon","coordinates":[[[128.514161,34.649355],[128.514163,34.650404],[128.514146,34.651453],[128.514109,34.652502],[128.514052,34.65355],[128.513975,34.654597],[128.513878,34.655643],[128.513762,34.656688],[128.513625,34.657731],[128.513469,34.658773],[128.513293,34.659812],[128.513097,34.660848],[128.512881,34.661882],[128.512646,34.662914],[128.512391,34.663941],[128.512117,34.664966],[128.511823,34.665987],[128.51151,34.667004],[128.511178,34.668016],[128.510826,34.669024],[128.510455,34.670028],[128.510065,34.671027],[128.509657,34.67202],[128.509229,34.673008],[128.508783,34.67399],[128.508318,34.674967],[128.507834,34.675937],[128.507332,34.676901],[128.506812,34.677858],[128.506274,34.678808],[128.505718,34.679752],[128.505143,34.680687],[128.504551,34.681616],[128.503942,34.682536],[128.503315,34.683449],[128.502671,34.684353],[128.502009,34.685249],[128.501331,34.686136],[128.500636,34.687014],[128.499924,34.687883],[128.499196,34.688743],[128.498451,34.689593],[128.49769,34.690433],[128.496914,34.691264],[128.496122,34.692084],[128.495314,34.692894],[128.494491,34.693693],[128.493653,34.694481],[128.4928,34.695259],[128.491932,34.696025],[128.49105,34.69678],[128.490153,34.697524],[128.489243,34.698255],[128.488318,34.698975],[128.48738,34.699683],[128.486429,34.700378],[128.485464,34.701061],[128.484487,34.701731],[128.483497,34.702389],[128.482495,34.703034],[128.48148,34.703665],[128.480454,34.704284],[128.479416,34.704889],[128.478366,34.70548],[128.477305,34.706058],[128.476234,34.706622],[128.475152,34.707171],[128.474059,34.707707],[128.472957,34.708229],[128.471845,34.708736],[128.470723,34.709228],[128.469592,34.709707],[128.468452,34.71017],[128.467303,34.710618],[128.466146,34.711052],[128.464981,34.71147],[128.463808,34.711873],[128.462627,34.712261],[128.461439,34.712634],[128.460244,34.712991],[128.459043,34.713332],[128.457835,34.713658],[128.456621,34.713968],[128.455402,34.714263],[128.454176,34.714541],[128.452946,34.714804],[128.451711,34.715051],[128.450471,34.715281],[128.449228,34.715496],[128.44798,34.715694],[128.446728,34.715876],[128.445474,34.716041],[128.444216,34.716191],[128.442955,34.716324],[128.441693,34.716441],[128.440428,34.716541],[128.439161,34.716625],[128.437893,34.716692],[128.436624,34.716743],[128.435354,34.716778],[128.434083,34.716796],[128.432812,34.716797],[128.431542,34.716782],[128.430272,34.716751],[128.429002,34.716703],[128.427734,34.716638],[128.426467,34.716557],[128.425202,34.71646],[128.423939,34.716346],[128.422678,34.716216],[128.42142,34.71607],[128.420164,34.715907],[128.418912,34.715728],[128.417664,34.715533],[128.416419,34.715321],[128.415179,34.715094],[128.413943,34.71485],[128.412711,34.71459],[128.411485,34.714315],[128.410265,34.714023],[128.40905,34.713716],[128.407841,34.713393],[128.406638,34.713054],[128.405442,34.7127],[128.404253,34.71233],[128.403071,34.711945],[128.401897,34.711544],[128.40073,34.711129],[128.399571,34.710698],[128.398421,34.710252],[128.397279,34.709791],[128.396147,34.709316],[128.395023,34.708826],[128.393909,34.708322],[128.392805,34.707803],[128.39171,34.707269],[128.390626,34.706722],[128.389553,34.706161],[128.38849,34.705586],[128.387439,34.704997],[128.386399,34.704394],[128.38537,34.703778],[128.384353,34.703149],[128.383349,34.702507],[128.382356,34.701851],[128.381377,34.701183],[128.38041,34.700503],[128.379456,34.699809],[128.378516,34.699104],[128.377589,34.698386],[128.376676,34.697657],[128.375777,34.696915],[128.374892,34.696162],[128.374021,34.695398],[128.373166,34.694623],[128.372325,34.693836],[128.371499,34.693039],[128.370688,34.692231],[128.369893,34.691413],[128.369114,34.690584],[128.36835,34.689745],[128.367603,34.688897],[128.366872,34.688039],[128.366157,34.687172],[128.365459,34.686295],[128.364777,34.68541],[128.364113,34.684515],[128.363465,34.683612],[128.362835,34.682701],[128.362223,34.681782],[128.361627,34.680855],[128.36105,34.679921],[128.36049,34.678979],[128.359949,34.67803],[128.359425,34.677074],[128.35892,34.676111],[128.358433,34.675142],[128.357965,34.674167],[128.357515,34.673185],[128.357084,34.672198],[128.356672,34.671206],[128.356279,34.670208],[128.355905,34.669205],[128.355549,34.668198],[128.355214,34.667186],[128.354897,34.66617],[128.3546,34.66515],[128.354322,34.664126],[128.354064,34.663099],[128.353825,34.662068],[128.353606,34.661034],[128.353406,34.659998],[128.353227,34.658959],[128.353067,34.657918],[128.352927,34.656876],[128.352806,34.655831],[128.352706,34.654785],[128.352625,34.653738],[128.352565,34.65269],[128.352524,34.651641],[128.352503,34.650592],[128.352503,34.649543],[128.352522,34.648493],[128.352561,34.647445],[128.35262,34.646397],[128.352699,34.645349],[128.352798,34.644303],[128.352917,34.643259],[128.353055,34.642215],[128.353213,34.641174],[128.353392,34.640135],[128.353589,34.639099],[128.353807,34.638065],[128.354044,34.637034],[128.354301,34.636007],[128.354577,34.634983],[128.354872,34.633962],[128.355187,34.632946],[128.355522,34.631933],[128.355875,34.630926],[128.356247,34.629923],[128.356639,34.628924],[128.357049,34.627932],[128.357479,34.626944],[128.357926,34.625962],[128.358393,34.624986],[128.358878,34.624017],[128.359381,34.623053],[128.359903,34.622097],[128.360442,34.621147],[128.361,34.620205],[128.361576,34.619269],[128.362169,34.618342],[128.362779,34.617422],[128.363407,34.61651],[128.364053,34.615606],[128.364715,34.614711],[128.365394,34.613825],[128.36609,34.612948],[128.366803,34.612079],[128.367532,34.61122],[128.368277,34.610371],[128.369038,34.609531],[128.369815,34.608702],[128.370608,34.607882],[128.371416,34.607073],[128.37224,34.606275],[128.373078,34.605487],[128.373932,34.604711],[128.374799,34.603945],[128.375682,34.603191],[128.376578,34.602449],[128.377489,34.601718],[128.378413,34.600999],[128.379351,34.600292],[128.380302,34.599597],[128.381266,34.598915],[128.382243,34.598246],[128.383233,34.597589],[128.384235,34.596945],[128.385249,34.596314],[128.386275,34.595697],[128.387312,34.595093],[128.388361,34.594502],[128.389421,34.593925],[128.390492,34.593362],[128.391573,34.592813],[128.392664,34.592278],[128.393766,34.591757],[128.394877,34.591251],[128.395998,34.590759],[128.397128,34.590281],[128.398266,34.589819],[128.399414,34.589371],[128.40057,34.588938],[128.401734,34.58852],[128.402905,34.588118],[128.404084,34.58773],[128.405271,34.587358],[128.406464,34.587002],[128.407664,34.586661],[128.40887,34.586336],[128.410082,34.586026],[128.4113,34.585732],[128.412524,34.585454],[128.413752,34.585192],[128.414985,34.584946],[128.416223,34.584715],[128.417465,34.584501],[128.418711,34.584303],[128.419961,34.584122],[128.421213,34.583956],[128.422469,34.583807],[128.423728,34.583674],[128.424989,34.583558],[128.426251,34.583458],[128.427516,34.583374],[128.428782,34.583307],[128.430049,34.583256],[128.431317,34.583221],[128.432586,34.583203],[128.433855,34.583202],[128.435123,34.583217],[128.436391,34.583248],[128.437659,34.583296],[128.438925,34.583361],[128.44019,34.583442],[128.441453,34.583539],[128.442714,34.583652],[128.443973,34.583782],[128.445229,34.583929],[128.446483,34.584091],[128.447733,34.58427],[128.448979,34.584465],[128.450222,34.584676],[128.451461,34.584904],[128.452695,34.585147],[128.453924,34.585406],[128.455149,34.585681],[128.456367,34.585973],[128.457581,34.586279],[128.458788,34.586602],[128.459989,34.58694],[128.461183,34.587294],[128.462371,34.587663],[128.463551,34.588048],[128.464724,34.588448],[128.46589,34.588863],[128.467047,34.589293],[128.468196,34.589738],[128.469336,34.590198],[128.470468,34.590673],[128.47159,34.591162],[128.472703,34.591666],[128.473806,34.592184],[128.4749,34.592717],[128.475983,34.593263],[128.477055,34.593824],[128.478117,34.594398],[128.479168,34.594987],[128.480207,34.595588],[128.481235,34.596204],[128.482251,34.596832],[128.483255,34.597473],[128.484247,34.598128],[128.485226,34.598795],[128.486193,34.599475],[128.487146,34.600168],[128.488086,34.600872],[128.489013,34.601589],[128.489926,34.602318],[128.490825,34.603058],[128.49171,34.60381],[128.49258,34.604574],[128.493436,34.605348],[128.494277,34.606134],[128.495104,34.606931],[128.495914,34.607738],[128.49671,34.608555],[128.49749,34.609383],[128.498254,34.610221],[128.499002,34.611068],[128.499734,34.611926],[128.500449,34.612792],[128.501148,34.613668],[128.50183,34.614553],[128.502496,34.615446],[128.503144,34.616348],[128.503775,34.617259],[128.504389,34.618177],[128.504985,34.619103],[128.505564,34.620037],[128.506125,34.620978],[128.506668,34.621927],[128.507192,34.622882],[128.507699,34.623844],[128.508187,34.624813],[128.508657,34.625788],[128.509108,34.626768],[128.509541,34.627755],[128.509954,34.628747],[128.510349,34.629744],[128.510725,34.630746],[128.511082,34.631753],[128.51142,34.632764],[128.511738,34.63378],[128.512037,34.6348],[128.512317,34.635823],[128.512577,34.63685],[128.512817,34.637881],[128.513038,34.638914],[128.51324,34.63995],[128.513421,34.640988],[128.513583,34.642029],[128.513725,34.643072],[128.513848,34.644116],[128.51395,34.645162],[128.514033,34.646209],[128.514095,34.647257],[128.514138,34.648305],[128.514161,34.649355]]]},"properties":{"id":"khoa-seatn-3f25f7a23e65","name":"R-144","locationName":"남해안 소지도부근","referenceChartNumber":"No.462","referenceChartScale":"1:1,700,000","referenceChartName":"한국연안 해상사격 훈련구역도","organization":"국립해양조사원 해도수로과","revisionYear":"2024","effectiveDateText":null,"source":"국립해양조사원(KHOA)","sourceUpdatedAt":"2026-04-15","sourceRaw":"{\"OBJECTID\":\"7\",\"LAYR_KORN_\":\"해양경찰청 훈련구역\",\"RFRNC_INFO\":\"No.462\",\"RFRNC_I_01\":\"1:1,700,000\",\"RFRNC_I_02\":\"한국연안 해상사격 훈련구역도\",\"REL_RGLT\":\"한국연안 해상사격 훈련구역도 참조\",\"REL_DEPT\":\"국립해양조사원 해도수로과\",\"RVSN_YR\":\"2024\",\"ZONE_NM\":\"R-144\",\"ZONE_DTL\":\"남해안 소지도부근\",\"TRNG_PSBLT\":\"300ft 이하\",\"TKEF_YMD_C\":\"\",\"ZONE_EXPLN\":\"다음 1지점을 중심으로 반경 4마일 이내\",\"ZONE_CDNT_\":\"34- 39-00.0N 128-26-00.0E\",\"MNCT_NO\":\"\",\"REL_IMG_PA\":\"\",\"ID\":\"7\",\"CTGRY_CD\":\"5010210\",\"RGN_CD\":\"4822000000\",\"RGN_NM\":\"경상남도 통영시\",\"ADDR\":\"경상남도 통영시\",\"EXMN_SE\":\"한국연안해상사격훈련구역도\",\"EXMN_YR\":\"2024\",\"EXMN_INST\":\"국립해양조사원\"}"}},{"type":"Feature","id":"khoa-seatn-48b0785cf355","geometry":{"type":"Polygon","coordinates":[[[128.181971,34.498368],[128.181969,34.499679],[128.181943,34.500991],[128.181891,34.502302],[128.181815,34.503612],[128.181714,34.504921],[128.181588,34.506228],[128.181437,34.507534],[128.181261,34.508838],[128.181061,34.510139],[128.180836,34.511437],[128.180586,34.512732],[128.180312,34.514024],[128.180013,34.515312],[128.17969,34.516597],[128.179343,34.517876],[128.178971,34.519151],[128.178575,34.520421],[128.178155,34.521686],[128.177711,34.522945],[128.177244,34.524199],[128.176752,34.525446],[128.176237,34.526686],[128.175698,34.52792],[128.175136,34.529146],[128.174551,34.530365],[128.173943,34.531576],[128.173312,34.53278],[128.172658,34.533974],[128.171981,34.535161],[128.171282,34.536338],[128.170561,34.537506],[128.169818,34.538664],[128.169052,34.539813],[128.168265,34.540951],[128.167457,34.54208],[128.166627,34.543197],[128.165776,34.544304],[128.164904,34.545399],[128.164011,34.546483],[128.163098,34.547555],[128.162164,34.548615],[128.161211,34.549663],[128.160237,34.550698],[128.159245,34.551721],[128.158232,34.552731],[128.157201,34.553727],[128.156151,34.55471],[128.155083,34.555678],[128.153996,34.556633],[128.152891,34.557574],[128.151768,34.5585],[128.150628,34.559412],[128.149471,34.560308],[128.148297,34.56119],[128.147106,34.562056],[128.145899,34.562906],[128.144676,34.563741],[128.143437,34.564559],[128.142182,34.565362],[128.140913,34.566148],[128.139629,34.566917],[128.13833,34.56767],[128.137017,34.568405],[128.135691,34.569124],[128.13435,34.569825],[128.132997,34.570508],[128.131631,34.571174],[128.130252,34.571822],[128.128862,34.572452],[128.127459,34.573064],[128.126045,34.573658],[128.12462,34.574233],[128.123184,34.574789],[128.121737,34.575327],[128.120281,34.575846],[128.118815,34.576346],[128.117339,34.576827],[128.115855,34.577288],[128.114362,34.57773],[128.112861,34.578153],[128.111352,34.578556],[128.109835,34.578939],[128.108311,34.579303],[128.106781,34.579647],[128.105244,34.579971],[128.103701,34.580274],[128.102153,34.580558],[128.100599,34.580822],[128.099041,34.581065],[128.097478,34.581288],[128.095911,34.581491],[128.094341,34.581673],[128.092767,34.581835],[128.09119,34.581976],[128.089611,34.582097],[128.08803,34.582197],[128.086447,34.582277],[128.084863,34.582336],[128.083277,34.582375],[128.081692,34.582392],[128.080106,34.58239],[128.07852,34.582366],[128.076935,34.582322],[128.075351,34.582258],[128.073769,34.582172],[128.072188,34.582067],[128.070609,34.58194],[128.069033,34.581794],[128.06746,34.581626],[128.065891,34.581439],[128.064325,34.58123],[128.062763,34.581002],[128.061206,34.580753],[128.059654,34.580484],[128.058107,34.580195],[128.056566,34.579886],[128.055031,34.579557],[128.053502,34.579208],[128.05198,34.578839],[128.050466,34.57845],[128.048959,34.578042],[128.04746,34.577614],[128.045969,34.577167],[128.044487,34.5767],[128.043014,34.576214],[128.04155,34.575709],[128.040096,34.575185],[128.038653,34.574642],[128.03722,34.574081],[128.035797,34.573501],[128.034386,34.572902],[128.032987,34.572286],[128.031599,34.571651],[128.030224,34.570998],[128.028861,34.570327],[128.027511,34.569639],[128.026174,34.568933],[128.024851,34.56821],[128.023542,34.56747],[128.022248,34.566713],[128.020967,34.565939],[128.019702,34.565149],[128.018452,34.564342],[128.017217,34.563519],[128.015998,34.56268],[128.014795,34.561826],[128.013609,34.560955],[128.012439,34.56007],[128.011286,34.559169],[128.010151,34.558254],[128.009033,34.557324],[128.007933,34.556379],[128.006851,34.555421],[128.005787,34.554448],[128.004742,34.553462],[128.003716,34.552462],[128.002709,34.551449],[128.001721,34.550423],[128.000753,34.549384],[127.999805,34.548333],[127.998877,34.547269],[127.997969,34.546194],[127.997082,34.545107],[127.996216,34.544008],[127.99537,34.542899],[127.994546,34.541778],[127.993743,34.540647],[127.992962,34.539506],[127.992202,34.538355],[127.991465,34.537194],[127.990749,34.536023],[127.990056,34.534844],[127.989386,34.533655],[127.988738,34.532458],[127.988113,34.531253],[127.987511,34.530039],[127.986932,34.528818],[127.986376,34.52759],[127.985844,34.526354],[127.985335,34.525112],[127.98485,34.523863],[127.984388,34.522608],[127.983951,34.521348],[127.983537,34.520081],[127.983148,34.51881],[127.982783,34.517534],[127.982442,34.516253],[127.982125,34.514967],[127.981833,34.513678],[127.981566,34.512385],[127.981323,34.511089],[127.981104,34.50979],[127.98091,34.508488],[127.980741,34.507184],[127.980597,34.505878],[127.980478,34.50457],[127.980383,34.50326],[127.980313,34.50195],[127.980269,34.500639],[127.980249,34.499327],[127.980254,34.498015],[127.980283,34.496704],[127.980338,34.495393],[127.980418,34.494083],[127.980522,34.492774],[127.980651,34.491467],[127.980805,34.490161],[127.980984,34.488858],[127.981187,34.487557],[127.981415,34.486259],[127.981668,34.484964],[127.981945,34.483673],[127.982247,34.482385],[127.982573,34.481101],[127.982923,34.479822],[127.983298,34.478547],[127.983696,34.477278],[127.984119,34.476014],[127.984565,34.474755],[127.985036,34.473503],[127.98553,34.472257],[127.986047,34.471017],[127.986589,34.469784],[127.987153,34.468558],[127.98774,34.46734],[127.988351,34.46613],[127.988984,34.464928],[127.98964,34.463734],[127.990319,34.462549],[127.99102,34.461373],[127.991743,34.460206],[127.992488,34.459048],[127.993255,34.457901],[127.994044,34.456763],[127.994854,34.455636],[127.995686,34.45452],[127.996538,34.453414],[127.997411,34.45232],[127.998305,34.451237],[127.999219,34.450166],[128.000154,34.449107],[128.001108,34.448061],[128.002082,34.447027],[128.003076,34.446005],[128.004089,34.444997],[128.00512,34.444002],[128.006171,34.443021],[128.00724,34.442053],[128.008327,34.441099],[128.009432,34.44016],[128.010555,34.439235],[128.011695,34.438325],[128.012852,34.43743],[128.014026,34.43655],[128.015216,34.435685],[128.016423,34.434836],[128.017645,34.434002],[128.018884,34.433185],[128.020137,34.432384],[128.021406,34.431599],[128.022689,34.430831],[128.023987,34.43008],[128.025298,34.429345],[128.026624,34.428628],[128.027962,34.427928],[128.029314,34.427246],[128.030679,34.426581],[128.032056,34.425934],[128.033445,34.425305],[128.034846,34.424694],[128.036258,34.424102],[128.037682,34.423528],[128.039116,34.422972],[128.04056,34.422436],[128.042014,34.421918],[128.043478,34.421419],[128.044951,34.420939],[128.046433,34.420478],[128.047924,34.420037],[128.049423,34.419615],[128.050929,34.419213],[128.052443,34.41883],[128.053964,34.418467],[128.055492,34.418124],[128.057026,34.417801],[128.058566,34.417498],[128.060111,34.417215],[128.061662,34.416951],[128.063217,34.416709],[128.064777,34.416486],[128.066341,34.416284],[128.067909,34.416102],[128.069479,34.41594],[128.071053,34.415799],[128.072629,34.415679],[128.074207,34.415579],[128.075787,34.415499],[128.077368,34.41544],[128.07895,34.415402],[128.080533,34.415384],[128.082116,34.415387],[128.083698,34.41541],[128.08528,34.415454],[128.086861,34.415519],[128.08844,34.415604],[128.090018,34.415709],[128.091593,34.415836],[128.093166,34.415982],[128.094736,34.416149],[128.096303,34.416336],[128.097865,34.416544],[128.099424,34.416772],[128.100978,34.417021],[128.102528,34.417289],[128.104072,34.417578],[128.10561,34.417886],[128.107142,34.418215],[128.108668,34.418563],[128.110187,34.418932],[128.111699,34.41932],[128.113204,34.419727],[128.1147,34.420154],[128.116189,34.420601],[128.117668,34.421067],[128.119139,34.421552],[128.1206,34.422056],[128.122052,34.422579],[128.123494,34.42312],[128.124925,34.423681],[128.126345,34.42426],[128.127754,34.424857],[128.129152,34.425473],[128.130538,34.426107],[128.131912,34.426759],[128.133273,34.427428],[128.134621,34.428115],[128.135956,34.42882],[128.137278,34.429542],[128.138586,34.430281],[128.13988,34.431037],[128.141159,34.431809],[128.142424,34.432598],[128.143673,34.433404],[128.144907,34.434226],[128.146125,34.435063],[128.147328,34.435917],[128.148514,34.436785],[128.149683,34.43767],[128.150836,34.438569],[128.151971,34.439483],[128.153089,34.440412],[128.154189,34.441355],[128.155271,34.442313],[128.156335,34.443284],[128.157381,34.444269],[128.158407,34.445268],[128.159415,34.446279],[128.160403,34.447304],[128.161372,34.448342],[128.162321,34.449392],[128.16325,34.450454],[128.164159,34.451528],[128.165047,34.452614],[128.165915,34.453711],[128.166761,34.454819],[128.167587,34.455939],[128.168391,34.457069],[128.169174,34.458209],[128.169936,34.459359],[128.170675,34.460519],[128.171392,34.461688],[128.172087,34.462867],[128.17276,34.464054],[128.173409,34.465251],[128.174037,34.466455],[128.174641,34.467667],[128.175222,34.468888],[128.17578,34.470115],[128.176315,34.47135],[128.176826,34.472591],[128.177314,34.473839],[128.177778,34.475093],[128.178218,34.476353],[128.178634,34.477619],[128.179026,34.47889],[128.179394,34.480166],[128.179738,34.481446],[128.180058,34.482731],[128.180353,34.484019],[128.180623,34.485312],[128.180869,34.486608],[128.181091,34.487906],[128.181288,34.489208],[128.18146,34.490512],[128.181607,34.491818],[128.181729,34.493126],[128.181827,34.494435],[128.1819,34.495745],[128.181948,34.497056],[128.181971,34.498368]]]},"properties":{"id":"khoa-seatn-48b0785cf355","name":"R-145","locationName":"남해안 세존도부근","referenceChartNumber":"No.462","referenceChartScale":"1:1,700,000","referenceChartName":"한국연안 해상사격 훈련구역도","organization":"국립해양조사원 해도수로과","revisionYear":"2024","effectiveDateText":null,"source":"국립해양조사원(KHOA)","sourceUpdatedAt":"2026-04-15","sourceRaw":"{\"OBJECTID\":\"8\",\"LAYR_KORN_\":\"해양경찰청 훈련구역\",\"RFRNC_INFO\":\"No.462\",\"RFRNC_I_01\":\"1:1,700,000\",\"RFRNC_I_02\":\"한국연안 해상사격 훈련구역도\",\"REL_RGLT\":\"한국연안 해상사격 훈련구역도 참조\",\"REL_DEPT\":\"국립해양조사원 해도수로과\",\"RVSN_YR\":\"2024\",\"ZONE_NM\":\"R-145\",\"ZONE_DTL\":\"남해안 세존도부근\",\"TRNG_PSBLT\":\"300ft 이하\",\"TKEF_YMD_C\":\"\",\"ZONE_EXPLN\":\"다음 1지점을 중심으로 반경 5마일 이내\",\"ZONE_CDNT_\":\"34-29-56.0N 128-04-52.0E\",\"MNCT_NO\":\"\",\"REL_IMG_PA\":\"\",\"ID\":\"8\",\"CTGRY_CD\":\"5010210\",\"RGN_CD\":\"4884000000\",\"RGN_NM\":\"경상남도 남해군\",\"ADDR\":\"경상남도 남해군\",\"EXMN_SE\":\"한국연안해상사격훈련구역도\",\"EXMN_YR\":\"2024\",\"EXMN_INST\":\"국립해양조사원\"}"}},{"type":"Feature","id":"khoa-seatn-912e43f80ad7","geometry":{"type":"Polygon","coordinates":[[[126.965072,34.0702],[126.965052,34.071512],[126.965006,34.072823],[126.964936,34.074133],[126.964841,34.075443],[126.964722,34.076751],[126.964578,34.078057],[126.964409,34.079361],[126.964215,34.080663],[126.963997,34.081962],[126.963755,34.083259],[126.963488,34.084551],[126.963196,34.085841],[126.96288,34.087126],[126.962541,34.088407],[126.962176,34.089683],[126.961788,34.090954],[126.961376,34.092221],[126.96094,34.093481],[126.96048,34.094736],[126.959997,34.095985],[126.95949,34.097227],[126.95896,34.098462],[126.958406,34.09969],[126.957829,34.100911],[126.95723,34.102124],[126.956607,34.10333],[126.955962,34.104527],[126.955294,34.105715],[126.954604,34.106894],[126.953891,34.108065],[126.953157,34.109226],[126.952401,34.110377],[126.951623,34.111518],[126.950823,34.112648],[126.950002,34.113769],[126.949161,34.114878],[126.948298,34.115976],[126.947415,34.117063],[126.946511,34.118138],[126.945587,34.119201],[126.944643,34.120252],[126.943679,34.12129],[126.942696,34.122316],[126.941694,34.123329],[126.940672,34.124328],[126.939632,34.125314],[126.938573,34.126287],[126.937496,34.127245],[126.936401,34.128189],[126.935288,34.129119],[126.934158,34.130034],[126.93301,34.130934],[126.931846,34.131819],[126.930665,34.132689],[126.929468,34.133543],[126.928255,34.134382],[126.927026,34.135204],[126.925782,34.13601],[126.924522,34.1368],[126.923248,34.137574],[126.921959,34.13833],[126.920656,34.13907],[126.91934,34.139792],[126.91801,34.140498],[126.916666,34.141186],[126.91531,34.141856],[126.913941,34.142508],[126.91256,34.143142],[126.911168,34.143759],[126.909763,34.144357],[126.908348,34.144936],[126.906922,34.145497],[126.905485,34.146039],[126.904039,34.146563],[126.902582,34.147067],[126.901116,34.147552],[126.899642,34.148019],[126.898158,34.148465],[126.896666,34.148893],[126.895167,34.1493],[126.89366,34.149689],[126.892145,34.150057],[126.890624,34.150405],[126.889097,34.150734],[126.887563,34.151043],[126.886024,34.151331],[126.88448,34.1516],[126.88293,34.151848],[126.881377,34.152076],[126.879819,34.152283],[126.878257,34.15247],[126.876692,34.152637],[126.875124,34.152783],[126.873553,34.152909],[126.871981,34.153014],[126.870406,34.153098],[126.86883,34.153162],[126.867253,34.153206],[126.865675,34.153229],[126.864098,34.153231],[126.86252,34.153212],[126.860943,34.153173],[126.859367,34.153113],[126.857792,34.153033],[126.856219,34.152932],[126.854647,34.152811],[126.853079,34.152669],[126.851513,34.152506],[126.849951,34.152324],[126.848392,34.15212],[126.846837,34.151897],[126.845287,34.151653],[126.843742,34.151388],[126.842201,34.151104],[126.840667,34.1508],[126.839138,34.150475],[126.837615,34.150131],[126.8361,34.149767],[126.834591,34.149383],[126.83309,34.148979],[126.831596,34.148556],[126.830111,34.148113],[126.828635,34.147651],[126.827167,34.147169],[126.825709,34.146669],[126.82426,34.14615],[126.822821,34.145611],[126.821393,34.145054],[126.819975,34.144478],[126.818569,34.143884],[126.817174,34.143272],[126.81579,34.142641],[126.814419,34.141993],[126.81306,34.141326],[126.811714,34.140642],[126.810381,34.13994],[126.809062,34.139221],[126.807756,34.138485],[126.806464,34.137732],[126.805187,34.136962],[126.803925,34.136176],[126.802677,34.135373],[126.801445,34.134554],[126.800228,34.133719],[126.799028,34.132868],[126.797844,34.132001],[126.796676,34.131119],[126.795525,34.130222],[126.794391,34.12931],[126.793275,34.128384],[126.792176,34.127443],[126.791095,34.126487],[126.790033,34.125518],[126.788988,34.124535],[126.787963,34.123538],[126.786957,34.122528],[126.785969,34.121505],[126.785002,34.120469],[126.784054,34.119421],[126.783125,34.11836],[126.782217,34.117288],[126.78133,34.116203],[126.780463,34.115107],[126.779617,34.114001],[126.778792,34.112883],[126.777988,34.111754],[126.777205,34.110615],[126.776445,34.109466],[126.775706,34.108307],[126.774989,34.107139],[126.774294,34.105961],[126.773621,34.104775],[126.772971,34.10358],[126.772344,34.102376],[126.771739,34.101165],[126.771158,34.099946],[126.770599,34.098719],[126.770064,34.097485],[126.769553,34.096244],[126.769064,34.094997],[126.7686,34.093744],[126.768159,34.092484],[126.767742,34.091219],[126.767348,34.089949],[126.766979,34.088673],[126.766634,34.087394],[126.766314,34.086109],[126.766017,34.084821],[126.765745,34.083529],[126.765497,34.082233],[126.765274,34.080935],[126.765075,34.079634],[126.764901,34.07833],[126.764752,34.077024],[126.764627,34.075716],[126.764527,34.074407],[126.764452,34.073097],[126.764401,34.071786],[126.764376,34.070474],[126.764375,34.069163],[126.764398,34.067851],[126.764447,34.06654],[126.76452,34.065229],[126.764618,34.06392],[126.764741,34.062612],[126.764888,34.061306],[126.76506,34.060003],[126.765256,34.058701],[126.765477,34.057402],[126.765723,34.056106],[126.765993,34.054814],[126.766287,34.053525],[126.766605,34.052241],[126.766948,34.05096],[126.767315,34.049685],[126.767706,34.048414],[126.768121,34.047148],[126.768559,34.045888],[126.769021,34.044634],[126.769507,34.043387],[126.770017,34.042145],[126.770549,34.040911],[126.771105,34.039683],[126.771684,34.038463],[126.772286,34.037251],[126.772911,34.036047],[126.773558,34.034851],[126.774228,34.033663],[126.77492,34.032485],[126.775634,34.031316],[126.77637,34.030156],[126.777128,34.029006],[126.777908,34.027866],[126.778709,34.026736],[126.779531,34.025617],[126.780374,34.024509],[126.781238,34.023412],[126.782122,34.022327],[126.783027,34.021253],[126.783952,34.020191],[126.784897,34.019141],[126.785861,34.018104],[126.786845,34.01708],[126.787848,34.016068],[126.78887,34.01507],[126.789911,34.014085],[126.79097,34.013114],[126.792047,34.012157],[126.793142,34.011214],[126.794255,34.010286],[126.795385,34.009372],[126.796532,34.008473],[126.797696,34.007589],[126.798876,34.006721],[126.800073,34.005868],[126.801286,34.005031],[126.802514,34.004209],[126.803757,34.003404],[126.805016,34.002615],[126.806289,34.001843],[126.807577,34.001088],[126.808878,34.000349],[126.810194,33.999628],[126.811523,33.998924],[126.812865,33.998237],[126.814219,33.997568],[126.815587,33.996917],[126.816966,33.996283],[126.818357,33.995668],[126.819759,33.995071],[126.821173,33.994493],[126.822597,33.993933],[126.824031,33.993392],[126.825476,33.992869],[126.82693,33.992365],[126.828394,33.991881],[126.829866,33.991416],[126.831347,33.99097],[126.832836,33.990543],[126.834333,33.990136],[126.835838,33.989749],[126.83735,33.989381],[126.838868,33.989033],[126.840393,33.988705],[126.841923,33.988397],[126.84346,33.988109],[126.845001,33.987841],[126.846548,33.987593],[126.848099,33.987366],[126.849654,33.987159],[126.851212,33.986972],[126.852775,33.986806],[126.85434,33.98666],[126.855907,33.986534],[126.857477,33.986429],[126.859048,33.986345],[126.860621,33.986281],[126.862195,33.986237],[126.863769,33.986215],[126.865344,33.986213],[126.866919,33.986231],[126.868493,33.98627],[126.870066,33.98633],[126.871638,33.98641],[126.873208,33.98651],[126.874776,33.986631],[126.876342,33.986773],[126.877904,33.986935],[126.879464,33.987118],[126.881019,33.987321],[126.882571,33.987544],[126.884119,33.987787],[126.885661,33.988051],[126.887199,33.988335],[126.888731,33.988638],[126.890257,33.988962],[126.891777,33.989306],[126.89329,33.98967],[126.894796,33.990053],[126.896295,33.990456],[126.897786,33.990878],[126.899268,33.99132],[126.900743,33.991781],[126.902208,33.992262],[126.903664,33.992761],[126.905111,33.99328],[126.906548,33.993817],[126.907974,33.994373],[126.90939,33.994948],[126.910795,33.995541],[126.912188,33.996152],[126.91357,33.996782],[126.914939,33.997429],[126.916297,33.998095],[126.917641,33.998778],[126.918973,33.999478],[126.920291,34.000196],[126.921596,34.000931],[126.922887,34.001683],[126.924163,34.002452],[126.925425,34.003237],[126.926671,34.004039],[126.927903,34.004856],[126.929119,34.00569],[126.930319,34.00654],[126.931503,34.007405],[126.93267,34.008286],[126.933821,34.009182],[126.934955,34.010092],[126.936071,34.011018],[126.93717,34.011958],[126.938251,34.012912],[126.939314,34.01388],[126.940359,34.014862],[126.941385,34.015857],[126.942392,34.016866],[126.94338,34.017888],[126.944348,34.018922],[126.945297,34.019969],[126.946226,34.021029],[126.947135,34.0221],[126.948024,34.023183],[126.948892,34.024278],[126.94974,34.025384],[126.950566,34.026501],[126.951372,34.027628],[126.952156,34.028766],[126.952918,34.029914],[126.953659,34.031072],[126.954378,34.032239],[126.955074,34.033415],[126.955749,34.034601],[126.956401,34.035795],[126.95703,34.036998],[126.957637,34.038208],[126.958221,34.039427],[126.958782,34.040653],[126.959319,34.041886],[126.959834,34.043126],[126.960324,34.044372],[126.960792,34.045625],[126.961235,34.046884],[126.961655,34.048148],[126.962051,34.049418],[126.962423,34.050693],[126.962771,34.051972],[126.963094,34.053256],[126.963394,34.054544],[126.963669,34.055836],[126.963919,34.057131],[126.964145,34.058429],[126.964347,34.05973],[126.964524,34.061033],[126.964676,34.062339],[126.964804,34.063646],[126.964907,34.064955],[126.964986,34.066266],[126.965039,34.067577],[126.965068,34.068888],[126.965072,34.0702]]]},"properties":{"id":"khoa-seatn-912e43f80ad7","name":"R-146","locationName":"남해안 청산도남방연안","referenceChartNumber":"No.462","referenceChartScale":"1:1,700,000","referenceChartName":"한국연안 해상사격 훈련구역도","organization":"국립해양조사원 해도수로과","revisionYear":"2024","effectiveDateText":null,"source":"국립해양조사원(KHOA)","sourceUpdatedAt":"2026-04-15","sourceRaw":"{\"OBJECTID\":\"9\",\"LAYR_KORN_\":\"해양경찰청 훈련구역\",\"RFRNC_INFO\":\"No.462\",\"RFRNC_I_01\":\"1:1,700,000\",\"RFRNC_I_02\":\"한국연안 해상사격 훈련구역도\",\"REL_RGLT\":\"한국연안 해상사격 훈련구역도 참조\",\"REL_DEPT\":\"국립해양조사원 해도수로과\",\"RVSN_YR\":\"2024\",\"ZONE_NM\":\"R-146\",\"ZONE_DTL\":\"남해안 청산도남방연안\",\"TRNG_PSBLT\":\"300ft 이하\",\"TKEF_YMD_C\":\"\",\"ZONE_EXPLN\":\"다음 1지점을 중심으로 반경 5마일 이내\",\"ZONE_CDNT_\":\"34-04-11.0N 126-51-53.0E\",\"MNCT_NO\":\"\",\"REL_IMG_PA\":\"\",\"ID\":\"9\",\"CTGRY_CD\":\"5010210\",\"RGN_CD\":\"4689000000\",\"RGN_NM\":\"전라남도 완도군\",\"ADDR\":\"전라남도 완도군\",\"EXMN_SE\":\"한국연안해상사격훈련구역도\",\"EXMN_YR\":\"2024\",\"EXMN_INST\":\"국립해양조사원\"}"}},{"type":"Feature","id":"khoa-seatn-ddda9c6ca9f0","geometry":{"type":"Polygon","coordinates":[[[126.31662,33.746832],[126.31659,33.748143],[126.316535,33.749454],[126.316455,33.750764],[126.316351,33.752073],[126.316222,33.75338],[126.316069,33.754686],[126.315891,33.755989],[126.315688,33.75729],[126.315461,33.758588],[126.31521,33.759883],[126.314934,33.761174],[126.314634,33.762461],[126.31431,33.763745],[126.313962,33.765024],[126.31359,33.766298],[126.313194,33.767568],[126.312774,33.768832],[126.31233,33.77009],[126.311863,33.771342],[126.311372,33.772588],[126.310858,33.773827],[126.31032,33.77506],[126.30976,33.776285],[126.309176,33.777503],[126.30857,33.778713],[126.30794,33.779915],[126.307289,33.781108],[126.306614,33.782293],[126.305918,33.783469],[126.3052,33.784635],[126.30446,33.785792],[126.303698,33.786939],[126.302914,33.788076],[126.302109,33.789203],[126.301283,33.790319],[126.300437,33.791423],[126.299569,33.792517],[126.298681,33.793599],[126.297773,33.794669],[126.296845,33.795727],[126.295896,33.796773],[126.294929,33.797807],[126.293942,33.798827],[126.292936,33.799835],[126.291911,33.800829],[126.290867,33.801809],[126.289805,33.802776],[126.288725,33.803729],[126.287627,33.804667],[126.286512,33.805591],[126.285379,33.8065],[126.284229,33.807394],[126.283063,33.808273],[126.28188,33.809137],[126.280681,33.809984],[126.279467,33.810816],[126.278236,33.811632],[126.276991,33.812432],[126.275731,33.813216],[126.274456,33.813982],[126.273166,33.814732],[126.271863,33.815465],[126.270546,33.816181],[126.269216,33.816879],[126.267872,33.81756],[126.266517,33.818223],[126.265148,33.818868],[126.263768,33.819495],[126.262376,33.820104],[126.260973,33.820695],[126.259559,33.821267],[126.258134,33.82182],[126.256699,33.822355],[126.255254,33.822871],[126.2538,33.823367],[126.252336,33.823845],[126.250863,33.824303],[126.249383,33.824742],[126.247894,33.825162],[126.246397,33.825562],[126.244893,33.825942],[126.243382,33.826303],[126.241864,33.826643],[126.24034,33.826964],[126.23881,33.827264],[126.237275,33.827545],[126.235734,33.827805],[126.234189,33.828045],[126.23264,33.828265],[126.231087,33.828464],[126.22953,33.828643],[126.227969,33.828802],[126.226407,33.82894],[126.224841,33.829058],[126.223274,33.829155],[126.221705,33.829231],[126.220135,33.829287],[126.218563,33.829322],[126.216992,33.829336],[126.21542,33.82933],[126.213849,33.829304],[126.212278,33.829256],[126.210709,33.829188],[126.209141,33.8291],[126.207574,33.828991],[126.206011,33.828861],[126.204449,33.828711],[126.202891,33.828541],[126.201336,33.82835],[126.199785,33.828138],[126.198238,33.827907],[126.196696,33.827655],[126.195158,33.827383],[126.193626,33.82709],[126.1921,33.826778],[126.190579,33.826445],[126.189066,33.826093],[126.187559,33.825721],[126.186059,33.825329],[126.184567,33.824918],[126.183082,33.824487],[126.181606,33.824036],[126.180139,33.823567],[126.178681,33.823078],[126.177232,33.82257],[126.175793,33.822043],[126.174364,33.821497],[126.172945,33.820933],[126.171537,33.82035],[126.170141,33.819748],[126.168756,33.819129],[126.167383,33.818491],[126.166022,33.817835],[126.164673,33.817162],[126.163337,33.816471],[126.162015,33.815762],[126.160706,33.815037],[126.159411,33.814294],[126.15813,33.813534],[126.156864,33.812758],[126.155612,33.811965],[126.154376,33.811155],[126.153154,33.81033],[126.151949,33.809489],[126.15076,33.808632],[126.149586,33.807759],[126.14843,33.806871],[126.14729,33.805968],[126.146168,33.80505],[126.145063,33.804118],[126.143975,33.803171],[126.142906,33.80221],[126.141855,33.801236],[126.140822,33.800247],[126.139808,33.799245],[126.138813,33.79823],[126.137837,33.797202],[126.136881,33.796161],[126.135945,33.795108],[126.135028,33.794043],[126.134132,33.792966],[126.133256,33.791877],[126.1324,33.790777],[126.131566,33.789666],[126.130752,33.788544],[126.12996,33.787411],[126.129189,33.786268],[126.12844,33.785115],[126.127713,33.783953],[126.127007,33.782781],[126.126324,33.7816],[126.125663,33.78041],[126.125024,33.779212],[126.124409,33.778005],[126.123816,33.776791],[126.123245,33.775569],[126.122698,33.774339],[126.122174,33.773103],[126.121674,33.771859],[126.121197,33.77061],[126.120743,33.769354],[126.120314,33.768092],[126.119907,33.766825],[126.119525,33.765553],[126.119167,33.764276],[126.118833,33.762994],[126.118523,33.761709],[126.118238,33.760419],[126.117976,33.759126],[126.117739,33.757829],[126.117526,33.756529],[126.117338,33.755227],[126.117175,33.753923],[126.117036,33.752616],[126.116921,33.751308],[126.116831,33.749999],[126.116766,33.748688],[126.116725,33.747377],[126.116709,33.746065],[126.116718,33.744754],[126.116752,33.743442],[126.11681,33.742132],[126.116892,33.740822],[126.117,33.739513],[126.117131,33.738206],[126.117288,33.736901],[126.117469,33.735598],[126.117674,33.734298],[126.117904,33.733001],[126.118158,33.731706],[126.118437,33.730415],[126.118739,33.729128],[126.119066,33.727845],[126.119417,33.726567],[126.119792,33.725293],[126.120191,33.724025],[126.120613,33.722761],[126.121059,33.721504],[126.121529,33.720252],[126.122022,33.719007],[126.122539,33.717769],[126.123079,33.716537],[126.123642,33.715313],[126.124227,33.714096],[126.124836,33.712887],[126.125467,33.711686],[126.126121,33.710493],[126.126797,33.70931],[126.127495,33.708135],[126.128215,33.706969],[126.128957,33.705814],[126.12972,33.704668],[126.130505,33.703532],[126.131311,33.702407],[126.132139,33.701292],[126.132987,33.700188],[126.133855,33.699096],[126.134744,33.698015],[126.135653,33.696946],[126.136582,33.695889],[126.137531,33.694844],[126.1385,33.693812],[126.139487,33.692793],[126.140494,33.691787],[126.141519,33.690794],[126.142563,33.689815],[126.143625,33.688849],[126.144705,33.687898],[126.145803,33.686961],[126.146918,33.686038],[126.148051,33.68513],[126.1492,33.684237],[126.150366,33.68336],[126.151549,33.682497],[126.152747,33.681651],[126.153961,33.68082],[126.15519,33.680005],[126.156435,33.679206],[126.157694,33.678424],[126.158968,33.677659],[126.160257,33.67691],[126.161559,33.676178],[126.162874,33.675464],[126.164203,33.674767],[126.165545,33.674087],[126.166899,33.673425],[126.168266,33.672781],[126.169644,33.672155],[126.171034,33.671547],[126.172436,33.670957],[126.173848,33.670386],[126.175271,33.669833],[126.176704,33.6693],[126.178146,33.668785],[126.179599,33.668289],[126.18106,33.667812],[126.18253,33.667354],[126.184009,33.666916],[126.185495,33.666497],[126.186989,33.666098],[126.188491,33.665718],[126.189999,33.665358],[126.191514,33.665018],[126.193036,33.664698],[126.194563,33.664398],[126.196095,33.664118],[126.197633,33.663858],[126.199175,33.663619],[126.200721,33.663399],[126.202272,33.6632],[126.203826,33.663021],[126.205383,33.662863],[126.206943,33.662725],[126.208505,33.662608],[126.21007,33.662511],[126.211636,33.662435],[126.213203,33.662379],[126.214771,33.662344],[126.216339,33.662329],[126.217908,33.662335],[126.219476,33.662362],[126.221044,33.662409],[126.22261,33.662477],[126.224175,33.662565],[126.225739,33.662674],[126.2273,33.662803],[126.228858,33.662953],[126.230413,33.663123],[126.231965,33.663313],[126.233514,33.663524],[126.235058,33.663755],[126.236597,33.664007],[126.238132,33.664278],[126.239661,33.66457],[126.241185,33.664882],[126.242703,33.665214],[126.244214,33.665565],[126.245719,33.665936],[126.247216,33.666327],[126.248706,33.666738],[126.250188,33.667168],[126.251661,33.667618],[126.253127,33.668087],[126.254583,33.668575],[126.25603,33.669082],[126.257467,33.669608],[126.258894,33.670152],[126.26031,33.670716],[126.261716,33.671298],[126.263111,33.671898],[126.264495,33.672517],[126.265866,33.673153],[126.267226,33.673808],[126.268573,33.67448],[126.269907,33.67517],[126.271229,33.675877],[126.272536,33.676602],[126.27383,33.677343],[126.27511,33.678102],[126.276376,33.678877],[126.277627,33.679669],[126.278863,33.680477],[126.280083,33.681301],[126.281288,33.682141],[126.282477,33.682997],[126.28365,33.683868],[126.284807,33.684755],[126.285946,33.685657],[126.287069,33.686573],[126.288174,33.687504],[126.289262,33.68845],[126.290331,33.689409],[126.291383,33.690383],[126.292416,33.69137],[126.293431,33.692371],[126.294426,33.693385],[126.295403,33.694412],[126.29636,33.695451],[126.297297,33.696503],[126.298215,33.697567],[126.299112,33.698643],[126.299989,33.699731],[126.300846,33.70083],[126.301682,33.70194],[126.302497,33.703061],[126.303291,33.704192],[126.304063,33.705334],[126.304814,33.706486],[126.305544,33.707648],[126.306251,33.708819],[126.306936,33.709999],[126.307599,33.711188],[126.30824,33.712385],[126.308858,33.713591],[126.309453,33.714804],[126.310026,33.716026],[126.310575,33.717255],[126.311101,33.71849],[126.311604,33.719733],[126.312084,33.720982],[126.31254,33.722237],[126.312972,33.723498],[126.313381,33.724764],[126.313766,33.726036],[126.314127,33.727313],[126.314464,33.728594],[126.314776,33.729879],[126.315065,33.731169],[126.315329,33.732461],[126.315569,33.733758],[126.315785,33.735057],[126.315976,33.736359],[126.316143,33.737663],[126.316285,33.73897],[126.316402,33.740278],[126.316495,33.741587],[126.316563,33.742897],[126.316607,33.744209],[126.316626,33.74552],[126.31662,33.746832]]]},"properties":{"id":"khoa-seatn-ddda9c6ca9f0","name":"R-149","locationName":"남해안 화도서방연안","referenceChartNumber":"No.462","referenceChartScale":"1:1,700,000","referenceChartName":"한국연안 해상사격 훈련구역도","organization":"국립해양조사원 해도수로과","revisionYear":"2024","effectiveDateText":null,"source":"국립해양조사원(KHOA)","sourceUpdatedAt":"2026-04-15","sourceRaw":"{\"OBJECTID\":\"13\",\"LAYR_KORN_\":\"해양경찰청 훈련구역\",\"RFRNC_INFO\":\"No.462\",\"RFRNC_I_01\":\"1:1,700,000\",\"RFRNC_I_02\":\"한국연안 해상사격 훈련구역도\",\"REL_RGLT\":\"한국연안 해상사격 훈련구역도 참조\",\"REL_DEPT\":\"국립해양조사원 해도수로과\",\"RVSN_YR\":\"2024\",\"ZONE_NM\":\"R-149\",\"ZONE_DTL\":\"남해안 화도서방연안\",\"TRNG_PSBLT\":\"300ft 이하\",\"TKEF_YMD_C\":\"\",\"ZONE_EXPLN\":\"다음 1지점을 중심으로 반경 5마일 이내\",\"ZONE_CDNT_\":\"33-44-45.0N 126-13-00.0E\",\"MNCT_NO\":\"\",\"REL_IMG_PA\":\"\",\"ID\":\"13\",\"CTGRY_CD\":\"5010210\",\"RGN_CD\":\"5011000000\",\"RGN_NM\":\"제주특별자치도 제주시\",\"ADDR\":\"제주특별자치도 제주시\",\"EXMN_SE\":\"한국연안해상사격훈련구역도\",\"EXMN_YR\":\"2024\",\"EXMN_INST\":\"국립해양조사원\"}"}},{"type":"Feature","id":"khoa-seatn-9e31e9121a08","geometry":{"type":"Polygon","coordinates":[[[125.99531,34.42074],[125.995282,34.421789],[125.995233,34.422838],[125.995165,34.423885],[125.995076,34.424932],[125.994968,34.425977],[125.99484,34.427021],[125.994692,34.428063],[125.994525,34.429103],[125.994338,34.430141],[125.994131,34.431176],[125.993904,34.432208],[125.993658,34.433237],[125.993393,34.434263],[125.993108,34.435285],[125.992804,34.436303],[125.99248,34.437318],[125.992138,34.438328],[125.991776,34.439333],[125.991395,34.440334],[125.990995,34.441329],[125.990576,34.442319],[125.990139,34.443304],[125.989683,34.444283],[125.989209,34.445256],[125.988716,34.446222],[125.988205,34.447182],[125.987675,34.448135],[125.987128,34.449081],[125.986563,34.45002],[125.98598,34.450951],[125.985379,34.451875],[125.984761,34.452791],[125.984126,34.453698],[125.983473,34.454598],[125.982804,34.455488],[125.982118,34.45637],[125.981415,34.457243],[125.980695,34.458106],[125.97996,34.45896],[125.979208,34.459805],[125.97844,34.460639],[125.977657,34.461463],[125.976858,34.462277],[125.976043,34.463081],[125.975214,34.463874],[125.974369,34.464656],[125.97351,34.465427],[125.972636,34.466186],[125.971748,34.466934],[125.970846,34.467671],[125.96993,34.468395],[125.969,34.469108],[125.968057,34.469808],[125.967101,34.470496],[125.966131,34.471172],[125.965149,34.471835],[125.964155,34.472485],[125.963148,34.473122],[125.96213,34.473745],[125.9611,34.474356],[125.960058,34.474953],[125.959005,34.475536],[125.957941,34.476106],[125.956866,34.476661],[125.955781,34.477203],[125.954686,34.47773],[125.953581,34.478243],[125.952466,34.478742],[125.951342,34.479226],[125.950209,34.479695],[125.949067,34.480149],[125.947917,34.480589],[125.946758,34.481014],[125.945592,34.481423],[125.944418,34.481817],[125.943236,34.482196],[125.942048,34.482559],[125.940852,34.482907],[125.939651,34.48324],[125.938443,34.483556],[125.937229,34.483857],[125.93601,34.484142],[125.934785,34.484411],[125.933556,34.484665],[125.932322,34.484902],[125.931083,34.485123],[125.92984,34.485328],[125.928594,34.485516],[125.927344,34.485689],[125.926091,34.485845],[125.924836,34.485985],[125.923578,34.486108],[125.922317,34.486215],[125.921055,34.486306],[125.919791,34.48638],[125.918526,34.486438],[125.91726,34.486479],[125.915993,34.486504],[125.914726,34.486512],[125.913459,34.486504],[125.912193,34.486479],[125.910927,34.486438],[125.909662,34.48638],[125.908398,34.486306],[125.907136,34.486216],[125.905875,34.486109],[125.904617,34.485985],[125.903361,34.485845],[125.902108,34.485689],[125.900859,34.485517],[125.899612,34.485329],[125.89837,34.485124],[125.897131,34.484903],[125.895897,34.484666],[125.894668,34.484413],[125.893443,34.484144],[125.892224,34.483859],[125.89101,34.483558],[125.889802,34.483241],[125.8886,34.482909],[125.887405,34.482561],[125.886216,34.482198],[125.885035,34.481819],[125.883861,34.481425],[125.882694,34.481016],[125.881536,34.480591],[125.880385,34.480152],[125.879244,34.479697],[125.87811,34.479228],[125.876986,34.478744],[125.875872,34.478246],[125.874767,34.477733],[125.873671,34.477206],[125.872586,34.476664],[125.871512,34.476109],[125.870448,34.475539],[125.869395,34.474956],[125.868353,34.474359],[125.867322,34.473749],[125.866304,34.473125],[125.865297,34.472488],[125.864303,34.471839],[125.863321,34.471176],[125.862351,34.4705],[125.861395,34.469812],[125.860452,34.469112],[125.859522,34.4684],[125.858606,34.467675],[125.857704,34.466939],[125.856816,34.466191],[125.855942,34.465431],[125.855083,34.46466],[125.854238,34.463879],[125.853408,34.463086],[125.852594,34.462282],[125.851795,34.461468],[125.851011,34.460644],[125.850243,34.45981],[125.849492,34.458966],[125.848756,34.458112],[125.848036,34.457248],[125.847333,34.456376],[125.846647,34.455494],[125.845977,34.454603],[125.845325,34.453704],[125.84469,34.452797],[125.844071,34.451881],[125.843471,34.450958],[125.842888,34.450026],[125.842322,34.449088],[125.841775,34.448142],[125.841246,34.447188],[125.840734,34.446229],[125.840241,34.445262],[125.839767,34.44429],[125.839311,34.443311],[125.838873,34.442327],[125.838454,34.441336],[125.838055,34.440341],[125.837674,34.439341],[125.837312,34.438335],[125.836969,34.437325],[125.836645,34.436311],[125.836341,34.435293],[125.836056,34.434271],[125.83579,34.433245],[125.835544,34.432216],[125.835317,34.431184],[125.83511,34.430149],[125.834923,34.429111],[125.834755,34.428071],[125.834608,34.427029],[125.834479,34.425986],[125.834371,34.42494],[125.834283,34.423894],[125.834214,34.422846],[125.834165,34.421798],[125.834136,34.420749],[125.834127,34.4197],[125.834138,34.418651],[125.834169,34.417602],[125.83422,34.416554],[125.83429,34.415506],[125.83438,34.41446],[125.83449,34.413415],[125.83462,34.412371],[125.83477,34.41133],[125.834939,34.41029],[125.835129,34.409253],[125.835337,34.408218],[125.835566,34.407186],[125.835813,34.406157],[125.836081,34.405132],[125.836367,34.40411],[125.836673,34.403092],[125.836999,34.402078],[125.837343,34.401069],[125.837706,34.400064],[125.838089,34.399064],[125.83849,34.398069],[125.83891,34.397079],[125.839349,34.396095],[125.839807,34.395117],[125.840283,34.394145],[125.840777,34.393179],[125.841289,34.39222],[125.84182,34.391267],[125.842368,34.390322],[125.842935,34.389384],[125.843519,34.388453],[125.84412,34.38753],[125.844739,34.386615],[125.845376,34.385708],[125.846029,34.38481],[125.846699,34.38392],[125.847386,34.383039],[125.84809,34.382167],[125.84881,34.381304],[125.849546,34.380451],[125.850299,34.379607],[125.851067,34.378774],[125.851851,34.37795],[125.85265,34.377137],[125.853465,34.376334],[125.854295,34.375542],[125.855139,34.374761],[125.855999,34.373991],[125.856872,34.373232],[125.85776,34.372485],[125.858663,34.371749],[125.859578,34.371026],[125.860508,34.370314],[125.861451,34.369614],[125.862407,34.368927],[125.863376,34.368252],[125.864357,34.36759],[125.865351,34.366941],[125.866357,34.366305],[125.867375,34.365682],[125.868405,34.365072],[125.869446,34.364476],[125.870498,34.363894],[125.871561,34.363325],[125.872634,34.36277],[125.873718,34.362229],[125.874813,34.361702],[125.875917,34.36119],[125.87703,34.360692],[125.878153,34.360209],[125.879285,34.35974],[125.880425,34.359286],[125.881574,34.358847],[125.882731,34.358423],[125.883896,34.358014],[125.885069,34.357621],[125.886249,34.357242],[125.887436,34.356879],[125.88863,34.356532],[125.88983,34.3562],[125.891036,34.355884],[125.892248,34.355583],[125.893465,34.355299],[125.894688,34.35503],[125.895916,34.354777],[125.897148,34.35454],[125.898385,34.35432],[125.899626,34.354115],[125.90087,34.353927],[125.902118,34.353754],[125.903369,34.353598],[125.904623,34.353459],[125.905879,34.353335],[125.907137,34.353229],[125.908397,34.353138],[125.909659,34.353064],[125.910922,34.353006],[125.912186,34.352965],[125.913451,34.35294],[125.914716,34.352932],[125.915981,34.35294],[125.917245,34.352965],[125.918509,34.353006],[125.919773,34.353063],[125.921034,34.353137],[125.922295,34.353227],[125.923553,34.353334],[125.924809,34.353457],[125.926063,34.353597],[125.927314,34.353752],[125.928562,34.353924],[125.929806,34.354113],[125.931047,34.354317],[125.932284,34.354538],[125.933516,34.354774],[125.934744,34.355027],[125.935967,34.355296],[125.937185,34.35558],[125.938397,34.35588],[125.939603,34.356196],[125.940803,34.356528],[125.941997,34.356875],[125.943184,34.357238],[125.944364,34.357616],[125.945537,34.35801],[125.946702,34.358418],[125.947859,34.358842],[125.949008,34.359281],[125.950149,34.359735],[125.951281,34.360203],[125.952404,34.360687],[125.953517,34.361184],[125.954621,34.361697],[125.955716,34.362223],[125.9568,34.362764],[125.957874,34.363318],[125.958937,34.363887],[125.959989,34.36447],[125.961031,34.365066],[125.96206,34.365675],[125.963078,34.366298],[125.964085,34.366934],[125.965079,34.367583],[125.96606,34.368245],[125.967029,34.36892],[125.967985,34.369607],[125.968928,34.370306],[125.969858,34.371018],[125.970774,34.371742],[125.971676,34.372477],[125.972565,34.373224],[125.973439,34.373983],[125.974298,34.374753],[125.975143,34.375534],[125.975973,34.376326],[125.976788,34.377128],[125.977587,34.377942],[125.978372,34.378765],[125.97914,34.379599],[125.979892,34.380442],[125.980629,34.381295],[125.981349,34.382158],[125.982053,34.38303],[125.98274,34.383911],[125.983411,34.384801],[125.984064,34.385699],[125.984701,34.386606],[125.98532,34.387521],[125.985922,34.388444],[125.986506,34.389374],[125.987073,34.390313],[125.987621,34.391258],[125.988152,34.39221],[125.988665,34.39317],[125.989159,34.394135],[125.989635,34.395107],[125.990093,34.396086],[125.990532,34.39707],[125.990952,34.398059],[125.991354,34.399054],[125.991737,34.400054],[125.9921,34.401059],[125.992445,34.402069],[125.99277,34.403083],[125.993076,34.404101],[125.993363,34.405122],[125.993631,34.406148],[125.993879,34.407177],[125.994107,34.408209],[125.994316,34.409243],[125.994505,34.410281],[125.994675,34.41132],[125.994825,34.412362],[125.994955,34.413406],[125.995065,34.414451],[125.995156,34.415497],[125.995227,34.416545],[125.995277,34.417593],[125.995308,34.418642],[125.995319,34.419691],[125.99531,34.42074]]]},"properties":{"id":"khoa-seatn-9e31e9121a08","name":"R-148B","locationName":"서해안 진도서방연안","referenceChartNumber":"No.462","referenceChartScale":"1:1,700,000","referenceChartName":"한국연안 해상사격 훈련구역도","organization":"국립해양조사원 해도수로과","revisionYear":"2024","effectiveDateText":null,"source":"국립해양조사원(KHOA)","sourceUpdatedAt":"2026-04-15","sourceRaw":"{\"OBJECTID\":\"12\",\"LAYR_KORN_\":\"해양경찰청 훈련구역\",\"RFRNC_INFO\":\"No.462\",\"RFRNC_I_01\":\"1:1,700,000\",\"RFRNC_I_02\":\"한국연안 해상사격 훈련구역도\",\"REL_RGLT\":\"한국연안 해상사격 훈련구역도 참조\",\"REL_DEPT\":\"국립해양조사원 해도수로과\",\"RVSN_YR\":\"2024\",\"ZONE_NM\":\"R-148B\",\"ZONE_DTL\":\"서해안 진도서방연안\",\"TRNG_PSBLT\":\"300ft 이하\",\"TKEF_YMD_C\":\"\",\"ZONE_EXPLN\":\"다음 1지점을 중심으로 반경 4마일 이내\",\"ZONE_CDNT_\":\"34-25-11.0N 125-54-53.0E\",\"MNCT_NO\":\"\",\"REL_IMG_PA\":\"\",\"ID\":\"12\",\"CTGRY_CD\":\"5010210\",\"RGN_CD\":\"4690000000\",\"RGN_NM\":\"전라남도 진도군\",\"ADDR\":\"전라남도 진도군\",\"EXMN_SE\":\"한국연안해상사격훈련구역도\",\"EXMN_YR\":\"2024\",\"EXMN_INST\":\"국립해양조사원\"}"}},{"type":"Feature","id":"khoa-seatn-d9462af6d26b","geometry":{"type":"Polygon","coordinates":[[[126.273913,34.759964],[126.273897,34.76062],[126.273868,34.761275],[126.273827,34.76193],[126.273774,34.762584],[126.273708,34.763238],[126.27363,34.76389],[126.273539,34.764542],[126.273436,34.765192],[126.273321,34.765841],[126.273193,34.766488],[126.273053,34.767134],[126.272901,34.767777],[126.272736,34.768419],[126.27256,34.769058],[126.272371,34.769695],[126.27217,34.770329],[126.271957,34.770961],[126.271732,34.77159],[126.271495,34.772216],[126.271246,34.772839],[126.270985,34.773458],[126.270713,34.774074],[126.270428,34.774686],[126.270133,34.775295],[126.269825,34.7759],[126.269507,34.7765],[126.269176,34.777097],[126.268835,34.777689],[126.268482,34.778276],[126.268118,34.778859],[126.267743,34.779438],[126.267357,34.780011],[126.26696,34.780579],[126.266553,34.781142],[126.266134,34.781699],[126.265706,34.782252],[126.265266,34.782798],[126.264817,34.783339],[126.264357,34.783874],[126.263887,34.784402],[126.263407,34.784925],[126.262917,34.785441],[126.262417,34.785951],[126.261908,34.786455],[126.261389,34.786951],[126.260861,34.787441],[126.260323,34.787924],[126.259776,34.7884],[126.259221,34.788869],[126.258656,34.789331],[126.258083,34.789785],[126.257501,34.790232],[126.256911,34.790671],[126.256312,34.791102],[126.255705,34.791526],[126.255091,34.791941],[126.254468,34.792349],[126.253838,34.792749],[126.2532,34.79314],[126.252555,34.793523],[126.251902,34.793897],[126.251243,34.794264],[126.250576,34.794621],[126.249903,34.79497],[126.249224,34.79531],[126.248538,34.795641],[126.247845,34.795963],[126.247147,34.796277],[126.246443,34.796581],[126.245733,34.796876],[126.245017,34.797161],[126.244297,34.797438],[126.243571,34.797705],[126.24284,34.797963],[126.242104,34.798211],[126.241363,34.798449],[126.240618,34.798678],[126.239869,34.798897],[126.239116,34.799107],[126.238359,34.799306],[126.237598,34.799496],[126.236833,34.799676],[126.236066,34.799846],[126.235295,34.800006],[126.234521,34.800156],[126.233744,34.800296],[126.232965,34.800426],[126.232184,34.800546],[126.2314,34.800656],[126.230614,34.800755],[126.229827,34.800845],[126.229037,34.800924],[126.228247,34.800992],[126.227455,34.801051],[126.226662,34.801099],[126.225869,34.801137],[126.225074,34.801165],[126.22428,34.801182],[126.223485,34.801189],[126.22269,34.801186],[126.221895,34.801173],[126.221101,34.801149],[126.220307,34.801115],[126.219514,34.801071],[126.218722,34.801016],[126.217931,34.800951],[126.217141,34.800876],[126.216353,34.80079],[126.215566,34.800695],[126.214782,34.800589],[126.213999,34.800473],[126.213219,34.800347],[126.212442,34.800211],[126.211667,34.800065],[126.210895,34.799908],[126.210126,34.799742],[126.20936,34.799566],[126.208598,34.79938],[126.207839,34.799184],[126.207084,34.798978],[126.206334,34.798763],[126.205587,34.798537],[126.204845,34.798303],[126.204107,34.798058],[126.203375,34.797804],[126.202647,34.797541],[126.201924,34.797268],[126.201206,34.796986],[126.200494,34.796694],[126.199788,34.796393],[126.199087,34.796084],[126.198393,34.795765],[126.197704,34.795437],[126.197022,34.7951],[126.196346,34.794755],[126.195678,34.794401],[126.195015,34.794038],[126.19436,34.793667],[126.193712,34.793287],[126.193072,34.792899],[126.192439,34.792502],[126.191813,34.792098],[126.191195,34.791685],[126.190585,34.791264],[126.189984,34.790836],[126.18939,34.7904],[126.188805,34.789956],[126.188229,34.789505],[126.187661,34.789046],[126.187102,34.78858],[126.186552,34.788106],[126.186011,34.787626],[126.185479,34.787139],[126.184956,34.786645],[126.184443,34.786144],[126.18394,34.785636],[126.183446,34.785123],[126.182962,34.784602],[126.182488,34.784076],[126.182025,34.783543],[126.181571,34.783005],[126.181128,34.782461],[126.180695,34.781911],[126.180273,34.781355],[126.179861,34.780794],[126.17946,34.780228],[126.17907,34.779657],[126.178691,34.779081],[126.178323,34.778499],[126.177966,34.777914],[126.17762,34.777323],[126.177285,34.776728],[126.176962,34.776129],[126.176651,34.775526],[126.17635,34.774919],[126.176062,34.774308],[126.175785,34.773694],[126.17552,34.773075],[126.175266,34.772454],[126.175025,34.771829],[126.174795,34.771202],[126.174577,34.770571],[126.174372,34.769937],[126.174178,34.769301],[126.173997,34.768663],[126.173828,34.768022],[126.173671,34.76738],[126.173526,34.766735],[126.173394,34.766088],[126.173274,34.76544],[126.173166,34.76479],[126.17307,34.764139],[126.172988,34.763487],[126.172917,34.762834],[126.172859,34.76218],[126.172813,34.761526],[126.17278,34.76087],[126.172759,34.760215],[126.172751,34.759559],[126.172755,34.758904],[126.172772,34.758248],[126.172801,34.757593],[126.172843,34.756938],[126.172897,34.756284],[126.172964,34.75563],[126.173043,34.754978],[126.173134,34.754326],[126.173238,34.753676],[126.173354,34.753028],[126.173483,34.752381],[126.173623,34.751735],[126.173776,34.751092],[126.173942,34.75045],[126.174119,34.749811],[126.174309,34.749175],[126.17451,34.74854],[126.174724,34.747909],[126.17495,34.74728],[126.175187,34.746654],[126.175437,34.746032],[126.175698,34.745413],[126.175971,34.744797],[126.176256,34.744185],[126.176552,34.743576],[126.17686,34.742972],[126.17718,34.742371],[126.17751,34.741775],[126.177852,34.741183],[126.178206,34.740596],[126.17857,34.740013],[126.178945,34.739435],[126.179332,34.738863],[126.179729,34.738295],[126.180137,34.737732],[126.180555,34.737175],[126.180985,34.736623],[126.181424,34.736077],[126.181874,34.735536],[126.182334,34.735002],[126.182804,34.734473],[126.183285,34.733951],[126.183775,34.733435],[126.184275,34.732926],[126.184784,34.732423],[126.185303,34.731926],[126.185831,34.731437],[126.186369,34.730954],[126.186916,34.730478],[126.187471,34.73001],[126.188036,34.729548],[126.188609,34.729095],[126.189191,34.728648],[126.189781,34.728209],[126.19038,34.727778],[126.190986,34.727355],[126.191601,34.72694],[126.192223,34.726532],[126.192853,34.726133],[126.193491,34.725742],[126.194136,34.725359],[126.194788,34.724985],[126.195447,34.724619],[126.196113,34.724262],[126.196786,34.723914],[126.197465,34.723574],[126.198151,34.723243],[126.198843,34.722921],[126.19954,34.722608],[126.200244,34.722304],[126.200954,34.722009],[126.201669,34.721724],[126.202389,34.721448],[126.203114,34.721181],[126.203845,34.720923],[126.20458,34.720676],[126.20532,34.720437],[126.206064,34.720208],[126.206813,34.719989],[126.207565,34.71978],[126.208322,34.719581],[126.209082,34.719391],[126.209846,34.719211],[126.210613,34.719041],[126.211383,34.718881],[126.212156,34.718731],[126.212932,34.718592],[126.21371,34.718462],[126.214491,34.718342],[126.215274,34.718232],[126.216059,34.718133],[126.216846,34.718044],[126.217634,34.717965],[126.218424,34.717896],[126.219215,34.717838],[126.220007,34.717789],[126.2208,34.717751],[126.221593,34.717724],[126.222387,34.717706],[126.223181,34.717699],[126.223975,34.717702],[126.224769,34.717716],[126.225563,34.717739],[126.226356,34.717774],[126.227148,34.717818],[126.22794,34.717872],[126.22873,34.717937],[126.229519,34.718012],[126.230306,34.718098],[126.231092,34.718193],[126.231876,34.718299],[126.232657,34.718415],[126.233437,34.718541],[126.234214,34.718677],[126.234988,34.718823],[126.235759,34.718979],[126.236527,34.719145],[126.237292,34.719321],[126.238054,34.719507],[126.238812,34.719702],[126.239566,34.719908],[126.240316,34.720123],[126.241062,34.720348],[126.241804,34.720583],[126.242541,34.720827],[126.243273,34.721081],[126.244001,34.721344],[126.244723,34.721617],[126.24544,34.721899],[126.246151,34.72219],[126.246857,34.72249],[126.247558,34.7228],[126.248252,34.723118],[126.24894,34.723446],[126.249622,34.723782],[126.250297,34.724127],[126.250965,34.724481],[126.251627,34.724844],[126.252282,34.725215],[126.25293,34.725594],[126.25357,34.725982],[126.254203,34.726378],[126.254829,34.726782],[126.255446,34.727195],[126.256056,34.727615],[126.256657,34.728043],[126.257251,34.728479],[126.257836,34.728922],[126.258412,34.729373],[126.25898,34.729832],[126.259539,34.730298],[126.26009,34.730771],[126.260631,34.731251],[126.261163,34.731738],[126.261685,34.732231],[126.262198,34.732732],[126.262702,34.733239],[126.263196,34.733753],[126.26368,34.734273],[126.264154,34.734799],[126.264618,34.735331],[126.265072,34.735869],[126.265516,34.736413],[126.265949,34.736963],[126.266371,34.737518],[126.266783,34.738078],[126.267185,34.738644],[126.267575,34.739215],[126.267955,34.739791],[126.268323,34.740372],[126.268681,34.740958],[126.269027,34.741548],[126.269362,34.742143],[126.269686,34.742741],[126.269998,34.743344],[126.270299,34.743951],[126.270588,34.744562],[126.270866,34.745176],[126.271132,34.745794],[126.271386,34.746416],[126.271628,34.74704],[126.271858,34.747668],[126.272077,34.748298],[126.272283,34.748931],[126.272477,34.749567],[126.272659,34.750206],[126.272829,34.750846],[126.272987,34.751489],[126.273132,34.752133],[126.273266,34.75278],[126.273386,34.753428],[126.273495,34.754078],[126.273591,34.754729],[126.273675,34.755381],[126.273746,34.756034],[126.273805,34.756688],[126.273851,34.757342],[126.273885,34.757997],[126.273907,34.758653],[126.273916,34.759309],[126.273913,34.759964]]]},"properties":{"id":"khoa-seatn-d9462af6d26b","name":"R-148A","locationName":"서해안 불무기도부근","referenceChartNumber":"No.462","referenceChartScale":"1:1,700,000","referenceChartName":"한국연안 해상사격 훈련구역도","organization":"국립해양조사원 해도수로과","revisionYear":"2024","effectiveDateText":null,"source":"국립해양조사원(KHOA)","sourceUpdatedAt":"2026-04-15","sourceRaw":"{\"OBJECTID\":\"11\",\"LAYR_KORN_\":\"해양경찰청 훈련구역\",\"RFRNC_INFO\":\"No.462\",\"RFRNC_I_01\":\"1:1,700,000\",\"RFRNC_I_02\":\"한국연안 해상사격 훈련구역도\",\"REL_RGLT\":\"한국연안 해상사격 훈련구역도 참조\",\"REL_DEPT\":\"국립해양조사원 해도수로과\",\"RVSN_YR\":\"2024\",\"ZONE_NM\":\"R-148A\",\"ZONE_DTL\":\"서해안 불무기도부근\",\"TRNG_PSBLT\":\"300ft 이하\",\"TKEF_YMD_C\":\"\",\"ZONE_EXPLN\":\"다음 1지점을 중심으로 반경 2.5마일 이내\",\"ZONE_CDNT_\":\"34-45-34.0N 126-13-24.0E\",\"MNCT_NO\":\"\",\"REL_IMG_PA\":\"\",\"ID\":\"11\",\"CTGRY_CD\":\"5010210\",\"RGN_CD\":\"4691000000\",\"RGN_NM\":\"전라남도 신안군\",\"ADDR\":\"전라남도 신안군\",\"EXMN_SE\":\"한국연안해상사격훈련구역도\",\"EXMN_YR\":\"2024\",\"EXMN_INST\":\"국립해양조사원\"}"}},{"type":"Feature","id":"khoa-seatn-f5983b67a253","geometry":{"type":"Polygon","coordinates":[[[126.45182,32.667712],[126.451787,32.669286],[126.451725,32.67086],[126.451633,32.672432],[126.451513,32.674003],[126.451363,32.675573],[126.451184,32.67714],[126.450976,32.678704],[126.450739,32.680266],[126.450473,32.681824],[126.450178,32.683378],[126.449854,32.684929],[126.449502,32.686475],[126.44912,32.688016],[126.44871,32.689551],[126.448272,32.691081],[126.447805,32.692606],[126.44731,32.694123],[126.446787,32.695634],[126.446236,32.697138],[126.445657,32.698634],[126.44505,32.700123],[126.444416,32.701603],[126.443754,32.703074],[126.443065,32.704537],[126.442349,32.70599],[126.441605,32.707434],[126.440836,32.708867],[126.440039,32.71029],[126.439216,32.711703],[126.438367,32.713104],[126.437492,32.714493],[126.436591,32.715871],[126.435665,32.717237],[126.434714,32.718591],[126.433737,32.719931],[126.432736,32.721259],[126.43171,32.722572],[126.43066,32.723873],[126.429585,32.725159],[126.428487,32.72643],[126.427365,32.727687],[126.42622,32.728929],[126.425053,32.730155],[126.423862,32.731366],[126.422649,32.732561],[126.421414,32.733739],[126.420157,32.734901],[126.418879,32.736046],[126.417579,32.737174],[126.416259,32.738285],[126.414918,32.739378],[126.413557,32.740453],[126.412177,32.741509],[126.410776,32.742548],[126.409357,32.743567],[126.407919,32.744568],[126.406462,32.745549],[126.404987,32.746511],[126.403495,32.747453],[126.401985,32.748375],[126.400458,32.749277],[126.398914,32.750159],[126.397355,32.75102],[126.395779,32.75186],[126.394188,32.752679],[126.392582,32.753477],[126.390961,32.754253],[126.389326,32.755008],[126.387677,32.755741],[126.386015,32.756452],[126.38434,32.757141],[126.382652,32.757807],[126.380952,32.758451],[126.37924,32.759073],[126.377516,32.759671],[126.375782,32.760247],[126.374037,32.760799],[126.372283,32.761328],[126.370518,32.761834],[126.368744,32.762316],[126.366962,32.762775],[126.365171,32.76321],[126.363373,32.763621],[126.361567,32.764008],[126.359754,32.764371],[126.357934,32.76471],[126.356108,32.765024],[126.354277,32.765315],[126.352441,32.765581],[126.350599,32.765823],[126.348754,32.76604],[126.346904,32.766232],[126.345052,32.7664],[126.343196,32.766544],[126.341338,32.766662],[126.339478,32.766756],[126.337617,32.766825],[126.335754,32.76687],[126.333891,32.76689],[126.332028,32.766885],[126.330165,32.766855],[126.328303,32.766801],[126.326442,32.766721],[126.324582,32.766617],[126.322725,32.766489],[126.320871,32.766335],[126.319019,32.766158],[126.317172,32.765955],[126.315328,32.765728],[126.313488,32.765477],[126.311654,32.765201],[126.309825,32.7649],[126.308002,32.764576],[126.306185,32.764227],[126.304374,32.763855],[126.302571,32.763458],[126.300776,32.763037],[126.298988,32.762593],[126.29721,32.762125],[126.29544,32.761633],[126.293679,32.761118],[126.291928,32.760579],[126.290188,32.760017],[126.288458,32.759433],[126.286739,32.758825],[126.285032,32.758194],[126.283337,32.757541],[126.281654,32.756866],[126.279984,32.756168],[126.278327,32.755448],[126.276684,32.754707],[126.275054,32.753943],[126.27344,32.753158],[126.27184,32.752352],[126.270255,32.751524],[126.268686,32.750675],[126.267132,32.749806],[126.265596,32.748916],[126.264076,32.748006],[126.262573,32.747076],[126.261087,32.746126],[126.25962,32.745156],[126.25817,32.744167],[126.25674,32.743159],[126.255328,32.742132],[126.253936,32.741086],[126.252563,32.740022],[126.25121,32.73894],[126.249877,32.73784],[126.248566,32.736723],[126.247275,32.735588],[126.246005,32.734436],[126.244757,32.733267],[126.243531,32.732082],[126.242327,32.730881],[126.241145,32.729664],[126.239987,32.728432],[126.238851,32.727184],[126.237739,32.725921],[126.236651,32.724644],[126.235586,32.723352],[126.234545,32.722046],[126.233529,32.720727],[126.232538,32.719394],[126.231571,32.718049],[126.23063,32.71669],[126.229714,32.71532],[126.228824,32.713937],[126.227959,32.712543],[126.227121,32.711137],[126.226308,32.709721],[126.225523,32.708293],[126.224763,32.706856],[126.224031,32.705409],[126.223326,32.703952],[126.222648,32.702486],[126.221997,32.701011],[126.221373,32.699527],[126.220778,32.698036],[126.22021,32.696536],[126.21967,32.69503],[126.219158,32.693516],[126.218674,32.691996],[126.218219,32.69047],[126.217792,32.688937],[126.217394,32.687399],[126.217024,32.685857],[126.216683,32.684309],[126.216371,32.682757],[126.216087,32.681201],[126.215833,32.679642],[126.215607,32.678079],[126.215411,32.676513],[126.215244,32.674946],[126.215106,32.673376],[126.214997,32.671804],[126.214917,32.670231],[126.214866,32.668658],[126.214845,32.667083],[126.214853,32.665509],[126.21489,32.663935],[126.214956,32.662362],[126.215052,32.66079],[126.215177,32.659219],[126.215331,32.65765],[126.215514,32.656084],[126.215726,32.654519],[126.215967,32.652958],[126.216237,32.651401],[126.216536,32.649847],[126.216863,32.648297],[126.21722,32.646752],[126.217605,32.645212],[126.218018,32.643677],[126.21846,32.642148],[126.218931,32.640625],[126.219429,32.639108],[126.219956,32.637598],[126.22051,32.636095],[126.221093,32.6346],[126.221703,32.633113],[126.22234,32.631634],[126.223005,32.630164],[126.223697,32.628702],[126.224416,32.627251],[126.225162,32.625808],[126.225935,32.624376],[126.226734,32.622955],[126.227559,32.621544],[126.22841,32.620144],[126.229287,32.618756],[126.23019,32.617379],[126.231118,32.616015],[126.232072,32.614663],[126.23305,32.613324],[126.234053,32.611998],[126.235081,32.610686],[126.236132,32.609388],[126.237208,32.608103],[126.238307,32.606833],[126.23943,32.605578],[126.240576,32.604338],[126.241744,32.603114],[126.242936,32.601905],[126.244149,32.600711],[126.245385,32.599535],[126.246642,32.598375],[126.24792,32.597231],[126.249219,32.596105],[126.25054,32.594996],[126.25188,32.593905],[126.253241,32.592832],[126.254621,32.591777],[126.256021,32.59074],[126.257439,32.589722],[126.258877,32.588723],[126.260332,32.587744],[126.261806,32.586784],[126.263297,32.585843],[126.264806,32.584923],[126.266331,32.584022],[126.267873,32.583142],[126.269431,32.582283],[126.271004,32.581444],[126.272593,32.580626],[126.274197,32.57983],[126.275816,32.579055],[126.277449,32.578302],[126.279095,32.57757],[126.280755,32.57686],[126.282427,32.576173],[126.284113,32.575508],[126.28581,32.574865],[126.287519,32.574245],[126.289239,32.573648],[126.29097,32.573073],[126.292712,32.572522],[126.294463,32.571994],[126.296224,32.571489],[126.297995,32.571008],[126.299774,32.57055],[126.301561,32.570116],[126.303356,32.569705],[126.305158,32.569319],[126.306967,32.568957],[126.308783,32.568618],[126.310605,32.568304],[126.312432,32.568014],[126.314265,32.567749],[126.316102,32.567508],[126.317943,32.567291],[126.319789,32.567099],[126.321637,32.566931],[126.323489,32.566788],[126.325343,32.566669],[126.327199,32.566576],[126.329056,32.566506],[126.330914,32.566462],[126.332773,32.566442],[126.334632,32.566447],[126.336491,32.566476],[126.338349,32.566531],[126.340206,32.56661],[126.342061,32.566713],[126.343914,32.566842],[126.345765,32.566994],[126.347612,32.567172],[126.349456,32.567374],[126.351296,32.5676],[126.353131,32.567851],[126.354962,32.568126],[126.356787,32.568426],[126.358606,32.568749],[126.36042,32.569097],[126.362226,32.569469],[126.364026,32.569865],[126.365818,32.570285],[126.367602,32.570728],[126.369377,32.571195],[126.371144,32.571686],[126.372901,32.5722],[126.374649,32.572737],[126.376387,32.573298],[126.378113,32.573881],[126.379829,32.574488],[126.381534,32.575117],[126.383226,32.575768],[126.384907,32.576443],[126.386574,32.577139],[126.388229,32.577857],[126.38987,32.578598],[126.391497,32.57936],[126.39311,32.580143],[126.394708,32.580948],[126.396291,32.581774],[126.397859,32.582621],[126.39941,32.583488],[126.400946,32.584377],[126.402464,32.585285],[126.403966,32.586214],[126.405451,32.587162],[126.406917,32.58813],[126.408366,32.589117],[126.409796,32.590124],[126.411207,32.591149],[126.412599,32.592193],[126.413972,32.593255],[126.415324,32.594336],[126.416657,32.595434],[126.417969,32.59655],[126.41926,32.597683],[126.42053,32.598833],[126.421779,32.6],[126.423005,32.601183],[126.42421,32.602383],[126.425392,32.603598],[126.426552,32.604829],[126.427689,32.606075],[126.428802,32.607336],[126.429892,32.608612],[126.430959,32.609902],[126.432001,32.611206],[126.433019,32.612524],[126.434012,32.613855],[126.43498,32.615199],[126.435924,32.616556],[126.436842,32.617925],[126.437735,32.619306],[126.438602,32.620699],[126.439443,32.622104],[126.440258,32.623519],[126.441046,32.624945],[126.441808,32.626381],[126.442544,32.627827],[126.443252,32.629283],[126.443933,32.630748],[126.444587,32.632222],[126.445214,32.633704],[126.445813,32.635195],[126.446384,32.636693],[126.446928,32.638199],[126.447443,32.639712],[126.44793,32.641231],[126.448389,32.642757],[126.44882,32.644288],[126.449222,32.645826],[126.449596,32.647368],[126.449941,32.648915],[126.450257,32.650466],[126.450545,32.652022],[126.450803,32.653581],[126.451033,32.655143],[126.451233,32.656708],[126.451404,32.658276],[126.451547,32.659846],[126.45166,32.661417],[126.451744,32.66299],[126.451798,32.664564],[126.451824,32.666138],[126.45182,32.667712]]]},"properties":{"id":"khoa-seatn-f5983b67a253","name":"R-147","locationName":"대한해협 마라도남방근해","referenceChartNumber":"No.462","referenceChartScale":"1:1,700,000","referenceChartName":"한국연안 해상사격 훈련구역도","organization":"국립해양조사원 해도수로과","revisionYear":"2024","effectiveDateText":null,"source":"국립해양조사원(KHOA)","sourceUpdatedAt":"2026-04-15","sourceRaw":"{\"OBJECTID\":\"10\",\"LAYR_KORN_\":\"해양경찰청 훈련구역\",\"RFRNC_INFO\":\"No.462\",\"RFRNC_I_01\":\"1:1,700,000\",\"RFRNC_I_02\":\"한국연안 해상사격 훈련구역도\",\"REL_RGLT\":\"한국연안 해상사격 훈련구역도 참조\",\"REL_DEPT\":\"국립해양조사원 해도수로과\",\"RVSN_YR\":\"2024\",\"ZONE_NM\":\"R-147\",\"ZONE_DTL\":\"대한해협 마라도남방근해\",\"TRNG_PSBLT\":\"300ft 이하\",\"TKEF_YMD_C\":\"\",\"ZONE_EXPLN\":\"다음 1지점을 중심으로 반경 6마일 이내\",\"ZONE_CDNT_\":\"32-40-00.0N 126-20-00.0E\",\"MNCT_NO\":\"\",\"REL_IMG_PA\":\"\",\"ID\":\"10\",\"CTGRY_CD\":\"5010210\",\"RGN_CD\":\"5013000000\",\"RGN_NM\":\"제주특별자치도 서귀포시\",\"ADDR\":\"제주특별자치도 서귀포시\",\"EXMN_SE\":\"한국연안해상사격훈련구역도\",\"EXMN_YR\":\"2024\",\"EXMN_INST\":\"국립해양조사원\"}"}},{"type":"Feature","id":"khoa-seatn-676bd86520a6","geometry":{"type":"Polygon","coordinates":[[[126.313889,35.833333],[126.25,35.75],[126.333333,35.75],[126.333333,35.833333],[126.313889,35.833333]]]},"properties":{"id":"khoa-seatn-676bd86520a6","name":"R-151A","locationName":"서해안 말도남방연안","referenceChartNumber":"No.462","referenceChartScale":"1:1,700,000","referenceChartName":"한국연안 해상사격 훈련구역도","organization":"국립해양조사원 해도수로과","revisionYear":"2024","effectiveDateText":null,"source":"국립해양조사원(KHOA)","sourceUpdatedAt":"2026-04-15","sourceRaw":"{\"OBJECTID\":\"15\",\"LAYR_KORN_\":\"해양경찰청 훈련구역\",\"RFRNC_INFO\":\"No.462\",\"RFRNC_I_01\":\"1:1,700,000\",\"RFRNC_I_02\":\"한국연안 해상사격 훈련구역도\",\"REL_RGLT\":\"한국연안 해상사격 훈련구역도 참조\",\"REL_DEPT\":\"국립해양조사원 해도수로과\",\"RVSN_YR\":\"2024\",\"ZONE_NM\":\"R-151A\",\"ZONE_DTL\":\"서해안 말도남방연안\",\"TRNG_PSBLT\":\"100ft 이하\",\"TKEF_YMD_C\":\"\",\"ZONE_EXPLN\":\"다음 4지점을 연결한 선내 해면\",\"ZONE_CDNT_\":\"(1) 35-50-00.0N  126-18-50.0E \\r\\n(2) 35-50-00.0N  126-20-00.0E \\r\\n(3) 35-45-00.0N  126-20-00.0E \\r\\n(4) 35-45-00.0N  126-15-00.0E\",\"MNCT_NO\":\"\",\"REL_IMG_PA\":\"\",\"ID\":\"15\",\"CTGRY_CD\":\"5010210\",\"RGN_CD\":\"5213000000\",\"RGN_NM\":\"전북특별자치도 군산시\",\"ADDR\":\"전북특별자치도 군산시\",\"EXMN_SE\":\"한국연안해상사격훈련구역도\",\"EXMN_YR\":\"2024\",\"EXMN_INST\":\"국립해양조사원\"}"}},{"type":"Feature","id":"khoa-seatn-d8c559641721","geometry":{"type":"Polygon","coordinates":[[[129.283333,35.119444],[129.173611,35.019444],[129.236111,34.972222],[129.344444,35.073611],[129.283333,35.119444]]]},"properties":{"id":"khoa-seatn-d8c559641721","name":"R-143","locationName":"남해안 부산연안","referenceChartNumber":"No.462","referenceChartScale":"1:1,700,000","referenceChartName":"한국연안 해상사격 훈련구역도","organization":"국립해양조사원 해도수로과","revisionYear":"2024","effectiveDateText":null,"source":"국립해양조사원(KHOA)","sourceUpdatedAt":"2026-04-15","sourceRaw":"{\"OBJECTID\":\"6\",\"LAYR_KORN_\":\"해양경찰청 훈련구역\",\"RFRNC_INFO\":\"No.462\",\"RFRNC_I_01\":\"1:1,700,000\",\"RFRNC_I_02\":\"한국연안 해상사격 훈련구역도\",\"REL_RGLT\":\"한국연안 해상사격 훈련구역도 참조\",\"REL_DEPT\":\"국립해양조사원 해도수로과\",\"RVSN_YR\":\"2024\",\"ZONE_NM\":\"R-143\",\"ZONE_DTL\":\"남해안 부산연안\",\"TRNG_PSBLT\":\"300ft 이하\",\"TKEF_YMD_C\":\"\",\"ZONE_EXPLN\":\"다음 4지점을 연결한 선내 해면\",\"ZONE_CDNT_\":\"(1) 35-07-10.0N  129-17-00.0E \\r\\n(2) 35-04-25.0N  129-20-40.0E \\r\\n(3) 34-58-20.0N  129-14-10.0E \\r\\n(4) 35-01-10.0N  129-10-25.0E\",\"MNCT_NO\":\"\",\"REL_IMG_PA\":\"\",\"ID\":\"6\",\"CTGRY_CD\":\"5010210\",\"RGN_CD\":\"2600000000\",\"RGN_NM\":\"부산광역시\",\"ADDR\":\"부산광역시\",\"EXMN_SE\":\"한국연안해상사격훈련구역도\",\"EXMN_YR\":\"2024\",\"EXMN_INST\":\"국립해양조사원\"}"}},{"type":"Feature","id":"khoa-seatn-7ee0419a8912","geometry":{"type":"Polygon","coordinates":[[[124.732201,37.800351],[124.727956,37.818175],[124.716973,37.834086],[124.700323,37.846523],[124.679636,37.854268],[124.656942,37.856561],[124.634467,37.853177],[124.614415,37.844448],[124.598752,37.831231],[124.589009,37.814821],[124.586139,37.796826],[124.590416,37.779008],[124.601417,37.76311],[124.618063,37.750686],[124.638725,37.742951],[124.661385,37.740661],[124.683828,37.744039],[124.703862,37.752755],[124.71953,37.765958],[124.729296,37.782358],[124.732201,37.800351]]]},"properties":{"id":"khoa-seatn-7ee0419a8912","name":"R-116","locationName":"서해안 대청도갑죽부근","referenceChartNumber":"No.462","referenceChartScale":"1:1,700,000","referenceChartName":"한국연안 해상사격 훈련구역도","organization":"국립해양조사원 해도수로과","revisionYear":"2025","effectiveDateText":"1994. 1. 15 발효","source":"국립해양조사원(KHOA)","sourceUpdatedAt":"2026-04-15","sourceRaw":"{\"OBJECTID\":\"1\",\"LAYR_KORN_\":\"해병대 훈련구역\",\"RFRNC_INFO\":\"No.462\",\"RFRNC_I_01\":\"1:1,700,000\",\"RFRNC_I_02\":\"한국연안 해상사격 훈련구역도\",\"REL_RGLT\":\"한국연안 해상사격 훈련구역도 참조\",\"REL_DEPT\":\"국립해양조사원 해도수로과\",\"RVSN_YR\":\"2025\",\"ZONE_NM\":\"R-116\",\"ZONE_DTL\":\"서해안 대청도갑죽부근\",\"TRNG_PSBLT\":\"2,500ft 이하\",\"TKEF_YMD_C\":\"1994. 1. 15 발효\",\"ZONE_EXPLN\":\"다음 1지점을 중심으로 반경 4마일 구역\",\"ZONE_CDNT_\":\"(1) 37-47-55N 124-39-33E\",\"MNCT_NO\":\"\",\"REL_IMG_PA\":\"\",\"ID\":\"1\",\"CTGRY_CD\":\"5010210\",\"RGN_CD\":\"2872000000\",\"RGN_NM\":\"인천광역시 옹진군\",\"ADDR\":\"인천광역시 옹진군\",\"EXMN_SE\":\"한국연안해상사격훈련구역도\",\"EXMN_YR\":\"2025\",\"EXMN_INST\":\"국립해양조사원\"}"}},{"type":"Feature","id":"khoa-seatn-29a89462aa9e","geometry":{"type":"Polygon","coordinates":[[[124.069444,37.983333],[124.069444,37.9],[124.636111,37.9],[124.708333,37.9],[124.708333,37.989167],[124.636111,37.983333],[124.069444,37.983333]]]},"properties":{"id":"khoa-seatn-29a89462aa9e","name":"R-131","locationName":"서해안 백령도 서방연안","referenceChartNumber":"No.462","referenceChartScale":"1:1,700,000","referenceChartName":"한국연안 해상사격 훈련구역도","organization":"국립해양조사원 해도수로과","revisionYear":"2025","effectiveDateText":"1984. 4. 1 발효","source":"국립해양조사원(KHOA)","sourceUpdatedAt":"2026-04-15","sourceRaw":"{\"OBJECTID\":\"2\",\"LAYR_KORN_\":\"해병대 훈련구역\",\"RFRNC_INFO\":\"No.462\",\"RFRNC_I_01\":\"1:1,700,000\",\"RFRNC_I_02\":\"한국연안 해상사격 훈련구역도\",\"REL_RGLT\":\"한국연안 해상사격 훈련구역도 참조\",\"REL_DEPT\":\"국립해양조사원 해도수로과\",\"RVSN_YR\":\"2025\",\"ZONE_NM\":\"R-131\",\"ZONE_DTL\":\"서해안 백령도 서방연안\",\"TRNG_PSBLT\":\"5,000ft 이하\",\"TKEF_YMD_C\":\"1984. 4. 1 발효\",\"ZONE_EXPLN\":\"다음 6지점을 차례로 연결한 선내 해면\",\"ZONE_CDNT_\":\"(1) 37-59-00.0N 124-04-10.0E, (2) 37-59-00.0N 124-38-10.0E, (3) 37-59-21.0N 124-42-30.0E, (4) 37-54-00.0N 124-42-30.0E, (5) 37-54-00.0N 124-38-10.0E, (6) 37-54-00.0N 124-04-10.0E\",\"MNCT_NO\":\"\",\"REL_IMG_PA\":\"\",\"ID\":\"2\",\"CTGRY_CD\":\"5010210\",\"RGN_CD\":\"2872000000\",\"RGN_NM\":\"인천광역시 옹진군\",\"ADDR\":\"인천광역시 옹진군\",\"EXMN_SE\":\"한국연안해상사격훈련구역도\",\"EXMN_YR\":\"2025\",\"EXMN_INST\":\"국립해양조사원\"}"}},{"type":"Feature","id":"khoa-seatn-7ee0486b8180","geometry":{"type":"Polygon","coordinates":[[[124.683333,37.95],[124.783333,37.75],[124.833333,37.75],[124.733333,37.95],[124.683333,37.95]]]},"properties":{"id":"khoa-seatn-7ee0486b8180","name":"R-132","locationName":"서해안 백령도 남동연안","referenceChartNumber":"No.462","referenceChartScale":"1:1,700,000","referenceChartName":"한국연안 해상사격 훈련구역도","organization":"국립해양조사원 해도수로과","revisionYear":"2025","effectiveDateText":"2000. 5. 4 발효","source":"국립해양조사원(KHOA)","sourceUpdatedAt":"2026-04-15","sourceRaw":"{\"OBJECTID\":\"3\",\"LAYR_KORN_\":\"해병대 훈련구역\",\"RFRNC_INFO\":\"No.462\",\"RFRNC_I_01\":\"1:1,700,000\",\"RFRNC_I_02\":\"한국연안 해상사격 훈련구역도\",\"REL_RGLT\":\"한국연안 해상사격 훈련구역도 참조\",\"REL_DEPT\":\"국립해양조사원 해도수로과\",\"RVSN_YR\":\"2025\",\"ZONE_NM\":\"R-132\",\"ZONE_DTL\":\"서해안 백령도 남동연안\",\"TRNG_PSBLT\":\"10,000ft 이하\",\"TKEF_YMD_C\":\"2000. 5. 4 발효\",\"ZONE_EXPLN\":\"다음 4지점을 차례로 연결한 선내 해면\",\"ZONE_CDNT_\":\"(1) 37-57-00.0N 124-41-00.0E, (2) 37-57-00.0N 124-44-00.0E, (3) 37-45-00.0N 124-50-00.0E, (4) 37-45-00.0N 124-47-00.0E\",\"MNCT_NO\":\"\",\"REL_IMG_PA\":\"\",\"ID\":\"3\",\"CTGRY_CD\":\"5010210\",\"RGN_CD\":\"2872000000\",\"RGN_NM\":\"인천광역시 옹진군\",\"ADDR\":\"인천광역시 옹진군\",\"EXMN_SE\":\"한국연안해상사격훈련구역도\",\"EXMN_YR\":\"2025\",\"EXMN_INST\":\"국립해양조사원\"}"}},{"type":"Feature","id":"khoa-seatn-974cc349ce8d","geometry":{"type":"Polygon","coordinates":[[[124.75,37.644444],[124.8,37.5375],[125.066667,37.433333],[125.4,37.433333],[125.4,37.5125],[125.65,37.622222],[125.694444,37.622222],[125.694444,37.683333],[125.658333,37.683333],[125.533333,37.666667],[125.245833,37.566667],[125.025,37.625],[124.933333,37.7],[124.75,37.7],[124.75,37.644444]]]},"properties":{"id":"khoa-seatn-974cc349ce8d","name":"R-134","locationName":"서해안 대청연평연안","referenceChartNumber":"No.462","referenceChartScale":"1:1,700,000","referenceChartName":"한국연안 해상사격 훈련구역도","organization":"국립해양조사원 해도수로과","revisionYear":"2025","effectiveDateText":"2004. 3. 18 발효","source":"국립해양조사원(KHOA)","sourceUpdatedAt":"2026-04-15","sourceRaw":"{\"OBJECTID\":\"4\",\"LAYR_KORN_\":\"해병대 훈련구역\",\"RFRNC_INFO\":\"No.462\",\"RFRNC_I_01\":\"1:1,700,000\",\"RFRNC_I_02\":\"한국연안 해상사격 훈련구역도\",\"REL_RGLT\":\"한국연안 해상사격 훈련구역도 참조\",\"REL_DEPT\":\"국립해양조사원 해도수로과\",\"RVSN_YR\":\"2025\",\"ZONE_NM\":\"R-134\",\"ZONE_DTL\":\"서해안 대청연평연안\",\"TRNG_PSBLT\":\"5,000ft 이하\",\"TKEF_YMD_C\":\"2004. 3. 18 발효\",\"ZONE_EXPLN\":\"다음 14지점을 차례로 연결한 선내 해면\",\"ZONE_CDNT_\":\"(1) 37-38-40.0N 124-45-00.0E, (2) 37-42-00.0N 124-45-00.0E, (3) 37-42-00.0N 124-56-00.0E, (4) 37-37-30.0N 125-01-30.0E, (5) 37-34-00.0N 125-14-45.0E, (6) 37-40-00.0N 125-32-00.0E, (7) 37-41-00.0N 125-39-30.0E, (8) 37-41-00.0N 125-41-40.0E, (9) 37-37-20.0N\",\"MNCT_NO\":\"\",\"REL_IMG_PA\":\"\",\"ID\":\"4\",\"CTGRY_CD\":\"5010210\",\"RGN_CD\":\"2872000000\",\"RGN_NM\":\"인천광역시 옹진군\",\"ADDR\":\"인천광역시 옹진군\",\"EXMN_SE\":\"한국연안해상사격훈련구역도\",\"EXMN_YR\":\"2025\",\"EXMN_INST\":\"국립해양조사원\"}"}},{"type":"Feature","id":"khoa-seatn-8e6d0ef2ea5a","geometry":{"type":"Polygon","coordinates":[[[125.924167,37.640833],[125.923333,37.606111],[126.005278,37.606389],[126.005833,37.639722],[125.924167,37.640833]]]},"properties":{"id":"khoa-seatn-8e6d0ef2ea5a","name":"R-137","locationName":"서해안 우도연안","referenceChartNumber":"No.462","referenceChartScale":"1:1,700,000","referenceChartName":"한국연안 해상사격 훈련구역도","organization":"국립해양조사원 해도수로과","revisionYear":"2025","effectiveDateText":"2010. 8. 25 발효","source":"국립해양조사원(KHOA)","sourceUpdatedAt":"2026-04-15","sourceRaw":"{\"OBJECTID\":\"5\",\"LAYR_KORN_\":\"해병대 훈련구역\",\"RFRNC_INFO\":\"No.462\",\"RFRNC_I_01\":\"1:1,700,000\",\"RFRNC_I_02\":\"한국연안 해상사격 훈련구역도\",\"REL_RGLT\":\"한국연안 해상사격 훈련구역도 참조\",\"REL_DEPT\":\"국립해양조사원 해도수로과\",\"RVSN_YR\":\"2025\",\"ZONE_NM\":\"R-137\",\"ZONE_DTL\":\"서해안 우도연안\",\"TRNG_PSBLT\":\"5,000ft 이하\",\"TKEF_YMD_C\":\"2010. 8. 25 발효\",\"ZONE_EXPLN\":\"다음 4지점을 차례로 연결한 선내 해면\",\"ZONE_CDNT_\":\"(1) 37-38-27.0N 125-55-27.0E, (2) 37-38-23.0N 126-00-21.0E, (3) 37-36-23.0N 126-00-19.0E, (4) 37-36-22.0N 125-55-24.0E\",\"MNCT_NO\":\"\",\"REL_IMG_PA\":\"\",\"ID\":\"5\",\"CTGRY_CD\":\"5010210\",\"RGN_CD\":\"2871000000\",\"RGN_NM\":\"인천광역시 강화군\",\"ADDR\":\"인천광역시 강화군\",\"EXMN_SE\":\"한국연안해상사격훈련구역도\",\"EXMN_YR\":\"2025\",\"EXMN_INST\":\"국립해양조사원\"}"}},{"type":"Feature","id":"khoa-seatn-d5c18a2bb854","geometry":{"type":"Polygon","coordinates":[[[125.72,37.696111],[125.700833,37.659167],[125.903333,37.588056],[125.919444,37.629722],[125.72,37.696111]]]},"properties":{"id":"khoa-seatn-d5c18a2bb854","name":"R-154","locationName":"서해안 연평도동방","referenceChartNumber":"No.462","referenceChartScale":"1:1,700,000","referenceChartName":"한국연안 해상사격 훈련구역도","organization":"국립해양조사원 해도수로과","revisionYear":"2025","effectiveDateText":null,"source":"국립해양조사원(KHOA)","sourceUpdatedAt":"2026-04-15","sourceRaw":"{\"OBJECTID\":\"6\",\"LAYR_KORN_\":\"해병대 훈련구역\",\"RFRNC_INFO\":\"No.462\",\"RFRNC_I_01\":\"1:1,700,000\",\"RFRNC_I_02\":\"한국연안 해상사격 훈련구역도\",\"REL_RGLT\":\"한국연안 해상사격 훈련구역도 참조\",\"REL_DEPT\":\"국립해양조사원 해도수로과\",\"RVSN_YR\":\"2025\",\"ZONE_NM\":\"R-154\",\"ZONE_DTL\":\"서해안 연평도동방\",\"TRNG_PSBLT\":\"3,000ft 이하\",\"TKEF_YMD_C\":\"\",\"ZONE_EXPLN\":\"다음 4지점을 차례로 연결한 선내 해면\",\"ZONE_CDNT_\":\"(1) 37-41-46.0N 125-43-12.0E, (2) 37-39-33.0N 125-42-03.0E, (3) 37-35-17.0N 125-54-12.0E, (4) 37-37-47.0N 125-55-10.0E\",\"MNCT_NO\":\"\",\"REL_IMG_PA\":\"\",\"ID\":\"6\",\"CTGRY_CD\":\"5010210\",\"RGN_CD\":\"2872000000\",\"RGN_NM\":\"인천광역시 옹진군\",\"ADDR\":\"인천광역시 옹진군\",\"EXMN_SE\":\"한국연안해상사격훈련구역도\",\"EXMN_YR\":\"2025\",\"EXMN_INST\":\"국립해양조사원\"}"}}]}
