internalId,koreanName,scientificName,organismGroup,servicePriorityScore,serviceTier,fishDataLinked,fishDataSourceNames,nifsLinked,fishingTargetStatus
BM-SPECIES-000129,말쥐치,Thamnaconus modestus,fish,100,A,True,말쥐치,True,confirmed
BM-SPECIES-000408,삼치,Scomberomorus niphonius,fish,100,A,True,삼치,True,confirmed
BM-SPECIES-000417,고등어,Scomber japonicus,fish,100,A,True,고등어,True,confirmed
BM-SPECIES-000444,갈치,Trichiurus japonicus,fish,100,A,True,갈치 | 은갈치,True,confirmed
BM-SPECIES-000488,전갱이,Trachurus japonicus,fish,100,A,True,전갱이,True,confirmed
BM-SPECIES-000825,옥돔,Branchiostegus japonicus,fish,100,A,True,옥돔,True,confirmed
BM-SPECIES-000900,갯장어,Muraenesox cinereus,fish,100,A,True,갯장어,True,confirmed
BM-SPECIES-001056,대구,Gadus macrocephalus,fish,100,A,True,대구,True,confirmed
BM-SPECIES-001057,명태,Gadus chalcogrammus,fish,100,A,True,명태,True,confirmed
BM-SPECIES-002324,소라,Turbo sazae,gastropod,100,A,True,참소라,True,confirmed
BM-SPECIES-003107,주꾸미,Amphioctopus fangsiao,cephalopod,100,A,True,쭈꾸미,True,confirmed
BM-SPECIES-003111,문어,Enteroctopus dofleini,cephalopod,100,A,True,문어,True,confirmed
BM-SPECIES-003117,살오징어,Todarodes pacificus,cephalopod,100,A,True,살오징어,True,confirmed
BM-SPECIES-000002,볼락,Sebastes inermis,fish,85,A,True,볼락,False,confirmed
BM-SPECIES-000019,쏨뱅이,Sebastiscus marmoratus,fish,85,A,True,쏨뱅이,False,confirmed
BM-SPECIES-000057,꼼치,Liparis tanakae,fish,85,A,True,꼼치,False,confirmed
BM-SPECIES-000060,물메기,Liparis tessellatus,fish,85,A,True,물메기,False,confirmed
BM-SPECIES-000065,양태,Platycephalus indicus,fish,85,A,True,양태 | 장대,False,confirmed
BM-SPECIES-000080,아귀,Lophiomus setigerus,fish,85,A,True,아귀,False,confirmed
BM-SPECIES-000095,달고기,Zeus faber,fish,85,A,True,달고기,False,confirmed
BM-SPECIES-000097,숭어,Mugil cephalus,fish,85,A,True,숭어,False,confirmed
BM-SPECIES-000122,쥐치,Stephanolepis cirrhifer,fish,85,A,True,쥐치,False,confirmed
BM-SPECIES-000188,농어,Lateolabrax japonicus,fish,85,A,True,농어,False,confirmed
BM-SPECIES-000223,망상어,Ditrema temminckii,fish,85,A,True,망상어,False,confirmed
BM-SPECIES-000226,자리돔,Chromis notata,fish,85,A,True,자리돔,False,confirmed
BM-SPECIES-000278,돌돔,Oplegnathus fasciatus,fish,85,A,True,돌돔,False,confirmed
BM-SPECIES-000279,벵에돔,Girella punctata,fish,85,A,True,벵에돔,False,confirmed
BM-SPECIES-000412,가다랑어,Katsuwonus pelamis,fish,85,A,True,가다랑어,False,confirmed
BM-SPECIES-000415,줄삼치,Sarda orientalis,fish,85,A,True,줄삼치,False,confirmed
BM-SPECIES-000425,덕대,Pampus argenteus,fish,85,A,True,덕대,False,confirmed
BM-SPECIES-000426,병어,Pampus punctatissimus,fish,85,A,True,병어,False,confirmed
BM-SPECIES-000459,꼬치고기,Sphyraena pinguis,fish,85,A,True,꼬치고기,False,confirmed
BM-SPECIES-000465,넙치,Paralichthys olivaceus,fish,85,A,True,광어 | 넙치,False,confirmed
BM-SPECIES-000473,돛새치,Istiophorus platypterus,fish,85,A,True,돛새치,False,confirmed
BM-SPECIES-000479,황새치,Xiphias gladius,fish,85,A,True,황새치,False,confirmed
BM-SPECIES-000500,부시리,Seriola aureovittata,fish,85,A,True,부시리,False,confirmed
BM-SPECIES-000501,방어,Seriola quinqueradiata,fish,85,A,True,방어,False,confirmed
BM-SPECIES-000541,줄가자미,Clidoderma asperrimum,fish,85,A,True,줄가자미,False,confirmed
BM-SPECIES-000544,참가자미,Pseudopleuronectes herzensteini,fish,85,A,True,참가자미,False,confirmed
BM-SPECIES-000548,도다리,Pleuronichthys cornutus,fish,85,A,True,도다리,False,confirmed
BM-SPECIES-000553,홍가자미,Hippoglossoides dubius,fish,85,A,True,홍가자미,False,confirmed
BM-SPECIES-000554,돌가자미,Platichthys bicoloratus,fish,85,A,True,돌가자미,False,confirmed
BM-SPECIES-000555,강도다리,Platichthys stellatus,fish,85,A,True,강도다리,False,confirmed
BM-SPECIES-000594,놀래기,Halichoeres tenuispinis,fish,85,A,True,놀래기,False,confirmed
BM-SPECIES-000649,홍어,Okamejei kenojei,fish,85,A,True,홍어,False,confirmed
BM-SPECIES-000710,먹장어,Eptatretus burgeri,fish,85,A,True,먹장어,False,confirmed
BM-SPECIES-000751,감성돔,Acanthopagrus schlegelii,fish,85,A,True,감성돔,False,confirmed
BM-SPECIES-000755,참돔,Pagrus major,fish,85,A,True,참돔,False,confirmed
BM-SPECIES-000800,독가시치,Siganus fuscescens,fish,85,A,True,독가시치,False,confirmed
BM-SPECIES-000818,보리멸,Sillago sihama,fish,85,A,True,보리멸,False,confirmed
BM-SPECIES-000840,민어,Miichthys miiuy,fish,85,A,True,민어,False,confirmed
BM-SPECIES-000881,꽁치,Cololabis saira,fish,85,A,True,꽁치,False,confirmed
BM-SPECIES-000884,학공치,Hyporhamphus sajori,fish,85,A,True,학공치,False,confirmed
BM-SPECIES-000908,붕장어,Conger myriaster,fish,85,A,True,붕장어,False,confirmed
BM-SPECIES-000935,곰치,Gymnothorax kidako,fish,85,A,True,곰치,False,confirmed
BM-SPECIES-000958,황어,Pseudaspius hakonensis,fish,85,A,True,황어,False,confirmed
BM-SPECIES-001012,쏠종개,Plotosus japonicus,fish,85,A,True,쏠종개,False,confirmed
BM-SPECIES-001022,청어,Clupea pallasii,fish,85,A,True,청어,False,confirmed
BM-SPECIES-001029,멸치,Engraulis japonicus,fish,85,A,True,멸치,False,confirmed
BM-SPECIES-001030,준치,Ilisha elongata,fish,85,A,True,준치,False,confirmed
BM-SPECIES-001037,전어,Konosirus punctatus,fish,85,A,True,전어,False,confirmed
BM-SPECIES-001040,정어리,Sardinops melanosticta,fish,85,A,True,정어리,False,confirmed
BM-SPECIES-001135,성대,Chelidonichthys spinosus,fish,85,A,True,성대,False,confirmed
BM-SPECIES-001153,쑤기미,Inimicus japonicus,fish,85,A,True,쑤기미,False,confirmed
BM-SPECIES-001157,미역치,Paracentropogon rubripinnis,fish,85,A,True,미역치,False,confirmed
BM-SPECIES-001161,임연수어,Pleurogrammus azonus,fish,85,A,True,임연수어,False,confirmed
BM-SPECIES-001164,노래미,Hexagrammos agrammus,fish,85,A,True,노래미,False,confirmed
BM-SPECIES-001165,쥐노래미,Hexagrammos otakii,fish,85,A,True,쥐노래미,False,confirmed
BM-SPECIES-001204,자바리,Epinephelus bruneus,fish,85,A,True,자바리,False,confirmed
BM-SPECIES-001215,능성어,Hyporthodus septemfasciatus,fish,85,A,True,능성어,False,confirmed
BM-SPECIES-001227,다금바리,Niphon spinosus,fish,85,A,True,다금바리,False,confirmed
BM-SPECIES-006084,갯강구,Ligia exotica,crustacean,80,A,True,갯강구,False,confirmed
BM-SPECIES-002852,우럭,Mya arenaria,bivalve,78,A,True,우럭,False,confirmed
BM-SPECIES-002965,굴,Magallana gigas,bivalve,78,A,True,참굴,False,confirmed
BM-SPECIES-003025,홍합,Mytilus coruscus,bivalve,78,A,True,홍합,False,confirmed
BM-SPECIES-000557,기름가자미,Glyptocephalus stelleri,fish,70,A,False,,True,confirmed
BM-SPECIES-000642,참홍어,Beringraja pulchra,fish,70,A,False,,True,confirmed
BM-SPECIES-000841,참조기,Larimichthys polyactis,fish,70,A,False,,True,confirmed
BM-SPECIES-001166,도루묵,Arctoscopus japonicus,fish,70,A,False,,True,confirmed
BM-SPECIES-003106,낙지,Octopus minor,cephalopod,67,A,False,,True,confirmed
BM-SPECIES-005541,홍게,Chionoecetes japonicus,crustacean,65,A,False,,True,confirmed
BM-SPECIES-005542,대게,Chionoecetes opilio,crustacean,65,A,False,,True,confirmed
BM-SPECIES-005640,꽃게,Portunus trituberculatus,crustacean,65,A,False,,True,confirmed
BM-SPECIES-002418,오분자기,Haliotis supertexta,gastropod,63,A,False,,True,confirmed
BM-SPECIES-002949,키조개,Atrina pectinata,bivalve,63,A,False,,True,confirmed
BM-SPECIES-003313,바지락,Ruditapes philippinarum,bivalve,63,A,False,,True,confirmed
BM-SPECIES-003315,개조개,Saxidomus purpurata,bivalve,63,A,False,,True,confirmed
BM-SPECIES-000001,돌삼뱅이,Sebastes baramenuke,fish,25,C,False,,False,possible
BM-SPECIES-000003,도화볼락,Sebastes joyneri,fish,25,C,False,,False,possible
BM-SPECIES-000004,황점볼락,Sebastes oblongus,fish,25,C,False,,False,possible
BM-SPECIES-000005,황볼락,Sebastes owstoni,fish,25,C,False,,False,possible
BM-SPECIES-000006,세줄볼락,Sebastes trivittatus,fish,25,C,False,,False,possible
BM-SPECIES-000007,말락볼락,Sebastes wakiyai,fish,25,C,False,,False,possible
BM-SPECIES-000008,띠볼락,Sebastes zonatus,fish,25,C,False,,False,possible
BM-SPECIES-000009,황해볼락,Sebastes koreanus,fish,25,C,False,,False,possible
BM-SPECIES-000010,누루시볼락,Sebastes vulpes,fish,25,C,False,,False,possible
BM-SPECIES-000011,개볼락,Sebastes pachycephalus,fish,25,C,False,,False,possible
BM-SPECIES-000012,조피볼락,Sebastes schlegelii,fish,25,C,False,,False,possible
BM-SPECIES-000013,황점개볼락,Sebastes nudus,fish,25,C,False,,False,possible
BM-SPECIES-000014,노랑볼락,Sebastes steindachneri,fish,25,C,False,,False,possible
BM-SPECIES-000015,불볼락,Sebastes thompsoni,fish,25,C,False,,False,possible
BM-SPECIES-000016,흰꼬리볼락,Sebastes longispinis,fish,25,C,False,,False,possible
BM-SPECIES-000017,우럭볼락,Sebastes hubbsi,fish,25,C,False,,False,possible
BM-SPECIES-000018,붉감펭,Sebastiscus albofasciatus,fish,25,C,False,,False,possible
BM-SPECIES-000020,붉은쏨뱅이,Sebastiscus tertius,fish,25,C,False,,False,possible
BM-SPECIES-000021,살살치,Scorpaena neglecta,fish,25,C,False,,False,possible
BM-SPECIES-000022,쭈굴감펭,Scorpaena miostoma,fish,25,C,False,,False,possible
BM-SPECIES-000023,점감펭,Scorpaena onaria,fish,25,C,False,,False,possible
BM-SPECIES-000024,도자감펭,Parapterois heterura,fish,25,C,False,,False,possible
BM-SPECIES-000025,꽃감펭,Hoplosebastes armatus,fish,25,C,False,,False,possible
BM-SPECIES-000026,붉은마수감펭,Lythrichthys longimanus,fish,25,C,False,,False,possible
BM-SPECIES-000027,긴수염쏠배감펭,Pteropterus antennata,fish,25,C,False,,False,possible
BM-SPECIES-000028,홍살치,Sebastolobus macrochir,fish,25,C,False,,False,possible
BM-SPECIES-000029,동해큰눈볼락,Hozukius emblemarius,fish,25,C,False,,False,possible
BM-SPECIES-000030,실줄고기,Freemanichthys thompsoni,fish,25,C,False,,False,possible
BM-SPECIES-000031,민어치,Anoplagonus occidentalis,fish,25,C,False,,False,possible
BM-SPECIES-000032,잔줄고기,Brachyopsis segaliensis,fish,25,C,False,,False,possible
BM-SPECIES-000033,악어줄고기,Aspidophoroides monopterygius,fish,25,C,False,,False,possible
BM-SPECIES-000034,팔각줄고기,Podothecus hamlini,fish,25,C,False,,False,possible
BM-SPECIES-000035,날개줄고기,Podothecus sachi,fish,25,C,False,,False,possible
BM-SPECIES-000036,말락줄고기,Podothecus sturioides,fish,25,C,False,,False,possible
BM-SPECIES-000037,왕눈줄고기,Podothecus veternus,fish,25,C,False,,False,possible
BM-SPECIES-000038,꽃줄고기,Occella dodecaedron,fish,25,C,False,,False,possible
BM-SPECIES-000039,검은띠눈횟대,Nautichthys pribilovius,fish,25,C,False,,False,possible
BM-SPECIES-000040,흑줄고기,Tilesina gibbosa,fish,25,C,False,,False,possible
BM-SPECIES-000041,동갈횟대,Hemilepidotus gilberti,fish,25,C,False,,False,possible
BM-SPECIES-000042,삼세기,Hemitripterus villosus,fish,25,C,False,,False,possible
BM-SPECIES-000043,네줄고기,Percis japonica,fish,25,C,False,,False,possible
BM-SPECIES-000044,가시줄고기,Hypsagonus corniger,fish,25,C,False,,False,possible
BM-SPECIES-000045,뿔줄고기,Hypsagonus quadricornis,fish,25,C,False,,False,possible
BM-SPECIES-000046,갈키고기,Pallasina barbata,fish,25,C,False,,False,possible
BM-SPECIES-000047,곱추줄고기,Agonomalus proboscidalis,fish,25,C,False,,False,possible
BM-SPECIES-000048,고양이줄고기,Agonomalus jordani,fish,25,C,False,,False,possible
BM-SPECIES-000049,긴코줄고기,Sarritor leptorhynchus,fish,25,C,False,,False,possible
BM-SPECIES-000050,날개횟대,Blepsias cirrhosus,fish,25,C,False,,False,possible
BM-SPECIES-000051,까치횟대,Blepsias bilobus,fish,25,C,False,,False,possible
BM-SPECIES-000052,먹분홍꼼치,Careproctus colletti,fish,25,C,False,,False,possible
BM-SPECIES-000053,동해분홍꼼치,Careproctus notosaikaiensis,fish,25,C,False,,False,possible
BM-SPECIES-000054,분홍꼼치,Careproctus rastrinus,fish,25,C,False,,False,possible
BM-SPECIES-000055,보라물메기,Liparis megacephalus,fish,25,C,False,,False,possible
BM-SPECIES-000056,아가씨물메기,Liparis agassizii,fish,25,C,False,,False,possible
BM-SPECIES-000058,노랑물메기,Liparis chefuensis,fish,25,C,False,,False,possible
BM-SPECIES-000059,미거지,Liparis ochotensis,fish,25,C,False,,False,possible
BM-SPECIES-000061,꼬마꼼치,Liparis punctulatus,fish,25,C,False,,False,possible
BM-SPECIES-000062,물미거지,Crystallias matsushimae,fish,25,C,False,,False,possible
BM-SPECIES-000063,까지양태,Cociella crocodilus,fish,25,C,False,,False,possible
BM-SPECIES-000064,봉오리양태,Ratabulus megacephalus,fish,25,C,False,,False,possible
BM-SPECIES-000066,바늘양태,Rogadius asper,fish,25,C,False,,False,possible
BM-SPECIES-000067,큰비늘양태,Onigocia macrolepis,fish,25,C,False,,False,possible
BM-SPECIES-000068,비늘양태,Onigocia spinosa,fish,25,C,False,,False,possible
BM-SPECIES-000069,점양태,Inegocia japonica,fish,25,C,False,,False,possible
BM-SPECIES-000070,큰눈양태,Insidiator meerdervoortii,fish,25,C,False,,False,possible
BM-SPECIES-000071,단풍잎성대볼락,Neosebastes entaxis,fish,25,C,False,,False,possible
BM-SPECIES-000072,민부치,Halieutaea fumosa,fish,25,C,False,,False,possible
BM-SPECIES-000073,빨강부치,Halieutaea stellata,fish,25,C,False,,False,possible
BM-SPECIES-000074,꼭갈치,Malthopsis kobayashii,fish,25,C,False,,False,possible
BM-SPECIES-000075,원꼭갈치,Malthopsis annulifera,fish,25,C,False,,False,possible
BM-SPECIES-000076,점씬벵이,Chaunax abei,fish,25,C,False,,False,possible
BM-SPECIES-000077,용아귀,Lophiodes insidiator,fish,25,C,False,,False,possible
BM-SPECIES-000078,세가시용아귀,Lophiodes triradiatus,fish,25,C,False,,False,possible
BM-SPECIES-000079,황아귀,Lophius litulon,fish,25,C,False,,False,possible
BM-SPECIES-000081,빨간씬벵이,Antennarius striatus,fish,25,C,False,,False,possible
BM-SPECIES-000082,흑점박씬벵이,Antennarius pictus,fish,25,C,False,,False,possible
BM-SPECIES-000083,큰씬벵이,Antennarius commerson,fish,25,C,False,,False,possible
BM-SPECIES-000084,노랑씬벵이,Histrio histrio,fish,25,C,False,,False,possible
BM-SPECIES-000085,별씬벵이,Fowlerichthys scriptissimus,fish,25,C,False,,False,possible
BM-SPECIES-000086,큰점씬벵이,Abantennarius nummifer,fish,25,C,False,,False,possible
BM-SPECIES-000087,홍송어,Salvelinus leucomaenis,fish,25,C,False,,False,possible
BM-SPECIES-000088,무지개송어,Oncorhynchus mykiss,fish,25,C,False,,False,possible
BM-SPECIES-000089,곱사연어,Oncorhynchus gorbuscha,fish,25,C,False,,False,possible
BM-SPECIES-000090,연어,Oncorhynchus keta,fish,25,C,False,,False,possible
BM-SPECIES-000091,은연어,Oncorhynchus kisutch,fish,25,C,False,,False,possible
BM-SPECIES-000092,산천어/송어,Oncorhynchus masou,fish,25,C,False,,False,possible
BM-SPECIES-000093,왕연어,Oncorhynchus tshawytscha,fish,25,C,False,,False,possible
BM-SPECIES-000094,등점은눈돔,Polymixia japonica,fish,25,C,False,,False,possible
BM-SPECIES-000096,민달고기,Zenopsis nebulosa,fish,25,C,False,,False,possible
BM-SPECIES-000098,넙적꼬리숭어,Ellochelon vaigiensis,fish,25,C,False,,False,possible
BM-SPECIES-000099,돌기입숭어,Moolgarda crenilabis,fish,25,C,False,,False,possible
BM-SPECIES-000100,긴팔숭어,Moolgarda cunnesius,fish,25,C,False,,False,possible
BM-SPECIES-000101,초승꼬리숭어,Moolgarda seheli,fish,25,C,False,,False,possible
BM-SPECIES-000102,파랑꼬리숭어,Moolgarda buchanani,fish,25,C,False,,False,possible
BM-SPECIES-000103,가숭어,Planiliza haematocheilus,fish,25,C,False,,False,possible
BM-SPECIES-000104,큰비늘숭어,Planiliza macrolepis,fish,25,C,False,,False,possible
BM-SPECIES-000105,등줄숭어,Planiliza lauvergnii,fish,25,C,False,,False,possible
BM-SPECIES-000106,솔입숭어,Plicomugil labiosus,fish,25,C,False,,False,possible
BM-SPECIES-000107,소미숭어,Osteomugil perusii,fish,25,C,False,,False,possible
BM-SPECIES-000108,붉평치,Lampris megalopsis,fish,25,C,False,,False,possible
BM-SPECIES-000109,산갈치,Regalecus russellii,fish,25,C,False,,False,possible
BM-SPECIES-000110,점투라치,Desmodema polystictum,fish,25,C,False,,False,possible
BM-SPECIES-000111,투라치,Trachipterus ishikawae,fish,25,C,False,,False,possible
BM-SPECIES-000112,홍투라치,Zu cristatus,fish,25,C,False,,False,possible
BM-SPECIES-000113,점매가리,Velifer hypselopterus,fish,25,C,False,,False,possible
BM-SPECIES-000114,개복치,Mola mola,fish,25,C,False,,False,possible
BM-SPECIES-000115,물개복치,Masturus lanceolatus,fish,25,C,False,,False,possible
BM-SPECIES-000116,쐐기개복치,Ranzania laevis,fish,25,C,False,,False,possible
BM-SPECIES-000117,객주리,Aluterus monoceros,fish,25,C,False,,False,possible
BM-SPECIES-000118,날개쥐치,Aluterus scriptus,fish,25,C,False,,False,possible
BM-SPECIES-000119,흑백쥐치,Cantherhines dumerilii,fish,25,C,False,,False,possible
BM-SPECIES-000120,징검다리쥐치,Cantherhines fronticinctus,fish,25,C,False,,False,possible
BM-SPECIES-000121,육각무늬쥐치,Cantherhines pardalis,fish,25,C,False,,False,possible
BM-SPECIES-000123,새양쥐치,Paramonacanthus japonicus,fish,25,C,False,,False,possible
BM-SPECIES-000124,톱쥐치,Paraluteres prionurus,fish,25,C,False,,False,possible
BM-SPECIES-000125,그물코쥐치,Rudarius ercodes,fish,25,C,False,,False,possible
BM-SPECIES-000126,가시쥐치,Chaetodermis penicilligerus,fish,25,C,False,,False,possible
BM-SPECIES-000127,꼬마쥐치,Brachaluteres ulvarum,fish,25,C,False,,False,possible
BM-SPECIES-000128,물각쥐치,Pseudalutarius nasicornis,fish,25,C,False,,False,possible
BM-SPECIES-000130,남별쥐치,Thamnaconus tessellatus,fish,25,C,False,,False,possible
BM-SPECIES-000131,줄무늬쥐치,Thamnaconus multilineatus,fish,25,C,False,,False,possible
BM-SPECIES-000132,별쥐치,Thamnaconus hypargyreus,fish,25,C,False,,False,possible
BM-SPECIES-000133,불뚝복,Triodon macropterus,fish,25,C,False,,False,possible
BM-SPECIES-000134,파랑쥐치,Balistoides conspicillum,fish,25,C,False,,False,possible
BM-SPECIES-000135,갈쥐치,Sufflamen fraenatum,fish,25,C,False,,False,possible
BM-SPECIES-000136,배주름쥐치,Rhinecanthus aculeatus,fish,25,C,False,,False,possible
BM-SPECIES-000137,무늬쥐치,Canthidermis maculata,fish,25,C,False,,False,possible
BM-SPECIES-000138,그물쥐치,Canthidermis rotundata,fish,25,C,False,,False,possible
BM-SPECIES-000139,가는꼬리쥐치,Abalistes stellatus,fish,25,C,False,,False,possible
BM-SPECIES-000140,황록쥐치,Pseudobalistes flavimarginatus,fish,25,C,False,,False,possible
BM-SPECIES-000141,은비늘치,Triacanthus biaculeatus,fish,25,C,False,,False,possible
BM-SPECIES-000142,강담복,Chilomycterus reticulatus,fish,25,C,False,,False,possible
BM-SPECIES-000143,가시복,Diodon holocanthus,fish,25,C,False,,False,possible
BM-SPECIES-000144,잔점박이가시복,Diodon hystrix,fish,25,C,False,,False,possible
BM-SPECIES-000145,둥근굳가시복,Cyclichthys orbicularis,fish,25,C,False,,False,possible
BM-SPECIES-000146,흑점꺼끌복,Arothron nigropunctatus,fish,25,C,False,,False,possible
BM-SPECIES-000147,흰점꺼끌복,Arothron hispidus,fish,25,C,False,,False,possible
BM-SPECIES-000148,꺼끌복,Arothron stellatus,fish,25,C,False,,False,possible
BM-SPECIES-000149,그물무늬꺼끌복,Arothron reticularis,fish,25,C,False,,False,possible
BM-SPECIES-000150,별복,Arothron firmamentum,fish,25,C,False,,False,possible
BM-SPECIES-000151,청복,Canthigaster rivulata,fish,25,C,False,,False,possible
BM-SPECIES-000152,까칠복,Takifugu stictonotus,fish,25,C,False,,False,possible
BM-SPECIES-000153,두점박이복,Takifugu bimaculatus,fish,25,C,False,,False,possible
BM-SPECIES-000154,매리복,Takifugu snyderi,fish,25,C,False,,False,possible
BM-SPECIES-000155,황복,Takifugu obscurus,fish,25,C,False,,False,possible
BM-SPECIES-000156,황해흰점복,Takifugu alboplumbeus,fish,25,C,False,,False,possible
BM-SPECIES-000157,황점복,Takifugu flavidus,fish,25,C,False,,False,possible
BM-SPECIES-000158,폭포무늬복,Takifugu oblongus,fish,25,C,False,,False,possible
BM-SPECIES-000159,망복,Takifugu reticularis,fish,25,C,False,,False,possible
BM-SPECIES-000160,자주복,Takifugu rubripes,fish,25,C,False,,False,possible
BM-SPECIES-000161,국매리복,Takifugu vermicularis,fish,25,C,False,,False,possible
BM-SPECIES-000162,졸복,Takifugu pardalis,fish,25,C,False,,False,possible
BM-SPECIES-000163,까치복,Takifugu xanthopterus,fish,25,C,False,,False,possible
BM-SPECIES-000164,눈불개복,Takifugu chrysops,fish,25,C,False,,False,possible
BM-SPECIES-000165,검복,Takifugu porphyreus,fish,25,C,False,,False,possible
BM-SPECIES-000166,불룩복,Sphoeroides pachygaster,fish,25,C,False,,False,possible
BM-SPECIES-000167,밀복,Lagocephalus lunaris,fish,25,C,False,,False,possible
BM-SPECIES-000168,청밀복,Lagocephalus lagocephalus,fish,25,C,False,,False,possible
BM-SPECIES-000169,은띠복,Lagocephalus sceleratus,fish,25,C,False,,False,possible
BM-SPECIES-000170,민밀복,Lagocephalus inermis,fish,25,C,False,,False,possible
BM-SPECIES-000171,흑밀복,Lagocephalus cheesemanii,fish,25,C,False,,False,possible
BM-SPECIES-000172,은밀복,Lagocephalus spadiceus,fish,25,C,False,,False,possible
BM-SPECIES-000173,나팔쥐치,Macrorhamphosodes uradoi,fish,25,C,False,,False,possible
BM-SPECIES-000174,분홍쥐치,Triacanthodes anomalus,fish,25,C,False,,False,possible
BM-SPECIES-000175,쌍가시거북복,Tetrosomus reipublicae,fish,25,C,False,,False,possible
BM-SPECIES-000176,뿔복,Lactoria cornuta,fish,25,C,False,,False,possible
BM-SPECIES-000177,소뿔복,Lactoria diaphana,fish,25,C,False,,False,possible
BM-SPECIES-000178,줄무늬뿔복,Lactoria fornasini,fish,25,C,False,,False,possible
BM-SPECIES-000179,노랑거북복,Ostracion cubicum,fish,25,C,False,,False,possible
BM-SPECIES-000180,거북복,Ostracion immaculatum,fish,25,C,False,,False,possible
BM-SPECIES-000181,황줄육각복,Kentrocapros flavofasciatus,fish,25,C,False,,False,possible
BM-SPECIES-000182,육각복,Kentrocapros aculeatus,fish,25,C,False,,False,possible
BM-SPECIES-000183,은줄멸,Hypoatherina tsurugae,fish,25,C,False,,False,possible
BM-SPECIES-000184,색줄멸,Doboatherina bleekeri,fish,25,C,False,,False,possible
BM-SPECIES-000185,물꽃치,Iso flosmaris,fish,25,C,False,,False,possible
BM-SPECIES-000186,밀멸,Atherion elymus,fish,25,C,False,,False,possible
BM-SPECIES-000187,띠별바라기,Limnichthys koreanus,fish,25,C,False,,False,possible
BM-SPECIES-000189,넙치농어,Lateolabrax latus,fish,25,C,False,,False,possible
BM-SPECIES-000190,점농어,Lateolabrax spilonotus,fish,25,C,False,,False,possible
BM-SPECIES-000191,반딧불게르치,Acropoma japonicum,fish,25,C,False,,False,possible
BM-SPECIES-000192,눈볼대,Doederleinia berycoides,fish,25,C,False,,False,possible
BM-SPECIES-000193,황줄돔,Histiopterus typus,fish,25,C,False,,False,possible
BM-SPECIES-000194,육동가리돔,Evistias acutirostris,fish,25,C,False,,False,possible
BM-SPECIES-000195,사자구,Pentaceros japonicus,fish,25,C,False,,False,possible
BM-SPECIES-000196,독돔,Banjos banjos,fish,25,C,False,,False,possible
BM-SPECIES-000197,점악어치,Champsodon longipinnis,fish,25,C,False,,False,possible
BM-SPECIES-000198,악어치,Champsodon snyderi,fish,25,C,False,,False,possible
BM-SPECIES-000199,수염동미리,Acanthaphritis barbata,fish,25,C,False,,False,possible
BM-SPECIES-000200,오리부리눈퉁이,Acanthaphritis unoorum,fish,25,C,False,,False,possible
BM-SPECIES-000201,노랑띠눈퉁이,Osopsaron formosense,fish,25,C,False,,False,possible
BM-SPECIES-000202,실눈퉁이,Pteropsaron evolans,fish,25,C,False,,False,possible
BM-SPECIES-000203,남방주걱치,Pempheris schwenkii,fish,25,C,False,,False,possible
BM-SPECIES-000204,주걱치,Pempheris japonica,fish,25,C,False,,False,possible
BM-SPECIES-000205,황안어,Parapriacanthus ransonneti,fish,25,C,False,,False,possible
BM-SPECIES-000206,눈퉁바리,Malakichthys griseus,fish,25,C,False,,False,possible
BM-SPECIES-000207,은눈퉁바리,Malakichthys elegans,fish,25,C,False,,False,possible
BM-SPECIES-000208,볼기우럭,Malakichthys wakiyae,fish,25,C,False,,False,possible
BM-SPECIES-000209,필립흙무굴치,Parascombrops philippinensis,fish,25,C,False,,False,possible
BM-SPECIES-000210,흙무굴치,Synagrops japonicus,fish,25,C,False,,False,possible
BM-SPECIES-000211,돗돔,Stereolepis doederleini,fish,25,C,False,,False,possible
BM-SPECIES-000212,다홍게르치,Symphysanodon typus,fish,25,C,False,,False,possible
BM-SPECIES-000213,게르치,Scombrops boops,fish,25,C,False,,False,possible
BM-SPECIES-000214,얼룩학치,Pherallodus indicus,fish,25,C,False,,False,possible
BM-SPECIES-000215,황학치,Aspasmichthys ciconiae,fish,25,C,False,,False,possible
BM-SPECIES-000216,꼬마학치,Kopua minima,fish,25,C,False,,False,possible
BM-SPECIES-000217,큰입학치,Lepadichthys misakius,fish,25,C,False,,False,possible
BM-SPECIES-000218,큰눈후악치,Stalix toyoshio,fish,25,C,False,,False,possible
BM-SPECIES-000219,흑점후악치,Opistognathus iyonis,fish,25,C,False,,False,possible
BM-SPECIES-000220,줄후악치,Opistognathus flavidus,fish,25,C,False,,False,possible
BM-SPECIES-000221,인상어,Neoditrema ransonnetii,fish,25,C,False,,False,possible
BM-SPECIES-000222,청록망상어,Ditrema viride,fish,25,C,False,,False,possible
BM-SPECIES-000224,흰꼬리노랑자리돔,Chromis albicauda,fish,25,C,False,,False,possible
BM-SPECIES-000225,연무자리돔,Chromis fumea,fish,25,C,False,,False,possible
BM-SPECIES-000227,띠자리돔,Chromis tingting,fish,25,C,False,,False,possible
BM-SPECIES-000228,검은점꼬리자리돔,Chromis weberi,fish,25,C,False,,False,possible
BM-SPECIES-000229,흰동가리,Amphiprion clarkii,fish,25,C,False,,False,possible
BM-SPECIES-000230,검은줄꼬리돔,Abudefduf sexfasciatus,fish,25,C,False,,False,possible
BM-SPECIES-000231,흑줄돔,Abudefduf bengalensis,fish,25,C,False,,False,possible
BM-SPECIES-000232,동갈자돔,Abudefduf notatus,fish,25,C,False,,False,possible
BM-SPECIES-000233,줄자돔,Abudefduf sordidus,fish,25,C,False,,False,possible
BM-SPECIES-000234,해포리고기,Abudefduf vaigiensis,fish,25,C,False,,False,possible
BM-SPECIES-000235,일곱줄자돔,Abudefduf septemfasciatus,fish,25,C,False,,False,possible
BM-SPECIES-000236,파랑돔,Pomacentrus coelestis,fish,25,C,False,,False,possible
BM-SPECIES-000237,나가사끼자리돔,Pomacentrus nagasakiensis,fish,25,C,False,,False,possible
BM-SPECIES-000238,줄셋돔,Dascyllus melanurus,fish,25,C,False,,False,possible
BM-SPECIES-000239,샛별돔,Dascyllus trimaculatus,fish,25,C,False,,False,possible
BM-SPECIES-000240,살자리돔,Plectroglyphidodon altus,fish,25,C,False,,False,possible
BM-SPECIES-000241,흰꼬리자리돔,Pycnochromis margaritifer,fish,25,C,False,,False,possible
BM-SPECIES-000242,육돈바리,Plesiops coeruleolineatus,fish,25,C,False,,False,possible
BM-SPECIES-000243,청황베도라치,Springerichthys bapturus,fish,25,C,False,,False,possible
BM-SPECIES-000244,가막베도라치,Enneapterygius etheostoma,fish,25,C,False,,False,possible
BM-SPECIES-000245,검은점베도라치,Istiblennius dussumieri,fish,25,C,False,,False,possible
BM-SPECIES-000246,대강베도라치,Istiblennius edentulus,fish,25,C,False,,False,possible
BM-SPECIES-000247,두점베도라치,Petroscirtes springeri,fish,25,C,False,,False,possible
BM-SPECIES-000248,개베도라치,Petroscirtes variabilis,fish,25,C,False,,False,possible
BM-SPECIES-000249,두줄베도라치,Petroscirtes breviceps,fish,25,C,False,,False,possible
BM-SPECIES-000250,갈기베도라치,Scartella emarginata,fish,25,C,False,,False,possible
BM-SPECIES-000251,저울베도라치,Entomacrodus stellifer,fish,25,C,False,,False,possible
BM-SPECIES-000252,청줄베도라치,Plagiotremus rhinorhynchos,fish,25,C,False,,False,possible
BM-SPECIES-000253,앞동갈베도라치,Omobranchus elegans,fish,25,C,False,,False,possible
BM-SPECIES-000254,구름베도라치,Omobranchus loxozonus,fish,25,C,False,,False,possible
BM-SPECIES-000255,골베도라치,Omobranchus punctatus,fish,25,C,False,,False,possible
BM-SPECIES-000256,뿔베도라치,Omobranchus fasciolatoceps,fish,25,C,False,,False,possible
BM-SPECIES-000257,노랑꼬리베도라치,Ecsenius namiyei,fish,25,C,False,,False,possible
BM-SPECIES-000258,갈치베도라치,Xiphasia setifer,fish,25,C,False,,False,possible
BM-SPECIES-000259,청베도라치,Parablennius yatabei,fish,25,C,False,,False,possible
BM-SPECIES-000260,흰점베도라치,Rhabdoblennius nitidus,fish,25,C,False,,False,possible
BM-SPECIES-000261,동해비늘베도라치,Neoclinus chihiroe,fish,25,C,False,,False,possible
BM-SPECIES-000262,얼룩비늘베도라치,Neoclinus lacunicola,fish,25,C,False,,False,possible
BM-SPECIES-000263,짧은털비늘베도라치,Neoclinus nudiceps,fish,25,C,False,,False,possible
BM-SPECIES-000264,비늘베도라치,Neoclinus bryope,fish,25,C,False,,False,possible
BM-SPECIES-000265,무늬깜정이,Kyphosus bigibbus,fish,25,C,False,,False,possible
BM-SPECIES-000266,무늬갈돔,Kyphosus cinerascens,fish,25,C,False,,False,possible
BM-SPECIES-000267,황줄깜정이,Kyphosus vaigiensis,fish,25,C,False,,False,possible
BM-SPECIES-000268,줄벤자리,Rhynchopelates oxyrhynchus,fish,25,C,False,,False,possible
BM-SPECIES-000269,네줄벤자리,Terapon theraps,fish,25,C,False,,False,possible
BM-SPECIES-000270,살벤자리,Terapon jarbua,fish,25,C,False,,False,possible
BM-SPECIES-000271,은잉어,Kuhlia mugil,fish,25,C,False,,False,possible
BM-SPECIES-000272,알롱잉어,Kuhlia marginata,fish,25,C,False,,False,possible
BM-SPECIES-000273,무늬가시돔,Cirrhitichthys aprinus,fish,25,C,False,,False,possible
BM-SPECIES-000274,황붉돔,Cirrhitichthys aureus,fish,25,C,False,,False,possible
BM-SPECIES-000275,아홉동가리,Goniistius zonatus,fish,25,C,False,,False,possible
BM-SPECIES-000276,여덟동가리,Goniistius quadricornis,fish,25,C,False,,False,possible
BM-SPECIES-000277,강담돔,Oplegnathus punctatus,fish,25,C,False,,False,possible
BM-SPECIES-000280,긴꼬리벵에돔,Girella leonina,fish,25,C,False,,False,possible
BM-SPECIES-000281,양벵에돔,Girella mezina,fish,25,C,False,,False,possible
BM-SPECIES-000282,범돔,Microcanthus strigatus,fish,25,C,False,,False,possible
BM-SPECIES-000283,황조어,Labracoglossa argenteiventris,fish,25,C,False,,False,possible
BM-SPECIES-000284,무늬망둑,Bathygobius fuscus,fish,25,C,False,,False,possible
BM-SPECIES-000285,남방무늬망둑,Bathygobius hongkongensis,fish,25,C,False,,False,possible
BM-SPECIES-000286,얼룩무늬망둑,Bathygobius cyclopterus,fish,25,C,False,,False,possible
BM-SPECIES-000287,비늘무늬망둑,Bathygobius cotticeps,fish,25,C,False,,False,possible
BM-SPECIES-000288,흰점무늬망둑,Bathygobius coalitus,fish,25,C,False,,False,possible
BM-SPECIES-000289,청별망둑,Asterropteryx semipunctata,fish,25,C,False,,False,possible
BM-SPECIES-000290,검은반점망둑,Glossogobius olivaceus,fish,25,C,False,,False,possible
BM-SPECIES-000291,실망둑,Myersina filifer,fish,25,C,False,,False,possible
BM-SPECIES-000292,비단망둑,Istigobius hoshinonis,fish,25,C,False,,False,possible
BM-SPECIES-000293,사자코망둑,Istigobius campbelli,fish,25,C,False,,False,possible
BM-SPECIES-000294,빨갱이,Paratrypauchen microcephalus,fish,25,C,False,,False,possible
BM-SPECIES-000295,날개망둑,Favonigobius gymnauchen,fish,25,C,False,,False,possible
BM-SPECIES-000296,황줄날개망둑,Favonigobius reichei,fish,25,C,False,,False,possible
BM-SPECIES-000297,꼬마청황,Parioglossus dotui,fish,25,C,False,,False,possible
BM-SPECIES-000298,풀비늘망둑,Eviota abax,fish,25,C,False,,False,possible
BM-SPECIES-000299,두건망둑,Eviota epiphanes,fish,25,C,False,,False,possible
BM-SPECIES-000300,남방풀비늘망둑,Eviota prasina,fish,25,C,False,,False,possible
BM-SPECIES-000301,독도풀비늘망둑,Eviota masudai,fish,25,C,False,,False,possible
BM-SPECIES-000302,흑점풀비늘망둑,Eviota melasma,fish,25,C,False,,False,possible
BM-SPECIES-000303,흰동갈망둑,Priolepis boreus,fish,25,C,False,,False,possible
BM-SPECIES-000304,깊은바다노란띠망둑,Obliquogobius yamadai,fish,25,C,False,,False,possible
BM-SPECIES-000305,두줄복기망둑,Valenciennea helsdingenii,fish,25,C,False,,False,possible
BM-SPECIES-000306,갈색띠복기망둑,Valenciennea wardii,fish,25,C,False,,False,possible
BM-SPECIES-000307,주름망둑,Callogobius shunkan,fish,25,C,False,,False,possible
BM-SPECIES-000308,꼬마줄망둑,Trimma grammistes,fish,25,C,False,,False,possible
BM-SPECIES-000309,줄망둑,Acentrogobius pflaumii,fish,25,C,False,,False,possible
BM-SPECIES-000310,점줄망둑,Acentrogobius pellidebilis,fish,25,C,False,,False,possible
BM-SPECIES-000311,붉은동갈새우붙이망둑,Amblyeleotris japonica,fish,25,C,False,,False,possible
BM-SPECIES-000312,청황문절,Ptereleotris hanae,fish,25,C,False,,False,possible
BM-SPECIES-000313,흑꼬리청황문절,Ptereleotris heteroptera,fish,25,C,False,,False,possible
BM-SPECIES-000314,가막청황문절,Ptereleotris evides,fish,25,C,False,,False,possible
BM-SPECIES-000315,검은구굴무치,Eleotris acanthopomus,fish,25,C,False,,False,possible
BM-SPECIES-000316,구굴무치,Eleotris oxycephala,fish,25,C,False,,False,possible
BM-SPECIES-000317,발기,Perccottus glenii,fish,25,C,False,,False,possible
BM-SPECIES-000318,민동갈돔,Gymnapogon japonicus,fish,25,C,False,,False,possible
BM-SPECIES-000319,세줄얼게비늘,Ostorhinchus doederleini,fish,25,C,False,,False,possible
BM-SPECIES-000320,큰줄얼게비늘,Ostorhinchus kiensis,fish,25,C,False,,False,possible
BM-SPECIES-000321,금줄얼게비늘,Ostorhinchus cyanosoma,fish,25,C,False,,False,possible
BM-SPECIES-000322,점동갈돔,Ostorhinchus notatus,fish,25,C,False,,False,possible
BM-SPECIES-000323,줄도화돔,Ostorhinchus semilineatus,fish,25,C,False,,False,possible
BM-SPECIES-000324,다섯줄얼게비늘,Ostorhinchus cookii,fish,25,C,False,,False,possible
BM-SPECIES-000325,줄동갈돔,Ostorhinchus endekataenia,fish,25,C,False,,False,possible
BM-SPECIES-000326,꽃동갈돔,Ostorhinchus fleurieu,fish,25,C,False,,False,possible
BM-SPECIES-000327,검은두줄붉은동갈돔,Apogon semiornatus,fish,25,C,False,,False,possible
BM-SPECIES-000328,붉은얼게비늘,Apogon coccineus,fish,25,C,False,,False,possible
BM-SPECIES-000329,진홍얼게비늘,Apogon unicolor,fish,25,C,False,,False,possible
BM-SPECIES-000330,큰눈얼게비늘,Apogon erythrinus,fish,25,C,False,,False,possible
BM-SPECIES-000331,먹얼게비늘,Apogonichthyoides niger,fish,25,C,False,,False,possible
BM-SPECIES-000332,두동갈얼게비늘,Apogonichthyoides cathetogramma,fish,25,C,False,,False,possible
BM-SPECIES-000333,열동가리돔,Jaydia lineata,fish,25,C,False,,False,possible
BM-SPECIES-000334,먹테얼게비늘,Jaydia carinata,fish,25,C,False,,False,possible
BM-SPECIES-000335,꼬마망둑,Inu koma,fish,25,C,False,,False,possible
BM-SPECIES-000336,왜미끈망둑,Inu saikaiensis,fish,25,C,False,,False,possible
BM-SPECIES-000337,왜풀망둑,Acanthogobius elongatus,fish,25,C,False,,False,possible
BM-SPECIES-000338,풀망둑,Acanthogobius hasta,fish,25,C,False,,False,possible
BM-SPECIES-000339,문절망둑,Acanthogobius flavimanus,fish,25,C,False,,False,possible
BM-SPECIES-000340,흰발망둑,Acanthogobius lactipes,fish,25,C,False,,False,possible
BM-SPECIES-000341,비늘흰발망둑,Acanthogobius luridus,fish,25,C,False,,False,possible
BM-SPECIES-000342,숨이망둑,Apocryptodon punctatus,fish,25,C,False,,False,possible
BM-SPECIES-000343,흰점왜망둑,Clariger chionomaculatus,fish,25,C,False,,False,possible
BM-SPECIES-000344,왜망둑,Clariger cosmurus,fish,25,C,False,,False,possible
BM-SPECIES-000345,수염왜망둑,Clariger papillosus,fish,25,C,False,,False,possible
BM-SPECIES-000346,도화망둑,Amblychaeturichthys hexanema,fish,25,C,False,,False,possible
BM-SPECIES-000347,수염문절,Amblychaeturichthys sciistius,fish,25,C,False,,False,possible
BM-SPECIES-000348,독도얼룩망둑,Astrabe fasciata,fish,25,C,False,,False,possible
BM-SPECIES-000349,모치망둑,Mugilogobius abei,fish,25,C,False,,False,possible
BM-SPECIES-000350,제주모치망둑,Mugilogobius notospilus,fish,25,C,False,,False,possible
BM-SPECIES-000351,두줄망둑,Tridentiger trigonocephalus,fish,25,C,False,,False,possible
BM-SPECIES-000352,민물검정망둑,Tridentiger brevispinis,fish,25,C,False,,False,possible
BM-SPECIES-000353,아작망둑,Tridentiger barbatus,fish,25,C,False,,False,possible
BM-SPECIES-000354,민물두줄망둑,Tridentiger bifasciatus,fish,25,C,False,,False,possible
BM-SPECIES-000355,황줄망둑,Tridentiger nudicervicus,fish,25,C,False,,False,possible
BM-SPECIES-000356,검정망둑,Tridentiger obscurus,fish,25,C,False,,False,possible
BM-SPECIES-000357,가는살망둑,Gymnogobius cylindricus,fish,25,C,False,,False,possible
BM-SPECIES-000358,무늬꾹저구,Gymnogobius opperiens,fish,25,C,False,,False,possible
BM-SPECIES-000359,꾹저구,Gymnogobius urotaenia,fish,25,C,False,,False,possible
BM-SPECIES-000360,검정꾹저구,Gymnogobius petschiliensis,fish,25,C,False,,False,possible
BM-SPECIES-000361,날망둑,Gymnogobius breunigii,fish,25,C,False,,False,possible
BM-SPECIES-000362,살망둑,Gymnogobius heptacanthus,fish,25,C,False,,False,possible
BM-SPECIES-000363,왜꾹저구,Gymnogobius macrognathos,fish,25,C,False,,False,possible
BM-SPECIES-000364,얼룩망둑,Gymnogobius mororanus,fish,25,C,False,,False,possible
BM-SPECIES-000365,동해날망둑,Gymnogobius taranetzi,fish,25,C,False,,False,possible
BM-SPECIES-000366,줄무늬살망둑,Gymnogobius scrobiculatus,fish,25,C,False,,False,possible
BM-SPECIES-000367,점박이망둑,Redigobius bikolanus,fish,25,C,False,,False,possible
BM-SPECIES-000368,댕기망둑,Eutaeniichthys gilli,fish,25,C,False,,False,possible
BM-SPECIES-000369,말뚝망둥어,Periophthalmus modestus,fish,25,C,False,,False,possible
BM-SPECIES-000370,큰볏말뚝망둥어,Periophthalmus magnuspinnatus,fish,25,C,False,,False,possible
BM-SPECIES-000371,남방짱뚱어,Scartelaos gigas,fish,25,C,False,,False,possible
BM-SPECIES-000372,미끈망둑,Luciogobius guttatus,fish,25,C,False,,False,possible
BM-SPECIES-000373,납작미끈망둑,Luciogobius platycephalus,fish,25,C,False,,False,possible
BM-SPECIES-000374,가는미끈망둑,Luciogobius elongatus,fish,25,C,False,,False,possible
BM-SPECIES-000375,검정미끈망둑,Luciogobius martellii,fish,25,C,False,,False,possible
BM-SPECIES-000376,큰미끈망둑,Luciogobius grandis,fish,25,C,False,,False,possible
BM-SPECIES-000377,주홍미끈망둑,Luciogobius pallidus,fish,25,C,False,,False,possible
BM-SPECIES-000378,민미끈망둑,Luciogobius parvulus,fish,25,C,False,,False,possible
BM-SPECIES-000379,바닥문절,Sagamia geneionema,fish,25,C,False,,False,possible
BM-SPECIES-000380,열동갈문절,Sicyopterus japonicus,fish,25,C,False,,False,possible
BM-SPECIES-000381,쉬쉬망둑,Chaeturichthys stigmatias,fish,25,C,False,,False,possible
BM-SPECIES-000383,점망둑,Chaenogobius annularis,fish,25,C,False,,False,possible
BM-SPECIES-000384,별망둑,Chaenogobius gulosus,fish,25,C,False,,False,possible
BM-SPECIES-000385,짱뚱어,Boleophthalmus pectinirostris,fish,25,C,False,,False,possible
BM-SPECIES-000386,검은눈띠망둑,Gnatholepis cauerensis,fish,25,C,False,,False,possible
BM-SPECIES-000387,사백어,Leucopsarion petersii,fish,25,C,False,,False,possible
BM-SPECIES-000388,오셀망둑,Lophiogobius ocellicauda,fish,25,C,False,,False,possible
BM-SPECIES-000389,꽃개소겡,Taenioides cirratus,fish,25,C,False,,False,possible
BM-SPECIES-000390,애기망둑,Pseudogobius masago,fish,25,C,False,,False,possible
BM-SPECIES-000391,갈문망둑,Rhinogobius similis,fish,25,C,False,,False,possible
BM-SPECIES-000392,일곱동갈망둑,Pterogobius elapoides,fish,25,C,False,,False,possible
BM-SPECIES-000393,흰줄망둑,Pterogobius zonoleucus,fish,25,C,False,,False,possible
BM-SPECIES-000394,다섯동갈망둑,Pterogobius zacalles,fish,25,C,False,,False,possible
BM-SPECIES-000395,금줄망둑,Pterogobius virgo,fish,25,C,False,,False,possible
BM-SPECIES-000396,큰눈망둑,Suruga fundicola,fish,25,C,False,,False,possible
BM-SPECIES-000397,개소겡,Odontamblyopus lacepedii,fish,25,C,False,,False,possible
BM-SPECIES-000398,보라기름눈돔,Ariomma indica,fish,25,C,False,,False,possible
BM-SPECIES-000399,샛돔,Psenopsis anomala,fish,25,C,False,,False,possible
BM-SPECIES-000400,연어병치,Hyperoglyphe japonica,fish,25,C,False,,False,possible
BM-SPECIES-000401,세장갈치꼬치,Gempylus serpens,fish,25,C,False,,False,possible
BM-SPECIES-000402,흑갈치꼬치,Lepidocybium flavobrunneum,fish,25,C,False,,False,possible
BM-SPECIES-000403,갈치꼬치,Thyrsitoides marleyi,fish,25,C,False,,False,possible
BM-SPECIES-000404,기름치,Ruvettus pretiosus,fish,25,C,False,,False,possible
BM-SPECIES-000405,통치,Rexea prometheoides,fish,25,C,False,,False,possible
BM-SPECIES-000406,가는통치,Nealotus tripes,fish,25,C,False,,False,possible
BM-SPECIES-000407,동갈삼치,Scomberomorus commerson,fish,25,C,False,,False,possible
BM-SPECIES-000409,재방어,Scomberomorus sinensis,fish,25,C,False,,False,possible
BM-SPECIES-000410,평삼치,Scomberomorus koreanus,fish,25,C,False,,False,possible
BM-SPECIES-000411,점다랑어,Euthynnus affinis,fish,25,C,False,,False,possible
BM-SPECIES-000413,물치다래,Auxis thazard,fish,25,C,False,,False,possible
BM-SPECIES-000414,몽치다래,Auxis rochei,fish,25,C,False,,False,possible
BM-SPECIES-000416,망치고등어,Scomber australasicus,fish,25,C,False,,False,possible
BM-SPECIES-000418,꼬치삼치,Acanthocybium solandri,fish,25,C,False,,False,possible
BM-SPECIES-000419,백다랑어,Thunnus tonggol,fish,25,C,False,,False,possible
BM-SPECIES-000420,날개다랑어,Thunnus alalunga,fish,25,C,False,,False,possible
BM-SPECIES-000421,눈다랑어,Thunnus obesus,fish,25,C,False,,False,possible
BM-SPECIES-000422,황다랑어,Thunnus albacares,fish,25,C,False,,False,possible
BM-SPECIES-000423,참다랑어,Thunnus orientalis,fish,25,C,False,,False,possible
BM-SPECIES-000424,중국병어,Pampus chinensis,fish,25,C,False,,False,possible
BM-SPECIES-000427,동강연치,Cubiceps whiteleggii,fish,25,C,False,,False,possible
BM-SPECIES-000428,가는동강연치,Nomeus gronovii,fish,25,C,False,,False,possible
BM-SPECIES-000429,줄무늬물릉돔,Psenes cyanophrys,fish,25,C,False,,False,possible
BM-SPECIES-000430,아라푸라돔,Psenes arafurensis,fish,25,C,False,,False,possible
BM-SPECIES-000431,물릉돔,Psenes pellucidus,fish,25,C,False,,False,possible
BM-SPECIES-000432,띠물릉돔,Psenes maculatus,fish,25,C,False,,False,possible
BM-SPECIES-000433,벤텐어,Pteraclis aesticola,fish,25,C,False,,False,possible
BM-SPECIES-000434,타락치,Taractes asper,fish,25,C,False,,False,possible
BM-SPECIES-000435,검은새다래,Taractes rubescens,fish,25,C,False,,False,possible
BM-SPECIES-000436,흰꼬리타락치,Taractichthys steindachneri,fish,25,C,False,,False,possible
BM-SPECIES-000437,날개새다래,Pterycombus petersii,fish,25,C,False,,False,possible
BM-SPECIES-000438,새다래,Brama japonica,fish,25,C,False,,False,possible
BM-SPECIES-000439,왜새다래,Brama dussumieri,fish,25,C,False,,False,possible
BM-SPECIES-000440,큰비늘새다래,Brama orcini,fish,25,C,False,,False,possible
BM-SPECIES-000441,세장갈치,Benthodesmus tenuis,fish,25,C,False,,False,possible
BM-SPECIES-000442,붕동갈치,Assurger anzac,fish,25,C,False,,False,possible
BM-SPECIES-000443,투구갈치,Tentoriceps cristatus,fish,25,C,False,,False,possible
BM-SPECIES-000445,분장어,Eupleurogrammus muticus,fish,25,C,False,,False,possible
BM-SPECIES-000446,동동갈치,Evoxymetopon taeniatum,fish,25,C,False,,False,possible
BM-SPECIES-000447,날가지숭어,Polydactylus plebeius,fish,25,C,False,,False,possible
BM-SPECIES-000448,흑점날가지,Polydactylus sextarius,fish,25,C,False,,False,possible
BM-SPECIES-000449,네날가지,Eleutheronema tetradactylum,fish,25,C,False,,False,possible
BM-SPECIES-000450,배불뚝치,Mene maculata,fish,25,C,False,,False,possible
BM-SPECIES-000451,그물동서대,Aseraggodes kaianus,fish,25,C,False,,False,possible
BM-SPECIES-000452,동서대,Aseraggodes kobensis,fish,25,C,False,,False,possible
BM-SPECIES-000453,얼룩서대,Brachirus annularis,fish,25,C,False,,False,possible
BM-SPECIES-000454,궁제기서대,Zebrias zebrinus,fish,25,C,False,,False,possible
BM-SPECIES-000455,각시서대,Zebrias japonicus,fish,25,C,False,,False,possible
BM-SPECIES-000456,납서대,Heteromycteris japonicus,fish,25,C,False,,False,possible
BM-SPECIES-000457,뿔서대,Aesopia cornuta,fish,25,C,False,,False,possible
BM-SPECIES-000458,창꼬치,Sphyraena obtusata,fish,25,C,False,,False,possible
BM-SPECIES-000460,애꼬치,Sphyraena japonica,fish,25,C,False,,False,possible
BM-SPECIES-000461,짧은입큰꼬치고기,Sphyraena arabiansis,fish,25,C,False,,False,possible
BM-SPECIES-000462,별넙치,Pseudorhombus cinnamoneus,fish,25,C,False,,False,possible
BM-SPECIES-000463,남해넙치,Pseudorhombus oculocirris,fish,25,C,False,,False,possible
BM-SPECIES-000464,점넙치,Pseudorhombus pentophthalmus,fish,25,C,False,,False,possible
BM-SPECIES-000466,왜넙치,Tarphops oligolepis,fish,25,C,False,,False,possible
BM-SPECIES-000467,좀넙치,Tarphops elegans,fish,25,C,False,,False,possible
BM-SPECIES-000468,중설가자미,Plagiopsetta glossa,fish,25,C,False,,False,possible
BM-SPECIES-000469,신월가자미,Samariscus japonicus,fish,25,C,False,,False,possible
BM-SPECIES-000470,청새치,Kajikia audax,fish,25,C,False,,False,possible
BM-SPECIES-000471,백새치,Istiompax indica,fish,25,C,False,,False,possible
BM-SPECIES-000472,녹새치,Makaira mazara,fish,25,C,False,,False,possible
BM-SPECIES-000474,풀넙치,Citharoides macrolepidotus,fish,25,C,False,,False,possible
BM-SPECIES-000475,줄만새기,Coryphaena equiselis,fish,25,C,False,,False,possible
BM-SPECIES-000476,만새기,Coryphaena hippurus,fish,25,C,False,,False,possible
BM-SPECIES-000477,좌대가자미,Poecilopsetta plinthus,fish,25,C,False,,False,possible
BM-SPECIES-000478,날쌔기,Rachycentron canadum,fish,25,C,False,,False,possible
BM-SPECIES-000480,실전갱이,Alectis ciliaris,fish,25,C,False,,False,possible
BM-SPECIES-000481,홍기가라지,Decapterus tabl,fish,25,C,False,,False,possible
BM-SPECIES-000482,풀가라지,Decapterus macarellus,fish,25,C,False,,False,possible
BM-SPECIES-000483,긴가라지,Decapterus macrosoma,fish,25,C,False,,False,possible
BM-SPECIES-000484,가라지,Decapterus maruadsi,fish,25,C,False,,False,possible
BM-SPECIES-000485,갈고등어,Decapterus muroadsi,fish,25,C,False,,False,possible
BM-SPECIES-000486,붉은가라지,Decapterus akaadsi,fish,25,C,False,,False,possible
BM-SPECIES-000487,녹줄매가리,Trachurus declivis,fish,25,C,False,,False,possible
BM-SPECIES-000489,갈전갱이,Kaiwarinus equula,fish,25,C,False,,False,possible
BM-SPECIES-000490,가시전갱이,Scomberoides tol,fish,25,C,False,,False,possible
BM-SPECIES-000491,두점줄가시전갱이,Scomberoides lysan,fish,25,C,False,,False,possible
BM-SPECIES-000492,흑점줄전갱이,Pseudocaranx dentex,fish,25,C,False,,False,possible
BM-SPECIES-000493,고등가라지,Megalaspis cordyla,fish,25,C,False,,False,possible
BM-SPECIES-000494,매지방어,Seriolina nigrofasciata,fish,25,C,False,,False,possible
BM-SPECIES-000495,참치방어,Elagatis bipinnulata,fish,25,C,False,,False,possible
BM-SPECIES-000496,새가라지,Selar crumenophthalmus,fish,25,C,False,,False,possible
BM-SPECIES-000497,민전갱이,Uraspis helvola,fish,25,C,False,,False,possible
BM-SPECIES-000498,흑기민전갱이,Uraspis uraspis,fish,25,C,False,,False,possible
BM-SPECIES-000499,잿방어,Seriola dumerili,fish,25,C,False,,False,possible
BM-SPECIES-000502,낫잿방어,Seriola rivoliana,fish,25,C,False,,False,possible
BM-SPECIES-000503,병치매가리,Parastromateus niger,fish,25,C,False,,False,possible
BM-SPECIES-000504,청전갱이,Atropus atropos,fish,25,C,False,,False,possible
BM-SPECIES-000505,혹전갱이,Atropus hedlandensis,fish,25,C,False,,False,possible
BM-SPECIES-000506,빨판매가리,Trachinotus baillonii,fish,25,C,False,,False,possible
BM-SPECIES-000507,무점매가리,Trachinotus blochii,fish,25,C,False,,False,possible
BM-SPECIES-000508,동갈방어,Naucrates ductor,fish,25,C,False,,False,possible
BM-SPECIES-000509,술전갱이,Caranx bucculentus,fish,25,C,False,,False,possible
BM-SPECIES-000510,작은입줄전갱이,Caranx melampygus,fish,25,C,False,,False,possible
BM-SPECIES-000511,줄전갱이,Caranx sexfasciatus,fish,25,C,False,,False,possible
BM-SPECIES-000512,황줄전갱이,Caranx papuensis,fish,25,C,False,,False,possible
BM-SPECIES-000513,무명갈전갱이,Caranx ignobilis,fish,25,C,False,,False,possible
BM-SPECIES-000514,큰점줄전갱이,Caranx tille,fish,25,C,False,,False,possible
BM-SPECIES-000515,유전갱이,Turrum coeruleopinnatum,fish,25,C,False,,False,possible
BM-SPECIES-000516,채찍유전갱이,Carangichthys oblongus,fish,25,C,False,,False,possible
BM-SPECIES-000517,미늘전갱이,Carangichthys dinema,fish,25,C,False,,False,possible
BM-SPECIES-000518,노랑점무늬유전갱이,Ferdauia orthogrammus,fish,25,C,False,,False,possible
BM-SPECIES-000519,흑전갱이,Ferdauia ferdau,fish,25,C,False,,False,possible
BM-SPECIES-000520,머리빨판이,Remora brachyptera,fish,25,C,False,,False,possible
BM-SPECIES-000521,뼈대빨판이,Remora osteochir,fish,25,C,False,,False,possible
BM-SPECIES-000522,대빨판이,Remora remora,fish,25,C,False,,False,possible
BM-SPECIES-000523,흰빨판이,Remora albescens,fish,25,C,False,,False,possible
BM-SPECIES-000524,열줄빨판이,Phtheirichthys lineatus,fish,25,C,False,,False,possible
BM-SPECIES-000525,빨판상어,Echeneis naucrates,fish,25,C,False,,False,possible
BM-SPECIES-000526,고베둥글넙치,Crossorhombus kobensis,fish,25,C,False,,False,possible
BM-SPECIES-000527,파랑둥글넙치,Crossorhombus azureus,fish,25,C,False,,False,possible
BM-SPECIES-000528,별목탁가자미,Bothus myriaster,fish,25,C,False,,False,possible
BM-SPECIES-000529,벚꽃무늬둥글넙치,Bothus pantherinus,fish,25,C,False,,False,possible
BM-SPECIES-000530,목탁가자미,Arnoglossus japonicus,fish,25,C,False,,False,possible
BM-SPECIES-000531,노랑반점가자미,Arnoglossus polyspilus,fish,25,C,False,,False,possible
BM-SPECIES-000532,사량넙치,Psettina tosana,fish,25,C,False,,False,possible
BM-SPECIES-000533,동백가자미,Psettina iijimae,fish,25,C,False,,False,possible
BM-SPECIES-000534,검은꼬리넙치,Japonolaeops gracilis,fish,25,C,False,,False,possible
BM-SPECIES-000535,긴가자미,Parabothus kiensis,fish,25,C,False,,False,possible
BM-SPECIES-000536,큰비늘넙치,Engyprosopon grandisquama,fish,25,C,False,,False,possible
BM-SPECIES-000537,깃털둥글넙치,Asterorhombus intermedius,fish,25,C,False,,False,possible
BM-SPECIES-000538,큰입둥글넙치,Kamoharaia megastoma,fish,25,C,False,,False,possible
BM-SPECIES-000539,흰비늘가자미,Laeops parviceps,fish,25,C,False,,False,possible
BM-SPECIES-000540,용가자미,Cleisthenes pinetorum,fish,25,C,False,,False,possible
BM-SPECIES-000542,가시가자미,Acanthopsetta nadeshnyi,fish,25,C,False,,False,possible
BM-SPECIES-000543,문치가자미,Pseudopleuronectes yokohamae,fish,25,C,False,,False,possible
BM-SPECIES-000545,감성가자미,Pseudopleuronectes obscurus,fish,25,C,False,,False,possible
BM-SPECIES-000546,점가자미,Pseudopleuronectes schrenki,fish,25,C,False,,False,possible
BM-SPECIES-000547,뿔가자미,Pleuronectes quadrituberculatus,fish,25,C,False,,False,possible
BM-SPECIES-000549,흘림도다리,Pleuronichthys lighti,fish,25,C,False,,False,possible
BM-SPECIES-000550,찰가자미,Microstomus achne,fish,25,C,False,,False,possible
BM-SPECIES-000551,물가자미,Eopsetta grigorjewi,fish,25,C,False,,False,possible
BM-SPECIES-000552,눈가자미,Dexistes rikuzenius,fish,25,C,False,,False,possible
BM-SPECIES-000556,각시가자미,Limanda aspera,fish,25,C,False,,False,possible
BM-SPECIES-000558,갈가자미,Glyptocephalus kitaharae,fish,25,C,False,,False,possible
BM-SPECIES-000559,노랑가자미,Verasper moseri,fish,25,C,False,,False,possible
BM-SPECIES-000560,범가자미,Verasper variegatus,fish,25,C,False,,False,possible
BM-SPECIES-000561,까지가자미,Lepidopsetta bilineata,fish,25,C,False,,False,possible
BM-SPECIES-000562,술봉가자미,Lepidopsetta mochigarei,fish,25,C,False,,False,possible
BM-SPECIES-000563,화살치가자미,Atheresthes evermanni,fish,25,C,False,,False,possible
BM-SPECIES-000564,호수가자미,Liopsetta pinnifasciata,fish,25,C,False,,False,possible
BM-SPECIES-000565,층거리가자미,Myzopsetta punctatissima,fish,25,C,False,,False,possible
BM-SPECIES-000566,박대,Cynoglossus semilaevis,fish,25,C,False,,False,possible
BM-SPECIES-000567,물서대,Cynoglossus gracilis,fish,25,C,False,,False,possible
BM-SPECIES-000568,용서대,Cynoglossus abbreviatus,fish,25,C,False,,False,possible
BM-SPECIES-000569,칠서대,Cynoglossus interruptus,fish,25,C,False,,False,possible
BM-SPECIES-000570,참서대,Cynoglossus joyneri,fish,25,C,False,,False,possible
BM-SPECIES-000571,개서대,Cynoglossus robustus,fish,25,C,False,,False,possible
BM-SPECIES-000572,보섭서대,Symphurus orientalis,fish,25,C,False,,False,possible
BM-SPECIES-000573,긴코보섭서대,Symphurus longirostris,fish,25,C,False,,False,possible
BM-SPECIES-000574,흑대기,Paraplagusia japonica,fish,25,C,False,,False,possible
BM-SPECIES-000575,까나리,Ammodytes japonicus,fish,25,C,False,,False,possible
BM-SPECIES-000576,양미리,Ammodytes heian,fish,25,C,False,,False,possible
BM-SPECIES-000577,다섯줄양동미리,Parapercis muronis,fish,25,C,False,,False,possible
BM-SPECIES-000578,쌍동가리,Parapercis sexfasciata,fish,25,C,False,,False,possible
BM-SPECIES-000579,황쌍동가리,Parapercis aurantiaca,fish,25,C,False,,False,possible
BM-SPECIES-000580,열쌍동가리,Parapercis multifasciata,fish,25,C,False,,False,possible
BM-SPECIES-000581,눈동미리,Parapercis pulchella,fish,25,C,False,,False,possible
BM-SPECIES-000582,동미리,Parapercis snyderi,fish,25,C,False,,False,possible
BM-SPECIES-000583,노랑열동가리,Parapercis decemfasciata,fish,25,C,False,,False,possible
BM-SPECIES-000584,호박돔,Choerodon azurio,fish,25,C,False,,False,possible
BM-SPECIES-000585,빗살아씨놀래기,Coris picta,fish,25,C,False,,False,possible
BM-SPECIES-000586,감귤아씨놀래기,Coris dorsomacula,fish,25,C,False,,False,possible
BM-SPECIES-000587,황놀래기,Pseudolabrus sieboldi,fish,25,C,False,,False,possible
BM-SPECIES-000588,무점황놀래기,Pseudolabrus eoethinus,fish,25,C,False,,False,possible
BM-SPECIES-000589,비단놀래기,Thalassoma purpureum,fish,25,C,False,,False,possible
BM-SPECIES-000590,색동놀래기,Thalassoma amblycephalum,fish,25,C,False,,False,possible
BM-SPECIES-000591,고생놀래기,Thalassoma cupido,fish,25,C,False,,False,possible
BM-SPECIES-000592,녹색물결놀래기,Thalassoma lunare,fish,25,C,False,,False,possible
BM-SPECIES-000593,다섯줄색동놀래기,Thalassoma quinquevittatum,fish,25,C,False,,False,possible
BM-SPECIES-000595,실놀래기,Suezichthys gracilis,fish,25,C,False,,False,possible
BM-SPECIES-000596,어렝놀래기,Pteragogus aurigarius,fish,25,C,False,,False,possible
BM-SPECIES-000597,꼬치놀래기,Cheilio inermis,fish,25,C,False,,False,possible
BM-SPECIES-000598,파랑비늘돔,Scarus ovifrons,fish,25,C,False,,False,possible
BM-SPECIES-000599,두점긴주둥이놀래기,Oxycheilinus bimaculatus,fish,25,C,False,,False,possible
BM-SPECIES-000600,세줄무지개놀래기,Stethojulis trilineata,fish,25,C,False,,False,possible
BM-SPECIES-000601,주황점무지개놀래기,Stethojulis bandanensis,fish,25,C,False,,False,possible
BM-SPECIES-000602,무지개놀래기,Stethojulis terina,fish,25,C,False,,False,possible
BM-SPECIES-000603,청줄청소놀래기,Labroides dimidiatus,fish,25,C,False,,False,possible
BM-SPECIES-000604,사랑놀래기,Bodianus oxycephalus,fish,25,C,False,,False,possible
BM-SPECIES-000605,사당놀래기,Bodianus bilunulatus,fish,25,C,False,,False,possible
BM-SPECIES-000606,얼룩사당놀래기,Bodianus diana,fish,25,C,False,,False,possible
BM-SPECIES-000607,혹돔,Bodianus reticulatus,fish,25,C,False,,False,possible
BM-SPECIES-000608,장미옥두놀래기,Iniistius verrens,fish,25,C,False,,False,possible
BM-SPECIES-000609,옥두놀래기,Iniistius dea,fish,25,C,False,,False,possible
BM-SPECIES-000610,실용치,Cirrhilabrus temminckii,fish,25,C,False,,False,possible
BM-SPECIES-000611,은하수놀래기,Macropharyngodon negrosensis,fish,25,C,False,,False,possible
BM-SPECIES-000612,파라다이스놀래기,Pseudojuloides paradiseus,fish,25,C,False,,False,possible
BM-SPECIES-000613,비늘돔,Calotomus japonicus,fish,25,C,False,,False,possible
BM-SPECIES-000614,용치놀래기,Leptojulis poecilepterus,fish,25,C,False,,False,possible
BM-SPECIES-000615,비늘통구멍,Uranoscopus tosae,fish,25,C,False,,False,possible
BM-SPECIES-000616,통구멩이,Uranoscopus bicinctus,fish,25,C,False,,False,possible
BM-SPECIES-000617,얼룩통구멍,Uranoscopus japonicus,fish,25,C,False,,False,possible
BM-SPECIES-000618,민통구멍,Uranoscopus oligolepis,fish,25,C,False,,False,possible
BM-SPECIES-000619,푸렁통구멍,Xenocephalus elongatus,fish,25,C,False,,False,possible
BM-SPECIES-000620,큰무늬통구멍,Ichthyscopus pollicaris,fish,25,C,False,,False,possible
BM-SPECIES-000621,철갑둥어,Monocentris japonica,fish,25,C,False,,False,possible
BM-SPECIES-000622,남방철갑둥어,Monocentris chrysadamas,fish,25,C,False,,False,possible
BM-SPECIES-000623,납작금눈돔,Gephyroberyx darwinii,fish,25,C,False,,False,possible
BM-SPECIES-000624,은줄금눈돔,Aulotrachichthys prosthemius,fish,25,C,False,,False,possible
BM-SPECIES-000625,은상어,Chimaera phantasma,fish,25,C,False,,False,possible
BM-SPECIES-000626,갈은상어,Hydrolagus mitsukurii,fish,25,C,False,,False,possible
BM-SPECIES-000627,점수구리,Rhinobatos hynnicephalus,fish,25,C,False,,False,possible
BM-SPECIES-000628,가래상어,Rhinobatos schlegelii,fish,25,C,False,,False,possible
BM-SPECIES-000629,목탁수구리,Rhina ancylostomus,fish,25,C,False,,False,possible
BM-SPECIES-000630,동수구리,Rhynchobatus australiae,fish,25,C,False,,False,possible
BM-SPECIES-000631,전자리상어,Squatina japonica,fish,25,C,False,,False,possible
BM-SPECIES-000632,범수구리,Squatina nebulosa,fish,25,C,False,,False,possible
BM-SPECIES-000633,고래상어,Rhincodon typus,fish,25,C,False,,False,possible
BM-SPECIES-000634,수염상어,Orectolobus japonicus,fish,25,C,False,,False,possible
BM-SPECIES-000635,얼룩상어,Chiloscyllium plagiosum,fish,25,C,False,,False,possible
BM-SPECIES-000636,톱상어,Pristiophorus japonicus,fish,25,C,False,,False,possible
BM-SPECIES-000637,괭이상어,Heterodontus japonicus,fish,25,C,False,,False,possible
BM-SPECIES-000638,삿징이상어,Heterodontus zebra,fish,25,C,False,,False,possible
BM-SPECIES-000639,칠성상어,Notorynchus cepedianus,fish,25,C,False,,False,possible
BM-SPECIES-000640,꼬리기름상어,Heptranchias perlo,fish,25,C,False,,False,possible
BM-SPECIES-000641,기름상어,Hexanchus griseus,fish,25,C,False,,False,possible
BM-SPECIES-000643,도랑가오리,Dipturus macrocauda,fish,25,C,False,,False,possible
BM-SPECIES-000644,살홍어,Dipturus tengu,fish,25,C,False,,False,possible
BM-SPECIES-000645,광동홍어,Dipturus kwangtungensis,fish,25,C,False,,False,possible
BM-SPECIES-000646,오동가오리,Okamejei meerdervoortii,fish,25,C,False,,False,possible
BM-SPECIES-000647,무늬홍어,Okamejei acutispina,fish,25,C,False,,False,possible
BM-SPECIES-000648,깨알홍어,Okamejei boesemani,fish,25,C,False,,False,possible
BM-SPECIES-000650,고려홍어,Hongeo koreanus,fish,25,C,False,,False,possible
BM-SPECIES-000651,바닥가오리,Bathyraja bergi,fish,25,C,False,,False,possible
BM-SPECIES-000652,금가오리,Bathyraja smirnovi,fish,25,C,False,,False,possible
BM-SPECIES-000653,저자가오리,Bathyraja isotrachys,fish,25,C,False,,False,possible
BM-SPECIES-000654,돌묵상어,Cetorhinus maximus,fish,25,C,False,,False,possible
BM-SPECIES-000655,환도상어,Alopias pelagicus,fish,25,C,False,,False,possible
BM-SPECIES-000656,흰배환도상어,Alopias vulpinus,fish,25,C,False,,False,possible
BM-SPECIES-000657,큰눈환도상어,Alopias superciliosus,fish,25,C,False,,False,possible
BM-SPECIES-000658,강남상어,Pseudocarcharias kamoharai,fish,25,C,False,,False,possible
BM-SPECIES-000659,백상아리,Carcharodon carcharias,fish,25,C,False,,False,possible
BM-SPECIES-000660,청상아리,Isurus oxyrinchus,fish,25,C,False,,False,possible
BM-SPECIES-000661,악상어,Lamna ditropis,fish,25,C,False,,False,possible
BM-SPECIES-000662,귀상어,Sphyrna zygaena,fish,25,C,False,,False,possible
BM-SPECIES-000663,홍살귀상어,Sphyrna lewini,fish,25,C,False,,False,possible
BM-SPECIES-000664,아구상어,Rhizoprionodon oligolinx,fish,25,C,False,,False,possible
BM-SPECIES-000665,펜두상어,Rhizoprionodon acutus,fish,25,C,False,,False,possible
BM-SPECIES-000666,납작주둥이상어,Scoliodon laticaudus,fish,25,C,False,,False,possible
BM-SPECIES-000667,흰뺨상어,Carcharhinus tjutjot,fish,25,C,False,,False,possible
BM-SPECIES-000668,남방상어,Carcharhinus limbatus,fish,25,C,False,,False,possible
BM-SPECIES-000669,검은꼬리상어,Carcharhinus sorrah,fish,25,C,False,,False,possible
BM-SPECIES-000670,흑상어,Carcharhinus obscurus,fish,25,C,False,,False,possible
BM-SPECIES-000671,흉상어,Carcharhinus plumbeus,fish,25,C,False,,False,possible
BM-SPECIES-000672,무태상어,Carcharhinus brachyurus,fish,25,C,False,,False,possible
BM-SPECIES-000673,청새리상어,Prionace glauca,fish,25,C,False,,False,possible
BM-SPECIES-000674,별상어,Mustelus manazo,fish,25,C,False,,False,possible
BM-SPECIES-000675,개상어,Mustelus griseus,fish,25,C,False,,False,possible
BM-SPECIES-000676,까치상어,Triakis scyllium,fish,25,C,False,,False,possible
BM-SPECIES-000677,행락상어,Hemitriakis japanica,fish,25,C,False,,False,possible
BM-SPECIES-000678,복상어,Cephaloscyllium umbratile,fish,25,C,False,,False,possible
BM-SPECIES-000679,두툽상어,Scyliorhinus torazame,fish,25,C,False,,False,possible
BM-SPECIES-000680,표범상어,Proscyllium habereri,fish,25,C,False,,False,possible
BM-SPECIES-000681,뱀상어,Galeocerdo cuvier,fish,25,C,False,,False,possible
BM-SPECIES-000682,불범상어,Halaelurus buergeri,fish,25,C,False,,False,possible
BM-SPECIES-000683,목탁가오리,Platyrhina tangi,fish,25,C,False,,False,possible
BM-SPECIES-000684,전기가오리,Narke japonica,fish,25,C,False,,False,possible
BM-SPECIES-000685,모조리상어,Squalus brevirostris,fish,25,C,False,,False,possible
BM-SPECIES-000686,돔발상어,Squalus mitsukurii,fish,25,C,False,,False,possible
BM-SPECIES-000687,곱상어,Squalus suckleyi,fish,25,C,False,,False,possible
BM-SPECIES-000688,도돔발상어,Squalus japonicus,fish,25,C,False,,False,possible
BM-SPECIES-000689,잿빛잠상어,Somniosus pacificus,fish,25,C,False,,False,possible
BM-SPECIES-000690,가시줄상어,Etmopterus lucifer,fish,25,C,False,,False,possible
BM-SPECIES-000691,나비가오리,Gymnura japonica,fish,25,C,False,,False,possible
BM-SPECIES-000692,흰가오리,Urolophus aurantiacus,fish,25,C,False,,False,possible
BM-SPECIES-000693,갈색가오리,Hemitrygon sinensis,fish,25,C,False,,False,possible
BM-SPECIES-000694,이주갈색가오리,Hemitrygon izuensis,fish,25,C,False,,False,possible
BM-SPECIES-000695,노랑가오리,Hemitrygon akajei,fish,25,C,False,,False,possible
BM-SPECIES-000696,보라색가오리,Pteroplatytrygon violacea,fish,25,C,False,,False,possible
BM-SPECIES-000697,꽁지가오리,Neotrygon kuhlii,fish,25,C,False,,False,possible
BM-SPECIES-000698,흑가오리,Bathytoshia brevicaudata,fish,25,C,False,,False,possible
BM-SPECIES-000699,긴코가오리,Telatrygon acutirostra,fish,25,C,False,,False,possible
BM-SPECIES-000700,청달래가오리,Telatrygon zugei,fish,25,C,False,,False,possible
BM-SPECIES-000701,매가오리,Myliobatis tobijei,fish,25,C,False,,False,possible
BM-SPECIES-000702,긴꼬리흰가오리,Plesiobatis daviesi,fish,25,C,False,,False,possible
BM-SPECIES-000703,박쥐가오리,Aetobatus narutobiei,fish,25,C,False,,False,possible
BM-SPECIES-000704,매끈꼬리쥐가오리,Mobula thurstoni,fish,25,C,False,,False,possible
BM-SPECIES-000705,쥐가오리,Mobula mobular,fish,25,C,False,,False,possible
BM-SPECIES-000706,가시비늘상어,Echinorhinus cookei,fish,25,C,False,,False,possible
BM-SPECIES-000707,칼상어,Acipenser dabryanus,fish,25,C,False,,False,possible
BM-SPECIES-000708,철갑상어,Acipenser sinensis,fish,25,C,False,,False,possible
BM-SPECIES-000709,용상어,Acipenser mikadoi,fish,25,C,False,,False,possible
BM-SPECIES-000711,묵꾀장어,Eptatretus walkeri,fish,25,C,False,,False,possible
BM-SPECIES-000712,흰줄왜먹장어,Eptatretus wandoensis,fish,25,C,False,,False,possible
BM-SPECIES-000713,칠성장어,Lethenteron camtschaticum,fish,25,C,False,,False,possible
BM-SPECIES-000714,걸장어,Macrognathus aculeatus,fish,25,C,False,,False,possible
BM-SPECIES-000715,앨퉁이,Maurolicus japonicus,fish,25,C,False,,False,possible
BM-SPECIES-000716,긴앨퉁이,Polymetme elongata,fish,25,C,False,,False,possible
BM-SPECIES-000717,솔니앨퉁이,Sigmops gracilis,fish,25,C,False,,False,possible
BM-SPECIES-000718,갈색띠돔,Coradion altivelis,fish,25,C,False,,False,possible
BM-SPECIES-000719,세동가리돔,Roa modesta,fish,25,C,False,,False,possible
BM-SPECIES-000720,짧은입두동가리돔,Heniochus diphreutes,fish,25,C,False,,False,possible
BM-SPECIES-000721,돛대돔,Heniochus chrysostomus,fish,25,C,False,,False,possible
BM-SPECIES-000722,두동가리돔,Heniochus acuminatus,fish,25,C,False,,False,possible
BM-SPECIES-000723,나비돔,Chaetodon nippon,fish,25,C,False,,False,possible
BM-SPECIES-000724,줄나비고기,Chaetodon lineolatus,fish,25,C,False,,False,possible
BM-SPECIES-000725,황줄나비고기,Chaetodon vagabundus,fish,25,C,False,,False,possible
BM-SPECIES-000726,부전나비고기,Chaetodon adiergastos,fish,25,C,False,,False,possible
BM-SPECIES-000727,가시나비고기,Chaetodon auriga,fish,25,C,False,,False,possible
BM-SPECIES-000728,룰나비고기,Chaetodon lunula,fish,25,C,False,,False,possible
BM-SPECIES-000729,나비고기,Chaetodon auripes,fish,25,C,False,,False,possible
BM-SPECIES-000730,꼬리줄나비고기,Chaetodon wiebeli,fish,25,C,False,,False,possible
BM-SPECIES-000731,흑점나비고기,Chaetodon speculum,fish,25,C,False,,False,possible
BM-SPECIES-000732,노랑점나비고기,Chaetodon selene,fish,25,C,False,,False,possible
BM-SPECIES-000733,작은점나비고기,Chaetodon citrinellus,fish,25,C,False,,False,possible
BM-SPECIES-000734,검은등나비고기,Chaetodon melannotus,fish,25,C,False,,False,possible
BM-SPECIES-000735,노랑점주둥치,Photopectoralis bindus,fish,25,C,False,,False,possible
BM-SPECIES-000736,줄주둥치,Equulites lineolatus,fish,25,C,False,,False,possible
BM-SPECIES-000737,왜주둥치,Equulites elongatus,fish,25,C,False,,False,possible
BM-SPECIES-000738,점주둥치,Equulites rivulatus,fish,25,C,False,,False,possible
BM-SPECIES-000739,주둥치,Nuchequula nuchalis,fish,25,C,False,,False,possible
BM-SPECIES-000740,줄무늬주둥치,Aurigequula fasciata,fish,25,C,False,,False,possible
BM-SPECIES-000741,검은청줄돔,Chaetodontoplus melanosoma,fish,25,C,False,,False,possible
BM-SPECIES-000742,청줄돔,Chaetodontoplus septentrionalis,fish,25,C,False,,False,possible
BM-SPECIES-000743,옹달샘돔,Pomacanthus imperator,fish,25,C,False,,False,possible
BM-SPECIES-000744,무지개옥돔,Hoplolatilus chlupatyi,fish,25,C,False,,False,possible
BM-SPECIES-000745,노랑벤자리,Callanthias japonicus,fish,25,C,False,,False,possible
BM-SPECIES-000746,홍갈치,Cepola schlegelii,fish,25,C,False,,False,possible
BM-SPECIES-000747,남방홍갈치,Acanthocepola indica,fish,25,C,False,,False,possible
BM-SPECIES-000748,점줄홍갈치,Acanthocepola krusensternii,fish,25,C,False,,False,possible
BM-SPECIES-000749,먹점홍갈치,Acanthocepola limbata,fish,25,C,False,,False,possible
BM-SPECIES-000750,새눈치,Acanthopagrus latus,fish,25,C,False,,False,possible
BM-SPECIES-000752,청돔,Rhabdosargus sarba,fish,25,C,False,,False,possible
BM-SPECIES-000753,황돔,Dentex hypselosomus,fish,25,C,False,,False,possible
BM-SPECIES-000754,실붉돔,Argyrops bleekeri,fish,25,C,False,,False,possible
BM-SPECIES-000756,녹줄돔,Evynnis cardinalis,fish,25,C,False,,False,possible
BM-SPECIES-000757,붉돔,Evynnis tumifrons,fish,25,C,False,,False,possible
BM-SPECIES-000758,줄갈돔,Lethrinus genivittatus,fish,25,C,False,,False,possible
BM-SPECIES-000759,점갈돔,Lethrinus harak,fish,25,C,False,,False,possible
BM-SPECIES-000760,갈돔,Lethrinus nebulosus,fish,25,C,False,,False,possible
BM-SPECIES-000761,구갈돔,Lethrinus haematopterus,fish,25,C,False,,False,possible
BM-SPECIES-000762,까치돔,Gymnocranius griseus,fish,25,C,False,,False,possible
BM-SPECIES-000763,백미돔,Lobotes surinamensis,fish,25,C,False,,False,possible
BM-SPECIES-000764,군평선이,Hapalogenys analis,fish,25,C,False,,False,possible
BM-SPECIES-000765,꼽새돔,Hapalogenys sennin,fish,25,C,False,,False,possible
BM-SPECIES-000766,동갈돗돔,Hapalogenys nigripinnis,fish,25,C,False,,False,possible
BM-SPECIES-000767,눈퉁군펭선,Hapalogenys kishinouyei,fish,25,C,False,,False,possible
BM-SPECIES-000768,실퉁돔,Symphorus nematophorus,fish,25,C,False,,False,possible
BM-SPECIES-000769,꼬리돔,Etelis carbunculus,fish,25,C,False,,False,possible
BM-SPECIES-000770,진홍퉁돔,Lutjanus malabaricus,fish,25,C,False,,False,possible
BM-SPECIES-000771,동갈퉁돔,Lutjanus vitta,fish,25,C,False,,False,possible
BM-SPECIES-000772,붉은퉁돔,Lutjanus argentimaculatus,fish,25,C,False,,False,possible
BM-SPECIES-000773,육선점퉁돔,Lutjanus fulviflamma,fish,25,C,False,,False,possible
BM-SPECIES-000774,오선퉁돔,Lutjanus quinquelineatus,fish,25,C,False,,False,possible
BM-SPECIES-000775,점퉁돔,Lutjanus russellii,fish,25,C,False,,False,possible
BM-SPECIES-000776,무늬퉁돔,Lutjanus monostigma,fish,25,C,False,,False,possible
BM-SPECIES-000777,물퉁돔,Lutjanus rivulatus,fish,25,C,False,,False,possible
BM-SPECIES-000778,흰점퉁돔,Lutjanus stellatus,fish,25,C,False,,False,possible
BM-SPECIES-000779,점줄퉁돔,Lutjanus ophuysenii,fish,25,C,False,,False,possible
BM-SPECIES-000780,조니퉁돔,Lutjanus johnii,fish,25,C,False,,False,possible
BM-SPECIES-000781,노랑퉁돔,Lutjanus xanthopinnis,fish,25,C,False,,False,possible
BM-SPECIES-000782,자붉돔,Pristipomoides sieboldii,fish,25,C,False,,False,possible
BM-SPECIES-000783,세줄가는돔,Pterocaesio trilineata,fish,25,C,False,,False,possible
BM-SPECIES-000784,황등어,Paracaesio xanthurus,fish,25,C,False,,False,possible
BM-SPECIES-000785,녹색퉁돔,Aprion virescens,fish,25,C,False,,False,possible
BM-SPECIES-000786,납작돔,Scatophagus argus,fish,25,C,False,,False,possible
BM-SPECIES-000787,깃대돔,Zanclus cornutus,fish,25,C,False,,False,possible
BM-SPECIES-000788,비늘게레치,Gerres japonicus,fish,25,C,False,,False,possible
BM-SPECIES-000789,게레치,Gerres oyena,fish,25,C,False,,False,possible
BM-SPECIES-000790,청황돔,Diagramma pictum,fish,25,C,False,,False,possible
BM-SPECIES-000791,하스돔,Pomadasys argenteus,fish,25,C,False,,False,possible
BM-SPECIES-000792,벤자리,Parapristipoma trilineatum,fish,25,C,False,,False,possible
BM-SPECIES-000793,어름돔,Plectorhinchus cinctus,fish,25,C,False,,False,possible
BM-SPECIES-000794,추사어름돔,Plectorhinchus vittatus,fish,25,C,False,,False,possible
BM-SPECIES-000795,뿔돔,Cookeolus japonicus,fish,25,C,False,,False,possible
BM-SPECIES-000796,홍옥치,Priacanthus hamrur,fish,25,C,False,,False,possible
BM-SPECIES-000797,홍치,Priacanthus macracanthus,fish,25,C,False,,False,possible
BM-SPECIES-000798,큰눈홍치,Heteropriacanthus carolinus,fish,25,C,False,,False,possible
BM-SPECIES-000799,둥글돔,Pristigenys niphonia,fish,25,C,False,,False,possible
BM-SPECIES-000801,관독가시치,Siganus canaliculatus,fish,25,C,False,,False,possible
BM-SPECIES-000802,두줄독가시치,Siganus virgatus,fish,25,C,False,,False,possible
BM-SPECIES-000803,선홍치,Erythrocles schlegelii,fish,25,C,False,,False,possible
BM-SPECIES-000804,양초선홍치,Emmelichthys struhsakeri,fish,25,C,False,,False,possible
BM-SPECIES-000805,초승제비활치,Platax boersii,fish,25,C,False,,False,possible
BM-SPECIES-000806,남방제비활치,Platax orbicularis,fish,25,C,False,,False,possible
BM-SPECIES-000807,제비활치,Platax pinnatus,fish,25,C,False,,False,possible
BM-SPECIES-000808,깃털제비활치,Platax teira,fish,25,C,False,,False,possible
BM-SPECIES-000809,양쥐돔,Acanthurus nigricauda,fish,25,C,False,,False,possible
BM-SPECIES-000810,노랑꼬리쥐돔,Acanthurus dussumieri,fish,25,C,False,,False,possible
BM-SPECIES-000811,노랑무늬양쥐돔,Acanthurus xanthopterus,fish,25,C,False,,False,possible
BM-SPECIES-000812,쥐돔,Prionurus scalprum,fish,25,C,False,,False,possible
BM-SPECIES-000813,남방표문쥐치,Naso hexacanthus,fish,25,C,False,,False,possible
BM-SPECIES-000814,큰코표문쥐치,Naso vlamingii,fish,25,C,False,,False,possible
BM-SPECIES-000815,큰뿔표문쥐치,Naso brevirostris,fish,25,C,False,,False,possible
BM-SPECIES-000816,제주표문쥐치,Naso lituratus,fish,25,C,False,,False,possible
BM-SPECIES-000817,표문쥐치,Naso unicornis,fish,25,C,False,,False,possible
BM-SPECIES-000819,별보리멸,Sillago aeolus,fish,25,C,False,,False,possible
BM-SPECIES-000820,북방점보리멸,Sillago sinica,fish,25,C,False,,False,possible
BM-SPECIES-000821,점보리멸,Sillago parvisquamis,fish,25,C,False,,False,possible
BM-SPECIES-000822,청보리멸,Sillago japonica,fish,25,C,False,,False,possible
BM-SPECIES-000823,등흑점옥두어,Branchiostegus argentatus,fish,25,C,False,,False,possible
BM-SPECIES-000824,옥두어,Branchiostegus albus,fish,25,C,False,,False,possible
BM-SPECIES-000826,황옥돔,Branchiostegus auratus,fish,25,C,False,,False,possible
BM-SPECIES-000827,병치돔,Antigonia capros,fish,25,C,False,,False,possible
BM-SPECIES-000828,노랑줄돔,Pentapodus nagasakiensis,fish,25,C,False,,False,possible
BM-SPECIES-000829,네동가리,Parascolopsis inermis,fish,25,C,False,,False,possible
BM-SPECIES-000830,긴실꼬리돔,Nemipterus bathybius,fish,25,C,False,,False,possible
BM-SPECIES-000831,실꼬리돔,Nemipterus virgatus,fish,25,C,False,,False,possible
BM-SPECIES-000832,황줄실꼬리돔,Nemipterus japonicus,fish,25,C,False,,False,possible
BM-SPECIES-000833,흑조기,Atrobucca nibe,fish,25,C,False,,False,possible
BM-SPECIES-000834,황강달이,Collichthys lucidus,fish,25,C,False,,False,possible
BM-SPECIES-000835,눈강달이,Collichthys niveatus,fish,25,C,False,,False,possible
BM-SPECIES-000836,민태,Johnius grypotus,fish,25,C,False,,False,possible
BM-SPECIES-000837,수조기,Nibea albiflora,fish,25,C,False,,False,possible
BM-SPECIES-000838,동갈민어,Nibea mitsukurii,fish,25,C,False,,False,possible
BM-SPECIES-000839,보구치,Pennahia argentata,fish,25,C,False,,False,possible
BM-SPECIES-000842,부세,Larimichthys crocea,fish,25,C,False,,False,possible
BM-SPECIES-000843,꼬마민어,Protonibea diacanthus,fish,25,C,False,,False,possible
BM-SPECIES-000844,점성어,Sciaenops ocellatus,fish,25,C,False,,False,possible
BM-SPECIES-000845,꼬리치,Ateleopus japonicus,fish,25,C,False,,False,possible
BM-SPECIES-000846,히메치,Hime japonica,fish,25,C,False,,False,possible
BM-SPECIES-000847,긴촉수매퉁이,Bathypterois guentheri,fish,25,C,False,,False,possible
BM-SPECIES-000848,남방점화살치,Lestrolepis intermedia,fish,25,C,False,,False,possible
BM-SPECIES-000849,점화살치,Lestrolepis japonica,fish,25,C,False,,False,possible
BM-SPECIES-000850,화살치,Lestidium prolixum,fish,25,C,False,,False,possible
BM-SPECIES-000851,물천구,Harpadon nehereus,fish,25,C,False,,False,possible
BM-SPECIES-000852,날매퉁이,Saurida elongata,fish,25,C,False,,False,possible
BM-SPECIES-000853,매퉁이,Saurida macrolepis,fish,25,C,False,,False,possible
BM-SPECIES-000854,툼빌매퉁이,Saurida wanieso,fish,25,C,False,,False,possible
BM-SPECIES-000855,잔비늘매퉁이,Saurida eso,fish,25,C,False,,False,possible
BM-SPECIES-000856,수다꽃동멸,Synodus macrops,fish,25,C,False,,False,possible
BM-SPECIES-000857,꽃동멸,Synodus variegatus,fish,25,C,False,,False,possible
BM-SPECIES-000858,모래꽃동멸,Synodus fuscus,fish,25,C,False,,False,possible
BM-SPECIES-000859,주홍꽃동멸,Synodus hoshinonis,fish,25,C,False,,False,possible
BM-SPECIES-000860,카이야꽃동멸,Synodus kaianus,fish,25,C,False,,False,possible
BM-SPECIES-000861,황매퉁이,Trachinocephalus trachinus,fish,25,C,False,,False,possible
BM-SPECIES-000862,첨문파랑눈매퉁이,Chlorophthalmus acutifrons,fish,25,C,False,,False,possible
BM-SPECIES-000863,파랑눈매퉁이,Chlorophthalmus albatrossis,fish,25,C,False,,False,possible
BM-SPECIES-000864,검은꼬리파랑눈매퉁이,Chlorophthalmus nigromarginatus,fish,25,C,False,,False,possible
BM-SPECIES-000865,눈방울매퉁이,Scopelarchoides danae,fish,25,C,False,,False,possible
BM-SPECIES-000866,물동갈치,Ablennes hians,fish,25,C,False,,False,possible
BM-SPECIES-000867,동갈치,Strongylura anastomella,fish,25,C,False,,False,possible
BM-SPECIES-000868,항알치,Tylosurus melanotus,fish,25,C,False,,False,possible
BM-SPECIES-000869,꽁치아재비,Tylosurus crocodilus,fish,25,C,False,,False,possible
BM-SPECIES-000870,새날치,Cypselurus poecilopterus,fish,25,C,False,,False,possible
BM-SPECIES-000871,제비날치,Cypselurus hiraii,fish,25,C,False,,False,possible
BM-SPECIES-000872,전력날치,Cheilopogon doederleinii,fish,25,C,False,,False,possible
BM-SPECIES-000873,날치,Cheilopogon agoo,fish,25,C,False,,False,possible
BM-SPECIES-000874,기점날치,Cheilopogon cyanopterus,fish,25,C,False,,False,possible
BM-SPECIES-000875,태안큰날치,Cheilopogon japonicus,fish,25,C,False,,False,possible
BM-SPECIES-000876,가는매날치,Hirundichthys oxycephalus,fish,25,C,False,,False,possible
BM-SPECIES-000877,매날치,Hirundichthys rondeletii,fish,25,C,False,,False,possible
BM-SPECIES-000878,상날치,Exocoetus volitans,fish,25,C,False,,False,possible
BM-SPECIES-000879,멘토황날치,Parexocoetus mento,fish,25,C,False,,False,possible
BM-SPECIES-000880,황날치,Parexocoetus brachypterus,fish,25,C,False,,False,possible
BM-SPECIES-000882,살공치,Hyporhamphus quoyi,fish,25,C,False,,False,possible
BM-SPECIES-000883,줄공치,Hyporhamphus intermedius,fish,25,C,False,,False,possible
BM-SPECIES-000885,검무늬학공치,Hemiramphus far,fish,25,C,False,,False,possible
BM-SPECIES-000886,날공치,Oxyporhamphus micropterus,fish,25,C,False,,False,possible
BM-SPECIES-000887,금눈돔,Beryx decadactylus,fish,25,C,False,,False,possible
BM-SPECIES-000888,도화돔,Ostichthys japonicus,fish,25,C,False,,False,possible
BM-SPECIES-000889,흰줄도화돔,Ostichthys kaianus,fish,25,C,False,,False,possible
BM-SPECIES-000890,얼게돔,Sargocentron spinosissimum,fish,25,C,False,,False,possible
BM-SPECIES-000891,비늘적투어,Myripristis botche,fish,25,C,False,,False,possible
BM-SPECIES-000892,적투어,Myripristis murdjan,fish,25,C,False,,False,possible
BM-SPECIES-000893,무늬얼게돔,Neoniphon sammara,fish,25,C,False,,False,possible
BM-SPECIES-000894,가고시마샛멸,Argentina kagoshimae,fish,25,C,False,,False,possible
BM-SPECIES-000895,샛멸,Glossanodon semifasciatus,fish,25,C,False,,False,possible
BM-SPECIES-000896,검은뺨샛멸,Lipolagus ochotensis,fish,25,C,False,,False,possible
BM-SPECIES-000897,여을멸,Albula argentea,fish,25,C,False,,False,possible
BM-SPECIES-000898,황줄뺨여을멸,Albula koreana,fish,25,C,False,,False,possible
BM-SPECIES-000899,남방여을멸,Albula glossodonta,fish,25,C,False,,False,possible
BM-SPECIES-000901,갈창갯장어,Muraenesox bagio,fish,25,C,False,,False,possible
BM-SPECIES-000902,물붕장어,Oxyconger leptognathus,fish,25,C,False,,False,possible
BM-SPECIES-000903,오리주둥이장어,Nettenchelys gephyra,fish,25,C,False,,False,possible
BM-SPECIES-000904,줄오리주둥이장어,Saurenchelys stylura,fish,25,C,False,,False,possible
BM-SPECIES-000905,납작오리주둥이장어,Saurenchelys lateromaculata,fish,25,C,False,,False,possible
BM-SPECIES-000906,긴꼬리장어,Dysomma anguillare,fish,25,C,False,,False,possible
BM-SPECIES-000907,테붕장어,Bathycongrus retrotinctus,fish,25,C,False,,False,possible
BM-SPECIES-000909,은붕장어,Gnathophis heterognathos,fish,25,C,False,,False,possible
BM-SPECIES-000910,검은꼬리붕장어,Rhynchoconger ectenurus,fish,25,C,False,,False,possible
BM-SPECIES-000911,애붕장어,Uroconger lepturus,fish,25,C,False,,False,possible
BM-SPECIES-000912,꾀붕장어,Ariosoma anago,fish,25,C,False,,False,possible
BM-SPECIES-000913,눈테붕장어,Ariosoma meeki,fish,25,C,False,,False,possible
BM-SPECIES-000914,먹붕장어,Ariosoma anagoides,fish,25,C,False,,False,possible
BM-SPECIES-000915,큰흰붕장어,Ariosoma majus,fish,25,C,False,,False,possible
BM-SPECIES-000916,흰붕장어,Ariosoma shiroanago,fish,25,C,False,,False,possible
BM-SPECIES-000917,자바다뱀장어,Brachysomophis porphyreus,fish,25,C,False,,False,possible
BM-SPECIES-000918,갯바다뱀장어,Muraenichthys gymnopterus,fish,25,C,False,,False,possible
BM-SPECIES-000919,날붕장어,Echelus uropterus,fish,25,C,False,,False,possible
BM-SPECIES-000920,돌기바다뱀장어,Pisodonophis cancrivorus,fish,25,C,False,,False,possible
BM-SPECIES-000921,바다뱀장어,Ophisurus macrorhynchos,fish,25,C,False,,False,possible
BM-SPECIES-000922,제주바다뱀장어,Ophichthus asakusae,fish,25,C,False,,False,possible
BM-SPECIES-000923,갈바다뱀장어,Ophichthus urolophus,fish,25,C,False,,False,possible
BM-SPECIES-000924,까치바다뱀장어,Ophichthus lithinus,fish,25,C,False,,False,possible
BM-SPECIES-000925,상주바다뱀장어,Ophichthus sangjuensis,fish,25,C,False,,False,possible
BM-SPECIES-000926,돛바다뱀장어,Ophichthus altipennis,fish,25,C,False,,False,possible
BM-SPECIES-000927,물방울바다뱀장어,Ophichthus erabo,fish,25,C,False,,False,possible
BM-SPECIES-000928,둥근바다뱀장어,Ophichthus rotundus,fish,25,C,False,,False,possible
BM-SPECIES-000929,동해바다뱀장어,Scolecenchelys aoki,fish,25,C,False,,False,possible
BM-SPECIES-000930,가는바다뱀장어,Scolecenchelys fuscogularis,fish,25,C,False,,False,possible
BM-SPECIES-000931,나망곰치,Gymnothorax minor,fish,25,C,False,,False,possible
BM-SPECIES-000932,백설곰치,Gymnothorax prionodon,fish,25,C,False,,False,possible
BM-SPECIES-000933,가지굴,Gymnothorax albimarginatus,fish,25,C,False,,False,possible
BM-SPECIES-000934,검은점곰치,Gymnothorax isingteena,fish,25,C,False,,False,possible
BM-SPECIES-000936,그물눈곰치,Gymnothorax pseudothyrsoideus,fish,25,C,False,,False,possible
BM-SPECIES-000937,별꽃곰치,Echidna nebulosa,fish,25,C,False,,False,possible
BM-SPECIES-000938,알락곰치,Enchelycore pardalis,fish,25,C,False,,False,possible
BM-SPECIES-000939,서망곰치,Strophidon dorsalis,fish,25,C,False,,False,possible
BM-SPECIES-000940,가는곰치,Strophidon sathete,fish,25,C,False,,False,possible
BM-SPECIES-000941,네눈가는곰치,Strophidon tetraporus,fish,25,C,False,,False,possible
BM-SPECIES-000942,무태장어,Anguilla marmorata,fish,25,C,False,,False,possible
BM-SPECIES-000943,뱀장어,Anguilla japonica,fish,25,C,False,,False,possible
BM-SPECIES-000944,국수뱅어,Salanx ariakensis,fish,25,C,False,,False,possible
BM-SPECIES-000945,벚꽃뱅어,Salanx prognathus,fish,25,C,False,,False,possible
BM-SPECIES-000946,뱅어,Salangichthys microdon,fish,25,C,False,,False,possible
BM-SPECIES-000947,실뱅어,Neosalanx hubbsi,fish,25,C,False,,False,possible
BM-SPECIES-000948,도화뱅어,Neosalanx anderssoni,fish,25,C,False,,False,possible
BM-SPECIES-000949,젓뱅어,Neosalanx jordani,fish,25,C,False,,False,possible
BM-SPECIES-000950,붕퉁뱅어,Protosalanx chinensis,fish,25,C,False,,False,possible
BM-SPECIES-000951,열빙어,Mallotus villosus,fish,25,C,False,,False,possible
BM-SPECIES-000952,바다빙어,Osmerus mordax,fish,25,C,False,,False,possible
BM-SPECIES-000953,날빙어,Hypomesus japonicus,fish,25,C,False,,False,possible
BM-SPECIES-000954,빙어,Hypomesus nipponensis,fish,25,C,False,,False,possible
BM-SPECIES-000955,은어,Plecoglossus altivelis,fish,25,C,False,,False,possible
BM-SPECIES-000956,백조어,Chanodichthys erythropterus,fish,25,C,False,,False,possible
BM-SPECIES-000957,대황어,Pseudaspius brandtii,fish,25,C,False,,False,possible
BM-SPECIES-000959,유령실고기,Solenostomus cyanopterus,fish,25,C,False,,False,possible
BM-SPECIES-000960,민양태,Draculo mirabilis,fish,25,C,False,,False,possible
BM-SPECIES-000961,춤양태,Repomucenus huguenini,fish,25,C,False,,False,possible
BM-SPECIES-000962,참주걱양태,Repomucenus sagitta,fish,25,C,False,,False,possible
BM-SPECIES-000963,망토돛양태,Repomucenus virgis,fish,25,C,False,,False,possible
BM-SPECIES-000964,꽃돛양태,Repomucenus ornatipinnis,fish,25,C,False,,False,possible
BM-SPECIES-000965,강주걱양태,Repomucenus olidus,fish,25,C,False,,False,possible
BM-SPECIES-000966,연지알롱양태,Neosynchiropus ijimai,fish,25,C,False,,False,possible
BM-SPECIES-000967,알롱양태,Neosynchiropus morrisoni,fish,25,C,False,,False,possible
BM-SPECIES-000968,네점알롱양태,Neosynchiropus ocellatus,fish,25,C,False,,False,possible
BM-SPECIES-000969,남방돛양태,Bathycallionymus kaianus,fish,25,C,False,,False,possible
BM-SPECIES-000970,돛양태,Callionymus lunatus,fish,25,C,False,,False,possible
BM-SPECIES-000971,참돛양태,Callionymus koreanus,fish,25,C,False,,False,possible
BM-SPECIES-000972,동갈양태,Callionymus curvicornis,fish,25,C,False,,False,possible
BM-SPECIES-000973,흰점양태,Callionymus leucopoecilus,fish,25,C,False,,False,possible
BM-SPECIES-000974,꽁지양태,Callionymus japonicus,fish,25,C,False,,False,possible
BM-SPECIES-000975,날돛양태,Callionymus beniteguri,fish,25,C,False,,False,possible
BM-SPECIES-000976,실양태,Callionymus valenciennei,fish,25,C,False,,False,possible
BM-SPECIES-000977,도화양태,Synchiropus altivelis,fish,25,C,False,,False,possible
BM-SPECIES-000978,주름돛양태,Diplogrammus xenicus,fish,25,C,False,,False,possible
BM-SPECIES-000979,대주둥치,Macroramphosus sagifue,fish,25,C,False,,False,possible
BM-SPECIES-000980,쭉지성대,Dactyloptena orientalis,fish,25,C,False,,False,possible
BM-SPECIES-000981,별쭉지성대,Dactyloptena peterseni,fish,25,C,False,,False,possible
BM-SPECIES-000982,실고기,Syngnathus schlegeli,fish,25,C,False,,False,possible
BM-SPECIES-000983,별실고기,Halicampus punctatus,fish,25,C,False,,False,possible
BM-SPECIES-000984,띠거물가시치,Halicampus boothae,fish,25,C,False,,False,possible
BM-SPECIES-000985,부채꼬리실고기,Doryrhamphus japonicus,fish,25,C,False,,False,possible
BM-SPECIES-000986,산호해마,Hippocampus mohnikei,fish,25,C,False,,False,possible
BM-SPECIES-000987,해마,Hippocampus haema,fish,25,C,False,,False,possible
BM-SPECIES-000988,가시해마,Hippocampus histrix,fish,25,C,False,,False,possible
BM-SPECIES-000989,복해마,Hippocampus kuda,fish,25,C,False,,False,possible
BM-SPECIES-000990,점해마,Hippocampus trimaculatus,fish,25,C,False,,False,possible
BM-SPECIES-000991,흰점실고기,Hippichthys penicillus,fish,25,C,False,,False,possible
BM-SPECIES-000992,줄무늬실고기,Hippichthys spicifer,fish,25,C,False,,False,possible
BM-SPECIES-000993,풀해마,Urocampus nanus,fish,25,C,False,,False,possible
BM-SPECIES-000994,등흰점실고기,Festucalex erythraeus,fish,25,C,False,,False,possible
BM-SPECIES-000995,거물가시치,Trachyrhamphus serratus,fish,25,C,False,,False,possible
BM-SPECIES-000996,짧은꼬리실고기,Microphis brachyurus,fish,25,C,False,,False,possible
BM-SPECIES-000997,잘피실고기,Syngnathoides biaculeatus,fish,25,C,False,,False,possible
BM-SPECIES-000998,홍대치,Fistularia petimba,fish,25,C,False,,False,possible
BM-SPECIES-000999,청대치,Fistularia commersonii,fish,25,C,False,,False,possible
BM-SPECIES-001000,큰점촉수,Parupeneus pleurostigma,fish,25,C,False,,False,possible
BM-SPECIES-001001,인디안촉수,Parupeneus indicus,fish,25,C,False,,False,possible
BM-SPECIES-001002,오점촉수,Parupeneus multifasciatus,fish,25,C,False,,False,possible
BM-SPECIES-001003,금줄촉수,Parupeneus ciliatus,fish,25,C,False,,False,possible
BM-SPECIES-001004,점촉수,Parupeneus heptacantha,fish,25,C,False,,False,possible
BM-SPECIES-001005,두줄촉수,Parupeneus spilurus,fish,25,C,False,,False,possible
BM-SPECIES-001006,주황촉수,Parupeneus chrysopleuron,fish,25,C,False,,False,possible
BM-SPECIES-001007,노랑촉수,Upeneus japonicus,fish,25,C,False,,False,possible
BM-SPECIES-001008,검은줄촉수,Upeneus tragula,fish,25,C,False,,False,possible
BM-SPECIES-001009,노랑줄촉수,Upeneus moluccensis,fish,25,C,False,,False,possible
BM-SPECIES-001010,먹줄촉수,Upeneus sulphureus,fish,25,C,False,,False,possible
BM-SPECIES-001011,줄무늬꼬리촉수,Upeneus subvittatus,fish,25,C,False,,False,possible
BM-SPECIES-001013,바다동자개,Arius maculatus,fish,25,C,False,,False,possible
BM-SPECIES-001014,방패바다동자개,Plicofollis nella,fish,25,C,False,,False,possible
BM-SPECIES-001015,발광멸,Aldrovandia affinis,fish,25,C,False,,False,possible
BM-SPECIES-001016,그물메기,Neobythites sivicola,fish,25,C,False,,False,possible
BM-SPECIES-001017,제주바다메기,Ophidion asiro,fish,25,C,False,,False,possible
BM-SPECIES-001018,붉은메기,Hoplobrotula armata,fish,25,C,False,,False,possible
BM-SPECIES-001019,동갈메기,Sirembo imberbis,fish,25,C,False,,False,possible
BM-SPECIES-001020,수염첨치,Brotula multibarbata,fish,25,C,False,,False,possible
BM-SPECIES-001021,물멸,Chirocentrus dorab,fish,25,C,False,,False,possible
BM-SPECIES-001023,풀반댕이,Thryssa adelae,fish,25,C,False,,False,possible
BM-SPECIES-001024,청멸,Thryssa kammalensis,fish,25,C,False,,False,possible
BM-SPECIES-001025,풀반지,Thryssa hamiltonii,fish,25,C,False,,False,possible
BM-SPECIES-001026,반지,Setipinna tenuifilis,fish,25,C,False,,False,possible
BM-SPECIES-001027,싱어,Coilia mystus,fish,25,C,False,,False,possible
BM-SPECIES-001028,웅어,Coilia nasus,fish,25,C,False,,False,possible
BM-SPECIES-001031,눈퉁멸,Etrumeus micropus,fish,25,C,False,,False,possible
BM-SPECIES-001032,조선전어,Clupanodon thrissa,fish,25,C,False,,False,possible
BM-SPECIES-001033,대전어,Nematalosa japonica,fish,25,C,False,,False,possible
BM-SPECIES-001034,바리밴댕이,Sardinella lemuru,fish,25,C,False,,False,possible
BM-SPECIES-001035,밴댕이,Sardinella zunasi,fish,25,C,False,,False,possible
BM-SPECIES-001036,이와치,Sardinella jussieu,fish,25,C,False,,False,possible
BM-SPECIES-001038,납작전어,Tenualosa reevesii,fish,25,C,False,,False,possible
BM-SPECIES-001039,샛줄멸,Spratelloides gracilis,fish,25,C,False,,False,possible
BM-SPECIES-001041,돌대구,Physiculus japonicus,fish,25,C,False,,False,possible
BM-SPECIES-001042,놀락민태,Lotella phycis,fish,25,C,False,,False,possible
BM-SPECIES-001043,민수염대구,Gadella jordani,fish,25,C,False,,False,possible
BM-SPECIES-001044,짧은수염대구,Guttigadus nana,fish,25,C,False,,False,possible
BM-SPECIES-001045,큰눈긴가시민태,Coryphaenoides marginatus,fish,25,C,False,,False,possible
BM-SPECIES-001046,작은눈긴가시민태,Coryphaenoides microps,fish,25,C,False,,False,possible
BM-SPECIES-001047,무줄비늘치,Coelorinchus longissimus,fish,25,C,False,,False,possible
BM-SPECIES-001048,긴팔꼬리민태,Coelorinchus macrochir,fish,25,C,False,,False,possible
BM-SPECIES-001049,타이완꼬리민태,Coelorinchus formosanus,fish,25,C,False,,False,possible
BM-SPECIES-001050,줄비늘치,Coelorinchus multispinulosus,fish,25,C,False,,False,possible
BM-SPECIES-001051,꼬리민태,Coelorinchus japonicus,fish,25,C,False,,False,possible
BM-SPECIES-001052,꺼끌머리민태,Ventrifossa garmani,fish,25,C,False,,False,possible
BM-SPECIES-001053,대서양날개멸,Bregmaceros atlanticus,fish,25,C,False,,False,possible
BM-SPECIES-001054,날개멸,Bregmaceros japonicus,fish,25,C,False,,False,possible
BM-SPECIES-001055,태평양날개멸,Bregmaceros nectabanus,fish,25,C,False,,False,possible
BM-SPECIES-001058,빨간대구,Eleginus gracilis,fish,25,C,False,,False,possible
BM-SPECIES-001059,수염대구,Gaidropsarus pacificus,fish,25,C,False,,False,possible
BM-SPECIES-001060,나방줄고기,Eurypegasus draconis,fish,25,C,False,,False,possible
BM-SPECIES-001061,갯농어,Chanos chanos,fish,25,C,False,,False,possible
BM-SPECIES-001062,압치,Gonorynchus abbreviatus,fish,25,C,False,,False,possible
BM-SPECIES-001063,미올비늘치,Neoscopelus microchir,fish,25,C,False,,False,possible
BM-SPECIES-001064,샛비늘치,Myctophum nitidulum,fish,25,C,False,,False,possible
BM-SPECIES-001065,얼비늘치,Dasyscopelus asper,fish,25,C,False,,False,possible
BM-SPECIES-001066,동방샛비늘치,Dasyscopelus orientalis,fish,25,C,False,,False,possible
BM-SPECIES-001067,갈마니샛비늘치,Diaphus garmani,fish,25,C,False,,False,possible
BM-SPECIES-001068,금코샛비늘치,Diaphus chrysorhynchus,fish,25,C,False,,False,possible
BM-SPECIES-001069,가는샛비늘치,Diaphus suborbitalis,fish,25,C,False,,False,possible
BM-SPECIES-001070,귤코샛비늘치,Diaphus watasei,fish,25,C,False,,False,possible
BM-SPECIES-001071,등점샛비늘치,Notoscopelus japonicus,fish,25,C,False,,False,possible
BM-SPECIES-001072,깃비늘치,Benthosema pterotum,fish,25,C,False,,False,possible
BM-SPECIES-001073,북태평양샛비늘치,Lampanyctus fernae,fish,25,C,False,,False,possible
BM-SPECIES-001074,날개샛비늘치,Lampanyctus alatus,fish,25,C,False,,False,possible
BM-SPECIES-001075,홍점샛비늘치,Symbolophorus rufinus,fish,25,C,False,,False,possible
BM-SPECIES-001076,당멸치,Elops hawaiensis,fish,25,C,False,,False,possible
BM-SPECIES-001077,풀잉어,Megalops cyprinoides,fish,25,C,False,,False,possible
BM-SPECIES-001078,송곳횟대,Taurocottus bergii,fish,25,C,False,,False,possible
BM-SPECIES-001079,꼬마횟대,Cottiusculus gonez,fish,25,C,False,,False,possible
BM-SPECIES-001080,점줄횟대,Cottiusculus nihonkaiensis,fish,25,C,False,,False,possible
BM-SPECIES-001081,물수배기,Psychrolutes paradoxus,fish,25,C,False,,False,possible
BM-SPECIES-001082,민무늬물수배기,Psychrolutes pustulosus,fish,25,C,False,,False,possible
BM-SPECIES-001083,띠좀횟대,Pseudoblennius zonostigma,fish,25,C,False,,False,possible
BM-SPECIES-001084,가시망둑,Pseudoblennius cottoides,fish,25,C,False,,False,possible
BM-SPECIES-001085,돌망둑이,Pseudoblennius marmoratus,fish,25,C,False,,False,possible
BM-SPECIES-001086,돌팍망둑,Pseudoblennius percoides,fish,25,C,False,,False,possible
BM-SPECIES-001087,무늬줄가시횟대,Icelus stenosomus,fish,25,C,False,,False,possible
BM-SPECIES-001088,줄가시횟대,Icelus cataphractus,fish,25,C,False,,False,possible
BM-SPECIES-001089,흑점줄가시횟대,Icelus ochotensis,fish,25,C,False,,False,possible
BM-SPECIES-001090,민줄가시횟대,Icelus rastrinoides,fish,25,C,False,,False,possible
BM-SPECIES-001091,알롱횟대,Furcina ishikawae,fish,25,C,False,,False,possible
BM-SPECIES-001092,무늬횟대,Furcina osimae,fish,25,C,False,,False,possible
BM-SPECIES-001093,뿔횟대,Enophrys diceraus,fish,25,C,False,,False,possible
BM-SPECIES-001094,엄지횟대,Artediellus fuscimentus,fish,25,C,False,,False,possible
BM-SPECIES-001095,털수배기,Eurymen gyrinus,fish,25,C,False,,False,possible
BM-SPECIES-001096,빨간횟대,Alcichthys elongatus,fish,25,C,False,,False,possible
BM-SPECIES-001097,창치,Vellitor centropomus,fish,25,C,False,,False,possible
BM-SPECIES-001098,상어횟대,Ricuzenius pinetorum,fish,25,C,False,,False,possible
BM-SPECIES-001099,주먹물수배기,Malacocottus gibber,fish,25,C,False,,False,possible
BM-SPECIES-001100,얼룩수배기,Malacocottus zonurus,fish,25,C,False,,False,possible
BM-SPECIES-001101,두줄비늘횟대,Icelinus japonicus,fish,25,C,False,,False,possible
BM-SPECIES-001102,고무꺽정이,Dasycottus setiger,fish,25,C,False,,False,possible
BM-SPECIES-001103,가시횟대,Gymnocanthus intermedius,fish,25,C,False,,False,possible
BM-SPECIES-001104,대구횟대,Gymnocanthus herzensteini,fish,25,C,False,,False,possible
BM-SPECIES-001105,밑횟대,Gymnocanthus pistilliger,fish,25,C,False,,False,possible
BM-SPECIES-001106,고려실횟대,Porocottus leptosomus,fish,25,C,False,,False,possible
BM-SPECIES-001107,실횟대,Porocottus allisi,fish,25,C,False,,False,possible
BM-SPECIES-001108,베로치,Bero elegans,fish,25,C,False,,False,possible
BM-SPECIES-001109,올꺽정이,Myoxocephalus jaok,fish,25,C,False,,False,possible
BM-SPECIES-001110,살꺽정이,Myoxocephalus polyacanthocephalus,fish,25,C,False,,False,possible
BM-SPECIES-001111,개구리꺽정이,Myoxocephalus stelleri,fish,25,C,False,,False,possible
BM-SPECIES-001112,민가시꺽정이,Ocynectes modestus,fish,25,C,False,,False,possible
BM-SPECIES-001113,가시꺽정이,Ocynectes maschalis,fish,25,C,False,,False,possible
BM-SPECIES-001114,골판횟대,Triglops scepticus,fish,25,C,False,,False,possible
BM-SPECIES-001115,졸단횟대,Triglops jordani,fish,25,C,False,,False,possible
BM-SPECIES-001116,눈퉁횟대,Triglops pingelii,fish,25,C,False,,False,possible
BM-SPECIES-001117,바닥가시치,Bathymaster derjugini,fish,25,C,False,,False,possible
BM-SPECIES-001118,가시양태,Hoplichthys langsdorfii,fish,25,C,False,,False,possible
BM-SPECIES-001119,외가시양태,Hoplichthys gilberti,fish,25,C,False,,False,possible
BM-SPECIES-001120,노랑댕이,Hypoptychus dybowskii,fish,25,C,False,,False,possible
BM-SPECIES-001121,실비늘치,Aulichthys japonicus,fish,25,C,False,,False,possible
BM-SPECIES-001122,황줄베도라치,Rhodymenichthys dolichogaster,fish,25,C,False,,False,possible
BM-SPECIES-001123,베도라치,Pholis nebulosa,fish,25,C,False,,False,possible
BM-SPECIES-001124,흰베도라치,Pholis fangi,fish,25,C,False,,False,possible
BM-SPECIES-001125,오색베도라치,Pholis ornata,fish,25,C,False,,False,possible
BM-SPECIES-001126,점베도라치,Pholis crassispina,fish,25,C,False,,False,possible
BM-SPECIES-001127,줄가시치,Eulophias koreanus,fish,25,C,False,,False,possible
BM-SPECIES-001128,뚝지,Aptocyclus ventricosus,fish,25,C,False,,False,possible
BM-SPECIES-001129,도치,Eumicrotremus taranetzi,fish,25,C,False,,False,possible
BM-SPECIES-001130,긴꼬리엄지도치,Eumicrotremus jindoensis,fish,25,C,False,,False,possible
BM-SPECIES-001131,엄지도치,Eumicrotremus uenoi,fish,25,C,False,,False,possible
BM-SPECIES-001132,골린어,Eumicrotremus pacificus,fish,25,C,False,,False,possible
BM-SPECIES-001133,우릉성치,Eumicrotremus asperrimus,fish,25,C,False,,False,possible
BM-SPECIES-001134,꼬마도치,Eumicrotremus bergi,fish,25,C,False,,False,possible
BM-SPECIES-001136,별성대,Satyrichthys rieffeli,fish,25,C,False,,False,possible
BM-SPECIES-001137,기점별성대,Satyrichthys welchi,fish,25,C,False,,False,possible
BM-SPECIES-001138,밑달갱이,Lepidotrigla abyssalis,fish,25,C,False,,False,possible
BM-SPECIES-001139,고지달재,Lepidotrigla kanagashira,fish,25,C,False,,False,possible
BM-SPECIES-001140,가시달강어,Lepidotrigla japonica,fish,25,C,False,,False,possible
BM-SPECIES-001141,쌍뿔달재,Lepidotrigla alata,fish,25,C,False,,False,possible
BM-SPECIES-001142,달강어,Lepidotrigla microptera,fish,25,C,False,,False,possible
BM-SPECIES-001143,꼬마달재,Lepidotrigla guentheri,fish,25,C,False,,False,possible
BM-SPECIES-001144,히메성대,Lepidotrigla hime,fish,25,C,False,,False,possible
BM-SPECIES-001145,긴머리달재,Lepidotrigla longifaciata,fish,25,C,False,,False,possible
BM-SPECIES-001146,뿔성대,Lepidotrigla smithii,fish,25,C,False,,False,possible
BM-SPECIES-001147,긴뿔밑성대,Pterygotrigla multiocellata,fish,25,C,False,,False,possible
BM-SPECIES-001148,밑성대,Pterygotrigla hemisticta,fish,25,C,False,,False,possible
BM-SPECIES-001149,황성대,Peristedion orientale,fish,25,C,False,,False,possible
BM-SPECIES-001150,남방황성대,Peristedion liorhynchus,fish,25,C,False,,False,possible
BM-SPECIES-001151,퉁쏠치,Erosa erosa,fish,25,C,False,,False,possible
BM-SPECIES-001152,풀미역치,Erisphex pottii,fish,25,C,False,,False,possible
BM-SPECIES-001154,일지말락쏠치,Minous monodactylus,fish,25,C,False,,False,possible
BM-SPECIES-001155,말락쏠치,Minous pusillus,fish,25,C,False,,False,possible
BM-SPECIES-001156,제주쏠치,Minous quincarinatus,fish,25,C,False,,False,possible
BM-SPECIES-001158,큰미역치,Snyderina yamanokami,fish,25,C,False,,False,possible
BM-SPECIES-001159,돛치,Cocotropus masudai,fish,25,C,False,,False,possible
BM-SPECIES-001160,벌감펭,Apistus carinatus,fish,25,C,False,,False,possible
BM-SPECIES-001162,단기임연수어,Pleurogrammus monopterygius,fish,25,C,False,,False,possible
BM-SPECIES-001163,줄노래미,Hexagrammos octogrammus,fish,25,C,False,,False,possible
BM-SPECIES-001167,꺽정이,Trachidermus fasciatus,fish,25,C,False,,False,possible
BM-SPECIES-001168,송곳니베도라치,Bryozoichthys lysimus,fish,25,C,False,,False,possible
BM-SPECIES-001169,괴도라치,Chirolophis japonicus,fish,25,C,False,,False,possible
BM-SPECIES-001170,작은괴도라치,Chirolophis saitonis,fish,25,C,False,,False,possible
BM-SPECIES-001171,왜도라치,Chirolophis wui,fish,25,C,False,,False,possible
BM-SPECIES-001172,꽃송이괴도라치,Chirolophis snyderi,fish,25,C,False,,False,possible
BM-SPECIES-001173,가는벼슬베도라치,Alectrias alectrolophus,fish,25,C,False,,False,possible
BM-SPECIES-001174,벼슬베도라치,Alectrias benjamini,fish,25,C,False,,False,possible
BM-SPECIES-001175,세줄베도라치,Ernogrammus hexagrammus,fish,25,C,False,,False,possible
BM-SPECIES-001176,일곱줄베도라치,Ernogrammus zhirmunskii,fish,25,C,False,,False,possible
BM-SPECIES-001177,큰줄베도라치,Stichaeopsis epallax,fish,25,C,False,,False,possible
BM-SPECIES-001178,큰눈장갱이,Dinogunellus nozawae,fish,25,C,False,,False,possible
BM-SPECIES-001179,장갱이,Dinogunellus grigorjewi,fish,25,C,False,,False,possible
BM-SPECIES-001180,귀신장갱이,Cryptacanthodes bergi,fish,25,C,False,,False,possible
BM-SPECIES-001181,문자갈치,Davidijordania poecilimon,fish,25,C,False,,False,possible
BM-SPECIES-001182,자갈치,Gymnelopsis brashnikovi,fish,25,C,False,,False,possible
BM-SPECIES-001183,칠성갈치,Petroschmidtia toyamensis,fish,25,C,False,,False,possible
BM-SPECIES-001184,사도먹갈치,Petroschmidtia teraoi,fish,25,C,False,,False,possible
BM-SPECIES-001185,벌레문치,Lycodes tanakae,fish,25,C,False,,False,possible
BM-SPECIES-001186,북갈치,Lycodes pectoralis,fish,25,C,False,,False,possible
BM-SPECIES-001187,굴곡무늬치,Lycodes sigmatoides,fish,25,C,False,,False,possible
BM-SPECIES-001188,먹갈치,Lycodes nakamurae,fish,25,C,False,,False,possible
BM-SPECIES-001189,무늬가시치,Lycodes japonicus,fish,25,C,False,,False,possible
BM-SPECIES-001190,청자갈치,Bothrocara hollandi,fish,25,C,False,,False,possible
BM-SPECIES-001191,무점등가시치,Zoarces elongatus,fish,25,C,False,,False,possible
BM-SPECIES-001192,등가시치,Zoarces gillii,fish,25,C,False,,False,possible
BM-SPECIES-001193,얼룩가시치,Neozoarces pulcher,fish,25,C,False,,False,possible
BM-SPECIES-001194,민베도라치,Zoarchias major,fish,25,C,False,,False,possible
BM-SPECIES-001195,우베도라치,Zoarchias uchidai,fish,25,C,False,,False,possible
BM-SPECIES-001196,큰은대구,Erilepis zonifer,fish,25,C,False,,False,possible
BM-SPECIES-001197,꼬리점눈퉁이,Bembrops caudimacula,fish,25,C,False,,False,possible
BM-SPECIES-001198,줄굽은눈퉁이,Bembrops curvatura,fish,25,C,False,,False,possible
BM-SPECIES-001199,무늬바리,Plectropomus leopardus,fish,25,C,False,,False,possible
BM-SPECIES-001200,홍바리,Epinephelus fasciatus,fish,25,C,False,,False,possible
BM-SPECIES-001201,마라바리,Epinephelus radiatus,fish,25,C,False,,False,possible
BM-SPECIES-001202,도도바리,Epinephelus awoara,fish,25,C,False,,False,possible
BM-SPECIES-001203,대문바리,Epinephelus areolatus,fish,25,C,False,,False,possible
BM-SPECIES-001205,붉바리,Epinephelus akaara,fish,25,C,False,,False,possible
BM-SPECIES-001206,종대우럭,Epinephelus latifasciatus,fish,25,C,False,,False,possible
BM-SPECIES-001207,알락우럭,Epinephelus quoyanus,fish,25,C,False,,False,possible
BM-SPECIES-001208,볼줄바리,Epinephelus heniochus,fish,25,C,False,,False,possible
BM-SPECIES-001209,점줄우럭,Epinephelus epistictus,fish,25,C,False,,False,possible
BM-SPECIES-001210,닻줄바리,Epinephelus poecilonotus,fish,25,C,False,,False,possible
BM-SPECIES-001211,대왕바리,Epinephelus lanceolatus,fish,25,C,False,,False,possible
BM-SPECIES-001212,구실우럭,Epinephelus japonicus,fish,25,C,False,,False,possible
BM-SPECIES-001213,별우럭,Epinephelus trimaculatus,fish,25,C,False,,False,possible
BM-SPECIES-001214,날바리,Triso dermopterus,fish,25,C,False,,False,possible
BM-SPECIES-001216,금강바리,Pseudanthias squamipinnis,fish,25,C,False,,False,possible
BM-SPECIES-001217,장미돔,Pseudanthias elongatus,fish,25,C,False,,False,possible
BM-SPECIES-001218,우각바리,Zalanthias azumanus,fish,25,C,False,,False,possible
BM-SPECIES-001219,붉벤자리,Caprodon schlegelii,fish,25,C,False,,False,possible
BM-SPECIES-001220,꽃자리,Caprodon longimanus,fish,25,C,False,,False,possible
BM-SPECIES-001221,꽃돔,Sacura margaritacea,fish,25,C,False,,False,possible
BM-SPECIES-001222,연붉돔,Sayonara japonica,fish,25,C,False,,False,possible
BM-SPECIES-001223,가시우럭,Liopropoma japonicum,fish,25,C,False,,False,possible
BM-SPECIES-001224,단줄우럭,Liopropoma latifasciatum,fish,25,C,False,,False,possible
BM-SPECIES-001225,황줄바리,Aulacocephalus temminckii,fish,25,C,False,,False,possible
BM-SPECIES-001226,두줄벤자리,Diploprion bifasciatus,fish,25,C,False,,False,possible
BM-SPECIES-001228,큰눈등가시치,Anisarchus macrops,fish,25,C,False,,False,possible
BM-SPECIES-001229,가시베도라치,Lumpenella longirostris,fish,25,C,False,,False,possible
BM-SPECIES-001230,등점꼬마베도라치,Lumpenopsis pavlenkoi,fish,25,C,False,,False,possible
BM-SPECIES-001231,장어베도라치,Lumpenus sagitta,fish,25,C,False,,False,possible
BM-SPECIES-001232,둥근점육점날개,Opisthocentrus tenuis,fish,25,C,False,,False,possible
BM-SPECIES-001233,육점날개,Opisthocentrus zonope,fish,25,C,False,,False,possible
BM-SPECIES-001234,참육점날개,Opisthocentrus ocellatus,fish,25,C,False,,False,possible
BM-SPECIES-001235,얼룩괴도라치,Askoldia variegata,fish,25,C,False,,False,possible
BM-SPECIES-001236,황점베도라치,Dictyosoma rubrimaculatum,fish,25,C,False,,False,possible
BM-SPECIES-001237,민그물베도라치,Dictyosoma tongyeongensis,fish,25,C,False,,False,possible
BM-SPECIES-001238,그물베도라치,Dictyosoma temminckii,fish,25,C,False,,False,possible
BM-SPECIES-001239,가시미끈우럭,Pseudogramma polyacantha,fish,25,C,False,,False,possible
BM-SPECIES-001240,별각시돔,Chelidoperca pleurospilus,fish,25,C,False,,False,possible
BM-SPECIES-001241,각시돔,Chelidoperca hirundinacea,fish,25,C,False,,False,possible
BM-SPECIES-001242,빨간양태,Bembras japonica,fish,25,C,False,,False,possible
BM-SPECIES-001243,눈양태,Parabembras curta,fish,25,C,False,,False,possible
BM-SPECIES-001244,에보시감펭,Ebosia bleekeri,fish,25,C,False,,False,possible
BM-SPECIES-001245,홍감펭,Helicolenus hilgendorfii,fish,25,C,False,,False,possible
BM-SPECIES-001246,점쏠배감펭,Pterois volitans,fish,25,C,False,,False,possible
BM-SPECIES-001247,쏠배감펭,Pterois lunulata,fish,25,C,False,,False,possible
BM-SPECIES-001248,주홍감펭,Scorpaenodes evides,fish,25,C,False,,False,possible
BM-SPECIES-001249,놀락감펭,Scorpaenopsis diabolus,fish,25,C,False,,False,possible
BM-SPECIES-001250,쏠치우럭,Scorpaenopsis neglecta,fish,25,C,False,,False,possible
BM-SPECIES-001251,쑥감펭,Scorpaenopsis cirrosa,fish,25,C,False,,False,possible
BM-SPECIES-001252,청회볼락,Sebastes glaucus,fish,25,C,False,,False,possible
BM-SPECIES-001253,탁자볼락,Sebastes taczanowskii,fish,25,C,False,,False,possible
BM-SPECIES-001254,좀볼락,Sebastes minor,fish,25,C,False,,False,possible
BM-SPECIES-016329,우레기,Coregonus ussuriensis,fish,25,C,False,,False,possible
BM-SPECIES-016330,자치,Hucho ishikawae,fish,25,C,False,,False,possible
BM-SPECIES-016331,곤들매기,Salvelinus malma,fish,25,C,False,,False,possible
BM-SPECIES-016333,사루기,Thymallus yaluensis,fish,25,C,False,,False,possible
BM-SPECIES-016334,블루길,Lepomis macrochirus,fish,25,C,False,,False,possible
BM-SPECIES-016335,배스,Micropterus salmoides,fish,25,C,False,,False,possible
BM-SPECIES-016336,꺽저기,Coreoperca kawamebari,fish,25,C,False,,False,possible
BM-SPECIES-016337,꺽지,Coreoperca herzi,fish,25,C,False,,False,possible
BM-SPECIES-016338,쏘가리,Siniperca scherzeri,fish,25,C,False,,False,possible
BM-SPECIES-016339,좀구굴치,Micropercops swinhonis,fish,25,C,False,,False,possible
BM-SPECIES-016340,동사리,Odontobutis platycephala,fish,25,C,False,,False,possible
BM-SPECIES-016341,얼록동사리,Odontobutis interrupta,fish,25,C,False,,False,possible
BM-SPECIES-016342,남방동사리,Odontobutis obscurus,fish,25,C,False,,False,possible
BM-SPECIES-016343,밀어,Rhinogobius brunneus,fish,25,C,False,,False,possible
BM-SPECIES-016344,줄밀어,Rhinogobius nagoyae,fish,25,C,False,,False,possible
BM-SPECIES-016345,파랑밀어,Rhinogobius mizunoi,fish,25,C,False,,False,possible
BM-SPECIES-016346,버들붕어,Macropodus ocellatus,fish,25,C,False,,False,possible
BM-SPECIES-016347,가물치,Channa argus,fish,25,C,False,,False,possible
BM-SPECIES-016348,나일틸라피아,Oreochromis niloticus,fish,25,C,False,,False,possible
BM-SPECIES-016349,다묵장어,Lethenteron reissneri,fish,25,C,False,,False,possible
BM-SPECIES-016350,칠성말배꼽,Eudontomyzon morii,fish,25,C,False,,False,possible
BM-SPECIES-016351,드렁허리,Monopterus albus,fish,25,C,False,,False,possible
BM-SPECIES-016352,대륙송사리,Oryzias sinensis,fish,25,C,False,,False,possible
BM-SPECIES-016353,송사리,Oryzias latipes,fish,25,C,False,,False,possible
BM-SPECIES-016354,강준치,Erythroculter erythropterus,fish,25,C,False,,False,possible
BM-SPECIES-016355,붕어,Carassius auratus,fish,25,C,False,,False,possible
BM-SPECIES-016356,떡붕어,Carassius cuvieri,fish,25,C,False,,False,possible
BM-SPECIES-016357,잉어,Cyprinus carpio,fish,25,C,False,,False,possible
BM-SPECIES-016358,좀수수치,Kichulchoia brevifasciata,fish,25,C,False,,False,possible
BM-SPECIES-016359,미꾸리,Misgurnus anguillicaudatus,fish,25,C,False,,False,possible
BM-SPECIES-016360,미꾸라지,Misgurnus mizolepis,fish,25,C,False,,False,possible
BM-SPECIES-016361,수수미꾸리,Cobitis multifasciata,fish,25,C,False,,False,possible
BM-SPECIES-016362,점줄종개,Cobitis nalbanti,fish,25,C,False,,False,possible
BM-SPECIES-016363,줄종개,Cobitis tetralineata,fish,25,C,False,,False,possible
BM-SPECIES-016364,기름종개,Cobitis hankugensis,fish,25,C,False,,False,possible
BM-SPECIES-016365,아무르점줄종개,Cobitis lutheri,fish,25,C,False,,False,possible
BM-SPECIES-016366,북방종개,Cobitis pacifica,fish,25,C,False,,False,possible
BM-SPECIES-016367,미호종개,Cobitis choii,fish,25,C,False,,False,possible
BM-SPECIES-016368,동방종개,Iksookimia yongdokensis,fish,25,C,False,,False,possible
BM-SPECIES-016369,왕종개,Iksookimia longicorpa,fish,25,C,False,,False,possible
BM-SPECIES-016370,참종개,Iksookimia koreensis,fish,25,C,False,,False,possible
BM-SPECIES-016371,남방종개,Iksookimia hugowolfeldi,fish,25,C,False,,False,possible
BM-SPECIES-016372,부안종개,Iksookimia pumila,fish,25,C,False,,False,possible
BM-SPECIES-016373,얼룩새코미꾸리,Koreocobitis naktongensis,fish,25,C,False,,False,possible
BM-SPECIES-016374,새코미꾸리,Koreocobitis rotundicaudata,fish,25,C,False,,False,possible
BM-SPECIES-016375,쌀미꾸리,Lefua costata,fish,25,C,False,,False,possible
BM-SPECIES-016376,대륙종개,Barbatula nuda,fish,25,C,False,,False,possible
BM-SPECIES-016377,종개,Barbatula toni,fish,25,C,False,,False,possible
BM-SPECIES-016378,조치,Pseudolaubuca jouyi,fish,25,C,False,,False,possible
BM-SPECIES-016379,초어,Ctenopharyngodon idella,fish,25,C,False,,False,possible
BM-SPECIES-016380,백련어,Hypophthalmichthys molitrix,fish,25,C,False,,False,possible
BM-SPECIES-016381,대두어,Hypophthalmichthys nobilis,fish,25,C,False,,False,possible
BM-SPECIES-016382,살치,Hemiculter leucisculus,fish,25,C,False,,False,possible
BM-SPECIES-016383,치리,Hemiculter eigenmanni,fish,25,C,False,,False,possible
BM-SPECIES-016384,청백치,Ochetobius elongatus,fish,25,C,False,,False,possible
BM-SPECIES-016385,왜몰개,Aphyocypris chinensis,fish,25,C,False,,False,possible
BM-SPECIES-016386,참갈겨니,Nipponocypris koreanus,fish,25,C,False,,False,possible
BM-SPECIES-016387,갈겨니,Nipponocypris temminckii,fish,25,C,False,,False,possible
BM-SPECIES-016389,눈불개,Squaliobarbus curriculus,fish,25,C,False,,False,possible
BM-SPECIES-016390,피라미,Zacco platypus,fish,25,C,False,,False,possible
BM-SPECIES-016391,연준모치,Phoxinus phoxinus,fish,25,C,False,,False,possible
BM-SPECIES-016392,야레,Leuciscus waleckii,fish,25,C,False,,False,possible
BM-SPECIES-016393,동버들개,Rhynchocypris percnurus,fish,25,C,False,,False,possible
BM-SPECIES-016394,버들치,Rhynchocypris oxycephalus,fish,25,C,False,,False,possible
BM-SPECIES-016395,버들개,Rhynchocypris steindachneri,fish,25,C,False,,False,possible
BM-SPECIES-016396,버들가지,Rhynchocypris semotilus,fish,25,C,False,,False,possible
BM-SPECIES-016397,덕유모치,Rhynchocypris deogyuensis,fish,25,C,False,,False,possible
BM-SPECIES-016398,금강모치,Rhynchocypris keumkang,fish,25,C,False,,False,possible
BM-SPECIES-016399,칼납자루,Tanakia koreensis,fish,25,C,False,,False,possible
BM-SPECIES-016400,묵납자루,Tanakia signifer,fish,25,C,False,,False,possible
BM-SPECIES-016401,납자루,Tanakia lanceolatus,fish,25,C,False,,False,possible
BM-SPECIES-016402,낙동납자루,Tanakia latimarginata,fish,25,C,False,,False,possible
BM-SPECIES-016403,임실납자루,Tanakia somjinensis,fish,25,C,False,,False,possible
BM-SPECIES-016404,큰줄납자루,Acheilognathus majusculus,fish,25,C,False,,False,possible
BM-SPECIES-016405,큰납지리,Acheilognathus macropterus,fish,25,C,False,,False,possible
BM-SPECIES-016406,줄납자루,Acheilognathus yamatsutae,fish,25,C,False,,False,possible
BM-SPECIES-016407,납지리,Acheilognathus rhombeus,fish,25,C,False,,False,possible
BM-SPECIES-016408,가시납지리,Acheilognathus chankaensis,fish,25,C,False,,False,possible
BM-SPECIES-016410,떡납줄갱이,Rhodeus notatus,fish,25,C,False,,False,possible
BM-SPECIES-016411,납줄개,Rhodeus sericeus,fish,25,C,False,,False,possible
BM-SPECIES-016412,각시붕어,Rhodeus uyekii,fish,25,C,False,,False,possible
BM-SPECIES-016413,한강납줄개,Rhodeus pseudosericeus,fish,25,C,False,,False,possible
BM-SPECIES-016414,서호납줄갱이,Rhodeus hondae,fish,25,C,False,,False,possible
BM-SPECIES-016415,흰줄납줄개,Rhodeus ocellatus,fish,25,C,False,,False,possible
BM-SPECIES-016416,줄몰개,Gnathopogon strigatus,fish,25,C,False,,False,possible
BM-SPECIES-016417,쉬리,Coreoleuciscus splendidus,fish,25,C,False,,False,possible
BM-SPECIES-016418,참쉬리,Coreoleuciscus aeruginos,fish,25,C,False,,False,possible
BM-SPECIES-016419,버들매치,Abbottina rivularis,fish,25,C,False,,False,possible
BM-SPECIES-016420,중고기,Sarcocheilichthys nigripinnis,fish,25,C,False,,False,possible
BM-SPECIES-016421,북방중고기,Sarcocheilichthys sciistius,fish,25,C,False,,False,possible
BM-SPECIES-016422,참중고기,Sarcocheilichthys variegatus,fish,25,C,False,,False,possible
BM-SPECIES-016423,어름치,Hemibarbus mylodon,fish,25,C,False,,False,possible
BM-SPECIES-016424,누치,Hemibarbus labeo,fish,25,C,False,,False,possible
BM-SPECIES-016425,참마자,Hemibarbus longirostris,fish,25,C,False,,False,possible
BM-SPECIES-016426,모래무지,Pseudogobio esocinus,fish,25,C,False,,False,possible
BM-SPECIES-016427,돌상어,Gobiobotia brevibarba,fish,25,C,False,,False,possible
BM-SPECIES-016428,꾸구리,Gobiobotia macrocephala,fish,25,C,False,,False,possible
BM-SPECIES-016429,흰수마자,Gobiobotia nakdongensis,fish,25,C,False,,False,possible
BM-SPECIES-016430,모샘치,Gobio cynocephalus,fish,25,C,False,,False,possible
BM-SPECIES-016431,새미,Ladislavia taczanowskii,fish,25,C,False,,False,possible
BM-SPECIES-016432,두만강자그사니,Mesogobio tumenensis,fish,25,C,False,,False,possible
BM-SPECIES-016433,압록자그사니,Mesogobio lachneri,fish,25,C,False,,False,possible
BM-SPECIES-016434,두우쟁이,Saurogobio dabryi,fish,25,C,False,,False,possible
BM-SPECIES-016435,점몰개,Squalidus multimaculatus,fish,25,C,False,,False,possible
BM-SPECIES-016439,케톱치,Coreius heterodon,fish,25,C,False,,False,possible
BM-SPECIES-016440,됭경모치,Microphysogobio jeoni,fish,25,C,False,,False,possible
BM-SPECIES-016441,배가사리,Microphysogobio longidorsalis,fish,25,C,False,,False,possible
BM-SPECIES-016442,모래주사,Microphysogobio koreensis,fish,25,C,False,,False,possible
BM-SPECIES-016443,여울마자,Microphysogobio rapidus,fish,25,C,False,,False,possible
BM-SPECIES-016444,돌마자,Microphysogobio yaluensis,fish,25,C,False,,False,possible
BM-SPECIES-016445,왜매치,Microphysogobio springeri,fish,25,C,False,,False,possible
BM-SPECIES-016446,감돌고기,Pseudopungtungia nigra,fish,25,C,False,,False,possible
BM-SPECIES-016447,가는돌고기,Pseudopungtungia tenuicorpus,fish,25,C,False,,False,possible
BM-SPECIES-016448,참붕어,Pseudorasbora parva,fish,25,C,False,,False,possible
BM-SPECIES-016449,돌고기,Pungtungia herzi,fish,25,C,False,,False,possible
BM-SPECIES-016450,자가사리,Liobagrus mediadiposalis,fish,25,C,False,,False,possible
BM-SPECIES-016451,섬진자가사리,Liobagrus somjinensis,fish,25,C,False,,False,possible
BM-SPECIES-016452,퉁가리,Liobagrus andersoni,fish,25,C,False,,False,possible
BM-SPECIES-016453,퉁사리,Liobagrus obesus,fish,25,C,False,,False,possible
BM-SPECIES-016454,동방자가사리,Liobagrus hyeongsanensis,fish,25,C,False,,False,possible
BM-SPECIES-016455,금강자가사리,Liobagrus geumgangensis,fish,25,C,False,,False,possible
BM-SPECIES-016456,밀자개,Tachysurus nitidus,fish,25,C,False,,False,possible
BM-SPECIES-016457,꼬치동자개,Tachysurus brevicorpus,fish,25,C,False,,False,possible
BM-SPECIES-016458,눈동자개,Tachysurus koreanus,fish,25,C,False,,False,possible
BM-SPECIES-016459,동자개,Tachysurus sinensis,fish,25,C,False,,False,possible
BM-SPECIES-016460,종어,Rhinobagrus dumerili,fish,25,C,False,,False,possible
BM-SPECIES-016461,대농갱이,Rhinobagrus ussuriensis,fish,25,C,False,,False,possible
BM-SPECIES-016462,찬넬동자개,Ictalurus punctatus,fish,25,C,False,,False,possible
BM-SPECIES-016463,메기,Silurus asotus,fish,25,C,False,,False,possible
BM-SPECIES-016464,미유기,Silurus microdorsalis,fish,25,C,False,,False,possible
BM-SPECIES-016465,모오캐,Lota lota,fish,25,C,False,,False,possible
BM-SPECIES-016466,두만가시고기,Pungitius tymensis,fish,25,C,False,,False,possible
BM-SPECIES-016467,가시고기,Pungitius sinensis,fish,25,C,False,,False,possible
BM-SPECIES-016468,잔가시고기,Pungitius kaibarae,fish,25,C,False,,False,possible
BM-SPECIES-016469,청가시고기,Pungitius pungitius,fish,25,C,False,,False,possible
BM-SPECIES-016470,큰가시고기,Gasterosteus aculeatus,fish,25,C,False,,False,possible
BM-SPECIES-016471,참둑중개,Cottus czerskii,fish,25,C,False,,False,possible
BM-SPECIES-016472,한둑중개,Cottus hangiongensis,fish,25,C,False,,False,possible
BM-SPECIES-016473,둑중개,Cottus koreanus,fish,25,C,False,,False,possible
BM-SPECIES-002768,꼬마오징어,Idiosepius paradoxus,cephalopod,22,C,False,,False,possible
BM-SPECIES-002769,꼬마꼴뚜기,Loliolus sumatrensis,cephalopod,22,C,False,,False,possible
BM-SPECIES-002770,반원니꼴뚜기,Loliolus japonica,cephalopod,22,C,False,,False,possible
BM-SPECIES-003070,참꼴뚜기,Loliolus beka,cephalopod,22,C,False,,False,possible
BM-SPECIES-003076,좀귀오징어,Lusepiola birostrata,cephalopod,22,C,False,,False,possible
BM-SPECIES-003077,귀오징어,Euprymna morsei,cephalopod,22,C,False,,False,possible
BM-SPECIES-003078,주머니귀오징어,Rossia pacifica,cephalopod,22,C,False,,False,possible
BM-SPECIES-003079,투구귀오징어,Sepiolina nipponensis,cephalopod,22,C,False,,False,possible
BM-SPECIES-003080,바늘갑오징어,Decorisepia madokai,cephalopod,22,C,False,,False,possible
BM-SPECIES-003081,꽃갑오징어,Ascarosepion tullbergi,cephalopod,22,C,False,,False,possible
BM-SPECIES-003082,애기갑오징어,Doratosepion kobiense,cephalopod,22,C,False,,False,possible
BM-SPECIES-003083,넓은붉갑오징어,Doratosepion tokioense,cephalopod,22,C,False,,False,possible
BM-SPECIES-003084,거미다리갑오징어,Doratosepion tenuipes,cephalopod,22,C,False,,False,possible
BM-SPECIES-003085,긴다리갑오징어,Doratosepion longipes,cephalopod,22,C,False,,False,possible
BM-SPECIES-003086,표범갑오징어,Doratosepion pardex,cephalopod,22,C,False,,False,possible
BM-SPECIES-003087,갈색갑오징어,Doratosepion andreana,cephalopod,22,C,False,,False,possible
BM-SPECIES-003088,납작갑오징어,Doratosepion peterseni,cephalopod,22,C,False,,False,possible
BM-SPECIES-003089,참갑오징어,Acanthosepion esculentum,cephalopod,22,C,False,,False,possible
BM-SPECIES-003090,입술무늬갑오징어,Acanthosepion lycidas,cephalopod,22,C,False,,False,possible
BM-SPECIES-003091,짧은꼬리갑오징어,Sepia furcata,cephalopod,22,C,False,,False,possible
BM-SPECIES-003092,꼬마갑오징어,Sepia appelloefi,cephalopod,22,C,False,,False,possible
BM-SPECIES-003093,쇠갑오징어,Sepiella japonica,cephalopod,22,C,False,,False,possible
BM-SPECIES-003094,흰꼴뚜기,Sepioteuthis lessoniana,cephalopod,22,C,False,,False,possible
BM-SPECIES-003095,한치꼴뚜기,Uroteuthis chinensis,cephalopod,22,C,False,,False,possible
BM-SPECIES-003096,창꼴뚜기,Uroteuthis edulis,cephalopod,22,C,False,,False,possible
BM-SPECIES-003097,화살꼴뚜기,Heterololigo bleekeri,cephalopod,22,C,False,,False,possible
BM-SPECIES-003098,붉은흰반점문어,Pinnoctopus macropus,cephalopod,22,C,False,,False,possible
BM-SPECIES-003099,파란선문어,Hapalochlaena fasciata,cephalopod,22,C,False,,False,possible
BM-SPECIES-003100,흰반점문어,Callistoctopus luteus,cephalopod,22,C,False,,False,possible
BM-SPECIES-003101,붉은흰반점문어,Callistoctopus macropus,cephalopod,22,C,False,,False,possible
BM-SPECIES-003102,발문어,Octopus longispadiceus,cephalopod,22,C,False,,False,possible
BM-SPECIES-003103,엔도문어,Octopus yendoi,cephalopod,22,C,False,,False,possible
BM-SPECIES-003104,참문어,Octopus vulgaris,cephalopod,22,C,False,,False,possible
BM-SPECIES-003105,눈큰낙지,Octopus hongkongensis,cephalopod,22,C,False,,False,possible
BM-SPECIES-003108,모래주꾸미,Amphioctopus aegina,cephalopod,22,C,False,,False,possible
BM-SPECIES-003109,집낙지,Argonauta hians,cephalopod,22,C,False,,False,possible
BM-SPECIES-003110,조개낙지,Argonauta argo,cephalopod,22,C,False,,False,possible
BM-SPECIES-003112,갈색망토보라문어,Tremoctopus violaceus,cephalopod,22,C,False,,False,possible
BM-SPECIES-003113,보라문어,Tremoctopus gracilis,cephalopod,22,C,False,,False,possible
BM-SPECIES-003114,지느러미오징어,Thysanoteuthis rhombus,cephalopod,22,C,False,,False,possible
BM-SPECIES-003115,남방살오징어,Sthenoteuthis oualaniensis,cephalopod,22,C,False,,False,possible
BM-SPECIES-003116,빨강오징어,Ommastrephes bartramii,cephalopod,22,C,False,,False,possible
BM-SPECIES-003118,손톱오징어,Onykia lonnbergii,cephalopod,22,C,False,,False,possible
BM-SPECIES-003119,왕손톱오징어,Onykia robusta,cephalopod,22,C,False,,False,possible
BM-SPECIES-003120,긴팔오징어,Chiroteuthis picteti,cephalopod,22,C,False,,False,possible
BM-SPECIES-003121,반딧불매오징어,Enoploteuthis chunii,cephalopod,22,C,False,,False,possible
BM-SPECIES-003122,매오징어,Watasenia scintillans,cephalopod,22,C,False,,False,possible
BM-SPECIES-003123,악어가죽주머니오징어,Cranchia scabra,cephalopod,22,C,False,,False,possible
BM-SPECIES-003124,갈고리흰오징어,Berryteuthis magister,cephalopod,22,C,False,,False,possible
BM-SPECIES-003125,북태평양갈고리흰오징어,Gonatopsis japonicus,cephalopod,22,C,False,,False,possible
BM-SPECIES-003126,팔완향오징어,Gonatopsis makko,cephalopod,22,C,False,,False,possible
BM-SPECIES-003994,극동곤쟁이,Promysis orientalis,crustacean,20,C,False,,False,possible
BM-SPECIES-003995,네마디안다리곤쟁이,Acanthomysis stelleri,crustacean,20,C,False,,False,possible
BM-SPECIES-003996,네잔가시곤쟁이,Acanthomysis quadrispinosa,crustacean,20,C,False,,False,possible
BM-SPECIES-003997,여덟가시옛곤쟁이,Archaeomysis japonica,crustacean,20,C,False,,False,possible
BM-SPECIES-003998,보통옛곤쟁이,Archaeomysis vulgaris,crustacean,20,C,False,,False,possible
BM-SPECIES-003999,동북곤쟁이,Archaeomysis kokuboi,crustacean,20,C,False,,False,possible
BM-SPECIES-004000,큰곤쟁이,Archaeomysis grebnitzkii,crustacean,20,C,False,,False,possible
BM-SPECIES-004001,작은눈튼튼곤쟁이,Meterythrops microphthalmus,crustacean,20,C,False,,False,possible
BM-SPECIES-004003,톱니가시곤쟁이,Erythrops minutus,crustacean,20,C,False,,False,possible
BM-SPECIES-004004,짧은꼬리곤쟁이,Erythrops nanus,crustacean,20,C,False,,False,possible
BM-SPECIES-004005,네가시곤쟁이,Doxomysis quadrispinosa,crustacean,20,C,False,,False,possible
BM-SPECIES-004006,털곤쟁이,Orientomysis aspera,crustacean,20,C,False,,False,possible
BM-SPECIES-004007,가는꼬리동양곤쟁이,Orientomysis tenuicauda,crustacean,20,C,False,,False,possible
BM-SPECIES-004008,매끈몸통동양곤쟁이,Orientomysis aokii,crustacean,20,C,False,,False,possible
BM-SPECIES-004009,황해곤쟁이,Orientomysis hwanhaiensis,crustacean,20,C,False,,False,possible
BM-SPECIES-004010,한국곤쟁이,Orientomysis koreana,crustacean,20,C,False,,False,possible
BM-SPECIES-004011,남일본곤쟁이,Orientomysis okayamaensis,crustacean,20,C,False,,False,possible
BM-SPECIES-004012,매끈배다리동양곤쟁이,Orientomysis fujinagai,crustacean,20,C,False,,False,possible
BM-SPECIES-004013,긴꼬리돌기동양곤쟁이,Orientomysis japonica,crustacean,20,C,False,,False,possible
BM-SPECIES-004014,두가시곤쟁이,Lycomysis bispina,crustacean,20,C,False,,False,possible
BM-SPECIES-004015,한국나선곤쟁이,Siriella koreana,crustacean,20,C,False,,False,possible
BM-SPECIES-004016,인도곤쟁이,Siriella affinis,crustacean,20,C,False,,False,possible
BM-SPECIES-004017,민곤쟁이,Siriella gracilis,crustacean,20,C,False,,False,possible
BM-SPECIES-004018,짧은부리나선곤쟁이,Siriella izuensis,crustacean,20,C,False,,False,possible
BM-SPECIES-004019,부은편모나선곤쟁이,Siriella japonica,crustacean,20,C,False,,False,possible
BM-SPECIES-004020,오카다표영곤쟁이,Siriella okadai,crustacean,20,C,False,,False,possible
BM-SPECIES-004021,네가시나선곤쟁이,Siriella trispina,crustacean,20,C,False,,False,possible
BM-SPECIES-004022,톰슨나선곤쟁이,Siriella thompsonii,crustacean,20,C,False,,False,possible
BM-SPECIES-004023,예쁜반나선곤쟁이,Hemisiriella pulchra,crustacean,20,C,False,,False,possible
BM-SPECIES-004024,눈가시곤쟁이,Hypererythrops zimmeri,crustacean,20,C,False,,False,possible
BM-SPECIES-004025,긴꼬리통통곤쟁이,Mysidopsis japonica,crustacean,20,C,False,,False,possible
BM-SPECIES-004026,짝털일본곤쟁이,Nipponomysis imparis,crustacean,20,C,False,,False,possible
BM-SPECIES-004027,두가시일본곤쟁이,Nipponomysis ornata,crustacean,20,C,False,,False,possible
BM-SPECIES-004028,가는꼬리일본곤쟁이,Nipponomysis tenuiculus,crustacean,20,C,False,,False,possible
BM-SPECIES-004029,며느리발톱곤쟁이,Nipponomysis calcarata,crustacean,20,C,False,,False,possible
BM-SPECIES-004030,짧은두가시일본곤쟁이,Nipponomysis fusca,crustacean,20,C,False,,False,possible
BM-SPECIES-004031,혀모양일본곤쟁이,Nipponomysis lingvura,crustacean,20,C,False,,False,possible
BM-SPECIES-004032,가시곤쟁이,Nipponomysis neolingvura,crustacean,20,C,False,,False,possible
BM-SPECIES-004033,내해곤쟁이,Iiella kojimaensis,crustacean,20,C,False,,False,possible
BM-SPECIES-004034,연안곤쟁이,Iiella ohshimai,crustacean,20,C,False,,False,possible
BM-SPECIES-004035,외양곤쟁이,Iiella pelagica,crustacean,20,C,False,,False,possible
BM-SPECIES-004036,난해곤쟁이,Iiella formosensis,crustacean,20,C,False,,False,possible
BM-SPECIES-004037,이상이형곤쟁이,Inusitatomysis insolita,crustacean,20,C,False,,False,possible
BM-SPECIES-004038,작은흔적배다리곤쟁이,Pseudanchialina pusilla,crustacean,20,C,False,,False,possible
BM-SPECIES-004040,중국곤쟁이,Hyperacanthomysis brevirostris,crustacean,20,C,False,,False,possible
BM-SPECIES-004041,긴뿔곤쟁이,Hyperacanthomysis longirostris,crustacean,20,C,False,,False,possible
BM-SPECIES-004042,체니아프스키새곤쟁이,Neomysis czerniavskii,crustacean,20,C,False,,False,possible
BM-SPECIES-004043,까막곤쟁이,Neomysis awatschensis,crustacean,20,C,False,,False,possible
BM-SPECIES-004044,동양곤쟁이,Neomysis orientalis,crustacean,20,C,False,,False,possible
BM-SPECIES-004045,일본곤쟁이,Neomysis japonica,crustacean,20,C,False,,False,possible
BM-SPECIES-004046,빨간곤쟁이,Paracanthomysis hispida,crustacean,20,C,False,,False,possible
BM-SPECIES-004047,가시투성이곤쟁이,Disacanthomysis dybowskii,crustacean,20,C,False,,False,possible
BM-SPECIES-004048,이형곤쟁이,Hemiacanthomysis dimorpha,crustacean,20,C,False,,False,possible
BM-SPECIES-004050,두갈래꼬리곤쟁이,Parastilomysis paradoxa,crustacean,20,C,False,,False,possible
BM-SPECIES-004051,길쭉곤쟁이,Xenacanthomysis pseudomacropsis,crustacean,20,C,False,,False,possible
BM-SPECIES-004052,진주곤쟁이,Exacanthomysis marsailiae,crustacean,20,C,False,,False,possible
BM-SPECIES-004053,혹다섯돌기갯가재,Gonodactylaceus falcatus,crustacean,20,C,False,,False,possible
BM-SPECIES-004054,사니갯가재,Squilloides leptosquilla,crustacean,20,C,False,,False,possible
BM-SPECIES-004055,큰점박이갯가재,Kempella mikado,crustacean,20,C,False,,False,possible
BM-SPECIES-004056,갯가재,Oratosquilla oratoria,crustacean,20,C,False,,False,possible
BM-SPECIES-004057,작은반점갯가재,Oratosquilla fabricii,crustacean,20,C,False,,False,possible
BM-SPECIES-004058,민물갯가재,Cloridopsis scorpio,crustacean,20,C,False,,False,possible
BM-SPECIES-004059,잔무늬갯가재,Levisquilla jurichi,crustacean,20,C,False,,False,possible
BM-SPECIES-004060,민무늬갯가재,Levisquilla inermis,crustacean,20,C,False,,False,possible
BM-SPECIES-004061,잔돌기갯가재,Anchisquilla fasciata,crustacean,20,C,False,,False,possible
BM-SPECIES-004062,다섯돌기갯가재,Faughnia formosae,crustacean,20,C,False,,False,possible
BM-SPECIES-004063,세돌기갯가재,Faughnia haani,crustacean,20,C,False,,False,possible
BM-SPECIES-004064,가시꼬리갯가재,Chorisquilla orientalis,crustacean,20,C,False,,False,possible
BM-SPECIES-004065,가위갯가재,Taku spinosocarinatus,crustacean,20,C,False,,False,possible
BM-SPECIES-004066,줄무늬둥근갯가재,Acanthosquilla multifasciata,crustacean,20,C,False,,False,possible
BM-SPECIES-004067,두줄둥근갯가재,Acaenosquilla latifrons,crustacean,20,C,False,,False,possible
BM-SPECIES-004068,큰집게손긴팔옆새우,Opisa takafuminakanoi,crustacean,20,C,False,,False,possible
BM-SPECIES-004069,작은집게손긴팔옆새우,Opisa parvimana,crustacean,20,C,False,,False,possible
BM-SPECIES-004070,털손긴팔옆새우,Aroui minusetosus,crustacean,20,C,False,,False,possible
BM-SPECIES-004071,용손긴배옆새우,Leipsuropus hongi,crustacean,20,C,False,,False,possible
BM-SPECIES-004072,등뿔긴배옆새우,Podocerus hoonsooi,crustacean,20,C,False,,False,possible
BM-SPECIES-004073,가시손긴배옆새우,Podocerus ulreungensis,crustacean,20,C,False,,False,possible
BM-SPECIES-004074,닮은손옆새우,Eogammarus possjeticus,crustacean,20,C,False,,False,possible
BM-SPECIES-004075,동해아니소옆새우,Anisogammarus donghaensis,crustacean,20,C,False,,False,possible
BM-SPECIES-004077,짧은육질꼬리옆새우,Paragrandidierella minima,crustacean,20,C,False,,False,possible
BM-SPECIES-004078,세돌기큰앞손옆새우,Grandidierella fasciata,crustacean,20,C,False,,False,possible
BM-SPECIES-004079,발성육질꼬리옆새우,Grandidierella japonica,crustacean,20,C,False,,False,possible
BM-SPECIES-004080,나로도큰앞손옆새우,Grandidierella naroensis,crustacean,20,C,False,,False,possible
BM-SPECIES-004081,휜다리털큰앞손옆새우,Aoroides semicurvatus,crustacean,20,C,False,,False,possible
BM-SPECIES-004082,부푼다리털큰앞손옆새우,Aoroides ellipticus,crustacean,20,C,False,,False,possible
BM-SPECIES-004083,북태평양육질꼬리옆새우,Aoroides columbiae,crustacean,20,C,False,,False,possible
BM-SPECIES-004084,가는다리털큰앞손옆새우,Aoroides gracilicrus,crustacean,20,C,False,,False,possible
BM-SPECIES-004085,긴팔털큰앞손옆새우,Aoroides longimerus,crustacean,20,C,False,,False,possible
BM-SPECIES-004086,길쭉큰앞손옆새우,Aora pseudotypica,crustacean,20,C,False,,False,possible
BM-SPECIES-004087,가는채찍옆새우,Nanopalpus holocaudatus,crustacean,20,C,False,,False,possible
BM-SPECIES-004088,큰손가락누아눈옆새우,Nuuanu paracyclodactyla,crustacean,20,C,False,,False,possible
BM-SPECIES-004089,숨은민등옆새우,Cryptodius kelleri,crustacean,20,C,False,,False,possible
BM-SPECIES-004090,돌기민등옆새우,Gordonodius zelleri,crustacean,20,C,False,,False,possible
BM-SPECIES-004091,굳은이붙은눈옆새우,Chitonomandibulum emargicoxa,crustacean,20,C,False,,False,possible
BM-SPECIES-004092,남해붙은눈옆새우,Imbachoculodes namhaensis,crustacean,20,C,False,,False,possible
BM-SPECIES-004093,굽은뿔붙은눈옆새우,Eochelidium lenorostralum,crustacean,20,C,False,,False,possible
BM-SPECIES-004094,납작뿔붙은눈옆새우,Eochelidium carinorostrum,crustacean,20,C,False,,False,possible
BM-SPECIES-004095,황해붙은눈옆새우,Sinoediceros hwanghaensis,crustacean,20,C,False,,False,possible
BM-SPECIES-004096,한국붙은눈옆새우,Orthomanus koreanus,crustacean,20,C,False,,False,possible
BM-SPECIES-004097,가시다리붙은눈옆새우,Monoculodes dentimanus,crustacean,20,C,False,,False,possible
BM-SPECIES-004098,뾰족뿔붙은눈옆새우,Monoculodes koreanus,crustacean,20,C,False,,False,possible
BM-SPECIES-004099,무딘뿔붙은눈옆새우,Monoculodes muwoni,crustacean,20,C,False,,False,possible
BM-SPECIES-004100,세주머니붙은눈옆새우,Synchelidium trioostegitum,crustacean,20,C,False,,False,possible
BM-SPECIES-004101,둥근꼬리붙은눈옆새우,Perioculodes seohae,crustacean,20,C,False,,False,possible
BM-SPECIES-004102,한국멜리타옆새우,Elasmopus koreanus,crustacean,20,C,False,,False,possible
BM-SPECIES-004103,사마귀멜리타옆새우,Elasmopus rapax,crustacean,20,C,False,,False,possible
BM-SPECIES-004104,빗손마에라옆새우,Elasmopus pectenicrus,crustacean,20,C,False,,False,possible
BM-SPECIES-004105,태평양멜리타옆새우,Quadrimaera pacifica,crustacean,20,C,False,,False,possible
BM-SPECIES-004106,갈래손마에라옆새우,Orientomaera incisa,crustacean,20,C,False,,False,possible
BM-SPECIES-004107,짧은가시멜리타옆새우,Orientomaera brevispina,crustacean,20,C,False,,False,possible
BM-SPECIES-004108,안면멜리타옆새우,Melita anmyeonensis,crustacean,20,C,False,,False,possible
BM-SPECIES-004109,주머니멜리타옆새우,Melita bingoensis,crustacean,20,C,False,,False,possible
BM-SPECIES-004110,두발가락멜리타옆새우,Melita rylovae,crustacean,20,C,False,,False,possible
BM-SPECIES-004111,큰손멜리타옆새우,Melita setiflagella,crustacean,20,C,False,,False,possible
BM-SPECIES-004112,나도네모손멜리타옆새우,Melita nagatai,crustacean,20,C,False,,False,possible
BM-SPECIES-004113,네모손멜리타옆새우,Melita koreana,crustacean,20,C,False,,False,possible
BM-SPECIES-004114,얼룩멜리타옆새우,Melita panda,crustacean,20,C,False,,False,possible
BM-SPECIES-004116,기수멜리타옆새우,Melita aestuarina,crustacean,20,C,False,,False,possible
BM-SPECIES-004117,별난멜리타옆새우,Abludomelita japonica,crustacean,20,C,False,,False,possible
BM-SPECIES-004118,북방멜리타옆새우,Abludomelita okhotensis,crustacean,20,C,False,,False,possible
BM-SPECIES-004119,둥근손가락멜리타옆새우,Abludomelita rotundactyla,crustacean,20,C,False,,False,possible
BM-SPECIES-004120,짝손멜리타옆새우,Dulichiella appendiculata,crustacean,20,C,False,,False,possible
BM-SPECIES-004121,세돌기짝손멜리타옆새우,Dulichiella tridentata,crustacean,20,C,False,,False,possible
BM-SPECIES-004122,짧은채찍해조숨이옆새우,Apohyale punctata,crustacean,20,C,False,,False,possible
BM-SPECIES-004123,긴다리해조숨이옆새우,Ptilohyale barbicornis,crustacean,20,C,False,,False,possible
BM-SPECIES-004124,털채찍해조숨이옆새우,Ptilohyale bisaeta,crustacean,20,C,False,,False,possible
BM-SPECIES-004125,짧은다리해조숨이옆새우,Ptilohyale brevicrus,crustacean,20,C,False,,False,possible
BM-SPECIES-004127,작은머리하늘옆새우,Hyperia galba,crustacean,20,C,False,,False,possible
BM-SPECIES-004128,가시배하늘옆새우,Themisto compressa,crustacean,20,C,False,,False,possible
BM-SPECIES-004129,긴채찍하늘옆새우,Themisto japonica,crustacean,20,C,False,,False,possible
BM-SPECIES-004130,낙손하늘옆새우,Hyperoche medusarum,crustacean,20,C,False,,False,possible
BM-SPECIES-004131,큰공머리옆새우,Primno macropa,crustacean,20,C,False,,False,possible
BM-SPECIES-004132,작은공머리옆새우,Primno latreillei,crustacean,20,C,False,,False,possible
BM-SPECIES-004133,반달공머리옆새우,Phrosina semilunata,crustacean,20,C,False,,False,possible
BM-SPECIES-004134,긴다리안경옆새우,Ampelisca misakiensis,crustacean,20,C,False,,False,possible
BM-SPECIES-004135,오목손안경옆새우,Ampelisca bocki,crustacean,20,C,False,,False,possible
BM-SPECIES-004136,짧은뿔안경옆새우,Ampelisca brevicornis,crustacean,20,C,False,,False,possible
BM-SPECIES-004137,짧은다리안경옆새우,Ampelisca cyclops,crustacean,20,C,False,,False,possible
BM-SPECIES-004138,미하라안경옆새우,Ampelisca miharaensis,crustacean,20,C,False,,False,possible
BM-SPECIES-004139,더듬이안경옆새우,Ampelisca alatopedunculata,crustacean,20,C,False,,False,possible
BM-SPECIES-004140,나이카안경옆새우,Ampelisca naikaiensis,crustacean,20,C,False,,False,possible
BM-SPECIES-004141,꼬마안경옆새우,Ampelisca pygmaea,crustacean,20,C,False,,False,possible
BM-SPECIES-004142,일본비블리스안경옆새우,Byblis japonicus,crustacean,20,C,False,,False,possible
BM-SPECIES-004143,긴더듬이안경옆새우,Byblis longiflagelis,crustacean,20,C,False,,False,possible
BM-SPECIES-004144,내민손짧은꼬리옆새우,Paramphilochus parachelatus,crustacean,20,C,False,,False,possible
BM-SPECIES-004145,거제짧은꼬리옆새우,Hourstonius geojeensis,crustacean,20,C,False,,False,possible
BM-SPECIES-004146,짧은꼬리옆새우,Hourstonius koreana,crustacean,20,C,False,,False,possible
BM-SPECIES-004147,뾰족갈래손참옆새우,Ampithoe akuolaka,crustacean,20,C,False,,False,possible
BM-SPECIES-004148,닮은손참옆새우,Ampithoe waialua,crustacean,20,C,False,,False,possible
BM-SPECIES-004151,짧은손참옆새우,Ampithoe brevipalma,crustacean,20,C,False,,False,possible
BM-SPECIES-004152,둥근손참옆새우,Ampithoe youngsanensis,crustacean,20,C,False,,False,possible
BM-SPECIES-004153,큰손참옆새우,Ampithoe koreana,crustacean,20,C,False,,False,possible
BM-SPECIES-004155,갈래손참옆새우,Ampithoe ramondi,crustacean,20,C,False,,False,possible
BM-SPECIES-004156,태평양참옆새우,Ampithoe lacertosa,crustacean,20,C,False,,False,possible
BM-SPECIES-004157,긴손가락참옆새우,Sunamphitoe eoa,crustacean,20,C,False,,False,possible
BM-SPECIES-004158,구룡포참옆새우,Sunamphitoe guryongensis,crustacean,20,C,False,,False,possible
BM-SPECIES-004159,매끈참옆새우,Sunamphitoe sineplumosa,crustacean,20,C,False,,False,possible
BM-SPECIES-004160,추자도참옆새우,Sunamphitoe chujaensis,crustacean,20,C,False,,False,possible
BM-SPECIES-004161,백령도참옆새우,Sunamphitoe baegryeongensis,crustacean,20,C,False,,False,possible
BM-SPECIES-004162,동양참옆새우,Sunamphitoe orientalis,crustacean,20,C,False,,False,possible
BM-SPECIES-004163,남해참옆새우,Sunamphitoe namhaensis,crustacean,20,C,False,,False,possible
BM-SPECIES-004164,털다리참옆새우,Sunamphitoe tea,crustacean,20,C,False,,False,possible
BM-SPECIES-004165,털보참옆새우,Sunamphitoe plumosa,crustacean,20,C,False,,False,possible
BM-SPECIES-004166,납작옆새우,Pereionotus holmesi,crustacean,20,C,False,,False,possible
BM-SPECIES-004167,솟은돌기나도긴팔옆새우,Anonyx schefferi,crustacean,20,C,False,,False,possible
BM-SPECIES-004168,긴다리나도긴팔옆새우,Anonyx exilipes,crustacean,20,C,False,,False,possible
BM-SPECIES-004169,나도긴팔옆새우,Anonyx abei,crustacean,20,C,False,,False,possible
BM-SPECIES-004170,오목손나도긴팔옆새우,Anonyx gurjanovai,crustacean,20,C,False,,False,possible
BM-SPECIES-004171,큰돌기나도긴팔옆새우,Anonyx nugax,crustacean,20,C,False,,False,possible
BM-SPECIES-004173,볼록손모래무지옆새우사촌,Urothoe convexa,crustacean,20,C,False,,False,possible
BM-SPECIES-004174,짧은벗은꼬리옆새우,Latigammaropsis careocavata,crustacean,20,C,False,,False,possible
BM-SPECIES-004175,극동육질꼬리옆새우,Gammaropsis japonica,crustacean,20,C,False,,False,possible
BM-SPECIES-004176,긴팔붙은꼬리옆새우,Gammaropsis longipropodi,crustacean,20,C,False,,False,possible
BM-SPECIES-004177,큰손짧은부채찍옆새우,Podoceropsis clavapes,crustacean,20,C,False,,False,possible
BM-SPECIES-004178,작은발가락짧은부채찍옆새우,Podoceropsis pseudoclavapes,crustacean,20,C,False,,False,possible
BM-SPECIES-004179,오목손짧은부채찍옆새우,Podoceropsis insinuomanus,crustacean,20,C,False,,False,possible
BM-SPECIES-004180,가는다리벗은꼬리옆새우,Exiliphotis petila,crustacean,20,C,False,,False,possible
BM-SPECIES-004181,털손이형꼬리다리옆새우,Photis stridulus,crustacean,20,C,False,,False,possible
BM-SPECIES-004182,주머니이형꼬리다리옆새우,Photis posterolobus,crustacean,20,C,False,,False,possible
BM-SPECIES-004183,긴팔이형꼬리다리옆새우,Photis longicarpus,crustacean,20,C,False,,False,possible
BM-SPECIES-004184,돌기손이형꼬리다리옆새우,Photis bronca,crustacean,20,C,False,,False,possible
BM-SPECIES-004186,아시아긴뿔옆새우,Parametaphoxus asiaensis,crustacean,20,C,False,,False,possible
BM-SPECIES-004187,두가시긴뿔옆새우,Grandifoxus malipoensis,crustacean,20,C,False,,False,possible
BM-SPECIES-004188,네가시긴뿔옆새우,Grandifoxus cuspis,crustacean,20,C,False,,False,possible
BM-SPECIES-004189,민가시긴뿔옆새우,Grandifoxus bangpoensis,crustacean,20,C,False,,False,possible
BM-SPECIES-004190,일곱가시긴뿔옆새우,Mandibulophoxus mai,crustacean,20,C,False,,False,possible
BM-SPECIES-004191,세가시긴뿔옆새우,Mandibulophoxus hongae,crustacean,20,C,False,,False,possible
BM-SPECIES-004192,입주영리옆새우,Phronima sedentaria,crustacean,20,C,False,,False,possible
BM-SPECIES-004194,외돌기영리옆새우,Phronima solitaria,crustacean,20,C,False,,False,possible
BM-SPECIES-004195,긴몸영리옆새우,Phronimella elongata,crustacean,20,C,False,,False,possible
BM-SPECIES-004196,부푼손가락바닥옆새우,Eusirus bulbodigitus,crustacean,20,C,False,,False,possible
BM-SPECIES-004197,보통육질꼬리옆새우붙이,Jassa slatteryi,crustacean,20,C,False,,False,possible
BM-SPECIES-004198,털꼬리육질꼬리옆새우붙이,Jassa morinoi,crustacean,20,C,False,,False,possible
BM-SPECIES-004200,큰가위손육질꼬리옆새우붙이,Jassa marmorata,crustacean,20,C,False,,False,possible
BM-SPECIES-004201,가시손육질꼬리옆새우붙이,Ventojassa dentipalma,crustacean,20,C,False,,False,possible
BM-SPECIES-004202,긴목육질꼬리옆새우붙이,Cerapus longicervicum,crustacean,20,C,False,,False,possible
BM-SPECIES-004203,제집육질꼬리옆새우붙이,Cerapus longirostris,crustacean,20,C,False,,False,possible
BM-SPECIES-004204,넓은마디육질꼬리옆새우붙이,Ericthonius pugnax,crustacean,20,C,False,,False,possible
BM-SPECIES-004205,넓은팔하늘옆새우,Lestrigonus latissimus,crustacean,20,C,False,,False,possible
BM-SPECIES-004206,좁은팔하늘옆새우,Lestrigonus schizogeneios,crustacean,20,C,False,,False,possible
BM-SPECIES-004207,긴발하늘옆새우,Hyperioides longipes,crustacean,20,C,False,,False,possible
BM-SPECIES-004208,울릉칼리오페옆새우,Calliopius ulleungensis,crustacean,20,C,False,,False,possible
BM-SPECIES-004209,일본해면살이옆새우,Colomastix japonica,crustacean,20,C,False,,False,possible
BM-SPECIES-004210,가시해면살이옆새우,Colomastix prionotos,crustacean,20,C,False,,False,possible
BM-SPECIES-004212,곰보병신옆새우,Paranamixis denticulus,crustacean,20,C,False,,False,possible
BM-SPECIES-004213,짧은손가락공생옆새우,Leucothoe nagatai,crustacean,20,C,False,,False,possible
BM-SPECIES-004214,긴손가락공생옆새우,Leucothoe spinicarpa,crustacean,20,C,False,,False,possible
BM-SPECIES-004215,구름유사다리옆새우,Parascelus edwardsi,crustacean,20,C,False,,False,possible
BM-SPECIES-004216,긴발가락모래무지옆새우,Eohaustorius longidactylus,crustacean,20,C,False,,False,possible
BM-SPECIES-004217,털보모래무지옆새우,Eohaustorius setulosus,crustacean,20,C,False,,False,possible
BM-SPECIES-004218,가시발모래무지옆새우,Eohaustorius spinigerus,crustacean,20,C,False,,False,possible
BM-SPECIES-004219,긴가시모래무지옆새우,Eohaustorius stocki,crustacean,20,C,False,,False,possible
BM-SPECIES-004220,오목주둥이옆새우,Simorhynchotus antennarius,crustacean,20,C,False,,False,possible
BM-SPECIES-004221,뾰족꼬리발가락공생옆새우,Polycheria acercauda,crustacean,20,C,False,,False,possible
BM-SPECIES-004222,진도옆가시붙은꼬리옆새우,Paradexamine jindoensis,crustacean,20,C,False,,False,possible
BM-SPECIES-004223,보통옆가시붙은꼬리옆새우,Paradexamine fraudatrix,crustacean,20,C,False,,False,possible
BM-SPECIES-004224,넓적옆가시붙은꼬리옆새우,Paradexamine gigas,crustacean,20,C,False,,False,possible
BM-SPECIES-004225,뾰족옆가시붙은꼬리옆새우,Paradexamine acuta,crustacean,20,C,False,,False,possible
BM-SPECIES-004226,둥근뺨옆가시붙은꼬리옆새우,Paradexamine rotundogena,crustacean,20,C,False,,False,possible
BM-SPECIES-004227,남해붙은꼬리옆새우,Guernea namhaensis,crustacean,20,C,False,,False,possible
BM-SPECIES-004228,홋카이도붙은꼬리옆새우,Guernea ezoensis,crustacean,20,C,False,,False,possible
BM-SPECIES-004229,제주붙은꼬리옆새우,Guernea jejuensis,crustacean,20,C,False,,False,possible
BM-SPECIES-004230,세겹주걱옆새우,Vibilia viatrix,crustacean,20,C,False,,False,possible
BM-SPECIES-004231,세줄눈주걱옆새우,Vibilia australis,crustacean,20,C,False,,False,possible
BM-SPECIES-004232,황해릴예보옆새우,Liljeborgia hwanghaensis,crustacean,20,C,False,,False,possible
BM-SPECIES-004233,미역속살이벌레옆새우,Ceinina japonica,crustacean,20,C,False,,False,possible
BM-SPECIES-004234,꼬마예쁜이옆새우,Stenothoe valida,crustacean,20,C,False,,False,possible
BM-SPECIES-004235,짧은다리이리옆새우,Brachyscelus crusculum,crustacean,20,C,False,,False,possible
BM-SPECIES-004236,아시아도약옆새우,Pyatakovestia pyatakovi,crustacean,20,C,False,,False,possible
BM-SPECIES-004237,털발아시아도약옆새우,Pyatakovestia gageoensis,crustacean,20,C,False,,False,possible
BM-SPECIES-004238,도약옆새우,Platorchestia joi,crustacean,20,C,False,,False,possible
BM-SPECIES-004239,유사태평양도약옆새우,Platorchestia parapacifica,crustacean,20,C,False,,False,possible
BM-SPECIES-004240,기수도약옆새우,Platorchestia monodi,crustacean,20,C,False,,False,possible
BM-SPECIES-004241,가는몸도약옆새우,Platorchestia munmui,crustacean,20,C,False,,False,possible
BM-SPECIES-004242,볼록다리도약옆새우,Platorchestia pachypus,crustacean,20,C,False,,False,possible
BM-SPECIES-004244,중국주걱도약옆새우,Sinorchestia sinensis,crustacean,20,C,False,,False,possible
BM-SPECIES-004245,긴꼬리도약옆새우,Trinorchestia longiramus,crustacean,20,C,False,,False,possible
BM-SPECIES-004246,북방개긴팔옆새우,Pseudorchomene boreoplebs,crustacean,20,C,False,,False,possible
BM-SPECIES-004247,마루큰더듬이옆새우,Lepidepecreum vitjazi,crustacean,20,C,False,,False,possible
BM-SPECIES-004249,통영긴팔옆새우,Socarnes tongyeongensis,crustacean,20,C,False,,False,possible
BM-SPECIES-004250,한가시육질꼬리옆새우,Crassicorophium crassicorne,crustacean,20,C,False,,False,possible
BM-SPECIES-004251,뾰족이형뱀옆새우,Apocorophium acutum,crustacean,20,C,False,,False,possible
BM-SPECIES-004252,두가시육질꼬리옆새우,Monocorophium acherusicum,crustacean,20,C,False,,False,possible
BM-SPECIES-004253,세가시육질꼬리옆새우,Monocorophium uenoi,crustacean,20,C,False,,False,possible
BM-SPECIES-004254,긴뿔옛뱀옆새우,Eocorophium longiconum,crustacean,20,C,False,,False,possible
BM-SPECIES-004255,짧은가시육질꼬리옆새우,Corophium japonica,crustacean,20,C,False,,False,possible
BM-SPECIES-004256,한강뱀옆새우,Sinocorophium hangangense,crustacean,20,C,False,,False,possible
BM-SPECIES-004257,진도뱀옆새우,Sinocorophium jindoense,crustacean,20,C,False,,False,possible
BM-SPECIES-004258,중국뱀옆새우,Sinocorophium sinensis,crustacean,20,C,False,,False,possible
BM-SPECIES-004259,두돌기뱀옆새우,Sinocorophium dongtanense,crustacean,20,C,False,,False,possible
BM-SPECIES-004260,둥근손북방육질꼬리옆새우,Pareurystheus anamae,crustacean,20,C,False,,False,possible
BM-SPECIES-004261,큰손북방육질꼬리옆새우,Pareurystheus latipes,crustacean,20,C,False,,False,possible
BM-SPECIES-004262,긴마루넓은마디옆새우,Terepeltopes dolichorhunia,crustacean,20,C,False,,False,possible
BM-SPECIES-004263,참넓은마디옆새우,Cyproidea liodactyla,crustacean,20,C,False,,False,possible
BM-SPECIES-004264,굽은손넓은마디옆새우,Moolapheonoides acutifalcatus,crustacean,20,C,False,,False,possible
BM-SPECIES-004265,짧은꼬리막대옆새우,Rhabdosoma brevicaudatum,crustacean,20,C,False,,False,possible
BM-SPECIES-004266,뾰족머리옆새우,Streetsia porcella,crustacean,20,C,False,,False,possible
BM-SPECIES-004268,긴꼬리뾰족머리옆새우,Leptocotis tenuirostris,crustacean,20,C,False,,False,possible
BM-SPECIES-004269,한마디아가미다리바다대벌레,Protella gracilis,crustacean,20,C,False,,False,possible
BM-SPECIES-004270,짧은아가미다리바다대벌레,Monoliropus leeae,crustacean,20,C,False,,False,possible
BM-SPECIES-004271,두마디원시바다대벌레,Protogeton incertus,crustacean,20,C,False,,False,possible
BM-SPECIES-004272,세아가미원시바다대벌레,Protomima imitatrix,crustacean,20,C,False,,False,possible
BM-SPECIES-004273,돌기머리세아가미불구다리원시바다대벌레,Perotripus koreanus,crustacean,20,C,False,,False,possible
BM-SPECIES-004274,두줄등가시바다대벌레,Caprella eximia,crustacean,20,C,False,,False,possible
BM-SPECIES-004275,집게손가락바다대벌레,Caprella chelimana,crustacean,20,C,False,,False,possible
BM-SPECIES-004276,가슴가시바다대벌레,Caprella equilibra,crustacean,20,C,False,,False,possible
BM-SPECIES-004277,긴마디더듬이바다대벌레,Caprella mixta,crustacean,20,C,False,,False,possible
BM-SPECIES-004278,갈고리손바다대벌레,Caprella subinermis,crustacean,20,C,False,,False,possible
BM-SPECIES-004279,긴팔바다대벌레,Caprella monoceros,crustacean,20,C,False,,False,possible
BM-SPECIES-004280,가시투성바다대벌레,Caprella acanthogaster,crustacean,20,C,False,,False,possible
BM-SPECIES-004281,매끈이바다대벌레,Caprella danilevskii,crustacean,20,C,False,,False,possible
BM-SPECIES-004282,실바다대벌레,Caprella subtilis,crustacean,20,C,False,,False,possible
BM-SPECIES-004283,해초바다대벌레,Caprella algaceus,crustacean,20,C,False,,False,possible
BM-SPECIES-004284,털보바다대벌레,Caprella cristibrachium,crustacean,20,C,False,,False,possible
BM-SPECIES-004285,짧은마디더듬이민다리바다대벌레,Caprella decipiens,crustacean,20,C,False,,False,possible
BM-SPECIES-004286,혹등바다대벌레,Caprella verrucosa,crustacean,20,C,False,,False,possible
BM-SPECIES-004287,일본바다대벌레,Caprella japonica,crustacean,20,C,False,,False,possible
BM-SPECIES-004288,짧은마디더듬이바다대벌레,Caprella kominatoensis,crustacean,20,C,False,,False,possible
BM-SPECIES-004289,두드러기바다대벌레,Caprella multituberculum,crustacean,20,C,False,,False,possible
BM-SPECIES-004290,둥근아가미바다대벌레,Caprella penantis,crustacean,20,C,False,,False,possible
BM-SPECIES-004291,짧은팔바다대벌레,Caprella tsugarensis,crustacean,20,C,False,,False,possible
BM-SPECIES-004292,민다리바다대벌레,Caprella simplex,crustacean,20,C,False,,False,possible
BM-SPECIES-004293,털더듬이바다대벌레,Caprella linearis,crustacean,20,C,False,,False,possible
BM-SPECIES-004294,주걱손바다대벌레,Caprella gigantochir,crustacean,20,C,False,,False,possible
BM-SPECIES-004295,허리갈고리바다대벌레,Caprella kroyeri,crustacean,20,C,False,,False,possible
BM-SPECIES-004296,뾰족머리긴팔바다대벌레,Caprella simia,crustacean,20,C,False,,False,possible
BM-SPECIES-004297,불꽃가시바다대벌레,Caprella polyacantha,crustacean,20,C,False,,False,possible
BM-SPECIES-004298,뾰족머리가슴가시바다대벌레,Caprella californica,crustacean,20,C,False,,False,possible
BM-SPECIES-004299,가시다리바다대벌레,Caprella brevirostris,crustacean,20,C,False,,False,possible
BM-SPECIES-004300,가는더듬이바다대벌레,Caprella gracillima,crustacean,20,C,False,,False,possible
BM-SPECIES-004301,볼록발바닥바다대벌레,Caprella andreae,crustacean,20,C,False,,False,possible
BM-SPECIES-004302,나도혹등바다대벌레,Caprella arimotoi,crustacean,20,C,False,,False,possible
BM-SPECIES-004303,뾰족머리바다대벌레,Caprella scaura,crustacean,20,C,False,,False,possible
BM-SPECIES-004304,털손가시투성바다대벌레,Caprella mutica,crustacean,20,C,False,,False,possible
BM-SPECIES-004305,나도가슴가시바다대벌레,Caprella iniquilibra,crustacean,20,C,False,,False,possible
BM-SPECIES-004306,큰아가미바다대벌레,Caprella megabranchia,crustacean,20,C,False,,False,possible
BM-SPECIES-004308,나도가시투성바다대벌레,Caprella carinata,crustacean,20,C,False,,False,possible
BM-SPECIES-004309,세아가미의원시바다대벌레,Pseudoproto fallax,crustacean,20,C,False,,False,possible
BM-SPECIES-004310,세아가미다리바다대벌레,Paraprotella prima,crustacean,20,C,False,,False,possible
BM-SPECIES-004311,세옆돌기바다대벌레붙이,Paracaprella crassa,crustacean,20,C,False,,False,possible
BM-SPECIES-004312,작은아가미다리다바대벌레,Hemiaegina minuta,crustacean,20,C,False,,False,possible
BM-SPECIES-004313,등가시민등배바다대벌레,Pseudaeginella carinaspinosa,crustacean,20,C,False,,False,possible
BM-SPECIES-004314,북태평양짧은채찍옆새우,Pontogeneia rostrata,crustacean,20,C,False,,False,possible
BM-SPECIES-004315,톱니자락짧은채찍옆새우,Paramoera dentipleurae,crustacean,20,C,False,,False,possible
BM-SPECIES-004316,한국짧은채찍옆새우,Paramoera koreana,crustacean,20,C,False,,False,possible
BM-SPECIES-004317,극동짧은채찍옆새우,Eusiroides japonica,crustacean,20,C,False,,False,possible
BM-SPECIES-004318,털수염짧은채찍옆새우,Eusiroides pilopalpus,crustacean,20,C,False,,False,possible
BM-SPECIES-004319,동해붙은꼬리옆새우,Atylus collingi,crustacean,20,C,False,,False,possible
BM-SPECIES-004320,갈래등납작붙은꼬리옆새우,Atylus ekmani,crustacean,20,C,False,,False,possible
BM-SPECIES-004321,마츠카와납작붙은꼬리옆새우,Atylus matsukawaensis,crustacean,20,C,False,,False,possible
BM-SPECIES-004322,곁납작붙은꼬리옆새우,Kamehatylus japonicus,crustacean,20,C,False,,False,possible
BM-SPECIES-004323,다도해모래옆새우,Haustorioides nesogenes,crustacean,20,C,False,,False,possible
BM-SPECIES-004324,한꼬리모래옆새우,Haustorioides indivisus,crustacean,20,C,False,,False,possible
BM-SPECIES-004325,긴털모래옆새우,Haustorioides koreanus,crustacean,20,C,False,,False,possible
BM-SPECIES-004326,짧은채찍모래옆새우,Haustorioides latipalpus,crustacean,20,C,False,,False,possible
BM-SPECIES-004327,짧은자루해조숨이옆새우,Allorchestes angusta,crustacean,20,C,False,,False,possible
BM-SPECIES-004328,제주유사혹부리옆새우,Parhyalella pietschmanni,crustacean,20,C,False,,False,possible
BM-SPECIES-004329,북쪽주걱턱옆새우,Incisocalliope derzhavini,crustacean,20,C,False,,False,possible
BM-SPECIES-004330,잔주름긴팔옆새우,Orchomenella rugosa,crustacean,20,C,False,,False,possible
BM-SPECIES-004331,일본긴팔옆새우,Orchomenella japonica,crustacean,20,C,False,,False,possible
BM-SPECIES-004332,태평양긴팔옆새우,Orchomenella obtusa,crustacean,20,C,False,,False,possible
BM-SPECIES-004333,반지긴팔옆새우,Orchomenella paucisetigera,crustacean,20,C,False,,False,possible
BM-SPECIES-004334,톱니긴팔옆새우,Orchomenella littoralis,crustacean,20,C,False,,False,possible
BM-SPECIES-004335,볼록손긴팔옆새우,Orchomenella pinguis,crustacean,20,C,False,,False,possible
BM-SPECIES-004336,네모더듬이긴팔옆새우,Microlysias rectangulatus,crustacean,20,C,False,,False,possible
BM-SPECIES-004337,세모더듬이긴팔옆새우,Microlysias triangulus,crustacean,20,C,False,,False,possible
BM-SPECIES-004338,뾰족코카마카옆새우,Kamaka rostra,crustacean,20,C,False,,False,possible
BM-SPECIES-004339,갯벌카마카옆새우,Kamaka excavata,crustacean,20,C,False,,False,possible
BM-SPECIES-004340,기수카마카옆새우,Kamaka morinoi,crustacean,20,C,False,,False,possible
BM-SPECIES-004341,제주작은집게손옆새우,Seba chiltoni,crustacean,20,C,False,,False,possible
BM-SPECIES-004342,긴다리옆새우,Maxillipius rectitelson,crustacean,20,C,False,,False,possible
BM-SPECIES-004343,한국긴다리옆새우,Maxillipius koreanus,crustacean,20,C,False,,False,possible
BM-SPECIES-004344,용골삽꼬리올챙이새우,Alamprops carinatus,crustacean,20,C,False,,False,possible
BM-SPECIES-004345,동해삽꼬리올챙이새우,Alamprops donghaensis,crustacean,20,C,False,,False,possible
BM-SPECIES-004346,두줄삽꼬리올챙이새우,Alamprops pseudosarsi,crustacean,20,C,False,,False,possible
BM-SPECIES-004347,한줄가시삽꼬리올챙이새우,Hemilamprops californicus,crustacean,20,C,False,,False,possible
BM-SPECIES-004348,이쁜긴허리올챙이새우,Iphinoe sagamiensis,crustacean,20,C,False,,False,possible
BM-SPECIES-004349,긴허리올챙이새우,Iphinoe tenera,crustacean,20,C,False,,False,possible
BM-SPECIES-004350,민등긴허리올챙이새우,Iphinoe indenticulata,crustacean,20,C,False,,False,possible
BM-SPECIES-004351,갈고리납작올챙이새우,Eocuma hilgendorfi,crustacean,20,C,False,,False,possible
BM-SPECIES-004352,둥근납작올챙이새우,Eocuma orbiculatum,crustacean,20,C,False,,False,possible
BM-SPECIES-004353,민납작올챙이새우,Eocuma amakusense,crustacean,20,C,False,,False,possible
BM-SPECIES-004354,옆뿔납작올챙이새우,Eocuma latum,crustacean,20,C,False,,False,possible
BM-SPECIES-004355,민배불뚝올챙이새우,Vaunthompsonia cristata,crustacean,20,C,False,,False,possible
BM-SPECIES-004356,큰배불뚝올챙이새우,Heterocuma sarsi,crustacean,20,C,False,,False,possible
BM-SPECIES-004357,큰머리꼬마올챙이새우,Campylaspis amblyoda,crustacean,20,C,False,,False,possible
BM-SPECIES-004358,점박이꼬마올챙이새우,Campylaspis pumila,crustacean,20,C,False,,False,possible
BM-SPECIES-004359,동양꼬마올챙이새우,Campylaspis orientalis,crustacean,20,C,False,,False,possible
BM-SPECIES-004360,곰보고랑꼬마올챙이새우,Campylaspis reticulata,crustacean,20,C,False,,False,possible
BM-SPECIES-004361,고랑꼬마올챙이새우,Campylaspis fusiformis,crustacean,20,C,False,,False,possible
BM-SPECIES-004362,두드러기두눈올챙이새우,Nannastacus nyctagineus,crustacean,20,C,False,,False,possible
BM-SPECIES-004363,가시투성두눈올챙이새우,Nannastacus spinulosus,crustacean,20,C,False,,False,possible
BM-SPECIES-004364,주걱두드러기두눈올챙이새우,Nannastacus leeae,crustacean,20,C,False,,False,possible
BM-SPECIES-004365,매끈등옆올챙이새우,Cumella levitergus,crustacean,20,C,False,,False,possible
BM-SPECIES-004366,곰보주름코올챙이새우,Gynodiastylis anguicephala,crustacean,20,C,False,,False,possible
BM-SPECIES-004367,작은꼬리코올챙이새우,Gynodiastylis platycarpus,crustacean,20,C,False,,False,possible
BM-SPECIES-004368,큰꼬리코올챙이새우,Gynodiastylis rotundicaudata,crustacean,20,C,False,,False,possible
BM-SPECIES-004369,주름코올챙이새우,Gynodiastylis tubicola,crustacean,20,C,False,,False,possible
BM-SPECIES-004370,가슴줄긴꼬리올챙이새우,Diastylis paratricinta,crustacean,20,C,False,,False,possible
BM-SPECIES-004371,털보긴꼬리올챙이새우,Diastylis koreana,crustacean,20,C,False,,False,possible
BM-SPECIES-004372,가시투성긴꼬리올챙이새우,Diastylis loricata,crustacean,20,C,False,,False,possible
BM-SPECIES-004373,한줄긴꼬리올챙이새우,Diastylis uniplicata,crustacean,20,C,False,,False,possible
BM-SPECIES-004374,민긴꼬리올챙이새우,Diastylis inplicata,crustacean,20,C,False,,False,possible
BM-SPECIES-004375,알라스카긴꼬리올챙이새우,Diastylis alaskensis,crustacean,20,C,False,,False,possible
BM-SPECIES-004376,여섯가시짧은꼬리올챙이새우,Leptostylis hexaspinula,crustacean,20,C,False,,False,possible
BM-SPECIES-004377,꼬리긴가시이형올챙이새우,Dimorphostylis hirsuta,crustacean,20,C,False,,False,possible
BM-SPECIES-004378,벨리다이형올챙이새우,Dimorphostylis valida,crustacean,20,C,False,,False,possible
BM-SPECIES-004379,큰이형올챙이새우,Dimorphostylis acroplicata,crustacean,20,C,False,,False,possible
BM-SPECIES-004380,보통이형올챙이새우,Dimorphostylis asiatica,crustacean,20,C,False,,False,possible
BM-SPECIES-004381,털보이형올챙이새우,Dimorphostylis echinata,crustacean,20,C,False,,False,possible
BM-SPECIES-004382,짧은주름이형올챙이새우,Dimorphostylis breviplicata,crustacean,20,C,False,,False,possible
BM-SPECIES-004383,꼬리작은가시이형올챙이새우,Dimorphostylis namhaedoensis,crustacean,20,C,False,,False,possible
BM-SPECIES-004384,긴꼬리이형올챙이새우,Dimorphostylis longicauda,crustacean,20,C,False,,False,possible
BM-SPECIES-004385,세주름이형올챙이새우,Dimorphostylis manazuruensis,crustacean,20,C,False,,False,possible
BM-SPECIES-004386,주름털보이형올챙이새우,Dimorphostylis pilocorpus,crustacean,20,C,False,,False,possible
BM-SPECIES-004387,한줄유령올챙이새우,Pseudoleucon japonicus,crustacean,20,C,False,,False,possible
BM-SPECIES-004388,참민뿔올챙이새우,Eudorella pacifica,crustacean,20,C,False,,False,possible
BM-SPECIES-004389,황해민뿔올챙이새우,Eudorella hwanghaensis,crustacean,20,C,False,,False,possible
BM-SPECIES-004390,등돌기갈고리채찍올챙이새우,Nippoleucon projectus,crustacean,20,C,False,,False,possible
BM-SPECIES-004391,볏갈고리채찍올챙이새우,Nippoleucon hinumensis,crustacean,20,C,False,,False,possible
BM-SPECIES-004393,큰머리가는발톱주걱벌레붙이,Leptochelia suhi,crustacean,20,C,False,,False,possible
BM-SPECIES-004394,큰가시가는발톱주걱벌레붙이,Makassaritanais grandidentatus,crustacean,20,C,False,,False,possible
BM-SPECIES-004395,큰참주걱벌레,Apseudomorpha magna,crustacean,20,C,False,,False,possible
BM-SPECIES-004401,가시집게뾰족머리주걱벌레붙이,Phoxokalliapseudes aculeatus,crustacean,20,C,False,,False,possible
BM-SPECIES-004402,큰발가락뾰족머리주걱벌레붙이,Phoxokalliapseudes cinctus,crustacean,20,C,False,,False,possible
BM-SPECIES-004403,나도주걱벌레붙이,Chongxidotea annandalei,crustacean,20,C,False,,False,possible
BM-SPECIES-004404,민꼬리주걱벌레붙이,Cleantioides emarginata,crustacean,20,C,False,,False,possible
BM-SPECIES-004405,왜주걱벌레붙이,Cleantioides japonica,crustacean,20,C,False,,False,possible
BM-SPECIES-004406,납작꼬리주걱벌레붙이,Cleantioides planicauda,crustacean,20,C,False,,False,possible
BM-SPECIES-004407,오목꼬리주걱벌레붙이,Cleantioides rotundata,crustacean,20,C,False,,False,possible
BM-SPECIES-004408,털보주걱벌레붙이,Cleantioides poorei,crustacean,20,C,False,,False,possible
BM-SPECIES-004409,둥근꼬리갯가좀,Ianiropsis koreaensis,crustacean,20,C,False,,False,possible
BM-SPECIES-004410,긴턱갯가좀,Ianiropsis serricaudis,crustacean,20,C,False,,False,possible
BM-SPECIES-004411,굵은수염갯가좀,Ianiropsis derjugini,crustacean,20,C,False,,False,possible
BM-SPECIES-004412,털보갯가좀,Ianiropsis setifera,crustacean,20,C,False,,False,possible
BM-SPECIES-004413,세가시갯가좀,Ianiropsis tridens,crustacean,20,C,False,,False,possible
BM-SPECIES-004414,잘록허리갯가좀,Ianiropsis epilittoralis,crustacean,20,C,False,,False,possible
BM-SPECIES-004415,매끈이마바다좀,Janiralata koreaensis,crustacean,20,C,False,,False,possible
BM-SPECIES-004416,볼뿔두갈래바다좀,Janiralata sagamiensis,crustacean,20,C,False,,False,possible
BM-SPECIES-004418,창벌레,Symmius caudatus,crustacean,20,C,False,,False,possible
BM-SPECIES-004419,야마구치창벌레,Symmius yamaguchiensis,crustacean,20,C,False,,False,possible
BM-SPECIES-004420,진흙새우아감벌레,Argeia pugettensis,crustacean,20,C,False,,False,possible
BM-SPECIES-004421,넓적왼손집게아감벌레,Bopyrissa pyriforma,crustacean,20,C,False,,False,possible
BM-SPECIES-004422,갯가재붙이아감벌레,Pleurocrypta macrocephala,crustacean,20,C,False,,False,possible
BM-SPECIES-004423,쏙아감벌레,Gyge ovalis,crustacean,20,C,False,,False,possible
BM-SPECIES-004424,용골쏙아감벌레,Orthione griffenis,crustacean,20,C,False,,False,possible
BM-SPECIES-004425,참집게배붙이,Parathelges enoshimensis,crustacean,20,C,False,,False,possible
BM-SPECIES-004426,북쪽분홍새우아감벌레,Bopyroides hippolytes,crustacean,20,C,False,,False,possible
BM-SPECIES-004427,밤게아감벌레,Apocepon pulcher,crustacean,20,C,False,,False,possible
BM-SPECIES-004428,긴발가락참집게배붙이,Athelges takanoshimensis,crustacean,20,C,False,,False,possible
BM-SPECIES-004429,긴발딱총새우배붙이,Eophrixus shojii,crustacean,20,C,False,,False,possible
BM-SPECIES-004430,왼손집게아감벌레,Pseudostegias dulcilacuum,crustacean,20,C,False,,False,possible
BM-SPECIES-004431,꽃새우아감벌레,Parapenaeonella distincta,crustacean,20,C,False,,False,possible
BM-SPECIES-004432,줄새우아재비아감벌레,Bopyrus squillarum,crustacean,20,C,False,,False,possible
BM-SPECIES-004433,홈발딱총새우아감벌레,Parabopyrella elongata,crustacean,20,C,False,,False,possible
BM-SPECIES-004434,네점박이부채벌레,Rocinela maculata,crustacean,20,C,False,,False,possible
BM-SPECIES-004435,두눈손날부채벌레,Rocinela niponia,crustacean,20,C,False,,False,possible
BM-SPECIES-004436,갯쥐며느리,Tylos granuliferus,crustacean,20,C,False,,False,possible
BM-SPECIES-004437,얼룩모래무지벌레,Cirolana koreana,crustacean,20,C,False,,False,possible
BM-SPECIES-004438,울퉁모래무지벌레,Cirolana toyamaensis,crustacean,20,C,False,,False,possible
BM-SPECIES-004439,시지키톱니꼬리모래무지벌레,Metacirolana shijikiensis,crustacean,20,C,False,,False,possible
BM-SPECIES-004440,긴허리톱니꼬리모래무지벌레,Metacirolana japonica,crustacean,20,C,False,,False,possible
BM-SPECIES-004441,왜모래무지벌레,Natatolana japonensis,crustacean,20,C,False,,False,possible
BM-SPECIES-004442,모래무지벌레,Excirolana chiltoni,crustacean,20,C,False,,False,possible
BM-SPECIES-004443,긴꺾인더듬이모래무지벌레,Eurydice longiantennata,crustacean,20,C,False,,False,possible
BM-SPECIES-004444,쏙붙이아감벌레,Ione cornuta,crustacean,20,C,False,,False,possible
BM-SPECIES-004445,두드러기홈잔벌레,Dynamenella nipponica,crustacean,20,C,False,,False,possible
BM-SPECIES-004446,뭉퉁뿔잔벌레,Dynoides brevicornis,crustacean,20,C,False,,False,possible
BM-SPECIES-004447,가시홈뿔잔벌레,Dynoides dentisinus,crustacean,20,C,False,,False,possible
BM-SPECIES-004448,가시다리뿔잔벌레,Dynoides spinipodus,crustacean,20,C,False,,False,possible
BM-SPECIES-004449,넓적뿔잔벌레,Dynoides brevispina,crustacean,20,C,False,,False,possible
BM-SPECIES-004450,긴홈뿔잔벌레,Dynoides longisinus,crustacean,20,C,False,,False,possible
BM-SPECIES-004451,개펄잔벌레,Gnorimosphaeroma ovatum,crustacean,20,C,False,,False,possible
BM-SPECIES-004452,제주잔벌레,Gnorimosphaeroma chejuense,crustacean,20,C,False,,False,possible
BM-SPECIES-004453,꼬마갯가잔벌레,Gnorimosphaeroma hoestlandti,crustacean,20,C,False,,False,possible
BM-SPECIES-004454,길쭉잔벌레,Gnorimosphaeroma noblei,crustacean,20,C,False,,False,possible
BM-SPECIES-004455,갯가잔벌레,Gnorimosphaeroma rayi,crustacean,20,C,False,,False,possible
BM-SPECIES-004456,납작잔벌레,Chitonosphaera lata,crustacean,20,C,False,,False,possible
BM-SPECIES-004457,세혹잔벌레,Holotelson tuberculatus,crustacean,20,C,False,,False,possible
BM-SPECIES-004458,두드러기잔벌레,Cymodoce acuta,crustacean,20,C,False,,False,possible
BM-SPECIES-004459,두혹잔벌레,Cymodoce japonica,crustacean,20,C,False,,False,possible
BM-SPECIES-004460,일곱니잔벌레,Sphaeroma sieboldii,crustacean,20,C,False,,False,possible
BM-SPECIES-004461,납작잔벌레붙이,Leptosphaeroma gottschei,crustacean,20,C,False,,False,possible
BM-SPECIES-004462,학공치아감벌레,Mothocya melanosticta,crustacean,20,C,False,,False,possible
BM-SPECIES-004463,갈고리벌레,Elthusa raynaudii,crustacean,20,C,False,,False,possible
BM-SPECIES-004464,극동갯강구,Ligia cinerascens,crustacean,20,C,False,,False,possible
BM-SPECIES-004465,동해부삽꼬리벌레,Limnoria rhombipunctata,crustacean,20,C,False,,False,possible
BM-SPECIES-004466,작은혹부삽꼬리벌레,Limnoria segnoides,crustacean,20,C,False,,False,possible
BM-SPECIES-004467,두줄용골부삽꼬리벌레,Limnoria saseboensis,crustacean,20,C,False,,False,possible
BM-SPECIES-004468,톱니기린벌레,Arcturina serrulatus,crustacean,20,C,False,,False,possible
BM-SPECIES-004470,한국길쭉마디벌레,Apanthura koreaensis,crustacean,20,C,False,,False,possible
BM-SPECIES-004472,검은마디벌레,Mesanthura nigrodorsalis,crustacean,20,C,False,,False,possible
BM-SPECIES-004473,한국무목마디벌레,Caenanthura koreana,crustacean,20,C,False,,False,possible
BM-SPECIES-004474,등홈무목마디벌레,Caenanthura enigmatica,crustacean,20,C,False,,False,possible
BM-SPECIES-004475,모래마디벌레,Cyathura higoensis,crustacean,20,C,False,,False,possible
BM-SPECIES-004479,일본유령거미물좀,Munna japonica,crustacean,20,C,False,,False,possible
BM-SPECIES-004480,깜장배마디벌레,Colanthura pigmentata,crustacean,20,C,False,,False,possible
BM-SPECIES-004481,큰마디벌레,Paranthura japonica,crustacean,20,C,False,,False,possible
BM-SPECIES-004482,남해한국주걱벌레,Koridotea hoonsooi,crustacean,20,C,False,,False,possible
BM-SPECIES-004483,하나혹둥근주걱벌레,Synidotea wonkimi,crustacean,20,C,False,,False,possible
BM-SPECIES-004484,히키가와둥근주걱벌레,Synidotea hikigawaensis,crustacean,20,C,False,,False,possible
BM-SPECIES-004485,둥근주걱벌레,Synidotea laevidorsalis,crustacean,20,C,False,,False,possible
BM-SPECIES-004486,일본둥근주걱벌레,Synidotea nipponensis,crustacean,20,C,False,,False,possible
BM-SPECIES-004487,큰이마주걱벌레,Idotea fewkesi,crustacean,20,C,False,,False,possible
BM-SPECIES-004488,북방주걱벌레,Idotea ochotensis,crustacean,20,C,False,,False,possible
BM-SPECIES-004489,떠돌이주걱벌레,Idotea metallica,crustacean,20,C,False,,False,possible
BM-SPECIES-004490,새우말주걱벌레,Idotea rotundata,crustacean,20,C,False,,False,possible
BM-SPECIES-004491,톱니주걱벌레,Paridotea robusta,crustacean,20,C,False,,False,possible
BM-SPECIES-004492,길쭉거친다리주걱벌레,Pentias hayi,crustacean,20,C,False,,False,possible
BM-SPECIES-004493,넓적거친다리주걱벌레,Pentias thompsoni,crustacean,20,C,False,,False,possible
BM-SPECIES-004495,갯주걱벌레,Cleantiella isopus,crustacean,20,C,False,,False,possible
BM-SPECIES-004497,스가시마오목머리큰턱벌레,Elaphognathia sugashimaensis,crustacean,20,C,False,,False,possible
BM-SPECIES-004498,네돌기오목머리큰턱벌레,Elaphognathia monodi,crustacean,20,C,False,,False,possible
BM-SPECIES-004499,수염오목머리큰턱벌레,Elaphognathia kikuchii,crustacean,20,C,False,,False,possible
BM-SPECIES-004500,깊은오목머리큰턱벌레,Elaphognathia lucanoides,crustacean,20,C,False,,False,possible
BM-SPECIES-004501,한국큰턱벌레,Gnathia koreana,crustacean,20,C,False,,False,possible
BM-SPECIES-004506,모래무지쥐며느리,Alloniscus balsii,crustacean,20,C,False,,False,possible
BM-SPECIES-004507,짧은꼬리잎새우,Nebalia dolsandoensis,crustacean,20,C,False,,False,possible
BM-SPECIES-004508,짧은더듬이잎새우,Nebalia pseudotroncosoi,crustacean,20,C,False,,False,possible
BM-SPECIES-004509,한국잎새우,Nebalia koreana,crustacean,20,C,False,,False,possible
BM-SPECIES-004510,가시눈잎새우,Paranebalia longipes,crustacean,20,C,False,,False,possible
BM-SPECIES-004511,절단난바다곤쟁이,Euphausia mutica,crustacean,20,C,False,,False,possible
BM-SPECIES-004512,태평양난바다곤쟁이,Euphausia pacifica,crustacean,20,C,False,,False,possible
BM-SPECIES-004513,다시난바다곤쟁이,Euphausia recurva,crustacean,20,C,False,,False,possible
BM-SPECIES-004514,유사난바다곤쟁이,Euphausia similis,crustacean,20,C,False,,False,possible
BM-SPECIES-004515,말랑난바다곤쟁이,Euphausia tenera,crustacean,20,C,False,,False,possible
BM-SPECIES-004516,작은난바다곤쟁이,Euphausia nana,crustacean,20,C,False,,False,possible
BM-SPECIES-004517,긴발난바다곤쟁이,Thysanoessa longipes,crustacean,20,C,False,,False,possible
BM-SPECIES-004518,옆잎난바다곤쟁이,Pseudeuphausia latifrons,crustacean,20,C,False,,False,possible
BM-SPECIES-004519,중국난바다곤쟁이,Pseudeuphausia sinica,crustacean,20,C,False,,False,possible
BM-SPECIES-004520,근연난바다곤쟁이,Stylocheiron affine,crustacean,20,C,False,,False,possible
BM-SPECIES-004521,용골난바다곤쟁이,Stylocheiron carinatum,crustacean,20,C,False,,False,possible
BM-SPECIES-004522,짧은한손크릴새우,Stylocheiron abbreviatum,crustacean,20,C,False,,False,possible
BM-SPECIES-005473,길게,Macrophthalmus abbreviatus,crustacean,20,C,False,,False,possible
BM-SPECIES-005474,대양칠게,Macrophthalmus pacificus,crustacean,20,C,False,,False,possible
BM-SPECIES-005475,칠게,Macrophthalmus japonicus,crustacean,20,C,False,,False,possible
BM-SPECIES-005476,반자이칠게,Macrophthalmus banzai,crustacean,20,C,False,,False,possible
BM-SPECIES-005477,두점박이민꽃게,Charybdis bimaculata,crustacean,20,C,False,,False,possible
BM-SPECIES-005478,십자무늬민꽃게,Charybdis feriata,crustacean,20,C,False,,False,possible
BM-SPECIES-005479,민꽃게,Charybdis japonica,crustacean,20,C,False,,False,possible
BM-SPECIES-005480,홍색민꽃게,Charybdis acuta,crustacean,20,C,False,,False,possible
BM-SPECIES-005481,얼룩민꽃게,Charybdis sagamiensis,crustacean,20,C,False,,False,possible
BM-SPECIES-005482,안경민꽃게,Charybdis miles,crustacean,20,C,False,,False,possible
BM-SPECIES-005483,덧니민꽃게,Charybdis orientalis,crustacean,20,C,False,,False,possible
BM-SPECIES-005484,꼬마참집게,Lophopagurus triserratus,crustacean,20,C,False,,False,possible
BM-SPECIES-005485,사각산호살이게,Quadrella reticulata,crustacean,20,C,False,,False,possible
BM-SPECIES-005486,남방자게,Rhinolambrus pelagicus,crustacean,20,C,False,,False,possible
BM-SPECIES-005487,둥근이마자게,Pseudolambrus lobatus,crustacean,20,C,False,,False,possible
BM-SPECIES-005488,자게,Enoplolambrus validus,crustacean,20,C,False,,False,possible
BM-SPECIES-005489,긴다리자게,Enoplolambrus laciniatus,crustacean,20,C,False,,False,possible
BM-SPECIES-005490,가는다리말랑게,Stimpsoplax setirostris,crustacean,20,C,False,,False,possible
BM-SPECIES-005491,세모게,Trigonoplax unguiformis,crustacean,20,C,False,,False,possible
BM-SPECIES-005492,곧은이마말랑게,Elamena truncata,crustacean,20,C,False,,False,possible
BM-SPECIES-005493,주걱말랑게,Rhynchoplax messor,crustacean,20,C,False,,False,possible
BM-SPECIES-005494,뿔말랑게,Lucascinus coralicola,crustacean,20,C,False,,False,possible
BM-SPECIES-005495,같은뿔말랑게,Neohymenicus orientalis,crustacean,20,C,False,,False,possible
BM-SPECIES-005496,큰더듬이게,Alainthesius bertrandi,crustacean,20,C,False,,False,possible
BM-SPECIES-005497,콩알임포옆길게,Sakaina japonica,crustacean,20,C,False,,False,possible
BM-SPECIES-005498,임포옆길게,Sakaina koreensis,crustacean,20,C,False,,False,possible
BM-SPECIES-005499,굴속살이게,Arcotheres sinensis,crustacean,20,C,False,,False,possible
BM-SPECIES-005500,대합속살이게,Arcotheres cyclinus,crustacean,20,C,False,,False,possible
BM-SPECIES-005501,섭속살이게,Pinnotheres pholadis,crustacean,20,C,False,,False,possible
BM-SPECIES-005502,융단속살이게,Pinnaxodes major,crustacean,20,C,False,,False,possible
BM-SPECIES-005503,납작흰해삼속살이게,Pinnixa penultipedalis,crustacean,20,C,False,,False,possible
BM-SPECIES-005504,흰해삼속살이게,Pinnixa tumida,crustacean,20,C,False,,False,possible
BM-SPECIES-005505,세모뿔게,Oxypleurodon stimpsoni,crustacean,20,C,False,,False,possible
BM-SPECIES-005506,긴가시뿔게,Naxioides robillardi,crustacean,20,C,False,,False,possible
BM-SPECIES-005507,뿔물맞이게,Scyra ferox,crustacean,20,C,False,,False,possible
BM-SPECIES-005508,어리물맞이게,Scyra bidentata,crustacean,20,C,False,,False,possible
BM-SPECIES-005509,납작뿔게,Scyra compressipes,crustacean,20,C,False,,False,possible
BM-SPECIES-005510,연산호뿔게,Hoplophrys oatesii,crustacean,20,C,False,,False,possible
BM-SPECIES-005511,긴뿔게,Hyastenus ducator,crustacean,20,C,False,,False,possible
BM-SPECIES-005512,박뿔게,Hyastenus elongatus,crustacean,20,C,False,,False,possible
BM-SPECIES-005513,뿔게,Hyastenus diacanthus,crustacean,20,C,False,,False,possible
BM-SPECIES-005514,물방울물맞이게,Xenocarcinus conicus,crustacean,20,C,False,,False,possible
BM-SPECIES-005515,꼬마물맞이게,Pugettia minor,crustacean,20,C,False,,False,possible
BM-SPECIES-005516,꼬마뿔물맞이게,Pugettia pellucens,crustacean,20,C,False,,False,possible
BM-SPECIES-005517,중간뿔물맞이게,Pugettia intermedia,crustacean,20,C,False,,False,possible
BM-SPECIES-005518,오늬이마물맞이게,Pugettia incisa,crustacean,20,C,False,,False,possible
BM-SPECIES-005519,잔털뿔물맞이게,Pugettia vulgaris,crustacean,20,C,False,,False,possible
BM-SPECIES-005520,외뿔게,Huenia heraldica,crustacean,20,C,False,,False,possible
BM-SPECIES-005521,일각게,Menaethius monoceros,crustacean,20,C,False,,False,possible
BM-SPECIES-005522,가시아케우스게,Achaeus spinosus,crustacean,20,C,False,,False,possible
BM-SPECIES-005523,아케우스게,Achaeus japonicus,crustacean,20,C,False,,False,possible
BM-SPECIES-005524,가는다리아케우스게,Achaeus tuberculatus,crustacean,20,C,False,,False,possible
BM-SPECIES-005525,가시이마아케우스게,Achaeus lacertosus,crustacean,20,C,False,,False,possible
BM-SPECIES-005527,두드럭게,Leptomithrax edwardsii,crustacean,20,C,False,,False,possible
BM-SPECIES-005528,가시두드럭게,Leptomithrax bifidus,crustacean,20,C,False,,False,possible
BM-SPECIES-005529,가시뿔게,Entomonyx spinosus,crustacean,20,C,False,,False,possible
BM-SPECIES-005530,톱니물맞이게,Schizophroida simodaensis,crustacean,20,C,False,,False,possible
BM-SPECIES-005531,애기물맞이게,Sakaija japonica,crustacean,20,C,False,,False,possible
BM-SPECIES-005532,애기털다리게,Holthuija cognata,crustacean,20,C,False,,False,possible
BM-SPECIES-005533,털다리게,Paramaya spinigera,crustacean,20,C,False,,False,possible
BM-SPECIES-005534,누덕옷게,Micippa thalia,crustacean,20,C,False,,False,possible
BM-SPECIES-005535,가시누덕옷게,Micippa cristata,crustacean,20,C,False,,False,possible
BM-SPECIES-005536,꼬마누덕옷게,Micippa philyra,crustacean,20,C,False,,False,possible
BM-SPECIES-005537,입술이마누덕옷게,Micippa platipes,crustacean,20,C,False,,False,possible
BM-SPECIES-005538,뭉툭가시뿔게,Prismatopus longispinus,crustacean,20,C,False,,False,possible
BM-SPECIES-005539,어리누덕옷게,Pseudomicippe okamotoi,crustacean,20,C,False,,False,possible
BM-SPECIES-005540,제주어리누덕옷게,Pseudomicippe nipponica,crustacean,20,C,False,,False,possible
BM-SPECIES-005543,긴집게발게,Oregonia gracilis,crustacean,20,C,False,,False,possible
BM-SPECIES-005544,바이올린두꺼비게,Hyas alutaceus,crustacean,20,C,False,,False,possible
BM-SPECIES-005545,두꺼비게,Hyas coarctatus,crustacean,20,C,False,,False,possible
BM-SPECIES-005546,삼천가시게,Pleistacantha sanctijohannis,crustacean,20,C,False,,False,possible
BM-SPECIES-005547,거미다리게,Platymaia wyvillethomsoni,crustacean,20,C,False,,False,possible
BM-SPECIES-005548,한뿔두드럭게,Pyromaia tuberculata,crustacean,20,C,False,,False,possible
BM-SPECIES-005549,일홈육각게,Cosmonotus mclaughlinae,crustacean,20,C,False,,False,possible
BM-SPECIES-005550,닭게,Ranina ranina,crustacean,20,C,False,,False,possible
BM-SPECIES-005551,납작발부채게,Platypodia tomentosa,crustacean,20,C,False,,False,possible
BM-SPECIES-005552,매끈이송편게,Atergatis floridus,crustacean,20,C,False,,False,possible
BM-SPECIES-005553,주름송편게,Atergatis reticulatus,crustacean,20,C,False,,False,possible
BM-SPECIES-005554,고운반달게,Atergatopsis germaini,crustacean,20,C,False,,False,possible
BM-SPECIES-005555,민돋음부채게,Etisus laevimanus,crustacean,20,C,False,,False,possible
BM-SPECIES-005556,돋음부채게,Etisus anaglyptus,crustacean,20,C,False,,False,possible
BM-SPECIES-005557,가는손부채게,Lybia caestifera,crustacean,20,C,False,,False,possible
BM-SPECIES-005558,꼬마매끈이송편게,Neoliomera insularis,crustacean,20,C,False,,False,possible
BM-SPECIES-005559,다섯줄이마주름부채게,Liomera venosa,crustacean,20,C,False,,False,possible
BM-SPECIES-005560,주름부채게,Liomera margaritata,crustacean,20,C,False,,False,possible
BM-SPECIES-005561,접시부채게,Palapedia integra,crustacean,20,C,False,,False,possible
BM-SPECIES-005562,예쁜부채게,Paraxanthias elegans,crustacean,20,C,False,,False,possible
BM-SPECIES-005563,부채게,Leptodius affinis,crustacean,20,C,False,,False,possible
BM-SPECIES-005564,차양부채게,Neoxanthops truncatus,crustacean,20,C,False,,False,possible
BM-SPECIES-005565,줄무늬부채게,Neoxanthops lineatus,crustacean,20,C,False,,False,possible
BM-SPECIES-005566,꽃부채게,Macromedaeus distinguendus,crustacean,20,C,False,,False,possible
BM-SPECIES-005567,꼬마부채게,Nanocassiope granulipes,crustacean,20,C,False,,False,possible
BM-SPECIES-005568,작은꽃부채게,Microcassiope orientalis,crustacean,20,C,False,,False,possible
BM-SPECIES-005569,작은비늘부채게,Demania rotundata,crustacean,20,C,False,,False,possible
BM-SPECIES-005570,두드러기부채게,Medaeops granulosus,crustacean,20,C,False,,False,possible
BM-SPECIES-005571,잔물결부채게,Danielea noelensis,crustacean,20,C,False,,False,possible
BM-SPECIES-005572,다모그물등부채게,Actaeodes hirsutissimus,crustacean,20,C,False,,False,possible
BM-SPECIES-005573,짧은털부채게,Gaillardiellus rueppelli,crustacean,20,C,False,,False,possible
BM-SPECIES-005574,털부채게,Gaillardiellus orientalis,crustacean,20,C,False,,False,possible
BM-SPECIES-005575,편평부채게,Forestiana granulata,crustacean,20,C,False,,False,possible
BM-SPECIES-005576,작은옴부채게,Novactaea pulchella,crustacean,20,C,False,,False,possible
BM-SPECIES-005577,넓은가시옴부채게,Actaea polyacantha,crustacean,20,C,False,,False,possible
BM-SPECIES-005578,옴부채게,Actaea semblatae,crustacean,20,C,False,,False,possible
BM-SPECIES-005579,털가시부채게,Pilodius nigrocrinitus,crustacean,20,C,False,,False,possible
BM-SPECIES-005580,검은손부채게,Pilodius miersi,crustacean,20,C,False,,False,possible
BM-SPECIES-005581,반구부채게,Banareia subglobosa,crustacean,20,C,False,,False,possible
BM-SPECIES-005582,산호숨이부채게,Calvactaea tumida,crustacean,20,C,False,,False,possible
BM-SPECIES-005583,긴이마밤게,Leucosia anatum,crustacean,20,C,False,,False,possible
BM-SPECIES-005584,붉은점밤게,Urnalana haematosticta,crustacean,20,C,False,,False,possible
BM-SPECIES-005585,둥근무늬밤게,Euclosiana obtusifrons,crustacean,20,C,False,,False,possible
BM-SPECIES-005586,애기호두밤게,Ebalia tuberculosa,crustacean,20,C,False,,False,possible
BM-SPECIES-005587,세돌기밤게,Tokoyo eburnea,crustacean,20,C,False,,False,possible
BM-SPECIES-005588,세모밤게,Merocryptus lambriformis,crustacean,20,C,False,,False,possible
BM-SPECIES-005589,두드러기밤게,Philyra kanekoi,crustacean,20,C,False,,False,possible
BM-SPECIES-005590,납작손밤게,Philyra syndactyla,crustacean,20,C,False,,False,possible
BM-SPECIES-005591,마름모밤게,Lyphira heterograna,crustacean,20,C,False,,False,possible
BM-SPECIES-005592,뾰족열한가시밤게,Arcania cornigera,crustacean,20,C,False,,False,possible
BM-SPECIES-005593,가시투성밤게,Arcania globata,crustacean,20,C,False,,False,possible
BM-SPECIES-005594,열한가시밤게,Arcania undecimspinosa,crustacean,20,C,False,,False,possible
BM-SPECIES-005595,집게털밤게,Hiplyra platycheir,crustacean,20,C,False,,False,possible
BM-SPECIES-005596,양마밤게,Pyrhila carinata,crustacean,20,C,False,,False,possible
BM-SPECIES-005597,밤게,Pyrhila pisum,crustacean,20,C,False,,False,possible
BM-SPECIES-005598,오각밤게,Nursia rhomboidalis,crustacean,20,C,False,,False,possible
BM-SPECIES-005599,긴손밤게,Myra fugax,crustacean,20,C,False,,False,possible
BM-SPECIES-005600,둥근애기밤게,Cryptocnemus obolus,crustacean,20,C,False,,False,possible
BM-SPECIES-005601,직각눈콩알게,Actumnus elegans,crustacean,20,C,False,,False,possible
BM-SPECIES-005602,콩알부채게,Actumnus marissinicus,crustacean,20,C,False,,False,possible
BM-SPECIES-005603,털보부채게,Heteropilumnus ciliatus,crustacean,20,C,False,,False,possible
BM-SPECIES-005604,세가지부채게,Pilumnus trispinosus,crustacean,20,C,False,,False,possible
BM-SPECIES-005605,애기털보부채게,Pilumnus minutus,crustacean,20,C,False,,False,possible
BM-SPECIES-005606,긴다리털보부채게,Pilumnus longicornis,crustacean,20,C,False,,False,possible
BM-SPECIES-005607,털손네톱니부채게,Pilumnopeus kimorum,crustacean,20,C,False,,False,possible
BM-SPECIES-005608,네톱니부채게,Pilumnopeus pearsei,crustacean,20,C,False,,False,possible
BM-SPECIES-005609,두드러기네톱니부채게,Pilumnopeus makianus,crustacean,20,C,False,,False,possible
BM-SPECIES-005610,민이마부채게,Neoactumnus convexus,crustacean,20,C,False,,False,possible
BM-SPECIES-005611,자색오각게,Echinoecus nipponicus,crustacean,20,C,False,,False,possible
BM-SPECIES-005612,갯고사리게,Harrovia elegans,crustacean,20,C,False,,False,possible
BM-SPECIES-005613,깃갯고사리게,Harrovia japonica,crustacean,20,C,False,,False,possible
BM-SPECIES-005614,낮은털둥글게,Arges parallelus,crustacean,20,C,False,,False,possible
BM-SPECIES-005615,긴발둥글게,Zehntneriana amakusae,crustacean,20,C,False,,False,possible
BM-SPECIES-005616,다섯모부채게,Halimede fragifer,crustacean,20,C,False,,False,possible
BM-SPECIES-005617,얇은니부채게,Parapanope orientalis,crustacean,20,C,False,,False,possible
BM-SPECIES-005618,옆길게,Tritodynamia rathbuni,crustacean,20,C,False,,False,possible
BM-SPECIES-005619,높은등옆길게,Tritodynamia horvathi,crustacean,20,C,False,,False,possible
BM-SPECIES-005620,장님진흙살이게,Xenophthalmus pinnotheroides,crustacean,20,C,False,,False,possible
BM-SPECIES-005621,긴발목콩게,Ilyoplax tansuiensis,crustacean,20,C,False,,False,possible
BM-SPECIES-005622,넓적콩게,Ilyoplax pusilla,crustacean,20,C,False,,False,possible
BM-SPECIES-005623,펄털콩게,Ilyoplax pingi,crustacean,20,C,False,,False,possible
BM-SPECIES-005624,펄콩게,Ilyoplax deschampsi,crustacean,20,C,False,,False,possible
BM-SPECIES-005625,털콩게,Ilyoplax dentimerosa,crustacean,20,C,False,,False,possible
BM-SPECIES-005626,눈콩게,Scopimera bitympana,crustacean,20,C,False,,False,possible
BM-SPECIES-005627,엽낭게,Scopimera globosa,crustacean,20,C,False,,False,possible
BM-SPECIES-005628,발콩게,Scopimera longidactyla,crustacean,20,C,False,,False,possible
BM-SPECIES-005629,농게,Tubuca arcuata,crustacean,20,C,False,,False,possible
BM-SPECIES-005630,흰발농게,Austruca lactea,crustacean,20,C,False,,False,possible
BM-SPECIES-005631,꼬마유령달랑게,Ocypode ceratophthalmus,crustacean,20,C,False,,False,possible
BM-SPECIES-005632,도담달랑게,Ocypode sinensis,crustacean,20,C,False,,False,possible
BM-SPECIES-005633,달랑게,Ocypode stimpsoni,crustacean,20,C,False,,False,possible
BM-SPECIES-005634,하모달랑게,Ocypode cordimana,crustacean,20,C,False,,False,possible
BM-SPECIES-005635,지중해녹색꽃게,Carcinus aestuarii,crustacean,20,C,False,,False,possible
BM-SPECIES-005636,매끈꽃게,Carupa tenuipes,crustacean,20,C,False,,False,possible
BM-SPECIES-005637,두갈래민꽃게,Thalamita sima,crustacean,20,C,False,,False,possible
BM-SPECIES-005638,너두갈래민꽃게,Thalamita admete,crustacean,20,C,False,,False,possible
BM-SPECIES-005639,청색꽃게,Portunus pelagicus,crustacean,20,C,False,,False,possible
BM-SPECIES-005641,점박이꽃게,Portunus sanguinolentus,crustacean,20,C,False,,False,possible
BM-SPECIES-005642,꼬마두드러기꽃게,Monomia argentata,crustacean,20,C,False,,False,possible
BM-SPECIES-005643,두드러기꽃게,Monomia gladiator,crustacean,20,C,False,,False,possible
BM-SPECIES-005644,톱날꽃게,Scylla paramamosain,crustacean,20,C,False,,False,possible
BM-SPECIES-005645,예쁜무늬꽃게,Lissocarcinus laevis,crustacean,20,C,False,,False,possible
BM-SPECIES-005646,큰가시발새우,Metanephrops armatus,crustacean,20,C,False,,False,possible
BM-SPECIES-005647,가시발새우,Metanephrops thomsoni,crustacean,20,C,False,,False,possible
BM-SPECIES-005648,작은꼬마긴눈집게,Areopaguristes japonicus,crustacean,20,C,False,,False,possible
BM-SPECIES-005649,꼬마긴눈집게,Areopaguristes hirsutimanus,crustacean,20,C,False,,False,possible
BM-SPECIES-005650,흰발가락고리무늬집게,Ciliopagurus krempfi,crustacean,20,C,False,,False,possible
BM-SPECIES-005651,분홍고리무늬집게,Ciliopagurus strigatus,crustacean,20,C,False,,False,possible
BM-SPECIES-005653,털손넓적왼손집게,Diogenes pallescens,crustacean,20,C,False,,False,possible
BM-SPECIES-005654,털손왼손집게,Diogenes penicillatus,crustacean,20,C,False,,False,possible
BM-SPECIES-005655,긴왼손집게,Diogenes nitidimanus,crustacean,20,C,False,,False,possible
BM-SPECIES-005656,넓적왼손집게,Diogenes edwardsii,crustacean,20,C,False,,False,possible
BM-SPECIES-005657,긴넓적왼손집게,Diogenes deflectomanus,crustacean,20,C,False,,False,possible
BM-SPECIES-005658,가시긴마디긴눈집게,Paguristes acanthomerus,crustacean,20,C,False,,False,possible
BM-SPECIES-005659,갈색털보긴눈집게,Paguristes digitalis,crustacean,20,C,False,,False,possible
BM-SPECIES-005660,민무늬긴눈집게,Paguristes versus,crustacean,20,C,False,,False,possible
BM-SPECIES-005661,발가숭이긴눈집게,Paguristes seminudus,crustacean,20,C,False,,False,possible
BM-SPECIES-005662,털보긴눈집게,Paguristes ortmanni,crustacean,20,C,False,,False,possible
BM-SPECIES-005663,흰털왼손집게,Dardanus lagopodes,crustacean,20,C,False,,False,possible
BM-SPECIES-005664,벽돌길왼손집게,Dardanus crassimanus,crustacean,20,C,False,,False,possible
BM-SPECIES-005665,굵은눈왼손집게,Dardanus pedunculatus,crustacean,20,C,False,,False,possible
BM-SPECIES-005666,두드러기왼손집게,Dardanus impressus,crustacean,20,C,False,,False,possible
BM-SPECIES-005667,붉은점왼손집게,Dardanus aspersus,crustacean,20,C,False,,False,possible
BM-SPECIES-005668,털줄왼손집게,Dardanus arrosor,crustacean,20,C,False,,False,possible
BM-SPECIES-005669,청색가로가위집게,Clibanarius virescens,crustacean,20,C,False,,False,possible
BM-SPECIES-005670,얼룩작은참집게,Pagurixus fasciatus,crustacean,20,C,False,,False,possible
BM-SPECIES-005671,줄무늬참집게,Boninpagurus pilosipes,crustacean,20,C,False,,False,possible
BM-SPECIES-005672,얼룩꼬마참집게,Catapaguroides fragilis,crustacean,20,C,False,,False,possible
BM-SPECIES-005673,가로마루참집게,Nematopagurus lepidochirus,crustacean,20,C,False,,False,possible
BM-SPECIES-005674,큰조개집게,Porcellanopagurus japonicus,crustacean,20,C,False,,False,possible
BM-SPECIES-005675,조개치레참집게,Porcellanopagurus nihonkaiensis,crustacean,20,C,False,,False,possible
BM-SPECIES-005676,얼룩다리참집게,Pagurus decimbranchiae,crustacean,20,C,False,,False,possible
BM-SPECIES-005677,다섯줄참집게,Pagurus quinquelineatus,crustacean,20,C,False,,False,possible
BM-SPECIES-005678,제집줄참집게,Pagurus rectidactylus,crustacean,20,C,False,,False,possible
BM-SPECIES-005679,긴가시참집게,Pagurus parvispina,crustacean,20,C,False,,False,possible
BM-SPECIES-005680,붉은눈자루참집게,Pagurus japonicus,crustacean,20,C,False,,False,possible
BM-SPECIES-005681,갈색털손참집게,Pagurus simulans,crustacean,20,C,False,,False,possible
BM-SPECIES-005682,털다리참집게,Pagurus lanuginosus,crustacean,20,C,False,,False,possible
BM-SPECIES-005683,북방참집게,Pagurus ochotensis,crustacean,20,C,False,,False,possible
BM-SPECIES-005684,얼룩참집게,Pagurus rubrior,crustacean,20,C,False,,False,possible
BM-SPECIES-005685,큰발참집게,Pagurus conformis,crustacean,20,C,False,,False,possible
BM-SPECIES-005686,털손참집게,Pagurus brachiomastus,crustacean,20,C,False,,False,possible
BM-SPECIES-005687,주황얼룩참집게,Pagurus similis,crustacean,20,C,False,,False,possible
BM-SPECIES-005688,검은줄무늬참집게,Pagurus nigrivittatus,crustacean,20,C,False,,False,possible
BM-SPECIES-005689,혹손참집게,Pagurus undosus,crustacean,20,C,False,,False,possible
BM-SPECIES-005690,가시다리참집게,Pagurus spina,crustacean,20,C,False,,False,possible
BM-SPECIES-005691,검은털손참집게,Pagurus proximus,crustacean,20,C,False,,False,possible
BM-SPECIES-005692,일본참집게,Pagurus nipponensis,crustacean,20,C,False,,False,possible
BM-SPECIES-005693,검은참집게,Pagurus nigrofascia,crustacean,20,C,False,,False,possible
BM-SPECIES-005694,긴발가락참집게,Pagurus minutus,crustacean,20,C,False,,False,possible
BM-SPECIES-005695,긴다리참집게,Pagurus middendorffii,crustacean,20,C,False,,False,possible
BM-SPECIES-005696,가는몸참집게,Pagurus maculosus,crustacean,20,C,False,,False,possible
BM-SPECIES-005697,서도참집게,Pagurus imaii,crustacean,20,C,False,,False,possible
BM-SPECIES-005698,참집게,Pagurus filholi,crustacean,20,C,False,,False,possible
BM-SPECIES-005699,빗참집게,Pagurus pectinatus,crustacean,20,C,False,,False,possible
BM-SPECIES-005700,세모손참집게,Pagurus trigonocheirus,crustacean,20,C,False,,False,possible
BM-SPECIES-005701,제집참집게,Pagurus constans,crustacean,20,C,False,,False,possible
BM-SPECIES-005702,털발목참집게,Pagurus rathbuni,crustacean,20,C,False,,False,possible
BM-SPECIES-005703,납작손참집게,Pagurus gracilipes,crustacean,20,C,False,,False,possible
BM-SPECIES-005704,붉은줄무늬참집게,Pagurus erythrogrammus,crustacean,20,C,False,,False,possible
BM-SPECIES-005705,동도참집게,Pagurus exiguus,crustacean,20,C,False,,False,possible
BM-SPECIES-005706,오목손참집게,Elassochirus cavimanus,crustacean,20,C,False,,False,possible
BM-SPECIES-005707,작은배참집게,Labidochirus anomalus,crustacean,20,C,False,,False,possible
BM-SPECIES-005708,가시꼬리참집게,Diacanthurus ophthalmicus,crustacean,20,C,False,,False,possible
BM-SPECIES-005709,관참집게,Discorsopagurus tubicola,crustacean,20,C,False,,False,possible
BM-SPECIES-005710,대롱집게,Discorsopagurus maclaughlinae,crustacean,20,C,False,,False,possible
BM-SPECIES-005711,뿔조개집게,Pomatocheles jeffreysii,crustacean,20,C,False,,False,possible
BM-SPECIES-005712,털다리게붙이,Raphidopus ciliatus,crustacean,20,C,False,,False,possible
BM-SPECIES-005713,가시게붙이,Enosteoides ornatus,crustacean,20,C,False,,False,possible
BM-SPECIES-005714,산호게붙이,Lissoporcellana nakasonei,crustacean,20,C,False,,False,possible
BM-SPECIES-005715,알통게붙이,Pisidia serratifrons,crustacean,20,C,False,,False,possible
BM-SPECIES-005716,게붙이,Pachycheles stevensii,crustacean,20,C,False,,False,possible
BM-SPECIES-005717,털손게붙이,Pachycheles hertwigi,crustacean,20,C,False,,False,possible
BM-SPECIES-005718,매끈이게붙이,Porcellana pulchra,crustacean,20,C,False,,False,possible
BM-SPECIES-005719,밀집벌레게붙이,Polyonyx sinensis,crustacean,20,C,False,,False,possible
BM-SPECIES-005720,가시등붉은게붙이,Petrolisthes militaris,crustacean,20,C,False,,False,possible
BM-SPECIES-005721,갯가게붙이,Petrolisthes japonicus,crustacean,20,C,False,,False,possible
BM-SPECIES-005722,검붉은게붙이,Petrolisthes coccineus,crustacean,20,C,False,,False,possible
BM-SPECIES-005723,두발가락게붙이,Aliaporcellana pygmaea,crustacean,20,C,False,,False,possible
BM-SPECIES-005724,바늘이마새우붙이,Munida japonica,crustacean,20,C,False,,False,possible
BM-SPECIES-005725,주름바늘이마새우붙이,Munida pherusa,crustacean,20,C,False,,False,possible
BM-SPECIES-005726,큰손바늘이마새우붙이,Munida caesura,crustacean,20,C,False,,False,possible
BM-SPECIES-005727,사슴새우붙이,Cervimunida princeps,crustacean,20,C,False,,False,possible
BM-SPECIES-005728,가시새우붙이,Paramunida scabra,crustacean,20,C,False,,False,possible
BM-SPECIES-005729,짧은바늘이마새우붙이,Bathymunida brevirostris,crustacean,20,C,False,,False,possible
BM-SPECIES-005730,세로줄가시마디새우붙이,Raymunida lineata,crustacean,20,C,False,,False,possible
BM-SPECIES-005731,가시마디새우붙이,Raymunida formosanus,crustacean,20,C,False,,False,possible
BM-SPECIES-005732,나뭇잎새우붙이,Phylladiorhynchus integrus,crustacean,20,C,False,,False,possible
BM-SPECIES-005733,새우붙이,Galathea orientalis,crustacean,20,C,False,,False,possible
BM-SPECIES-005734,털보새우붙이,Galathea pubescens,crustacean,20,C,False,,False,possible
BM-SPECIES-005735,점박이새우붙이,Galathea rubromaculata,crustacean,20,C,False,,False,possible
BM-SPECIES-005736,발스새우붙이,Galathea balssi,crustacean,20,C,False,,False,possible
BM-SPECIES-005737,긴이마새우붙이,Allogalathea elegans,crustacean,20,C,False,,False,possible
BM-SPECIES-005738,제주새우아재비,Uroptychus zezuensis,crustacean,20,C,False,,False,possible
BM-SPECIES-005739,바다조름새우아재비,Uroptychus scandens,crustacean,20,C,False,,False,possible
BM-SPECIES-005740,북방게가재,Lophomastix japonica,crustacean,20,C,False,,False,possible
BM-SPECIES-005741,게가재,Blepharipoda liberata,crustacean,20,C,False,,False,possible
BM-SPECIES-005742,날개어리게,Cryptolithodes expansus,crustacean,20,C,False,,False,possible
BM-SPECIES-005743,조각어리게,Sculptolithodes derjugini,crustacean,20,C,False,,False,possible
BM-SPECIES-005744,청색왕게,Paralithodes platypus,crustacean,20,C,False,,False,possible
BM-SPECIES-005745,왕게,Paralithodes camtschaticus,crustacean,20,C,False,,False,possible
BM-SPECIES-005746,두드러기어리게,Oedignathus inermis,crustacean,20,C,False,,False,possible
BM-SPECIES-005747,가시투성어리게,Hapalogaster dentata,crustacean,20,C,False,,False,possible
BM-SPECIES-005748,매미새우,Scyllarides haanii,crustacean,20,C,False,,False,possible
BM-SPECIES-005749,꼬마매미새우,Galearctus kitanoviriosus,crustacean,20,C,False,,False,possible
BM-SPECIES-005750,투구매미새우,Galearctus timidus,crustacean,20,C,False,,False,possible
BM-SPECIES-005751,혹등매미새우,Petrarctus brevicornis,crustacean,20,C,False,,False,possible
BM-SPECIES-005752,예쁜매미새우,Chelarctus cultrifer,crustacean,20,C,False,,False,possible
BM-SPECIES-005753,둥근매미새우,Crenarctus bicuspidatus,crustacean,20,C,False,,False,possible
BM-SPECIES-005754,아홉니부채새우,Ibacus novemdentatus,crustacean,20,C,False,,False,possible
BM-SPECIES-005755,부채새우,Ibacus ciliatus,crustacean,20,C,False,,False,possible
BM-SPECIES-005756,짧은뿔새우,Processa sulcata,crustacean,20,C,False,,False,possible
BM-SPECIES-005757,잘피짧은뿔새우,Processa zostericola,crustacean,20,C,False,,False,possible
BM-SPECIES-005758,세모짧은뿔새우,Hayashidonus japonicus,crustacean,20,C,False,,False,possible
BM-SPECIES-005759,꼬마가시투성어리새우,Paracrangon abei,crustacean,20,C,False,,False,possible
BM-SPECIES-005760,가시투성어리새우,Paracrangon echinata,crustacean,20,C,False,,False,possible
BM-SPECIES-005761,꼬마자주새우,Crangon uritai,crustacean,20,C,False,,False,possible
BM-SPECIES-005762,등매끈자주새우,Crangon cassiope,crustacean,20,C,False,,False,possible
BM-SPECIES-005763,매끈자주새우,Crangon dalli,crustacean,20,C,False,,False,possible
BM-SPECIES-005764,자주새우,Crangon affinis,crustacean,20,C,False,,False,possible
BM-SPECIES-005765,마루자주새우,Crangon hakodatei,crustacean,20,C,False,,False,possible
BM-SPECIES-005766,홈자주새우,Syncrangon angusticauda,crustacean,20,C,False,,False,possible
BM-SPECIES-005767,곰보자주새우,Philocheras bidentatus,crustacean,20,C,False,,False,possible
BM-SPECIES-005768,석모자주새우,Sclerocrangon boreas,crustacean,20,C,False,,False,possible
BM-SPECIES-005769,혹등자주새우,Pontocaris sibogae,crustacean,20,C,False,,False,possible
BM-SPECIES-005770,가시자주새우,Metacrangon sinensis,crustacean,20,C,False,,False,possible
BM-SPECIES-005771,두가시자주새우,Neocrangon communis,crustacean,20,C,False,,False,possible
BM-SPECIES-005772,들창뿔자주새우,Neocrangon sagamiensis,crustacean,20,C,False,,False,possible
BM-SPECIES-005773,혹진흙새우,Argis hozawai,crustacean,20,C,False,,False,possible
BM-SPECIES-005774,진흙새우,Argis lar,crustacean,20,C,False,,False,possible
BM-SPECIES-005775,가시진흙새우,Argis toyamaensis,crustacean,20,C,False,,False,possible
BM-SPECIES-005776,톱등자주새우,Aegaeon lacazei,crustacean,20,C,False,,False,possible
BM-SPECIES-005777,끄덕새우,Rhynchocinetes uritai,crustacean,20,C,False,,False,possible
BM-SPECIES-005778,긴손가락새우,Parastylodactylus bimaxillaris,crustacean,20,C,False,,False,possible
BM-SPECIES-005779,큰돗대기새우,Pasiphaea japonica,crustacean,20,C,False,,False,possible
BM-SPECIES-005780,돗대기새우,Leptochela gracilis,crustacean,20,C,False,,False,possible
BM-SPECIES-005781,둥근돗대기새우,Leptochela sydniensis,crustacean,20,C,False,,False,possible
BM-SPECIES-005782,작은손해면더부살이새우,Anchistioides compressus,crustacean,20,C,False,,False,possible
BM-SPECIES-005785,고리손가락새우,Hamodactylus boschmai,crustacean,20,C,False,,False,possible
BM-SPECIES-005789,키조개새우,Conchodytes nipponensis,crustacean,20,C,False,,False,possible
BM-SPECIES-005790,해면살이새우,Thaumastocaris streptopus,crustacean,20,C,False,,False,possible
BM-SPECIES-005791,예쁜점유령새우,Actinimenes ornatus,crustacean,20,C,False,,False,possible
BM-SPECIES-005795,예쁜이해면속살이새우,Periclimenaeus gorgonidarum,crustacean,20,C,False,,False,possible
BM-SPECIES-005796,꼬마발톱새우,Onycocaris callyspongiae,crustacean,20,C,False,,False,possible
BM-SPECIES-005797,큰다리유령새우,Cuapetes grandis,crustacean,20,C,False,,False,possible
BM-SPECIES-005798,줄새우아재비,Palaemon serrifer,crustacean,20,C,False,,False,possible
BM-SPECIES-005799,그라비새우,Palaemon gravieri,crustacean,20,C,False,,False,possible
BM-SPECIES-005800,태평줄새우,Palaemon pacificus,crustacean,20,C,False,,False,possible
BM-SPECIES-005801,흰새우,Palaemon orientis,crustacean,20,C,False,,False,possible
BM-SPECIES-005802,고동무늬긴뿔새우,Palaemon tenuidactylus,crustacean,20,C,False,,False,possible
BM-SPECIES-005803,붉은줄참새우,Palaemon macrodactylus,crustacean,20,C,False,,False,possible
BM-SPECIES-005804,밀새우,Palaemon carinicauda,crustacean,20,C,False,,False,possible
BM-SPECIES-005805,긴발줄새우,Palaemon ortmanni,crustacean,20,C,False,,False,possible
BM-SPECIES-005806,실다리밀새우,Palaemon annandalei,crustacean,20,C,False,,False,possible
BM-SPECIES-005807,광동줄새우,Palaemon guangdongensis,crustacean,20,C,False,,False,possible
BM-SPECIES-005808,꼬리점유령새우,Ancylocaris brevicarpalis,crustacean,20,C,False,,False,possible
BM-SPECIES-005809,줄무늬꼬마새우,Lysmata vittata,crustacean,20,C,False,,False,possible
BM-SPECIES-005810,예쁜이줄무늬꼬마새우,Lysmata amboinensis,crustacean,20,C,False,,False,possible
BM-SPECIES-005811,가시배새우,Lebbeus armatus,crustacean,20,C,False,,False,possible
BM-SPECIES-005812,북방가시배새우,Lebbeus polaris,crustacean,20,C,False,,False,possible
BM-SPECIES-005813,알래스카가시배새우,Lebbeus unalaskensis,crustacean,20,C,False,,False,possible
BM-SPECIES-005814,색동가시배새우,Lebbeus speciosus,crustacean,20,C,False,,False,possible
BM-SPECIES-005815,각시가시배새우,Lebbeus grandimanus,crustacean,20,C,False,,False,possible
BM-SPECIES-005816,갯고사리새우,Lebbeus comanthi,crustacean,20,C,False,,False,possible
BM-SPECIES-005817,어리꼬마새우,Birulia kishinouyei,crustacean,20,C,False,,False,possible
BM-SPECIES-005818,톱등큰꼬마새우,Spirontocaris spinus,crustacean,20,C,False,,False,possible
BM-SPECIES-005819,북방좁은뿔꼬마새우,Heptacarpus acuticarinatus,crustacean,20,C,False,,False,possible
BM-SPECIES-005820,긴좁은뿔꼬마새우,Heptacarpus pandaloides,crustacean,20,C,False,,False,possible
BM-SPECIES-005821,대진좁은뿔꼬마새우,Heptacarpus igarashii,crustacean,20,C,False,,False,possible
BM-SPECIES-005822,절좁은뿔꼬마새우,Heptacarpus futilirostris,crustacean,20,C,False,,False,possible
BM-SPECIES-005823,동해좁은뿔꼬마새우,Heptacarpus jordani,crustacean,20,C,False,,False,possible
BM-SPECIES-005824,혹등좁은뿔꼬마새우,Heptacarpus geniculatus,crustacean,20,C,False,,False,possible
BM-SPECIES-005825,좁은뿔꼬마새우,Heptacarpus rectirostris,crustacean,20,C,False,,False,possible
BM-SPECIES-005826,긴뿔갯가꼬마새우,Eualus kuratai,crustacean,20,C,False,,False,possible
BM-SPECIES-005827,분홍갯가꼬마새우,Eualus spathulirostris,crustacean,20,C,False,,False,possible
BM-SPECIES-005828,집게발꼬마새우,Eualus biunguis,crustacean,20,C,False,,False,possible
BM-SPECIES-005829,잘피갯가꼬마새우,Eualus leptognathus,crustacean,20,C,False,,False,possible
BM-SPECIES-005830,갯가꼬마새우,Eualus sinensis,crustacean,20,C,False,,False,possible
BM-SPECIES-005831,북방갯가꼬마새우,Eualus middendorffi,crustacean,20,C,False,,False,possible
BM-SPECIES-005832,가는몸꼬마새우,Eualus macilentus,crustacean,20,C,False,,False,possible
BM-SPECIES-005833,두발톱꼬마딱총새우,Athanas parvus,crustacean,20,C,False,,False,possible
BM-SPECIES-005834,꼬마딱총새우,Athanas japonicus,crustacean,20,C,False,,False,possible
BM-SPECIES-005835,매끈이딱총새우,Stenalpheops koreanus,crustacean,20,C,False,,False,possible
BM-SPECIES-005836,등매끈딱총새우,Arete dorsalis,crustacean,20,C,False,,False,possible
BM-SPECIES-005837,옴발딱총새우,Betaeus granulimanus,crustacean,20,C,False,,False,possible
BM-SPECIES-005838,매끈손딱총새우,Betaeus gelasinifer,crustacean,20,C,False,,False,possible
BM-SPECIES-005839,가는손가락딱총새우,Salmoneus gracilipes,crustacean,20,C,False,,False,possible
BM-SPECIES-005840,측면납작딱총새우,Alpheus compressus,crustacean,20,C,False,,False,possible
BM-SPECIES-005841,장갑딱총새우,Alpheus hoplocheles,crustacean,20,C,False,,False,possible
BM-SPECIES-005842,스푼발가락딱총새우,Alpheus richardsoni,crustacean,20,C,False,,False,possible
BM-SPECIES-005843,홈발딱총새우,Alpheus bisincisus,crustacean,20,C,False,,False,possible
BM-SPECIES-005844,긴원통발딱총새우,Alpheus paracrinitus,crustacean,20,C,False,,False,possible
BM-SPECIES-005845,딱총새우,Alpheus brevicristatus,crustacean,20,C,False,,False,possible
BM-SPECIES-005846,태평딱총새우,Alpheus pacificus,crustacean,20,C,False,,False,possible
BM-SPECIES-005847,긴발딱총새우,Alpheus japonicus,crustacean,20,C,False,,False,possible
BM-SPECIES-005848,큰손딱총새우,Alpheus digitalis,crustacean,20,C,False,,False,possible
BM-SPECIES-005849,알바트로스딱총새우,Alpheus albatrossae,crustacean,20,C,False,,False,possible
BM-SPECIES-005850,날씬이딱총새우,Alpheus sudara,crustacean,20,C,False,,False,possible
BM-SPECIES-005851,갯가딱총새우,Alpheus lobidens,crustacean,20,C,False,,False,possible
BM-SPECIES-005852,원통발딱총새우,Alpheus paralcyone,crustacean,20,C,False,,False,possible
BM-SPECIES-005853,해면원통발딱총새우,Alpheus spongiarum,crustacean,20,C,False,,False,possible
BM-SPECIES-005854,긴손가락딱총새우,Alpheus malabaricus,crustacean,20,C,False,,False,possible
BM-SPECIES-005855,세이마뿔딱총새우,Synalpheus tumidomanus,crustacean,20,C,False,,False,possible
BM-SPECIES-005856,큰발톱세이마뿔딱총새우,Synalpheus neomeris,crustacean,20,C,False,,False,possible
BM-SPECIES-005857,제주세이마뿔딱총새우,Synalpheus jejuensis,crustacean,20,C,False,,False,possible
BM-SPECIES-005858,톱날구기딱총새우,Prionalpheus sulu,crustacean,20,C,False,,False,possible
BM-SPECIES-005859,나안딱총새우,Automate dolichognatha,crustacean,20,C,False,,False,possible
BM-SPECIES-005860,뿔눈새우,Ogyrides orientalis,crustacean,20,C,False,,False,possible
BM-SPECIES-005861,다모꼬마새우,Tozeuma tomentosum,crustacean,20,C,False,,False,possible
BM-SPECIES-005862,꼬마새우,Hippolyte acuta,crustacean,20,C,False,,False,possible
BM-SPECIES-005863,넓적뿔꼬마새우,Latreutes planirostris,crustacean,20,C,False,,False,possible
BM-SPECIES-005864,날씬넓적뿔꼬마새우,Latreutes acicularis,crustacean,20,C,False,,False,possible
BM-SPECIES-005865,남방넓적뿔꼬마새우,Latreutes mucronatus,crustacean,20,C,False,,False,possible
BM-SPECIES-005866,긴넓적뿔꼬마새우,Latreutes laminirostris,crustacean,20,C,False,,False,possible
BM-SPECIES-005867,매끈등꼬마새우,Latreutes anoplonyx,crustacean,20,C,False,,False,possible
BM-SPECIES-005869,남방도화새우,Pandalus gracilis,crustacean,20,C,False,,False,possible
BM-SPECIES-005870,좁은비늘도화새우,Pandalus prensor,crustacean,20,C,False,,False,possible
BM-SPECIES-005871,북쪽분홍새우,Pandalus eous,crustacean,20,C,False,,False,possible
BM-SPECIES-005872,물렁가시붉은새우,Pandalus japonica,crustacean,20,C,False,,False,possible
BM-SPECIES-005873,줄무늬도화새우,Pandalus latirostris,crustacean,20,C,False,,False,possible
BM-SPECIES-005874,도화새우,Pandalus hypsinotus,crustacean,20,C,False,,False,possible
BM-SPECIES-005875,두마디새우,Chlorotocus crassicornis,crustacean,20,C,False,,False,possible
BM-SPECIES-005876,동방꼬마도화새우,Plesionika orientalis,crustacean,20,C,False,,False,possible
BM-SPECIES-005877,점박이꼬마도화새우,Plesionika izumiae,crustacean,20,C,False,,False,possible
BM-SPECIES-005878,긴줄꼬마도화새우,Plesionika ortmanni,crustacean,20,C,False,,False,possible
BM-SPECIES-005879,큰점꼬마도화새우,Plesionika lophotes,crustacean,20,C,False,,False,possible
BM-SPECIES-005880,줄무늬꼬마도화새우,Plesionika grandis,crustacean,20,C,False,,False,possible
BM-SPECIES-005881,흰줄꼬마도화새우,Plesionika narval,crustacean,20,C,False,,False,possible
BM-SPECIES-005882,가시도화새우,Procletes levicarina,crustacean,20,C,False,,False,possible
BM-SPECIES-005883,바위게,Pachygrapsus crassipes,crustacean,20,C,False,,False,possible
BM-SPECIES-005884,붉은발말똥게,Sesarmops intermedius,crustacean,20,C,False,,False,possible
BM-SPECIES-005885,꼬마사각게,Nanosesarma minutum,crustacean,20,C,False,,False,possible
BM-SPECIES-005886,단모뭉치게,Clistocoeloma villosum,crustacean,20,C,False,,False,possible
BM-SPECIES-005887,메르귀게,Clistocoeloma merguiense,crustacean,20,C,False,,False,possible
BM-SPECIES-005888,두이빨사각게,Parasesarma bidens,crustacean,20,C,False,,False,possible
BM-SPECIES-005889,가지게,Parasesarma plicatum,crustacean,20,C,False,,False,possible
BM-SPECIES-005890,사각게,Parasesarma pictum,crustacean,20,C,False,,False,possible
BM-SPECIES-005891,붉은발사각게,Parasesarma tripectinis,crustacean,20,C,False,,False,possible
BM-SPECIES-005892,도둑게,Chiromantes haematocheir,crustacean,20,C,False,,False,possible
BM-SPECIES-005893,말똥게,Chiromantes dehaani,crustacean,20,C,False,,False,possible
BM-SPECIES-005894,기수참게,Varuna yui,crustacean,20,C,False,,False,possible
BM-SPECIES-005895,참게,Eriocheir sinensis,crustacean,20,C,False,,False,possible
BM-SPECIES-005896,동남참게,Eriocheir japonica,crustacean,20,C,False,,False,possible
BM-SPECIES-005897,갈게,Helice tientsinensis,crustacean,20,C,False,,False,possible
BM-SPECIES-005898,방게,Helice tridens,crustacean,20,C,False,,False,possible
BM-SPECIES-005899,비단게,Cyclograpsus intermedius,crustacean,20,C,False,,False,possible
BM-SPECIES-005900,작은애기비단게,Sestrostoma toriumii,crustacean,20,C,False,,False,possible
BM-SPECIES-005901,큰애기비단게,Sestrostoma balssi,crustacean,20,C,False,,False,possible
BM-SPECIES-005902,애기참게,Neoeriocheir leptognathus,crustacean,20,C,False,,False,possible
BM-SPECIES-005903,납작게,Gaetice depressus,crustacean,20,C,False,,False,possible
BM-SPECIES-005904,털보꼬마풀게,Hemigrapsus sinensis,crustacean,20,C,False,,False,possible
BM-SPECIES-005905,긴종아리풀게,Hemigrapsus longitarsis,crustacean,20,C,False,,False,possible
BM-SPECIES-005906,털다발풀게,Hemigrapsus takanoi,crustacean,20,C,False,,False,possible
BM-SPECIES-005907,풀게,Hemigrapsus penicillatus,crustacean,20,C,False,,False,possible
BM-SPECIES-005908,무늬발게,Hemigrapsus sanguineus,crustacean,20,C,False,,False,possible
BM-SPECIES-005909,갯게,Chasmagnathus convexus,crustacean,20,C,False,,False,possible
BM-SPECIES-005910,수동방게,Helicana japonica,crustacean,20,C,False,,False,possible
BM-SPECIES-005911,참방게,Helicana wuana,crustacean,20,C,False,,False,possible
BM-SPECIES-005912,남방방게,Pseudohelice subquadrata,crustacean,20,C,False,,False,possible
BM-SPECIES-005913,납작등게,Asthenognathus inaequipes,crustacean,20,C,False,,False,possible
BM-SPECIES-005914,애기비단게,Acmaeopleura parvula,crustacean,20,C,False,,False,possible
BM-SPECIES-005915,톱장절게,Guinusia dentipes,crustacean,20,C,False,,False,possible
BM-SPECIES-005916,한톱장절게,Plagusia squamosa,crustacean,20,C,False,,False,possible
BM-SPECIES-005917,왕밤송이게,Telmessus acutidens,crustacean,20,C,False,,False,possible
BM-SPECIES-005918,밤송이게,Telmessus cheiragonus,crustacean,20,C,False,,False,possible
BM-SPECIES-005919,털게,Erimacrus isenbeckii,crustacean,20,C,False,,False,possible
BM-SPECIES-005920,뿔밤송이게,Trichopeltarion balssi,crustacean,20,C,False,,False,possible
BM-SPECIES-005921,털다발죽마게,Crossotonotus spinipes,crustacean,20,C,False,,False,possible
BM-SPECIES-005922,긴눈자루게,Homola orientalis,crustacean,20,C,False,,False,possible
BM-SPECIES-005923,큰긴눈자루게,Moloha major,crustacean,20,C,False,,False,possible
BM-SPECIES-005924,민긴눈자루게,Homolomannia sibogae,crustacean,20,C,False,,False,possible
BM-SPECIES-005925,사각사슴게,Latreillopsis bispinosa,crustacean,20,C,False,,False,possible
BM-SPECIES-005926,사슴게,Eplumula phalangium,crustacean,20,C,False,,False,possible
BM-SPECIES-005927,얼룩다리사슴게,Latreillia valida,crustacean,20,C,False,,False,possible
BM-SPECIES-005928,뾰족이빨게,Henicoplax nitida,crustacean,20,C,False,,False,possible
BM-SPECIES-005929,무딘이빨게,Eucrate crenata,crustacean,20,C,False,,False,possible
BM-SPECIES-005930,남방원숭이게,Singhaplax styrax,crustacean,20,C,False,,False,possible
BM-SPECIES-005931,털보원숭이게,Entricoplax vestita,crustacean,20,C,False,,False,possible
BM-SPECIES-005932,원숭이게,Carcinoplax longimana,crustacean,20,C,False,,False,possible
BM-SPECIES-005933,높은눈원숭이게,Neogoneplax renoculis,crustacean,20,C,False,,False,possible
BM-SPECIES-005934,조개치레,Heikeopsis japonica,crustacean,20,C,False,,False,possible
BM-SPECIES-005935,옴조개치레,Paradorippe granulata,crustacean,20,C,False,,False,possible
BM-SPECIES-005936,개량조개속살이게,Nepinnotheres tsingtaoensis,crustacean,20,C,False,,False,possible
BM-SPECIES-005937,범게,Orithyia sinica,crustacean,20,C,False,,False,possible
BM-SPECIES-005938,매끈콩알게,Litosus sexspinosus,crustacean,20,C,False,,False,possible
BM-SPECIES-005939,콩알게,Paratymolus pubescens,crustacean,20,C,False,,False,possible
BM-SPECIES-005940,왕부채게,Hypothalassia armata,crustacean,20,C,False,,False,possible
BM-SPECIES-005941,성산부채게,Eriphia smithii,crustacean,20,C,False,,False,possible
BM-SPECIES-005942,비단부채게,Sphaerozius nitidus,crustacean,20,C,False,,False,possible
BM-SPECIES-005943,소름묻히,Petalomera granulata,crustacean,20,C,False,,False,possible
BM-SPECIES-005944,갯솜묻히,Paradromia japonica,crustacean,20,C,False,,False,possible
BM-SPECIES-005945,중간해면치레,Lauridromia intermedia,crustacean,20,C,False,,False,possible
BM-SPECIES-005946,해면치레,Lauridromia dehaani,crustacean,20,C,False,,False,possible
BM-SPECIES-005947,털보해면치레,Lewindromia unidentata,crustacean,20,C,False,,False,possible
BM-SPECIES-005948,솜털묻히,Metadromia wilsoni,crustacean,20,C,False,,False,possible
BM-SPECIES-005949,갯가해면치레,Cryptodromia tumida,crustacean,20,C,False,,False,possible
BM-SPECIES-005950,긴수염게,Jonas distinctus,crustacean,20,C,False,,False,possible
BM-SPECIES-005951,금게,Matuta victor,crustacean,20,C,False,,False,possible
BM-SPECIES-005952,그물무늬금게,Matuta planipes,crustacean,20,C,False,,False,possible
BM-SPECIES-005953,세가시금게붙이,Mursia trispinosa,crustacean,20,C,False,,False,possible
BM-SPECIES-005954,금게붙이,Mursia armata,crustacean,20,C,False,,False,possible
BM-SPECIES-005955,제주만두게,Cycloes granulosa,crustacean,20,C,False,,False,possible
BM-SPECIES-005956,간만두게,Calappa hepatica,crustacean,20,C,False,,False,possible
BM-SPECIES-005957,톱만두게,Calappa clypeata,crustacean,20,C,False,,False,possible
BM-SPECIES-005958,범무늬만두게,Calappa lophos,crustacean,20,C,False,,False,possible
BM-SPECIES-005959,안경만두게,Calappa philargius,crustacean,20,C,False,,False,possible
BM-SPECIES-005960,가시비파게,Lyreidus tridentatus,crustacean,20,C,False,,False,possible
BM-SPECIES-005961,비파게,Lyreidus stenops,crustacean,20,C,False,,False,possible
BM-SPECIES-005962,왕관밤게,Pariphiculus coronatus,crustacean,20,C,False,,False,possible
BM-SPECIES-005963,톱날밤게,Iphiculus spongiosus,crustacean,20,C,False,,False,possible
BM-SPECIES-005964,여섯발게,Mariaplax anfracta,crustacean,20,C,False,,False,possible
BM-SPECIES-005965,꼬마조개치레,Tymolus japonicus,crustacean,20,C,False,,False,possible
BM-SPECIES-005966,여섯니세스랑게,Camptandrium sexdentatum,crustacean,20,C,False,,False,possible
BM-SPECIES-005967,무당게,Deiratonotus cristatus,crustacean,20,C,False,,False,possible
BM-SPECIES-005968,세스랑게,Cleistostoma dilatatum,crustacean,20,C,False,,False,possible
BM-SPECIES-005969,깨다시꽃게,Ovalipes punctatus,crustacean,20,C,False,,False,possible
BM-SPECIES-005970,여섯갈래민꽃게,Thranita pelsarti,crustacean,20,C,False,,False,possible
BM-SPECIES-005971,주름꽃게,Liocarcinus corrugatus,crustacean,20,C,False,,False,possible
BM-SPECIES-005972,두드러기은행게,Romaleon gibbosulum,crustacean,20,C,False,,False,possible
BM-SPECIES-005973,꼬마은행게,Glebocarcinus amphioetus,crustacean,20,C,False,,False,possible
BM-SPECIES-005974,은행게,Anatolikos japonicus,crustacean,20,C,False,,False,possible
BM-SPECIES-005975,별젓새우,Deosergestes seminudus,crustacean,20,C,False,,False,possible
BM-SPECIES-005976,젓새우,Acetes japonicus,crustacean,20,C,False,,False,possible
BM-SPECIES-005977,중국젓새우,Acetes chinensis,crustacean,20,C,False,,False,possible
BM-SPECIES-005978,남방꽃젓새우,Challengerosergia talismani,crustacean,20,C,False,,False,possible
BM-SPECIES-005979,꽃젓새우,Lucensosergia lucens,crustacean,20,C,False,,False,possible
BM-SPECIES-005980,한센창새우,Belzebub hanseni,crustacean,20,C,False,,False,possible
BM-SPECIES-005981,깃털창새우,Belzebub penicillifer,crustacean,20,C,False,,False,possible
BM-SPECIES-005982,중간창새우,Belzebub intermedius,crustacean,20,C,False,,False,possible
BM-SPECIES-005983,췌이스창새우,Belzebub chacei,crustacean,20,C,False,,False,possible
BM-SPECIES-005984,전형창새우,Lucifer typus,crustacean,20,C,False,,False,possible
BM-SPECIES-005985,매끈대롱수염새우,Hadropenaeus lucasii,crustacean,20,C,False,,False,possible
BM-SPECIES-005986,주작대롱수염새우,Hymenopenaeus equalis,crustacean,20,C,False,,False,possible
BM-SPECIES-005988,짧은대롱수염새우,Solenocera pectinulata,crustacean,20,C,False,,False,possible
BM-SPECIES-005989,대롱수염새우,Solenocera melantho,crustacean,20,C,False,,False,possible
BM-SPECIES-005990,꼬마대롱수염새우,Solenocera comata,crustacean,20,C,False,,False,possible
BM-SPECIES-005991,긴대롱수염새우,Solenocera koelbeli,crustacean,20,C,False,,False,possible
BM-SPECIES-005992,마루대롱수염새우,Solenocera alticarinata,crustacean,20,C,False,,False,possible
BM-SPECIES-005993,바위새우,Sicyonia truncata,crustacean,20,C,False,,False,possible
BM-SPECIES-005994,꽃새우,Trachysalambria curvirostris,crustacean,20,C,False,,False,possible
BM-SPECIES-005995,곧은뿔중하,Metapenaeus ensis,crustacean,20,C,False,,False,possible
BM-SPECIES-005996,중하,Metapenaeus joyneri,crustacean,20,C,False,,False,possible
BM-SPECIES-005997,대하,Penaeus chinensis,crustacean,20,C,False,,False,possible
BM-SPECIES-005998,남방보리새우,Penaeus latisulcatus,crustacean,20,C,False,,False,possible
BM-SPECIES-005999,홍다리얼룩새우,Penaeus semisulcatus,crustacean,20,C,False,,False,possible
BM-SPECIES-006000,보리새우,Penaeus japonicus,crustacean,20,C,False,,False,possible
BM-SPECIES-006001,얼룩새우,Penaeus monodon,crustacean,20,C,False,,False,possible
BM-SPECIES-006002,좁은뿔민꽃새우,Parapenaeus sextuberculatus,crustacean,20,C,False,,False,possible
BM-SPECIES-006003,마루민꽃새우,Parapenaeus lanceolatus,crustacean,20,C,False,,False,possible
BM-SPECIES-006004,짧은뿔민꽃새우,Parapenaeus fissurus,crustacean,20,C,False,,False,possible
BM-SPECIES-006005,남방민꽃새우,Parapenaeus australiensis,crustacean,20,C,False,,False,possible
BM-SPECIES-006007,긴뿔민새우,Mierspenaeopsis hardwickii,crustacean,20,C,False,,False,possible
BM-SPECIES-006009,산모양깔깔새우,Metapenaeopsis dalei,crustacean,20,C,False,,False,possible
BM-SPECIES-006010,깔깔새우,Metapenaeopsis barbata,crustacean,20,C,False,,False,possible
BM-SPECIES-006011,남방깔깔새우,Metapenaeopsis toloensis,crustacean,20,C,False,,False,possible
BM-SPECIES-006013,곧은뿔깔깔새우,Metapenaeopsis kyushuensis,crustacean,20,C,False,,False,possible
BM-SPECIES-006014,어리보리새우,Atypopenaeus stenodactylus,crustacean,20,C,False,,False,possible
BM-SPECIES-006015,민새우,Batepenaeopsis tenella,crustacean,20,C,False,,False,possible
BM-SPECIES-006016,쏙붙이,Neotrypaea japonica,crustacean,20,C,False,,False,possible
BM-SPECIES-006017,가는팔쏙붙이,Neotrypaea petalura,crustacean,20,C,False,,False,possible
BM-SPECIES-006018,가재아재비,Boasaxius princeps,crustacean,20,C,False,,False,possible
BM-SPECIES-006019,남방가재아재비,Calocarides habereri,crustacean,20,C,False,,False,possible
BM-SPECIES-006020,가지뿔닭새우,Panulirus penicillatus,crustacean,20,C,False,,False,possible
BM-SPECIES-006021,흰줄닭새우,Panulirus versicolor,crustacean,20,C,False,,False,possible
BM-SPECIES-006022,마닭새우,Panulirus stimpsoni,crustacean,20,C,False,,False,possible
BM-SPECIES-006023,닭새우,Panulirus japonicus,crustacean,20,C,False,,False,possible
BM-SPECIES-006024,펄닭새우,Linuparus trigonus,crustacean,20,C,False,,False,possible
BM-SPECIES-006025,한가시이마쏙,Austinogebia monospina,crustacean,20,C,False,,False,possible
BM-SPECIES-006026,가시이마쏙,Austinogebia wuhsienweni,crustacean,20,C,False,,False,possible
BM-SPECIES-006027,요코야쏙,Upogebia yokoyai,crustacean,20,C,False,,False,possible
BM-SPECIES-006028,쏙,Upogebia major,crustacean,20,C,False,,False,possible
BM-SPECIES-006029,밤쏙,Upogebia issaeffi,crustacean,20,C,False,,False,possible
BM-SPECIES-006030,가재붙이,Laomedia astacina,crustacean,20,C,False,,False,possible
BM-SPECIES-006031,붉은꼬마청소새우,Odontozona arbur,crustacean,20,C,False,,False,possible
BM-SPECIES-006032,청소새우,Stenopus hispidus,crustacean,20,C,False,,False,possible
BM-SPECIES-006033,해로새우,Spongicola venustus,crustacean,20,C,False,,False,possible
BM-SPECIES-006085,두드럭옆올챙이새우,Cumella glaberata,crustacean,20,C,False,,False,possible
BM-SPECIES-006086,큰곰보옆올챙이새우,Cumella sadoensis,crustacean,20,C,False,,False,possible
BM-SPECIES-006087,작은곰보옆올챙이새우,Cumella rigida,crustacean,20,C,False,,False,possible
BM-SPECIES-006088,두줄곰보옆올챙이새우,Cumella alveata,crustacean,20,C,False,,False,possible
BM-SPECIES-006089,가시등옆올챙이새우,Cumella arguta,crustacean,20,C,False,,False,possible
BM-SPECIES-006090,황해참올챙이새우,Bodotria hwanghaensis,crustacean,20,C,False,,False,possible
BM-SPECIES-006091,곰보두줄참올챙이새우,Bodotria biplicata,crustacean,20,C,False,,False,possible
BM-SPECIES-006092,네모참올챙이새우,Bodotria carinata,crustacean,20,C,False,,False,possible
BM-SPECIES-006093,제주참올챙이새우,Bodotria jejuensis,crustacean,20,C,False,,False,possible
BM-SPECIES-006094,한줄곰보참올챙이새우,Bodotria pseudomaculosa,crustacean,20,C,False,,False,possible
BM-SPECIES-006095,잔가시투성참올챙이새우,Bodotria paraspinifera,crustacean,20,C,False,,False,possible
BM-SPECIES-006096,한줄참올챙이새우,Bodotria similis,crustacean,20,C,False,,False,possible
BM-SPECIES-006097,두줄참올챙이새우,Bodotria parva,crustacean,20,C,False,,False,possible
BM-SPECIES-006098,혹등참올챙이새우,Bodotria ovalis,crustacean,20,C,False,,False,possible
BM-SPECIES-006099,민두마디참올챙이새우,Bodotria incarinata,crustacean,20,C,False,,False,possible
BM-SPECIES-006100,세갈래꼬리투구옆새우,Synopia trifidilla,crustacean,20,C,False,,False,possible
BM-SPECIES-006101,민가시붙은꼬리옆새우,Guernea nullispina,crustacean,20,C,False,,False,possible
BM-SPECIES-006102,둥근붙은꼬리옆새우,Guernea terelamina,crustacean,20,C,False,,False,possible
BM-SPECIES-006103,넓적다리붙은꼬리옆새우,Gammaropsis utinomii,crustacean,20,C,False,,False,possible
BM-SPECIES-006104,꼬마채찍해조숨이옆새우,Protohyale plumila,crustacean,20,C,False,,False,possible
BM-SPECIES-006105,혹등손해조숨이옆새우,Protohyale latimana,crustacean,20,C,False,,False,possible
BM-SPECIES-006106,오목손해조숨이옆새우,Protohyale kajiharai,crustacean,20,C,False,,False,possible
BM-SPECIES-006107,큰눈해조숨이옆새우,Protohyale magnaocularis,crustacean,20,C,False,,False,possible
BM-SPECIES-006108,세모손해조숨이옆새우,Protohyale triangulata,crustacean,20,C,False,,False,possible
BM-SPECIES-006109,가시옷멜리타옆새우,Ceradocus koreanus,crustacean,20,C,False,,False,possible
BM-SPECIES-006110,제주예소옆새우,Jesogammarus hinumensis,crustacean,20,C,False,,False,possible
BM-SPECIES-006111,작은곤쟁이,Anisomysis ijimai,crustacean,20,C,False,,False,possible
BM-SPECIES-016517,강변도약옆새우,Platorchestia japonica,crustacean,20,C,False,,False,possible
BM-SPECIES-016518,대구우물좀벌레,Mackinia coreana,crustacean,20,C,False,,False,possible
BM-SPECIES-016519,긴우물벌레,Phreatoasellus joianus,crustacean,20,C,False,,False,possible
BM-SPECIES-016521,멧강구,Ligidium koreanum,crustacean,20,C,False,,False,possible
BM-SPECIES-016533,가재,Cambaroides similis,crustacean,20,C,False,,False,possible
BM-SPECIES-016534,생이,Paratya compressa,crustacean,20,C,False,,False,possible
BM-SPECIES-016535,제주새뱅이,Neocaridina keunbaei,crustacean,20,C,False,,False,possible
BM-SPECIES-016536,한국새뱅이,Neocaridina koreana,crustacean,20,C,False,,False,possible
BM-SPECIES-016538,얼룩생이,Caridina leucosticta,crustacean,20,C,False,,False,possible
BM-SPECIES-016539,왜생이,Caridina multidentata,crustacean,20,C,False,,False,possible
BM-SPECIES-016540,각시흰새우,Palaemon modestus,crustacean,20,C,False,,False,possible
BM-SPECIES-016541,줄새우,Palaemon paucidens,crustacean,20,C,False,,False,possible
BM-SPECIES-016542,미야디새우,Palaemon miyadii,crustacean,20,C,False,,False,possible
BM-SPECIES-016543,긴발징거미새우,Macrobrachium formosense,crustacean,20,C,False,,False,possible
BM-SPECIES-016544,왕징거미새우,Macrobrachium japonicum,crustacean,20,C,False,,False,possible
BM-SPECIES-016545,두드럭징거미새우,Macrobrachium koreana,crustacean,20,C,False,,False,possible
BM-SPECIES-016546,징거미새우,Macrobrachium nipponense,crustacean,20,C,False,,False,possible
BM-SPECIES-001555,꼬마말발조개,Axinopsida subquadrata,bivalve,18,C,False,,False,possible
BM-SPECIES-001556,곧은줄꽃잎조개,Liralucina plicatula,bivalve,18,C,False,,False,possible
BM-SPECIES-001557,보름달꽃잎조개,Pseudolucinisca japonica,bivalve,18,C,False,,False,possible
BM-SPECIES-001558,둥근달꽃잎조개,Ctena bella,bivalve,18,C,False,,False,possible
BM-SPECIES-001559,쌍가르마꽃잎조개,Divalucina soyoae,bivalve,18,C,False,,False,possible
BM-SPECIES-001560,잔주름꽃잎조개,Chavania striata,bivalve,18,C,False,,False,possible
BM-SPECIES-001561,요시다꽃잎조개,Lucinoma yoshidai,bivalve,18,C,False,,False,possible
BM-SPECIES-001562,둥근고리꽃잎조개,Lucinoma soliditesta,bivalve,18,C,False,,False,possible
BM-SPECIES-001563,둥근말발조개,Leucosphaera oyamai,bivalve,18,C,False,,False,possible
BM-SPECIES-001564,매화꽃잎조개,Pillucina pisidium,bivalve,18,C,False,,False,possible
BM-SPECIES-001565,앞뒤줄매화꽃잎조개,Pillucina neglecta,bivalve,18,C,False,,False,possible
BM-SPECIES-001566,주름공조개,Pegophysema bialata,bivalve,18,C,False,,False,possible
BM-SPECIES-001567,그물꽃잎조개,Myrtea reticulata,bivalve,18,C,False,,False,possible
BM-SPECIES-001568,비나스꽃잎조개,Myrtea delicatula,bivalve,18,C,False,,False,possible
BM-SPECIES-001569,네모꽃잎조개,Alucinoma soyoae,bivalve,18,C,False,,False,possible
BM-SPECIES-001570,작은잔등줄조개,Astarte crenata,bivalve,18,C,False,,False,possible
BM-SPECIES-001571,작은등줄조개,Astarte esquimalti,bivalve,18,C,False,,False,possible
BM-SPECIES-001572,꼬마깜장등줄조개,Astarte vernicosa,bivalve,18,C,False,,False,possible
BM-SPECIES-001573,등줄조개,Astarte alaskensis,bivalve,18,C,False,,False,possible
BM-SPECIES-001574,등줄조개,Tridonta elliptica,bivalve,18,C,False,,False,possible
BM-SPECIES-001575,잔등줄조개,Tridonta borealis,bivalve,18,C,False,,False,possible
BM-SPECIES-001576,꼬마잔이랑조개,Indocrassatella oblongata,bivalve,18,C,False,,False,possible
BM-SPECIES-001577,붉은무늬잔이랑조개,Talabrica sagamiensis,bivalve,18,C,False,,False,possible
BM-SPECIES-001578,갈색잔이랑조개,Nipponocrassatella adamsi,bivalve,18,C,False,,False,possible
BM-SPECIES-001579,그물참조개,Nipponocrassatella nana,bivalve,18,C,False,,False,possible
BM-SPECIES-001580,뾰족머리이랑조개,Miodontiscus prolongatus,bivalve,18,C,False,,False,possible
BM-SPECIES-001581,작은이랑조개,Pleuromeris pygmaea,bivalve,18,C,False,,False,possible
BM-SPECIES-001582,동해이랑조개,Megacardita koreana,bivalve,18,C,False,,False,possible
BM-SPECIES-001583,큰고랑조개,Megacardita coreensis,bivalve,18,C,False,,False,possible
BM-SPECIES-001584,갈색고랑조개,Megacardita ferruginosa,bivalve,18,C,False,,False,possible
BM-SPECIES-001585,컵산호갯민숭이,Tenellia melanobrachia,gastropod,18,C,False,,False,possible
BM-SPECIES-001586,별무리갯민숭이,Tenellia zvezda,gastropod,18,C,False,,False,possible
BM-SPECIES-001587,불꽃도롱이갯민숭이,Trinchesia sibogae,gastropod,18,C,False,,False,possible
BM-SPECIES-001588,장식도롱이갯민숭이,Trinchesia ornata,gastropod,18,C,False,,False,possible
BM-SPECIES-001589,까미갯민숭이,Cuthonella georgstelleri,gastropod,18,C,False,,False,possible
BM-SPECIES-001590,빗살갯민숭이,Apata pricei,gastropod,18,C,False,,False,possible
BM-SPECIES-001591,흰점박이도롱이갯민숭이,Occidenthella athadona,gastropod,18,C,False,,False,possible
BM-SPECIES-001592,민무늬흰점박이도롱이갯민숭이,Microchlamylla amabilis,gastropod,18,C,False,,False,possible
BM-SPECIES-001593,흰점박이도롱이갯민숭이,Coryphella athadona,gastropod,18,C,False,,False,possible
BM-SPECIES-001594,민무늬흰점박이도롱이갯민숭이,Coryphella amabilis,gastropod,18,C,False,,False,possible
BM-SPECIES-001595,꼬마노랑갯민숭달팽이,Cadlinella subornatissima,gastropod,18,C,False,,False,possible
BM-SPECIES-001596,붉은융단갯민숭달팽이,Rostanga bifurcata,gastropod,18,C,False,,False,possible
BM-SPECIES-001597,반점융단갯민숭달팽이,Diaulula sandiegensis,gastropod,18,C,False,,False,possible
BM-SPECIES-001598,꼬마비로드갯민숭달팽이,Jorunna parva,gastropod,18,C,False,,False,possible
BM-SPECIES-001599,갈색해면갯민숭달팽이,Atagema intecta,gastropod,18,C,False,,False,possible
BM-SPECIES-001600,구름갑옷갯민숭달팽이,Carminodoris armata,gastropod,18,C,False,,False,possible
BM-SPECIES-001601,노랑납작갯민숭달팽이,Platydoris tabulata,gastropod,18,C,False,,False,possible
BM-SPECIES-001602,구름갯민숭달팽이,Platydoris ellioti,gastropod,18,C,False,,False,possible
BM-SPECIES-001603,분홍솔방울갯민숭이,Doto rosacea,gastropod,18,C,False,,False,possible
BM-SPECIES-001604,솔방울갯민숭이,Doto japonica,gastropod,18,C,False,,False,possible
BM-SPECIES-001605,팔색긴수지갯민숭이,Dendronotus zakuro,gastropod,18,C,False,,False,possible
BM-SPECIES-001606,흰긴수지갯민숭이,Dendronotus frondosus,gastropod,18,C,False,,False,possible
BM-SPECIES-001607,갈색긴수지갯민숭이,Dendronotus primorjensis,gastropod,18,C,False,,False,possible
BM-SPECIES-001608,얼룩긴수지갯민숭이,Dendronotus robilliardi,gastropod,18,C,False,,False,possible
BM-SPECIES-001609,금빛버들잎갯민숭이,Janolus toyamensis,gastropod,18,C,False,,False,possible
BM-SPECIES-001610,갈색버들잎갯민숭이,Antiopella fusca,gastropod,18,C,False,,False,possible
BM-SPECIES-001611,혹투성이갯민숭이,Phyllidiella pustulosa,gastropod,18,C,False,,False,possible
BM-SPECIES-001612,혹뿔갯민숭이,Phyllidiella cooraburrama,gastropod,18,C,False,,False,possible
BM-SPECIES-001613,노랑혹갯민숭달팽이,Phyllidia varicosa,gastropod,18,C,False,,False,possible
BM-SPECIES-001614,혹고리갯민숭이,Phyllidia ocellata,gastropod,18,C,False,,False,possible
BM-SPECIES-001615,반달혹갯민숭이,Phyllidia picta,gastropod,18,C,False,,False,possible
BM-SPECIES-001616,검은고리흰갯민숭이,Phyllidia babai,gastropod,18,C,False,,False,possible
BM-SPECIES-001617,잎갯민숭이,Melibe papillosa,gastropod,18,C,False,,False,possible
BM-SPECIES-001618,테고무신갯민숭달팽이,Diaphorodoris mitsuii,gastropod,18,C,False,,False,possible
BM-SPECIES-001619,줄무늬갯민숭이,Dermatobranchus semistriatus,gastropod,18,C,False,,False,possible
BM-SPECIES-001620,꼬마아가씨갯민숭이,Dermatobranchus primus,gastropod,18,C,False,,False,possible
BM-SPECIES-001621,아가씨줄무늬갯민숭이,Dermatobranchus otome,gastropod,18,C,False,,False,possible
BM-SPECIES-001623,도롱이벌레,Anteaeolidiella indica,gastropod,18,C,False,,False,possible
BM-SPECIES-001625,노랑땀띠갯민숭달팽이,Geitodoris lutea,gastropod,18,C,False,,False,possible
BM-SPECIES-001626,갑옷갯민숭달팽이,Doris odhneri,gastropod,18,C,False,,False,possible
BM-SPECIES-001627,두드럭갯민숭달팽이,Homoiodoris japonica,gastropod,18,C,False,,False,possible
BM-SPECIES-001628,꼬마흰갯민숭달팽이,Glossodoris misakinosibogae,gastropod,18,C,False,,False,possible
BM-SPECIES-001629,흰눈송이갯민숭달팽이,Verconia nivalis,gastropod,18,C,False,,False,possible
BM-SPECIES-001630,흰줄보라갯민숭달팽이,Verconia purpurea,gastropod,18,C,False,,False,possible
BM-SPECIES-001631,꽃잎갯민숭달팽이,Thorunna florens,gastropod,18,C,False,,False,possible
BM-SPECIES-001632,망사갯민숭달팽이,Goniobranchus tinctorius,gastropod,18,C,False,,False,possible
BM-SPECIES-001633,점점갯민숭달팽이,Goniobranchus aureopurpureus,gastropod,18,C,False,,False,possible
BM-SPECIES-001634,흰갯민숭달팽이,Chromodoris orientalis,gastropod,18,C,False,,False,possible
BM-SPECIES-001635,청줄무늬갯민숭달팽이,Chromodoris quadricolor,gastropod,18,C,False,,False,possible
BM-SPECIES-001636,보라돌기갯민숭달팽이,Mexichromis festiva,gastropod,18,C,False,,False,possible
BM-SPECIES-001637,파랑갯민숭달팽이,Hypselodoris festiva,gastropod,18,C,False,,False,possible
BM-SPECIES-001638,꼬리갯민숭이,Ceratosoma tenue,gastropod,18,C,False,,False,possible
BM-SPECIES-001639,긴꼬리갯민숭이,Ceratosoma trilobatum,gastropod,18,C,False,,False,possible
BM-SPECIES-001640,점박이붉은갯민숭달팽이,Aldisa cooperi,gastropod,18,C,False,,False,possible
BM-SPECIES-001641,은하수갯민숭달팽이,Cadlina koreana,gastropod,18,C,False,,False,possible
BM-SPECIES-001642,수수갯민숭달팽이,Cadlina paninae,gastropod,18,C,False,,False,possible
BM-SPECIES-001644,노란테갯민숭달팽이,Cadlina japonica,gastropod,18,C,False,,False,possible
BM-SPECIES-001645,톱니하늘소갯민숭이,Phyllodesmium serratum,gastropod,18,C,False,,False,possible
BM-SPECIES-001646,하늘소갯민숭이,Hermissenda emurai,gastropod,18,C,False,,False,possible
BM-SPECIES-001647,주홍고리도롱이갯민숭이,Samla takashigei,gastropod,18,C,False,,False,possible
BM-SPECIES-001648,빨강꼭지도롱이갯민숭이,Samla bicolor,gastropod,18,C,False,,False,possible
BM-SPECIES-001649,예쁜이갯민숭이,Tritonia festiva,gastropod,18,C,False,,False,possible
BM-SPECIES-001651,흰도롱이갯민숭이,Cuthona futairo,gastropod,18,C,False,,False,possible
BM-SPECIES-001652,검정갯민숭이,Protaeolidiella atra,gastropod,18,C,False,,False,possible
BM-SPECIES-001654,검은꼭지갯민숭이,Favorinus tsuruganus,gastropod,18,C,False,,False,possible
BM-SPECIES-001655,눈송이갯민숭이,Sakuraeolis gerberina,gastropod,18,C,False,,False,possible
BM-SPECIES-001656,왕벚꽃갯민숭이,Sakuraeolis sakuracea,gastropod,18,C,False,,False,possible
BM-SPECIES-001658,아가미하늘소갯민숭이,Sakuraeolis enosimensis,gastropod,18,C,False,,False,possible
BM-SPECIES-001659,푸른점하늘소갯민숭이,Caloria indica,gastropod,18,C,False,,False,possible
BM-SPECIES-001660,얼룩이갯민숭달팽이,Tayuva lilacina,gastropod,18,C,False,,False,possible
BM-SPECIES-001661,여왕갯민숭달팽이,Dendrodoris krusensternii,gastropod,18,C,False,,False,possible
BM-SPECIES-001662,검둥이갯민숭이,Dendrodoris arborescens,gastropod,18,C,False,,False,possible
BM-SPECIES-001663,안개갯민숭달팽이,Dendrodoris fumata,gastropod,18,C,False,,False,possible
BM-SPECIES-001664,물방울갯민숭달팽이,Dendrodoris tuberculosa,gastropod,18,C,False,,False,possible
BM-SPECIES-001665,검정반점갯민숭달팽이,Dendrodoris guttata,gastropod,18,C,False,,False,possible
BM-SPECIES-001666,사슴갯민숭이,Notobryon wardi,gastropod,18,C,False,,False,possible
BM-SPECIES-001667,참사슴갯민숭이,Notobryon clavigerum,gastropod,18,C,False,,False,possible
BM-SPECIES-001668,가시갯민숭달팽이,Triopha modesta,gastropod,18,C,False,,False,possible
BM-SPECIES-001669,작은능선갯민숭달팽이,Martadoris amakusana,gastropod,18,C,False,,False,possible
BM-SPECIES-001670,주황테비단결갯민숭이,Gymnodoris amakusana,gastropod,18,C,False,,False,possible
BM-SPECIES-001671,주황비단결갯민숭이,Gymnodoris inornata,gastropod,18,C,False,,False,possible
BM-SPECIES-001672,흰비단결갯민숭이,Gymnodoris alba,gastropod,18,C,False,,False,possible
BM-SPECIES-001673,물방울갯민숭이,Thecacera pennigera,gastropod,18,C,False,,False,possible
BM-SPECIES-001674,점토시능선갯민숭달팽이,Polycera abei,gastropod,18,C,False,,False,possible
BM-SPECIES-001675,용궁능선갯민숭달팽이,Tambja morosa,gastropod,18,C,False,,False,possible
BM-SPECIES-001676,작은가지갯민숭달팽이,Kaloplocamus ramosus,gastropod,18,C,False,,False,possible
BM-SPECIES-001677,형광능선갯민숭이,Plocamopherus tilesii,gastropod,18,C,False,,False,possible
BM-SPECIES-001678,갈색꼭지갯민숭달팽이,Trapania euryeia,gastropod,18,C,False,,False,possible
BM-SPECIES-001679,노랑꼭지갯민숭달팽이,Trapania toddi,gastropod,18,C,False,,False,possible
BM-SPECIES-001680,흰꼭지갯민숭달팽이,Trapania japonica,gastropod,18,C,False,,False,possible
BM-SPECIES-001681,별사탕갯민숭달팽이,Goniodoridella savignyi,gastropod,18,C,False,,False,possible
BM-SPECIES-001682,불꽃갯민숭이,Okenia hiroi,gastropod,18,C,False,,False,possible
BM-SPECIES-001683,부푼도롱이갯민숭이,Eubranchus inabai,gastropod,18,C,False,,False,possible
BM-SPECIES-001684,빨강깃갯민숭이,Madrella sanguinea,gastropod,18,C,False,,False,possible
BM-SPECIES-001685,긴갯민숭이,Bornella hermanni,gastropod,18,C,False,,False,possible
BM-SPECIES-001686,사슴뿔갯민숭이,Bornella stellifera,gastropod,18,C,False,,False,possible
BM-SPECIES-001687,삿갓군소붙이,Umbraculum umbraculum,gastropod,18,C,False,,False,possible
BM-SPECIES-001688,수랑,Babylonia japonica,gastropod,18,C,False,,False,possible
BM-SPECIES-001689,대만수랑,Babylonia formosae,gastropod,18,C,False,,False,possible
BM-SPECIES-001690,주름감생이,Cancellaria nodulifera,gastropod,18,C,False,,False,possible
BM-SPECIES-001691,감생이고둥,Sydaphera spengleriana,gastropod,18,C,False,,False,possible
BM-SPECIES-001692,둥근감생이,Merica sinensis,gastropod,18,C,False,,False,possible
BM-SPECIES-001693,비로드감생이,Admetula garrardi,gastropod,18,C,False,,False,possible
BM-SPECIES-001694,왜감생이,Scalptia scalariformis,gastropod,18,C,False,,False,possible
BM-SPECIES-001695,얇은입술감생이,Admete viridula,gastropod,18,C,False,,False,possible
BM-SPECIES-001696,보석싸라기고둥,Granulina cotamago,gastropod,18,C,False,,False,possible
BM-SPECIES-001697,잔주름입술싸라기고둥,Granulina tantilla,gastropod,18,C,False,,False,possible
BM-SPECIES-001698,어깨단풍고둥,Oliveragemmula cosmoi,gastropod,18,C,False,,False,possible
BM-SPECIES-001699,염주고둥,Oliveragemmula kieneri,gastropod,18,C,False,,False,possible
BM-SPECIES-001700,큰언청이고둥,Deceptigemmula deshayesii,gastropod,18,C,False,,False,possible
BM-SPECIES-001701,작은혹줄단풍고둥,Kuroshioturris albogemmata,gastropod,18,C,False,,False,possible
BM-SPECIES-001702,긴입언청이고둥,Unedogemmula unedo,gastropod,18,C,False,,False,possible
BM-SPECIES-001703,세로무늬언청이고둥,Lenisdaphnella mitrellaformis,gastropod,18,C,False,,False,possible
BM-SPECIES-001704,갈색점비단언청이고둥,Paradaphne interrupta,gastropod,18,C,False,,False,possible
BM-SPECIES-001705,노랑반점비단언청이고둥,Paradaphne ornata,gastropod,18,C,False,,False,possible
BM-SPECIES-001706,붉은점바구니무늬고둥,Pseudodaphnella excellens,gastropod,18,C,False,,False,possible
BM-SPECIES-001707,갈색꼬마언청이고둥,Pseudodaphnella leuckarti,gastropod,18,C,False,,False,possible
BM-SPECIES-001708,갈색점꼬마언청이고둥,Pseudodaphnella tincta,gastropod,18,C,False,,False,possible
BM-SPECIES-001709,고운언청이고둥,Kuroshiodaphne fuscobalteata,gastropod,18,C,False,,False,possible
BM-SPECIES-001710,흰월계관고둥,Asperdaphne peradmirabilis,gastropod,18,C,False,,False,possible
BM-SPECIES-001711,퉁퉁이바구니무늬고둥,Hemilienardia subspurca,gastropod,18,C,False,,False,possible
BM-SPECIES-001712,흰꼬마언청이고둥,Hemilienardia apiculata,gastropod,18,C,False,,False,possible
BM-SPECIES-001713,고리언청이고둥,Aforia circinata,gastropod,18,C,False,,False,possible
BM-SPECIES-001714,밤색꼬마언청이고둥,Clathurella gainesii,gastropod,18,C,False,,False,possible
BM-SPECIES-001715,어깨꼬마언청이고둥,Clathurella royi,gastropod,18,C,False,,False,possible
BM-SPECIES-001716,포목무늬꼬마언청이고둥,Paraclathurella gracilenta,gastropod,18,C,False,,False,possible
BM-SPECIES-001717,나사언청이고둥,Etrema subauriformis,gastropod,18,C,False,,False,possible
BM-SPECIES-001718,창살단풍고둥,Etrema streptonotus,gastropod,18,C,False,,False,possible
BM-SPECIES-001719,흑갈색띠언청이고둥,Etrema scalarina,gastropod,18,C,False,,False,possible
BM-SPECIES-001720,황갈색언청이고둥,Lienardia roseotincta,gastropod,18,C,False,,False,possible
BM-SPECIES-001721,격자고둥,Pseudoetrema fortilirata,gastropod,18,C,False,,False,possible
BM-SPECIES-001722,흰입술꼬마언청이고둥,Mangelia dunkeri,gastropod,18,C,False,,False,possible
BM-SPECIES-001723,갈색띠흰언청이고둥,Hemicythara octangulata,gastropod,18,C,False,,False,possible
BM-SPECIES-001724,잔주름꼬마둥근언청이고둥,Granotoma albrechti,gastropod,18,C,False,,False,possible
BM-SPECIES-001725,일곱고랑언청이고둥,Ithycythara oyuana,gastropod,18,C,False,,False,possible
BM-SPECIES-001726,갈색언청이고둥,Obesotoma tenuilirata,gastropod,18,C,False,,False,possible
BM-SPECIES-001727,분홍언청이고둥,Obesotoma oyashio,gastropod,18,C,False,,False,possible
BM-SPECIES-001728,좁쌀근대고둥,Guraleus deshayesii,gastropod,18,C,False,,False,possible
BM-SPECIES-001729,백색꼬마언청이고둥,Guraleus kamakuranus,gastropod,18,C,False,,False,possible
BM-SPECIES-001730,여섯고랑언청이고둥,Pseudorhaphitoma pyramis,gastropod,18,C,False,,False,possible
BM-SPECIES-001731,세로줄꼬마언청이고둥,Pseudorhaphitoma bipyramidata,gastropod,18,C,False,,False,possible
BM-SPECIES-001732,센주름꼬마둥근언청이고둥,Curtitoma trevelliana,gastropod,18,C,False,,False,possible
BM-SPECIES-001733,가는꼬리언청이고둥,Curtitoma becklemishevi,gastropod,18,C,False,,False,possible
BM-SPECIES-001734,주름둥근언청이고둥,Oenopota candida,gastropod,18,C,False,,False,possible
BM-SPECIES-001735,둥근주름언청이고둥,Oenopota hanazakiensis,gastropod,18,C,False,,False,possible
BM-SPECIES-001736,흰띠언청이고둥,Oenopota okudai,gastropod,18,C,False,,False,possible
BM-SPECIES-001737,흰무명무늬꼬마언청이고둥,Venustoma lacunosa,gastropod,18,C,False,,False,possible
BM-SPECIES-001738,어깨줄언청이고둥,Propebela nobilis,gastropod,18,C,False,,False,possible
BM-SPECIES-001739,좁은꼬리갈색언청이고둥,Propebela exquisita,gastropod,18,C,False,,False,possible
BM-SPECIES-001740,줄무늬언청이고둥,Cytharopsis radulina,gastropod,18,C,False,,False,possible
BM-SPECIES-001741,홀쭉이언청이고둥,Leiocithara longispira,gastropod,18,C,False,,False,possible
BM-SPECIES-001742,긴뿔매물고둥,Lirabuccinum fuscolabiatum,gastropod,18,C,False,,False,possible
BM-SPECIES-001743,매끈이고둥,Kelletia lischkei,gastropod,18,C,False,,False,possible
BM-SPECIES-001744,입비뚤이주름고둥,Retimohnia frielei,gastropod,18,C,False,,False,possible
BM-SPECIES-001745,작은녹색매끈이고둥,Retimohnia vernalis,gastropod,18,C,False,,False,possible
BM-SPECIES-001746,흰혹밤색줄고둥,Amalda albocallosa,gastropod,18,C,False,,False,possible
BM-SPECIES-001747,흰색띠고둥,Amalda sinensis,gastropod,18,C,False,,False,possible
BM-SPECIES-001748,긴총알밤색줄고둥,Amalda rubiginosa,gastropod,18,C,False,,False,possible
BM-SPECIES-001749,빗줄혹단풍고둥,Leptadrillia cinereopellis,gastropod,18,C,False,,False,possible
BM-SPECIES-001750,꼬마흰눈고둥,Iredalea pygmaea,gastropod,18,C,False,,False,possible
BM-SPECIES-001751,점막대고둥,Splendrillia intermaculata,gastropod,18,C,False,,False,possible
BM-SPECIES-001752,굵은줄언청이고둥,Clathrodrillia flavidula,gastropod,18,C,False,,False,possible
BM-SPECIES-001754,죽순고동,Hastula rufopunctata,gastropod,18,C,False,,False,possible
BM-SPECIES-001755,민첩송곳고둥,Hastula hectica,gastropod,18,C,False,,False,possible
BM-SPECIES-001756,점줄송곳고둥,Hastula strigilata,gastropod,18,C,False,,False,possible
BM-SPECIES-001757,흰띠적갈색점죽순고둥,Hastula matheroniana,gastropod,18,C,False,,False,possible
BM-SPECIES-001758,꼬마송곳고둥,Hastula celidonota,gastropod,18,C,False,,False,possible
BM-SPECIES-001759,갈색띠송곳고둥,Punctoterebra japonica,gastropod,18,C,False,,False,possible
BM-SPECIES-001760,검은보라송곳고둥,Gradaterebra taylori,gastropod,18,C,False,,False,possible
BM-SPECIES-001761,줄칼송곳고둥,Terebra fenestrata,gastropod,18,C,False,,False,possible
BM-SPECIES-001762,노랑고리송곳고둥,Terebra anilis,gastropod,18,C,False,,False,possible
BM-SPECIES-001763,대마디송곳고둥,Terebra amanda,gastropod,18,C,False,,False,possible
BM-SPECIES-001764,미남송곳고둥,Terebra lima,gastropod,18,C,False,,False,possible
BM-SPECIES-001765,구슬송곳고둥,Granuliterebra bathyrhaphe,gastropod,18,C,False,,False,possible
BM-SPECIES-001766,굵은흰띠나선송곳고둥,Myurella nebulosa,gastropod,18,C,False,,False,possible
BM-SPECIES-001767,고운무늬송곳고둥,Duplicaria badia,gastropod,18,C,False,,False,possible
BM-SPECIES-001768,속재송곳고둥,Duplicaria evoluta,gastropod,18,C,False,,False,possible
BM-SPECIES-001769,송곳고둥,Duplicaria spectabilis,gastropod,18,C,False,,False,possible
BM-SPECIES-001770,흰띠송곳고둥,Duplicaria albozonata,gastropod,18,C,False,,False,possible
BM-SPECIES-001771,나사송곳고둥,Duplicaria hiradoensis,gastropod,18,C,False,,False,possible
BM-SPECIES-001772,곧은흰줄송곳고둥,Duplicaria latisulcata,gastropod,18,C,False,,False,possible
BM-SPECIES-001773,빈송곳고둥,Duplicaria dussumierii,gastropod,18,C,False,,False,possible
BM-SPECIES-001774,곧은줄송곳고둥,Duplicaria recticostata,gastropod,18,C,False,,False,possible
BM-SPECIES-001775,가는송곳고둥,Hastulopsis melanacme,gastropod,18,C,False,,False,possible
BM-SPECIES-001776,명주붓고둥,Isara chinensis,gastropod,18,C,False,,False,possible
BM-SPECIES-001777,비틀이붓고둥,Cancilla isabella,gastropod,18,C,False,,False,possible
BM-SPECIES-001778,고리붓고둥,Fusidomiporta suturata,gastropod,18,C,False,,False,possible
BM-SPECIES-001779,노랑붓고둥,Nebularia pellisserpentis,gastropod,18,C,False,,False,possible
BM-SPECIES-001780,밤색붓고둥,Nebularia eremitarum,gastropod,18,C,False,,False,possible
BM-SPECIES-001781,싸라기고둥,Gibberula japonica,gastropod,18,C,False,,False,possible
BM-SPECIES-001782,새알싸라기고둥,Gibberula ovata,gastropod,18,C,False,,False,possible
BM-SPECIES-001783,작은싸라기고둥,Cystiscus angasi,gastropod,18,C,False,,False,possible
BM-SPECIES-001784,꼬마싸라기고둥,Crithe nanaoensis,gastropod,18,C,False,,False,possible
BM-SPECIES-001785,세모싸라기고둥,Crithe nipponica,gastropod,18,C,False,,False,possible
BM-SPECIES-001786,넓은어깨싸라기고둥,Crithe huna,gastropod,18,C,False,,False,possible
BM-SPECIES-001787,대수리,Reishia clavigera,gastropod,18,C,False,,False,possible
BM-SPECIES-001788,뿔두드럭고둥,Reishia luteostoma,gastropod,18,C,False,,False,possible
BM-SPECIES-001789,주름뿔고둥,Genkaimurex varicosus,gastropod,18,C,False,,False,possible
BM-SPECIES-001790,비늘산호살이고둥,Coralliophila carnosa,gastropod,18,C,False,,False,possible
BM-SPECIES-001791,굵은띠산호살이고둥,Coralliophila pulchella,gastropod,18,C,False,,False,possible
BM-SPECIES-001792,담갈색잔고리고둥,Coralliophila rubrococcinea,gastropod,18,C,False,,False,possible
BM-SPECIES-001793,투구산호살이고둥,Coralliophila erosa,gastropod,18,C,False,,False,possible
BM-SPECIES-001794,순무조개,Coralliophila jeffreysi,gastropod,18,C,False,,False,possible
BM-SPECIES-001795,배불뚝이산호살이고둥,Coralliophila bulbiformis,gastropod,18,C,False,,False,possible
BM-SPECIES-001796,굵은이랑잔줄산호살이고둥,Coralliophila abnormis,gastropod,18,C,False,,False,possible
BM-SPECIES-001797,동범산호살이고둥,Coralliophila morishimai,gastropod,18,C,False,,False,possible
BM-SPECIES-001798,뿔소라,Chicoreus asianus,gastropod,18,C,False,,False,possible
BM-SPECIES-001799,팽이옆주름고둥,Nucella freycinetii,gastropod,18,C,False,,False,possible
BM-SPECIES-001800,지느러미옆주름고둥,Nucella lamellosa,gastropod,18,C,False,,False,possible
BM-SPECIES-001801,옆주름고둥,Nucella heyseana,gastropod,18,C,False,,False,possible
BM-SPECIES-001802,작은가시뿔고둥,Murexsul interserratus,gastropod,18,C,False,,False,possible
BM-SPECIES-001803,얇은밤송이두드럭고둥,Mancinella echinulata,gastropod,18,C,False,,False,possible
BM-SPECIES-001804,가시두드럭고둥,Mancinella echinata,gastropod,18,C,False,,False,possible
BM-SPECIES-001805,산호살이딸기고둥,Mipus arbutum,gastropod,18,C,False,,False,possible
BM-SPECIES-001806,잔가시뿔고둥,Lataxiena fimbriata,gastropod,18,C,False,,False,possible
BM-SPECIES-001807,주름어깨뿔고둥,Ocinebrellus lumarius,gastropod,18,C,False,,False,possible
BM-SPECIES-001808,날개뿔고둥,Ocinebrellus falcatus,gastropod,18,C,False,,False,possible
BM-SPECIES-001809,어깨뿔고둥,Ocinebrellus inornatus,gastropod,18,C,False,,False,possible
BM-SPECIES-001810,모난어깨두드럭고둥,Indothais gradata,gastropod,18,C,False,,False,possible
BM-SPECIES-001811,은행잎뿔고둥,Homalocantha anatomica,gastropod,18,C,False,,False,possible
BM-SPECIES-001812,곤봉뿔소라,Vokesimurex sobrinus,gastropod,18,C,False,,False,possible
BM-SPECIES-001813,잔가지뿔고둥,Vokesimurex rectirostris,gastropod,18,C,False,,False,possible
BM-SPECIES-001814,꼬마흑점밀알고둥,Maculotriton serriale,gastropod,18,C,False,,False,possible
BM-SPECIES-001815,피뿔고둥,Rapana venosa,gastropod,18,C,False,,False,possible
BM-SPECIES-001816,좀피뿔고둥,Rapana bezoar,gastropod,18,C,False,,False,possible
BM-SPECIES-001817,굴뚝뿔고둥,Siphonochelus japonicus,gastropod,18,C,False,,False,possible
BM-SPECIES-001818,보라입실패뿔고둥,Morula iostoma,gastropod,18,C,False,,False,possible
BM-SPECIES-001819,가시뿔고둥,Morula spinosa,gastropod,18,C,False,,False,possible
BM-SPECIES-001820,격자무늬작은고둥,Scabrotrophon scitulus,gastropod,18,C,False,,False,possible
BM-SPECIES-001821,입주름뿔고둥,Bedevina birileffi,gastropod,18,C,False,,False,possible
BM-SPECIES-001822,맵사리,Ceratostoma rorifluum,gastropod,18,C,False,,False,possible
BM-SPECIES-001823,입뿔고둥,Ceratostoma burnetti,gastropod,18,C,False,,False,possible
BM-SPECIES-001824,세뿔고둥,Ceratostoma fournieri,gastropod,18,C,False,,False,possible
BM-SPECIES-001825,맵시날개고둥,Pteropurpura plorator,gastropod,18,C,False,,False,possible
BM-SPECIES-001826,지느러미뿔고둥,Boreotrophon candelabrum,gastropod,18,C,False,,False,possible
BM-SPECIES-001827,원통날개지느러미뿔고둥,Boreotrophon clathratus,gastropod,18,C,False,,False,possible
BM-SPECIES-001828,지느러미둥근뿔고둥,Boreotrophon pacificus,gastropod,18,C,False,,False,possible
BM-SPECIES-001829,북방지느러미뿔고둥,Boreotrophon cymatus,gastropod,18,C,False,,False,possible
BM-SPECIES-001830,긴입술지느러미뿔고둥,Boreotrophon xestra,gastropod,18,C,False,,False,possible
BM-SPECIES-001831,알라스카지느러미고둥,Boreotrophon alaskanus,gastropod,18,C,False,,False,possible
BM-SPECIES-001832,분홍꼭지이형산호살이고둥,Hirtomurex nakamurai,gastropod,18,C,False,,False,possible
BM-SPECIES-001833,탑뿔고둥,Ergalatax contracta,gastropod,18,C,False,,False,possible
BM-SPECIES-001834,밤색털껍질고둥,Pollia mollis,gastropod,18,C,False,,False,possible
BM-SPECIES-001835,쇠털껍질고둥,Pollia subrubiginosa,gastropod,18,C,False,,False,possible
BM-SPECIES-001836,불꽃타래고둥,Pisania ignea,gastropod,18,C,False,,False,possible
BM-SPECIES-001837,매끈이둥근타래고둥,Pisania tritonoides,gastropod,18,C,False,,False,possible
BM-SPECIES-001838,털껍질돼지고둥,Cantharus cecillei,gastropod,18,C,False,,False,possible
BM-SPECIES-001839,구슬띠물레고둥,Engina menkeana,gastropod,18,C,False,,False,possible
BM-SPECIES-001840,세로주름북방언청이고둥,Rhodopetoma erosa,gastropod,18,C,False,,False,possible
BM-SPECIES-001841,단풍고둥,Funa jeffreysii,gastropod,18,C,False,,False,possible
BM-SPECIES-001842,굵은북방언청이고둥,Antiplanes obesus,gastropod,18,C,False,,False,possible
BM-SPECIES-001843,왼돌이언청이고둥,Antiplanes vinosa,gastropod,18,C,False,,False,possible
BM-SPECIES-001844,북방언청이고둥,Antiplanes sanctiioannis,gastropod,18,C,False,,False,possible
BM-SPECIES-001845,옆줄북방언청이고둥,Antiplanes isaotakii,gastropod,18,C,False,,False,possible
BM-SPECIES-001846,뾰족탑단풍고둥,Inquisitor angustus,gastropod,18,C,False,,False,possible
BM-SPECIES-001847,띠봉합단풍고둥,Inquisitor alabaster,gastropod,18,C,False,,False,possible
BM-SPECIES-001848,각시언청이고둥,Inquisitor japonicus,gastropod,18,C,False,,False,possible
BM-SPECIES-001849,띠줄언청이고둥,Inquisitor tuberosus,gastropod,18,C,False,,False,possible
BM-SPECIES-001850,반질이단풍고둥,Inquisitor vulpionis,gastropod,18,C,False,,False,possible
BM-SPECIES-001851,잔줄무늬단풍고둥,Inquisitor nudivaricosus,gastropod,18,C,False,,False,possible
BM-SPECIES-001852,꼬치단풍고둥,Inquisitor elachystoma,gastropod,18,C,False,,False,possible
BM-SPECIES-001853,밤색단풍고둥,Inquisitor chocolatus,gastropod,18,C,False,,False,possible
BM-SPECIES-001854,담색띠고리단풍고둥,Comitas kamakurana,gastropod,18,C,False,,False,possible
BM-SPECIES-001855,배달고둥,Makiyamaia coreanica,gastropod,18,C,False,,False,possible
BM-SPECIES-001856,굽은언청이고둥,Suavodrillia kennicotti,gastropod,18,C,False,,False,possible
BM-SPECIES-001857,작은밤색언청이고둥,Ophiodermella akkeshiensis,gastropod,18,C,False,,False,possible
BM-SPECIES-001858,가는고리고둥,Ophiodermella miyatensis,gastropod,18,C,False,,False,possible
BM-SPECIES-001859,옆줄언청이고둥,Tomopleura pouloensis,gastropod,18,C,False,,False,possible
BM-SPECIES-001860,흰언청이고둥,Tomopleura nivea,gastropod,18,C,False,,False,possible
BM-SPECIES-001861,가는무늬대추고둥,Oliva elegans,gastropod,18,C,False,,False,possible
BM-SPECIES-001862,민대추고둥,Oliva irisans,gastropod,18,C,False,,False,possible
BM-SPECIES-001863,대추고둥,Oliva mustelina,gastropod,18,C,False,,False,possible
BM-SPECIES-001864,밤색띠고둥,Olivella mandarina,gastropod,18,C,False,,False,possible
BM-SPECIES-001865,긴밤색띠고둥,Olivella fulgurata,gastropod,18,C,False,,False,possible
BM-SPECIES-001866,적갈색띠고둥,Olivella aureobalteata,gastropod,18,C,False,,False,possible
BM-SPECIES-001867,밤색줄고둥,Olivella spreta,gastropod,18,C,False,,False,possible
BM-SPECIES-001868,크림색띠고둥,Olivella spretoides,gastropod,18,C,False,,False,possible
BM-SPECIES-001869,잣송이탑고둥,Columbarium pagoda,gastropod,18,C,False,,False,possible
BM-SPECIES-001870,꼬마수랑,Volutharpa ampullacea,gastropod,18,C,False,,False,possible
BM-SPECIES-001871,각시수랑,Volutharpa perryi,gastropod,18,C,False,,False,possible
BM-SPECIES-001872,명주실타래물레고둥,Lussivolutopsius emphaticus,gastropod,18,C,False,,False,possible
BM-SPECIES-001873,높은탑물레고둥,Lussivolutopsius ochotensis,gastropod,18,C,False,,False,possible
BM-SPECIES-001874,무명실타래물레고둥,Lussivolutopsius furukawai,gastropod,18,C,False,,False,possible
BM-SPECIES-001875,깊은골물레고둥,Buccinum tsubai,gastropod,18,C,False,,False,possible
BM-SPECIES-001877,굵은가시물레고둥,Buccinum koreanum,gastropod,18,C,False,,False,possible
BM-SPECIES-001878,긴각시수랑,Buccinum baerii,gastropod,18,C,False,,False,possible
BM-SPECIES-001879,고운띠물레고둥,Buccinum bayani,gastropod,18,C,False,,False,possible
BM-SPECIES-001880,황색모시물레고둥,Buccinum osagawai,gastropod,18,C,False,,False,possible
BM-SPECIES-001881,나사물레고둥,Buccinum isaotakii,gastropod,18,C,False,,False,possible
BM-SPECIES-001882,세고리물레고둥,Buccinum opisoplectum,gastropod,18,C,False,,False,possible
BM-SPECIES-001883,물레고둥,Buccinum striatissimum,gastropod,18,C,False,,False,possible
BM-SPECIES-001884,군산물레고둥,Buccinum yokomaruae,gastropod,18,C,False,,False,possible
BM-SPECIES-001885,주름물레고둥,Buccinum oedematum,gastropod,18,C,False,,False,possible
BM-SPECIES-001886,오호츠크물레고둥,Buccinum ochotense,gastropod,18,C,False,,False,possible
BM-SPECIES-001887,한국돌살이조개,Joannisiella coreensis,bivalve,18,C,False,,False,possible
BM-SPECIES-001888,잔고리물레고둥,Buccinum zelotes,gastropod,18,C,False,,False,possible
BM-SPECIES-001889,갈색어깨띠물레고둥,Buccinum middendorffii,gastropod,18,C,False,,False,possible
BM-SPECIES-001890,아니완물레고둥,Buccinum aniwanum,gastropod,18,C,False,,False,possible
BM-SPECIES-001891,뾰족물레고둥,Buccinum acutispiratum,gastropod,18,C,False,,False,possible
BM-SPECIES-001892,큰세고리물레고둥,Buccinum verkruezeni,gastropod,18,C,False,,False,possible
BM-SPECIES-001894,깊은골둥근물레고둥,Buccinum kushiroense,gastropod,18,C,False,,False,possible
BM-SPECIES-001895,굵은빗줄물레고둥,Buccinum plectrum,gastropod,18,C,False,,False,possible
BM-SPECIES-001896,러시아물레고둥,Buccinum rossicum,gastropod,18,C,False,,False,possible
BM-SPECIES-001897,가시물레고둥,Buccinum polare,gastropod,18,C,False,,False,possible
BM-SPECIES-001898,긴언덕고둥,Metajapelion adelphicus,gastropod,18,C,False,,False,possible
BM-SPECIES-001899,또아리물레고둥,Japelion latus,gastropod,18,C,False,,False,possible
BM-SPECIES-001900,황색잔주름고둥,Aulacofusus esychus,gastropod,18,C,False,,False,possible
BM-SPECIES-001901,갈색띠매물고둥,Neptunea cumingi,gastropod,18,C,False,,False,possible
BM-SPECIES-001902,잔띠매물고둥,Neptunea lamellosa,gastropod,18,C,False,,False,possible
BM-SPECIES-001903,북방매물고둥,Neptunea polycostata,gastropod,18,C,False,,False,possible
BM-SPECIES-001904,둥근명주매물고둥,Neptunea amianta,gastropod,18,C,False,,False,possible
BM-SPECIES-001905,매물고둥,Neptunea despecta,gastropod,18,C,False,,False,possible
BM-SPECIES-001906,둥근뿌리매물고둥,Neptunea bulbacea,gastropod,18,C,False,,False,possible
BM-SPECIES-001907,유럽산매물고둥,Neptunea antiqua,gastropod,18,C,False,,False,possible
BM-SPECIES-001908,북방명주매물고둥,Neptunea eulimata,gastropod,18,C,False,,False,possible
BM-SPECIES-001909,굵은갈색띠매물고둥,Neptunea vinosa,gastropod,18,C,False,,False,possible
BM-SPECIES-001910,관절매물고둥,Neptunea arthritica,gastropod,18,C,False,,False,possible
BM-SPECIES-001911,조각매물고둥,Neptunea intersculpta,gastropod,18,C,False,,False,possible
BM-SPECIES-001912,북해도매물고둥,Neptunea lyrata,gastropod,18,C,False,,False,possible
BM-SPECIES-001913,작은북방매물고둥,Neptunea kuroshio,gastropod,18,C,False,,False,possible
BM-SPECIES-001914,굵은띠매물고둥,Neptunea frater,gastropod,18,C,False,,False,possible
BM-SPECIES-001915,명주매물고둥,Neptunea constricta,gastropod,18,C,False,,False,possible
BM-SPECIES-001916,상투매물고둥,Neptunea subdilatata,gastropod,18,C,False,,False,possible
BM-SPECIES-001917,굵은고리매물고둥,Neptunea elegantula,gastropod,18,C,False,,False,possible
BM-SPECIES-001918,좁은입물레고둥,Habevolutopsius hirasei,gastropod,18,C,False,,False,possible
BM-SPECIES-001919,녹갈색매끈이고둥,Plicifusus minor,gastropod,18,C,False,,False,possible
BM-SPECIES-001920,보라세로주름고둥,Plicifusus scissuratus,gastropod,18,C,False,,False,possible
BM-SPECIES-001921,어깨방추물레고둥,Plicifusus rhyssus,gastropod,18,C,False,,False,possible
BM-SPECIES-001922,높은탑방추물레고둥,Plicifusus croceus,gastropod,18,C,False,,False,possible
BM-SPECIES-001923,구슬고둥,Pseudoliomesus ooides,gastropod,18,C,False,,False,possible
BM-SPECIES-001924,타래고둥,Japeuthria ferrea,gastropod,18,C,False,,False,possible
BM-SPECIES-001925,가는돼지고둥,Siphonalia spadicea,gastropod,18,C,False,,False,possible
BM-SPECIES-001926,돼지고둥,Siphonalia cassidariaeformis,gastropod,18,C,False,,False,possible
BM-SPECIES-001927,구름무늬돼지고둥,Siphonalia signum,gastropod,18,C,False,,False,possible
BM-SPECIES-001928,혹줄돼지고둥,Siphonalia concinna,gastropod,18,C,False,,False,possible
BM-SPECIES-001929,세로빗줄돼지고둥,Siphonalia hirasei,gastropod,18,C,False,,False,possible
BM-SPECIES-001930,민허리돼지고둥,Siphonalia fusoides,gastropod,18,C,False,,False,possible
BM-SPECIES-001931,주홍입돼지고둥,Siphonalia modificata,gastropod,18,C,False,,False,possible
BM-SPECIES-001932,넓은입물레고둥,Volutopsius middendorffi,gastropod,18,C,False,,False,possible
BM-SPECIES-001933,계단꼭지청자고둥,Conus lischkeanus,gastropod,18,C,False,,False,possible
BM-SPECIES-001934,갈색반점청자고둥,Conus sponsalis,gastropod,18,C,False,,False,possible
BM-SPECIES-001935,어깨혹청자고둥,Conus miliaris,gastropod,18,C,False,,False,possible
BM-SPECIES-001936,청자고둥,Conus fulmen,gastropod,18,C,False,,False,possible
BM-SPECIES-001937,혹줄청자고둥,Conasprella orbignyi,gastropod,18,C,False,,False,possible
BM-SPECIES-001938,대추홍줄고둥,Lyria cassidula,gastropod,18,C,False,,False,possible
BM-SPECIES-001939,홍줄고둥,Fulgoraria kaneko,gastropod,18,C,False,,False,possible
BM-SPECIES-001940,남방실패고둥,Fulgoraria rupestris,gastropod,18,C,False,,False,possible
BM-SPECIES-001941,남방홍줄고둥,Fulgoraria hamillei,gastropod,18,C,False,,False,possible
BM-SPECIES-001942,두드럭털탑고둥,Hemifusus tuba,gastropod,18,C,False,,False,possible
BM-SPECIES-001943,매끈이털탑고둥,Hemifusus colosseus,gastropod,18,C,False,,False,possible
BM-SPECIES-001944,털탑고둥,Brunneifusus ternatanus,gastropod,18,C,False,,False,possible
BM-SPECIES-001945,점박이붓고둥,Eupusia inermis,gastropod,18,C,False,,False,possible
BM-SPECIES-001946,두툼점박이붓고둥,Vexillum kraussi,gastropod,18,C,False,,False,possible
BM-SPECIES-001947,갈색세로줄무늬고둥,Cyllene concinna,gastropod,18,C,False,,False,possible
BM-SPECIES-001948,갈색띠긴좁쌀물레고둥,Phos nigroliratus,gastropod,18,C,False,,False,possible
BM-SPECIES-001949,좁쌀물레고둥,Phos roseatus,gastropod,18,C,False,,False,possible
BM-SPECIES-001951,이랑무늬고둥,Reticunassa hiradoensis,gastropod,18,C,False,,False,possible
BM-SPECIES-001952,검은줄좁쌀무늬고둥,Reticunassa fratercula,gastropod,18,C,False,,False,possible
BM-SPECIES-001953,갈색무늬고둥,Reticunassa paupera,gastropod,18,C,False,,False,possible
BM-SPECIES-001954,노란줄좁쌀무늬고둥,Nassarius sinarum,gastropod,18,C,False,,False,possible
BM-SPECIES-001955,보석알좁쌀무늬고둥,Nassarius conoidalis,gastropod,18,C,False,,False,possible
BM-SPECIES-001956,왜좁쌀무늬고둥,Nassarius multigranosus,gastropod,18,C,False,,False,possible
BM-SPECIES-001957,흰어깨좁쌀무늬고둥,Nassarius babylonicus,gastropod,18,C,False,,False,possible
BM-SPECIES-001958,꽃좁쌀무늬고둥,Nassarius castus,gastropod,18,C,False,,False,possible
BM-SPECIES-001959,고랑좁쌀무늬고둥,Nassarius siquijorensis,gastropod,18,C,False,,False,possible
BM-SPECIES-001960,언덕좁쌀무늬고둥,Nassarius variciferus,gastropod,18,C,False,,False,possible
BM-SPECIES-001961,어깨눈좁쌀무늬고둥,Nassarius sinusigerus,gastropod,18,C,False,,False,possible
BM-SPECIES-001962,다주봉좁쌀,Nassarius glans,gastropod,18,C,False,,False,possible
BM-SPECIES-001963,흑좁쌀무늬고둥,Nassarius reeveanus,gastropod,18,C,False,,False,possible
BM-SPECIES-001964,검은바탕좁쌀무늬고둥,Nassarius hypolius,gastropod,18,C,False,,False,possible
BM-SPECIES-001965,도랑좁쌀줄무늬고둥,Nassarius noguchii,gastropod,18,C,False,,False,possible
BM-SPECIES-001966,갈좁쌀무늬고둥,Nassarius praematuratus,gastropod,18,C,False,,False,possible
BM-SPECIES-001967,모눈좁쌀무늬고둥,Nassarius sufflatus,gastropod,18,C,False,,False,possible
BM-SPECIES-001968,수수좁쌀무늬고둥,Nassarius splendidulus,gastropod,18,C,False,,False,possible
BM-SPECIES-001969,왕좁쌀무늬고둥,Nassarius festivus,gastropod,18,C,False,,False,possible
BM-SPECIES-001970,좁쌀무늬고둥,Nassarius livescens,gastropod,18,C,False,,False,possible
BM-SPECIES-001971,못고둥,Nassaria acutispirata,gastropod,18,C,False,,False,possible
BM-SPECIES-001972,나사못고둥,Nassaria magnifica,gastropod,18,C,False,,False,possible
BM-SPECIES-001973,갈색띠줄무늬무륵,Metanachis marquesa,gastropod,18,C,False,,False,possible
BM-SPECIES-001974,붓솔무륵,Zafra mitriformis,gastropod,18,C,False,,False,possible
BM-SPECIES-001976,무륵,Pardalinops testudinarius,gastropod,18,C,False,,False,possible
BM-SPECIES-001977,창살무늬무륵,Clathranachis japonica,gastropod,18,C,False,,False,possible
BM-SPECIES-001979,고운점무늬무륵,Pyrene flava,gastropod,18,C,False,,False,possible
BM-SPECIES-001980,깨줄무늬무륵,Pyreneola pleurotomoides,gastropod,18,C,False,,False,possible
BM-SPECIES-001981,아지랑이무늬무륵,Pyreneola semipicta,gastropod,18,C,False,,False,possible
BM-SPECIES-001982,흰띠줄무늬무륵,Mitrella mindorensis,gastropod,18,C,False,,False,possible
BM-SPECIES-001983,고운띠무륵,Mitrella albuginosa,gastropod,18,C,False,,False,possible
BM-SPECIES-001984,세로줄무늬무륵,Mitrella nympha,gastropod,18,C,False,,False,possible
BM-SPECIES-001985,꼭지세로주름빗살무늬무륵,Mitrella yabei,gastropod,18,C,False,,False,possible
BM-SPECIES-001986,빗살무늬무륵,Mitrella lischkei,gastropod,18,C,False,,False,possible
BM-SPECIES-001987,주름보리무륵,Mitrella anachisoides,gastropod,18,C,False,,False,possible
BM-SPECIES-001988,보리무륵,Mitrella bicincta,gastropod,18,C,False,,False,possible
BM-SPECIES-001989,날씬이보리무륵,Mitrella burchardti,gastropod,18,C,False,,False,possible
BM-SPECIES-001990,무늬무륵,Euplica scripta,gastropod,18,C,False,,False,possible
BM-SPECIES-001991,흰띠나무결붓솔무륵,Mokumea albomarginata,gastropod,18,C,False,,False,possible
BM-SPECIES-001992,나무결붓솔무륵,Mokumea divaricata,gastropod,18,C,False,,False,possible
BM-SPECIES-001993,꼬마꼭지고둥,Paradrillia inconstans,gastropod,18,C,False,,False,possible
BM-SPECIES-001994,긴꼭지고둥,Paradrillia patruelis,gastropod,18,C,False,,False,possible
BM-SPECIES-001995,민톱니긴고둥,Granulifusus niponicus,gastropod,18,C,False,,False,possible
BM-SPECIES-001996,모난어깨긴뿔고둥,Goniofusus spectrum,gastropod,18,C,False,,False,possible
BM-SPECIES-001997,흑색껍질긴고둥,Turrilatirus turritus,gastropod,18,C,False,,False,possible
BM-SPECIES-001998,나무껍질긴고둥,Turrilatirus nagasakiensis,gastropod,18,C,False,,False,possible
BM-SPECIES-001999,배달긴고둥,Fusolatirus coreanicus,gastropod,18,C,False,,False,possible
BM-SPECIES-002000,새끼긴뿔고둥,Fusinus pauciliratus,gastropod,18,C,False,,False,possible
BM-SPECIES-002001,큰긴뿔고둥,Fusinus forceps,gastropod,18,C,False,,False,possible
BM-SPECIES-002002,두드럭긴뿔고둥,Fusinus crassiplicatus,gastropod,18,C,False,,False,possible
BM-SPECIES-002003,이랑긴뿔고둥,Fusinus salisburyi,gastropod,18,C,False,,False,possible
BM-SPECIES-002004,어깨긴뿔고둥,Fusinus nodosoplicatus,gastropod,18,C,False,,False,possible
BM-SPECIES-002005,매끈이긴뿔고둥,Fusinus ferrugineus,gastropod,18,C,False,,False,possible
BM-SPECIES-002006,맵시고둥,Fusinus colus,gastropod,18,C,False,,False,possible
BM-SPECIES-002007,긴고둥,Fusinus perplexus,gastropod,18,C,False,,False,possible
BM-SPECIES-002008,흑갈색긴고둥,Marmorofusus tuberosus,gastropod,18,C,False,,False,possible
BM-SPECIES-002009,둥근귤색군소,Notarchus punctatus,gastropod,18,C,False,,False,possible
BM-SPECIES-002010,검은테군소,Aplysia japonica,gastropod,18,C,False,,False,possible
BM-SPECIES-002011,군소,Aplysia kurodai,gastropod,18,C,False,,False,possible
BM-SPECIES-002012,돌군소,Aplysia fasciata,gastropod,18,C,False,,False,possible
BM-SPECIES-002013,큰안경무늬군소,Aplysia dactylomela,gastropod,18,C,False,,False,possible
BM-SPECIES-002014,말군소,Aplysia juliana,gastropod,18,C,False,,False,possible
BM-SPECIES-002015,모군소,Aplysia punctata,gastropod,18,C,False,,False,possible
BM-SPECIES-002016,안경무늬군소,Aplysia oculifera,gastropod,18,C,False,,False,possible
BM-SPECIES-002017,가시군소,Bursatella leachii,gastropod,18,C,False,,False,possible
BM-SPECIES-002018,원뿔군소,Dolabella auricularia,gastropod,18,C,False,,False,possible
BM-SPECIES-002019,매미고둥,Akera soluta,gastropod,18,C,False,,False,possible
BM-SPECIES-002020,갈색반점띠줄고둥,Obesula turricula,gastropod,18,C,False,,False,possible
BM-SPECIES-002021,상아뿔왼돌이띠줄고둥,Euthymella concors,gastropod,18,C,False,,False,possible
BM-SPECIES-002022,이색조띠줄고둥,Similiphora similior,gastropod,18,C,False,,False,possible
BM-SPECIES-002023,쇠녹반점띠줄고둥,Aclophoropsis mcmichaeli,gastropod,18,C,False,,False,possible
BM-SPECIES-002024,흰띠줄고둥,Cautor granulatus,gastropod,18,C,False,,False,possible
BM-SPECIES-002025,갈색두띠줄고둥,Coriophora fusca,gastropod,18,C,False,,False,possible
BM-SPECIES-002026,담갈색띠줄고둥,Inella sagamiensis,gastropod,18,C,False,,False,possible
BM-SPECIES-002027,흐린반점띠줄고둥,Inella japonica,gastropod,18,C,False,,False,possible
BM-SPECIES-002028,흐린띠좁쌀띠줄고둥,Mastonia undata,gastropod,18,C,False,,False,possible
BM-SPECIES-002029,두줄좁쌀띠줄고둥,Mastonia thetis,gastropod,18,C,False,,False,possible
BM-SPECIES-002030,빨강꼭지두줄좁쌀띠줄고둥,Mastonia millepunctata,gastropod,18,C,False,,False,possible
BM-SPECIES-002031,이색고리띠줄고둥,Mastonia cingulifera,gastropod,18,C,False,,False,possible
BM-SPECIES-002032,보라병띠줄고둥,Mastonia rubra,gastropod,18,C,False,,False,possible
BM-SPECIES-002033,흰바탕띠줄고둥,Nototriphora alba,gastropod,18,C,False,,False,possible
BM-SPECIES-002034,띠줄고둥,Viriola tricincta,gastropod,18,C,False,,False,possible
BM-SPECIES-002035,적색띠줄고둥,Costatophora iniqua,gastropod,18,C,False,,False,possible
BM-SPECIES-002036,농갈색띠줄고둥,Litharium kurodai,gastropod,18,C,False,,False,possible
BM-SPECIES-002037,흰누렁띠줄고둥,Latitriphora multigyrata,gastropod,18,C,False,,False,possible
BM-SPECIES-002038,뾰족띠줄고둥,Iniforis fusiformis,gastropod,18,C,False,,False,possible
BM-SPECIES-002039,분홍염주송곳띠줄고둥,Bouchetriphora conspersa,gastropod,18,C,False,,False,possible
BM-SPECIES-002040,좁쌀띠줄고둥,Bouchetriphora otsuensis,gastropod,18,C,False,,False,possible
BM-SPECIES-002041,흰색띠띠줄고둥,Bouchetriphora confusa,gastropod,18,C,False,,False,possible
BM-SPECIES-002042,지렁이고둥,Tenagodus cumingii,gastropod,18,C,False,,False,possible
BM-SPECIES-002043,자갈색지렁이고둥,Tenagodus armatus,gastropod,18,C,False,,False,possible
BM-SPECIES-002044,두툼입술고둥,Ringicula doliaris,gastropod,18,C,False,,False,possible
BM-SPECIES-002045,언청이두툼입술고둥,Ringicula niinoi,gastropod,18,C,False,,False,possible
BM-SPECIES-002046,치마고둥,Ataxocerithium abnormale,gastropod,18,C,False,,False,possible
BM-SPECIES-002047,세로줄갯고둥붙이,Furukawaia fukuensis,gastropod,18,C,False,,False,possible
BM-SPECIES-002048,민고리단추고둥,Ammonicera japonica,gastropod,18,C,False,,False,possible
BM-SPECIES-002049,고리단추고둥,Ammonicera aurea,gastropod,18,C,False,,False,possible
BM-SPECIES-002050,층층이갈줄고둥,Plesiotrochus acutangulus,gastropod,18,C,False,,False,possible
BM-SPECIES-002051,파래날씬이갯민숭붙이,Elysia marginata,gastropod,18,C,False,,False,possible
BM-SPECIES-002052,동공날씬이갯민숭붙이,Elysia trisinuata,gastropod,18,C,False,,False,possible
BM-SPECIES-002053,녹색날씬이갯민숭이붙이,Elysia abei,gastropod,18,C,False,,False,possible
BM-SPECIES-002054,무딘날씬이갯민숭이붙이,Elysia obtusa,gastropod,18,C,False,,False,possible
BM-SPECIES-002055,초록날씬이갯민숭이붙이,Elysia atroviridis,gastropod,18,C,False,,False,possible
BM-SPECIES-002056,둥근큰고리고둥,Leucotina casta,gastropod,18,C,False,,False,possible
BM-SPECIES-002057,잔고리명주고둥,Monotygma amoena,gastropod,18,C,False,,False,possible
BM-SPECIES-002058,가는고리회오리고둥,Monotygma eximia,gastropod,18,C,False,,False,possible
BM-SPECIES-002059,제주나사고둥,Turritella saishuensis,gastropod,18,C,False,,False,possible
BM-SPECIES-002060,사다리나사고둥,Turritella terebra,gastropod,18,C,False,,False,possible
BM-SPECIES-002061,처마나사고둥,Turritella cingulifera,gastropod,18,C,False,,False,possible
BM-SPECIES-002062,배달나사고둥,Turritella coreanica,gastropod,18,C,False,,False,possible
BM-SPECIES-002063,동해나사고둥,Neohaustator nipponicus,gastropod,18,C,False,,False,possible
BM-SPECIES-002064,갈비큰나사고둥,Neohaustator fortiliratus,gastropod,18,C,False,,False,possible
BM-SPECIES-002065,가는줄나사고둥,Neohaustator andenensis,gastropod,18,C,False,,False,possible
BM-SPECIES-002066,주홍꼭지갯민숭붙이,Ercolania boodleae,gastropod,18,C,False,,False,possible
BM-SPECIES-002067,금빛꼭지갯민숭붙이,Stiliger aureomarginatus,gastropod,18,C,False,,False,possible
BM-SPECIES-002068,비자고둥,Pupa strigosa,gastropod,18,C,False,,False,possible
BM-SPECIES-002069,살색비자고둥,Acteon archibenthicola,gastropod,18,C,False,,False,possible
BM-SPECIES-002070,왕비자고둥,Punctacteon fabreanus,gastropod,18,C,False,,False,possible
BM-SPECIES-002071,무명천비자고둥,Punctacteon teramachii,gastropod,18,C,False,,False,possible
BM-SPECIES-002072,점차관골뱅이,Japonactaeon nipponensis,gastropod,18,C,False,,False,possible
BM-SPECIES-002073,댕가리,Batillaria attramentaria,gastropod,18,C,False,,False,possible
BM-SPECIES-002074,점갯고둥,Batillaria zonalis,gastropod,18,C,False,,False,possible
BM-SPECIES-002075,흰줄혹띠갯고둥,Batillaria flectosiphonata,gastropod,18,C,False,,False,possible
BM-SPECIES-002076,갯고둥,Batillaria multiformis,gastropod,18,C,False,,False,possible
BM-SPECIES-002077,노랑떠돌이우렁이,Recluzia lutea,gastropod,18,C,False,,False,possible
BM-SPECIES-002078,작은보라고둥,Janthina umbilicata,gastropod,18,C,False,,False,possible
BM-SPECIES-002079,진보라고둥,Janthina janthina,gastropod,18,C,False,,False,possible
BM-SPECIES-002080,보라고둥,Janthina exigua,gastropod,18,C,False,,False,possible
BM-SPECIES-002081,둥근실꾸리고둥,Globiscala bullata,gastropod,18,C,False,,False,possible
BM-SPECIES-002082,실패고둥,Gyroscala commutata,gastropod,18,C,False,,False,possible
BM-SPECIES-002083,마디마디실꾸리고둥,Opalia matajiroi,gastropod,18,C,False,,False,possible
BM-SPECIES-002084,판륵실패고둥,Epitonium turtonis,gastropod,18,C,False,,False,possible
BM-SPECIES-002085,세로가는줄실꾸리고둥,Epitonium tosaense,gastropod,18,C,False,,False,possible
BM-SPECIES-002086,얇은실꾸리고둥,Epitonium aureomaculatum,gastropod,18,C,False,,False,possible
BM-SPECIES-002087,가는발실꾸리고둥,Epitonium pallidizonatum,gastropod,18,C,False,,False,possible
BM-SPECIES-002088,촘촘히실꾸리고둥,Epitonium sakuraii,gastropod,18,C,False,,False,possible
BM-SPECIES-002089,명주실꾸리고둥,Epitonium castum,gastropod,18,C,False,,False,possible
BM-SPECIES-002090,물방울실꾸리고둥,Epitonium yamakawai,gastropod,18,C,False,,False,possible
BM-SPECIES-002091,붕어입고둥,Epitonium liliputanum,gastropod,18,C,False,,False,possible
BM-SPECIES-002092,가시실꾸리고둥,Epitonium japonicum,gastropod,18,C,False,,False,possible
BM-SPECIES-002093,문발실꾸리고둥,Epitonium eusculptum,gastropod,18,C,False,,False,possible
BM-SPECIES-002094,어깨날개실꾸리고둥,Epitonium eximium,gastropod,18,C,False,,False,possible
BM-SPECIES-002095,세로굵은줄실꾸리고둥,Epitonium spyridion,gastropod,18,C,False,,False,possible
BM-SPECIES-002096,날개실꾸리고둥,Epitonium syoichiroi,gastropod,18,C,False,,False,possible
BM-SPECIES-002097,굵은실꾸리고둥,Epitonium pallasi,gastropod,18,C,False,,False,possible
BM-SPECIES-002098,가는뿔실꾸리고둥,Epitonium gracile,gastropod,18,C,False,,False,possible
BM-SPECIES-002099,층층실꾸리고둥,Epitonium pyramidale,gastropod,18,C,False,,False,possible
BM-SPECIES-002100,갈색띠실꾸리고둥,Epitonium yokoyamai,gastropod,18,C,False,,False,possible
BM-SPECIES-002101,농갈색띠실꾸리고둥,Epitonium harimaense,gastropod,18,C,False,,False,possible
BM-SPECIES-002102,둥근입실꾸리고둥,Epitonium scalare,gastropod,18,C,False,,False,possible
BM-SPECIES-002103,검정띠실꾸리고둥,Epitonium auritum,gastropod,18,C,False,,False,possible
BM-SPECIES-002104,까치발실꾸리고둥,Epitonium muricatum,gastropod,18,C,False,,False,possible
BM-SPECIES-002105,긴실꾸리고둥,Epitonium stigmaticum,gastropod,18,C,False,,False,possible
BM-SPECIES-002106,회색실꾸리고둥,Epitonium latifasciatum,gastropod,18,C,False,,False,possible
BM-SPECIES-002107,뿔실꾸리고둥,Epitonium angustum,gastropod,18,C,False,,False,possible
BM-SPECIES-002108,어깨날개가는실꾸리고둥,Epitonium eximiellum,gastropod,18,C,False,,False,possible
BM-SPECIES-002109,이랑날개실꾸리고둥,Cirsotrema rugosum,gastropod,18,C,False,,False,possible
BM-SPECIES-002110,겹겹이실꾸리고둥,Cirsotrema fimbriatulum,gastropod,18,C,False,,False,possible
BM-SPECIES-002111,굵은갈비실꾸리고둥,Boreoscala greenlandica,gastropod,18,C,False,,False,possible
BM-SPECIES-002112,틈새실꾸리고둥,Cycloscala laxata,gastropod,18,C,False,,False,possible
BM-SPECIES-002113,벌레실꾸리고둥,Cycloscala hyalina,gastropod,18,C,False,,False,possible
BM-SPECIES-002114,송곳실꾸리고둥,Acrilla acuminata,gastropod,18,C,False,,False,possible
BM-SPECIES-002115,무명올각시실꾸리고둥,Amaea gazeoides,gastropod,18,C,False,,False,possible
BM-SPECIES-002116,그물눈언덕실꾸리고둥,Amaea ogaitoi,gastropod,18,C,False,,False,possible
BM-SPECIES-002117,긴탑무명실꾸리고둥,Amaea magnifica,gastropod,18,C,False,,False,possible
BM-SPECIES-002118,각시실꾸리고둥,Amaea thielei,gastropod,18,C,False,,False,possible
BM-SPECIES-002119,무명천흰삿갓조개,Cocculina japonica,gastropod,18,C,False,,False,possible
BM-SPECIES-002120,꼬마무명천흰삿갓조개,Cocculina subcompressa,gastropod,18,C,False,,False,possible
BM-SPECIES-002121,반투명꼬마흰삿갓조개,Coccopigya punctoradiata,gastropod,18,C,False,,False,possible
BM-SPECIES-002122,흰줄돌기갯민숭붙이,Hermaea noto,gastropod,18,C,False,,False,possible
BM-SPECIES-002123,검은돌기갯민숭붙이,Aplysiopsis nigra,gastropod,18,C,False,,False,possible
BM-SPECIES-002124,작은모래붙이고둥,Scaliola arenosa,gastropod,18,C,False,,False,possible
BM-SPECIES-002125,모래붙이짜부락고둥,Scaliola bella,gastropod,18,C,False,,False,possible
BM-SPECIES-002126,가는모래붙이고둥,Scaliola glareosa,gastropod,18,C,False,,False,possible
BM-SPECIES-002127,잔고리짜부락고둥,Diala sulcifera,gastropod,18,C,False,,False,possible
BM-SPECIES-002128,매끈이짜부락고둥,Diala semistriata,gastropod,18,C,False,,False,possible
BM-SPECIES-002129,격자고리짜부락고둥,Argyropeza schepmaniana,gastropod,18,C,False,,False,possible
BM-SPECIES-002130,가는좀짜부락고둥,Cerithidium perparvulum,gastropod,18,C,False,,False,possible
BM-SPECIES-002131,좀짜부락고둥,Cerithidium diplax,gastropod,18,C,False,,False,possible
BM-SPECIES-002132,갈줄고둥,Cacozeliana variegata,gastropod,18,C,False,,False,possible
BM-SPECIES-002133,눈줄고둥,Bittium glareosum,gastropod,18,C,False,,False,possible
BM-SPECIES-002134,얼룩덜룩갈줄고둥,Cerithium alutaceum,gastropod,18,C,False,,False,possible
BM-SPECIES-002135,깜장짜부락고둥,Cerithium dialeucum,gastropod,18,C,False,,False,possible
BM-SPECIES-002136,송곳짜부락고둥,Rhinoclavis longicaudata,gastropod,18,C,False,,False,possible
BM-SPECIES-002138,짜부락고둥,Rhinoclavis kochi,gastropod,18,C,False,,False,possible
BM-SPECIES-002139,오디짜부락고둥,Clypeomorus bifasciata,gastropod,18,C,False,,False,possible
BM-SPECIES-002141,작은층갈줄고둥,Ittibittium parcum,gastropod,18,C,False,,False,possible
BM-SPECIES-002142,흰반점홀쭉이고둥,Styliferina goniochila,gastropod,18,C,False,,False,possible
BM-SPECIES-002143,홀쭉이고둥,Litiopa nipponica,gastropod,18,C,False,,False,possible
BM-SPECIES-002144,갈색줄언덕홀쭉이고둥,Alaba hungerfordi,gastropod,18,C,False,,False,possible
BM-SPECIES-002145,갈색줄홀쭉이고둥,Alaba picta,gastropod,18,C,False,,False,possible
BM-SPECIES-002146,검정비틀이고둥,Cerithideopsis largillierti,gastropod,18,C,False,,False,possible
BM-SPECIES-002147,실꾸리비틀이고둥,Cerithideopsis montagnei,gastropod,18,C,False,,False,possible
BM-SPECIES-002148,비틀이고둥,Pirenella cingulata,gastropod,18,C,False,,False,possible
BM-SPECIES-002149,갯비틀이고둥,Pirenella alata,gastropod,18,C,False,,False,possible
BM-SPECIES-002150,작은동다리,Cerithidea moerchii,gastropod,18,C,False,,False,possible
BM-SPECIES-002151,얼룩비틀이고둥,Cerithidea balteata,gastropod,18,C,False,,False,possible
BM-SPECIES-002152,동다리,Cerithidea rhizophorarum,gastropod,18,C,False,,False,possible
BM-SPECIES-002153,등색회오리고둥,Styloptygma luteum,gastropod,18,C,False,,False,possible
BM-SPECIES-002154,반투명흐린띠회오리고둥,Styloptygma taeniatum,gastropod,18,C,False,,False,possible
BM-SPECIES-002155,두툼입술꼬마회오리고둥,Quirella suprafila,gastropod,18,C,False,,False,possible
BM-SPECIES-002156,밑줄꼬마회오리고둥,Egilina mariella,gastropod,18,C,False,,False,possible
BM-SPECIES-002157,굵은세로줄큰회오리고둥,Mormula philippiana,gastropod,18,C,False,,False,possible
BM-SPECIES-002158,잘록띠회오리고둥,Tibersyrnola lepidula,gastropod,18,C,False,,False,possible
BM-SPECIES-002159,옆줄회오리고둥,Pseudocingulina terebra,gastropod,18,C,False,,False,possible
BM-SPECIES-002160,겹지붕구멍삿갓조개,Diodora sieboldii,gastropod,18,C,False,,False,possible
BM-SPECIES-002161,유리세줄회오리고둥,Pseudocingulina onzikuensis,gastropod,18,C,False,,False,possible
BM-SPECIES-002162,세줄회오리고둥,Pseudocingulina triarata,gastropod,18,C,False,,False,possible
BM-SPECIES-002163,겹줄회오리고둥,Pseudocingulina inequicingulata,gastropod,18,C,False,,False,possible
BM-SPECIES-002164,난쟁이어깨회오리고둥,Pyrgulina brenda,gastropod,18,C,False,,False,possible
BM-SPECIES-002165,번데기회오리고둥,Pyrgulina pupaeformis,gastropod,18,C,False,,False,possible
BM-SPECIES-002166,모진어깨투명회오리고둥,Pyrgulina pulchella,gastropod,18,C,False,,False,possible
BM-SPECIES-002167,오동통회오리고둥,Pyrgulina pseudalveata,gastropod,18,C,False,,False,possible
BM-SPECIES-002168,바구니무늬회오리고둥,Pyrgulina casta,gastropod,18,C,False,,False,possible
BM-SPECIES-002169,곧은줄두꺼운회오리고둥,Pyrgulina plicata,gastropod,18,C,False,,False,possible
BM-SPECIES-002170,발무늬긴회오리고둥,Pyrgulina shigeyasui,gastropod,18,C,False,,False,possible
BM-SPECIES-002171,죽순회오리고둥,Puposyrnola terebroides,gastropod,18,C,False,,False,possible
BM-SPECIES-002172,긴입흰회오리고둥,Puposyrnola inturbida,gastropod,18,C,False,,False,possible
BM-SPECIES-002173,둥근모회오리고둥,Brachystomia bipyramidata,gastropod,18,C,False,,False,possible
BM-SPECIES-002174,작은알회오리고둥,Brachystomia minutiovum,gastropod,18,C,False,,False,possible
BM-SPECIES-002175,기생이빨고둥,Brachystomia omaensis,gastropod,18,C,False,,False,possible
BM-SPECIES-002176,누렁회오리고둥,Sinuatodostomia nomurai,gastropod,18,C,False,,False,possible
BM-SPECIES-002177,큰몸회오리고둥,Megastomia interolineata,gastropod,18,C,False,,False,possible
BM-SPECIES-002178,둥근층층이회오리고둥,Megastomia sagamiana,gastropod,18,C,False,,False,possible
BM-SPECIES-002179,부푼층회오리고둥,Megastomia makiyamai,gastropod,18,C,False,,False,possible
BM-SPECIES-002180,둥근어깨회오리고둥,Megastomia yabehisakatsui,gastropod,18,C,False,,False,possible
BM-SPECIES-002181,부푼회오리고둥,Megastomia clara,gastropod,18,C,False,,False,possible
BM-SPECIES-002182,서해쐐기고둥,Iolaea scitula,gastropod,18,C,False,,False,possible
BM-SPECIES-002183,둥근쐐기고둥,Iolaea amicalis,gastropod,18,C,False,,False,possible
BM-SPECIES-002184,넓은골쐐기고둥,Iolaea neofelixoides,gastropod,18,C,False,,False,possible
BM-SPECIES-002185,고리회오리고둥,Cingulina cingulata,gastropod,18,C,False,,False,possible
BM-SPECIES-002186,밑줄회오리고둥,Babella gloria,gastropod,18,C,False,,False,possible
BM-SPECIES-002187,가로줄밑띠회오리고둥,Babella caelatior,gastropod,18,C,False,,False,possible
BM-SPECIES-002188,반투명회오리고둥,Boonea umboniocola,gastropod,18,C,False,,False,possible
BM-SPECIES-002189,모진어깨회오리고둥,Asmunda metula,gastropod,18,C,False,,False,possible
BM-SPECIES-002190,멋쟁이탑회오리고둥,Asmunda elegantula,gastropod,18,C,False,,False,possible
BM-SPECIES-002191,혹줄싸라기눈회오리고둥,Miralda gemma,gastropod,18,C,False,,False,possible
BM-SPECIES-002192,싸라기눈회오리고둥,Miralda attentissima,gastropod,18,C,False,,False,possible
BM-SPECIES-002193,세로줄반투명회오리고둥,Turbonilla kidoensis,gastropod,18,C,False,,False,possible
BM-SPECIES-002194,세로줄둥근회오리고둥,Turbonilla punctiperipherata,gastropod,18,C,False,,False,possible
BM-SPECIES-002195,넓은폭세로줄회오리고둥,Turbonilla crassa,gastropod,18,C,False,,False,possible
BM-SPECIES-002196,세로줄갈색띠회오리고둥,Turbonilla aulica,gastropod,18,C,False,,False,possible
BM-SPECIES-002197,두꺼운세로줄회오리고둥,Turbonilla miurana,gastropod,18,C,False,,False,possible
BM-SPECIES-002198,굵은줄기회오리고둥,Turbonilla paucicostulata,gastropod,18,C,False,,False,possible
BM-SPECIES-002199,거문도쐐기고둥,Turbonilla macilenta,gastropod,18,C,False,,False,possible
BM-SPECIES-002200,삐딱세로줄회오리고둥,Turbonilla actopora,gastropod,18,C,False,,False,possible
BM-SPECIES-002201,굵은세로줄회오리고둥,Turbonilla kurodai,gastropod,18,C,False,,False,possible
BM-SPECIES-002202,세로물결줄회오리고둥,Turbonilla candida,gastropod,18,C,False,,False,possible
BM-SPECIES-002203,비단결회오리고둥,Turbonilla mumia,gastropod,18,C,False,,False,possible
BM-SPECIES-002204,세로줄칸막이회오리고둥,Turbonilla kesennumana,gastropod,18,C,False,,False,possible
BM-SPECIES-002205,배꼽회오리고둥,Odostomia profundiperforata,gastropod,18,C,False,,False,possible
BM-SPECIES-002206,작은회오리고둥붙이,Odostomia hilgendorfi,gastropod,18,C,False,,False,possible
BM-SPECIES-002207,회오리고둥붙이,Odostomia desimana,gastropod,18,C,False,,False,possible
BM-SPECIES-002208,두툼회오리고둥,Odostomia aomori,gastropod,18,C,False,,False,possible
BM-SPECIES-002209,나사못회오리고둥,Odostomia infrequens,gastropod,18,C,False,,False,possible
BM-SPECIES-002210,둥글둥글회오리고둥,Odostomia sperabilis,gastropod,18,C,False,,False,possible
BM-SPECIES-002211,금줄회오리고둥,Derjuginella rufofasciata,gastropod,18,C,False,,False,possible
BM-SPECIES-002212,투명실패회오리고둥,Kleinella sulcata,gastropod,18,C,False,,False,possible
BM-SPECIES-002213,잔줄무늬회오리고둥,Chrysallida sibana,gastropod,18,C,False,,False,possible
BM-SPECIES-002214,대리석회오리고둥,Eulimella marmorea,gastropod,18,C,False,,False,possible
BM-SPECIES-002215,굵은고리회오리고둥,Odetta bosyuensis,gastropod,18,C,False,,False,possible
BM-SPECIES-002216,실패큰회오리고둥,Odetta lirata,gastropod,18,C,False,,False,possible
BM-SPECIES-002217,세로줄회오리고둥,Oscilla tricordata,gastropod,18,C,False,,False,possible
BM-SPECIES-002218,실패작은회오리고둥,Oscilla voorwindei,gastropod,18,C,False,,False,possible
BM-SPECIES-002219,매끈이회오리고둥,Tiberia pulchella,gastropod,18,C,False,,False,possible
BM-SPECIES-002220,흐린갈색띠회오리고둥,Tiberia ebarana,gastropod,18,C,False,,False,possible
BM-SPECIES-002221,갈색띠회오리고둥,Tiberia dunkeri,gastropod,18,C,False,,False,possible
BM-SPECIES-002222,발무늬회오리고둥,Pyrgiscus yoritomoi,gastropod,18,C,False,,False,possible
BM-SPECIES-002223,날씬이갈색띠회오리고둥,Syrnola cinctella,gastropod,18,C,False,,False,possible
BM-SPECIES-002224,갈색띠가는회오리고둥,Syrnola subcinctella,gastropod,18,C,False,,False,possible
BM-SPECIES-002225,주름꼭지회오리고둥,Siogamaia akasakiensis,gastropod,18,C,False,,False,possible
BM-SPECIES-002226,담색띠회오리고둥,Tropaeas strigulata,gastropod,18,C,False,,False,possible
BM-SPECIES-002227,이빨회오리고둥,Agatha virgo,gastropod,18,C,False,,False,possible
BM-SPECIES-002228,그물회오리고둥,Linopyrga tantilla,gastropod,18,C,False,,False,possible
BM-SPECIES-002229,그물층층이회오리고둥,Linopyrga punctigera,gastropod,18,C,False,,False,possible
BM-SPECIES-002230,칸칸이세로줄회오리고둥,Parthenina quantoana,gastropod,18,C,False,,False,possible
BM-SPECIES-002231,뾰족회오리고둥,Parthenina affectuosa,gastropod,18,C,False,,False,possible
BM-SPECIES-002232,통통이마디회오리고둥,Parthenina ultralaeta,gastropod,18,C,False,,False,possible
BM-SPECIES-002233,물결무늬마디회오리고둥,Parthenina pagodula,gastropod,18,C,False,,False,possible
BM-SPECIES-002234,두줄갈색띠회오리고둥,Bacteridium vittatum,gastropod,18,C,False,,False,possible
BM-SPECIES-002235,납작수레바퀴고둥,Heliacus variegatus,gastropod,18,C,False,,False,possible
BM-SPECIES-002236,황색납작수레바퀴고둥,Heliacus enoshimensis,gastropod,18,C,False,,False,possible
BM-SPECIES-002237,밤색납작수레바퀴고둥,Heliacus implexus,gastropod,18,C,False,,False,possible
BM-SPECIES-002238,번데기점갯고둥붙이,Horologica bipartita,gastropod,18,C,False,,False,possible
BM-SPECIES-002239,배불뚝이옆줄갯고둥붙이,Seila japonica,gastropod,18,C,False,,False,possible
BM-SPECIES-002240,옆줄갯고둥사촌,Seila morishimai,gastropod,18,C,False,,False,possible
BM-SPECIES-002241,통통이갈색갯고둥붙이,Joculator marileutes,gastropod,18,C,False,,False,possible
BM-SPECIES-002242,날씬이갯고둥사촌,Cerithiopsis spongicola,gastropod,18,C,False,,False,possible
BM-SPECIES-002243,날씬이갯고둥붙이,Cerithiopsis subreticulata,gastropod,18,C,False,,False,possible
BM-SPECIES-002244,밤색갯고둥붙이,Cerithiopsis stejnegeri,gastropod,18,C,False,,False,possible
BM-SPECIES-002245,잔줄무늬무새흰삿갓조개,Lepeta kuragiensis,gastropod,18,C,False,,False,possible
BM-SPECIES-002246,작은무새흰삿갓조개,Lepeta concentrica,gastropod,18,C,False,,False,possible
BM-SPECIES-002247,줄무늬무새흰삿갓조개,Lepeta caeca,gastropod,18,C,False,,False,possible
BM-SPECIES-002248,민무늬무새흰삿갓조개,Sagamilepeta sagamiensis,gastropod,18,C,False,,False,possible
BM-SPECIES-002249,무새흰삿갓조개,Limalepeta lima,gastropod,18,C,False,,False,possible
BM-SPECIES-002250,물고둥,Hydatina albocincta,gastropod,18,C,False,,False,possible
BM-SPECIES-002251,줄물고둥,Hydatina physis,gastropod,18,C,False,,False,possible
BM-SPECIES-002252,검은세로줄물고둥,Hydatina zonata,gastropod,18,C,False,,False,possible
BM-SPECIES-002253,담자색점줄비자고둥,Rictaxiella choshiensis,gastropod,18,C,False,,False,possible
BM-SPECIES-002254,잔주름갈색띠회오리고둥,Ebala striatula,gastropod,18,C,False,,False,possible
BM-SPECIES-002255,잔고리투명가시고둥,Ebala pagodula,gastropod,18,C,False,,False,possible
BM-SPECIES-002256,층층이투명가시고둥,Murchisonella densistriata,gastropod,18,C,False,,False,possible
BM-SPECIES-002257,세로줄또아리고둥,Munditiella ammonoceras,gastropod,18,C,False,,False,possible
BM-SPECIES-002258,잔고리납작투명꼬마고둥,Dillwynella planorbis,gastropod,18,C,False,,False,possible
BM-SPECIES-002259,둥근투명꼬마고둥,Dillwynella vitrea,gastropod,18,C,False,,False,possible
BM-SPECIES-002260,분홍무늬팥알고둥,Argalista glareosa,gastropod,18,C,False,,False,possible
BM-SPECIES-002261,흰팥알고둥,Argalista amakusaensis,gastropod,18,C,False,,False,possible
BM-SPECIES-002262,악어가죽팥알고둥,Squamahomalopoma granuliferum,gastropod,18,C,False,,False,possible
BM-SPECIES-002263,팥알고둥,Gigahomalopoma nocturnum,gastropod,18,C,False,,False,possible
BM-SPECIES-002264,산팥알고둥,Gigahomalopoma sangarense,gastropod,18,C,False,,False,possible
BM-SPECIES-002265,누더기팥알고둥,Gigahomalopoma amussitatum,gastropod,18,C,False,,False,possible
BM-SPECIES-002266,쇄팥알고둥,Neocollonia pilula,gastropod,18,C,False,,False,possible
BM-SPECIES-002267,분홍무늬팥알고둥,Collonista glareosa,gastropod,18,C,False,,False,possible
BM-SPECIES-002268,분홍유리고둥,Hiloa variabilis,gastropod,18,C,False,,False,possible
BM-SPECIES-002269,유리고둥,Phasianella solida,gastropod,18,C,False,,False,possible
BM-SPECIES-002270,북방반질이고둥,Margarites pilsbryi,gastropod,18,C,False,,False,possible
BM-SPECIES-002271,둥근입고둥,Liotinaria semiclathratula,gastropod,18,C,False,,False,possible
BM-SPECIES-002272,명주고둥,Tegula kusairo,gastropod,18,C,False,,False,possible
BM-SPECIES-002273,밤고둥,Tegula rugata,gastropod,18,C,False,,False,possible
BM-SPECIES-002274,보말고둥,Tegula rustica,gastropod,18,C,False,,False,possible
BM-SPECIES-002275,구멍밤고둥,Tegula turbinata,gastropod,18,C,False,,False,possible
BM-SPECIES-002276,애기밤고둥,Tegula nigerrima,gastropod,18,C,False,,False,possible
BM-SPECIES-002279,둥근배꼽고둥,Solariella delicata,gastropod,18,C,False,,False,possible
BM-SPECIES-002280,주름고둥,Solariella varicosa,gastropod,18,C,False,,False,possible
BM-SPECIES-002281,높은탑배꼽고둥,Minolia punctata,gastropod,18,C,False,,False,possible
BM-SPECIES-002282,둥근꼬마고둥,Conradia perclathrata,gastropod,18,C,False,,False,possible
BM-SPECIES-002283,팽이방석고둥,Calliostoma koma,gastropod,18,C,False,,False,possible
BM-SPECIES-002284,얼룩방석고둥,Calliostoma crossleyae,gastropod,18,C,False,,False,possible
BM-SPECIES-002285,방석고둥,Tristichotrochus unicus,gastropod,18,C,False,,False,possible
BM-SPECIES-002286,주홍방석고둥,Tristichotrochus consors,gastropod,18,C,False,,False,possible
BM-SPECIES-002287,매끈이방석고둥,Tristichotrochus haliarchus,gastropod,18,C,False,,False,possible
BM-SPECIES-002288,가시방석고둥,Tristichotrochus aculeatus,gastropod,18,C,False,,False,possible
BM-SPECIES-002289,꼬마고무신고둥,Stomatella planulata,gastropod,18,C,False,,False,possible
BM-SPECIES-002290,각시고둥,Monodonta neritoides,gastropod,18,C,False,,False,possible
BM-SPECIES-002291,울타리고둥,Monodonta labio,gastropod,18,C,False,,False,possible
BM-SPECIES-002292,큰키각시고둥,Monodonta canalifera,gastropod,18,C,False,,False,possible
BM-SPECIES-002294,남방울타리고둥,Monodonta australis,gastropod,18,C,False,,False,possible
BM-SPECIES-002295,개울타리고둥,Monodonta confusa,gastropod,18,C,False,,False,possible
BM-SPECIES-002296,깨알밤고둥,Conotalopia mustelina,gastropod,18,C,False,,False,possible
BM-SPECIES-002297,흰무늬배꼽고둥,Conotalopia ornata,gastropod,18,C,False,,False,possible
BM-SPECIES-002298,바퀴밤고둥,Trochus rota,gastropod,18,C,False,,False,possible
BM-SPECIES-002299,비단배꼽고둥,Sericominolia stearnsii,gastropod,18,C,False,,False,possible
BM-SPECIES-002300,뾰족얼룩고둥,Komaitrochus pulcher,gastropod,18,C,False,,False,possible
BM-SPECIES-002301,띠각시고둥,Diloma piperinum,gastropod,18,C,False,,False,possible
BM-SPECIES-002302,흰점줄박이고둥,Eurytrochus affinis,gastropod,18,C,False,,False,possible
BM-SPECIES-002303,보석고둥,Clanculus margaritarius,gastropod,18,C,False,,False,possible
BM-SPECIES-002304,빨강울타리고둥,Clanculus gemmulifer,gastropod,18,C,False,,False,possible
BM-SPECIES-002305,이빨울타리고둥,Clanculus denticulatus,gastropod,18,C,False,,False,possible
BM-SPECIES-002306,빨강꼭지고둥,Clanculus microdon,gastropod,18,C,False,,False,possible
BM-SPECIES-002307,넓은입고둥,Stomatolina rubra,gastropod,18,C,False,,False,possible
BM-SPECIES-002308,잔무늬얼룩고둥,Iwakawatrochus urbanus,gastropod,18,C,False,,False,possible
BM-SPECIES-002309,흰구름무늬꼬마고둥,Fossarina picta,gastropod,18,C,False,,False,possible
BM-SPECIES-002310,새끼밤고둥,Lirularia iridescens,gastropod,18,C,False,,False,possible
BM-SPECIES-002311,햇살밤고둥,Lirularia pygmaea,gastropod,18,C,False,,False,possible
BM-SPECIES-002312,빗금줄무늬밤고둥,Lirularia yamadana,gastropod,18,C,False,,False,possible
BM-SPECIES-002313,얼룩고둥,Cantharidus callichrous,gastropod,18,C,False,,False,possible
BM-SPECIES-002314,남방얼룩고둥,Cantharidus japonicus,gastropod,18,C,False,,False,possible
BM-SPECIES-002315,둥근입얼룩고둥,Cantharidus jessoensis,gastropod,18,C,False,,False,possible
BM-SPECIES-002316,꼬마얼룩고둥,Cantharidus hirasei,gastropod,18,C,False,,False,possible
BM-SPECIES-002317,두줄얼룩고둥,Cantharidus bisbalteatus,gastropod,18,C,False,,False,possible
BM-SPECIES-002318,납작배꼽고둥,Enida japonica,gastropod,18,C,False,,False,possible
BM-SPECIES-002319,유리밤고둥,Alcyna ocellata,gastropod,18,C,False,,False,possible
BM-SPECIES-002320,큰비단고둥,Umbonium giganteum,gastropod,18,C,False,,False,possible
BM-SPECIES-002321,비단고둥,Umbonium costatum,gastropod,18,C,False,,False,possible
BM-SPECIES-002322,흑비단고둥,Umbonium moniliferum,gastropod,18,C,False,,False,possible
BM-SPECIES-002323,황해비단고둥,Umbonium thomasi,gastropod,18,C,False,,False,possible
BM-SPECIES-002325,민소라,Turbo stenogyrus,gastropod,18,C,False,,False,possible
BM-SPECIES-002326,예쁜눈알고둥,Turbo excellens,gastropod,18,C,False,,False,possible
BM-SPECIES-002327,바퀴고둥,Astralium haematragum,gastropod,18,C,False,,False,possible
BM-SPECIES-002328,작은바퀴고둥,Astralium calcar,gastropod,18,C,False,,False,possible
BM-SPECIES-002329,눈알고둥,Lunella correensis,gastropod,18,C,False,,False,possible
BM-SPECIES-002330,월계관납작소라,Guildfordia triumphans,gastropod,18,C,False,,False,possible
BM-SPECIES-002331,잔뿔소라,Bolma modesta,gastropod,18,C,False,,False,possible
BM-SPECIES-002332,납작소라,Pomaulax japonicus,gastropod,18,C,False,,False,possible
BM-SPECIES-002333,갈고둥,Nerita japonica,gastropod,18,C,False,,False,possible
BM-SPECIES-002334,큰입술갈고둥,Nerita albicilla,gastropod,18,C,False,,False,possible
BM-SPECIES-002335,기수갈고둥,Clithon retropictum,gastropod,18,C,False,,False,possible
BM-SPECIES-002336,부리말굽삿갓조개,Plesiothyreus cinnamomeus,gastropod,18,C,False,,False,possible
BM-SPECIES-002337,넓은말굽삿갓조개,Plesiothyreus cytherae,gastropod,18,C,False,,False,possible
BM-SPECIES-002338,편자말굽삿갓조개,Plesiothyreus newtoni,gastropod,18,C,False,,False,possible
BM-SPECIES-002339,납작말굽삿갓조개,Hyalopatina planata,gastropod,18,C,False,,False,possible
BM-SPECIES-002340,말굽삿갓조개,Zacalantica unguiformis,gastropod,18,C,False,,False,possible
BM-SPECIES-002341,흰이랑삿갓조개,Tugali angusta,gastropod,18,C,False,,False,possible
BM-SPECIES-002342,비단구멍삿갓조개,Scutus sinensis,gastropod,18,C,False,,False,possible
BM-SPECIES-002343,검정구멍삿갓조개,Scutus unguis,gastropod,18,C,False,,False,possible
BM-SPECIES-002344,누더기삿갓조개,Scutellastra flexuosa,gastropod,18,C,False,,False,possible
BM-SPECIES-002345,빨강꼬마삿갓조개,Erginus moskalevi,gastropod,18,C,False,,False,possible
BM-SPECIES-002346,분홍햇살꼬마삿갓조개,Erginus sybariticus,gastropod,18,C,False,,False,possible
BM-SPECIES-002347,흰삿갓조개,Niveotectura pallida,gastropod,18,C,False,,False,possible
BM-SPECIES-002348,멋쟁이배무래기,Nipponacmea gloriosa,gastropod,18,C,False,,False,possible
BM-SPECIES-002349,검은테배무래기,Nipponacmea nigrans,gastropod,18,C,False,,False,possible
BM-SPECIES-002350,둥근배무래기,Nipponacmea concinna,gastropod,18,C,False,,False,possible
BM-SPECIES-002351,잔무늬배무래기,Nipponacmea radula,gastropod,18,C,False,,False,possible
BM-SPECIES-002352,테라마찌배무래기,Nipponacmea teramachii,gastropod,18,C,False,,False,possible
BM-SPECIES-002353,납작배무래기,Nipponacmea fuscoviridis,gastropod,18,C,False,,False,possible
BM-SPECIES-002354,배무래기,Nipponacmea schrenckii,gastropod,18,C,False,,False,possible
BM-SPECIES-002355,갈색줄무늬꼬마삿갓조개,Yayoiacmea oyamai,gastropod,18,C,False,,False,possible
BM-SPECIES-002356,무늬애기배말,Patelloida signata,gastropod,18,C,False,,False,possible
BM-SPECIES-002357,애기배말,Patelloida pygmaea,gastropod,18,C,False,,False,possible
BM-SPECIES-002358,호롱애기배말,Patelloida conulus,gastropod,18,C,False,,False,possible
BM-SPECIES-002360,두드럭배말,Lottia dorsuosa,gastropod,18,C,False,,False,possible
BM-SPECIES-002361,애기두드럭배말,Lottia kogamogai,gastropod,18,C,False,,False,possible
BM-SPECIES-002362,흰줄무늬삿갓조개,Lottia cassis,gastropod,18,C,False,,False,possible
BM-SPECIES-002363,갈색무늬배말,Lottia peitaihoensis,gastropod,18,C,False,,False,possible
BM-SPECIES-002364,흰무늬배말,Lottia tenuisculpta,gastropod,18,C,False,,False,possible
BM-SPECIES-002365,흰반점배말,Lottia lindbergi,gastropod,18,C,False,,False,possible
BM-SPECIES-002366,주름애기두드럭배말,Lottia luchuana,gastropod,18,C,False,,False,possible
BM-SPECIES-002367,꼬마흰삿갓조개,Lottia langfordi,gastropod,18,C,False,,False,possible
BM-SPECIES-002368,망사배말,Lottia scutum,gastropod,18,C,False,,False,possible
BM-SPECIES-002369,애기삿갓조개,Cellana toreuma,gastropod,18,C,False,,False,possible
BM-SPECIES-002370,흑색배말,Cellana nigrolineata,gastropod,18,C,False,,False,possible
BM-SPECIES-002371,진주배말,Cellana grata,gastropod,18,C,False,,False,possible
BM-SPECIES-002372,동양그물삿갓조개,Pectinodonta orientalis,gastropod,18,C,False,,False,possible
BM-SPECIES-002373,흰그물삿갓조개,Pectinodonta rhyssa,gastropod,18,C,False,,False,possible
BM-SPECIES-002374,검은콩갯민숭이,Onchidella kurodai,gastropod,18,C,False,,False,possible
BM-SPECIES-002375,두꺼비갯민달팽이,Paromoionchis tumidus,gastropod,18,C,False,,False,possible
BM-SPECIES-002376,납작투명꼬마고둥,Leptogyropsis inflata,gastropod,18,C,False,,False,possible
BM-SPECIES-002377,노란이빨귀고둥,Auriculastra duplicata,gastropod,18,C,False,,False,possible
BM-SPECIES-002378,뾰족탑대추귀고둥,Melampus taeniolatus,gastropod,18,C,False,,False,possible
BM-SPECIES-002379,밤색귀고둥,Melampus nuxcastaneus,gastropod,18,C,False,,False,possible
BM-SPECIES-002380,노랑띠대추귀고둥,Melampus fasciatus,gastropod,18,C,False,,False,possible
BM-SPECIES-002381,낮은탑대추귀고둥,Melampus sincaporensis,gastropod,18,C,False,,False,possible
BM-SPECIES-002382,얇은귀고둥,Melampus flavus,gastropod,18,C,False,,False,possible
BM-SPECIES-002383,대추귀고둥,Ellobium chinense,gastropod,18,C,False,,False,possible
BM-SPECIES-002384,가는옆줄작은귀고둥,Laemodonta octanfracta,gastropod,18,C,False,,False,possible
BM-SPECIES-002385,옆줄두툼입술작은귀고둥,Laemodonta monilifera,gastropod,18,C,False,,False,possible
BM-SPECIES-002386,옆줄얇은입술작은귀고둥,Laemodonta exaratoides,gastropod,18,C,False,,False,possible
BM-SPECIES-002387,거친옆줄작은귀고둥,Laemodonta siamensis,gastropod,18,C,False,,False,possible
BM-SPECIES-002388,좁쌀대추귀고둥,Microtralia acteocinoides,gastropod,18,C,False,,False,possible
BM-SPECIES-002389,도토리귀고둥,Allochroa layardi,gastropod,18,C,False,,False,possible
BM-SPECIES-002390,올빼미군소붙이,Pleurobranchaea japonica,gastropod,18,C,False,,False,possible
BM-SPECIES-002391,빨강갯민달팽이,Berthellina citrina,gastropod,18,C,False,,False,possible
BM-SPECIES-002392,둥근고리군소붙이,Pleurobranchus weberi,gastropod,18,C,False,,False,possible
BM-SPECIES-002393,유두군소붙이,Pleurobranchus mamillatus,gastropod,18,C,False,,False,possible
BM-SPECIES-002394,거북등군소붙이,Pleurobranchus peronii,gastropod,18,C,False,,False,possible
BM-SPECIES-002395,장식도롱이갯민숭이,Tenellia ornata,gastropod,18,C,False,,False,possible
BM-SPECIES-002396,주름구멍삿갓조개,Diodora quadriradiata,gastropod,18,C,False,,False,possible
BM-SPECIES-002397,구멍삿갓조개,Macroschisma sinense,gastropod,18,C,False,,False,possible
BM-SPECIES-002398,낮은구멍삿갓조개,Macroschisma dilatatum,gastropod,18,C,False,,False,possible
BM-SPECIES-002399,고운천이랑삿갓조개,Emarginula fragilis,gastropod,18,C,False,,False,possible
BM-SPECIES-002400,좁은이랑삿갓조개,Emarginula tosaensis,gastropod,18,C,False,,False,possible
BM-SPECIES-002401,넓은이랑삿갓조개,Emarginula crassicostata,gastropod,18,C,False,,False,possible
BM-SPECIES-002402,꼬마부리구멍삿갓조개,Puncturella parvinobilis,gastropod,18,C,False,,False,possible
BM-SPECIES-002403,매부리구멍삿갓조개,Puncturella pelex,gastropod,18,C,False,,False,possible
BM-SPECIES-002404,원추부리구멍삿갓조개,Puncturella fastigiata,gastropod,18,C,False,,False,possible
BM-SPECIES-002405,부리구멍삿갓조개,Puncturella nobilis,gastropod,18,C,False,,False,possible
BM-SPECIES-002406,낮은언청이삿갓조개,Emarginella sakuraii,gastropod,18,C,False,,False,possible
BM-SPECIES-002407,언청이삿갓조개,Emarginella incisura,gastropod,18,C,False,,False,possible
BM-SPECIES-002408,비뚤이삿갓조개,Montfortista oldhamiana,gastropod,18,C,False,,False,possible
BM-SPECIES-002410,작은뿔럭지삿갓조개,Tugalina vadososinuata,gastropod,18,C,False,,False,possible
BM-SPECIES-002411,뿔럭지삿갓조개,Tugalina gigas,gastropod,18,C,False,,False,possible
BM-SPECIES-002412,주름이쁜이삿갓조개,Montfortia picta,gastropod,18,C,False,,False,possible
BM-SPECIES-002413,이쁜이삿갓조개,Montfortia pulchra,gastropod,18,C,False,,False,possible
BM-SPECIES-002414,등구멍고둥,Sukashitrochus carinatus,gastropod,18,C,False,,False,possible
BM-SPECIES-002415,입째어진고둥,Scissurella staminea,gastropod,18,C,False,,False,possible
BM-SPECIES-002416,둥근전복,Haliotis discus,gastropod,18,C,False,,False,possible
BM-SPECIES-002417,말전복,Haliotis gigantea,gastropod,18,C,False,,False,possible
BM-SPECIES-002419,왕전복,Haliotis madaka,gastropod,18,C,False,,False,possible
BM-SPECIES-002421,마대오분자기,Haliotis diversicolor,gastropod,18,C,False,,False,possible
BM-SPECIES-002422,떠돌이주름뿔고둥,Hyalocylis striata,gastropod,18,C,False,,False,possible
BM-SPECIES-002423,납작떠돌이고둥,Heliconoides inflatus,gastropod,18,C,False,,False,possible
BM-SPECIES-002424,곰방대고둥,Cuvierina columnella,gastropod,18,C,False,,False,possible
BM-SPECIES-002425,배불뚝이곰방대고둥,Cuvierina urceolaris,gastropod,18,C,False,,False,possible
BM-SPECIES-002426,마름모거북고둥,Clio pyramidata,gastropod,18,C,False,,False,possible
BM-SPECIES-002427,큰키떠돌이고둥,Limacina bulimoides,gastropod,18,C,False,,False,possible
BM-SPECIES-002428,배불뚝이떠돌이고둥,Limacina trochiformis,gastropod,18,C,False,,False,possible
BM-SPECIES-002429,떠돌이쇠뿔고둥,Creseis conica,gastropod,18,C,False,,False,possible
BM-SPECIES-002430,떠돌이바늘고둥,Creseis acicula,gastropod,18,C,False,,False,possible
BM-SPECIES-002431,떠돌이갈고리고둥,Creseis virgula,gastropod,18,C,False,,False,possible
BM-SPECIES-002432,가오리거북고둥,Diacria trispinosa,gastropod,18,C,False,,False,possible
BM-SPECIES-002433,좁쌀거북고둥,Telodiacria quadridentata,gastropod,18,C,False,,False,possible
BM-SPECIES-002434,연갈색세모거북고둥,Diacavolinia angulata,gastropod,18,C,False,,False,possible
BM-SPECIES-002435,세모거북고둥,Diacavolinia longirostris,gastropod,18,C,False,,False,possible
BM-SPECIES-002436,밤색거북고둥,Cavolinia uncinata,gastropod,18,C,False,,False,possible
BM-SPECIES-002437,둥근거북고둥,Cavolinia globulosa,gastropod,18,C,False,,False,possible
BM-SPECIES-002438,거북고둥,Cavolinia tridentata,gastropod,18,C,False,,False,possible
BM-SPECIES-002439,긴꼬리납작거북고둥,Cavolinia inflexa,gastropod,18,C,False,,False,possible
BM-SPECIES-002440,노란테민챙이아재비,Chelidonura amoena,gastropod,18,C,False,,False,possible
BM-SPECIES-002441,두툼쌀알고둥,Decorifer matusimanus,gastropod,18,C,False,,False,possible
BM-SPECIES-002442,쌀알고둥,Decorifer insignis,gastropod,18,C,False,,False,possible
BM-SPECIES-002443,두툼관고둥,Cylichna alba,gastropod,18,C,False,,False,possible
BM-SPECIES-002444,빨간입술관고둥,Cylichna biplicata,gastropod,18,C,False,,False,possible
BM-SPECIES-002445,큰쌀알고둥,Truncacteocina coarctata,gastropod,18,C,False,,False,possible
BM-SPECIES-002446,둥근관고둥,Eocylichna musashiensis,gastropod,18,C,False,,False,possible
BM-SPECIES-002447,큰꼭지민챙이,Acteocina exilis,gastropod,18,C,False,,False,possible
BM-SPECIES-002448,큰관고둥,Mnestia japonica,gastropod,18,C,False,,False,possible
BM-SPECIES-002449,알민챙이고둥,Micratys ovum,gastropod,18,C,False,,False,possible
BM-SPECIES-002450,흰반점두더지고둥,Bulla punctulata,gastropod,18,C,False,,False,possible
BM-SPECIES-002451,두더지고둥,Bulla coreanica,gastropod,18,C,False,,False,possible
BM-SPECIES-002452,대추두더지고둥,Bulla vernicosa,gastropod,18,C,False,,False,possible
BM-SPECIES-002453,높은탑쌀알고둥,Retusa longispirata,gastropod,18,C,False,,False,possible
BM-SPECIES-002454,구멍좀쌀알고둥,Retusa succincta,gastropod,18,C,False,,False,possible
BM-SPECIES-002455,총각무쌀알고둥,Retusa sakuraii,gastropod,18,C,False,,False,possible
BM-SPECIES-002456,잔그물쌀알고둥,Retusa waughiana,gastropod,18,C,False,,False,possible
BM-SPECIES-002457,좀쌀알고둥,Retusa minima,gastropod,18,C,False,,False,possible
BM-SPECIES-002458,홈띠뾰족머리쌀알고둥,Pyrunculus tokyoensis,gastropod,18,C,False,,False,possible
BM-SPECIES-002459,뾰족머리쌀알고둥,Pyrunculus phialus,gastropod,18,C,False,,False,possible
BM-SPECIES-002460,투명점줄네모작은민챙이,Hermania rubrata,gastropod,18,C,False,,False,possible
BM-SPECIES-002461,투명점줄작은민챙이,Hermania orca,gastropod,18,C,False,,False,possible
BM-SPECIES-002462,투명점줄긴민챙이,Hermania infantilis,gastropod,18,C,False,,False,possible
BM-SPECIES-002463,갯달팽이고둥,Philine vitrea,gastropod,18,C,False,,False,possible
BM-SPECIES-002464,흰민챙이,Philine orientalis,gastropod,18,C,False,,False,possible
BM-SPECIES-002465,넓은흰민챙이,Philine otukai,gastropod,18,C,False,,False,possible
BM-SPECIES-002466,뾰족쌀알고둥,Volvulella eburnea,gastropod,18,C,False,,False,possible
BM-SPECIES-002467,가시좀쌀알고둥,Volvulella tokunagai,gastropod,18,C,False,,False,possible
BM-SPECIES-002468,뾰족가시쌀알고둥,Volvulella radiola,gastropod,18,C,False,,False,possible
BM-SPECIES-002469,꼭지좀쌀알고둥,Volvulella ovulina,gastropod,18,C,False,,False,possible
BM-SPECIES-002470,꼭지둥근쌀알고둥,Volvulella opalina,gastropod,18,C,False,,False,possible
BM-SPECIES-002471,긴흰포도고둥,Liloa porcellana,gastropod,18,C,False,,False,possible
BM-SPECIES-002472,쌀알민챙이,Cylichnatys angusta,gastropod,18,C,False,,False,possible
BM-SPECIES-002473,연녹색민챙이고둥,Vellicolla muscaria,gastropod,18,C,False,,False,possible
BM-SPECIES-002474,불룩배민챙이고둥,Vellicolla constricta,gastropod,18,C,False,,False,possible
BM-SPECIES-002475,긴불룩배민챙이고둥,Vellicolla ooformis,gastropod,18,C,False,,False,possible
BM-SPECIES-002476,옆줄민챙이고둥,Vellicolla okamotoi,gastropod,18,C,False,,False,possible
BM-SPECIES-002477,누에고치포도고둥,Aliculastrum cylindricum,gastropod,18,C,False,,False,possible
BM-SPECIES-002478,달걀민챙이고둥,Aliculastrum volvulina,gastropod,18,C,False,,False,possible
BM-SPECIES-002479,잘피에메랄드고둥,Phanerophthalmus olivaceus,gastropod,18,C,False,,False,possible
BM-SPECIES-002480,세로주름에메랄드고둥,Smaragdinella sieboldi,gastropod,18,C,False,,False,possible
BM-SPECIES-002481,갈색포도고둥,Haloa nigropunctata,gastropod,18,C,False,,False,possible
BM-SPECIES-002482,포도고둥,Haloa japonica,gastropod,18,C,False,,False,possible
BM-SPECIES-002483,민챙이,Bullacta caurina,gastropod,18,C,False,,False,possible
BM-SPECIES-002484,배꼽꼬마고둥,Lissotesta sobrina,gastropod,18,C,False,,False,possible
BM-SPECIES-002485,바위고둥,Turcica monilifera,gastropod,18,C,False,,False,possible
BM-SPECIES-002486,가시줄바위고둥,Ginebis crumpii,gastropod,18,C,False,,False,possible
BM-SPECIES-002487,홍색밤고둥,Herpetopoma rubrum,gastropod,18,C,False,,False,possible
BM-SPECIES-002488,꼬마울타리고둥,Herpetopoma lischkei,gastropod,18,C,False,,False,possible
BM-SPECIES-002489,꼬마바위고둥,Perrinia concinna,gastropod,18,C,False,,False,possible
BM-SPECIES-002490,꼬마바구니밤고동,Vaceuchelus clathratus,gastropod,18,C,False,,False,possible
BM-SPECIES-002491,검은점갈비고둥,Granata lyrata,gastropod,18,C,False,,False,possible
BM-SPECIES-002492,배꼽꼬마울타리고둥,Hybochelus cancellatus,gastropod,18,C,False,,False,possible
BM-SPECIES-002493,검은꼬마울타리고둥,Euchelus atratus,gastropod,18,C,False,,False,possible
BM-SPECIES-002494,꽃고랑딱개비,Siphonaria sirius,gastropod,18,C,False,,False,possible
BM-SPECIES-002495,흰고랑딱개비,Siphonaria acmaeoides,gastropod,18,C,False,,False,possible
BM-SPECIES-002496,고랑딱개비,Siphonaria japonica,gastropod,18,C,False,,False,possible
BM-SPECIES-002497,바구니무늬새끼고둥,Berthais egregia,gastropod,18,C,False,,False,possible
BM-SPECIES-002498,언덕고리고둥,Macromphalus tornatilis,gastropod,18,C,False,,False,possible
BM-SPECIES-002499,굽은관고둥,Caecum glabellum,gastropod,18,C,False,,False,possible
BM-SPECIES-002500,매끈이계란고둥,Casmaria cernica,gastropod,18,C,False,,False,possible
BM-SPECIES-002501,둥근계란고둥,Semicassis inornata,gastropod,18,C,False,,False,possible
BM-SPECIES-002502,점박이계란고둥,Semicassis bisulcata,gastropod,18,C,False,,False,possible
BM-SPECIES-002503,밤색줄무늬계란고둥,Phalium flammiferum,gastropod,18,C,False,,False,possible
BM-SPECIES-002504,쇄뿔계란고둥,Phalium bandatum,gastropod,18,C,False,,False,possible
BM-SPECIES-002505,흰구슬개오지,Trivirostra oryza,gastropod,18,C,False,,False,possible
BM-SPECIES-002506,가는줄흰구슬개오지,Trivirostra pellucidula,gastropod,18,C,False,,False,possible
BM-SPECIES-002507,보라성게살이고둥,Vitreolina langfordi,gastropod,18,C,False,,False,possible
BM-SPECIES-002508,성게살이꼬부리고둥,Vitreobalcis temnopleuricola,gastropod,18,C,False,,False,possible
BM-SPECIES-002509,불가사리퉁퉁이고둥,Parvioris fulvescens,gastropod,18,C,False,,False,possible
BM-SPECIES-002510,가시불가사리바늘고둥,Parvioris astropectenicola,gastropod,18,C,False,,False,possible
BM-SPECIES-002511,바늘고둥,Eulima bifascialis,gastropod,18,C,False,,False,possible
BM-SPECIES-002512,갈색무늬바늘고둥,Eulima unilineata,gastropod,18,C,False,,False,possible
BM-SPECIES-002513,반질이바늘고둥,Eulima lacca,gastropod,18,C,False,,False,possible
BM-SPECIES-002514,깃갯고사리살이고둥,Curveulima komaii,gastropod,18,C,False,,False,possible
BM-SPECIES-002515,유리송곳고둥,Aclis angulifera,gastropod,18,C,False,,False,possible
BM-SPECIES-002516,비틀이바늘고둥,Amamibalcis flavipunctata,gastropod,18,C,False,,False,possible
BM-SPECIES-002517,작은손잡이고둥,Hypermastus subula,gastropod,18,C,False,,False,possible
BM-SPECIES-002518,흰바늘고둥,Hypermastus castus,gastropod,18,C,False,,False,possible
BM-SPECIES-002519,꼬마투명성게살이고둥,Hypermastus peronellicola,gastropod,18,C,False,,False,possible
BM-SPECIES-002520,주근깨바늘고둥,Sticteulima lentiginosa,gastropod,18,C,False,,False,possible
BM-SPECIES-002521,날씬이주근깨바늘고둥,Sticteulima amamiensis,gastropod,18,C,False,,False,possible
BM-SPECIES-002522,흐린갈색무늬바늘고둥,Hemiliostraca metcalfei,gastropod,18,C,False,,False,possible
BM-SPECIES-002523,갈색무늬투명바늘고둥,Hemiliostraca vincta,gastropod,18,C,False,,False,possible
BM-SPECIES-002524,빨강불가사리속살이고둥,Stilifer akahitode,gastropod,18,C,False,,False,possible
BM-SPECIES-002525,진드기고둥,Pelseneeria castanea,gastropod,18,C,False,,False,possible
BM-SPECIES-002526,비틀이두툼바늘고둥,Melanella grandis,gastropod,18,C,False,,False,possible
BM-SPECIES-002527,입술사기바늘고둥,Melanella flexuosa,gastropod,18,C,False,,False,possible
BM-SPECIES-002528,휘어진바늘고둥,Melanella martinii,gastropod,18,C,False,,False,possible
BM-SPECIES-002529,반질이사기바늘고둥,Melanella tortuosa,gastropod,18,C,False,,False,possible
BM-SPECIES-002530,뾰족탑바늘고둥,Melanella teramachii,gastropod,18,C,False,,False,possible
BM-SPECIES-002531,흰곧은바늘고둥,Melanella acicula,gastropod,18,C,False,,False,possible
BM-SPECIES-002532,휘어진사기바늘고둥,Melanella major,gastropod,18,C,False,,False,possible
BM-SPECIES-002533,방패연잎성게살이고둥,Clypeastericola clypeastericola,gastropod,18,C,False,,False,possible
BM-SPECIES-002534,불가사리기생고둥,Thyca crystallina,gastropod,18,C,False,,False,possible
BM-SPECIES-002535,뾰족개오지,Talostolida teres,gastropod,18,C,False,,False,possible
BM-SPECIES-002536,흰점진보라개오지,Staphylaea staphylaea,gastropod,18,C,False,,False,possible
BM-SPECIES-002537,흰점보라개오지,Staphylaea limacina,gastropod,18,C,False,,False,possible
BM-SPECIES-002538,보라끝개오지,Purpuradusta fimbriata,gastropod,18,C,False,,False,possible
BM-SPECIES-002539,점박이개오지,Purpuradusta gracilis,gastropod,18,C,False,,False,possible
BM-SPECIES-002541,홍옥수개오지,Lyncina carneola,gastropod,18,C,False,,False,possible
BM-SPECIES-002542,제주개오지,Lyncina vitellus,gastropod,18,C,False,,False,possible
BM-SPECIES-002543,별개오지,Monetaria caputserpentis,gastropod,18,C,False,,False,possible
BM-SPECIES-002544,노랑테두리개오지,Monetaria annulus,gastropod,18,C,False,,False,possible
BM-SPECIES-002545,돈개오지,Monetaria moneta,gastropod,18,C,False,,False,possible
BM-SPECIES-002546,검은점줄개오지,Luria isabella,gastropod,18,C,False,,False,possible
BM-SPECIES-002547,고양이개오지,Melicerona felina,gastropod,18,C,False,,False,possible
BM-SPECIES-002548,노랑개오지,Palmadusta artuffeli,gastropod,18,C,False,,False,possible
BM-SPECIES-002549,마노석개오지,Erronea onyx,gastropod,18,C,False,,False,possible
BM-SPECIES-002550,눈송이개오지,Naria labrolineata,gastropod,18,C,False,,False,possible
BM-SPECIES-002551,은하수개오지,Naria erosa,gastropod,18,C,False,,False,possible
BM-SPECIES-002552,처녀개오지,Naria helvola,gastropod,18,C,False,,False,possible
BM-SPECIES-002553,함박눈송이개오지,Naria miliaris,gastropod,18,C,False,,False,possible
BM-SPECIES-002554,젖빛개오지,Naria boivinii,gastropod,18,C,False,,False,possible
BM-SPECIES-002555,둥근흰개오지붙이,Carpiscula bullata,gastropod,18,C,False,,False,possible
BM-SPECIES-002556,계란두루마리고둥,Volva habei,gastropod,18,C,False,,False,possible
BM-SPECIES-002557,카누두루마리고둥,Calcarovula longirostrata,gastropod,18,C,False,,False,possible
BM-SPECIES-002558,잘린두루마리고둥,Pellasimnia improcera,gastropod,18,C,False,,False,possible
BM-SPECIES-002559,앙가시두루마리고둥,Pellasimnia angasi,gastropod,18,C,False,,False,possible
BM-SPECIES-002560,분홍반점개오지붙이,Diminovula whitworthi,gastropod,18,C,False,,False,possible
BM-SPECIES-002561,혹등반점개오지붙이,Diminovula stigma,gastropod,18,C,False,,False,possible
BM-SPECIES-002562,코수게반점개오지붙이,Diminovula kosugei,gastropod,18,C,False,,False,possible
BM-SPECIES-002563,흐린반점개오지붙이,Diminovula coroniola,gastropod,18,C,False,,False,possible
BM-SPECIES-002564,쿨멘개오지붙이,Diminovula culmen,gastropod,18,C,False,,False,possible
BM-SPECIES-002565,주홍개오지붙이,Diminovula dautzenbergi,gastropod,18,C,False,,False,possible
BM-SPECIES-002566,가는옆줄토끼고둥,Contrasimnia xanthochila,gastropod,18,C,False,,False,possible
BM-SPECIES-002567,반점바퀴토끼고둥,Rotaovula septemmacula,gastropod,18,C,False,,False,possible
BM-SPECIES-002568,두툼꽈배기두루마리고둥,Phenacovolva brevirostris,gastropod,18,C,False,,False,possible
BM-SPECIES-002569,곧은부리두루마리고둥,Phenacovolva nectarea,gastropod,18,C,False,,False,possible
BM-SPECIES-002570,구름무늬두루마리고둥,Phenacovolva lahainaensis,gastropod,18,C,False,,False,possible
BM-SPECIES-002571,보라파도무늬두루마리고둥,Phenacovolva poppei,gastropod,18,C,False,,False,possible
BM-SPECIES-002572,연보라두루마리고둥,Phenacovolva pseudogracilis,gastropod,18,C,False,,False,possible
BM-SPECIES-002573,흰띠작은두루마리고둥,Phenacovolva dancei,gastropod,18,C,False,,False,possible
BM-SPECIES-002574,레데리두루마리고둥,Phenacovolva rehderi,gastropod,18,C,False,,False,possible
BM-SPECIES-002575,작은구름무늬두루마리고둥,Phenacovolva fusula,gastropod,18,C,False,,False,possible
BM-SPECIES-002576,뾰족두루마리고둥,Phenacovolva birostris,gastropod,18,C,False,,False,possible
BM-SPECIES-002577,가시두루마리고둥,Phenacovolva rosea,gastropod,18,C,False,,False,possible
BM-SPECIES-002578,고랑두루마리고둥,Phenacovolva subreflexa,gastropod,18,C,False,,False,possible
BM-SPECIES-002579,진한무늬토끼고둥,Dentiovula colobica,gastropod,18,C,False,,False,possible
BM-SPECIES-002580,장미개오지붙이,Primovula roseomaculata,gastropod,18,C,False,,False,possible
BM-SPECIES-002581,어깨끝갈색토끼고둥,Crenavolva leopardus,gastropod,18,C,False,,False,possible
BM-SPECIES-002582,뾰족토끼고둥,Cuspivolva cuspis,gastropod,18,C,False,,False,possible
BM-SPECIES-002583,호랑이무늬토끼고둥,Cuspivolva tigris,gastropod,18,C,False,,False,possible
BM-SPECIES-002584,줄무늬토끼고둥,Cuspivolva allynsmithi,gastropod,18,C,False,,False,possible
BM-SPECIES-002585,누렁꼭지두루마리고둥,Quasisimnia hirasei,gastropod,18,C,False,,False,possible
BM-SPECIES-002586,주홍토끼고둥,Sandalia triticea,gastropod,18,C,False,,False,possible
BM-SPECIES-002587,얼룩구슬개오지붙이,Habuprionovolva aenigma,gastropod,18,C,False,,False,possible
BM-SPECIES-002588,작은구슬개오지붙이,Habuprionovolva basilia,gastropod,18,C,False,,False,possible
BM-SPECIES-002589,구슬개오지붙이,Habuprionovolva hervieri,gastropod,18,C,False,,False,possible
BM-SPECIES-002590,흰띠분홍개오지붙이,Prionovolva brevis,gastropod,18,C,False,,False,possible
BM-SPECIES-002591,구슬거북개오지붙이,Testudovolva nebula,gastropod,18,C,False,,False,possible
BM-SPECIES-002592,흐린분홍개오지붙이,Testudovolva ericae,gastropod,18,C,False,,False,possible
BM-SPECIES-002593,만두토끼고둥,Aclyvolva coarctata,gastropod,18,C,False,,False,possible
BM-SPECIES-002594,삿갓배고둥,Crepipatella dorsata,gastropod,18,C,False,,False,possible
BM-SPECIES-002595,침배고둥,Bostrycapulus gravispinosus,gastropod,18,C,False,,False,possible
BM-SPECIES-002596,흰배고둥,Desmaulus morbida,gastropod,18,C,False,,False,possible
BM-SPECIES-002597,배고둥,Ergaea walshi,gastropod,18,C,False,,False,possible
BM-SPECIES-002598,밤색고깔배고둥,Calyptraea sakaguchii,gastropod,18,C,False,,False,possible
BM-SPECIES-002599,고깔배고둥,Calyptraea yokoyamai,gastropod,18,C,False,,False,possible
BM-SPECIES-002600,뚱뚱이짚신고둥,Crepidula onyx,gastropod,18,C,False,,False,possible
BM-SPECIES-002601,작은납작고둥,Teinostoma lucidum,gastropod,18,C,False,,False,possible
BM-SPECIES-002602,두툼납작고둥,Teinostoma radiatum,gastropod,18,C,False,,False,possible
BM-SPECIES-002603,둥글넙적얇은고둥,Caledoniella montrouzieri,gastropod,18,C,False,,False,possible
BM-SPECIES-002604,투명쇄고둥,Vitrinella pusilla,gastropod,18,C,False,,False,possible
BM-SPECIES-002605,고리소용돌이고둥,Circulus choshiensis,gastropod,18,C,False,,False,possible
BM-SPECIES-002606,굵은줄소용돌이고둥,Circulus duplicatus,gastropod,18,C,False,,False,possible
BM-SPECIES-002607,새끼흰눈고둥,Pandalosia ephamilla,gastropod,18,C,False,,False,possible
BM-SPECIES-002608,큰입흰눈고둥,Schwartziella triticea,gastropod,18,C,False,,False,possible
BM-SPECIES-002609,흰애기개오지,Sulcerato pellucida,gastropod,18,C,False,,False,possible
BM-SPECIES-002610,애기개오지,Hespererato scabriuscula,gastropod,18,C,False,,False,possible
BM-SPECIES-002611,장비고둥,Pseudoliotia pulchella,gastropod,18,C,False,,False,possible
BM-SPECIES-002612,납작소용돌이고둥,Tornus carinatus,gastropod,18,C,False,,False,possible
BM-SPECIES-002613,잔고리긴깨고둥붙이,Pseudonoba yendoi,gastropod,18,C,False,,False,possible
BM-SPECIES-002614,반투명긴깨고둥붙이,Hyala bella,gastropod,18,C,False,,False,possible
BM-SPECIES-002615,동막깨고둥붙이,Fluviocingula nipponica,gastropod,18,C,False,,False,possible
BM-SPECIES-002616,예쁜이깨고둥붙이,Fluviocingula elegantula,gastropod,18,C,False,,False,possible
BM-SPECIES-002617,잘룩허리긴깨고둥붙이,Nozeba lignicola,gastropod,18,C,False,,False,possible
BM-SPECIES-002618,기수깨고둥붙이,Nozeba ziczac,gastropod,18,C,False,,False,possible
BM-SPECIES-002619,나팔고둥,Charonia lampas,gastropod,18,C,False,,False,possible
BM-SPECIES-002620,점줄구슬우렁이,Quantonatica alapapilionis,gastropod,18,C,False,,False,possible
BM-SPECIES-002621,주머니구슬우렁이,Sinum javanicum,gastropod,18,C,False,,False,possible
BM-SPECIES-002622,납작주머니구슬우렁이,Sinum planulatum,gastropod,18,C,False,,False,possible
BM-SPECIES-002623,이색구슬우렁이,Glossaulax petiveriana,gastropod,18,C,False,,False,possible
BM-SPECIES-002624,배꼽고둥,Glossaulax reiniana,gastropod,18,C,False,,False,possible
BM-SPECIES-002625,밤색배꼽구슬우렁이,Glossaulax vesicalis,gastropod,18,C,False,,False,possible
BM-SPECIES-002626,점구슬우렁이,Naticarius concinnus,gastropod,18,C,False,,False,possible
BM-SPECIES-002628,흰구슬고동,Eunaticina papilla,gastropod,18,C,False,,False,possible
BM-SPECIES-002629,갈색긴배꼽고둥,Mammilla kurodai,gastropod,18,C,False,,False,possible
BM-SPECIES-002630,넓은띠긴배꼽고둥,Mammilla mammata,gastropod,18,C,False,,False,possible
BM-SPECIES-002631,갈색점박이긴배꼽고둥,Mammilla sebae,gastropod,18,C,False,,False,possible
BM-SPECIES-002632,날씬한갈색긴배꼽고둥,Mammilla melanostoma,gastropod,18,C,False,,False,possible
BM-SPECIES-002633,작은갈색긴배꼽고둥,Mammilla simiae,gastropod,18,C,False,,False,possible
BM-SPECIES-002634,젖빛구슬우렁이,Euspira plicispira,gastropod,18,C,False,,False,possible
BM-SPECIES-002635,밤색구슬고둥,Euspira pila,gastropod,18,C,False,,False,possible
BM-SPECIES-002636,요코야마구슬우렁이,Euspira yokoyamai,gastropod,18,C,False,,False,possible
BM-SPECIES-002637,흰노랑구슬우렁이,Euspira pallida,gastropod,18,C,False,,False,possible
BM-SPECIES-002641,큰구슬우렁이,Neverita didyma,gastropod,18,C,False,,False,possible
BM-SPECIES-002642,갈색띠구슬우렁이,Notocochlis gualteriana,gastropod,18,C,False,,False,possible
BM-SPECIES-002643,빨강구슬우렁이,Cryptonatica russa,gastropod,18,C,False,,False,possible
BM-SPECIES-002644,옆줄구슬우렁이,Cryptonatica figurata,gastropod,18,C,False,,False,possible
BM-SPECIES-002645,돌구슬우렁이,Cryptonatica andoi,gastropod,18,C,False,,False,possible
BM-SPECIES-002646,예쁜띠줄구슬우렁이,Cryptonatica hirasei,gastropod,18,C,False,,False,possible
BM-SPECIES-002647,큰돌우렁이,Cryptonatica wakkanaiensis,gastropod,18,C,False,,False,possible
BM-SPECIES-002648,돌우렁이,Cryptonatica janthostoma,gastropod,18,C,False,,False,possible
BM-SPECIES-002649,회색구슬우렁이,Cryptonatica affinis,gastropod,18,C,False,,False,possible
BM-SPECIES-002650,아담스구슬우렁이,Cryptonatica adamsiana,gastropod,18,C,False,,False,possible
BM-SPECIES-002651,뾰족탑구슬우렁이,Cryptonatica zenryumaruae,gastropod,18,C,False,,False,possible
BM-SPECIES-002652,흐린띠구슬우렁이,Cryptonatica ranzii,gastropod,18,C,False,,False,possible
BM-SPECIES-002653,넓은갈색띠구슬우렁이,Polinices peselephanti,gastropod,18,C,False,,False,possible
BM-SPECIES-002654,반달배꼽구슬우렁이,Polinices sagamiensis,gastropod,18,C,False,,False,possible
BM-SPECIES-002655,항아리구슬우렁이,Polinices mammilla,gastropod,18,C,False,,False,possible
BM-SPECIES-002656,줄무늬구슬우렁이,Tanea lineata,gastropod,18,C,False,,False,possible
BM-SPECIES-002657,둥근구슬우렁이,Tanea tabularis,gastropod,18,C,False,,False,possible
BM-SPECIES-002658,장식띠줄구슬우렁이,Tanea undulata,gastropod,18,C,False,,False,possible
BM-SPECIES-002659,물결무늬구슬우렁이,Tanea areolata,gastropod,18,C,False,,False,possible
BM-SPECIES-002660,파도무늬구슬우렁이,Tanea sagittata,gastropod,18,C,False,,False,possible
BM-SPECIES-002661,갯우렁이,Laguncula pulchella,gastropod,18,C,False,,False,possible
BM-SPECIES-002662,얇은갈색구슬우렁이,Bulbus smithii,gastropod,18,C,False,,False,possible
BM-SPECIES-002663,흰깨고둥,Barleeia simplex,gastropod,18,C,False,,False,possible
BM-SPECIES-002664,흰띠깨고둥,Barleeia trifasciata,gastropod,18,C,False,,False,possible
BM-SPECIES-002665,깨고둥,Ansola angustata,gastropod,18,C,False,,False,possible
BM-SPECIES-002666,좁쌀우렁이,Eatonina kitanagato,gastropod,18,C,False,,False,possible
BM-SPECIES-002667,해파리고둥,Pterotrachea coronata,gastropod,18,C,False,,False,possible
BM-SPECIES-002668,둥근배고둥,Cheilea cepacea,gastropod,18,C,False,,False,possible
BM-SPECIES-002669,털모자고둥,Pilosabia trigona,gastropod,18,C,False,,False,possible
BM-SPECIES-002670,기생고깔고둥,Sabia conica,gastropod,18,C,False,,False,possible
BM-SPECIES-002671,납작고깔고둥,Antisabia foliacea,gastropod,18,C,False,,False,possible
BM-SPECIES-002672,표주박고둥,Ficus ficus,gastropod,18,C,False,,False,possible
BM-SPECIES-002673,목주림고둥,Truncatella guerinii,gastropod,18,C,False,,False,possible
BM-SPECIES-002674,붉은입두꺼비고둥,Tutufa bufo,gastropod,18,C,False,,False,possible
BM-SPECIES-002675,가시고둥,Bufonaria rana,gastropod,18,C,False,,False,possible
BM-SPECIES-002676,무사마귀두꺼비고둥,Bursa bufonia,gastropod,18,C,False,,False,possible
BM-SPECIES-002677,남방흰눈고둥,Rissoina plicatula,gastropod,18,C,False,,False,possible
BM-SPECIES-002678,흰눈고둥,Rissoina costulata,gastropod,18,C,False,,False,possible
BM-SPECIES-002679,톱니입고둥,Phosinella media,gastropod,18,C,False,,False,possible
BM-SPECIES-002680,그물무늬흰눈고둥,Phosinella dunkerina,gastropod,18,C,False,,False,possible
BM-SPECIES-002681,그물무늬날개입고둥,Distorsio reticularis,gastropod,18,C,False,,False,possible
BM-SPECIES-002682,작은입깨고둥,Amphithalamus fulcira,gastropod,18,C,False,,False,possible
BM-SPECIES-002683,큰뱀고둥,Thylacodes adamsii,gastropod,18,C,False,,False,possible
BM-SPECIES-002684,나팔뱀고둥,Thylacodes medusae,gastropod,18,C,False,,False,possible
BM-SPECIES-002685,덩굴뱀고둥,Petaloconchus renisectus,gastropod,18,C,False,,False,possible
BM-SPECIES-002686,벌레뱀고둥,Petaloconchus tokyoensis,gastropod,18,C,False,,False,possible
BM-SPECIES-002687,곧은목벌레고둥,Petaloconchus keenae,gastropod,18,C,False,,False,possible
BM-SPECIES-002688,긴목벌레뱀고둥,Vermetus vitreus,gastropod,18,C,False,,False,possible
BM-SPECIES-002689,뱀고둥,Ceraesignum maximum,gastropod,18,C,False,,False,possible
BM-SPECIES-002690,새끼지네고둥,Dendropoma planorbis,gastropod,18,C,False,,False,possible
BM-SPECIES-002691,흰배꼽기수우렁이,Paludinellassiminea stricta,gastropod,18,C,False,,False,possible
BM-SPECIES-002692,배꼽기수우렁이,Paludinellassiminea japonica,gastropod,18,C,False,,False,possible
BM-SPECIES-002693,큰배꼽기수우렁이,Paludinellassiminea tanegashimae,gastropod,18,C,False,,False,possible
BM-SPECIES-002694,기수우렁이,Assiminea japonica,gastropod,18,C,False,,False,possible
BM-SPECIES-002695,둥근좀기수우렁이,Assiminea estuarina,gastropod,18,C,False,,False,possible
BM-SPECIES-002696,유럽기수우렁이,Assiminea grayana,gastropod,18,C,False,,False,possible
BM-SPECIES-002697,기생기수우렁이,Assiminea parasitologica,gastropod,18,C,False,,False,possible
BM-SPECIES-002698,좀기수우렁이,Assiminea lutea,gastropod,18,C,False,,False,possible
BM-SPECIES-002699,갈대밭기수우렁이,Assiminea hiradoensis,gastropod,18,C,False,,False,possible
BM-SPECIES-002700,빨강기수우렁이,Pseudomphala miyazakii,gastropod,18,C,False,,False,possible
BM-SPECIES-002701,미색첨탑기수우렁이,Angustassiminea satumana,gastropod,18,C,False,,False,possible
BM-SPECIES-002702,밤색기수우렁이,Angustassiminea castanea,gastropod,18,C,False,,False,possible
BM-SPECIES-002703,꼬마위고둥,Tonna chinensis,gastropod,18,C,False,,False,possible
BM-SPECIES-002704,위고둥,Tonna luteostoma,gastropod,18,C,False,,False,possible
BM-SPECIES-002705,입주름고둥,Turritriton labiosus,gastropod,18,C,False,,False,possible
BM-SPECIES-002706,털보고둥,Turritriton tenuiliratus,gastropod,18,C,False,,False,possible
BM-SPECIES-002707,갈색띠좁쌀무늬올챙이고둥,Gyrineum lacunatum,gastropod,18,C,False,,False,possible
BM-SPECIES-002708,나뭇잎고둥,Gyrineum aculeatum,gastropod,18,C,False,,False,possible
BM-SPECIES-002709,각시수염고둥,Monoplex parthenopeus,gastropod,18,C,False,,False,possible
BM-SPECIES-002710,맵시수염고둥,Ranularia dunkeri,gastropod,18,C,False,,False,possible
BM-SPECIES-002711,곤봉수염고둥,Ranularia encaustica,gastropod,18,C,False,,False,possible
BM-SPECIES-002712,옆고랑고둥,Septa hepatica,gastropod,18,C,False,,False,possible
BM-SPECIES-002713,호리호리털골뱅이,Fusitriton galea,gastropod,18,C,False,,False,possible
BM-SPECIES-002714,콩깍지고둥,Fusitriton oregonensis,gastropod,18,C,False,,False,possible
BM-SPECIES-002715,수정고둥,Doxander japonicus,gastropod,18,C,False,,False,possible
BM-SPECIES-002716,검은입술수정고둥,Conomurex luhuanus,gastropod,18,C,False,,False,possible
BM-SPECIES-002717,이빨수정고둥,Tridentarius dentatus,gastropod,18,C,False,,False,possible
BM-SPECIES-002718,누더기모자고둥,Trichotropis bicarinata,gastropod,18,C,False,,False,possible
BM-SPECIES-002719,매부리고둥,Capulus danieli,gastropod,18,C,False,,False,possible
BM-SPECIES-002720,큰매부리고둥,Capulus kawamurai,gastropod,18,C,False,,False,possible
BM-SPECIES-002721,투구고둥,Neoiphinoe unicarinata,gastropod,18,C,False,,False,possible
BM-SPECIES-002723,꽃갯지렁이살이고둥,Separatista separatista,gastropod,18,C,False,,False,possible
BM-SPECIES-002724,장군고둥,Turritropis turrita,gastropod,18,C,False,,False,possible
BM-SPECIES-002725,명주모자고둥,Ariadnaria insignis,gastropod,18,C,False,,False,possible
BM-SPECIES-002726,갈고리고둥,Trichamathina violaceus,gastropod,18,C,False,,False,possible
BM-SPECIES-002727,작은고리나팔고둥,Trichamathina nobilis,gastropod,18,C,False,,False,possible
BM-SPECIES-002728,둥근입배고둥붙이,Limneria prolongata,gastropod,18,C,False,,False,possible
BM-SPECIES-002729,긴입배고둥붙이,Lamellaria kiiensis,gastropod,18,C,False,,False,possible
BM-SPECIES-002730,큰돌기배고둥붙이,Coriocella jayi,gastropod,18,C,False,,False,possible
BM-SPECIES-002731,넓은입배고둥붙이,Coriocella setoensis,gastropod,18,C,False,,False,possible
BM-SPECIES-002732,얇은큰입배고둥,Velutina cryptospira,gastropod,18,C,False,,False,possible
BM-SPECIES-002733,큰입배고둥붙이,Velutina pusio,gastropod,18,C,False,,False,possible
BM-SPECIES-002734,큰입배고둥,Velutina plicatilis,gastropod,18,C,False,,False,possible
BM-SPECIES-002735,작은배꼽고둥,Haloceras japonicum,gastropod,18,C,False,,False,possible
BM-SPECIES-002736,좀총알고둥,Lacuna smithii,gastropod,18,C,False,,False,possible
BM-SPECIES-002737,방울고둥,Lacuna turrita,gastropod,18,C,False,,False,possible
BM-SPECIES-002738,갈라진배꼽쥐방울고둥,Lacuna carinifera,gastropod,18,C,False,,False,possible
BM-SPECIES-002739,갈색쥐방울고둥,Lacuna uchidai,gastropod,18,C,False,,False,possible
BM-SPECIES-002740,긴갈색쥐방울고둥,Lacuna decorata,gastropod,18,C,False,,False,possible
BM-SPECIES-002741,흰반점무늬총알고둥,Echinolittorina biangulata,gastropod,18,C,False,,False,possible
BM-SPECIES-002742,좁쌀무늬총알고둥,Echinolittorina radiata,gastropod,18,C,False,,False,possible
BM-SPECIES-002743,알락수수골뱅이,Littoraria undulata,gastropod,18,C,False,,False,possible
BM-SPECIES-002744,둥근얼룩총알고둥,Littoraria articulata,gastropod,18,C,False,,False,possible
BM-SPECIES-002745,두드럭총알고둥,Littoraria scabra,gastropod,18,C,False,,False,possible
BM-SPECIES-002746,뚱뚱이총알고둥,Littoraria coccinea,gastropod,18,C,False,,False,possible
BM-SPECIES-002747,얼룩총알고둥,Littoraria intermedia,gastropod,18,C,False,,False,possible
BM-SPECIES-002748,흰줄무늬총알고둥,Littorina horikawai,gastropod,18,C,False,,False,possible
BM-SPECIES-002749,총알고둥,Littorina brevicula,gastropod,18,C,False,,False,possible
BM-SPECIES-002750,큰총알고둥,Littorina sitkana,gastropod,18,C,False,,False,possible
BM-SPECIES-002751,난쟁이총알고둥,Peasiella habei,gastropod,18,C,False,,False,possible
BM-SPECIES-002752,콩총알고둥,Peasiella infracostata,gastropod,18,C,False,,False,possible
BM-SPECIES-002753,낮은탑바다나비고둥,Atlanta lesueurii,gastropod,18,C,False,,False,possible
BM-SPECIES-002754,보라쇄바다나비고둥,Atlanta brunnea,gastropod,18,C,False,,False,possible
BM-SPECIES-002755,큰탑바다나비고둥,Atlanta turriculata,gastropod,18,C,False,,False,possible
BM-SPECIES-002756,투명바다나비고둥,Atlanta inflata,gastropod,18,C,False,,False,possible
BM-SPECIES-002757,비틀린탑바다나비고둥,Atlanta inclinata,gastropod,18,C,False,,False,possible
BM-SPECIES-002758,바다나비고둥,Atlanta peronii,gastropod,18,C,False,,False,possible
BM-SPECIES-002759,갈색테바다나비고둥,Atlanta rosea,gastropod,18,C,False,,False,possible
BM-SPECIES-002760,삼베무늬꼬마고둥,Alvania maya,gastropod,18,C,False,,False,possible
BM-SPECIES-002761,쌀눈고둥,Alvania concinna,gastropod,18,C,False,,False,possible
BM-SPECIES-002762,세로주름꼬마고둥,Alvania ogasawarana,gastropod,18,C,False,,False,possible
BM-SPECIES-002763,고리꼬마고둥,Alvania circinata,gastropod,18,C,False,,False,possible
BM-SPECIES-002764,노랑배꼽꼬마고둥,Punctulum flavum,gastropod,18,C,False,,False,possible
BM-SPECIES-002765,꼬마뾰족고둥,Pusillina plicosa,gastropod,18,C,False,,False,possible
BM-SPECIES-002766,둥근입술고둥,Onoba elegans,gastropod,18,C,False,,False,possible
BM-SPECIES-002767,배꼽투명누렁꼬마고둥,Cingula matusimanus,gastropod,18,C,False,,False,possible
BM-SPECIES-002771,큰물레고둥,Buccinum tenuissimum,gastropod,18,C,False,,False,possible
BM-SPECIES-002772,후각돌살이조개,Phlyctiderma japonicum,bivalve,18,C,False,,False,possible
BM-SPECIES-002773,갈색돌살이조개,Felaniella usta,bivalve,18,C,False,,False,possible
BM-SPECIES-002774,꼬마돌살이조개,Felaniella sowerbyi,bivalve,18,C,False,,False,possible
BM-SPECIES-002776,일본재첩,Corbicula japonica,bivalve,18,C,False,,False,possible
BM-SPECIES-002777,겨자씨조개,Alveinus ojianus,bivalve,18,C,False,,False,possible
BM-SPECIES-002778,갈색새알조개,Glauconome chinensis,bivalve,18,C,False,,False,possible
BM-SPECIES-002779,새알조개,Glauconome angulata,bivalve,18,C,False,,False,possible
BM-SPECIES-002780,능선조개,Meiocardia samarangiae,bivalve,18,C,False,,False,possible
BM-SPECIES-002781,둥근등능선조개,Meiocardia hawaiana,bivalve,18,C,False,,False,possible
BM-SPECIES-002782,흑인대복털조개,Striarca symmetrica,bivalve,18,C,False,,False,possible
BM-SPECIES-002783,주름복털조개,Verilarca interplicata,bivalve,18,C,False,,False,possible
BM-SPECIES-002784,올리브복털조개,Estellacar olivacea,bivalve,18,C,False,,False,possible
BM-SPECIES-002785,비로드복털조개,Didimacar tenebrica,bivalve,18,C,False,,False,possible
BM-SPECIES-002786,꼬마밤색무늬조개,Glycymeris munda,bivalve,18,C,False,,False,possible
BM-SPECIES-002787,이랑줄조개,Glycymeris imperialis,bivalve,18,C,False,,False,possible
BM-SPECIES-002788,밤색무늬조개,Glycymeris aspersa,bivalve,18,C,False,,False,possible
BM-SPECIES-002789,북방밤색무늬조개,Glycymeris yessoensis,bivalve,18,C,False,,False,possible
BM-SPECIES-002790,속갈색조개,Glycymeris albolineata,bivalve,18,C,False,,False,possible
BM-SPECIES-002791,주홍색무늬조개,Glycymeris rotunda,bivalve,18,C,False,,False,possible
BM-SPECIES-002792,왕복털조개,Porterius dalli,bivalve,18,C,False,,False,possible
BM-SPECIES-002793,둥근흰바탕무늬조개,Nipponolimopsis azumana,bivalve,18,C,False,,False,possible
BM-SPECIES-002794,계란흰바탕무늬조개,Empleconia cumingi,bivalve,18,C,False,,False,possible
BM-SPECIES-002795,작은흰바탕무늬조개,Aspalima crenata,bivalve,18,C,False,,False,possible
BM-SPECIES-002796,개흙조개,Limopsis obliqua,bivalve,18,C,False,,False,possible
BM-SPECIES-002797,흰바탕무늬조개,Limopsis japonica,bivalve,18,C,False,,False,possible
BM-SPECIES-002798,큰흰바탕무늬조개,Limopsis belcheri,bivalve,18,C,False,,False,possible
BM-SPECIES-002799,좁쌀줄돌조개,Barbatia trapezina,bivalve,18,C,False,,False,possible
BM-SPECIES-002800,복털조개,Barbatia virescens,bivalve,18,C,False,,False,possible
BM-SPECIES-002801,꼬마돌조개,Barbatia stearnsii,bivalve,18,C,False,,False,possible
BM-SPECIES-002802,날개돌조개,Arca navicularis,bivalve,18,C,False,,False,possible
BM-SPECIES-002804,갈색돌조개,Anadara ferruginea,bivalve,18,C,False,,False,possible
BM-SPECIES-002805,새꼬막,Anadara kagoshimensis,bivalve,18,C,False,,False,possible
BM-SPECIES-002806,어긋물린새꼬막,Anadara inaequivalvis,bivalve,18,C,False,,False,possible
BM-SPECIES-002807,피조개,Anadara broughtonii,bivalve,18,C,False,,False,possible
BM-SPECIES-002808,큰이랑피조개,Anadara satowi,bivalve,18,C,False,,False,possible
BM-SPECIES-002809,돌조개,Lamarcka avellana,bivalve,18,C,False,,False,possible
BM-SPECIES-002810,긴네모돌조개,Tetrarca boucardi,bivalve,18,C,False,,False,possible
BM-SPECIES-002811,꼬막,Tegillarca granosa,bivalve,18,C,False,,False,possible
BM-SPECIES-002812,털복숭이작은돌조개,Samacar strabo,bivalve,18,C,False,,False,possible
BM-SPECIES-002813,두줄돌조개,Mesocibota bistrigata,bivalve,18,C,False,,False,possible
BM-SPECIES-002814,무명천꼬마돌조개,Bathyarca anaclima,bivalve,18,C,False,,False,possible
BM-SPECIES-002815,외줄돌조개,Hawaiarca uwaensis,bivalve,18,C,False,,False,possible
BM-SPECIES-002816,주름돌조개,Acar plicata,bivalve,18,C,False,,False,possible
BM-SPECIES-002817,가는줄꼬마이랑조개,Carditellopsis toneana,bivalve,18,C,False,,False,possible
BM-SPECIES-002818,주름방사륵조개,Cardita leana,bivalve,18,C,False,,False,possible
BM-SPECIES-002819,검은둥근이랑조개,Cyclocardia nipponensis,bivalve,18,C,False,,False,possible
BM-SPECIES-002820,둥근심장조개,Crassicardia crassidens,bivalve,18,C,False,,False,possible
BM-SPECIES-002821,네모이랑조개,Centrocardita sagamiensis,bivalve,18,C,False,,False,possible
BM-SPECIES-002822,굵은이랑조개,Centrocardita soyoae,bivalve,18,C,False,,False,possible
BM-SPECIES-002823,굵은줄꼬마이랑조개,Carditella hanzawai,bivalve,18,C,False,,False,possible
BM-SPECIES-002825,햇살비단조개,Solemya japonica,bivalve,18,C,False,,False,possible
BM-SPECIES-002826,작은비단조개,Solemya pusilla,bivalve,18,C,False,,False,possible
BM-SPECIES-002827,꼬마구멍뚫이조개,Cucurbitula cymbium,bivalve,18,C,False,,False,possible
BM-SPECIES-002828,구멍뚫이조개,Gastrochaena cuneiformis,bivalve,18,C,False,,False,possible
BM-SPECIES-002829,짝짝이석공조개,Netastoma japonicum,bivalve,18,C,False,,False,possible
BM-SPECIES-002830,둥글레조개,Barnea davidi,bivalve,18,C,False,,False,possible
BM-SPECIES-002831,돌맛조개,Barnea manilensis,bivalve,18,C,False,,False,possible
BM-SPECIES-002832,우줄기,Barnea dilatata,bivalve,18,C,False,,False,possible
BM-SPECIES-002833,천암조개,Aspidopholas yoshimurai,bivalve,18,C,False,,False,possible
BM-SPECIES-002834,석공조개,Penitella gabbii,bivalve,18,C,False,,False,possible
BM-SPECIES-002835,갈매기조개사촌,Martesia striata,bivalve,18,C,False,,False,possible
BM-SPECIES-002836,남방배좀벌레조개,Bankia australis,bivalve,18,C,False,,False,possible
BM-SPECIES-002837,검은깔때기배좀벌레조개,Bankia carinata,bivalve,18,C,False,,False,possible
BM-SPECIES-002838,보리이삭가시배좀벌레조개,Bankia setacea,bivalve,18,C,False,,False,possible
BM-SPECIES-002839,두구멍배좀벌레조개,Teredothyra excavata,bivalve,18,C,False,,False,possible
BM-SPECIES-002840,오이씨배좀벌레조개,Teredora malleolus,bivalve,18,C,False,,False,possible
BM-SPECIES-002841,나비배좀벌레조개,Teredora princesae,bivalve,18,C,False,,False,possible
BM-SPECIES-002842,잠자리입배좀벌레조개,Teredo bartschi,bivalve,18,C,False,,False,possible
BM-SPECIES-002843,배좀벌레조개,Teredo navalis,bivalve,18,C,False,,False,possible
BM-SPECIES-002844,곡괭이배좀벌레조개,Uperotus clava,bivalve,18,C,False,,False,possible
BM-SPECIES-002845,모종삽배좀벌레조개,Uperotus panamensis,bivalve,18,C,False,,False,possible
BM-SPECIES-002846,주걱배좀벌레조개,Nototeredo knoxi,bivalve,18,C,False,,False,possible
BM-SPECIES-002847,집게발배좀벌레조개,Lyrodus takanoshimensis,bivalve,18,C,False,,False,possible
BM-SPECIES-002848,발좀벌레조개,Lyrodus pedicellatus,bivalve,18,C,False,,False,possible
BM-SPECIES-002849,나무속살이조개,Xylophaga rikuzenica,bivalve,18,C,False,,False,possible
BM-SPECIES-002850,꼬마우럭,Cryptomya elliptica,bivalve,18,C,False,,False,possible
BM-SPECIES-002853,북방우럭,Mya truncata,bivalve,18,C,False,,False,possible
BM-SPECIES-002854,말뿌리꼬마우럭,Sphenia coreanica,bivalve,18,C,False,,False,possible
BM-SPECIES-002855,백합쇄방사늑조개,Corbula erythrodon,bivalve,18,C,False,,False,possible
BM-SPECIES-002856,예쁜이쇄방사늑조개,Corbula venusta,bivalve,18,C,False,,False,possible
BM-SPECIES-002857,쇄방사늑조개,Potamocorbula amurensis,bivalve,18,C,False,,False,possible
BM-SPECIES-002858,짝짝이작은조개,Varicorbula rotalis,bivalve,18,C,False,,False,possible
BM-SPECIES-002859,짝짝이콩조개,Varicorbula yokoyamai,bivalve,18,C,False,,False,possible
BM-SPECIES-002860,긴납작투명조개,Abra philippinensis,bivalve,18,C,False,,False,possible
BM-SPECIES-002861,반질이투명조개,Abra lunella,bivalve,18,C,False,,False,possible
BM-SPECIES-002862,배불뚝이투명조개,Abra kinoshitai,bivalve,18,C,False,,False,possible
BM-SPECIES-002863,아기반투명조개,Theora lata,bivalve,18,C,False,,False,possible
BM-SPECIES-002865,대복,Latona trifasciata,bivalve,18,C,False,,False,possible
BM-SPECIES-002867,소쿠리조개,Acrosterigma burchardi,bivalve,18,C,False,,False,possible
BM-SPECIES-002868,꼬마소쿠리조개,Acrosterigma maculosum,bivalve,18,C,False,,False,possible
BM-SPECIES-002869,주홍무늬작은소쿠리조개,Afrocardium richardi,bivalve,18,C,False,,False,possible
BM-SPECIES-002870,가는이랑새조개,Ciliatocardium ciliatum,bivalve,18,C,False,,False,possible
BM-SPECIES-002871,고운무늬새조개,Serripes laperousii,bivalve,18,C,False,,False,possible
BM-SPECIES-002872,갈색볼록새조개,Serripes groenlandicus,bivalve,18,C,False,,False,possible
BM-SPECIES-002873,은색금붕어조개,Microcardium sakuraii,bivalve,18,C,False,,False,possible
BM-SPECIES-002874,큰이랑새조개,Clinocardium nuttallii,bivalve,18,C,False,,False,possible
BM-SPECIES-002875,네모소쿠리조개,Keenaea samarangae,bivalve,18,C,False,,False,possible
BM-SPECIES-002876,굵은이랑새조개,Keenocardium buelowi,bivalve,18,C,False,,False,possible
BM-SPECIES-002877,잔이랑새조개,Keenocardium californiense,bivalve,18,C,False,,False,possible
BM-SPECIES-002878,금붕어조개,Nemocardium bechei,bivalve,18,C,False,,False,possible
BM-SPECIES-002879,가시줄조개,Frigidocardium torresi,bivalve,18,C,False,,False,possible
BM-SPECIES-002880,줄판조개,Frigidocardium nomurai,bivalve,18,C,False,,False,possible
BM-SPECIES-002881,새조개,Fulvia mutica,bivalve,18,C,False,,False,possible
BM-SPECIES-002882,분홍무늬꼬마새조개,Fulvia undatopicta,bivalve,18,C,False,,False,possible
BM-SPECIES-002883,꼬마새조개,Fulvia hungerfordi,bivalve,18,C,False,,False,possible
BM-SPECIES-002884,흑빛자패,Nuttallia ezonis,bivalve,18,C,False,,False,possible
BM-SPECIES-002885,빛조개,Nuttallia japonica,bivalve,18,C,False,,False,possible
BM-SPECIES-002886,두툼빛조개,Nuttallia obscurata,bivalve,18,C,False,,False,possible
BM-SPECIES-002887,검정껍질빛조개,Nuttallia commoda,bivalve,18,C,False,,False,possible
BM-SPECIES-002888,흑자색긴빛조개,Hiatula atrata,bivalve,18,C,False,,False,possible
BM-SPECIES-002889,자패,Hiatula boeddinghausi,bivalve,18,C,False,,False,possible
BM-SPECIES-002890,나무껍질조개,Gari kazusensis,bivalve,18,C,False,,False,possible
BM-SPECIES-002891,연분홍빛조개,Gari anomala,bivalve,18,C,False,,False,possible
BM-SPECIES-002892,고동색빛조개,Gari virescens,bivalve,18,C,False,,False,possible
BM-SPECIES-002893,둥근꼬마백합접시조개,Cadella delta,bivalve,18,C,False,,False,possible
BM-SPECIES-002894,꼬마백합접시조개,Cadella narutoensis,bivalve,18,C,False,,False,possible
BM-SPECIES-002895,작은대양조개,Semelangulus tokubeii,bivalve,18,C,False,,False,possible
BM-SPECIES-002896,흰대양조개,Rexithaerus sectior,bivalve,18,C,False,,False,possible
BM-SPECIES-002897,남방접시조개,Megangulus luteus,bivalve,18,C,False,,False,possible
BM-SPECIES-002898,붉은속비단조개,Megangulus zyonoensis,bivalve,18,C,False,,False,possible
BM-SPECIES-002899,접시조개,Megangulus venulosus,bivalve,18,C,False,,False,possible
BM-SPECIES-002900,진주접시조개,Nitidotellina lischkei,bivalve,18,C,False,,False,possible
BM-SPECIES-002901,납작접시조개,Nitidotellina valtonis,bivalve,18,C,False,,False,possible
BM-SPECIES-002902,붉은줄접시조개,Nitidotellina hokkaidoensis,bivalve,18,C,False,,False,possible
BM-SPECIES-002903,갈색접시조개,Iridona iridescens,bivalve,18,C,False,,False,possible
BM-SPECIES-002904,배불뚝이대양조개,Macoma crassula,bivalve,18,C,False,,False,possible
BM-SPECIES-002905,분홍북방대양조개,Macoma petalum,bivalve,18,C,False,,False,possible
BM-SPECIES-002906,녹껍질둥근대양조개,Macoma calcarea,bivalve,18,C,False,,False,possible
BM-SPECIES-002907,녹껍질높은대양조개,Macoma middendorffi,bivalve,18,C,False,,False,possible
BM-SPECIES-002908,애기대양조개,Macoma incongrua,bivalve,18,C,False,,False,possible
BM-SPECIES-002909,노랑꼭지대양조개,Macoma tokyoensis,bivalve,18,C,False,,False,possible
BM-SPECIES-002910,녹껍질대양조개,Macoma contabulata,bivalve,18,C,False,,False,possible
BM-SPECIES-002911,북방대양조개,Macoma moesta,bivalve,18,C,False,,False,possible
BM-SPECIES-002912,은백색접시조개,Hanleyanus vestalioides,bivalve,18,C,False,,False,possible
BM-SPECIES-002913,얇은대양조개,Praetextellina praetexta,bivalve,18,C,False,,False,possible
BM-SPECIES-002914,무늬접시조개,Tellinella crucigera,bivalve,18,C,False,,False,possible
BM-SPECIES-002915,태양접시조개,Tellinella cruciata,bivalve,18,C,False,,False,possible
BM-SPECIES-002916,해돋이접시조개,Pristipagia radians,bivalve,18,C,False,,False,possible
BM-SPECIES-002917,잔주름접시조개,Pristipagia subtruncata,bivalve,18,C,False,,False,possible
BM-SPECIES-002918,왜접시조개,Serratina capsoides,bivalve,18,C,False,,False,possible
BM-SPECIES-002919,대양조개사돈,Heteromacoma irus,bivalve,18,C,False,,False,possible
BM-SPECIES-002920,민띠접시조개,Jitlada culter,bivalve,18,C,False,,False,possible
BM-SPECIES-002921,매끈이접시조개,Pseudocadella lubrica,bivalve,18,C,False,,False,possible
BM-SPECIES-002922,꼬마주름접시조개,Herouvalia caelata,bivalve,18,C,False,,False,possible
BM-SPECIES-002923,분홍접시조개,Moerella hilaris,bivalve,18,C,False,,False,possible
BM-SPECIES-002924,가는꼬리얇은접시조개,Bathytellina abyssicola,bivalve,18,C,False,,False,possible
BM-SPECIES-002925,살색접시조개,Bathytellina citrocarnea,bivalve,18,C,False,,False,possible
BM-SPECIES-002926,나비접시조개,Pharaonella sieboldii,bivalve,18,C,False,,False,possible
BM-SPECIES-002927,햇살접시조개,Jactellina clathrata,bivalve,18,C,False,,False,possible
BM-SPECIES-002928,돼지가리맛,Solecurtus divaricatus,bivalve,18,C,False,,False,possible
BM-SPECIES-002929,꼬마가리맛조개,Azorinus chamasolen,bivalve,18,C,False,,False,possible
BM-SPECIES-002930,코끼리조개,Panopea japonica,bivalve,18,C,False,,False,possible
BM-SPECIES-002931,족사부착쇄조개,Hiatella arctica,bivalve,18,C,False,,False,possible
BM-SPECIES-002932,두언덕코끼리조개,Panomya priapus,bivalve,18,C,False,,False,possible
BM-SPECIES-002933,북방구두주걱조개,Panomya ampla,bivalve,18,C,False,,False,possible
BM-SPECIES-002934,북방코끼리조개,Panomya norvegica,bivalve,18,C,False,,False,possible
BM-SPECIES-002935,보라맛조개,Siliqua alta,bivalve,18,C,False,,False,possible
BM-SPECIES-002936,꼬마맛조개,Siliqua minima,bivalve,18,C,False,,False,possible
BM-SPECIES-002937,작은비단가리맛,Siliqua albida,bivalve,18,C,False,,False,possible
BM-SPECIES-002938,왜맛조개,Siliqua patula,bivalve,18,C,False,,False,possible
BM-SPECIES-002939,꼬마보라맛조개,Siliqua pulchella,bivalve,18,C,False,,False,possible
BM-SPECIES-002940,가리맛조개,Sinonovacula constricta,bivalve,18,C,False,,False,possible
BM-SPECIES-002941,비단가리맛,Cultellus attenuatus,bivalve,18,C,False,,False,possible
BM-SPECIES-002942,붉은무늬맛조개,Ensiculus cultellus,bivalve,18,C,False,,False,possible
BM-SPECIES-002943,맛조개,Solen strictus,bivalve,18,C,False,,False,possible
BM-SPECIES-002944,붉은맛,Solen gordonis,bivalve,18,C,False,,False,possible
BM-SPECIES-002945,대맛조개,Solen grandis,bivalve,18,C,False,,False,possible
BM-SPECIES-002946,북방맛조개,Solen krusensternii,bivalve,18,C,False,,False,possible
BM-SPECIES-002947,굵은주름키조개,Streptopinna saccata,bivalve,18,C,False,,False,possible
BM-SPECIES-002948,개젖키조개,Atrina vexillum,bivalve,18,C,False,,False,possible
BM-SPECIES-002950,새털키조개,Pinna muricata,bivalve,18,C,False,,False,possible
BM-SPECIES-002951,겹지붕굴,Hyotissa inermis,bivalve,18,C,False,,False,possible
BM-SPECIES-002952,둥근동전굴,Hyotissa numisma,bivalve,18,C,False,,False,possible
BM-SPECIES-002953,벌집굴,Hyotissa hyotis,bivalve,18,C,False,,False,possible
BM-SPECIES-002954,주름꼬마굴,Neopycnodonte cochlear,bivalve,18,C,False,,False,possible
BM-SPECIES-002955,톱니턱굴,Dendostrea sandvichensis,bivalve,18,C,False,,False,possible
BM-SPECIES-002956,장미굴,Dendostrea rosacea,bivalve,18,C,False,,False,possible
BM-SPECIES-002957,악어굴,Dendostrea folium,bivalve,18,C,False,,False,possible
BM-SPECIES-002958,호랑이발굴,Planostrea pestigris,bivalve,18,C,False,,False,possible
BM-SPECIES-002959,재석굴,Saccostrea cuccullata,bivalve,18,C,False,,False,possible
BM-SPECIES-002960,가시굴,Saccostrea kegaki,bivalve,18,C,False,,False,possible
BM-SPECIES-002961,꼬마검은굴,Ostrea futamiensis,bivalve,18,C,False,,False,possible
BM-SPECIES-002962,토굴,Ostrea denselamellosa,bivalve,18,C,False,,False,possible
BM-SPECIES-002963,태생굴,Ostrea circumpicta,bivalve,18,C,False,,False,possible
BM-SPECIES-002964,바위굴,Magallana nippona,bivalve,18,C,False,,False,possible
BM-SPECIES-002966,갓굴,Magallana ariakensis,bivalve,18,C,False,,False,possible
BM-SPECIES-002967,부푼산호살이조개,Pteria gregata,bivalve,18,C,False,,False,possible
BM-SPECIES-002968,새날개진주조개,Pteria maura,bivalve,18,C,False,,False,possible
BM-SPECIES-002969,산호살이조개,Pteria heteroptera,bivalve,18,C,False,,False,possible
BM-SPECIES-002970,큰산호살이조개,Pteria penguin,bivalve,18,C,False,,False,possible
BM-SPECIES-002971,줄무늬진주조개,Pterelectroma physoides,bivalve,18,C,False,,False,possible
BM-SPECIES-002972,주홍진주조개,Pinctada fucata,bivalve,18,C,False,,False,possible
BM-SPECIES-002973,진주조개,Pinctada imbricata,bivalve,18,C,False,,False,possible
BM-SPECIES-002974,갈색띠진주조개,Pinctada albina,bivalve,18,C,False,,False,possible
BM-SPECIES-002975,흑진주조개,Pinctada margaritifera,bivalve,18,C,False,,False,possible
BM-SPECIES-002976,매끈이진주조개,Pinctada nigra,bivalve,18,C,False,,False,possible
BM-SPECIES-002977,말다래조개,Isognomon isognomum,bivalve,18,C,False,,False,possible
BM-SPECIES-002978,부리말다래조개,Isognomon ephippium,bivalve,18,C,False,,False,possible
BM-SPECIES-002979,티조개,Malleus malleus,bivalve,18,C,False,,False,possible
BM-SPECIES-002980,작은티조개,Malleus regula,bivalve,18,C,False,,False,possible
BM-SPECIES-002981,반투명꼬마가리비,Parvamussium intuscostatum,bivalve,18,C,False,,False,possible
BM-SPECIES-002982,알래스카비단가리비,Parvamussium alaskense,bivalve,18,C,False,,False,possible
BM-SPECIES-002983,국화조개,Spondylus squamosus,bivalve,18,C,False,,False,possible
BM-SPECIES-002984,가시국화조개,Spondylus butleri,bivalve,18,C,False,,False,possible
BM-SPECIES-002985,접시국화조개,Spondylus varius,bivalve,18,C,False,,False,possible
BM-SPECIES-002986,은백색돌굴,Dimya japonica,bivalve,18,C,False,,False,possible
BM-SPECIES-002987,개굴잠쟁이,Anomia chinensis,bivalve,18,C,False,,False,possible
BM-SPECIES-002988,둥근잠쟁이,Isomonia umbonata,bivalve,18,C,False,,False,possible
BM-SPECIES-002989,두점잠쟁이,Pododesmus macrochisma,bivalve,18,C,False,,False,possible
BM-SPECIES-002990,둥근비단가리비,Chlamys albida,bivalve,18,C,False,,False,possible
BM-SPECIES-002991,한국가리비,Chlamys chosenica,bivalve,18,C,False,,False,possible
BM-SPECIES-002992,잔줄무늬비단가리비,Chlamys rubida,bivalve,18,C,False,,False,possible
BM-SPECIES-002993,북방비단가리비,Chlamys islandica,bivalve,18,C,False,,False,possible
BM-SPECIES-002995,큰가리비,Mizuhopecten yessoensis,bivalve,18,C,False,,False,possible
BM-SPECIES-002996,비늘가리비,Scaeochlamys squamata,bivalve,18,C,False,,False,possible
BM-SPECIES-002997,비늘비단가리비,Scaeochlamys lemniscata,bivalve,18,C,False,,False,possible
BM-SPECIES-002998,파래가리비,Scaeochlamys farreri,bivalve,18,C,False,,False,possible
BM-SPECIES-002999,짝귀비단가리비,Laevichlamys cuneata,bivalve,18,C,False,,False,possible
BM-SPECIES-003000,갈매기무늬붉은비늘가리비,Laevichlamys squamosa,bivalve,18,C,False,,False,possible
BM-SPECIES-003001,구름무늬가리비,Veprichlamys jousseaumei,bivalve,18,C,False,,False,possible
BM-SPECIES-003002,해가리비,Ylistrum japonicum,bivalve,18,C,False,,False,possible
BM-SPECIES-003003,외투가리비,Volachlamys hirasei,bivalve,18,C,False,,False,possible
BM-SPECIES-003004,큰귀가리비,Volachlamys sinomarina,bivalve,18,C,False,,False,possible
BM-SPECIES-003005,국자가리비,Pecten albicans,bivalve,18,C,False,,False,possible
BM-SPECIES-003006,줄무늬가리비,Pecten excavatus,bivalve,18,C,False,,False,possible
BM-SPECIES-003007,반투명작은가리비,Delectopecten macrocheiricola,bivalve,18,C,False,,False,possible
BM-SPECIES-003008,투명유리가리비,Delectopecten vitreus,bivalve,18,C,False,,False,possible
BM-SPECIES-003009,대서양해만가리비,Argopecten irradians,bivalve,18,C,False,,False,possible
BM-SPECIES-003010,흔한가리비,Mimachlamys crassicostata,bivalve,18,C,False,,False,possible
BM-SPECIES-003011,붉은점가리비,Mimachlamys cloacata,bivalve,18,C,False,,False,possible
BM-SPECIES-003012,예쁜외투가리비,Gloripallium pallium,bivalve,18,C,False,,False,possible
BM-SPECIES-003013,예쁜가리비,Cryptopecten vesiculosus,bivalve,18,C,False,,False,possible
BM-SPECIES-003014,노란줄가리비,Decatopecten plica,bivalve,18,C,False,,False,possible
BM-SPECIES-003015,고랑가리비,Swiftopecten swiftii,bivalve,18,C,False,,False,possible
BM-SPECIES-003016,쇄가리비,Plicatula regularis,bivalve,18,C,False,,False,possible
BM-SPECIES-003017,잔줄돌굴붙이,Plicatula horrida,bivalve,18,C,False,,False,possible
BM-SPECIES-003018,굵은줄돌굴붙이,Plicatula australis,bivalve,18,C,False,,False,possible
BM-SPECIES-003019,주름담치,Brachidontes mutabilis,bivalve,18,C,False,,False,possible
BM-SPECIES-003020,돌살이담치,Adula schmidtii,bivalve,18,C,False,,False,possible
BM-SPECIES-003021,비로드긴꼬리담치,Adula californiensis,bivalve,18,C,False,,False,possible
BM-SPECIES-003022,세로잔주름담치,Adula falcatoides,bivalve,18,C,False,,False,possible
BM-SPECIES-003023,북방꼬마담치,Dacrydium vitreum,bivalve,18,C,False,,False,possible
BM-SPECIES-003024,지중해담치,Mytilus galloprovincialis,bivalve,18,C,False,,False,possible
BM-SPECIES-003026,예쁜누렁꼬마담치,Exosiperna kuroharai,bivalve,18,C,False,,False,possible
BM-SPECIES-003027,두눈격판담치,Septifer bilocularis,bivalve,18,C,False,,False,possible
BM-SPECIES-003028,남방담치,Septifer excisus,bivalve,18,C,False,,False,possible
BM-SPECIES-003029,초록담치,Perna viridis,bivalve,18,C,False,,False,possible
BM-SPECIES-003030,예쁜이담치,Gregariella coralliophaga,bivalve,18,C,False,,False,possible
BM-SPECIES-003031,꼬마풀뿌리담치,Gregariella semigranata,bivalve,18,C,False,,False,possible
BM-SPECIES-003032,통통이담치,Solamen columbianum,bivalve,18,C,False,,False,possible
BM-SPECIES-003033,통통이얇은담치,Solamen spectabile,bivalve,18,C,False,,False,possible
BM-SPECIES-003034,둥근계란담치,Musculus cumingianus,bivalve,18,C,False,,False,possible
BM-SPECIES-003035,납작계란담치,Musculus glacialis,bivalve,18,C,False,,False,possible
BM-SPECIES-003036,북방작은담치,Musculus minutus,bivalve,18,C,False,,False,possible
BM-SPECIES-003037,꼬마담치,Musculus pusio,bivalve,18,C,False,,False,possible
BM-SPECIES-003038,납작치마담치,Musculus koreanus,bivalve,18,C,False,,False,possible
BM-SPECIES-003039,줄꼬마담치,Musculus viridulus,bivalve,18,C,False,,False,possible
BM-SPECIES-003040,납작꼬마담치,Musculus nana,bivalve,18,C,False,,False,possible
BM-SPECIES-003041,치마담치,Musculus discors,bivalve,18,C,False,,False,possible
BM-SPECIES-003042,작은계란담치,Musculus cupreus,bivalve,18,C,False,,False,possible
BM-SPECIES-003043,격판담치,Mytilisepta keenae,bivalve,18,C,False,,False,possible
BM-SPECIES-003044,굵은줄격판담치,Mytilisepta virgata,bivalve,18,C,False,,False,possible
BM-SPECIES-003045,종밋,Arcuatula senhousia,bivalve,18,C,False,,False,possible
BM-SPECIES-003046,아기털홍합,Trichomya hirsuta,bivalve,18,C,False,,False,possible
BM-SPECIES-003047,자갈색반질이담치,Vilasina pillula,bivalve,18,C,False,,False,possible
BM-SPECIES-003048,장식담치,Vilasina decorata,bivalve,18,C,False,,False,possible
BM-SPECIES-003049,작은달담치,Vilasina seminuda,bivalve,18,C,False,,False,possible
BM-SPECIES-003050,뿔담치,Crenella cornea,bivalve,18,C,False,,False,possible
BM-SPECIES-003051,동해담치,Crenomytilus grayanus,bivalve,18,C,False,,False,possible
BM-SPECIES-003052,비단담치,Jolya elongata,bivalve,18,C,False,,False,possible
BM-SPECIES-003053,바다살이민물담치,Xenostrobus securis,bivalve,18,C,False,,False,possible
BM-SPECIES-003054,매끈이예쁜담치,Modiolatus oyamai,bivalve,18,C,False,,False,possible
BM-SPECIES-003055,명주담치,Modiolatus hanleyi,bivalve,18,C,False,,False,possible
BM-SPECIES-003056,왜홍합,Vignadula atrata,bivalve,18,C,False,,False,possible
BM-SPECIES-003057,깃털담치,Modiolus auriculatus,bivalve,18,C,False,,False,possible
BM-SPECIES-003058,말홍합,Modiolus modiolus,bivalve,18,C,False,,False,possible
BM-SPECIES-003059,개적구,Modiolus nipponicus,bivalve,18,C,False,,False,possible
BM-SPECIES-003060,종다리조개,Modiolus traillii,bivalve,18,C,False,,False,possible
BM-SPECIES-003061,꼬마털담치,Modiolus margaritaceus,bivalve,18,C,False,,False,possible
BM-SPECIES-003062,작은털섭조개,Modiolus barbatus,bivalve,18,C,False,,False,possible
BM-SPECIES-003063,수염담치,Modiolus comptus,bivalve,18,C,False,,False,possible
BM-SPECIES-003064,애기털담치,Modiolus modulaides,bivalve,18,C,False,,False,possible
BM-SPECIES-003065,털담치,Modiolus kurilensis,bivalve,18,C,False,,False,possible
BM-SPECIES-003066,애기돌맛조개,Leiosolenus lischkei,bivalve,18,C,False,,False,possible
BM-SPECIES-003067,뾰족말발조개,Thyasira kawamurai,bivalve,18,C,False,,False,possible
BM-SPECIES-003068,말발조개,Thyasira tokunagai,bivalve,18,C,False,,False,possible
BM-SPECIES-003069,큰말발조개,Conchocele bisecta,bivalve,18,C,False,,False,possible
BM-SPECIES-003071,둥근입기수우렁이,Stenothyra glabrata,gastropod,18,C,False,,False,possible
BM-SPECIES-003072,흑색반점기수우렁이,Stenothyra edogawensis,gastropod,18,C,False,,False,possible
BM-SPECIES-003073,격자고리꼬마고둥,Merelina tokunagai,gastropod,18,C,False,,False,possible
BM-SPECIES-003074,비단무늬고둥,Onustus exutus,gastropod,18,C,False,,False,possible
BM-SPECIES-003075,지게꾼고둥,Xenophora japonica,gastropod,18,C,False,,False,possible
BM-SPECIES-003184,계란개흙조개,Huxleyia sulcata,bivalve,18,C,False,,False,possible
BM-SPECIES-003185,비단조롱박,Sarepta speciosa,bivalve,18,C,False,,False,possible
BM-SPECIES-003186,얇은부채맵시조개,Saccella sematensis,bivalve,18,C,False,,False,possible
BM-SPECIES-003187,맵시조개,Saccella confusa,bivalve,18,C,False,,False,possible
BM-SPECIES-003188,부채맵시조개,Saccella gordonis,bivalve,18,C,False,,False,possible
BM-SPECIES-003189,매끈이맵시조개,Robaia robai,bivalve,18,C,False,,False,possible
BM-SPECIES-003190,밭고랑맵시조개,Nuculana leonina,bivalve,18,C,False,,False,possible
BM-SPECIES-003191,초승달맵시조개,Nuculana scalata,bivalve,18,C,False,,False,possible
BM-SPECIES-003192,주름맵시조개,Nuculana kawamurai,bivalve,18,C,False,,False,possible
BM-SPECIES-003193,골버선맵시조개,Nuculana arai,bivalve,18,C,False,,False,possible
BM-SPECIES-003194,버선맵시조개,Nuculana yokoyamai,bivalve,18,C,False,,False,possible
BM-SPECIES-003195,잔주름맵시조개,Nuculana pernula,bivalve,18,C,False,,False,possible
BM-SPECIES-003196,국자맵시조개,Nuculana acinacea,bivalve,18,C,False,,False,possible
BM-SPECIES-003197,꼬마반달조개,Yoldiella philippiana,bivalve,18,C,False,,False,possible
BM-SPECIES-003198,작은맵시조개,Megayoldia toyamaensis,bivalve,18,C,False,,False,possible
BM-SPECIES-003199,얇은반달조개,Megayoldia japonica,bivalve,18,C,False,,False,possible
BM-SPECIES-003200,큰볼록반달조개,Megayoldia lischkei,bivalve,18,C,False,,False,possible
BM-SPECIES-003201,큰맵시조개,Megayoldia thraciaeformis,bivalve,18,C,False,,False,possible
BM-SPECIES-003202,반질이반달조개,Yoldia bartschi,bivalve,18,C,False,,False,possible
BM-SPECIES-003203,날개맵시조개,Yoldia limatula,bivalve,18,C,False,,False,possible
BM-SPECIES-003204,비단호두조개,Yoldia laudabilis,bivalve,18,C,False,,False,possible
BM-SPECIES-003205,뾰족연두맵시조개,Yoldia notabilis,bivalve,18,C,False,,False,possible
BM-SPECIES-003206,긴반달조개,Yoldia similis,bivalve,18,C,False,,False,possible
BM-SPECIES-003207,연두맵시조개,Yoldia johanni,bivalve,18,C,False,,False,possible
BM-SPECIES-003208,네모작은도기조개,Parvithracia sematana,bivalve,18,C,False,,False,possible
BM-SPECIES-003209,반투명작은도기조개,Trigonothracia pusilla,bivalve,18,C,False,,False,possible
BM-SPECIES-003210,불룩도기조개,Thracia itoi,bivalve,18,C,False,,False,possible
BM-SPECIES-003211,아기도기조개,Thracia concinna,bivalve,18,C,False,,False,possible
BM-SPECIES-003212,작은도기조개,Thracia septentrionalis,bivalve,18,C,False,,False,possible
BM-SPECIES-003213,고운도기조개,Thracia kakumana,bivalve,18,C,False,,False,possible
BM-SPECIES-003214,부리볼록조개,Dermatomya tenuiconcha,bivalve,18,C,False,,False,possible
BM-SPECIES-003215,볼록조개,Poromya flexuosa,bivalve,18,C,False,,False,possible
BM-SPECIES-003216,무명안쪽인대조개,Bentholyonsia teramachii,bivalve,18,C,False,,False,possible
BM-SPECIES-003217,비늘안쪽인대조개,Lyonsia ventricosa,bivalve,18,C,False,,False,possible
BM-SPECIES-003218,둥근안쪽인대조개,Lyonsia kawamurai,bivalve,18,C,False,,False,possible
BM-SPECIES-003219,안쪽인대조개,Entodesma navicula,bivalve,18,C,False,,False,possible
BM-SPECIES-003220,모서리뿔물결주름조개,Hunkydora soyoae,bivalve,18,C,False,,False,possible
BM-SPECIES-003221,긴세모물결주름조개,Myadoropsis dissimilis,bivalve,18,C,False,,False,possible
BM-SPECIES-003222,둥근꼬리물결주름조개,Myadoropsis transmontana,bivalve,18,C,False,,False,possible
BM-SPECIES-003223,뾰족꼬리물결주름조개,Myadoropsis brevispinosa,bivalve,18,C,False,,False,possible
BM-SPECIES-003224,꼬마물결주름조개,Myadora reeveana,bivalve,18,C,False,,False,possible
BM-SPECIES-003225,물결주름조개,Myadora fluctuosa,bivalve,18,C,False,,False,possible
BM-SPECIES-003226,움풍등납작조개,Pandora pulchella,bivalve,18,C,False,,False,possible
BM-SPECIES-003227,두툼납작조개,Pandora carinata,bivalve,18,C,False,,False,possible
BM-SPECIES-003228,부리납작조개,Pandora otukai,bivalve,18,C,False,,False,possible
BM-SPECIES-003229,납작조개,Pandora wardiana,bivalve,18,C,False,,False,possible
BM-SPECIES-003230,긴자루국자조개,Cuspidaria macrorhynchus,bivalve,18,C,False,,False,possible
BM-SPECIES-003231,짧은자루국자조개,Cuspidaria obtusirostris,bivalve,18,C,False,,False,possible
BM-SPECIES-003232,등주름국자조개,Cuspidaria hindsiana,bivalve,18,C,False,,False,possible
BM-SPECIES-003233,쇠국자조개,Plectodon ligula,bivalve,18,C,False,,False,possible
BM-SPECIES-003234,국자조개붙이,Pseudoneaera semipellucida,bivalve,18,C,False,,False,possible
BM-SPECIES-003235,비로드국자조개,Soyomya kurohijii,bivalve,18,C,False,,False,possible
BM-SPECIES-003236,코쟁이국자조개,Cardiomya behringensis,bivalve,18,C,False,,False,possible
BM-SPECIES-003237,꼬마국자조개,Cardiomya tosaensis,bivalve,18,C,False,,False,possible
BM-SPECIES-003238,잔줄꼬마국자조개,Cardiomya kashimana,bivalve,18,C,False,,False,possible
BM-SPECIES-003240,소띠조개,Laternula boschasina,bivalve,18,C,False,,False,possible
BM-SPECIES-003241,띠조개,Laternula gracilis,bivalve,18,C,False,,False,possible
BM-SPECIES-003242,운모조개,Laternula anatina,bivalve,18,C,False,,False,possible
BM-SPECIES-003243,각시납작조개,Pendaloma otohimeae,bivalve,18,C,False,,False,possible
BM-SPECIES-003244,넓은입운모조개,Cochlodesma praetenue,bivalve,18,C,False,,False,possible
BM-SPECIES-003245,북방호두조개,Ennucula tenuis,bivalve,18,C,False,,False,possible
BM-SPECIES-003246,납작호두조개,Ennucula kawamurai,bivalve,18,C,False,,False,possible
BM-SPECIES-003247,애호두조개,Ennucula niponica,bivalve,18,C,False,,False,possible
BM-SPECIES-003248,작은호두조개,Nucula paulula,bivalve,18,C,False,,False,possible
BM-SPECIES-003249,예쁜이호두조개,Nucula tokyoensis,bivalve,18,C,False,,False,possible
BM-SPECIES-003250,민호두조개,Acila vigilia,bivalve,18,C,False,,False,possible
BM-SPECIES-003251,왜호두조개,Acila insignis,bivalve,18,C,False,,False,possible
BM-SPECIES-003252,호두조개,Acila divaricata,bivalve,18,C,False,,False,possible
BM-SPECIES-003253,반투명짝줄눈송이조개,Limatula kurodai,bivalve,18,C,False,,False,possible
BM-SPECIES-003254,세로줄눈송이조개,Limatula japonica,bivalve,18,C,False,,False,possible
BM-SPECIES-003255,세로줄큰눈송이조개,Limatula bullata,bivalve,18,C,False,,False,possible
BM-SPECIES-003256,짝줄눈송이조개,Limatula vladivostokensis,bivalve,18,C,False,,False,possible
BM-SPECIES-003257,작은짝줄눈송이조개,Limatula nippona,bivalve,18,C,False,,False,possible
BM-SPECIES-003258,빗개가리비,Ctenoides lischkei,bivalve,18,C,False,,False,possible
BM-SPECIES-003259,좁은개가리비,Ctenoides annulatus,bivalve,18,C,False,,False,possible
BM-SPECIES-003260,삼태기개가리비,Lima fujitai,bivalve,18,C,False,,False,possible
BM-SPECIES-003261,적갈색개가리비,Lima zushiensis,bivalve,18,C,False,,False,possible
BM-SPECIES-003262,개가리비,Lima vulgaris,bivalve,18,C,False,,False,possible
BM-SPECIES-003263,작은개가리비,Lima vulgatula,bivalve,18,C,False,,False,possible
BM-SPECIES-003264,가는줄개가리비,Limaria orientalis,bivalve,18,C,False,,False,possible
BM-SPECIES-003265,얇은납작개가리비,Limaria hirasei,bivalve,18,C,False,,False,possible
BM-SPECIES-003266,외투조개,Limaria basilanica,bivalve,18,C,False,,False,possible
BM-SPECIES-003267,얇은꼬마우럭,Basterotia recluzi,bivalve,18,C,False,,False,possible
BM-SPECIES-003268,긴비늘조개,Pseudogaleomma japonica,bivalve,18,C,False,,False,possible
BM-SPECIES-003269,둥근비늘조개,Scintilla violescens,bivalve,18,C,False,,False,possible
BM-SPECIES-003270,볼록비늘조개,Scintilla timoriensis,bivalve,18,C,False,,False,possible
BM-SPECIES-003271,반질이비늘조개,Scintilla nitidella,bivalve,18,C,False,,False,possible
BM-SPECIES-003272,얇은긴가재더부살이조개,Paraborniola matsumotoi,bivalve,18,C,False,,False,possible
BM-SPECIES-003273,황색가재더부살이조개,Borniopsis tsurumaru,bivalve,18,C,False,,False,possible
BM-SPECIES-003274,갯가재더부살이조개,Borniopsis subsinuata,bivalve,18,C,False,,False,possible
BM-SPECIES-003275,색시조개,Melliteryx puncticulata,bivalve,18,C,False,,False,possible
BM-SPECIES-003276,족사살이조개,Lasaea undulata,bivalve,18,C,False,,False,possible
BM-SPECIES-003277,거미불가사리조개,Nipponomysella oblongata,bivalve,18,C,False,,False,possible
BM-SPECIES-003278,작은더부살이조개,Nipponomysella obesa,bivalve,18,C,False,,False,possible
BM-SPECIES-003279,쏙더부살이조개,Peregrinamor ohshimai,bivalve,18,C,False,,False,possible
BM-SPECIES-003280,북방가재더부살이조개,Kellia japonica,bivalve,18,C,False,,False,possible
BM-SPECIES-003281,아기가재더부살이조개,Kellia porculus,bivalve,18,C,False,,False,possible
BM-SPECIES-003282,반질이가재더부살이조개,Nesobornia bulla,bivalve,18,C,False,,False,possible
BM-SPECIES-003283,보라왼돌이굴아재비,Pseudochama retroversa,bivalve,18,C,False,,False,possible
BM-SPECIES-003284,운모굴아재비,Amphichama argentata,bivalve,18,C,False,,False,possible
BM-SPECIES-003285,보라굴아재비,Chama limbula,bivalve,18,C,False,,False,possible
BM-SPECIES-003286,햇빛굴아재비,Chama japonica,bivalve,18,C,False,,False,possible
BM-SPECIES-003287,굴아재비,Chama fragum,bivalve,18,C,False,,False,possible
BM-SPECIES-003288,맨드라미굴아재비,Chama dunkeri,bivalve,18,C,False,,False,possible
BM-SPECIES-003289,흰이랑돌고부지,Coralliophaga coralliophaga,bivalve,18,C,False,,False,possible
BM-SPECIES-003290,뒤보라돌고부지,Neotrapezium sublaevigatum,bivalve,18,C,False,,False,possible
BM-SPECIES-003291,돌고부지,Neotrapezium liratum,bivalve,18,C,False,,False,possible
BM-SPECIES-003292,잔물결얇은개량조개,Raeta pellicula,bivalve,18,C,False,,False,possible
BM-SPECIES-003293,쇄개량조개,Raeta pulchella,bivalve,18,C,False,,False,possible
BM-SPECIES-003294,왕우럭조개,Tresus keenae,bivalve,18,C,False,,False,possible
BM-SPECIES-003295,버선조개,Mactrella striatula,bivalve,18,C,False,,False,possible
BM-SPECIES-003296,봉황조개,Lutraria maxima,bivalve,18,C,False,,False,possible
BM-SPECIES-003297,북방대합,Spisula sachalinensis,bivalve,18,C,False,,False,possible
BM-SPECIES-003298,큰행달조개,Oxyperas bernardi,bivalve,18,C,False,,False,possible
BM-SPECIES-003299,작은납작우럭조개,Mactrotoma depressa,bivalve,18,C,False,,False,possible
BM-SPECIES-003300,깜장북방대합,Mactromeris polynyma,bivalve,18,C,False,,False,possible
BM-SPECIES-003301,무지개조개,Mactra iridescens,bivalve,18,C,False,,False,possible
BM-SPECIES-003302,흰점분홍무늬조개,Mactra achatina,bivalve,18,C,False,,False,possible
BM-SPECIES-003303,개량조개,Mactra chinensis,bivalve,18,C,False,,False,possible
BM-SPECIES-003304,명주개량조개,Mactra antiquata,bivalve,18,C,False,,False,possible
BM-SPECIES-003305,애기개량조개,Mactra crossei,bivalve,18,C,False,,False,possible
BM-SPECIES-003306,동죽,Mactra quadrangularis,bivalve,18,C,False,,False,possible
BM-SPECIES-003307,섬각시조개,Neolepton sulcatulum,bivalve,18,C,False,,False,possible
BM-SPECIES-003308,살조개,Leukoma jedoensis,bivalve,18,C,False,,False,possible
BM-SPECIES-003309,큰북방살조개,Leukoma staminea,bivalve,18,C,False,,False,possible
BM-SPECIES-003310,잔주름살조개,Leukoma euglypta,bivalve,18,C,False,,False,possible
BM-SPECIES-003311,얇은꼬마세모조개,Laevicirce soyoae,bivalve,18,C,False,,False,possible
BM-SPECIES-003312,아기바지락,Ruditapes bruguieri,bivalve,18,C,False,,False,possible
BM-SPECIES-003314,꼬마대복,Gomphina neastartoides,bivalve,18,C,False,,False,possible
BM-SPECIES-003316,비늘백합,Mercenaria stimpsoni,bivalve,18,C,False,,False,possible
BM-SPECIES-003317,수수조개,Clementia papyracea,bivalve,18,C,False,,False,possible
BM-SPECIES-003318,유리병백합,Callocardia guttata,bivalve,18,C,False,,False,possible
BM-SPECIES-003319,둥근달떡조개,Dosinella angulosa,bivalve,18,C,False,,False,possible
BM-SPECIES-003320,점박이작은조개,Timoclea costellifera,bivalve,18,C,False,,False,possible
BM-SPECIES-003321,등뿔조개,Timoclea marica,bivalve,18,C,False,,False,possible
BM-SPECIES-003322,솜털백합,Venus cassinaeformis,bivalve,18,C,False,,False,possible
BM-SPECIES-003323,흰등줄조개,Placamen lamellatum,bivalve,18,C,False,,False,possible
BM-SPECIES-003325,볼록마당조개,Pelecyora nana,bivalve,18,C,False,,False,possible
BM-SPECIES-003326,농조개,Paratapes undulatus,bivalve,18,C,False,,False,possible
BM-SPECIES-003327,민들조개,Macridiscus aequilatera,bivalve,18,C,False,,False,possible
BM-SPECIES-003328,둥근달떡조개,Dosinia angulosa,bivalve,18,C,False,,False,possible
BM-SPECIES-003329,부리떡조개,Dosinia abyssicola,bivalve,18,C,False,,False,possible
BM-SPECIES-003330,둥근떡조개,Dosinia troscheli,bivalve,18,C,False,,False,possible
BM-SPECIES-003331,달떡조개,Dosinia amphidesmoides,bivalve,18,C,False,,False,possible
BM-SPECIES-003332,붉은속떡조개,Dosinia histrio,bivalve,18,C,False,,False,possible
BM-SPECIES-003333,아기달떡조개,Dosinia pubescens,bivalve,18,C,False,,False,possible
BM-SPECIES-003334,나비조개,Dosinia laminata,bivalve,18,C,False,,False,possible
BM-SPECIES-003335,떡조개,Dosinia japonica,bivalve,18,C,False,,False,possible
BM-SPECIES-003336,만월떡조개,Dosinia subalata,bivalve,18,C,False,,False,possible
BM-SPECIES-003337,갈색점줄떡조개,Dosinia iwakawai,bivalve,18,C,False,,False,possible
BM-SPECIES-003338,주름떡조개,Dosinia corrugata,bivalve,18,C,False,,False,possible
BM-SPECIES-003339,주름돌속살이조개,Petricola carditoides,bivalve,18,C,False,,False,possible
BM-SPECIES-003340,포목무늬돌살이조개,Petricola aequistriata,bivalve,18,C,False,,False,possible
BM-SPECIES-003341,돌속살이조개,Petricola lapicida,bivalve,18,C,False,,False,possible
BM-SPECIES-003342,짝돌속살이조개,Petricola japonica,bivalve,18,C,False,,False,possible
BM-SPECIES-003343,붉은행달조개,Paphia vernicosa,bivalve,18,C,False,,False,possible
BM-SPECIES-003344,밭고랑행달조개,Paphia amabilis,bivalve,18,C,False,,False,possible
BM-SPECIES-003345,매끈이행달조개,Paphia schnelliana,bivalve,18,C,False,,False,possible
BM-SPECIES-003346,행달조개,Paphia euglypta,bivalve,18,C,False,,False,possible
BM-SPECIES-003347,백합,Meretrix lusoria,bivalve,18,C,False,,False,possible
BM-SPECIES-003348,말백합,Meretrix petechialis,bivalve,18,C,False,,False,possible
BM-SPECIES-003349,민무늬백합,Meretrix lamarckii,bivalve,18,C,False,,False,possible
BM-SPECIES-003350,무명조개,Meretrix meretrix,bivalve,18,C,False,,False,possible
BM-SPECIES-003351,주름백합,Ezocallista brevisiphonata,bivalve,18,C,False,,False,possible
BM-SPECIES-003352,갈색반점백합,Pitar affinis,bivalve,18,C,False,,False,possible
BM-SPECIES-003353,쇠백합,Pitar sulfureus,bivalve,18,C,False,,False,possible
BM-SPECIES-003354,작은주름백합,Liocyma fluctuosa,bivalve,18,C,False,,False,possible
BM-SPECIES-003355,굵은주름입조개,Irus irus,bivalve,18,C,False,,False,possible
BM-SPECIES-003356,갈색반주름입조개,Irus ishibashianus,bivalve,18,C,False,,False,possible
BM-SPECIES-003357,주름입조개,Irus mitis,bivalve,18,C,False,,False,possible
BM-SPECIES-003358,비단백합,Sunetta menstrualis,bivalve,18,C,False,,False,possible
BM-SPECIES-003359,흐린날씨둥근백합,Globivenus toreuma,bivalve,18,C,False,,False,possible
BM-SPECIES-003360,아담스백합,Protocallithaca adamsi,bivalve,18,C,False,,False,possible
BM-SPECIES-003361,가무락조개,Cyclina sinensis,bivalve,18,C,False,,False,possible
BM-SPECIES-003362,빗살무늬백합,Callista chinensis,bivalve,18,C,False,,False,possible
BM-SPECIES-003363,작은비단백합,Callista pilsbryi,bivalve,18,C,False,,False,possible
BM-SPECIES-003364,흰누렁둥근백합,Aphrodora kurodai,bivalve,18,C,False,,False,possible
BM-SPECIES-003365,퇴조개,Coecella chinensis,bivalve,18,C,False,,False,possible
BM-SPECIES-003366,노랑돌살이조개,Zemysina semiasperoides,bivalve,18,C,False,,False,possible
BM-SPECIES-003367,달빛돌살이조개,Zemysina lunaris,bivalve,18,C,False,,False,possible
BM-SPECIES-003368,황갈색돌살이조개,Zemysina gouldi,bivalve,18,C,False,,False,possible
BM-SPECIES-003369,노랑볼록조개,Joannisiella cumingii,bivalve,18,C,False,,False,possible
BM-SPECIES-016478,띠구슬다슬기,Koreoleptoxis globus,gastropod,18,C,False,,False,possible
BM-SPECIES-016479,염주알다슬기,Koreoleptoxis nodifila,gastropod,18,C,False,,False,possible
BM-SPECIES-016480,참다슬기,Semisulcospira coreana,gastropod,18,C,False,,False,possible
BM-SPECIES-016481,좀주름다슬기,Semisulcospira tegulata,gastropod,18,C,False,,False,possible
BM-SPECIES-016482,곳체다슬기,Semisulcospira gottschei,gastropod,18,C,False,,False,possible
BM-SPECIES-016483,주름다슬기,Semisulcospira forticosta,gastropod,18,C,False,,False,possible
BM-SPECIES-016484,제주아기밤달팽이,Yamatochlamys lampra,gastropod,18,C,False,,False,possible
BM-SPECIES-016485,콩조개,Corbicula felnouilliana,bivalve,18,C,False,,False,possible
BM-SPECIES-016486,재첩,Corbicula fluminea,bivalve,18,C,False,,False,possible
BM-SPECIES-016487,엷은재첩,Corbicula papyracea,bivalve,18,C,False,,False,possible
BM-SPECIES-016488,참재첩,Corbicula leana,bivalve,18,C,False,,False,possible
BM-SPECIES-016489,왕우렁이,Pomacea canaliculata,gastropod,18,C,False,,False,possible
BM-SPECIES-016490,논우렁이,Cipangopaludina malleata,gastropod,18,C,False,,False,possible
BM-SPECIES-016491,산우렁이,Cyclophorus herklotsi,gastropod,18,C,False,,False,possible
BM-SPECIES-016493,제주깨알달팽이,Diplommatina chejuensis,gastropod,18,C,False,,False,possible
BM-SPECIES-016494,쇠우렁이,Parafossarulus manchouricus,gastropod,18,C,False,,False,possible
BM-SPECIES-016495,염주쇠우렁이,Gabbia misella,gastropod,18,C,False,,False,possible
BM-SPECIES-016496,분홍목주림고둥,Truncatella pfeifferi,gastropod,18,C,False,,False,possible
BM-SPECIES-016497,둥근동굴우렁이,Cavernacmella coreana,gastropod,18,C,False,,False,possible
BM-SPECIES-016498,엷은재첩,Corbicula nitens,bivalve,18,C,False,,False,possible
BM-SPECIES-016499,참재첩,Corbicula leana,bivalve,18,C,False,,False,possible
BM-SPECIES-016500,재첩,Corbicula fluminea,bivalve,18,C,False,,False,possible
BM-SPECIES-016501,점박이재첩,Corbicula portentosa,bivalve,18,C,False,,False,possible
BM-SPECIES-016502,섬재첩,Corbicula insularis,bivalve,18,C,False,,False,possible
BM-SPECIES-016503,도끼조개,Parvasolenaia triangularis,bivalve,18,C,False,,False,possible
BM-SPECIES-016504,두드럭조개,Lamprotula coreana,bivalve,18,C,False,,False,possible
BM-SPECIES-016505,곳체두드럭조개,Lamprotula leaii,bivalve,18,C,False,,False,possible
BM-SPECIES-016506,부채두드럭조개,Inversiunio verrucosus,bivalve,18,C,False,,False,possible
BM-SPECIES-016507,귀이빨대칭이,Cristaria plicata,bivalve,18,C,False,,False,possible
BM-SPECIES-016508,칼조개,Lanceolaria grayii,bivalve,18,C,False,,False,possible
BM-SPECIES-016509,작은말조개,Nodularia breviconcha,bivalve,18,C,False,,False,possible
BM-SPECIES-016510,말조개,Nodularia douglasiae,bivalve,18,C,False,,False,possible
BM-SPECIES-016511,대칭이,Anemina arcaeformis,bivalve,18,C,False,,False,possible
BM-SPECIES-016512,펄조개,Sinanodonta woodiana,bivalve,18,C,False,,False,possible
BM-SPECIES-016513,작은대칭이,Buldowskia flavotincta,bivalve,18,C,False,,False,possible
BM-SPECIES-016515,산골조개,Euglesa coreana,bivalve,18,C,False,,False,possible
BM-SPECIES-016516,삼각산골조개,Sphaerium japonicum,bivalve,18,C,False,,False,possible
BM-SPECIES-000382,,Chaeturichthys jeoni,fish,10,C,False,,False,possible
BM-SPECIES-016332,열목어,Brachymystax lenok tsinlingensis,fish,10,C,False,,False,possible
BM-SPECIES-016388,끄리,Opsariichthys uncirostris amurensis,fish,10,C,False,,False,possible
BM-SPECIES-016409,,Acheilognathus coreanus,fish,10,C,False,,False,possible
BM-SPECIES-016436,참몰개,Squalidus chankaensis tsuchigae,fish,10,C,False,,False,possible
BM-SPECIES-016437,몰개,Squalidus japonicus coreanus,fish,10,C,False,,False,possible
BM-SPECIES-016438,긴몰개,Squalidus gracilis majimae,fish,10,C,False,,False,possible
BM-SPECIES-004002,,Heteromysis japonica,crustacean,5,C,False,,False,possible
BM-SPECIES-004039,,Holmesiella anomala,crustacean,5,C,False,,False,possible
BM-SPECIES-004049,,Pleurerythrops secundus,crustacean,5,C,False,,False,possible
BM-SPECIES-004076,북방아니소옆새우,Anisogammarus pugettensis dybovskyi,crustacean,5,C,False,,False,possible
BM-SPECIES-004115,,Melita shimizui,crustacean,5,C,False,,False,possible
BM-SPECIES-004126,,Ptilohyale crassicornis,crustacean,5,C,False,,False,possible
BM-SPECIES-004149,,Ampithoe changbaensis,crustacean,5,C,False,,False,possible
BM-SPECIES-004150,오목손참옆새우,Ampithoe valida shimizuensis,crustacean,5,C,False,,False,possible
BM-SPECIES-004154,볼록손참옆새우,Ampithoe valida valida,crustacean,5,C,False,,False,possible
BM-SPECIES-004172,넓적다리모래무지옆새우사촌,Urothoe grimaldii japonica,crustacean,5,C,False,,False,possible
BM-SPECIES-004185,,Paraphoxus jejuensis,crustacean,5,C,False,,False,possible
BM-SPECIES-004193,,Phronima atlantica,crustacean,5,C,False,,False,possible
BM-SPECIES-004199,,Jassa kimi,crustacean,5,C,False,,False,possible
BM-SPECIES-004211,,Colomastix lunalilo,crustacean,5,C,False,,False,possible
BM-SPECIES-004243,,Platorchestia platensis,crustacean,5,C,False,,False,possible
BM-SPECIES-004248,두돌기긴팔옆새우,Socarnes bidenticulatus japonicus,crustacean,5,C,False,,False,possible
BM-SPECIES-004267,,Oxycephalus clausi,crustacean,5,C,False,,False,possible
BM-SPECIES-004307,,Caprella aino,crustacean,5,C,False,,False,possible
BM-SPECIES-004392,,Chondrochelia dubia,crustacean,5,C,False,,False,possible
BM-SPECIES-004396,,Wandogarida canalicula,crustacean,5,C,False,,False,possible
BM-SPECIES-004397,,Hexapleomera ulsana,crustacean,5,C,False,,False,possible
BM-SPECIES-004398,,Hexapleomera yokjidona,crustacean,5,C,False,,False,possible
BM-SPECIES-004399,,Zeuxo gracilis,crustacean,5,C,False,,False,possible
BM-SPECIES-004400,,Zeuxo spina,crustacean,5,C,False,,False,possible
BM-SPECIES-004417,,Caecianiropsis goseongensis,crustacean,5,C,False,,False,possible
BM-SPECIES-004469,,Idarcturus trispinosus,crustacean,5,C,False,,False,possible
BM-SPECIES-004471,,Apanthura laevipedata,crustacean,5,C,False,,False,possible
BM-SPECIES-004476,,Amakusanthura intermedia,crustacean,5,C,False,,False,possible
BM-SPECIES-004477,,Uromunna mundongensis,crustacean,5,C,False,,False,possible
BM-SPECIES-004478,,Uromunna jejuensis,crustacean,5,C,False,,False,possible
BM-SPECIES-004494,,Pentias pluriarticulatus,crustacean,5,C,False,,False,possible
BM-SPECIES-004496,,Cleantiella ampliscutula,crustacean,5,C,False,,False,possible
BM-SPECIES-004502,,Ascionana rhipis,crustacean,5,C,False,,False,possible
BM-SPECIES-004503,,Paramunna koreana,crustacean,5,C,False,,False,possible
BM-SPECIES-004504,,Boreosignum affinis,crustacean,5,C,False,,False,possible
BM-SPECIES-004505,,Coxicerberus fukudai,crustacean,5,C,False,,False,possible
BM-SPECIES-005526,,Paramaja kominatoensis,crustacean,5,C,False,,False,possible
BM-SPECIES-005652,,Calcinus vachoni,crustacean,5,C,False,,False,possible
BM-SPECIES-005783,,Cristimenes brucei,crustacean,5,C,False,,False,possible
BM-SPECIES-005784,,Paraclimenes gorgonicola,crustacean,5,C,False,,False,possible
BM-SPECIES-005786,,Mesopontonia verrucimanus,crustacean,5,C,False,,False,possible
BM-SPECIES-005787,,Mesopontonia kimwoni,crustacean,5,C,False,,False,possible
BM-SPECIES-005788,,Pontonides sibogae,crustacean,5,C,False,,False,possible
BM-SPECIES-005792,,Periclimenaeus apomonosi,crustacean,5,C,False,,False,possible
BM-SPECIES-005793,,Periclimenaeus djiboutensis,crustacean,5,C,False,,False,possible
BM-SPECIES-005794,,Periclimenaeus karantina,crustacean,5,C,False,,False,possible
BM-SPECIES-005868,,Anachlorocurtis commensalis,crustacean,5,C,False,,False,possible
BM-SPECIES-005987,긴수염새우,Haliporoides sibogae sibogae,crustacean,5,C,False,,False,possible
BM-SPECIES-006006,민꽃새우,Parapenaeus fissuroides fissuroides,crustacean,5,C,False,,False,possible
BM-SPECIES-006008,곰방깔깔새우,Metapenaeopsis provocatoria owstoni,crustacean,5,C,False,,False,possible
BM-SPECIES-006012,제주깔깔새우,Metapenaeopsis mogiensis mogiensis,crustacean,5,C,False,,False,possible
BM-SPECIES-016520,,Gnorimosphaeroma naktongense,crustacean,5,C,False,,False,possible
BM-SPECIES-016537,새뱅이,Neocaridina denticulata denticulata,crustacean,5,C,False,,False,possible
BM-SPECIES-001622,,Anteaeolidiella takanosimensis,gastropod,3,C,False,,False,possible
BM-SPECIES-001624,,Aeolidia papillosa,gastropod,3,C,False,,False,possible
BM-SPECIES-001643,,Cadlina umiushi,gastropod,3,C,False,,False,possible
BM-SPECIES-001650,,Marionia olivacea,gastropod,3,C,False,,False,possible
BM-SPECIES-001653,,Dirona pellucida,gastropod,3,C,False,,False,possible
BM-SPECIES-001657,,Sakuraeolis japonica,gastropod,3,C,False,,False,possible
BM-SPECIES-001753,,Hastula jejuensis,gastropod,3,C,False,,False,possible
BM-SPECIES-001876,얇은수랑,Buccinum nipponkaiense lymnaeforme,gastropod,3,C,False,,False,possible
BM-SPECIES-001893,작은물레고둥,Buccinum striatissimum senshumaruae,gastropod,3,C,False,,False,possible
BM-SPECIES-001950,,Phos senticosus,gastropod,3,C,False,,False,possible
BM-SPECIES-001975,보살고둥,Anachis miser miser,gastropod,3,C,False,,False,possible
BM-SPECIES-001978,그물무늬무륵,Pyrene testudinaria subcribraria,gastropod,3,C,False,,False,possible
BM-SPECIES-002137,,Rhinoclavis sordidula,gastropod,3,C,False,,False,possible
BM-SPECIES-002140,뚱뚱이짜부락고둥,Clypeomorus petrosa chemnitziana,gastropod,3,C,False,,False,possible
BM-SPECIES-002277,바다방석고둥,Tegula pfeifferi pfeifferi,gastropod,3,C,False,,False,possible
BM-SPECIES-002278,팽이고둥,Tegula pfeifferi carpenteri,gastropod,3,C,False,,False,possible
BM-SPECIES-002293,깜장각시고둥,Monodonta perplexa perplexa,gastropod,3,C,False,,False,possible
BM-SPECIES-002359,테두리고둥,Patelloida saccharina lanx,gastropod,3,C,False,,False,possible
BM-SPECIES-002409,장수삿갓조개,Scelidotoma vadososinuata hoonsooi,gastropod,3,C,False,,False,possible
BM-SPECIES-002420,북방전복,Haliotis discus hannai,gastropod,3,C,False,,False,possible
BM-SPECIES-002540,아라비아개오지,Mauritia arabica asiatica,gastropod,3,C,False,,False,possible
BM-SPECIES-002627,둥근흰구슬고둥,Eunaticina papilla lamarckiana,gastropod,3,C,False,,False,possible
BM-SPECIES-002638,덮인배꼽큰구슬우렁이,Neverita didyma hosoyai,gastropod,3,C,False,,False,possible
BM-SPECIES-002639,높은탑이색구슬우렁이,Neverita didyma hayashii,gastropod,3,C,False,,False,possible
BM-SPECIES-002640,높은탑큰구슬우렁이,Neverita didyma ampla,gastropod,3,C,False,,False,possible
BM-SPECIES-002722,또아리모자고둥,Neoiphinoe unicarinata lata,gastropod,3,C,False,,False,possible
BM-SPECIES-002775,공주재첩,Corbicula papyracea,bivalve,3,C,False,,False,possible
BM-SPECIES-002803,,Anadara talmiensis,bivalve,3,C,False,,False,possible
BM-SPECIES-002851,,Mya japonica,bivalve,3,C,False,,False,possible
BM-SPECIES-002864,아기삼각조개,Latona semisulcata semigranosa,bivalve,3,C,False,,False,possible
BM-SPECIES-002994,동경가리비,Mizuhopecten tokyoensis tokyoensis,bivalve,3,C,False,,False,possible
BM-SPECIES-003239,,Exolaternula spengleri,bivalve,3,C,False,,False,possible
BM-SPECIES-003324,,Pelecyora corculum,bivalve,3,C,False,,False,possible
BM-SPECIES-016492,나사산우렁이,Spirostoma japonicum japonicum,gastropod,3,C,False,,False,possible
BM-SPECIES-016514,삼각산골조개,Musculium lacustre japonicum,bivalve,3,C,False,,False,possible
BM-SPECIES-002866,,Latona semisulcata semisulcata,bivalve,0,C,False,,False,possible
