{"type":"FeatureCollection","name":"khoa-harbor-zone","features":[{"type":"Feature","id":"khoa-hrbare-50016","geometry":{"type":"Polygon","coordinates":[[[128.075406,34.91077],[128.082793,34.908709],[128.083396,34.908161],[128.083535,34.907206],[128.082617,34.906772],[128.084214,34.89755],[128.103467,34.9],[128.11447,34.902573],[128.117543,34.904322],[128.114684,34.905973],[128.11463,34.905591],[128.113999,34.90875],[128.113173,34.908275],[128.113671,34.906203],[128.112566,34.902516],[128.102481,34.900185],[128.111038,34.902256],[128.111148,34.902557],[128.103487,34.900805],[128.103405,34.901104],[128.111048,34.902853],[128.104011,34.911184],[128.104275,34.911321],[128.103514,34.912239],[128.103788,34.912391],[128.10211,34.914763],[128.101532,34.914116],[128.101026,34.914608],[128.106716,34.915472],[128.107221,34.915854],[128.108093,34.915581],[128.10992,34.916582],[128.109788,34.916844],[128.103798,34.915871],[128.10328,34.916483],[128.103409,34.918748],[128.104176,34.919497],[128.112031,34.923001],[128.11329,34.922975],[128.115561,34.921234],[128.117126,34.920841],[128.121804,34.921443],[128.12146,34.922867],[128.117254,34.922455],[128.114432,34.923016],[128.113277,34.923818],[128.111584,34.923628],[128.110889,34.924082],[128.1107,34.92357],[128.110437,34.923724],[128.107535,34.921906],[128.106764,34.922002],[128.102877,34.920471],[128.102623,34.92187],[128.103011,34.921864],[128.103006,34.922315],[128.102614,34.922563],[128.104091,34.922369],[128.104191,34.922798],[128.103173,34.922969],[128.102423,34.924445],[128.102712,34.925347],[128.10223,34.925758],[128.10205,34.925484],[128.101668,34.925666],[128.101461,34.925158],[128.100623,34.925027],[128.100516,34.925322],[128.099374,34.924854],[128.099073,34.924194],[128.099097,34.923951],[128.099673,34.924088],[128.099104,34.923916],[128.099408,34.923379],[128.100732,34.923706],[128.099497,34.923353],[128.09955,34.922441],[128.098726,34.921621],[128.0991,34.921148],[128.098399,34.921242],[128.09789,34.920508],[128.09728,34.921028],[128.098006,34.922894],[128.097753,34.923634],[128.098155,34.924092],[128.097739,34.924229],[128.098273,34.924181],[128.098258,34.924457],[128.096919,34.925303],[128.097076,34.926154],[128.095602,34.926462],[128.095239,34.926322],[128.095242,34.92564],[128.095074,34.925771],[128.095133,34.926015],[128.093863,34.924625],[128.094059,34.925037],[128.092357,34.924569],[128.092357,34.92428],[128.093799,34.923742],[128.094555,34.924239],[128.093197,34.923196],[128.092172,34.923306],[128.091484,34.922824],[128.091417,34.920906],[128.090442,34.921119],[128.089966,34.920746],[128.089278,34.918666],[128.088729,34.919247],[128.087493,34.919092],[128.087411,34.919684],[128.085759,34.918347],[128.08744,34.919031],[128.08716,34.918003],[128.086622,34.918431],[128.082608,34.916335],[128.083911,34.917129],[128.083247,34.91703],[128.082512,34.918037],[128.084733,34.919202],[128.085937,34.918977],[128.087146,34.923155],[128.086258,34.923414],[128.086554,34.924122],[128.08747,34.924282],[128.088016,34.926167],[128.086051,34.926969],[128.085815,34.926966],[128.08579,34.926661],[128.085461,34.926962],[128.081387,34.926921],[128.081378,34.92653],[128.080971,34.926533],[128.08089,34.926916],[128.079944,34.927037],[128.081278,34.927048],[128.081395,34.927524],[128.08113,34.927815],[128.07959,34.928469],[128.078749,34.927944],[128.078753,34.927496],[128.079982,34.926551],[128.080001,34.925647],[128.079453,34.925647],[128.079334,34.925123],[128.078971,34.925121],[128.078934,34.925503],[128.078469,34.925495],[128.078452,34.927044],[128.07734,34.927034],[128.076954,34.925658],[128.077284,34.924141],[128.076841,34.92567],[128.077362,34.927485],[128.076933,34.927253],[128.075601,34.92344],[128.075535,34.923821],[128.07501,34.923812],[128.075371,34.922998],[128.074827,34.923402],[128.073829,34.922611],[128.073759,34.923423],[128.06974,34.923916],[128.06712,34.923163],[128.069807,34.924168],[128.071908,34.924053],[128.072173,34.924507],[128.071841,34.924747],[128.07262,34.925267],[128.072278,34.925774],[128.072765,34.925512],[128.072501,34.926044],[128.073116,34.926106],[128.072046,34.927374],[128.070348,34.927322],[128.069897,34.926583],[128.070345,34.926361],[128.07018,34.92641],[128.069918,34.925941],[128.069579,34.92607],[128.069402,34.925753],[128.069508,34.926092],[128.068291,34.926532],[128.067789,34.926202],[128.068022,34.926636],[128.06759,34.92679],[128.06508,34.926271],[128.064259,34.9265],[128.062717,34.92743],[128.062808,34.928035],[128.062045,34.928153],[128.061894,34.927905],[128.061972,34.928171],[128.061011,34.928385],[128.060874,34.928125],[128.06096,34.928394],[128.059878,34.928638],[128.059764,34.928269],[128.059801,34.928647],[128.058417,34.928919],[128.057631,34.927803],[128.058121,34.928953],[128.056685,34.929313],[128.056122,34.929201],[128.056169,34.928908],[128.056716,34.929194],[128.05677,34.928838],[128.057394,34.928613],[128.056258,34.928523],[128.056267,34.92801],[128.057847,34.927457],[128.057376,34.927367],[128.056115,34.927978],[128.056098,34.928605],[128.05556,34.928654],[128.063836,34.908688],[128.075406,34.91077]],[[128.097312,34.920881],[128.097244,34.920832],[128.097219,34.920887],[128.097312,34.920881]],[[128.097341,34.920616],[128.097284,34.920827],[128.097347,34.920817],[128.097341,34.920616]],[[128.058325,34.922805],[128.0584,34.922671],[128.058284,34.922644],[128.058325,34.922805]],[[128.063938,34.924865],[128.064054,34.926243],[128.064062,34.924861],[128.064442,34.924493],[128.064377,34.924445],[128.063938,34.924865]],[[128.074303,34.914785],[128.073505,34.915308],[128.074975,34.915487],[128.075009,34.915021],[128.074303,34.914785]],[[128.077645,34.922519],[128.077679,34.922413],[128.075542,34.921971],[128.077645,34.922519]],[[128.070329,34.925927],[128.069993,34.926072],[128.070079,34.926225],[128.070329,34.925927]],[[128.084444,34.90904],[128.084439,34.909081],[128.084504,34.909082],[128.084444,34.90904]],[[128.084249,34.909011],[128.084288,34.908973],[128.084119,34.908947],[128.084249,34.909011]],[[128.078167,34.922502],[128.078092,34.923068],[128.0786,34.923607],[128.079211,34.923663],[128.079763,34.923255],[128.079442,34.922745],[128.078167,34.922502]],[[128.1,34.923673],[128.099884,34.923633],[128.099869,34.923674],[128.1,34.923673]],[[128.103086,34.9009],[128.103158,34.901002],[128.103288,34.900938],[128.103086,34.9009]],[[128.102746,34.900886],[128.102822,34.900981],[128.102935,34.900925],[128.102746,34.900886]],[[128.084591,34.926211],[128.084218,34.926225],[128.084241,34.926912],[128.084684,34.92691],[128.084591,34.926211]],[[128.091768,34.920781],[128.091753,34.921145],[128.091936,34.921273],[128.09219,34.920999],[128.091768,34.920781]],[[128.06209,34.927625],[128.062245,34.928023],[128.062579,34.927875],[128.062448,34.927505],[128.06209,34.927625]],[[128.069147,34.92443],[128.069395,34.92443],[128.069387,34.924021],[128.069147,34.92443]],[[128.072132,34.926586],[128.071957,34.926806],[128.072247,34.92695],[128.072132,34.926586]],[[128.067611,34.925747],[128.06779,34.926074],[128.06794,34.926019],[128.067611,34.925747]],[[128.086249,34.926395],[128.086251,34.926749],[128.086399,34.926694],[128.086391,34.926676],[128.086249,34.926395]],[[128.086391,34.926676],[128.086542,34.926623],[128.086422,34.926376],[128.086391,34.926676]],[[128.086161,34.926575],[128.086015,34.926642],[128.086153,34.926882],[128.086161,34.926575]],[[128.086739,34.926601],[128.086615,34.926341],[128.086445,34.926414],[128.086739,34.926601]],[[128.086111,34.926915],[128.085958,34.926672],[128.085845,34.926729],[128.086111,34.926915]],[[128.070137,34.926827],[128.070156,34.92686],[128.070733,34.92669],[128.070137,34.926827]],[[128.071287,34.926816],[128.071222,34.926818],[128.07125,34.927256],[128.071287,34.926816]],[[128.072521,34.926671],[128.072561,34.92663],[128.072255,34.926415],[128.072521,34.926671]],[[128.092918,34.924665],[128.093197,34.924674],[128.093473,34.924676],[128.093194,34.924633],[128.092918,34.924665]],[[128.071734,34.926973],[128.07167,34.926973],[128.071671,34.927271],[128.071734,34.926973]],[[128.065383,34.926151],[128.065411,34.925804],[128.065366,34.925805],[128.065383,34.926151]],[[128.067191,34.926271],[128.067136,34.926259],[128.067018,34.926585],[128.067191,34.926271]],[[128.087066,34.926493],[128.086985,34.926344],[128.086893,34.926378],[128.087066,34.926493]],[[128.0704,34.92437],[128.0705,34.924365],[128.070488,34.924201],[128.0704,34.92437]],[[128.08751,34.9263],[128.087431,34.92615],[128.08734,34.926182],[128.08751,34.9263]],[[128.077944,34.926972],[128.077943,34.926513],[128.07791,34.926513],[128.077944,34.926972]],[[128.097111,34.921559],[128.097113,34.92158],[128.097154,34.921516],[128.097111,34.921559]],[[128.077374,34.926981],[128.077406,34.926976],[128.077315,34.926619],[128.077374,34.926981]],[[128.056916,34.928458],[128.056914,34.928207],[128.05687,34.928207],[128.056916,34.928458]],[[128.064159,34.926122],[128.06433,34.926128],[128.064334,34.926068],[128.064159,34.926122]],[[128.07608,34.924463],[128.075946,34.924122],[128.075954,34.924284],[128.07608,34.924463]],[[128.077155,34.925227],[128.077197,34.925235],[128.077265,34.92502],[128.077155,34.925227]],[[128.092494,34.924538],[128.092509,34.924299],[128.092477,34.924299],[128.092494,34.924538]],[[128.077154,34.926072],[128.077473,34.925985],[128.077463,34.92596],[128.077154,34.926072]],[[128.080052,34.926297],[128.080214,34.926288],[128.08021,34.926235],[128.080052,34.926297]],[[128.092679,34.924207],[128.092681,34.924245],[128.092902,34.924239],[128.092679,34.924207]],[[128.078321,34.925793],[128.078326,34.925973],[128.078369,34.925972],[128.078321,34.925793]],[[128.07833,34.926052],[128.078332,34.926231],[128.078375,34.926231],[128.07833,34.926052]],[[128.070065,34.924376],[128.070115,34.924375],[128.070114,34.924241],[128.070065,34.924376]],[[128.093291,34.924205],[128.093398,34.924164],[128.093337,34.924112],[128.093291,34.924205]],[[128.070732,34.927085],[128.070696,34.927085],[128.070692,34.927255],[128.070732,34.927085]],[[128.080947,34.927819],[128.080915,34.927773],[128.080819,34.927818],[128.080947,34.927819]],[[128.078379,34.925554],[128.078336,34.925551],[128.078325,34.925686],[128.078379,34.925554]],[[128.069972,34.924349],[128.070015,34.924347],[128.070009,34.92424],[128.069972,34.924349]],[[128.072109,34.926928],[128.072084,34.926958],[128.072189,34.927018],[128.072109,34.926928]],[[128.057133,34.928803],[128.057143,34.928822],[128.057303,34.92877],[128.057133,34.928803]],[[128.079325,34.928239],[128.079434,34.928085],[128.079411,34.928075],[128.079325,34.928239]],[[128.070907,34.9243],[128.070949,34.924303],[128.070959,34.924197],[128.070907,34.9243]],[[128.079907,34.928267],[128.079934,34.928211],[128.079789,34.928272],[128.079907,34.928267]],[[128.089463,34.918559],[128.089443,34.918545],[128.089435,34.918612],[128.089463,34.918559]],[[128.093529,34.924106],[128.093554,34.924082],[128.093474,34.924023],[128.093529,34.924106]],[[128.07918,34.927287],[128.079185,34.927261],[128.079079,34.927248],[128.07918,34.927287]],[[128.077085,34.925327],[128.077081,34.925379],[128.077189,34.925386],[128.077191,34.925369],[128.077085,34.925327]],[[128.092935,34.924268],[128.092963,34.924271],[128.09298,34.92418],[128.092935,34.924268]],[[128.092259,34.919848],[128.092285,34.91987],[128.092289,34.919857],[128.092259,34.919848]],[[128.066537,34.911922],[128.066604,34.911931],[128.066607,34.911869],[128.066537,34.911922]],[[128.095388,34.926114],[128.095438,34.926078],[128.095392,34.926062],[128.095388,34.926114]],[[128.087634,34.918591],[128.087597,34.918605],[128.087641,34.918646],[128.087634,34.918591]],[[128.098177,34.920507],[128.098116,34.920524],[128.098135,34.920538],[128.098177,34.920507]],[[128.078056,34.922495],[128.078071,34.922496],[128.078054,34.922483],[128.078056,34.922495]],[[128.078161,34.92248],[128.078245,34.922395],[128.078126,34.922387],[128.078161,34.92248]],[[128.078964,34.923784],[128.078961,34.923794],[128.078987,34.923794],[128.078964,34.923784]],[[128.079092,34.92373],[128.079076,34.923721],[128.079069,34.92373],[128.079092,34.92373]],[[128.083612,34.907686],[128.083629,34.90768],[128.083609,34.907672],[128.083612,34.907686]],[[128.090551,34.920963],[128.090493,34.92087],[128.090465,34.920938],[128.090551,34.920963]],[[128.099257,34.921008],[128.099227,34.920999],[128.099224,34.921008],[128.099257,34.921008]],[[128.09953,34.922213],[128.099506,34.922231],[128.099551,34.92224],[128.09953,34.922213]],[[128.058431,34.92254],[128.05842,34.922544],[128.058428,34.922562],[128.058431,34.92254]],[[128.058502,34.92258],[128.058491,34.922594],[128.058522,34.922593],[128.058502,34.92258]],[[128.078006,34.922542],[128.078019,34.92254],[128.07801,34.922478],[128.078006,34.922542]],[[128.101759,34.914238],[128.101741,34.914213],[128.101722,34.914228],[128.101759,34.914238]]]},"properties":{"id":"khoa-hrbare-50016","name":"삼천포항","englishName":"SAMCHEONPO HANG","harborTypeCode":"GBN284","relatedInstitutionCode":"1192136","statusCode":null,"minimumScale":17999.0,"source":"국립해양조사원(KHOA)","sourceUpdatedAt":"2025-08-11","sourceRaw":"{\"gid\":16,\"objnum\":\"50016\",\"pbinst\":\"1192136\",\"indcde_1\":\"\",\"indcde_2\":\"ENW018\",\"indcde_3\":\"CLW020\",\"mnymd\":\"20241130\",\"clfcde\":\"COD007\",\"enclev\":\"6\",\"enc_no\":\"KR688D84\",\"gubun\":\"GBN284\",\"nobjnm\":\"삼천포항\",\"objnam\":\"SAMCHEONPO HANG\",\"status\":\"\",\"inform\":\"\",\"ninfom\":\"\",\"ntxtds\":\"\",\"scamin\":17999,\"txtdsc\":\"\",\"sordat\":\"\",\"sorind\":\"\"}"}},{"type":"Feature","id":"khoa-hrbare-50017","geometry":{"type":"Polygon","coordinates":[[[126.559765,33.237348],[126.557823,33.239516],[126.555319,33.239022],[126.554914,33.236339],[126.561025,33.231061],[126.566858,33.231061],[126.572692,33.235506],[126.566412,33.240693],[126.570773,33.235974],[126.570747,33.235578],[126.567389,33.232833],[126.567834,33.233325],[126.567499,33.233656],[126.570201,33.235724],[126.56923,33.236684],[126.567345,33.235342],[126.566726,33.235962],[126.568443,33.237188],[126.567397,33.238217],[126.565597,33.237626],[126.564718,33.237964],[126.564063,33.239182],[126.563793,33.23928],[126.561773,33.239854],[126.561146,33.239337],[126.561684,33.239912],[126.560897,33.240671],[126.561022,33.242025],[126.560525,33.242036],[126.560633,33.242224],[126.560683,33.242241],[126.561039,33.242078],[126.561538,33.242482],[126.561772,33.24306],[126.561363,33.243229],[126.560766,33.242364],[126.561268,33.243193],[126.56047,33.24319],[126.559241,33.240994],[126.558817,33.23879],[126.559765,33.237348]],[[126.558696,33.23625],[126.558745,33.236645],[126.560364,33.237558],[126.562978,33.238334],[126.562913,33.237971],[126.564242,33.236883],[126.564025,33.235682],[126.564362,33.235003],[126.562129,33.234465],[126.559447,33.236414],[126.558696,33.23625]],[[126.56569,33.231776],[126.56523,33.231746],[126.565197,33.232156],[126.565663,33.232179],[126.56569,33.231776]],[[126.555593,33.238703],[126.55557,33.238683],[126.555554,33.238701],[126.555593,33.238703]],[[126.555467,33.238714],[126.555499,33.238714],[126.555505,33.238676],[126.555467,33.238714]],[[126.557269,33.239176],[126.557288,33.239213],[126.557321,33.239193],[126.557269,33.239176]],[[126.557093,33.239103],[126.557114,33.239139],[126.557151,33.239121],[126.557093,33.239103]],[[126.562482,33.239604],[126.562329,33.239471],[126.562349,33.239609],[126.562482,33.239604]],[[126.560492,33.240721],[126.560466,33.240759],[126.560744,33.240895],[126.560492,33.240721]],[[126.55964,33.239098],[126.559217,33.239164],[126.559248,33.2393],[126.55964,33.239098]],[[126.562948,33.239049],[126.562768,33.239098],[126.56292,33.239516],[126.562948,33.239049]]]},"properties":{"id":"khoa-hrbare-50017","name":"서귀포항","englishName":"SEOGWIPO HANG","harborTypeCode":"GBN284","relatedInstitutionCode":"1192136","statusCode":null,"minimumScale":17999.0,"source":"국립해양조사원(KHOA)","sourceUpdatedAt":"2025-08-11","sourceRaw":"{\"gid\":17,\"objnum\":\"50017\",\"pbinst\":\"1192136\",\"indcde_1\":\"\",\"indcde_2\":\"ENW029\",\"indcde_3\":\"CLW009\",\"mnymd\":\"20241130\",\"clfcde\":\"COD007\",\"enclev\":\"6\",\"enc_no\":\"KR688D84\",\"gubun\":\"GBN284\",\"nobjnm\":\"서귀포항\",\"objnam\":\"SEOGWIPO HANG\",\"status\":\"\",\"inform\":\"\",\"ninfom\":\"\",\"ntxtds\":\"\",\"scamin\":17999,\"txtdsc\":\"\",\"sordat\":\"\",\"sorind\":\"\"}"}},{"type":"Feature","id":"khoa-hrbare-50018","geometry":{"type":"Polygon","coordinates":[[[126.928143,33.468924],[126.928526,33.469655],[126.927536,33.470015],[126.928613,33.469821],[126.929707,33.47195],[126.928575,33.472939],[126.928884,33.473516],[126.93524,33.473574],[126.935242,33.47511],[126.935565,33.475108],[126.935029,33.471922],[126.93571,33.473621],[126.935648,33.478301],[126.935845,33.4783],[126.935717,33.473154],[126.939047,33.481036],[126.928491,33.481591],[126.922594,33.470512],[126.925086,33.472139],[126.924461,33.472907],[126.925351,33.473487],[126.925405,33.473428],[126.924581,33.472847],[126.925089,33.472323],[126.92707,33.473483],[126.927474,33.473983],[126.927597,33.475698],[126.92753,33.473858],[126.925449,33.47201],[126.925305,33.471358],[126.926114,33.471048],[126.925266,33.471179],[126.92466,33.469923],[126.925202,33.469741],[126.925252,33.46897],[126.928143,33.468924]],[[126.933987,33.473636],[126.933987,33.473846],[126.934073,33.473844],[126.933987,33.473636]],[[126.925169,33.470381],[126.924991,33.470428],[126.924999,33.47047],[126.925169,33.470381]],[[126.925053,33.470716],[126.925071,33.470756],[126.925169,33.470723],[126.925053,33.470716]],[[126.925312,33.469725],[126.925325,33.469714],[126.925257,33.469658],[126.925312,33.469725]],[[126.927494,33.477002],[126.927544,33.477026],[126.927564,33.477002],[126.927494,33.477002]],[[126.933866,33.477],[126.933845,33.476975],[126.933794,33.477001],[126.933866,33.477]]]},"properties":{"id":"khoa-hrbare-50018","name":"성산포항","englishName":"SEONGSANPO HANG","harborTypeCode":"GBN284","relatedInstitutionCode":"1192136","statusCode":null,"minimumScale":17999.0,"source":"국립해양조사원(KHOA)","sourceUpdatedAt":"2025-08-11","sourceRaw":"{\"gid\":18,\"objnum\":\"50018\",\"pbinst\":\"1192136\",\"indcde_1\":\"\",\"indcde_2\":\"\",\"indcde_3\":\"CLW008\",\"mnymd\":\"20241130\",\"clfcde\":\"COD007\",\"enclev\":\"6\",\"enc_no\":\"KR688D84\",\"gubun\":\"GBN284\",\"nobjnm\":\"성산포항\",\"objnam\":\"SEONGSANPO HANG\",\"status\":\"\",\"inform\":\"\",\"ninfom\":\"\",\"ntxtds\":\"\",\"scamin\":17999,\"txtdsc\":\"\",\"sordat\":\"\",\"sorind\":\"\"}"}},{"type":"Feature","id":"khoa-hrbare-50041","geometry":{"type":"Polygon","coordinates":[[[126.678848,34.304311],[126.678342,34.305345],[126.67938,34.305909],[126.679492,34.306764],[126.679587,34.305444],[126.680757,34.306076],[126.680118,34.306795],[126.680757,34.306147],[126.682687,34.306725],[126.681529,34.306825],[126.681524,34.307248],[126.682043,34.307453],[126.67622,34.316128],[126.675296,34.316174],[126.674645,34.315425],[126.675331,34.314789],[126.675914,34.314786],[126.675395,34.31467],[126.674157,34.315313],[126.67267,34.315084],[126.670973,34.31547],[126.669537,34.317157],[126.660732,34.31233],[126.670455,34.300112],[126.678848,34.304311]],[[126.679738,34.305673],[126.679662,34.305826],[126.679693,34.305834],[126.679738,34.305673]],[[126.679612,34.306012],[126.679646,34.30602],[126.67969,34.305843],[126.679612,34.306012]],[[126.679574,34.306246],[126.679641,34.306025],[126.679602,34.306017],[126.679574,34.306246]]]},"properties":{"id":"khoa-hrbare-50041","name":"화흥포항","englishName":"Hwaheungpo Hang","harborTypeCode":"GBN284","relatedInstitutionCode":"1192136","statusCode":null,"minimumScale":17999.0,"source":"국립해양조사원(KHOA)","sourceUpdatedAt":"2025-08-11","sourceRaw":"{\"gid\":41,\"objnum\":\"50041\",\"pbinst\":\"1192136\",\"indcde_1\":\"\",\"indcde_2\":\"ENW027\",\"indcde_3\":\"CLW006\",\"mnymd\":\"20241130\",\"clfcde\":\"COD007\",\"enclev\":\"6\",\"enc_no\":\"KR688D84\",\"gubun\":\"GBN284\",\"nobjnm\":\"화흥포항\",\"objnam\":\"Hwaheungpo Hang\",\"status\":\"\",\"inform\":\"\",\"ninfom\":\"\",\"ntxtds\":\"\",\"scamin\":17999,\"txtdsc\":\"\",\"sordat\":\"\",\"sorind\":\"\"}"}},{"type":"Feature","id":"khoa-hrbare-50024","geometry":{"type":"Polygon","coordinates":[[[129.05946,37.620362],[129.059482,37.622328],[129.059571,37.622327],[129.05961,37.620342],[129.059973,37.622861],[129.059837,37.618238],[129.061595,37.617673],[129.061684,37.617261],[129.062266,37.617862],[129.06211,37.617305],[129.061963,37.617222],[129.061945,37.616984],[129.06271,37.616135],[129.089375,37.616139],[129.089375,37.636136],[129.076755,37.636136],[129.051866,37.626563],[129.051921,37.626312],[129.051581,37.626582],[129.050256,37.626442],[129.050518,37.626124],[129.05135,37.626408],[129.053188,37.626078],[129.057764,37.626039],[129.064336,37.622874],[129.064218,37.622721],[129.057918,37.625843],[129.053921,37.625759],[129.054178,37.62136],[129.05946,37.620362]],[[129.061919,37.617908],[129.062157,37.617857],[129.062074,37.617835],[129.061919,37.617908]],[[129.062007,37.618007],[129.062021,37.618034],[129.062084,37.618008],[129.062007,37.618007]],[[129.062891,37.616719],[129.062899,37.616774],[129.062972,37.616736],[129.062891,37.616719]],[[129.062582,37.618016],[129.062575,37.617994],[129.062469,37.618042],[129.062582,37.618016]],[[129.062207,37.618269],[129.062447,37.618447],[129.062482,37.618402],[129.062207,37.618269]],[[129.054647,37.62574],[129.055272,37.62574],[129.055272,37.625585],[129.054647,37.62574]],[[129.062678,37.616467],[129.062586,37.616416],[129.062702,37.616605],[129.062678,37.616467]],[[129.062008,37.617058],[129.061961,37.617093],[129.06201,37.617158],[129.062008,37.617058]],[[129.062356,37.616801],[129.062318,37.616723],[129.062243,37.616774],[129.062356,37.616801]],[[129.062578,37.616625],[129.062545,37.616639],[129.0626,37.616686],[129.062578,37.616625]],[[129.062555,37.616544],[129.062516,37.616489],[129.062463,37.61653],[129.062555,37.616544]],[[129.062251,37.616911],[129.062139,37.6169],[129.062169,37.616923],[129.062251,37.616911]],[[129.062539,37.616921],[129.062592,37.61691],[129.062521,37.616881],[129.062539,37.616921]],[[129.062699,37.616731],[129.062619,37.616711],[129.062625,37.616734],[129.062699,37.616731]],[[129.062357,37.616887],[129.062425,37.616934],[129.062422,37.616908],[129.062357,37.616887]],[[129.062137,37.617148],[129.062188,37.617214],[129.062195,37.617196],[129.062137,37.617148]],[[129.062523,37.616602],[129.062578,37.616599],[129.062534,37.616562],[129.062523,37.616602]],[[129.061969,37.616994],[129.061956,37.617029],[129.062029,37.616942],[129.061969,37.616994]],[[129.062214,37.616844],[129.062141,37.616865],[129.062161,37.616872],[129.062214,37.616844]],[[129.062219,37.616796],[129.062191,37.616814],[129.062234,37.61682],[129.062219,37.616796]],[[129.061701,37.617824],[129.061716,37.617846],[129.061736,37.61781],[129.061701,37.617824]],[[129.062329,37.616861],[129.06229,37.616855],[129.062288,37.616868],[129.062329,37.616861]],[[129.061648,37.617833],[129.061671,37.61781],[129.061634,37.617817],[129.061648,37.617833]],[[129.062501,37.617619],[129.062487,37.617596],[129.062468,37.617603],[129.062501,37.617619]],[[129.062814,37.617302],[129.062826,37.617295],[129.062807,37.617281],[129.062814,37.617302]],[[129.061353,37.61785],[129.061351,37.617835],[129.061325,37.617848],[129.061353,37.61785]],[[129.062313,37.617091],[129.062328,37.617098],[129.062335,37.617091],[129.062313,37.617091]],[[129.062399,37.617512],[129.062387,37.617511],[129.062395,37.617532],[129.062399,37.617512]],[[129.062707,37.616791],[129.062708,37.616782],[129.062695,37.616782],[129.062707,37.616791]],[[129.062571,37.616338],[129.062567,37.616325],[129.062556,37.616327],[129.062571,37.616338]],[[129.062743,37.616667],[129.062733,37.616673],[129.062736,37.61668],[129.062743,37.616667]],[[129.062941,37.616636],[129.062925,37.616643],[129.062938,37.616645],[129.062941,37.616636]]]},"properties":{"id":"khoa-hrbare-50024","name":"옥계항","englishName":"OKGYE HANG","harborTypeCode":"GBN284","relatedInstitutionCode":"1192136","statusCode":null,"minimumScale":17999.0,"source":"국립해양조사원(KHOA)","sourceUpdatedAt":"2025-08-11","sourceRaw":"{\"gid\":24,\"objnum\":\"50024\",\"pbinst\":\"1192136\",\"indcde_1\":\"\",\"indcde_2\":\"ENW021\",\"indcde_3\":\"CLW015\",\"mnymd\":\"20241130\",\"clfcde\":\"COD007\",\"enclev\":\"6\",\"enc_no\":\"KR688D84\",\"gubun\":\"GBN284\",\"nobjnm\":\"옥계항\",\"objnam\":\"OKGYE HANG\",\"status\":\"\",\"inform\":\"\",\"ninfom\":\"\",\"ntxtds\":\"\",\"scamin\":17999,\"txtdsc\":\"\",\"sordat\":\"\",\"sorind\":\"\"}"}},{"type":"Feature","id":"khoa-hrbare-50025","geometry":{"type":"Polygon","coordinates":[[[128.716163,34.902943],[128.716059,34.902432],[128.71643,34.902545],[128.715865,34.901657],[128.716423,34.901326],[128.716926,34.901601],[128.717517,34.900983],[128.71727,34.900538],[128.716576,34.900655],[128.716813,34.900208],[128.715527,34.900683],[128.714879,34.900046],[128.717508,34.897011],[128.714944,34.899772],[128.712364,34.899301],[128.711391,34.899835],[128.710275,34.899801],[128.70975,34.898964],[128.709077,34.898717],[128.708461,34.899531],[128.707885,34.899579],[128.706872,34.898863],[128.706745,34.897866],[128.706173,34.897686],[128.706207,34.896793],[128.704888,34.896104],[128.704922,34.895761],[128.705772,34.895326],[128.704812,34.894918],[128.703907,34.893312],[128.70469,34.892541],[128.704686,34.891353],[128.70274,34.891958],[128.701281,34.890833],[128.701181,34.890228],[128.700397,34.890161],[128.70022,34.889628],[128.698964,34.890037],[128.69913,34.890605],[128.698213,34.890636],[128.699144,34.890698],[128.699172,34.891244],[128.696675,34.891317],[128.696523,34.890844],[128.697713,34.890631],[128.696847,34.890694],[128.696486,34.889597],[128.696106,34.889543],[128.697883,34.886018],[128.697977,34.88528],[128.697256,34.88392],[128.698618,34.883438],[128.701483,34.886339],[128.701315,34.886707],[128.70162,34.8868],[128.701861,34.886278],[128.69701,34.881494],[128.696561,34.880126],[128.69762,34.879895],[128.698622,34.880835],[128.698797,34.880485],[128.698128,34.87981],[128.699984,34.878564],[128.70288,34.881506],[128.702504,34.881755],[128.702789,34.882038],[128.703474,34.881772],[128.702921,34.882161],[128.705325,34.884629],[128.705908,34.885155],[128.706657,34.884627],[128.697891,34.876155],[128.698472,34.875758],[128.697635,34.874909],[128.698747,34.874167],[128.701342,34.876795],[128.701905,34.877039],[128.702367,34.876726],[128.704777,34.87941],[128.705538,34.878926],[128.705763,34.879163],[128.705194,34.879536],[128.708167,34.882561],[128.708907,34.882078],[128.705738,34.878984],[128.705357,34.878191],[128.706225,34.877744],[128.706621,34.878148],[128.707338,34.877906],[128.708364,34.87702],[128.711143,34.879771],[128.71178,34.879344],[128.709317,34.876857],[128.708723,34.877248],[128.708497,34.876929],[128.709034,34.876546],[128.704658,34.872427],[128.707995,34.870494],[128.708197,34.869902],[128.709168,34.869962],[128.709269,34.869205],[128.709847,34.868829],[128.718567,34.877676],[128.717721,34.878382],[128.716887,34.880435],[128.721434,34.88497],[128.721893,34.885024],[128.721746,34.885268],[128.722193,34.8853],[128.721958,34.885469],[128.722646,34.886117],[128.722871,34.885955],[128.723881,34.886913],[128.717894,34.890973],[128.718102,34.891182],[128.723285,34.887707],[128.724701,34.889067],[128.719479,34.894804],[128.719592,34.894791],[128.725964,34.887829],[128.729551,34.888612],[128.731605,34.891247],[128.73212,34.891625],[128.732718,34.891481],[128.716163,34.902943]],[[128.705242,34.890988],[128.705592,34.890702],[128.705338,34.890787],[128.705242,34.890988]],[[128.705366,34.89097],[128.705361,34.890988],[128.705425,34.89096],[128.705366,34.89097]],[[128.698764,34.880851],[128.69865,34.880926],[128.698741,34.881019],[128.698764,34.880851]],[[128.699199,34.881293],[128.699108,34.881201],[128.698995,34.881276],[128.699199,34.881293]],[[128.699438,34.881689],[128.699507,34.881643],[128.699455,34.881592],[128.699438,34.881689]],[[128.715048,34.878067],[128.715159,34.878177],[128.715316,34.878067],[128.715048,34.878067]],[[128.704733,34.891077],[128.704527,34.891183],[128.704587,34.891229],[128.704733,34.891077]],[[128.715724,34.878764],[128.715806,34.878849],[128.715974,34.878734],[128.715724,34.878764]],[[128.716014,34.879059],[128.716096,34.879141],[128.716265,34.879028],[128.716014,34.879059]],[[128.715406,34.878428],[128.715483,34.878509],[128.715644,34.878402],[128.715406,34.878428]],[[128.706953,34.897963],[128.706856,34.897976],[128.706894,34.898109],[128.706953,34.897963]],[[128.714219,34.877085],[128.714206,34.87719],[128.714325,34.877202],[128.714219,34.877085]],[[128.724464,34.888931],[128.724266,34.888725],[128.724397,34.888912],[128.724464,34.888931]],[[128.716765,34.879561],[128.716709,34.879503],[128.716574,34.879595],[128.716765,34.879561]],[[128.714547,34.877531],[128.714683,34.87744],[128.714627,34.877385],[128.714547,34.877531]],[[128.705045,34.891756],[128.70498,34.891723],[128.704941,34.891733],[128.705045,34.891756]],[[128.705495,34.891348],[128.705525,34.891286],[128.705485,34.891262],[128.705495,34.891348]],[[128.711754,34.899485],[128.711754,34.899466],[128.711626,34.899479],[128.711754,34.899485]],[[128.7053,34.895656],[128.705297,34.895675],[128.705384,34.895662],[128.7053,34.895656]],[[128.706729,34.897717],[128.70678,34.897718],[128.706788,34.897693],[128.706729,34.897717]],[[128.705221,34.896246],[128.70525,34.89622],[128.705222,34.896195],[128.705221,34.896246]],[[128.704834,34.89469],[128.704837,34.894648],[128.704814,34.894653],[128.704834,34.89469]],[[128.701855,34.891207],[128.701912,34.891204],[128.701887,34.891175],[128.701855,34.891207]],[[128.706318,34.897672],[128.706345,34.897671],[128.706349,34.897648],[128.706318,34.897672]],[[128.731496,34.891237],[128.731491,34.891258],[128.731504,34.891265],[128.731496,34.891237]],[[128.698677,34.891218],[128.698734,34.891218],[128.698735,34.891131],[128.698677,34.891218]],[[128.698913,34.890315],[128.699027,34.890308],[128.699024,34.890266],[128.698913,34.890315]],[[128.698034,34.89112],[128.698039,34.891214],[128.69809,34.891213],[128.698034,34.89112]],[[128.698513,34.891202],[128.698562,34.891195],[128.69855,34.891125],[128.698513,34.891202]],[[128.697523,34.891183],[128.697523,34.891264],[128.697561,34.891264],[128.697523,34.891183]],[[128.69769,34.891176],[128.697689,34.891257],[128.697727,34.891257],[128.69769,34.891176]],[[128.698402,34.891209],[128.698403,34.891147],[128.698364,34.891148],[128.698402,34.891209]],[[128.698324,34.891147],[128.698285,34.891147],[128.698286,34.891201],[128.698324,34.891147]],[[128.697935,34.891159],[128.69794,34.891212],[128.697967,34.89121],[128.697935,34.891159]],[[128.697836,34.89117],[128.697835,34.891224],[128.697854,34.891224],[128.697836,34.89117]],[[128.717584,34.900731],[128.71754,34.900735],[128.717549,34.90079],[128.717584,34.900731]],[[128.717123,34.901775],[128.717121,34.901744],[128.717063,34.901764],[128.717123,34.901775]],[[128.715209,34.900212],[128.715209,34.900242],[128.715247,34.900236],[128.715209,34.900212]],[[128.715685,34.900411],[128.715786,34.900455],[128.71579,34.900391],[128.715685,34.900411]],[[128.717517,34.901666],[128.717639,34.901576],[128.717554,34.901491],[128.717517,34.901666]]]},"properties":{"id":"khoa-hrbare-50025","name":"옥포항","englishName":"OKPO HANG","harborTypeCode":"GBN284","relatedInstitutionCode":"1192136","statusCode":null,"minimumScale":17999.0,"source":"국립해양조사원(KHOA)","sourceUpdatedAt":"2025-08-11","sourceRaw":"{\"gid\":25,\"objnum\":\"50025\",\"pbinst\":\"1192136\",\"indcde_1\":\"\",\"indcde_2\":\"ENW024\",\"indcde_3\":\"CLW021\",\"mnymd\":\"20241130\",\"clfcde\":\"COD007\",\"enclev\":\"6\",\"enc_no\":\"KR688D84\",\"gubun\":\"GBN284\",\"nobjnm\":\"옥포항\",\"objnam\":\"OKPO HANG\",\"status\":\"\",\"inform\":\"\",\"ninfom\":\"\",\"ntxtds\":\"\",\"scamin\":17999,\"txtdsc\":\"\",\"sordat\":\"\",\"sorind\":\"\"}"}},{"type":"Feature","id":"khoa-hrbare-50020","geometry":{"type":"MultiPolygon","coordinates":[[[[128.614135,38.197371],[128.613485,38.19733],[128.612334,38.198364],[128.614067,38.198963],[128.602103,38.211432],[128.601747,38.211211],[128.602916,38.207467],[128.602505,38.205473],[128.603101,38.20343],[128.602195,38.20541],[128.60273,38.207546],[128.601785,38.210294],[128.601041,38.210294],[128.600979,38.210575],[128.601487,38.210873],[128.601391,38.211336],[128.600239,38.211368],[128.600585,38.210584],[128.594507,38.210667],[128.594518,38.206897],[128.592211,38.203996],[128.592577,38.202302],[128.592323,38.201408],[128.585859,38.200187],[128.583535,38.199381],[128.584382,38.198535],[128.583616,38.198183],[128.583787,38.197916],[128.583107,38.197341],[128.583896,38.196784],[128.583,38.197248],[128.583145,38.194621],[128.582824,38.194481],[128.583065,38.193751],[128.583779,38.193955],[128.583336,38.193697],[128.5844,38.193229],[128.582988,38.193367],[128.583053,38.192928],[128.583873,38.192589],[128.583412,38.19207],[128.590608,38.192397],[128.591735,38.192333],[128.5918,38.191701],[128.592862,38.191608],[128.593013,38.191614],[128.59349,38.191701],[128.593538,38.192227],[128.593484,38.197911],[128.593141,38.197913],[128.593481,38.198016],[128.593465,38.200574],[128.595106,38.201005],[128.596783,38.201153],[128.597024,38.200908],[128.597701,38.201249],[128.597831,38.201867],[128.597883,38.201288],[128.60061,38.202038],[128.597233,38.200876],[128.597083,38.198912],[128.597499,38.197891],[128.601845,38.193076],[128.614135,38.197371]],[[128.593465,38.201541],[128.593001,38.203673],[128.594841,38.205832],[128.596122,38.20685],[128.599529,38.206545],[128.599402,38.205688],[128.59978,38.205444],[128.595415,38.205783],[128.595076,38.202922],[128.595889,38.202339],[128.593465,38.201541]],[[128.593154,38.191654],[128.592873,38.191916],[128.593394,38.191907],[128.593389,38.191839],[128.593188,38.19182],[128.593187,38.191713],[128.59349,38.191726],[128.593154,38.191654]],[[128.587842,38.192547],[128.587791,38.193389],[128.588217,38.193366],[128.587842,38.192547]],[[128.590123,38.192628],[128.589951,38.192452],[128.589003,38.192475],[128.589769,38.192656],[128.590123,38.192628]],[[128.593224,38.198274],[128.593456,38.198258],[128.593454,38.198213],[128.593449,38.198162],[128.593216,38.198172],[128.593405,38.19819],[128.593224,38.198274]],[[128.591818,38.192207],[128.591858,38.192289],[128.59186,38.19187],[128.591818,38.192207]],[[128.613054,38.197352],[128.61305,38.197431],[128.613118,38.197402],[128.613054,38.197352]],[[128.613448,38.197246],[128.613464,38.19722],[128.613431,38.197213],[128.613448,38.197246]],[[128.613106,38.197594],[128.61307,38.197594],[128.613075,38.197616],[128.613106,38.197594]],[[128.584083,38.193102],[128.584538,38.193104],[128.584525,38.193064],[128.584083,38.193102]]],[[[128.614321,38.198667],[128.614378,38.198649],[128.614349,38.198678],[128.614321,38.198667]]]]},"properties":{"id":"khoa-hrbare-50020","name":"속초항","englishName":"SOKCHO HANG","harborTypeCode":"GBN284","relatedInstitutionCode":"1192136","statusCode":null,"minimumScale":17999.0,"source":"국립해양조사원(KHOA)","sourceUpdatedAt":"2025-08-11","sourceRaw":"{\"gid\":20,\"objnum\":\"50020\",\"pbinst\":\"1192136\",\"indcde_1\":\"BCH052\",\"indcde_2\":\"ENW020\",\"indcde_3\":\"CLW016\",\"mnymd\":\"20241130\",\"clfcde\":\"COD007\",\"enclev\":\"6\",\"enc_no\":\"KR688D84\",\"gubun\":\"GBN284\",\"nobjnm\":\"속초항\",\"objnam\":\"SOKCHO HANG\",\"status\":\"\",\"inform\":\"\",\"ninfom\":\"\",\"ntxtds\":\"\",\"scamin\":17999,\"txtdsc\":\"\",\"sordat\":\"\",\"sorind\":\"\"}"}},{"type":"Feature","id":"khoa-hrbare-50021","geometry":{"type":"Polygon","coordinates":[[[126.215211,34.84969],[126.215211,34.839214],[126.247986,34.839214],[126.247986,34.844159],[126.247052,34.845478],[126.245271,34.846141],[126.24358,34.846196],[126.240792,34.847945],[126.238093,34.848473],[126.231186,34.848901],[126.230207,34.847986],[126.228871,34.848156],[126.22714,34.847563],[126.226305,34.848333],[126.221898,34.848815],[126.220759,34.848062],[126.218942,34.847541],[126.216153,34.848809],[126.216026,34.849605],[126.215211,34.84969]]]},"properties":{"id":"khoa-hrbare-50021","name":"송공항","englishName":"SONGGONG HANG","harborTypeCode":"GBN284","relatedInstitutionCode":"1192136","statusCode":null,"minimumScale":17999.0,"source":"국립해양조사원(KHOA)","sourceUpdatedAt":"2025-08-11","sourceRaw":"{\"gid\":21,\"objnum\":\"50021\",\"pbinst\":\"1192136\",\"indcde_1\":\"\",\"indcde_2\":\"ENW007\",\"indcde_3\":\"CLW005\",\"mnymd\":\"20241130\",\"clfcde\":\"COD007\",\"enclev\":\"6\",\"enc_no\":\"KR688D84\",\"gubun\":\"GBN284\",\"nobjnm\":\"송공항\",\"objnam\":\"SONGGONG HANG\",\"status\":\"\",\"inform\":\"\",\"ninfom\":\"\",\"ntxtds\":\"\",\"scamin\":17999,\"txtdsc\":\"\",\"sordat\":\"\",\"sorind\":\"\"}"}},{"type":"Feature","id":"khoa-hrbare-50022","geometry":{"type":"Polygon","coordinates":[[[126.202995,35.043598],[126.201733,35.047546],[126.20058,35.046609],[126.201711,35.041885],[126.204223,35.041733],[126.203395,35.042342],[126.203602,35.042986],[126.202682,35.043466],[126.202995,35.043598]],[[126.202934,35.042127],[126.203004,35.042071],[126.202935,35.042068],[126.202934,35.042127]],[[126.202149,35.045338],[126.201827,35.045268],[126.201822,35.045303],[126.202149,35.045338]],[[126.20218,35.044787],[126.20195,35.044791],[126.202164,35.044839],[126.20218,35.044787]],[[126.202556,35.044847],[126.202184,35.044876],[126.202517,35.044959],[126.202556,35.044847]],[[126.202566,35.044359],[126.202563,35.04437],[126.202563,35.04437],[126.202566,35.044359]]]},"properties":{"id":"khoa-hrbare-50022","name":"송도항","englishName":"Songdo Hang","harborTypeCode":"GBN284","relatedInstitutionCode":"1192136","statusCode":null,"minimumScale":17999.0,"source":"국립해양조사원(KHOA)","sourceUpdatedAt":"2025-08-11","sourceRaw":"{\"gid\":22,\"objnum\":\"50022\",\"pbinst\":\"1192136\",\"indcde_1\":\"\",\"indcde_2\":\"\",\"indcde_3\":\"CLW005\",\"mnymd\":\"20241130\",\"clfcde\":\"COD007\",\"enclev\":\"6\",\"enc_no\":\"KR688D84\",\"gubun\":\"GBN284\",\"nobjnm\":\"송도항\",\"objnam\":\"Songdo Hang\",\"status\":\"\",\"inform\":\"\",\"ninfom\":\"\",\"ntxtds\":\"\",\"scamin\":17999,\"txtdsc\":\"\",\"sordat\":\"\",\"sorind\":\"\"}"}},{"type":"Feature","id":"khoa-hrbare-50042","geometry":{"type":"Polygon","coordinates":[[[126.597726,37.550277],[126.603853,37.552304],[126.606211,37.55334],[126.606878,37.554177],[126.607005,37.55447],[126.602211,37.558043],[126.60183,37.557925],[126.601931,37.558443],[126.600953,37.558602],[126.601022,37.559111],[126.601911,37.559665],[126.601104,37.561501],[126.594534,37.56148],[126.594454,37.563247],[126.592102,37.563594],[126.59019,37.562437],[126.597726,37.550277]],[[126.600528,37.561366],[126.600886,37.561277],[126.600889,37.561012],[126.600528,37.561366]]]},"properties":{"id":"khoa-hrbare-50042","name":"경인항","englishName":"GYEONGIN HANG","harborTypeCode":"GBN284","relatedInstitutionCode":"1192136","statusCode":null,"minimumScale":17999.0,"source":"국립해양조사원(KHOA)","sourceUpdatedAt":"2025-08-11","sourceRaw":"{\"gid\":42,\"objnum\":\"50042\",\"pbinst\":\"1192136\",\"indcde_1\":\"\",\"indcde_2\":\"ENW012\",\"indcde_3\":\"\",\"mnymd\":\"20241130\",\"clfcde\":\"COD007\",\"enclev\":\"6\",\"enc_no\":\"KR688D84\",\"gubun\":\"GBN284\",\"nobjnm\":\"경인항\",\"objnam\":\"GYEONGIN HANG\",\"status\":\"\",\"inform\":\"\",\"ninfom\":\"\",\"ntxtds\":\"\",\"scamin\":17999,\"txtdsc\":\"\",\"sordat\":\"\",\"sorind\":\"\"}"}},{"type":"Feature","id":"khoa-hrbare-50049","geometry":{"type":"MultiPolygon","coordinates":[[[[127.738339,34.732685],[127.738061,34.733109],[127.738272,34.732898],[127.739793,34.733783],[127.739573,34.733447],[127.74001,34.733432],[127.739848,34.733982],[127.740016,34.733865],[127.74004,34.733591],[127.744364,34.733472],[127.743985,34.733188],[127.744469,34.733122],[127.744402,34.733723],[127.744588,34.733508],[127.744648,34.732843],[127.745216,34.732719],[127.765176,34.743132],[127.763683,34.743472],[127.762773,34.744401],[127.755761,34.741129],[127.755971,34.740805],[127.755263,34.739886],[127.756239,34.738558],[127.75451,34.738726],[127.753417,34.73769],[127.75074,34.736344],[127.750692,34.735965],[127.75025,34.735967],[127.750607,34.736327],[127.749969,34.736023],[127.749549,34.736301],[127.749425,34.736002],[127.747011,34.736387],[127.748099,34.736474],[127.748085,34.736866],[127.745609,34.737933],[127.744647,34.737882],[127.742145,34.736837],[127.738611,34.737373],[127.737652,34.738468],[127.732963,34.738974],[127.733093,34.7379],[127.733833,34.737796],[127.73331,34.737835],[127.733574,34.737341],[127.733037,34.734748],[127.732603,34.734741],[127.731922,34.733474],[127.732755,34.730346],[127.736596,34.730549],[127.738339,34.732685]],[[127.75638,34.741209],[127.756439,34.741113],[127.756397,34.741093],[127.75638,34.741209]],[[127.735549,34.732497],[127.734797,34.732882],[127.735085,34.733597],[127.736797,34.733698],[127.736774,34.732743],[127.735549,34.732497]],[[127.756068,34.740798],[127.756276,34.74073],[127.756253,34.74069],[127.756068,34.740798]]],[[[127.750741,34.744945],[127.75265,34.743646],[127.756932,34.743022],[127.756819,34.742496],[127.755269,34.74251],[127.75512,34.741563],[127.755774,34.741311],[127.760048,34.743294],[127.760906,34.744118],[127.763337,34.744867],[127.764569,34.744705],[127.765944,34.745787],[127.766037,34.747171],[127.767547,34.750862],[127.766579,34.752771],[127.767684,34.750844],[127.766207,34.747185],[127.766504,34.746646],[127.767081,34.74654],[127.766831,34.746448],[127.768809,34.745744],[127.768075,34.745519],[127.76913,34.745187],[127.777411,34.756965],[127.754083,34.76256],[127.754228,34.761832],[127.761671,34.758732],[127.762367,34.753656],[127.762109,34.753655],[127.761314,34.758517],[127.755566,34.760937],[127.752339,34.755931],[127.757186,34.752816],[127.757015,34.752351],[127.757375,34.752126],[127.76109,34.751135],[127.757918,34.751894],[127.757113,34.751072],[127.752799,34.753827],[127.749375,34.750567],[127.749024,34.749714],[127.749942,34.749185],[127.750667,34.750019],[127.750789,34.748999],[127.751261,34.748787],[127.750765,34.748854],[127.750381,34.74777],[127.751406,34.747446],[127.751603,34.746232],[127.752357,34.746405],[127.752618,34.745596],[127.750932,34.745222],[127.750741,34.744945]],[[127.756726,34.742172],[127.756766,34.742168],[127.756688,34.741805],[127.756726,34.742172]],[[127.755756,34.741642],[127.755235,34.741826],[127.755332,34.742427],[127.755281,34.741845],[127.755756,34.741642]],[[127.755424,34.743698],[127.75559,34.743677],[127.75553,34.743323],[127.755424,34.743698]],[[127.765306,34.746488],[127.765567,34.74624],[127.765456,34.746157],[127.765306,34.746488]],[[127.751389,34.744746],[127.750998,34.745013],[127.751171,34.745191],[127.75127,34.745054],[127.751092,34.744977],[127.751296,34.744838],[127.751427,34.745046],[127.751389,34.744746]],[[127.765492,34.746167],[127.76554,34.746206],[127.765698,34.746069],[127.765492,34.746167]],[[127.765694,34.745861],[127.765518,34.745756],[127.765485,34.745793],[127.765694,34.745861]],[[127.76534,34.745637],[127.76531,34.745667],[127.765467,34.745784],[127.76534,34.745637]],[[127.752945,34.75307],[127.752454,34.753386],[127.752655,34.753599],[127.75328,34.753426],[127.752945,34.75307]],[[127.75101,34.750819],[127.750894,34.750689],[127.750186,34.751119],[127.75101,34.750819]],[[127.755313,34.758381],[127.754928,34.75855],[127.755005,34.75867],[127.755313,34.758381]],[[127.75487,34.758576],[127.754485,34.758746],[127.754562,34.758865],[127.75487,34.758576]],[[127.756426,34.759219],[127.756348,34.759099],[127.755963,34.759269],[127.756426,34.759219]],[[127.75397,34.757951],[127.754355,34.757781],[127.754278,34.757662],[127.75397,34.757951]],[[127.755597,34.759584],[127.755983,34.759414],[127.755905,34.759295],[127.755597,34.759584]],[[127.754721,34.757467],[127.754336,34.757637],[127.754413,34.757756],[127.754721,34.757467]],[[127.755833,34.758304],[127.755756,34.758185],[127.755371,34.758355],[127.755833,34.758304]],[[127.755154,34.759779],[127.755539,34.75961],[127.755462,34.75949],[127.755154,34.759779]],[[127.755241,34.75739],[127.755164,34.757271],[127.754779,34.757441],[127.755241,34.75739]],[[127.754773,34.755061],[127.754889,34.754986],[127.754655,34.754737],[127.754773,34.755061]],[[127.755812,34.754715],[127.755933,34.754637],[127.755732,34.754424],[127.755812,34.754715]],[[127.754992,34.755297],[127.755112,34.75522],[127.754912,34.755006],[127.754992,34.755297]],[[127.755391,34.754266],[127.755592,34.754479],[127.755712,34.754402],[127.755391,34.754266]]]]},"properties":{"id":"khoa-hrbare-50049","name":"여수항","englishName":"YEOSU HANG","harborTypeCode":"GBN284","relatedInstitutionCode":"1192136","statusCode":null,"minimumScale":17999.0,"source":"국립해양조사원(KHOA)","sourceUpdatedAt":"2025-08-11","sourceRaw":"{\"gid\":49,\"objnum\":\"50049\",\"pbinst\":\"1192136\",\"indcde_1\":\"\",\"indcde_2\":\"ENW003\",\"indcde_3\":\"CLW019\",\"mnymd\":\"20241130\",\"clfcde\":\"COD007\",\"enclev\":\"6\",\"enc_no\":\"KR688D84\",\"gubun\":\"GBN284\",\"nobjnm\":\"여수항\",\"objnam\":\"YEOSU HANG\",\"status\":\"\",\"inform\":\"\",\"ninfom\":\"\",\"ntxtds\":\"\",\"scamin\":17999,\"txtdsc\":\"\",\"sordat\":\"\",\"sorind\":\"\"}"}},{"type":"Feature","id":"khoa-hrbare-50050","geometry":{"type":"MultiPolygon","coordinates":[[[[125.703346,37.656886],[125.709344,37.655007],[125.70973,37.655016],[125.709765,37.655393],[125.712196,37.65555],[125.712658,37.655869],[125.711892,37.656283],[125.71297,37.655734],[125.713572,37.656492],[125.712841,37.655422],[125.713797,37.655378],[125.712742,37.655276],[125.712237,37.654537],[125.712617,37.653478],[125.711613,37.652606],[125.715905,37.653964],[125.71322,37.661587],[125.712928,37.658305],[125.714258,37.657742],[125.712854,37.658061],[125.712857,37.658953],[125.71067,37.658991],[125.71008,37.659303],[125.710111,37.661266],[125.710663,37.662153],[125.712321,37.662219],[125.711766,37.663267],[125.710337,37.664048],[125.709148,37.665452],[125.706292,37.664116],[125.706131,37.663675],[125.706797,37.663574],[125.706485,37.663422],[125.706828,37.663165],[125.702905,37.659827],[125.701197,37.659642],[125.701692,37.659536],[125.70114,37.659516],[125.701045,37.659141],[125.701923,37.658919],[125.701223,37.659041],[125.70103,37.658686],[125.703346,37.656886]]],[[[125.711658,37.663433],[125.711928,37.663161],[125.712944,37.661413],[125.711861,37.663472],[125.710245,37.664276],[125.709255,37.665484],[125.710284,37.664171],[125.710739,37.663851],[125.711658,37.663433]]],[[[125.713147,37.661727],[125.713173,37.661722],[125.713166,37.661742],[125.713147,37.661727]]]]},"properties":{"id":"khoa-hrbare-50050","name":"연평도항","englishName":"Yeonpyeongdo Hang","harborTypeCode":"GBN284","relatedInstitutionCode":"1192136","statusCode":null,"minimumScale":17999.0,"source":"국립해양조사원(KHOA)","sourceUpdatedAt":"2025-08-11","sourceRaw":"{\"gid\":50,\"objnum\":\"50050\",\"pbinst\":\"1192136\",\"indcde_1\":\"\",\"indcde_2\":\"\",\"indcde_3\":\"\",\"mnymd\":\"20241130\",\"clfcde\":\"COD007\",\"enclev\":\"6\",\"enc_no\":\"KR688D84\",\"gubun\":\"GBN284\",\"nobjnm\":\"연평도항\",\"objnam\":\"Yeonpyeongdo Hang\",\"status\":\"\",\"inform\":\"\",\"ninfom\":\"\",\"ntxtds\":\"\",\"scamin\":17999,\"txtdsc\":\"\",\"sordat\":\"\",\"sorind\":\"\"}"}},{"type":"Feature","id":"khoa-hrbare-50051","geometry":{"type":"MultiPolygon","coordinates":[[[[129.434451,35.500246],[129.434079,35.500415],[129.43344,35.5],[129.43473,35.49997],[129.434723,35.499981],[129.434698,35.500018],[129.434677,35.500045],[129.43462,35.500108],[129.434451,35.500246]]],[[[129.438675,35.500436],[129.43724,35.50024],[129.436985,35.500093],[129.441204,35.498952],[129.441152,35.498715],[129.445161,35.498386],[129.449381,35.498537],[129.453851,35.499448],[129.457669,35.500928],[129.461067,35.502984],[129.464151,35.505784],[129.466296,35.508762],[129.467701,35.51199],[129.468335,35.515435],[129.468135,35.518976],[129.467094,35.522413],[129.465357,35.52547],[129.46272,35.528426],[129.459407,35.530886],[129.455684,35.532699],[129.451673,35.533868],[129.45403,35.526025],[129.451432,35.527966],[129.450405,35.528232],[129.44965,35.527885],[129.448571,35.528913],[129.447551,35.528935],[129.446754,35.529392],[129.446438,35.529029],[129.438735,35.5286],[129.438806,35.519436],[129.439746,35.51944],[129.439732,35.521437],[129.439841,35.520539],[129.440227,35.52227],[129.445972,35.522345],[129.446761,35.524146],[129.443619,35.525291],[129.443787,35.525607],[129.446989,35.524451],[129.447635,35.526083],[129.448176,35.525938],[129.448149,35.525257],[129.448662,35.524758],[129.450437,35.524686],[129.447122,35.51807],[129.447038,35.515775],[129.446262,35.514793],[129.445252,35.511129],[129.447828,35.509088],[129.448489,35.507673],[129.44764,35.509028],[129.442731,35.509585],[129.441772,35.508871],[129.441517,35.511005],[129.441085,35.510771],[129.439799,35.511153],[129.435015,35.510927],[129.434901,35.511378],[129.433194,35.511362],[129.432817,35.51098],[129.43202,35.505349],[129.433735,35.504195],[129.43732,35.506701],[129.441101,35.506985],[129.441589,35.507733],[129.442177,35.50658],[129.443197,35.505776],[129.443327,35.502483],[129.442552,35.501362],[129.439745,35.501071],[129.439363,35.500726],[129.439273,35.500295],[129.438675,35.500436]],[[129.440039,35.500575],[129.440039,35.500575],[129.440039,35.500575],[129.440039,35.500575]],[[129.438312,35.500064],[129.43833,35.500035],[129.438234,35.500014],[129.438312,35.500064]],[[129.438732,35.500166],[129.438771,35.500125],[129.438686,35.500076],[129.438732,35.500166]],[[129.4397,35.500208],[129.439672,35.500174],[129.439578,35.500173],[129.4397,35.500208]],[[129.439456,35.500417],[129.439432,35.500312],[129.439382,35.500368],[129.439456,35.500417]],[[129.440057,35.500546],[129.440018,35.500566],[129.440007,35.500631],[129.440013,35.500608],[129.440046,35.500565],[129.440058,35.500558],[129.440057,35.500546]],[[129.439534,35.50078],[129.439532,35.500748],[129.439441,35.500742],[129.439534,35.50078]],[[129.439746,35.500982],[129.43982,35.500951],[129.439744,35.500905],[129.439746,35.500982]],[[129.439951,35.50055],[129.439973,35.500556],[129.439958,35.500534],[129.439951,35.50055]],[[129.440663,35.500931],[129.440631,35.500924],[129.440577,35.500948],[129.440663,35.500931]],[[129.438373,35.500013],[129.438368,35.5],[129.43835,35.500013],[129.438373,35.500013]],[[129.438844,35.499986],[129.438853,35.5],[129.438862,35.499982],[129.438844,35.499986]],[[129.438375,35.49992],[129.43836,35.499917],[129.438366,35.499935],[129.438375,35.49992]],[[129.439941,35.500291],[129.439972,35.500337],[129.440014,35.50028],[129.439941,35.500291]],[[129.439277,35.500134],[129.439244,35.500103],[129.43923,35.500132],[129.439277,35.500134]],[[129.43731,35.500172],[129.437335,35.500191],[129.437324,35.500156],[129.43731,35.500172]],[[129.439602,35.500821],[129.439613,35.500795],[129.439582,35.500802],[129.439602,35.500821]],[[129.439826,35.500802],[129.439833,35.500821],[129.439846,35.500796],[129.439826,35.500802]],[[129.439591,35.500354],[129.439588,35.500333],[129.439566,35.500352],[129.439591,35.500354]],[[129.439763,35.500619],[129.439777,35.500632],[129.439784,35.500608],[129.439763,35.500619]],[[129.438829,35.500076],[129.438802,35.500062],[129.438825,35.500081],[129.438829,35.500076]],[[129.439011,35.500302],[129.439024,35.50031],[129.439024,35.500289],[129.439011,35.500302]],[[129.439768,35.50055],[129.439757,35.500557],[129.439777,35.500568],[129.439768,35.50055]],[[129.449879,35.52768],[129.44977,35.527673],[129.449869,35.527774],[129.449879,35.52768]],[[129.440046,35.500458],[129.440082,35.500451],[129.440062,35.500393],[129.440046,35.500458]],[[129.440047,35.500387],[129.440031,35.500362],[129.440019,35.500385],[129.440047,35.500387]]]]},"properties":{"id":"khoa-hrbare-50051","name":"울산항(미포)","englishName":"ULSAN HANG(MIPO)","harborTypeCode":"GBN284","relatedInstitutionCode":"1192136","statusCode":null,"minimumScale":17999.0,"source":"국립해양조사원(KHOA)","sourceUpdatedAt":"2025-08-11","sourceRaw":"{\"gid\":51,\"objnum\":\"50051\",\"pbinst\":\"1192136\",\"indcde_1\":\"BCH068\",\"indcde_2\":\"ENW005\",\"indcde_3\":\"CLW011\",\"mnymd\":\"20241130\",\"clfcde\":\"COD007\",\"enclev\":\"6\",\"enc_no\":\"KR688D84\",\"gubun\":\"GBN284\",\"nobjnm\":\"울산항(미포)\",\"objnam\":\"ULSAN HANG(MIPO)\",\"status\":\"\",\"inform\":\"\",\"ninfom\":\"\",\"ntxtds\":\"\",\"scamin\":17999,\"txtdsc\":\"\",\"sordat\":\"\",\"sorind\":\"\"}"}},{"type":"Feature","id":"khoa-hrbare-50052","geometry":{"type":"MultiPolygon","coordinates":[[[[129.365749,35.443561],[129.365027,35.442194],[129.365272,35.441684],[129.366578,35.444221],[129.365749,35.443561]]],[[[129.365599,35.407918],[129.374786,35.407808],[129.37496,35.410527],[129.374953,35.407629],[129.362825,35.407636],[129.36261,35.403057],[129.368333,35.403056],[129.380016,35.378293],[129.389085,35.373962],[129.398959,35.371],[129.408735,35.36954],[129.41895,35.369438],[129.429048,35.370765],[129.438976,35.373573],[129.447687,35.377503],[129.455484,35.382555],[129.462315,35.388779],[129.467767,35.395868],[129.471409,35.403055],[129.473713,35.410963],[129.474333,35.416114],[129.474224,35.422029],[129.473414,35.427162],[129.472196,35.431486],[129.470506,35.435701],[129.46754,35.441094],[129.464309,35.445542],[129.460224,35.45],[129.45,35.45],[129.45,35.457851],[129.444495,35.460794],[129.438909,35.463123],[129.433056,35.464961],[129.426287,35.466408],[129.416068,35.476387],[129.415605,35.475508],[129.410955,35.47161],[129.409272,35.471411],[129.406199,35.472259],[129.405017,35.471329],[129.407118,35.473247],[129.404891,35.47625],[129.401283,35.476252],[129.404334,35.476423],[129.404244,35.487332],[129.405835,35.487208],[129.405811,35.489123],[129.408448,35.493256],[129.408206,35.493537],[129.408211,35.493551],[129.407725,35.494142],[129.407641,35.494269],[129.406675,35.495476],[129.406998,35.495047],[129.407125,35.494914],[129.40712,35.494901],[129.407141,35.494875],[129.406667,35.494974],[129.403222,35.499821],[129.395759,35.501248],[129.397546,35.507568],[129.39712,35.511878],[129.393247,35.518966],[129.388729,35.525978],[129.385785,35.529039],[129.3804,35.526351],[129.3821,35.525245],[129.378868,35.527172],[129.377998,35.528003],[129.37657,35.52829],[129.378609,35.526408],[129.376456,35.528088],[129.374954,35.52863],[129.372434,35.523604],[129.37598,35.522418],[129.374994,35.51756],[129.385819,35.516396],[129.386091,35.509787],[129.386837,35.507532],[129.387714,35.507675],[129.387881,35.50696],[129.387003,35.506818],[129.387407,35.505221],[129.388596,35.504702],[129.387515,35.504791],[129.387623,35.504234],[129.389544,35.50446],[129.388702,35.504289],[129.388701,35.503909],[129.387403,35.503226],[129.387396,35.501875],[129.389381,35.501868],[129.389925,35.502311],[129.389422,35.501784],[129.387232,35.501794],[129.386254,35.501046],[129.385185,35.500859],[129.380253,35.502483],[129.380103,35.502964],[129.377959,35.502521],[129.376734,35.501825],[129.374244,35.501591],[129.372567,35.500923],[129.369971,35.501039],[129.369622,35.501452],[129.367085,35.502938],[129.367243,35.503879],[129.367203,35.504031],[129.366532,35.503734],[129.365152,35.504975],[129.36397,35.505333],[129.359444,35.506385],[129.351651,35.509476],[129.351383,35.509081],[129.360093,35.505226],[129.362347,35.504876],[129.363585,35.50402],[129.365426,35.501299],[129.364887,35.501379],[129.364964,35.501059],[129.367537,35.497935],[129.369173,35.498491],[129.367606,35.497682],[129.370195,35.498389],[129.371273,35.497981],[129.371167,35.49729],[129.372231,35.497379],[129.372176,35.498029],[129.372434,35.497501],[129.372691,35.498061],[129.372913,35.497564],[129.373364,35.4976],[129.373311,35.498083],[129.374125,35.498962],[129.374874,35.498556],[129.375618,35.49942],[129.375608,35.500028],[129.379316,35.49987],[129.380793,35.497613],[129.381966,35.496373],[129.382199,35.496527],[129.381156,35.497792],[129.382433,35.496487],[129.382047,35.496284],[129.383358,35.494657],[129.385045,35.49576],[129.383416,35.494613],[129.383557,35.494398],[129.386378,35.494574],[129.388449,35.493423],[129.388343,35.493279],[129.387661,35.493586],[129.386112,35.494511],[129.383612,35.494336],[129.384639,35.492956],[129.390327,35.489795],[129.390428,35.488666],[129.390146,35.488666],[129.390063,35.489848],[129.384858,35.492681],[129.387327,35.489283],[129.390878,35.485946],[129.391124,35.48607],[129.390909,35.485639],[129.390549,35.486117],[129.390538,35.482621],[129.391088,35.482781],[129.39111,35.482354],[129.390537,35.482544],[129.39052,35.478885],[129.391071,35.478971],[129.391069,35.478611],[129.390408,35.478745],[129.390433,35.486109],[129.388834,35.487634],[129.384715,35.484279],[129.385827,35.48314],[129.386979,35.483715],[129.385711,35.482962],[129.385745,35.481854],[129.386323,35.481724],[129.383955,35.480833],[129.384408,35.4807],[129.385626,35.481367],[129.383992,35.480381],[129.383991,35.478083],[129.385522,35.477926],[129.384043,35.477919],[129.384009,35.477584],[129.385519,35.477618],[129.385516,35.476821],[129.386561,35.476818],[129.38803,35.477852],[129.386617,35.476704],[129.383979,35.476713],[129.383982,35.475924],[129.384568,35.47563],[129.383885,35.475696],[129.38268,35.474164],[129.383144,35.473812],[129.382586,35.474035],[129.380758,35.471669],[129.379691,35.471657],[129.378526,35.472463],[129.377744,35.472343],[129.377628,35.471919],[129.378204,35.471802],[129.37813,35.471452],[129.377506,35.471717],[129.376925,35.471383],[129.37707,35.471068],[129.37688,35.471225],[129.374951,35.469904],[129.374563,35.47002],[129.374219,35.469583],[129.375083,35.469235],[129.378173,35.471354],[129.383238,35.468247],[129.377558,35.460945],[129.373606,35.462301],[129.371015,35.457354],[129.370417,35.457565],[129.368734,35.454354],[129.37105,35.452586],[129.373402,35.452701],[129.377346,35.451461],[129.377216,35.451212],[129.373382,35.452605],[129.371044,35.452447],[129.368681,35.454249],[129.354334,35.459279],[129.354422,35.461325],[129.353904,35.461525],[129.353898,35.460847],[129.352958,35.460836],[129.352393,35.462257],[129.353039,35.462817],[129.351202,35.46678],[129.350501,35.467229],[129.350087,35.468505],[129.345585,35.470428],[129.341147,35.473817],[129.339779,35.472302],[129.341575,35.469998],[129.343495,35.469042],[129.343141,35.468239],[129.343493,35.467651],[129.344763,35.467496],[129.34571,35.4657],[129.346684,35.46534],[129.346574,35.464194],[129.347373,35.464288],[129.348472,35.459974],[129.347439,35.459806],[129.347461,35.459554],[129.349889,35.448235],[129.352203,35.447438],[129.352742,35.447822],[129.352752,35.448605],[129.354707,35.450222],[129.354208,35.449608],[129.356611,35.448788],[129.357867,35.44979],[129.357897,35.449635],[129.357547,35.449417],[129.357815,35.449302],[129.357465,35.449349],[129.356635,35.448706],[129.354128,35.449573],[129.35289,35.448566],[129.352874,35.447906],[129.354556,35.449058],[129.359783,35.447916],[129.360107,35.446323],[129.358815,35.442827],[129.353891,35.440938],[129.35524,35.438265],[129.365123,35.441428],[129.364826,35.442132],[129.365567,35.443477],[129.366768,35.444536],[129.365073,35.445211],[129.365423,35.445875],[129.3671,35.446897],[129.367925,35.44662],[129.368579,35.447904],[129.367327,35.448967],[129.368688,35.448059],[129.369212,35.449052],[129.374316,35.44704],[129.373414,35.447269],[129.372359,35.445285],[129.370055,35.44375],[129.36649,35.437058],[129.371437,35.435292],[129.371455,35.431257],[129.37412,35.431252],[129.374138,35.431015],[129.367476,35.431095],[129.366545,35.430119],[129.366847,35.429658],[129.365529,35.42909],[129.365232,35.429544],[129.364265,35.429272],[129.364421,35.429223],[129.365024,35.429266],[129.364593,35.428668],[129.363924,35.428254],[129.362916,35.428305],[129.363173,35.426558],[129.36252,35.426254],[129.352886,35.427002],[129.353547,35.426602],[129.362567,35.425108],[129.36267,35.424046],[129.36355,35.424043],[129.363545,35.424757],[129.36404,35.424759],[129.363907,35.415178],[129.362639,35.41487],[129.362615,35.410391],[129.365495,35.410273],[129.365599,35.407918]],[[129.349311,35.467213],[129.349286,35.467173],[129.349307,35.467137],[129.349295,35.467127],[129.349301,35.467116],[129.349291,35.467112],[129.349295,35.467102],[129.349327,35.467097],[129.349353,35.467071],[129.349145,35.466951],[129.349091,35.467363],[129.349244,35.467308],[129.349311,35.467213]],[[129.351265,35.449255],[129.351883,35.450129],[129.352513,35.450181],[129.353219,35.449396],[129.352954,35.449424],[129.351963,35.448671],[129.351353,35.448664],[129.351265,35.449255]],[[129.354278,35.508016],[129.352764,35.508787],[129.354278,35.508252],[129.354278,35.508016]],[[129.352954,35.449193],[129.352931,35.44906],[129.352745,35.44912],[129.352954,35.449193]],[[129.353226,35.449132],[129.353257,35.449141],[129.353276,35.449074],[129.353226,35.449132]],[[129.365082,35.429074],[129.365128,35.429097],[129.365137,35.429025],[129.365082,35.429074]],[[129.375069,35.446651],[129.375123,35.446751],[129.379112,35.445209],[129.375069,35.446651]],[[129.376428,35.470751],[129.376426,35.470779],[129.37653,35.470821],[129.376428,35.470751]],[[129.37547,35.49983],[129.375485,35.499674],[129.375364,35.49984],[129.37547,35.49983]],[[129.379395,35.427569],[129.37979,35.427738],[129.382226,35.419845],[129.382382,35.399753],[129.381547,35.399759],[129.381714,35.419936],[129.379395,35.427569]],[[129.3771,35.426694],[129.378108,35.439857],[129.380912,35.445229],[129.381177,35.445133],[129.378343,35.43981],[129.3771,35.426694]],[[129.383555,35.459124],[129.380808,35.455597],[129.381038,35.455266],[129.380706,35.455157],[129.380688,35.455441],[129.378936,35.450646],[129.380397,35.455485],[129.387052,35.463359],[129.386454,35.463308],[129.386856,35.463737],[129.387096,35.463405],[129.391015,35.467668],[129.391133,35.467368],[129.384485,35.46032],[129.384174,35.459254],[129.383555,35.459124]],[[129.383364,35.472944],[129.383448,35.472905],[129.383266,35.472899],[129.383364,35.472944]],[[129.402221,35.5],[129.402213,35.499995],[129.402186,35.5],[129.402221,35.5]],[[129.387563,35.489449],[129.387351,35.489405],[129.387432,35.4895],[129.387653,35.489463],[129.387563,35.489449]],[[129.406497,35.468813],[129.406557,35.468692],[129.399858,35.46663],[129.406497,35.468813]],[[129.3594,35.450921],[129.358325,35.449922],[129.358198,35.450031],[129.358976,35.45089],[129.359669,35.451243],[129.3594,35.450921]],[[129.367226,35.44903],[129.367141,35.448921],[129.367131,35.449058],[129.367226,35.44903]],[[129.367014,35.449171],[129.366898,35.449049],[129.366953,35.449208],[129.367014,35.449171]],[[129.366395,35.449424],[129.366462,35.449491],[129.366478,35.449369],[129.366395,35.449424]],[[129.35752,35.449089],[129.35745,35.449149],[129.35758,35.449125],[129.35752,35.449089]],[[129.357763,35.449403],[129.357823,35.449451],[129.357833,35.449342],[129.357763,35.449403]],[[129.366015,35.443982],[129.365969,35.443922],[129.365936,35.444012],[129.366015,35.443982]],[[129.358168,35.449912],[129.35812,35.449873],[129.358111,35.449959],[129.358168,35.449912]],[[129.35805,35.449569],[129.358009,35.449546],[129.358021,35.449605],[129.35805,35.449569]],[[129.357331,35.448987],[129.3573,35.448962],[129.357291,35.449022],[129.357331,35.448987]],[[129.358175,35.449739],[129.358215,35.449764],[129.358205,35.449704],[129.358175,35.449739]],[[129.357105,35.448863],[129.357135,35.448829],[129.357066,35.448838],[129.357105,35.448863]],[[129.366606,35.44929],[129.366584,35.449309],[129.366663,35.44935],[129.366606,35.44929]],[[129.366756,35.449199],[129.366734,35.449213],[129.366807,35.449255],[129.366756,35.449199]],[[129.36288,35.407271],[129.362905,35.407272],[129.362884,35.407247],[129.36288,35.407271]],[[129.364169,35.410441],[129.364132,35.410444],[129.364164,35.410464],[129.364169,35.410441]],[[129.350634,35.448981],[129.350678,35.449018],[129.350912,35.448773],[129.350634,35.448981]],[[129.352775,35.448896],[129.352791,35.448887],[129.352753,35.448883],[129.352775,35.448896]],[[129.352964,35.448948],[129.35298,35.448943],[129.352957,35.448923],[129.352964,35.448948]],[[129.353323,35.449191],[129.353348,35.449189],[129.353314,35.449182],[129.353323,35.449191]],[[129.35156,35.449802],[129.351549,35.44979],[129.351543,35.449815],[129.35156,35.449802]],[[129.352808,35.448784],[129.352802,35.4488],[129.352826,35.44879],[129.352808,35.448784]],[[129.353061,35.449047],[129.353054,35.449056],[129.353081,35.449061],[129.353061,35.449047]],[[129.379009,35.500047],[129.379087,35.500081],[129.379052,35.499982],[129.379009,35.500047]],[[129.349762,35.459054],[129.349696,35.458787],[129.34927,35.459147],[129.349762,35.459054]],[[129.343284,35.469832],[129.343766,35.46975],[129.343472,35.469521],[129.343284,35.469832]],[[129.349913,35.45688],[129.349806,35.4569],[129.349951,35.457042],[129.349913,35.45688]],[[129.348554,35.4592],[129.348516,35.459041],[129.348459,35.459216],[129.348554,35.4592]],[[129.348936,35.459135],[129.348898,35.458977],[129.348841,35.459152],[129.348936,35.459135]],[[129.343825,35.469567],[129.343786,35.469627],[129.343898,35.46955],[129.343825,35.469567]],[[129.347896,35.462751],[129.347817,35.46274],[129.347868,35.462885],[129.347896,35.462751]],[[129.347759,35.463012],[129.347832,35.463022],[129.34777,35.462959],[129.347759,35.463012]],[[129.34792,35.462613],[129.347847,35.462603],[129.347908,35.462666],[129.34792,35.462613]],[[129.343631,35.469965],[129.343709,35.470035],[129.343688,35.469998],[129.343631,35.469965]],[[129.347072,35.464412],[129.347059,35.464386],[129.347005,35.464397],[129.347072,35.464412]],[[129.346697,35.464566],[129.346742,35.464557],[129.346702,35.464525],[129.346697,35.464566]],[[129.351505,35.454257],[129.351623,35.454548],[129.352461,35.454413],[129.352439,35.454147],[129.351505,35.454257]],[[129.351366,35.45688],[129.351283,35.456588],[129.350617,35.456695],[129.350639,35.456956],[129.351366,35.45688]],[[129.355796,35.450829],[129.355603,35.450992],[129.356509,35.451395],[129.355796,35.450829]],[[129.352392,35.452109],[129.351893,35.452073],[129.351843,35.452374],[129.352387,35.452384],[129.352392,35.452109]],[[129.355145,35.45028],[129.354931,35.45047],[129.355573,35.450618],[129.355145,35.45028]],[[129.352593,35.452422],[129.352679,35.452127],[129.352484,35.45239],[129.352593,35.452422]],[[129.351682,35.452062],[129.351573,35.452081],[129.351736,35.452359],[129.351682,35.452062]],[[129.350731,35.452281],[129.350761,35.451973],[129.350619,35.452277],[129.350731,35.452281]],[[129.35248,35.461551],[129.352676,35.461468],[129.352514,35.461399],[129.35248,35.461551]],[[129.39078,35.476889],[129.390624,35.47689],[129.390781,35.477033],[129.39078,35.476889]],[[129.351051,35.452295],[129.351063,35.452097],[129.35094,35.45229],[129.351051,35.452295]],[[129.351261,35.452304],[129.351374,35.452308],[129.351273,35.452106],[129.351261,35.452304]],[[129.38644,35.46311],[129.386319,35.463186],[129.38653,35.463205],[129.38644,35.46311]],[[129.391122,35.486305],[129.391083,35.486205],[129.390969,35.486332],[129.391122,35.486305]],[[129.391094,35.479205],[129.390918,35.479188],[129.391093,35.479278],[129.391094,35.479205]],[[129.350807,35.454437],[129.350698,35.454456],[129.350844,35.454599],[129.350807,35.454437]],[[129.391089,35.478375],[129.39109,35.478305],[129.390915,35.478395],[129.391089,35.478375]],[[129.391079,35.485394],[129.390965,35.485395],[129.391118,35.485492],[129.391079,35.485394]],[[129.35031,35.454519],[129.35034,35.454679],[129.350416,35.454502],[129.35031,35.454519]],[[129.3502,35.456835],[129.35024,35.456995],[129.35031,35.456816],[129.3502,35.456835]],[[129.351092,35.454392],[129.351134,35.454552],[129.351202,35.454375],[129.351092,35.454392]],[[129.386965,35.463875],[129.387076,35.463799],[129.386875,35.463779],[129.386965,35.463875]],[[129.352221,35.456653],[129.35219,35.45653],[129.352087,35.456675],[129.352221,35.456653]],[[129.353261,35.45406],[129.353129,35.454081],[129.353291,35.454184],[129.353261,35.45406]],[[129.351788,35.456595],[129.351655,35.456616],[129.351818,35.456718],[129.351788,35.456595]],[[129.352861,35.454124],[129.352731,35.454146],[129.352891,35.454249],[129.352861,35.454124]],[[129.353661,35.453995],[129.353531,35.454017],[129.353689,35.454119],[129.353661,35.453995]],[[129.391106,35.482157],[129.391074,35.48207],[129.390953,35.482178],[129.391106,35.482157]],[[129.390955,35.482881],[129.390957,35.482988],[129.391077,35.482881],[129.390955,35.482881]],[[129.384564,35.496023],[129.384489,35.496091],[129.38468,35.496116],[129.384564,35.496023]],[[129.356723,35.451585],[129.356614,35.451496],[129.356645,35.45165],[129.356723,35.451585]],[[129.390774,35.487427],[129.390868,35.48735],[129.390681,35.487351],[129.390774,35.487427]],[[129.390838,35.486864],[129.390837,35.486756],[129.390705,35.486864],[129.390838,35.486864]],[[129.39083,35.484864],[129.390699,35.484864],[129.390829,35.484972],[129.39083,35.484864]],[[129.390763,35.484454],[129.390854,35.484377],[129.39067,35.484378],[129.390763,35.484454]],[[129.390791,35.480143],[129.39079,35.480054],[129.390636,35.480143],[129.390791,35.480143]],[[129.390781,35.478025],[129.390779,35.477935],[129.390627,35.478026],[129.390781,35.478025]],[[129.390787,35.479558],[129.390633,35.479558],[129.390788,35.479647],[129.390787,35.479558]],[[129.390778,35.477441],[129.390625,35.477441],[129.390778,35.47753],[129.390778,35.477441]],[[129.390791,35.480549],[129.390638,35.480549],[129.390791,35.480639],[129.390791,35.480549]],[[129.391091,35.478552],[129.391069,35.478477],[129.390938,35.478566],[129.391091,35.478552]],[[129.39094,35.479017],[129.390941,35.479106],[129.391092,35.47903],[129.39094,35.479017]],[[129.390217,35.488408],[129.390351,35.488405],[129.390216,35.488317],[129.390217,35.488408]],[[129.390216,35.487967],[129.390216,35.488056],[129.390348,35.487965],[129.390216,35.487967]],[[129.383925,35.496728],[129.383826,35.496655],[129.383848,35.496797],[129.383925,35.496728]],[[129.353731,35.45236],[129.353727,35.452262],[129.353645,35.452367],[129.353731,35.45236]],[[129.385413,35.495111],[129.385338,35.495178],[129.385511,35.495182],[129.385413,35.495111]],[[129.390813,35.480818],[129.390681,35.480819],[129.390814,35.48091],[129.390813,35.480818]],[[129.385171,35.495507],[129.385268,35.495575],[129.385244,35.495441],[129.385171,35.495507]],[[129.385997,35.494824],[129.385897,35.494752],[129.385921,35.494891],[129.385997,35.494824]],[[129.38413,35.496287],[129.384229,35.496359],[129.384203,35.496221],[129.38413,35.496287]],[[129.390817,35.481991],[129.390817,35.481902],[129.390685,35.481991],[129.390817,35.481991]],[[129.390816,35.48136],[129.390685,35.481361],[129.390817,35.481449],[129.390816,35.48136]],[[129.390828,35.484154],[129.390696,35.484154],[129.390828,35.484242],[129.390828,35.484154]],[[129.390826,35.483612],[129.390694,35.483612],[129.390825,35.483701],[129.390826,35.483612]],[[129.390694,35.48316],[129.390822,35.48316],[129.390692,35.483071],[129.390694,35.48316]],[[129.35299,35.452296],[129.352879,35.452292],[129.352983,35.452387],[129.35299,35.452296]],[[129.353347,35.45237],[129.353356,35.452279],[129.353238,35.452366],[129.353347,35.45237]],[[129.380093,35.499258],[129.380035,35.499338],[129.380191,35.499305],[129.380093,35.499258]],[[129.380396,35.498983],[129.380448,35.498901],[129.380296,35.498937],[129.380396,35.498983]],[[129.359237,35.450702],[129.359317,35.450766],[129.359304,35.450646],[129.359237,35.450702]],[[129.380222,35.499063],[129.380171,35.499145],[129.380321,35.499105],[129.380222,35.499063]],[[129.360061,35.451562],[129.360139,35.451497],[129.359982,35.451497],[129.360061,35.451562]],[[129.379942,35.499506],[129.380038,35.49955],[129.379997,35.499426],[129.379942,35.499506]],[[129.35701,35.452033],[129.357082,35.452098],[129.357087,35.451977],[129.35701,35.452033]],[[129.356776,35.451729],[129.356702,35.451775],[129.356843,35.451784],[129.356776,35.451729]],[[129.384854,35.495954],[129.384779,35.495896],[129.384801,35.496005],[129.384854,35.495954]],[[129.385146,35.495685],[129.385071,35.495626],[129.385095,35.495735],[129.385146,35.495685]],[[129.350137,35.458896],[129.350116,35.458816],[129.350047,35.45891],[129.350137,35.458896]],[[129.350527,35.458835],[129.350508,35.458754],[129.350438,35.458847],[129.350527,35.458835]],[[129.351337,35.466146],[129.351316,35.46615],[129.351341,35.466266],[129.351337,35.466146]],[[129.382088,35.473187],[129.382152,35.473173],[129.382079,35.473134],[129.382088,35.473187]],[[129.351655,35.465568],[129.351621,35.465589],[129.351717,35.465597],[129.351655,35.465568]],[[129.352656,35.462872],[129.352758,35.462923],[129.352674,35.462868],[129.352656,35.462872]],[[129.382758,35.473387],[129.382766,35.473314],[129.382687,35.473364],[129.382758,35.473387]],[[129.38404,35.49407],[129.384087,35.494009],[129.383994,35.494046],[129.38404,35.49407]],[[129.378666,35.472297],[129.37868,35.472273],[129.378605,35.472289],[129.378666,35.472297]],[[129.352479,35.461332],[129.352437,35.461308],[129.352395,35.461375],[129.352479,35.461332]],[[129.382871,35.495683],[129.382929,35.495685],[129.382875,35.495653],[129.382871,35.495683]],[[129.356927,35.451933],[129.356956,35.451909],[129.356899,35.45191],[129.356927,35.451933]],[[129.386026,35.480225],[129.386,35.480212],[129.386009,35.480247],[129.386026,35.480225]],[[129.351988,35.463948],[129.351966,35.463926],[129.351955,35.463962],[129.351988,35.463948]],[[129.352735,35.463088],[129.352747,35.463093],[129.352817,35.463088],[129.352735,35.463088]],[[129.386686,35.491027],[129.386656,35.491018],[129.386685,35.49105],[129.386686,35.491027]],[[129.384292,35.478468],[129.384314,35.478485],[129.384314,35.478454],[129.384292,35.478468]],[[129.352248,35.463963],[129.35222,35.46395],[129.352228,35.46398],[129.352248,35.463963]],[[129.352635,35.461259],[129.352668,35.46124],[129.352642,35.461236],[129.352635,35.461259]],[[129.384526,35.478517],[129.384551,35.478512],[129.384519,35.478495],[129.384526,35.478517]],[[129.386023,35.480998],[129.386046,35.481009],[129.386037,35.48098],[129.386023,35.480998]],[[129.385021,35.48053],[129.385043,35.480541],[129.385035,35.480514],[129.385021,35.48053]],[[129.386467,35.481529],[129.386483,35.481544],[129.386489,35.481519],[129.386467,35.481529]],[[129.384101,35.478353],[129.384115,35.478371],[129.38412,35.478344],[129.384101,35.478353]],[[129.38565,35.494997],[129.385669,35.495016],[129.385666,35.494985],[129.38565,35.494997]],[[129.384009,35.496508],[129.384033,35.496523],[129.38402,35.496494],[129.384009,35.496508]],[[129.386162,35.479798],[129.386181,35.479798],[129.38617,35.479777],[129.386162,35.479798]],[[129.384078,35.478137],[129.384097,35.478143],[129.384083,35.478123],[129.384078,35.478137]],[[129.385598,35.480848],[129.385604,35.480859],[129.385617,35.480841],[129.385598,35.480848]],[[129.384604,35.477792],[129.384607,35.477777],[129.384581,35.477792],[129.384604,35.477792]],[[129.385381,35.477778],[129.385382,35.477772],[129.385374,35.477777],[129.385381,35.477778]],[[129.384244,35.477814],[129.384249,35.477815],[129.38425,35.477808],[129.384244,35.477814]],[[129.38418,35.477669],[129.384181,35.477667],[129.384176,35.477666],[129.38418,35.477669]],[[129.372515,35.500865],[129.372546,35.500507],[129.37234,35.500855],[129.372515,35.500865]],[[129.366633,35.503518],[129.367143,35.503531],[129.366638,35.503399],[129.366633,35.503518]],[[129.365784,35.504387],[129.365877,35.504303],[129.365411,35.504093],[129.365784,35.504387]],[[129.366602,35.502515],[129.367024,35.502771],[129.366683,35.502426],[129.366602,35.502515]],[[129.365561,35.504598],[129.365771,35.504397],[129.365443,35.504518],[129.365561,35.504598]],[[129.364709,35.50507],[129.364616,35.504813],[129.364574,35.505103],[129.364709,35.50507]],[[129.365393,35.504736],[129.365171,35.504547],[129.365303,35.50481],[129.365393,35.504736]],[[129.366503,35.502955],[129.366504,35.503036],[129.366908,35.502953],[129.366503,35.502955]],[[129.363966,35.505238],[129.364058,35.505216],[129.363842,35.504915],[129.363966,35.505238]],[[129.365964,35.504221],[129.366051,35.504154],[129.365776,35.504064],[129.365964,35.504221]],[[129.369719,35.500733],[129.369782,35.500948],[129.369829,35.500711],[129.369719,35.500733]],[[129.370508,35.500884],[129.370686,35.500871],[129.370493,35.500752],[129.370508,35.500884]],[[129.364955,35.505001],[129.364861,35.5048],[129.364858,35.505029],[129.364955,35.505001]],[[129.364259,35.505171],[129.364352,35.505145],[129.364172,35.504971],[129.364259,35.505171]],[[129.365138,35.504955],[129.365215,35.504911],[129.364989,35.50478],[129.365138,35.504955]],[[129.364554,35.505104],[129.364479,35.504897],[129.364491,35.505119],[129.364554,35.505104]],[[129.379329,35.502602],[129.379255,35.502588],[129.379278,35.502782],[129.379329,35.502602]],[[129.371954,35.500856],[129.37196,35.500676],[129.371876,35.500852],[129.371954,35.500856]],[[129.370458,35.500543],[129.370616,35.500524],[129.370443,35.500457],[129.370458,35.500543]],[[129.369281,35.501345],[129.369485,35.501501],[129.369306,35.50133],[129.369151,35.501144],[129.369281,35.501345]],[[129.366343,35.503893],[129.3664,35.50385],[129.366205,35.50377],[129.366343,35.503893]],[[129.363823,35.505233],[129.363739,35.505232],[129.363785,35.505359],[129.363941,35.505261],[129.363823,35.505233]],[[129.36336,35.505244],[129.36342,35.505384],[129.363388,35.50524],[129.36336,35.505244]],[[129.363007,35.505518],[129.363026,35.505391],[129.363012,35.505392],[129.363007,35.505518]],[[129.363654,35.505229],[129.363644,35.505232],[129.363717,35.505383],[129.363654,35.505229]],[[129.359389,35.506303],[129.359393,35.506316],[129.359404,35.5063],[129.359389,35.506303]],[[129.363853,35.503786],[129.36387,35.503795],[129.363863,35.503773],[129.363853,35.503786]]],[[[129.349327,35.467085],[129.349324,35.467084],[129.349327,35.467085],[129.349327,35.467085]]],[[[129.349293,35.467119],[129.349293,35.467119],[129.349293,35.467119],[129.349293,35.467119]]],[[[129.349269,35.467126],[129.349269,35.467127],[129.349269,35.467126],[129.349269,35.467126]]]]},"properties":{"id":"khoa-hrbare-50052","name":"울산항","englishName":"ULSAN HANG","harborTypeCode":"GBN284","relatedInstitutionCode":"1192136","statusCode":null,"minimumScale":17999.0,"source":"국립해양조사원(KHOA)","sourceUpdatedAt":"2025-08-11","sourceRaw":"{\"gid\":52,\"objnum\":\"50052\",\"pbinst\":\"1192136\",\"indcde_1\":\"\",\"indcde_2\":\"ENW005\",\"indcde_3\":\"CLW011\",\"mnymd\":\"20241130\",\"clfcde\":\"COD007\",\"enclev\":\"6\",\"enc_no\":\"KR688D84\",\"gubun\":\"GBN284\",\"nobjnm\":\"울산항\",\"objnam\":\"ULSAN HANG\",\"status\":\"\",\"inform\":\"\",\"ninfom\":\"\",\"ntxtds\":\"\",\"scamin\":17999,\"txtdsc\":\"\",\"sordat\":\"20131213\",\"sorind\":\"KR,KR,reprt,2013-50-872\"}"}},{"type":"Feature","id":"khoa-hrbare-50053","geometry":{"type":"Polygon","coordinates":[[[126.538039,37.286667],[126.538808,37.286757],[126.540302,37.286249],[126.541246,37.285341],[126.545426,37.28394],[126.547044,37.284273],[126.54922,37.283254],[126.551579,37.281406],[126.556122,37.283108],[126.557342,37.281432],[126.557327,37.280528],[126.555153,37.281133],[126.554224,37.280057],[126.554261,37.279713],[126.556289,37.278804],[126.555304,37.277096],[126.555745,37.276206],[126.556589,37.276792],[126.556127,37.277359],[126.55838,37.276929],[126.561866,37.277233],[126.565351,37.278526],[126.567888,37.2805],[126.568266,37.28318],[126.566181,37.283191],[126.567103,37.2835],[126.568699,37.284902],[126.569179,37.284492],[126.571238,37.285381],[126.575881,37.288553],[126.577447,37.290174],[126.577528,37.290665],[126.576257,37.292568],[126.576258,37.293656],[126.573983,37.296377],[126.572893,37.296844],[126.571896,37.29681],[126.571845,37.297648],[126.572805,37.297641],[126.571912,37.297564],[126.572069,37.296934],[126.572839,37.297048],[126.574357,37.296566],[126.576649,37.293704],[126.577857,37.293077],[126.579795,37.294386],[126.579032,37.295223],[126.578025,37.295533],[126.578037,37.295868],[126.579202,37.295558],[126.580327,37.294694],[126.603578,37.308245],[126.605657,37.309616],[126.60574,37.31113],[126.60533,37.310903],[126.605599,37.311729],[126.606094,37.312487],[126.607422,37.313117],[126.608883,37.312846],[126.609073,37.313222],[126.610013,37.313424],[126.61057,37.31305],[126.612545,37.314068],[126.612844,37.313831],[126.614407,37.314458],[126.614547,37.31529],[126.615959,37.315034],[126.620631,37.315698],[126.654713,37.325178],[126.654733,37.325919],[126.655345,37.325356],[126.690472,37.335142],[126.690379,37.335798],[126.691363,37.335676],[126.691842,37.337266],[126.691492,37.339346],[126.690186,37.339754],[126.690057,37.340097],[126.685906,37.341136],[126.687279,37.345136],[126.685907,37.345521],[126.685465,37.34517],[126.685618,37.34564],[126.682279,37.346307],[126.68211,37.347062],[126.682424,37.346457],[126.684209,37.346035],[126.6844,37.346555],[126.684276,37.346022],[126.685637,37.345698],[126.685864,37.346319],[126.686183,37.346244],[126.685969,37.34568],[126.687299,37.345465],[126.688645,37.348673],[126.693014,37.348124],[126.693649,37.349278],[126.693417,37.348207],[126.701548,37.350458],[126.701434,37.351373],[126.700292,37.35186],[126.70022,37.352397],[126.702349,37.350914],[126.703251,37.351226],[126.700799,37.353465],[126.700769,37.354481],[126.708697,37.362948],[126.708229,37.363337],[126.708574,37.363703],[126.709157,37.363437],[126.715477,37.370191],[126.71488,37.370693],[126.715767,37.370501],[126.718001,37.372906],[126.718773,37.373067],[126.718776,37.373756],[126.729878,37.385644],[126.730975,37.386262],[126.732457,37.386332],[126.740769,37.383053],[126.742254,37.382869],[126.74437,37.386402],[126.745672,37.387682],[126.745037,37.388861],[126.741984,37.384545],[126.740418,37.385153],[126.740645,37.38547],[126.739932,37.385873],[126.741034,37.387022],[126.737546,37.388409],[126.735295,37.387197],[126.734025,37.388258],[126.734171,37.389701],[126.739525,37.395262],[126.739226,37.395846],[126.739703,37.395304],[126.741855,37.396898],[126.740997,37.399087],[126.738811,37.396916],[126.738002,37.397081],[126.737943,37.397815],[126.733848,37.394061],[126.734216,37.393713],[126.733507,37.393809],[126.732694,37.393019],[126.726536,37.386581],[126.726555,37.385972],[126.725893,37.38611],[126.721167,37.382468],[126.71934,37.382887],[126.716868,37.382644],[126.717972,37.381926],[126.717751,37.381391],[126.717068,37.381142],[126.697265,37.384679],[126.69522,37.382708],[126.696664,37.381537],[126.697715,37.37937],[126.697827,37.377222],[126.697031,37.375025],[126.692452,37.370382],[126.691877,37.368637],[126.687308,37.364022],[126.685611,37.363366],[126.684797,37.362639],[126.681942,37.359721],[126.681378,37.358004],[126.676303,37.352877],[126.674512,37.351851],[126.672521,37.351669],[126.667616,37.354299],[126.666769,37.353423],[126.667708,37.352809],[126.664878,37.349895],[126.663371,37.350497],[126.654739,37.355847],[126.652064,37.353043],[126.663029,37.346059],[126.654569,37.343248],[126.651426,37.34431],[126.643601,37.344288],[126.6408,37.343579],[126.64076,37.341872],[126.622704,37.341816],[126.62263,37.343129],[126.614778,37.343126],[126.614764,37.347392],[126.611227,37.347427],[126.610885,37.347297],[126.608035,37.338184],[126.608135,37.337896],[126.607798,37.337896],[126.610771,37.347413],[126.602633,37.347322],[126.602517,37.346975],[126.599592,37.347317],[126.599526,37.345456],[126.601481,37.34427],[126.599369,37.345404],[126.599206,37.347317],[126.596937,37.347314],[126.591293,37.338425],[126.591293,37.337841],[126.590777,37.338017],[126.591341,37.338916],[126.584181,37.338916],[126.583546,37.338451],[126.583859,37.337812],[126.58332,37.337809],[126.583405,37.338235],[126.583204,37.338496],[126.584124,37.339018],[126.585031,37.339018],[126.585031,37.33925],[126.591396,37.339022],[126.596677,37.347321],[126.59194,37.3473],[126.59165,37.346977],[126.591534,37.347299],[126.583046,37.347258],[126.583001,37.354776],[126.648877,37.354993],[126.651887,37.353153],[126.654603,37.355984],[126.648139,37.360166],[126.639688,37.364862],[126.635682,37.367878],[126.635185,37.367882],[126.617174,37.378885],[126.61456,37.380857],[126.614784,37.38126],[126.609959,37.387189],[126.609922,37.392918],[126.608173,37.394],[126.608154,37.397601],[126.609896,37.398691],[126.609802,37.416301],[126.599332,37.416283],[126.596341,37.415746],[126.595594,37.416735],[126.589696,37.419404],[126.589655,37.426698],[126.59226,37.426708],[126.592285,37.422832],[126.600819,37.419742],[126.601062,37.419725],[126.605079,37.425437],[126.608039,37.426802],[126.614071,37.42682],[126.614056,37.429938],[126.61068,37.429672],[126.6102,37.430127],[126.615408,37.437993],[126.612139,37.439305],[126.611835,37.438869],[126.609226,37.439932],[126.609478,37.440378],[126.607853,37.441067],[126.609936,37.444334],[126.616664,37.441569],[126.618662,37.444679],[126.610622,37.447961],[126.613881,37.453103],[126.610899,37.45433],[126.601051,37.43834],[126.594263,37.438316],[126.594107,37.441523],[126.593213,37.441664],[126.593184,37.449386],[126.59109,37.454527],[126.593474,37.44937],[126.596937,37.449378],[126.596823,37.450905],[126.595966,37.451724],[126.59579,37.451607],[126.594703,37.452645],[126.595534,37.45285],[126.593402,37.454858],[126.594244,37.455405],[126.596874,37.454202],[126.596664,37.454736],[126.59777,37.454222],[126.598103,37.454486],[126.598542,37.454291],[126.603276,37.456685],[126.601537,37.458709],[126.602922,37.459465],[126.602151,37.460337],[126.600617,37.459479],[126.600143,37.459823],[126.598995,37.459462],[126.597108,37.457612],[126.596674,37.457728],[126.594874,37.456823],[126.592457,37.458138],[126.590929,37.461947],[126.592547,37.458194],[126.594762,37.457102],[126.595774,37.458019],[126.595695,37.463834],[126.593478,37.465051],[126.591038,37.464218],[126.593821,37.465308],[126.595767,37.464215],[126.598969,37.464657],[126.599726,37.464208],[126.599918,37.465533],[126.599553,37.465607],[126.600402,37.465524],[126.600075,37.466084],[126.600663,37.466198],[126.600151,37.466292],[126.600306,37.466887],[126.599449,37.467233],[126.597659,37.469852],[126.596804,37.469422],[126.595469,37.46978],[126.59477,37.468894],[126.595425,37.469832],[126.595109,37.470579],[126.596205,37.473714],[126.597552,37.475421],[126.597589,37.476848],[126.600863,37.481505],[126.600698,37.48177],[126.601772,37.481378],[126.601566,37.482041],[126.6022,37.482207],[126.603327,37.47983],[126.603896,37.479754],[126.60273,37.482328],[126.602744,37.484311],[126.603414,37.484025],[126.605851,37.484739],[126.606457,37.483394],[126.607518,37.483713],[126.606353,37.486288],[126.608056,37.486792],[126.609797,37.482962],[126.604549,37.481367],[126.605109,37.480085],[126.611963,37.482084],[126.613412,37.478963],[126.614262,37.479019],[126.612798,37.482512],[126.61474,37.483049],[126.61417,37.484284],[126.611681,37.483527],[126.609865,37.487373],[126.611966,37.488043],[126.613335,37.485511],[126.614262,37.485805],[126.61313,37.48841],[126.615232,37.489063],[126.616343,37.48655],[126.616738,37.486638],[126.617415,37.486906],[126.616636,37.488766],[126.617124,37.488869],[126.617087,37.489311],[126.616394,37.489304],[126.617169,37.489397],[126.617142,37.489701],[126.616195,37.489758],[126.61771,37.490202],[126.618379,37.488705],[126.618971,37.488881],[126.618347,37.490382],[126.62076,37.490825],[126.620634,37.491103],[126.62123,37.491438],[126.623143,37.491836],[126.623958,37.490244],[126.62346,37.489412],[126.62389,37.489177],[126.624721,37.490553],[126.6242,37.492146],[126.626267,37.492501],[126.629093,37.48983],[126.629114,37.489017],[126.629732,37.489231],[126.631848,37.487338],[126.636087,37.48509],[126.636326,37.485378],[126.631792,37.4884],[126.627497,37.493385],[126.636327,37.495894],[126.636838,37.49477],[126.640764,37.495782],[126.640756,37.497489],[126.639474,37.498284],[126.639486,37.50423],[126.630781,37.504246],[126.630771,37.500461],[126.62666,37.497377],[126.622721,37.497304],[126.622756,37.496271],[126.604554,37.495893],[126.604191,37.50959],[126.605279,37.510604],[126.604522,37.511072],[126.604832,37.511879],[126.603261,37.513026],[126.602799,37.516357],[126.602159,37.516452],[126.602157,37.516893],[126.60275,37.516892],[126.60257,37.53322],[126.599242,37.533261],[126.599447,37.535309],[126.598557,37.537177],[126.598754,37.538845],[126.604829,37.538868],[126.60501,37.539712],[126.598645,37.539704],[126.596628,37.548584],[126.598283,37.549177],[126.59025,37.562377],[126.58863,37.563976],[126.589556,37.564122],[126.586644,37.566684],[126.588806,37.569808],[126.574802,37.588447],[126.574341,37.587109],[126.573924,37.58707],[126.57366,37.587295],[126.57456,37.588423],[126.574109,37.588802],[126.574327,37.589325],[126.569272,37.59359],[126.555766,37.578956],[126.556865,37.578844],[126.559118,37.57655],[126.559936,37.576427],[126.56191,37.575143],[126.562332,37.57537],[126.563809,37.57505],[126.564507,37.575375],[126.565189,37.574293],[126.566467,37.573771],[126.566836,37.573127],[126.568458,37.572937],[126.569331,37.573463],[126.571196,37.572471],[126.571154,37.572086],[126.570277,37.57171],[126.570078,37.570484],[126.56927,37.570123],[126.568652,37.57114],[126.565134,37.571412],[126.564281,37.570994],[126.558568,37.572958],[126.556584,37.575044],[126.555465,37.575406],[126.555393,37.576139],[126.554875,37.576352],[126.555749,37.576932],[126.555616,37.578794],[126.554243,37.577332],[126.554234,37.577305],[126.554241,37.577285],[126.554357,37.577172],[126.554542,37.576761],[126.553981,37.577026],[126.514221,37.534092],[126.516998,37.533717],[126.517606,37.531174],[126.522491,37.530426],[126.525544,37.527212],[126.52485,37.524936],[126.526598,37.524281],[126.528266,37.524545],[126.529409,37.523841],[126.529436,37.524554],[126.531575,37.524621],[126.538318,37.522566],[126.540706,37.521409],[126.543199,37.523223],[126.54389,37.521918],[126.542361,37.520709],[126.541632,37.519551],[126.547021,37.517567],[126.554091,37.518085],[126.562258,37.515369],[126.563681,37.516307],[126.563732,37.516756],[126.564384,37.516601],[126.5625,37.515286],[126.564718,37.514481],[126.565616,37.513633],[126.569215,37.507878],[126.570456,37.507473],[126.571824,37.506208],[126.574274,37.505772],[126.574488,37.505207],[126.576974,37.503661],[126.576484,37.50263],[126.578888,37.497932],[126.580435,37.493417],[126.579473,37.492231],[126.580509,37.492182],[126.581653,37.493408],[126.580959,37.492556],[126.582064,37.492279],[126.582853,37.491578],[126.582234,37.49136],[126.582059,37.490814],[126.582549,37.490665],[126.582326,37.489761],[126.581408,37.490016],[126.581362,37.489672],[126.582164,37.489376],[126.581053,37.489636],[126.5766,37.488125],[126.56989,37.484186],[126.567987,37.482012],[126.568475,37.481785],[126.569082,37.482089],[126.568478,37.481699],[126.567858,37.481843],[126.566629,37.480573],[126.564644,37.479503],[126.54927,37.476271],[126.538878,37.475945],[126.534218,37.475268],[126.530361,37.474062],[126.519455,37.46941],[126.506509,37.465791],[126.504549,37.464674],[126.493958,37.456177],[126.492227,37.454321],[126.487452,37.447212],[126.485938,37.445785],[126.440896,37.361739],[126.441967,37.361572],[126.441453,37.360591],[126.480447,37.3156],[126.533248,37.288521],[126.533259,37.288752],[126.533872,37.288519],[126.535151,37.288731],[126.536327,37.287575],[126.538039,37.286667]],[[126.511527,37.356876],[126.511573,37.356895],[126.511559,37.356854],[126.511527,37.356876]],[[126.511691,37.356893],[126.50955,37.357289],[126.509793,37.357668],[126.509391,37.358359],[126.510124,37.359389],[126.509921,37.359654],[126.510645,37.35937],[126.51355,37.359425],[126.513129,37.358729],[126.513812,37.358336],[126.513107,37.358602],[126.512712,37.358165],[126.513081,37.357422],[126.511691,37.356893]],[[126.511107,37.356981],[126.511096,37.356987],[126.511109,37.356996],[126.511107,37.356981]],[[126.533036,37.288786],[126.53305,37.288785],[126.533038,37.28877],[126.533036,37.288786]],[[126.527852,37.294484],[126.527851,37.294513],[126.527886,37.294508],[126.527852,37.294484]],[[126.528239,37.29467],[126.528494,37.294669],[126.52833,37.294364],[126.528239,37.29467]],[[126.527639,37.294493],[126.527593,37.294493],[126.527597,37.29451],[126.527639,37.294493]],[[126.513703,37.360478],[126.514716,37.360663],[126.513511,37.359908],[126.513703,37.360478]],[[126.515372,37.360785],[126.515405,37.360721],[126.515306,37.360612],[126.515372,37.360785]],[[126.515414,37.360684],[126.515405,37.360674],[126.515395,37.360682],[126.515414,37.360684]],[[126.602741,37.517365],[126.602745,37.517119],[126.589061,37.516067],[126.583305,37.513996],[126.580021,37.511456],[126.575106,37.506556],[126.574146,37.50583],[126.573733,37.505992],[126.581345,37.513061],[126.58308,37.514244],[126.588977,37.516366],[126.602741,37.517365]],[[126.544505,37.522298],[126.543992,37.522354],[126.543655,37.523592],[126.545515,37.525023],[126.535724,37.530023],[126.535074,37.531384],[126.535383,37.532246],[126.53647,37.533182],[126.544222,37.53905],[126.544193,37.540203],[126.541944,37.542214],[126.541604,37.543107],[126.542109,37.544122],[126.54466,37.546208],[126.54841,37.547635],[126.558326,37.548387],[126.559494,37.548006],[126.563163,37.545167],[126.567901,37.540928],[126.576413,37.543457],[126.57757,37.541958],[126.577058,37.541604],[126.577488,37.541028],[126.577514,37.539594],[126.577031,37.537625],[126.575166,37.537363],[126.575482,37.535814],[126.575128,37.534822],[126.5752,37.529419],[126.577097,37.527614],[126.577831,37.527207],[126.579069,37.527291],[126.58067,37.525723],[126.580185,37.525184],[126.580505,37.524969],[126.579465,37.52452],[126.577363,37.52589],[126.576462,37.527173],[126.575222,37.527753],[126.575197,37.521248],[126.55808,37.521196],[126.547009,37.524516],[126.544505,37.522298]],[[126.588919,37.547699],[126.589051,37.546721],[126.588066,37.546428],[126.587268,37.547512],[126.586236,37.547588],[126.584962,37.548398],[126.586178,37.548821],[126.588031,37.548628],[126.588919,37.547699]],[[126.57924,37.545419],[126.578108,37.545825],[126.577458,37.547076],[126.578428,37.546814],[126.57924,37.545419]],[[126.579346,37.545114],[126.579568,37.545161],[126.579602,37.544911],[126.579346,37.545114]],[[126.584414,37.545221],[126.583858,37.54598],[126.58429,37.546116],[126.584796,37.545319],[126.584414,37.545221]],[[126.581242,37.54423],[126.580953,37.545013],[126.581386,37.545151],[126.581731,37.544215],[126.581242,37.54423]],[[126.580362,37.524332],[126.580935,37.524247],[126.580949,37.524093],[126.580654,37.524016],[126.580362,37.524332]],[[126.589589,37.547076],[126.589397,37.547417],[126.589708,37.547517],[126.589589,37.547076]],[[126.587277,37.546339],[126.586995,37.546248],[126.586812,37.546572],[126.587277,37.546339]],[[126.57715,37.543461],[126.577442,37.543558],[126.577617,37.54324],[126.57715,37.543461]],[[126.578435,37.543882],[126.578715,37.543973],[126.578895,37.54365],[126.578435,37.543882]],[[126.590938,37.547525],[126.590771,37.547851],[126.591038,37.547936],[126.590938,37.547525]],[[126.596281,37.549627],[126.596446,37.549304],[126.596209,37.549225],[126.596281,37.549627]],[[126.593411,37.5487],[126.593646,37.548774],[126.593814,37.548449],[126.593411,37.5487]],[[126.594896,37.5488],[126.594722,37.549124],[126.594954,37.549198],[126.594896,37.5488]],[[126.585915,37.545904],[126.585691,37.545833],[126.585519,37.546157],[126.585915,37.545904]],[[126.59211,37.548281],[126.592329,37.548353],[126.592491,37.548031],[126.59211,37.548281]],[[126.579802,37.544312],[126.580026,37.544381],[126.580186,37.54407],[126.579802,37.544312]],[[126.542823,37.539669],[126.542904,37.53965],[126.542876,37.53958],[126.542823,37.539669]],[[126.568077,37.556027],[126.569945,37.55603],[126.569874,37.555048],[126.568201,37.554979],[126.568077,37.556027]],[[126.565665,37.557068],[126.565181,37.557212],[126.565447,37.557611],[126.565665,37.557068]],[[126.585581,37.56872],[126.585718,37.56857],[126.585579,37.568546],[126.585581,37.56872]],[[126.574254,37.585009],[126.574156,37.584963],[126.574041,37.585117],[126.574254,37.585009]],[[126.56775,37.555687],[126.567774,37.555712],[126.567805,37.555693],[126.56775,37.555687]],[[126.56799,37.555196],[126.567987,37.555176],[126.567959,37.55518],[126.56799,37.555196]],[[126.570898,37.578437],[126.57178,37.578185],[126.571862,37.577128],[126.571508,37.577217],[126.570898,37.578437]],[[126.599811,37.466432],[126.60013,37.466394],[126.600059,37.466317],[126.599811,37.466432]],[[126.599882,37.465978],[126.599821,37.466057],[126.599911,37.466101],[126.599882,37.465978]],[[126.6,37.424739],[126.6,37.424821],[126.600076,37.424786],[126.6,37.424739]],[[126.599035,37.42314],[126.60145,37.422254],[126.601985,37.422302],[126.601524,37.421631],[126.599035,37.42314]],[[126.6,37.420102],[126.600105,37.420505],[126.600617,37.420319],[126.600395,37.419925],[126.6,37.420102]],[[126.597439,37.346875],[126.597607,37.346978],[126.597802,37.346764],[126.597439,37.346875]],[[126.597946,37.346756],[126.598082,37.346612],[126.597901,37.346506],[126.597946,37.346756]],[[126.584304,37.337831],[126.584304,37.337976],[126.584481,37.337976],[126.584304,37.337831]],[[126.583123,37.337973],[126.583303,37.337973],[126.583299,37.337829],[126.583123,37.337973]],[[126.583874,37.337972],[126.584051,37.337975],[126.584051,37.337832],[126.583874,37.337972]],[[126.58289,37.337969],[126.582846,37.337793],[126.582714,37.337828],[126.58289,37.337969]],[[126.590175,37.337959],[126.590356,37.337959],[126.590356,37.337854],[126.590175,37.337959]],[[126.591943,37.337858],[126.59181,37.337825],[126.591765,37.337966],[126.591943,37.337858]],[[126.591312,37.337858],[126.591312,37.337963],[126.591489,37.337963],[126.591312,37.337858]],[[126.590726,37.337959],[126.590686,37.337819],[126.590548,37.337854],[126.590726,37.337959]],[[126.59212,37.338264],[126.59212,37.338374],[126.592252,37.338374],[126.59212,37.338264]],[[126.588681,37.338156],[126.588786,37.338088],[126.5887,37.338007],[126.588681,37.338156]],[[126.58195,37.33823],[126.581946,37.338335],[126.582082,37.338335],[126.58195,37.33823]],[[126.585972,37.338146],[126.58606,37.338065],[126.58596,37.337998],[126.585972,37.338146]],[[126.589376,37.33836],[126.589376,37.338254],[126.589243,37.338254],[126.589376,37.33836]],[[126.584658,37.338239],[126.584658,37.338345],[126.584791,37.338345],[126.584658,37.338239]],[[126.592574,37.338268],[126.592571,37.338374],[126.592703,37.338374],[126.592574,37.338268]],[[126.585109,37.338242],[126.585109,37.338348],[126.585242,37.338348],[126.585109,37.338242]],[[126.5824,37.338232],[126.5824,37.338338],[126.582533,37.338338],[126.5824,37.338232]],[[126.581319,37.338062],[126.581235,37.337978],[126.581135,37.33805],[126.581319,37.338062]],[[126.589697,37.338258],[126.589697,37.338365],[126.589826,37.338364],[126.589697,37.338258]],[[126.593438,37.338172],[126.593522,37.338091],[126.593421,37.338024],[126.593438,37.338172]],[[126.588391,37.337937],[126.588354,37.337906],[126.588315,37.337934],[126.588391,37.337937]],[[126.590882,37.449559],[126.590889,37.450024],[126.591072,37.450025],[126.590882,37.449559]],[[126.446321,37.37112],[126.446333,37.371043],[126.446241,37.371062],[126.446321,37.37112]],[[126.55,37.423489],[126.550091,37.423422],[126.55,37.423357],[126.55,37.423489]],[[126.586738,37.439069],[126.587227,37.441208],[126.58751,37.441166],[126.58703,37.439031],[126.586738,37.439069]],[[126.591232,37.447446],[126.590902,37.447388],[126.590918,37.44809],[126.591227,37.448092],[126.591232,37.447446]],[[126.57074,37.412071],[126.570336,37.41154],[126.570099,37.411655],[126.57074,37.412071]],[[126.563027,37.415826],[126.56262,37.415295],[126.562385,37.415409],[126.563027,37.415826]],[[126.591227,37.446455],[126.59102,37.446437],[126.591016,37.446924],[126.591227,37.446455]],[[126.570279,37.412165],[126.570332,37.411993],[126.570114,37.411955],[126.570279,37.412165]],[[126.562761,37.415365],[126.562939,37.415473],[126.563068,37.415343],[126.562761,37.415365]],[[126.563247,37.415737],[126.563227,37.415569],[126.563012,37.415581],[126.563247,37.415737]],[[126.570385,37.41118],[126.570185,37.411255],[126.570284,37.411411],[126.570385,37.41118]],[[126.563155,37.41597],[126.56336,37.416006],[126.563408,37.415831],[126.563155,37.41597]],[[126.560558,37.417221],[126.560538,37.417051],[126.56032,37.417067],[126.560558,37.417221]],[[126.57255,37.410177],[126.572519,37.410341],[126.572741,37.410366],[126.57255,37.410177]],[[126.569921,37.411885],[126.570121,37.41183],[126.570059,37.411667],[126.569921,37.411885]],[[126.559175,37.417005],[126.559367,37.416928],[126.559268,37.416773],[126.559175,37.417005]],[[126.562446,37.415099],[126.562346,37.414944],[126.562154,37.415021],[126.562446,37.415099]],[[126.562753,37.41522],[126.562801,37.415046],[126.562595,37.41501],[126.562753,37.41522]],[[126.562178,37.415263],[126.562008,37.41537],[126.562143,37.415505],[126.562178,37.415263]],[[126.56987,37.411393],[126.569681,37.411463],[126.569769,37.411623],[126.56987,37.411393]],[[126.574054,37.41049],[126.573844,37.410436],[126.573779,37.410597],[126.574054,37.41049]],[[126.563285,37.416133],[126.563119,37.416023],[126.562979,37.416158],[126.563285,37.416133]],[[126.571043,37.411949],[126.570837,37.411971],[126.570857,37.412141],[126.571043,37.411949]],[[126.573279,37.410843],[126.573074,37.410808],[126.573015,37.410967],[126.573279,37.410843]],[[126.559854,37.416443],[126.559874,37.416612],[126.560092,37.416596],[126.559854,37.416443]],[[126.562769,37.416023],[126.562629,37.416157],[126.562796,37.416267],[126.562769,37.416023]],[[126.560211,37.417389],[126.56018,37.417213],[126.559973,37.417236],[126.560211,37.417389]],[[126.56042,37.416526],[126.5604,37.416357],[126.560181,37.416373],[126.56042,37.416526]],[[126.572319,37.410585],[126.572497,37.410681],[126.57262,37.410537],[126.572319,37.410585]],[[126.562429,37.415771],[126.562427,37.4156],[126.5622,37.41561],[126.562429,37.415771]],[[126.559528,37.417538],[126.559741,37.417585],[126.559797,37.417421],[126.559528,37.417538]],[[126.570696,37.41143],[126.57049,37.411395],[126.570443,37.411569],[126.570696,37.41143]],[[126.570905,37.412469],[126.57097,37.412307],[126.570754,37.412256],[126.570905,37.412469]],[[126.570117,37.411265],[126.569951,37.411156],[126.569811,37.41129],[126.570117,37.411265]],[[126.573329,37.409815],[126.573282,37.40999],[126.573487,37.410025],[126.573329,37.409815]],[[126.570417,37.412188],[126.570294,37.412332],[126.570472,37.412428],[126.570417,37.412188]],[[126.573131,37.410029],[126.572923,37.40998],[126.572859,37.410141],[126.573131,37.410029]],[[126.572711,37.410863],[126.572672,37.411032],[126.572877,37.411067],[126.572711,37.410863]],[[126.562519,37.41607],[126.562711,37.415992],[126.562611,37.415837],[126.562519,37.41607]],[[126.560577,37.416777],[126.560541,37.416943],[126.560747,37.416979],[126.560577,37.416777]],[[126.570877,37.41186],[126.570941,37.411699],[126.570737,37.411645],[126.570877,37.41186]],[[126.560174,37.416676],[126.560029,37.416746],[126.560224,37.416999],[126.560174,37.416676]],[[126.573674,37.410106],[126.57353,37.410176],[126.573724,37.410429],[126.573674,37.410106]],[[126.572902,37.410481],[126.572758,37.410551],[126.572952,37.410805],[126.572902,37.410481]],[[126.559267,37.417122],[126.559454,37.41737],[126.55959,37.417304],[126.559267,37.417122]],[[126.559552,37.416605],[126.559514,37.416747],[126.559691,37.41677],[126.559552,37.416605]],[[126.559201,37.417614],[126.559213,37.41777],[126.559371,37.417762],[126.559201,37.417614]],[[126.573512,37.410625],[126.573429,37.41075],[126.573585,37.410816],[126.573512,37.410625]],[[126.574327,37.409635],[126.574315,37.409479],[126.574156,37.409487],[126.574327,37.409635]],[[126.57459,37.410145],[126.574694,37.410262],[126.574837,37.410181],[126.57459,37.410145]],[[126.558299,37.417262],[126.558436,37.41735],[126.558549,37.41724],[126.558299,37.417262]],[[126.558811,37.417795],[126.558792,37.417926],[126.558981,37.417943],[126.558811,37.417795]],[[126.573706,37.409791],[126.573883,37.409815],[126.573913,37.409678],[126.573706,37.409791]],[[126.580327,37.407393],[126.580192,37.407439],[126.580316,37.407677],[126.580327,37.407393]],[[126.555794,37.418995],[126.55597,37.419207],[126.556094,37.419142],[126.555794,37.418995]],[[126.552277,37.421757],[126.552388,37.421679],[126.552178,37.421487],[126.552277,37.421757]],[[126.557307,37.418469],[126.557431,37.418403],[126.557253,37.418189],[126.557307,37.418469]],[[126.553577,37.420787],[126.553367,37.420595],[126.553255,37.420672],[126.553577,37.420787]],[[126.558491,37.417519],[126.558658,37.417738],[126.558784,37.417674],[126.558491,37.417519]],[[126.57447,37.409743],[126.574344,37.409805],[126.574509,37.410022],[126.57447,37.409743]],[[126.577394,37.408556],[126.577262,37.408611],[126.577411,37.408837],[126.577394,37.408556]],[[126.578864,37.40797],[126.57873,37.408021],[126.578868,37.408251],[126.578864,37.40797]],[[126.554768,37.419901],[126.55457,37.419702],[126.554454,37.419777],[126.554768,37.419901]],[[126.581945,37.407096],[126.581833,37.40686],[126.581695,37.406904],[126.581945,37.407096]],[[126.57579,37.409189],[126.575948,37.409409],[126.576077,37.409352],[126.57579,37.409189]],[[126.584999,37.406361],[126.584913,37.406152],[126.584767,37.40619],[126.584999,37.406361]],[[126.583286,37.406554],[126.58314,37.406593],[126.58323,37.406796],[126.583286,37.406554]],[[126.582745,37.406664],[126.582601,37.406702],[126.582687,37.406909],[126.582745,37.406664]],[[126.584446,37.406492],[126.584359,37.406284],[126.584216,37.406323],[126.584446,37.406492]],[[126.58376,37.406659],[126.5839,37.406625],[126.583814,37.406417],[126.58376,37.406659]],[[126.551602,37.422234],[126.551706,37.422155],[126.551504,37.422002],[126.551602,37.422234]],[[126.550989,37.422391],[126.551192,37.422536],[126.551287,37.422461],[126.550989,37.422391]],[[126.586938,37.40568],[126.586997,37.405888],[126.587129,37.405861],[126.586938,37.40568]],[[126.586455,37.406019],[126.586587,37.405991],[126.586524,37.405783],[126.586455,37.406019]],[[126.585851,37.40593],[126.585913,37.406135],[126.586043,37.406108],[126.585851,37.40593]],[[126.58551,37.406238],[126.585446,37.40603],[126.585317,37.406058],[126.58551,37.406238]],[[126.587542,37.405756],[126.587675,37.405728],[126.587611,37.405522],[126.587542,37.405756]],[[126.550772,37.42284],[126.550858,37.422771],[126.55067,37.422627],[126.550772,37.42284]],[[126.591055,37.448576],[126.591265,37.448576],[126.591263,37.448488],[126.591055,37.448576]],[[126.591366,37.448857],[126.591345,37.44878],[126.59118,37.448768],[126.591366,37.448857]],[[126.586652,37.438494],[126.586773,37.438479],[126.586755,37.438378],[126.586652,37.438494]],[[126.550377,37.423165],[126.550461,37.423091],[126.550369,37.423025],[126.550377,37.423165]],[[126.550336,37.422998],[126.550243,37.422932],[126.550158,37.423003],[126.550336,37.422998]],[[126.58747,37.441496],[126.58735,37.441516],[126.587374,37.441612],[126.58747,37.441496]],[[126.586708,37.438703],[126.586727,37.438798],[126.586849,37.43878],[126.586708,37.438703]],[[126.591084,37.447106],[126.590969,37.447106],[126.590969,37.447196],[126.591084,37.447106]],[[126.59102,37.446027],[126.591022,37.445938],[126.590909,37.445935],[126.59102,37.446027]],[[126.591114,37.448865],[126.590992,37.44887],[126.59099,37.448956],[126.591114,37.448865]],[[126.590907,37.446332],[126.591018,37.446332],[126.591018,37.446244],[126.590907,37.446332]],[[126.593137,37.405112],[126.59318,37.405111],[126.593157,37.404902],[126.593137,37.405112]],[[126.591431,37.405051],[126.591462,37.405259],[126.591505,37.405255],[126.591431,37.405051]],[[126.597058,37.404932],[126.597101,37.404932],[126.5971,37.404722],[126.597058,37.404932]],[[126.594798,37.404756],[126.594812,37.404966],[126.594841,37.404753],[126.594798,37.404756]],[[126.594256,37.405005],[126.594296,37.405003],[126.594281,37.404795],[126.594256,37.405005]],[[126.597622,37.404957],[126.597662,37.404957],[126.597668,37.404749],[126.597622,37.404957]],[[126.599854,37.405065],[126.599894,37.405069],[126.599928,37.404861],[126.599854,37.405065]],[[126.589745,37.405204],[126.589788,37.405412],[126.589828,37.405405],[126.589745,37.405204]],[[126.590909,37.405096],[126.590869,37.405101],[126.590906,37.405309],[126.590909,37.405096]],[[126.592021,37.405209],[126.592062,37.405206],[126.592036,37.404998],[126.592021,37.405209]],[[126.596493,37.404914],[126.596533,37.404916],[126.596535,37.404706],[126.596493,37.404914]],[[126.598735,37.405017],[126.598775,37.405019],[126.598793,37.404811],[126.598735,37.405017]],[[126.592575,37.405158],[126.592615,37.405154],[126.59259,37.404948],[126.592575,37.405158]],[[126.589186,37.405261],[126.589234,37.405468],[126.589274,37.40546],[126.589186,37.405261]],[[126.593697,37.405062],[126.593736,37.40506],[126.593717,37.404852],[126.593697,37.405062]],[[126.588113,37.405426],[126.588073,37.405433],[126.58813,37.405634],[126.588113,37.405426]],[[126.59035,37.405366],[126.590387,37.40536],[126.590347,37.405154],[126.59035,37.405366]],[[126.595374,37.404916],[126.595414,37.404914],[126.595403,37.404705],[126.595374,37.404916]],[[126.598173,37.404989],[126.59821,37.404991],[126.598228,37.404783],[126.598173,37.404989]],[[126.5993,37.40503],[126.59934,37.405033],[126.599354,37.404824],[126.5993,37.40503]],[[126.591123,37.4493],[126.591124,37.449246],[126.591,37.449242],[126.591123,37.4493]],[[126.594142,37.451402],[126.594122,37.449564],[126.593967,37.449567],[126.594142,37.451402]],[[126.594982,37.44957],[126.594989,37.45],[126.59494,37.450665],[126.595097,37.450672],[126.594982,37.44957]],[[126.595998,37.44957],[126.596,37.450291],[126.596161,37.45029],[126.595998,37.44957]],[[126.594817,37.449613],[126.594816,37.44988],[126.594977,37.44988],[126.594817,37.449613]],[[126.599928,37.456176],[126.600513,37.455509],[126.600256,37.45536],[126.600243,37.455685],[126.599928,37.456176]],[[126.600797,37.456749],[126.601384,37.456067],[126.601254,37.455995],[126.600797,37.456749]],[[126.601915,37.458218],[126.60207,37.458014],[126.601628,37.457843],[126.601915,37.458218]],[[126.602511,37.456461],[126.602337,37.456352],[126.602294,37.456398],[126.602511,37.456461]],[[126.587103,37.496765],[126.585893,37.497926],[126.588271,37.498661],[126.589682,37.498501],[126.591361,37.496858],[126.591196,37.496559],[126.587103,37.496765]],[[126.596648,37.454744],[126.596432,37.45443],[126.595849,37.454699],[126.59597,37.455052],[126.596648,37.454744]],[[126.59591,37.454968],[126.595813,37.455012],[126.595867,37.455082],[126.59591,37.454968]],[[126.595862,37.451591],[126.596486,37.451195],[126.596153,37.450962],[126.595713,37.451367],[126.595862,37.451591]],[[126.593037,37.452083],[126.593188,37.452082],[126.593205,37.450626],[126.593037,37.452083]],[[126.595227,37.462623],[126.593429,37.462634],[126.593436,37.462738],[126.595227,37.462623]],[[126.59798,37.455547],[126.598731,37.454636],[126.5986,37.454567],[126.59798,37.455547]],[[126.599661,37.454991],[126.599526,37.454924],[126.598791,37.455838],[126.599661,37.454991]],[[126.593734,37.46151],[126.593731,37.461617],[126.595239,37.461649],[126.593734,37.46151]],[[126.594813,37.452912],[126.594521,37.453187],[126.594865,37.453418],[126.594813,37.452912]],[[126.593863,37.463552],[126.593863,37.46366],[126.595235,37.463676],[126.593863,37.463552]],[[126.593844,37.464562],[126.593903,37.464457],[126.592866,37.464049],[126.593844,37.464562]],[[126.595257,37.460467],[126.594164,37.460448],[126.594162,37.460554],[126.595257,37.460467]],[[126.594215,37.45826],[126.594287,37.458356],[126.595194,37.457935],[126.594215,37.45826]],[[126.594217,37.458259],[126.594311,37.458216],[126.594488,37.458133],[126.594422,37.458042],[126.594131,37.458175],[126.594217,37.458259]],[[126.595272,37.459378],[126.594248,37.459379],[126.594244,37.459484],[126.595272,37.459378]],[[126.596924,37.457475],[126.597104,37.457267],[126.596836,37.457112],[126.596924,37.457475]],[[126.598337,37.458584],[126.598421,37.458669],[126.598969,37.458348],[126.598337,37.458584]],[[126.599156,37.45923],[126.599247,37.459308],[126.599754,37.458943],[126.599156,37.45923]],[[126.599552,37.455381],[126.599724,37.455148],[126.599589,37.455084],[126.599552,37.455381]],[[126.59337,37.46449],[126.593773,37.464581],[126.593777,37.464545],[126.59337,37.46449]],[[126.59745,37.457138],[126.59775,37.457006],[126.597683,37.456912],[126.59745,37.457138]],[[126.594959,37.458172],[126.595258,37.458045],[126.595194,37.457948],[126.594959,37.458172]],[[126.594722,37.46368],[126.594723,37.463772],[126.595082,37.463767],[126.594722,37.46368]],[[126.594675,37.478267],[126.59451,37.478267],[126.594617,37.478445],[126.594675,37.478267]],[[126.59103,37.450262],[126.591026,37.450173],[126.590881,37.450191],[126.59103,37.450262]],[[126.594691,37.478542],[126.594784,37.478509],[126.594731,37.478419],[126.594691,37.478542]],[[126.594515,37.478251],[126.594621,37.478228],[126.594571,37.478137],[126.594515,37.478251]],[[126.591348,37.496759],[126.591381,37.496846],[126.591469,37.49673],[126.591348,37.496759]],[[126.591021,37.450031],[126.590878,37.450044],[126.590878,37.450087],[126.591021,37.450031]],[[126.594567,37.452908],[126.594502,37.452969],[126.59458,37.453022],[126.594567,37.452908]],[[126.59107,37.45084],[126.590958,37.450839],[126.590958,37.45091],[126.59107,37.45084]],[[126.594483,37.477621],[126.594441,37.47755],[126.594351,37.477584],[126.594483,37.477621]],[[126.595141,37.47892],[126.595175,37.478998],[126.59526,37.478965],[126.595141,37.47892]],[[126.590982,37.450522],[126.59107,37.450524],[126.591071,37.450452],[126.590982,37.450522]],[[126.60321,37.498564],[126.603108,37.497877],[126.602976,37.497979],[126.603126,37.49856],[126.60273,37.499013],[126.602747,37.499459],[126.603033,37.499455],[126.60321,37.498564]],[[126.623112,37.496717],[126.623107,37.49684],[126.624017,37.496857],[126.623112,37.496717]],[[126.629493,37.49914],[126.629692,37.499273],[126.62994,37.499077],[126.629493,37.49914]],[[126.625865,37.496892],[126.626314,37.496892],[126.626316,37.496762],[126.625865,37.496892]],[[126.621455,37.491801],[126.621397,37.491921],[126.621821,37.49205],[126.621455,37.491801]],[[126.625407,37.49676],[126.625407,37.496884],[126.625856,37.496886],[126.625407,37.49676]],[[126.624948,37.49677],[126.624951,37.496894],[126.6254,37.496887],[126.624948,37.49677]],[[126.624484,37.496757],[126.624036,37.496733],[126.624025,37.496857],[126.624484,37.496757]],[[126.624487,37.496882],[126.624936,37.496893],[126.624941,37.49677],[126.624487,37.496882]],[[126.625587,37.49689],[126.62525,37.49689],[126.625251,37.497017],[126.625587,37.49689]],[[126.60343,37.499236],[126.603195,37.499235],[126.603191,37.499407],[126.60343,37.499236]],[[126.600423,37.481845],[126.600341,37.481929],[126.600634,37.482041],[126.600423,37.481845]],[[126.626089,37.496894],[126.626086,37.497021],[126.626307,37.497029],[126.626089,37.496894]],[[126.623867,37.496908],[126.623711,37.496905],[126.623706,37.497082],[126.623867,37.496908]],[[126.62524,37.497114],[126.625248,37.496937],[126.625091,37.496933],[126.62524,37.497114]],[[126.60271,37.499747],[126.602927,37.499764],[126.602926,37.499658],[126.60271,37.499747]],[[126.602712,37.499558],[126.602888,37.499581],[126.602888,37.499472],[126.602712,37.499558]],[[126.62991,37.49924],[126.630037,37.499138],[126.629959,37.499074],[126.62991,37.49924]],[[126.629581,37.498772],[126.629453,37.498873],[126.629532,37.498937],[126.629581,37.498772]],[[126.629681,37.498852],[126.629553,37.498954],[126.629632,37.499017],[126.629681,37.498852]],[[126.630138,37.499219],[126.630058,37.499155],[126.629931,37.499257],[126.630138,37.499219]],[[126.630545,37.499912],[126.630466,37.499848],[126.630386,37.499912],[126.630545,37.499912]],[[126.628714,37.498568],[126.628793,37.498505],[126.628714,37.498442],[126.628714,37.498568]],[[126.630108,37.49956],[126.630029,37.499624],[126.630108,37.499688],[126.630108,37.49956]],[[126.629072,37.498856],[126.629152,37.498793],[126.629072,37.498729],[126.629072,37.498856]],[[126.603446,37.502611],[126.603444,37.502361],[126.602717,37.502394],[126.602718,37.502653],[126.603446,37.502611]],[[126.601977,37.508848],[126.601889,37.509225],[126.602052,37.509279],[126.601977,37.508848]],[[126.603078,37.506718],[126.60305,37.506865],[126.603517,37.507002],[126.603078,37.506718]],[[126.603267,37.506257],[126.603534,37.506288],[126.603588,37.505991],[126.603267,37.506257]],[[126.602545,37.506194],[126.602779,37.506241],[126.60287,37.505973],[126.602545,37.506194]],[[126.602012,37.509612],[126.602074,37.509306],[126.60187,37.509308],[126.602012,37.509612]],[[126.603097,37.504356],[126.603095,37.504202],[126.602801,37.504199],[126.603097,37.504356]],[[126.602825,37.500837],[126.603115,37.500841],[126.603115,37.500691],[126.602825,37.500837]],[[126.603217,37.501415],[126.602918,37.501411],[126.602919,37.501557],[126.603217,37.501415]],[[126.603205,37.503488],[126.602911,37.503481],[126.602913,37.503628],[126.603205,37.503488]],[[126.603001,37.508259],[126.602779,37.508156],[126.602683,37.508283],[126.603001,37.508259]],[[126.601564,37.511795],[126.601352,37.511782],[126.601315,37.511941],[126.601564,37.511795]],[[126.60319,37.507495],[126.602938,37.507475],[126.602904,37.507622],[126.60319,37.507495]],[[126.602709,37.502151],[126.60271,37.502374],[126.60288,37.502381],[126.602709,37.502151]],[[126.602881,37.50267],[126.602705,37.502666],[126.602705,37.502884],[126.602881,37.50267]],[[126.603992,37.506128],[126.604133,37.506132],[126.604117,37.505941],[126.603992,37.506128]],[[126.602207,37.508699],[126.60223,37.508584],[126.60203,37.508574],[126.602207,37.508699]],[[126.602705,37.503021],[126.602708,37.503096],[126.602907,37.503119],[126.602705,37.503021]],[[126.602716,37.501945],[126.602711,37.502019],[126.602914,37.502035],[126.602716,37.501945]],[[126.602139,37.508843],[126.602167,37.508727],[126.601997,37.508734],[126.602139,37.508843]],[[126.602712,37.505598],[126.602688,37.505713],[126.602833,37.505734],[126.602712,37.505598]],[[126.602649,37.506426],[126.602509,37.506399],[126.602479,37.506517],[126.602649,37.506426]],[[126.60306,37.500129],[126.603061,37.500238],[126.603202,37.500241],[126.60306,37.500129]],[[126.602372,37.508147],[126.602509,37.508165],[126.602529,37.508057],[126.602372,37.508147]],[[126.602104,37.510008],[126.602132,37.509901],[126.602001,37.509879],[126.602104,37.510008]],[[126.601438,37.512478],[126.601317,37.512456],[126.601306,37.512558],[126.601438,37.512478]],[[126.602639,37.506257],[126.602511,37.506228],[126.602484,37.506318],[126.602639,37.506257]],[[126.602602,37.505878],[126.60273,37.5059],[126.602755,37.50581],[126.602602,37.505878]],[[126.601702,37.510885],[126.601726,37.510804],[126.6016,37.510782],[126.601702,37.510885]],[[126.601383,37.511591],[126.601369,37.511678],[126.601483,37.511688],[126.601383,37.511591]],[[126.601584,37.511215],[126.601571,37.511304],[126.601681,37.511321],[126.601584,37.511215]],[[126.60128,37.512144],[126.601382,37.512158],[126.601409,37.512063],[126.60128,37.512144]],[[126.602677,37.507017],[126.602579,37.507002],[126.602561,37.507082],[126.602677,37.507017]],[[126.601184,37.512859],[126.601185,37.512944],[126.601281,37.512959],[126.601184,37.512859]],[[126.601906,37.509996],[126.601885,37.510079],[126.60198,37.51009],[126.601906,37.509996]],[[126.603165,37.505229],[126.603192,37.50516],[126.603097,37.505133],[126.603165,37.505229]],[[126.66584,37.350315],[126.666205,37.350101],[126.666107,37.35],[126.66584,37.350315]],[[126.66658,37.349877],[126.66649,37.349778],[126.666124,37.34999],[126.66658,37.349877]],[[126.606341,37.316761],[126.606759,37.316136],[126.60608,37.315126],[126.605431,37.315744],[126.606341,37.316761]],[[126.600381,37.346348],[126.600393,37.347077],[126.60055,37.347077],[126.600381,37.346348]],[[126.60779,37.338011],[126.607789,37.337877],[126.607498,37.337877],[126.60779,37.338011]],[[126.608432,37.337879],[126.60814,37.33788],[126.608141,37.338012],[126.608432,37.337879]],[[126.608546,37.344459],[126.608715,37.344463],[126.608718,37.344327],[126.608546,37.344459]],[[126.606153,37.338185],[126.606058,37.338111],[126.605961,37.338187],[126.606153,37.338185]],[[126.60679,37.338242],[126.606926,37.338242],[126.606926,37.338136],[126.60679,37.338242]],[[126.609872,37.338122],[126.609779,37.338199],[126.609872,37.338273],[126.609872,37.338122]],[[126.609136,37.338143],[126.609004,37.338143],[126.609004,37.338249],[126.609136,37.338143]],[[126.692202,37.349546],[126.692618,37.348368],[126.692024,37.349537],[126.692202,37.349546]],[[126.683054,37.347061],[126.682608,37.34701],[126.682588,37.347144],[126.683054,37.347061]],[[126.683531,37.347116],[126.683089,37.347064],[126.683066,37.347186],[126.683531,37.347116]],[[126.666497,37.349763],[126.666588,37.349866],[126.66694,37.349658],[126.666497,37.349763]],[[126.667306,37.350641],[126.667405,37.350747],[126.667767,37.350531],[126.667306,37.350641]],[[126.667538,37.352086],[126.667902,37.351871],[126.667808,37.351768],[126.667538,37.352086]],[[126.666588,37.3511],[126.666681,37.351201],[126.667045,37.350983],[126.666588,37.3511]],[[126.668277,37.351645],[126.668183,37.351544],[126.66782,37.351759],[126.668277,37.351645]],[[126.668655,37.351425],[126.668563,37.351323],[126.668198,37.351537],[126.668655,37.351425]],[[126.667403,37.350747],[126.667308,37.350648],[126.666951,37.350866],[126.667403,37.350747]],[[126.69033,37.354852],[126.690173,37.354645],[126.690264,37.354792],[126.69033,37.354852]],[[126.68989,37.354694],[126.689812,37.354748],[126.689934,37.354802],[126.68989,37.354694]],[[126.690009,37.354866],[126.69001,37.354828],[126.689978,37.354836],[126.690009,37.354866]],[[126.629365,37.370988],[126.629452,37.370933],[126.629239,37.370715],[126.629365,37.370988]],[[126.601536,37.405158],[126.60158,37.405163],[126.601612,37.404955],[126.601536,37.405158]],[[126.602105,37.405174],[126.602148,37.405179],[126.602179,37.404971],[126.602105,37.405174]],[[126.601015,37.405131],[126.601046,37.404925],[126.601006,37.404921],[126.601015,37.405131]],[[126.60041,37.405097],[126.600453,37.405101],[126.600484,37.404893],[126.60041,37.405097]],[[126.602667,37.405209],[126.602707,37.405216],[126.602741,37.405008],[126.602667,37.405209]],[[126.602921,37.423644],[126.602516,37.423253],[126.600399,37.424575],[126.602526,37.423835],[126.602674,37.424054],[126.602921,37.423644]],[[126.609392,37.433551],[126.610603,37.433067],[126.610543,37.432972],[126.609392,37.433551]],[[126.614684,37.442937],[126.615387,37.442619],[126.615284,37.44248],[126.614684,37.442937]],[[126.613519,37.438329],[126.613459,37.438233],[126.612262,37.438733],[126.613519,37.438329]],[[126.615021,37.443112],[126.615649,37.442766],[126.615542,37.442649],[126.615021,37.443112]],[[126.615244,37.442382],[126.615159,37.442273],[126.614379,37.442612],[126.615244,37.442382]],[[126.612998,37.435134],[126.612873,37.434945],[126.612754,37.434993],[126.612998,37.435134]],[[126.613685,37.436475],[126.613805,37.436668],[126.613927,37.43662],[126.613685,37.436475]],[[126.613196,37.446435],[126.613226,37.446489],[126.613581,37.446325],[126.613196,37.446435]],[[126.613041,37.435232],[126.612928,37.435291],[126.612964,37.435348],[126.613041,37.435232]],[[126.613972,37.436713],[126.613859,37.436773],[126.613895,37.436829],[126.613972,37.436713]],[[126.613739,37.436342],[126.61369,37.436262],[126.61359,37.436301],[126.613739,37.436342]],[[126.612645,37.43484],[126.612702,37.434899],[126.612808,37.434859],[126.612645,37.43484]],[[126.613411,37.435818],[126.613541,37.435766],[126.613502,37.435703],[126.613411,37.435818]],[[126.613708,37.438236],[126.613794,37.438215],[126.613771,37.438145],[126.613708,37.438236]],[[126.612011,37.438921],[126.612103,37.438904],[126.612078,37.438836],[126.612011,37.438921]],[[126.609048,37.433568],[126.609069,37.43364],[126.609159,37.433623],[126.609048,37.433568]],[[126.610835,37.432872],[126.610765,37.43292],[126.610813,37.432974],[126.610835,37.432872]],[[126.613315,37.435465],[126.613215,37.435504],[126.613254,37.435569],[126.613315,37.435465]],[[126.612696,37.434482],[126.612597,37.434521],[126.612636,37.434586],[126.612696,37.434482]],[[126.61244,37.434273],[126.612478,37.434336],[126.612578,37.434296],[126.61244,37.434273]],[[126.613628,37.435965],[126.613529,37.436004],[126.613569,37.436067],[126.613628,37.435965]],[[126.614245,37.436948],[126.614146,37.436986],[126.614185,37.43705],[126.614245,37.436948]],[[126.614303,37.437237],[126.614343,37.437299],[126.614442,37.43726],[126.614303,37.437237]],[[126.611736,37.432618],[126.611798,37.432595],[126.611757,37.432532],[126.611736,37.432618]],[[126.611432,37.432736],[126.611492,37.432713],[126.611454,37.432652],[126.611432,37.432736]],[[126.611186,37.43283],[126.611154,37.432774],[126.61109,37.432797],[126.611186,37.43283]],[[126.613139,37.434904],[126.61317,37.434952],[126.61321,37.434936],[126.613139,37.434904]],[[126.612791,37.453484],[126.612926,37.453423],[126.612407,37.452717],[126.612791,37.453484]],[[126.611514,37.453401],[126.611775,37.4539],[126.611919,37.453854],[126.611514,37.453401]],[[126.609601,37.452012],[126.609931,37.451837],[126.609834,37.451723],[126.609601,37.452012]]]},"properties":{"id":"khoa-hrbare-50053","name":"인천항","englishName":"INCHEON HANG","harborTypeCode":"GBN284","relatedInstitutionCode":"1192136","statusCode":null,"minimumScale":17999.0,"source":"국립해양조사원(KHOA)","sourceUpdatedAt":"2025-08-11","sourceRaw":"{\"gid\":53,\"objnum\":\"50053\",\"pbinst\":\"1192136\",\"indcde_1\":\"\",\"indcde_2\":\"ENW004\",\"indcde_3\":\"CLW007\",\"mnymd\":\"20241130\",\"clfcde\":\"COD007\",\"enclev\":\"5, 6\",\"enc_no\":\"KR5G3F11, KR688D84\",\"gubun\":\"GBN284\",\"nobjnm\":\"인천항\",\"objnam\":\"INCHEON HANG\",\"status\":\"\",\"inform\":\"\",\"ninfom\":\"\",\"ntxtds\":\"\",\"scamin\":17999,\"txtdsc\":\"\",\"sordat\":\"\",\"sorind\":\"\"}"}},{"type":"Feature","id":"khoa-hrbare-50055","geometry":{"type":"MultiPolygon","coordinates":[[[[129.495747,36.121033],[129.416348,36.121033],[129.424205,36.114906],[129.42803,36.112781],[129.430716,36.112427],[129.431127,36.113533],[129.437014,36.113511],[129.439679,36.112466],[129.440139,36.112758],[129.439685,36.112343],[129.43699,36.11342],[129.432238,36.113167],[129.432231,36.11208],[129.432067,36.112447],[129.431234,36.112449],[129.43123,36.111638],[129.43223,36.111815],[129.432224,36.110666],[129.439638,36.11064],[129.439638,36.110852],[129.441155,36.111962],[129.439733,36.11082],[129.439659,36.097206],[129.440085,36.097074],[129.440123,36.093057],[129.438281,36.092934],[129.437807,36.092106],[129.436547,36.092115],[129.436445,36.090787],[129.436306,36.092081],[129.432872,36.09209],[129.432874,36.092539],[129.434818,36.092531],[129.434818,36.09278],[129.426278,36.092823],[129.428212,36.095332],[129.429008,36.09533],[129.429061,36.096323],[129.427239,36.096185],[129.426882,36.095804],[129.427102,36.09546],[129.424885,36.093638],[129.421874,36.090047],[129.420526,36.089318],[129.420666,36.087868],[129.420308,36.08826],[129.419261,36.087615],[129.417477,36.084985],[129.416991,36.081819],[129.416441,36.081563],[129.417029,36.081712],[129.417202,36.080435],[129.419877,36.076468],[129.418063,36.073685],[129.415381,36.073269],[129.414719,36.072551],[129.412995,36.072196],[129.412308,36.07109],[129.412096,36.071024],[129.411409,36.071162],[129.412185,36.071112],[129.412845,36.072233],[129.41168,36.072629],[129.411552,36.071631],[129.411216,36.071994],[129.411534,36.072578],[129.410714,36.072926],[129.407581,36.07215],[129.405946,36.069949],[129.406914,36.071303],[129.405606,36.07162],[129.404981,36.071054],[129.405706,36.070608],[129.404562,36.071189],[129.400439,36.068512],[129.399581,36.066125],[129.397938,36.064294],[129.396196,36.063194],[129.392054,36.063173],[129.38972,36.062557],[129.389439,36.062086],[129.387846,36.061403],[129.38728,36.061639],[129.388016,36.061537],[129.389486,36.062349],[129.38836,36.063128],[129.387499,36.063212],[129.38672,36.06233],[129.386963,36.062099],[129.386575,36.062328],[129.387449,36.063317],[129.386379,36.06372],[129.385131,36.063712],[129.383016,36.062771],[129.380709,36.060327],[129.379028,36.057266],[129.378522,36.05531],[129.378779,36.052484],[129.378893,36.052021],[129.381424,36.050749],[129.383112,36.047701],[129.384328,36.046974],[129.384843,36.04601],[129.38424,36.046914],[129.383044,36.047637],[129.382468,36.048651],[129.382148,36.048529],[129.380227,36.050938],[129.376213,36.051895],[129.374325,36.051541],[129.372818,36.050774],[129.370411,36.0403],[129.372231,36.040142],[129.373177,36.042796],[129.373001,36.043702],[129.372245,36.043799],[129.373198,36.04393],[129.372735,36.044344],[129.373142,36.044444],[129.373178,36.044956],[129.372692,36.045035],[129.373223,36.045024],[129.373635,36.045645],[129.372923,36.04614],[129.373296,36.046046],[129.374142,36.049595],[129.376206,36.049965],[129.377121,36.046516],[129.380048,36.047026],[129.380139,36.046685],[129.381129,36.046844],[129.379737,36.046134],[129.377574,36.0458],[129.377178,36.044341],[129.377435,36.041699],[129.378979,36.038008],[129.379388,36.037622],[129.380057,36.037839],[129.379446,36.037578],[129.379615,36.037008],[129.380498,36.036106],[129.380991,36.036286],[129.380455,36.035994],[129.380653,36.034848],[129.381258,36.034387],[129.382019,36.034704],[129.381524,36.03444],[129.381639,36.034058],[129.383836,36.031879],[129.385828,36.032645],[129.38344,36.031605],[129.383282,36.031035],[129.385257,36.028266],[129.390155,36.030472],[129.401434,36.038715],[129.431391,36.030301],[129.431779,36.027375],[129.419596,36.026559],[129.41856,36.026845],[129.41837,36.026419],[129.407603,36.029765],[129.40742,36.028982],[129.400868,36.021501],[129.397135,36.020701],[129.392313,36.012229],[129.394963,36.010931],[129.397145,36.01416],[129.401056,36.013789],[129.402635,36.012265],[129.404928,36.014228],[129.406762,36.013862],[129.405954,36.01314],[129.406196,36.012987],[129.403842,36.011332],[129.407021,36.008894],[129.409718,36.011202],[129.410105,36.016043],[129.412747,36.016296],[129.412395,36.011815],[129.415697,36.01215],[129.416058,36.016644],[129.418279,36.016853],[129.417954,36.012826],[129.42124,36.013159],[129.421284,36.013647],[129.42133,36.013339],[129.422474,36.013452],[129.422546,36.01443],[129.42141,36.014486],[129.421311,36.014009],[129.421335,36.01454],[129.421995,36.014521],[129.422316,36.018874],[129.422983,36.018856],[129.423055,36.019832],[129.423579,36.019822],[129.423883,36.022318],[129.423064,36.011197],[129.415385,36.006012],[129.416247,36.005476],[129.423239,36.010012],[129.423266,36.009971],[129.417902,36.006474],[129.41801,36.005693],[129.418434,36.006522],[129.418752,36.006092],[129.417481,36.004939],[129.41872,36.005886],[129.420693,36.002644],[129.422594,36.000845],[129.425151,35.999337],[129.424948,35.998756],[129.425251,35.999288],[129.429859,35.996816],[129.438532,35.993692],[129.438545,35.993592],[129.438692,35.993457],[129.438956,35.993337],[129.438859,35.993106],[129.439022,35.993341],[129.438558,35.993624],[129.440435,35.993287],[129.445159,35.991552],[129.443941,35.991511],[129.445163,35.991316],[129.445375,35.991735],[129.451235,35.991354],[129.456241,35.993244],[129.456086,35.993882],[129.456614,35.9951],[129.457599,35.996088],[129.457629,35.996572],[129.456611,35.996756],[129.457811,35.996646],[129.457928,35.997698],[129.457421,35.998323],[129.455733,35.997067],[129.457332,35.998459],[129.456549,35.999884],[129.45551,35.999986],[129.455486,36.000258],[129.456586,36.000265],[129.458653,36.003335],[129.46206,36.004198],[129.462246,36.004831],[129.46444,36.006091],[129.46612,36.008171],[129.466337,36.007786],[129.46694,36.008078],[129.46574,36.008475],[129.466189,36.008544],[129.466979,36.00816],[129.469565,36.009956],[129.472921,36.011421],[129.474989,36.013167],[129.474948,36.013503],[129.47627,36.013606],[129.475029,36.014163],[129.476463,36.01363],[129.47775,36.014515],[129.481037,36.015076],[129.481868,36.01559],[129.481894,36.016202],[129.482553,36.016518],[129.486639,36.016199],[129.487295,36.017105],[129.48759,36.0168],[129.48706,36.016669],[129.487078,36.016274],[129.487663,36.016264],[129.487621,36.016574],[129.487798,36.016234],[129.488618,36.016414],[129.488108,36.016622],[129.488824,36.016814],[129.48854,36.017136],[129.487283,36.017744],[129.488595,36.017194],[129.488895,36.016861],[129.489187,36.016819],[129.490995,36.018214],[129.492459,36.018453],[129.495499,36.021152],[129.495747,36.121033]],[[129.373149,36.046123],[129.37319,36.046395],[129.373346,36.046383],[129.373149,36.046123]],[[129.481114,36.015194],[129.481102,36.015214],[129.481142,36.015238],[129.481114,36.015194]],[[129.45678,35.999047],[129.456735,35.999036],[129.456719,35.999078],[129.45678,35.999047]],[[129.408091,36.018481],[129.404722,36.020032],[129.408165,36.018606],[129.408764,36.018694],[129.408091,36.018481]],[[129.414757,36.021282],[129.418425,36.019132],[129.418348,36.019049],[129.414757,36.021282]],[[129.418374,36.073108],[129.418235,36.073114],[129.418613,36.073518],[129.418374,36.073108]],[[129.421806,36.089651],[129.421842,36.089709],[129.421797,36.08954],[129.421806,36.089651]],[[129.442977,36.031657],[129.442991,36.031408],[129.436655,36.035047],[129.442977,36.031657]],[[129.453939,36.091203],[129.447298,36.080815],[129.447185,36.080958],[129.453939,36.091203]],[[129.421653,36.03504],[129.421902,36.034965],[129.421801,36.034775],[129.421653,36.03504]],[[129.4225,36.013972],[129.422476,36.013705],[129.422314,36.013717],[129.4225,36.013972]],[[129.383404,36.031277],[129.383954,36.031196],[129.383863,36.030933],[129.383404,36.031277]],[[129.373644,36.048644],[129.373761,36.048989],[129.373925,36.048956],[129.373644,36.048644]],[[129.385407,36.030189],[129.385266,36.030212],[129.385259,36.030271],[129.385407,36.030189]],[[129.373925,36.048969],[129.373758,36.049008],[129.373911,36.049042],[129.373925,36.048969]],[[129.399968,36.066227],[129.399973,36.066258],[129.4,36.066252],[129.399968,36.066227]],[[129.388859,36.062184],[129.388934,36.062083],[129.388422,36.061791],[129.387982,36.061748],[129.388859,36.062184]],[[129.399887,36.066099],[129.39994,36.066083],[129.399892,36.066059],[129.399887,36.066099]],[[129.396778,36.063173],[129.396757,36.063164],[129.396737,36.063188],[129.396778,36.063173]],[[129.399781,36.065863],[129.399772,36.065837],[129.399754,36.065843],[129.399781,36.065863]],[[129.399635,36.065515],[129.399612,36.065519],[129.399612,36.06553],[129.399635,36.065515]],[[129.398345,36.064277],[129.398334,36.064259],[129.39832,36.064272],[129.398345,36.064277]],[[129.397163,36.063543],[129.397143,36.063532],[129.397136,36.063545],[129.397163,36.063543]],[[129.412375,36.071953],[129.412578,36.071886],[129.412517,36.071703],[129.412253,36.071317],[129.412078,36.071389],[129.412244,36.071358],[129.412375,36.071953]],[[129.418749,36.073779],[129.418826,36.073717],[129.418715,36.073688],[129.418749,36.073779]],[[129.420415,36.077274],[129.420436,36.077362],[129.420501,36.07734],[129.420415,36.077274]],[[129.41812,36.073047],[129.41819,36.073113],[129.41823,36.073073],[129.41812,36.073047]],[[129.420569,36.077031],[129.420639,36.077045],[129.420641,36.077005],[129.420569,36.077031]],[[129.419947,36.075786],[129.419958,36.075749],[129.419897,36.07574],[129.419947,36.075786]],[[129.420332,36.076405],[129.420305,36.076447],[129.42035,36.076463],[129.420332,36.076405]],[[129.4189,36.074063],[129.418893,36.074012],[129.41885,36.074019],[129.4189,36.074063]],[[129.420269,36.076298],[129.420308,36.076288],[129.420282,36.076242],[129.420269,36.076298]],[[129.418106,36.079141],[129.418158,36.079154],[129.418174,36.079125],[129.418106,36.079141]],[[129.42198,36.089941],[129.421953,36.089908],[129.421913,36.089916],[129.42198,36.089941]],[[129.419922,36.076147],[129.419924,36.07619],[129.419964,36.076178],[129.419922,36.076147]],[[129.417506,36.073371],[129.417549,36.073358],[129.41754,36.073331],[129.417506,36.073371]],[[129.417872,36.07983],[129.417851,36.079864],[129.417895,36.079873],[129.417872,36.07983]],[[129.425265,36.093848],[129.425307,36.093835],[129.425286,36.093802],[129.425265,36.093848]],[[129.400023,36.066361],[129.400047,36.066377],[129.40007,36.066352],[129.400023,36.066361]],[[129.425347,36.093909],[129.425381,36.093909],[129.425383,36.093887],[129.425347,36.093909]],[[129.4207,36.089185],[129.4207,36.089167],[129.420668,36.089171],[129.4207,36.089185]],[[129.414435,36.072128],[129.414408,36.072128],[129.414412,36.072152],[129.414435,36.072128]],[[129.415028,36.072205],[129.415006,36.072194],[129.414999,36.072218],[129.415028,36.072205]],[[129.420646,36.089085],[129.420627,36.089074],[129.420612,36.089088],[129.420646,36.089085]],[[129.420605,36.088991],[129.420591,36.088999],[129.420612,36.089011],[129.420605,36.088991]],[[129.400158,36.066537],[129.400142,36.066538],[129.400149,36.066557],[129.400158,36.066537]],[[129.463997,36.097753],[129.463513,36.098487],[129.439737,36.118243],[129.464203,36.098207],[129.464148,36.089755],[129.464465,36.08919],[129.463859,36.0893],[129.463997,36.097753]],[[129.427582,36.11315],[129.427574,36.113127],[129.427552,36.113166],[129.427582,36.11315]],[[129.456876,35.995719],[129.456775,35.995672],[129.456786,35.99571],[129.456876,35.995719]],[[129.45637,35.994714],[129.456394,35.994707],[129.456381,35.994675],[129.45637,35.994714]],[[129.456835,35.995583],[129.456842,35.995618],[129.456865,35.995604],[129.456835,35.995583]],[[129.456265,35.994605],[129.456273,35.994595],[129.456267,35.994585],[129.456265,35.994605]],[[129.456434,35.9948],[129.45642,35.994809],[129.456427,35.994815],[129.456434,35.9948]],[[129.458719,36.003675],[129.458692,36.00368],[129.45875,36.003744],[129.458719,36.003675]],[[129.462133,36.00454],[129.462144,36.00451],[129.462033,36.004497],[129.462133,36.00454]],[[129.478004,36.015654],[129.478081,36.015641],[129.477927,36.015511],[129.478004,36.015654]],[[129.476786,36.015425],[129.476843,36.015523],[129.476935,36.015478],[129.476786,36.015425]],[[129.482404,36.018332],[129.482571,36.018378],[129.482289,36.018132],[129.482404,36.018332]],[[129.482686,36.018112],[129.482719,36.018092],[129.482646,36.01799],[129.482686,36.018112]],[[129.416253,36.072899],[129.41616,36.072856],[129.416142,36.072922],[129.416253,36.072899]],[[129.415012,36.072763],[129.414969,36.072778],[129.415008,36.072809],[129.415012,36.072763]],[[129.492963,36.019623],[129.492974,36.019628],[129.493027,36.019556],[129.492963,36.019623]],[[129.495393,36.022283],[129.495302,36.022246],[129.495303,36.022285],[129.495393,36.022283]],[[129.495221,36.022323],[129.495201,36.022329],[129.495209,36.022406],[129.495221,36.022323]],[[129.422012,36.09009],[129.422046,36.090211],[129.422103,36.090249],[129.422012,36.09009]]],[[[129.435504,36.092794],[129.435117,36.092808],[129.435113,36.09253],[129.435504,36.092794]]]]},"properties":{"id":"khoa-hrbare-50055","name":"포항항","englishName":"POHANG HANG","harborTypeCode":"GBN284","relatedInstitutionCode":"1192136","statusCode":null,"minimumScale":17999.0,"source":"국립해양조사원(KHOA)","sourceUpdatedAt":"2025-08-11","sourceRaw":"{\"gid\":55,\"objnum\":\"50055\",\"pbinst\":\"1192136\",\"indcde_1\":\"BCH044\",\"indcde_2\":\"ENW010\",\"indcde_3\":\"CLW012\",\"mnymd\":\"20241130\",\"clfcde\":\"COD007\",\"enclev\":\"6\",\"enc_no\":\"KR688D84\",\"gubun\":\"GBN284\",\"nobjnm\":\"포항항\",\"objnam\":\"POHANG HANG\",\"status\":\"\",\"inform\":\"\",\"ninfom\":\"\",\"ntxtds\":\"\",\"scamin\":17999,\"txtdsc\":\"\",\"sordat\":\"\",\"sorind\":\"\"}"}},{"type":"Feature","id":"khoa-hrbare-50056","geometry":{"type":"Polygon","coordinates":[[[126.253159,33.407772],[126.253861,33.408166],[126.253625,33.408578],[126.25404,33.408335],[126.257025,33.411176],[126.253994,33.412676],[126.253107,33.415677],[126.253782,33.413554],[126.255857,33.41265],[126.260256,33.416889],[126.26099,33.416337],[126.261821,33.416535],[126.262452,33.415976],[126.262953,33.41642],[126.262256,33.41846],[126.260684,33.418115],[126.262188,33.418633],[126.261783,33.419938],[126.260215,33.419594],[126.260134,33.419858],[126.261703,33.4202],[126.261247,33.421604],[126.261891,33.421753],[126.262075,33.422355],[126.260548,33.423152],[126.258929,33.422727],[126.258221,33.421698],[126.257925,33.420816],[126.258461,33.420806],[126.258892,33.420174],[126.257845,33.42025],[126.258506,33.418022],[126.257705,33.417103],[126.251883,33.417031],[126.257654,33.417209],[126.258357,33.417937],[126.257831,33.419077],[126.257744,33.420618],[126.258066,33.421683],[126.25881,33.422806],[126.260458,33.423224],[126.260218,33.423947],[126.260963,33.423762],[126.262162,33.422522],[126.263628,33.425207],[126.263823,33.424957],[126.26429,33.425132],[126.263743,33.425622],[126.26348,33.425325],[126.263334,33.425666],[126.262343,33.425424],[126.262634,33.425702],[126.263574,33.425921],[126.263438,33.426659],[126.263866,33.42707],[126.263077,33.427756],[126.263298,33.428211],[126.263815,33.42793],[126.263334,33.428658],[126.262235,33.428472],[126.261768,33.428847],[126.261755,33.429338],[126.262731,33.429551],[126.263471,33.430946],[126.262064,33.432339],[126.262337,33.433494],[126.261633,33.434046],[126.261819,33.434671],[126.24049,33.41738],[126.252344,33.407495],[126.252231,33.407898],[126.253159,33.407772]],[[126.261131,33.424477],[126.260778,33.423869],[126.260707,33.423927],[126.261131,33.424477]],[[126.261872,33.430131],[126.26224,33.429968],[126.261928,33.429847],[126.261872,33.430131]],[[126.263193,33.427103],[126.263266,33.427123],[126.263298,33.427063],[126.263193,33.427103]],[[126.262804,33.427978],[126.262946,33.427968],[126.262905,33.427919],[126.262804,33.427978]],[[126.259693,33.42427],[126.259679,33.42411],[126.25958,33.42412],[126.259693,33.42427]],[[126.262793,33.427636],[126.262822,33.427591],[126.262692,33.427531],[126.262793,33.427636]]]},"properties":{"id":"khoa-hrbare-50056","name":"한림항","englishName":"Hallim Hang","harborTypeCode":"GBN284","relatedInstitutionCode":"1192136","statusCode":null,"minimumScale":17999.0,"source":"국립해양조사원(KHOA)","sourceUpdatedAt":"2025-08-11","sourceRaw":"{\"gid\":56,\"objnum\":\"50056\",\"pbinst\":\"1192136\",\"indcde_1\":\"\",\"indcde_2\":\"\",\"indcde_3\":\"CLW009\",\"mnymd\":\"20241130\",\"clfcde\":\"COD007\",\"enclev\":\"6\",\"enc_no\":\"KR688D84\",\"gubun\":\"GBN284\",\"nobjnm\":\"한림항\",\"objnam\":\"Hallim Hang\",\"status\":\"\",\"inform\":\"\",\"ninfom\":\"\",\"ntxtds\":\"\",\"scamin\":17999,\"txtdsc\":\"\",\"sordat\":\"\",\"sorind\":\"\"}"}},{"type":"Feature","id":"khoa-hrbare-50057","geometry":{"type":"MultiPolygon","coordinates":[[[[125.905718,37.828743],[125.904369,37.83037],[125.902136,37.832065],[125.89473,37.834871],[125.893119,37.836209],[125.894142,37.83831],[125.897799,37.842097],[125.89804,37.845407],[125.898657,37.846548],[125.902621,37.849359],[125.901972,37.850409],[125.899636,37.851438],[125.897703,37.851722],[125.894154,37.853551],[125.893479,37.857161],[125.892567,37.858297],[125.893313,37.858806],[125.893934,37.858302],[125.894415,37.858387],[125.89452,37.861054],[125.893644,37.862058],[125.889857,37.863321],[125.888248,37.864906],[125.891969,37.866381],[125.89408,37.869639],[125.895266,37.870064],[125.894677,37.870044],[125.89434,37.870442],[125.891519,37.866353],[125.889208,37.868164],[125.892029,37.871244],[125.891744,37.87145],[125.888672,37.868542],[125.883575,37.871718],[125.883038,37.873748],[125.883774,37.874036],[125.883549,37.874798],[125.885686,37.875442],[125.885799,37.876046],[125.879698,37.87359],[125.844334,37.861371],[125.829215,37.889404],[125.830956,37.890072],[125.831186,37.889588],[125.829941,37.88907],[125.841675,37.866758],[125.843968,37.867156],[125.846503,37.862484],[125.871477,37.871333],[125.869219,37.875591],[125.877828,37.878502],[125.876349,37.881163],[125.883262,37.88382],[125.882952,37.885342],[125.883517,37.883551],[125.884764,37.884708],[125.885521,37.884488],[125.885886,37.88371],[125.886734,37.883241],[125.885935,37.884708],[125.885039,37.885314],[125.885012,37.885873],[125.883262,37.885645],[125.882387,37.886114],[125.881526,37.885398],[125.880854,37.885694],[125.880514,37.886531],[125.880998,37.88717],[125.882256,37.887502],[125.880776,37.888434],[125.880772,37.888707],[125.881239,37.888685],[125.881145,37.890008],[125.881794,37.889609],[125.882139,37.889985],[125.883351,37.889668],[125.884764,37.889847],[125.885239,37.889957],[125.885377,37.890736],[125.884364,37.89137],[125.884247,37.891053],[125.882449,37.890646],[125.882897,37.891004],[125.882049,37.891252],[125.882187,37.8919],[125.878602,37.890342],[125.877968,37.890657],[125.862676,37.885448],[125.862012,37.885907],[125.85543,37.8978],[125.847925,37.895333],[125.847854,37.895596],[125.856717,37.898456],[125.85596,37.902098],[125.856981,37.902335],[125.852723,37.910047],[125.857137,37.902358],[125.859485,37.902802],[125.859684,37.902299],[125.862466,37.903717],[125.861407,37.904873],[125.862001,37.906162],[125.86338,37.906646],[125.861966,37.907428],[125.862889,37.908269],[125.866435,37.906137],[125.866699,37.906642],[125.865811,37.90697],[125.865528,37.908281],[125.863847,37.909594],[125.861974,37.910546],[125.859332,37.911083],[125.857267,37.912299],[125.855146,37.912555],[125.854114,37.911395],[125.85212,37.911335],[125.85226,37.91063],[125.851673,37.911579],[125.847949,37.912925],[125.846053,37.914351],[125.844921,37.916709],[125.845302,37.917598],[125.846053,37.917819],[125.846005,37.91908],[125.847711,37.920452],[125.84826,37.921685],[125.8449,37.92143],[125.84413,37.92066],[125.836424,37.923456],[125.835715,37.923977],[125.835226,37.925141],[125.835193,37.926759],[125.836238,37.927916],[125.835229,37.92832],[125.834579,37.928163],[125.831399,37.930968],[125.830382,37.932165],[125.830424,37.933172],[125.828293,37.936358],[125.82291,37.934796],[125.821245,37.938647],[125.827412,37.940024],[125.827341,37.942278],[125.829429,37.944315],[125.833939,37.942933],[125.834597,37.944002],[125.835747,37.943824],[125.834274,37.944843],[125.83366,37.944152],[125.832196,37.944275],[125.832113,37.944599],[125.83221,37.946793],[125.833732,37.947104],[125.833662,37.947736],[125.832955,37.947959],[125.832331,37.953009],[125.833538,37.95373],[125.832505,37.953878],[125.831248,37.952851],[125.83151,37.951736],[125.830748,37.950969],[125.829515,37.950889],[125.82739,37.949573],[125.825141,37.951091],[125.823823,37.948762],[125.822985,37.94842],[125.822969,37.947326],[125.820135,37.945899],[125.816129,37.944295],[125.812542,37.944696],[125.81247,37.944095],[125.81172,37.944],[125.81207,37.944095],[125.81195,37.944655],[125.811032,37.945237],[125.803358,37.947925],[125.796516,37.95241],[125.792785,37.957803],[125.791123,37.959059],[125.790932,37.960304],[125.792398,37.963565],[125.792542,37.965476],[125.795209,37.971178],[125.796253,37.972162],[125.800859,37.979141],[125.802978,37.980084],[125.803206,37.980429],[125.802314,37.98119],[125.803336,37.980652],[125.804335,37.983721],[125.80225,37.983481],[125.802419,37.981313],[125.802068,37.983452],[125.794829,37.982997],[125.807054,37.984495],[125.808773,37.983994],[125.810368,37.985429],[125.812077,37.985539],[125.81457,37.98718],[125.816755,37.987675],[125.81652,37.988475],[125.814865,37.98839],[125.814925,37.988985],[125.813731,37.989621],[125.810535,37.98945],[125.808986,37.990347],[125.808866,37.990899],[125.810227,37.991576],[125.80914,37.992668],[125.808506,37.992521],[125.807969,37.992952],[125.810289,37.994484],[125.809882,37.995435],[125.80803,37.995203],[125.80636,37.995935],[125.8028,37.990438],[125.801407,37.990674],[125.795025,37.993523],[125.796137,37.998919],[125.793494,37.999309],[125.793149,38.0],[125.790676,37.999431],[125.79094,37.995675],[125.790318,37.995288],[125.777277,37.995322],[125.769999,37.996869],[125.767922,37.998773],[125.764165,38.00696],[125.764128,38.007765],[125.761622,38.008726],[125.757555,38.012437],[125.75791,38.012848],[125.754024,38.016161],[125.751608,38.016891],[125.75084,38.016791],[125.74901,38.018595],[125.749275,38.018945],[125.74894,38.019095],[125.746842,38.018023],[125.74604,38.018335],[125.745895,38.01894],[125.739876,38.01766],[125.737756,38.0179],[125.73615,38.018935],[125.7362,38.01808],[125.734874,38.017743],[125.73496,38.0171],[125.733327,38.016924],[125.732456,38.017386],[125.730615,38.016645],[125.7272,38.016595],[125.72269,38.017195],[125.720051,38.019009],[125.72,38.019615],[125.719073,38.019142],[125.717172,38.019933],[125.716756,38.019385],[125.715957,38.019484],[125.713941,38.018455],[125.713145,38.018735],[125.71232,38.0183],[125.712135,38.016515],[125.71215,38.018125],[125.710145,38.017635],[125.705838,38.018331],[125.705592,38.018073],[125.707458,38.014663],[125.708444,38.014393],[125.71004,38.014565],[125.70999,38.01252],[125.71149,38.012525],[125.71283,38.00647],[125.714065,38.00572],[125.71513,38.003245],[125.716005,38.002835],[125.716395,38.003005],[125.71728,38.00226],[125.71689,38.00167],[125.718147,37.999556],[125.717848,37.999837],[125.717278,37.999491],[125.717584,37.999082],[125.717173,37.99928],[125.716713,37.998535],[125.71215,37.996572],[125.712228,37.996022],[125.711787,37.995724],[125.713013,37.992921],[125.71402,37.992307],[125.713234,37.991351],[125.712354,37.991282],[125.705334,37.99386],[125.706197,37.994446],[125.706209,37.995914],[125.705032,37.997113],[125.703775,37.997353],[125.703321,37.99605],[125.701877,37.994992],[125.701329,37.993976],[125.695133,37.995632],[125.693885,37.996692],[125.693198,37.997603],[125.694715,38.000105],[125.69438,38.00086],[125.694885,38.001265],[125.697875,38.001155],[125.69845,38.00261],[125.69806,38.00521],[125.69774,38.00544],[125.69648,38.00492],[125.695945,38.00509],[125.696885,38.006765],[125.697215,38.00676],[125.697265,38.00739],[125.69679,38.007395],[125.697012,38.008767],[125.69787,38.00947],[125.69708,38.011095],[125.69654,38.01096],[125.696925,38.01126],[125.695905,38.012775],[125.696535,38.012935],[125.6966,38.014457],[125.693294,38.015127],[125.691495,38.014705],[125.691355,38.01331],[125.689443,38.011855],[125.688734,38.00937],[125.689107,38.00746],[125.688606,38.007261],[125.687799,38.007562],[125.687054,38.008946],[125.687651,38.010258],[125.687144,38.012077],[125.683036,38.016634],[125.683292,38.017384],[125.682195,38.02125],[125.682901,38.021754],[125.682406,38.022318],[125.682685,38.023452],[125.68047,38.025512],[125.67963,38.025695],[125.6714,37.983415],[125.676792,37.987279],[125.677952,37.989012],[125.677865,37.990244],[125.678947,37.992258],[125.678505,37.990925],[125.679225,37.99004],[125.68088,37.991116],[125.68,37.991712],[125.68041,37.992282],[125.68111,37.992268],[125.68112,37.991713],[125.681524,37.991558],[125.685199,37.992903],[125.6881,37.992093],[125.686278,37.989998],[125.685155,37.985313],[125.683437,37.98127],[125.679949,37.978813],[125.680542,37.978102],[125.680295,37.976735],[125.68375,37.97552],[125.684524,37.975838],[125.684942,37.975346],[125.68461,37.974845],[125.689892,37.970323],[125.690605,37.971007],[125.691153,37.970971],[125.690783,37.97036],[125.691319,37.969281],[125.6922,37.968323],[125.693769,37.967484],[125.693762,37.966935],[125.6951,37.965528],[125.694115,37.963316],[125.695086,37.962877],[125.696201,37.962907],[125.696413,37.962446],[125.698132,37.961833],[125.699715,37.962832],[125.701613,37.965283],[125.702928,37.965008],[125.703133,37.964114],[125.704951,37.964545],[125.704434,37.965839],[125.70482,37.966891],[125.702989,37.967746],[125.701911,37.967765],[125.700944,37.969373],[125.700728,37.97096],[125.701252,37.972161],[125.700051,37.972607],[125.700722,37.972962],[125.700806,37.973562],[125.701513,37.97364],[125.701399,37.972759],[125.702267,37.972252],[125.703259,37.972292],[125.70658,37.97061],[125.708109,37.97062],[125.70847,37.969993],[125.710815,37.969805],[125.711329,37.971171],[125.712211,37.971017],[125.713224,37.969963],[125.712711,37.969877],[125.712567,37.969429],[125.711122,37.969274],[125.709774,37.967496],[125.710011,37.966253],[125.711023,37.965529],[125.711804,37.965455],[125.713112,37.96574],[125.714303,37.967021],[125.714759,37.966679],[125.714075,37.965607],[125.714491,37.964906],[125.71725,37.964799],[125.718437,37.962506],[125.718055,37.959936],[125.719082,37.958913],[125.719454,37.956871],[125.719301,37.955884],[125.718546,37.955061],[125.718608,37.954174],[125.717487,37.954627],[125.717015,37.953859],[125.716546,37.955986],[125.71685,37.957153],[125.716042,37.95768],[125.716171,37.958181],[125.717692,37.957844],[125.71715,37.959469],[125.712429,37.959578],[125.711057,37.960792],[125.711129,37.961845],[125.710153,37.962249],[125.708472,37.961651],[125.707718,37.960701],[125.708637,37.959051],[125.708453,37.958595],[125.707034,37.958095],[125.704904,37.958298],[125.703136,37.956638],[125.701243,37.955914],[125.70087,37.955178],[125.701022,37.953326],[125.699897,37.952412],[125.701597,37.952481],[125.702147,37.953195],[125.702583,37.952687],[125.701363,37.951672],[125.700819,37.950261],[125.700096,37.949882],[125.699763,37.948416],[125.700093,37.947294],[125.69895,37.946643],[125.698317,37.945712],[125.702285,37.94195],[125.700232,37.940782],[125.701749,37.940296],[125.701589,37.939219],[125.70089,37.939053],[125.700976,37.938121],[125.698642,37.939336],[125.697301,37.93948],[125.694082,37.932657],[125.694318,37.932012],[125.695109,37.93194],[125.697378,37.930423],[125.699472,37.928298],[125.69929,37.92771],[125.696513,37.925313],[125.694835,37.922111],[125.694084,37.919094],[125.694759,37.918708],[125.696596,37.920669],[125.697418,37.920841],[125.697006,37.921323],[125.699595,37.92206],[125.699994,37.921629],[125.701038,37.922122],[125.702864,37.922026],[125.703776,37.922433],[125.705513,37.925014],[125.708654,37.927465],[125.710305,37.92807],[125.710929,37.928741],[125.712167,37.928891],[125.713067,37.929708],[125.715496,37.930842],[125.71633,37.930412],[125.716226,37.92959],[125.716832,37.929178],[125.717278,37.927461],[125.717203,37.925478],[125.716466,37.923334],[125.717039,37.921563],[125.718424,37.921155],[125.722716,37.921967],[125.723196,37.924111],[125.725338,37.924565],[125.728176,37.92752],[125.727588,37.927982],[125.728031,37.928956],[125.7278,37.93185],[125.72741,37.932268],[125.728936,37.93355],[125.728749,37.934486],[125.728213,37.934882],[125.729821,37.936046],[125.72931,37.937001],[125.72992,37.938006],[125.729585,37.938919],[125.730517,37.940569],[125.732223,37.940608],[125.734368,37.939352],[125.734889,37.937775],[125.734118,37.935848],[125.733977,37.933069],[125.73173,37.926992],[125.729905,37.923837],[125.727723,37.921658],[125.727467,37.920179],[125.725989,37.917644],[125.71469,37.909356],[125.70547,37.903717],[125.704778,37.902318],[125.703021,37.901242],[125.698092,37.898994],[125.691245,37.896523],[125.677222,37.893612],[125.669315,37.893084],[125.659338,37.894087],[125.656806,37.894948],[125.655226,37.896163],[125.6527,37.899789],[125.65074,37.901414],[125.648811,37.902321],[125.64318,37.90092],[125.642108,37.899536],[125.642023,37.897827],[125.640273,37.897068],[125.639582,37.895798],[125.639528,37.895074],[125.640714,37.894272],[125.640465,37.893334],[125.63591,37.889513],[125.630251,37.883824],[125.629769,37.882407],[125.628862,37.882424],[125.628172,37.881992],[125.627589,37.879242],[125.628117,37.878844],[125.629017,37.879119],[125.62983,37.878844],[125.630799,37.874976],[125.631352,37.874317],[125.632663,37.873314],[125.634227,37.872839],[125.635263,37.872871],[125.637085,37.873668],[125.637465,37.87345],[125.634607,37.869289],[125.633141,37.865376],[125.634002,37.86324],[125.635996,37.863272],[125.635591,37.862679],[125.636456,37.862502],[125.636256,37.86117],[125.637118,37.860432],[125.63746,37.859399],[125.638773,37.858871],[125.638812,37.858428],[125.635937,37.856098],[125.634826,37.855686],[125.629311,37.857599],[125.628091,37.857421],[125.625252,37.857901],[125.623712,37.857133],[125.620346,37.857935],[125.617092,37.856844],[125.614972,37.857091],[125.613911,37.856505],[125.61277,37.85677],[125.612631,37.855456],[125.613407,37.85432],[125.613059,37.853222],[125.611857,37.85176],[125.614933,37.851502],[125.615585,37.850033],[125.617577,37.848979],[125.618736,37.84892],[125.620586,37.849465],[125.620831,37.846702],[125.622846,37.846035],[125.622751,37.844267],[125.621436,37.843533],[125.620943,37.842737],[125.621324,37.839848],[125.618139,37.837116],[125.617499,37.834783],[125.617957,37.834399],[125.619524,37.834303],[125.621427,37.835112],[125.622985,37.834213],[125.624993,37.834666],[125.625547,37.834447],[125.625399,37.83409],[125.623485,37.833875],[125.622672,37.83269],[125.623781,37.829539],[125.626328,37.827067],[125.627612,37.827179],[125.629293,37.826293],[125.63188,37.825724],[125.634451,37.826231],[125.636888,37.829367],[125.636975,37.831422],[125.638726,37.834358],[125.639556,37.834886],[125.640647,37.834961],[125.641654,37.834337],[125.642005,37.83304],[125.641616,37.830898],[125.642369,37.830438],[125.641688,37.829811],[125.641841,37.829299],[125.641579,37.82852],[125.641031,37.828273],[125.640875,37.827152],[125.639626,37.827391],[125.63873,37.826812],[125.63739,37.826932],[125.63546,37.825768],[125.634068,37.824186],[125.633929,37.822854],[125.635669,37.82203],[125.636408,37.820755],[125.634624,37.821296],[125.633069,37.82242],[125.628965,37.820856],[125.62367,37.817734],[125.622571,37.817912],[125.621653,37.818708],[125.62071,37.818935],[125.615755,37.815881],[125.610801,37.811184],[125.608726,37.810021],[125.60618,37.809481],[125.604343,37.809523],[125.602019,37.808176],[125.602301,37.809705],[125.598938,37.809931],[125.599097,37.807042],[125.599825,37.805222],[125.60081,37.804992],[125.603593,37.805811],[125.60428,37.805703],[125.607535,37.803468],[125.607544,37.803091],[125.606303,37.802488],[125.605809,37.801693],[125.602662,37.799355],[125.602568,37.798825],[125.603022,37.798429],[125.609823,37.801297],[125.610463,37.800788],[125.615254,37.801238],[125.618037,37.798721],[125.620697,37.800077],[125.621736,37.799737],[125.623205,37.801657],[125.621533,37.79924],[125.621615,37.797487],[125.620731,37.797029],[125.619727,37.795432],[125.620931,37.794422],[125.619574,37.793193],[125.618648,37.793232],[125.616228,37.791278],[125.61511,37.789253],[125.611251,37.784315],[125.609292,37.780151],[125.610046,37.778799],[125.610641,37.775369],[125.611514,37.77447],[125.61181,37.772279],[125.613626,37.770604],[125.613739,37.768509],[125.61542,37.76791],[125.616009,37.767021],[125.617111,37.766431],[125.617249,37.764461],[125.646292,37.745427],[125.877465,37.763393],[125.877742,37.76454],[125.879144,37.765653],[125.881109,37.76599],[125.881985,37.764801],[125.888735,37.768475],[125.88881,37.770352],[125.886162,37.772364],[125.88605,37.77404],[125.886396,37.774109],[125.886673,37.773237],[125.887374,37.773127],[125.887408,37.772474],[125.888083,37.772206],[125.891043,37.773257],[125.89267,37.774329],[125.895228,37.778405],[125.882524,37.796792],[125.881936,37.796996],[125.881936,37.797644],[125.866792,37.820006],[125.865948,37.821762],[125.867041,37.820007],[125.905718,37.828743]],[[125.688727,38.00034],[125.688772,38.000943],[125.690329,38.000856],[125.690728,38.000148],[125.690482,37.999866],[125.689937,37.999585],[125.688727,38.00034]],[[125.762608,37.805904],[125.766485,37.806042],[125.766952,37.807387],[125.766485,37.807971],[125.764287,37.808005],[125.763275,37.808603],[125.762479,37.81106],[125.762851,37.811864],[125.763465,37.812028],[125.764564,37.811417],[125.766026,37.811623],[125.769747,37.811205],[125.771426,37.812262],[125.771002,37.813113],[125.772041,37.813607],[125.7723,37.815282],[125.772716,37.815598],[125.773313,37.815653],[125.774031,37.815056],[125.775917,37.814445],[125.775857,37.81415],[125.774342,37.813704],[125.773538,37.81231],[125.773668,37.811747],[125.774905,37.811253],[125.775182,37.810566],[125.773434,37.810367],[125.772551,37.809131],[125.774516,37.805795],[125.775874,37.805053],[125.776099,37.804003],[125.775338,37.80333],[125.775615,37.803069],[125.775173,37.800995],[125.774446,37.800535],[125.774438,37.799732],[125.773624,37.799045],[125.771201,37.797926],[125.769445,37.797692],[125.762357,37.80002],[125.75874,37.800453],[125.7563,37.802135],[125.756456,37.802561],[125.759372,37.803604],[125.761492,37.805424],[125.762608,37.805904]],[[125.753107,37.835149],[125.754307,37.835791],[125.755266,37.837515],[125.756756,37.838975],[125.757623,37.839212],[125.758758,37.837444],[125.757875,37.836539],[125.756483,37.833687],[125.754848,37.833064],[125.75495,37.83257],[125.75625,37.831541],[125.756159,37.831034],[125.753893,37.830934],[125.751446,37.831362],[125.748976,37.832335],[125.746483,37.83198],[125.745087,37.833541],[125.745735,37.834683],[125.745351,37.836247],[125.745785,37.836783],[125.751976,37.835164],[125.753107,37.835149]],[[125.659338,37.817376],[125.659096,37.816889],[125.659537,37.815941],[125.658568,37.814589],[125.659191,37.813154],[125.658352,37.812722],[125.656171,37.814211],[125.65509,37.815681],[125.653171,37.816554],[125.653718,37.818755],[125.657434,37.817685],[125.658447,37.81787],[125.659018,37.818715],[125.658819,37.818227],[125.659338,37.817376]],[[125.628715,37.765025],[125.630071,37.76512],[125.631076,37.764169],[125.629869,37.763739],[125.623821,37.764023],[125.623487,37.764767],[125.624732,37.765889],[125.624655,37.768325],[125.626204,37.768092],[125.627221,37.765462],[125.628715,37.765025]],[[125.643762,37.810072],[125.64416,37.811562],[125.644645,37.81187],[125.644766,37.809159],[125.642473,37.806055],[125.642152,37.807332],[125.643762,37.810072]],[[125.748183,37.811326],[125.75093,37.811302],[125.750844,37.809986],[125.75039,37.809433],[125.749252,37.809145],[125.748774,37.809397],[125.747767,37.810768],[125.748183,37.811326]],[[125.730937,37.836547],[125.730469,37.836835],[125.730625,37.838015],[125.732131,37.83853],[125.733446,37.839512],[125.735523,37.839731],[125.731378,37.837199],[125.730937,37.836547]],[[125.693641,37.96875],[125.694462,37.970484],[125.695674,37.970918],[125.696254,37.970173],[125.69531,37.969372],[125.695412,37.969019],[125.693641,37.96875]],[[125.650399,37.85692],[125.649395,37.857421],[125.649439,37.858024],[125.651585,37.858155],[125.651654,37.857188],[125.650399,37.85692]],[[125.661649,37.816772],[125.66267,37.817211],[125.664037,37.816587],[125.663076,37.815282],[125.662696,37.816326],[125.661649,37.816772]],[[125.721099,37.967681],[125.721811,37.967188],[125.721876,37.964934],[125.721236,37.96538],[125.721099,37.967681]],[[125.648002,37.854807],[125.646782,37.855767],[125.646644,37.856735],[125.648435,37.85539],[125.648469,37.854917],[125.648002,37.854807]],[[125.693948,37.976567],[125.693554,37.978102],[125.694105,37.978857],[125.694609,37.977569],[125.693948,37.976567]],[[125.694996,37.975387],[125.695823,37.975264],[125.69541,37.974125],[125.693831,37.974509],[125.694996,37.975387]],[[125.73793,37.937934],[125.738322,37.938317],[125.738832,37.938122],[125.739201,37.936804],[125.738895,37.936557],[125.7382,37.937031],[125.73793,37.937934]],[[125.643624,37.749759],[125.644646,37.749711],[125.643431,37.748449],[125.642922,37.748936],[125.643624,37.749759]],[[125.646894,37.745646],[125.645925,37.745756],[125.64525,37.746333],[125.64718,37.746333],[125.646894,37.745646]],[[125.762548,37.819923],[125.761786,37.819765],[125.761561,37.820383],[125.763084,37.820671],[125.762548,37.819923]],[[125.739212,37.942249],[125.739818,37.942089],[125.739785,37.941373],[125.739007,37.941278],[125.739212,37.942249]],[[125.697033,37.96734],[125.696808,37.966442],[125.696072,37.966175],[125.695942,37.966291],[125.697033,37.96734]],[[125.717543,37.967905],[125.71858,37.967986],[125.718732,37.96726],[125.718118,37.967394],[125.717543,37.967905]],[[125.754275,37.813278],[125.754933,37.813003],[125.754474,37.812221],[125.754119,37.812413],[125.754275,37.813278]],[[125.694742,37.973097],[125.693832,37.97309],[125.694773,37.973873],[125.695606,37.973913],[125.695631,37.973761],[125.694742,37.973097]],[[125.721051,37.963817],[125.721067,37.962768],[125.720475,37.963256],[125.721051,37.963817]],[[125.795738,37.94891],[125.79636,37.948423],[125.796234,37.948218],[125.795243,37.948439],[125.795738,37.94891]],[[125.721836,37.955331],[125.722332,37.955106],[125.721731,37.954561],[125.721514,37.954974],[125.721836,37.955331]],[[125.722869,37.962317],[125.722286,37.962714],[125.722473,37.963521],[125.722613,37.963428],[125.722869,37.962317]],[[125.622213,37.804688],[125.62223,37.805185],[125.622968,37.804866],[125.622727,37.804544],[125.622213,37.804688]],[[125.706695,37.975615],[125.707615,37.975615],[125.707325,37.975015],[125.707095,37.975325],[125.706695,37.975615]],[[125.646513,37.747829],[125.646496,37.747379],[125.646129,37.747336],[125.645972,37.747807],[125.646513,37.747829]],[[125.623101,37.839441],[125.623123,37.839723],[125.623638,37.839888],[125.623694,37.839467],[125.623101,37.839441]],[[125.719059,37.968073],[125.718725,37.968345],[125.718609,37.968864],[125.71908,37.968526],[125.719059,37.968073]],[[125.631271,37.845571],[125.631429,37.845814],[125.632096,37.845605],[125.631747,37.845403],[125.631271,37.845571]],[[125.866519,37.805973],[125.866181,37.805822],[125.865939,37.806165],[125.866329,37.806351],[125.866519,37.805973]],[[125.719069,37.969027],[125.718913,37.969169],[125.719626,37.969527],[125.719069,37.969027]],[[125.61992,37.810915],[125.620394,37.810454],[125.6197,37.810546],[125.61992,37.810915]],[[125.631132,37.7677],[125.631595,37.767528],[125.631301,37.767164],[125.631128,37.767267],[125.631132,37.7677]],[[125.74544,37.834735],[125.745007,37.83455],[125.744869,37.83466],[125.745059,37.834961],[125.74544,37.834735]],[[125.766511,37.819497],[125.766719,37.819003],[125.766563,37.818797],[125.766321,37.819305],[125.766511,37.819497]],[[125.689292,37.976439],[125.689119,37.976144],[125.688851,37.976199],[125.688929,37.976541],[125.689292,37.976439]],[[125.736112,37.931838],[125.736406,37.931995],[125.736449,37.931577],[125.736112,37.931838]],[[125.624115,37.803055],[125.62406,37.802985],[125.623795,37.80479],[125.624115,37.803055]],[[125.722314,37.964258],[125.722544,37.964458],[125.722686,37.964082],[125.722314,37.964258]],[[125.648383,37.746677],[125.648192,37.746375],[125.647898,37.746484],[125.648383,37.746677]],[[125.705723,37.973942],[125.706047,37.974011],[125.706065,37.973691],[125.705723,37.973942]],[[125.717423,37.965548],[125.716965,37.965725],[125.717325,37.96588],[125.717423,37.965548]],[[125.653558,37.813909],[125.653125,37.813793],[125.65303,37.813944],[125.653558,37.813909]],[[125.718114,37.968978],[125.7181,37.969228],[125.718431,37.969294],[125.718114,37.968978]],[[125.628514,37.844826],[125.627957,37.844748],[125.627895,37.844915],[125.628514,37.844826]],[[125.640417,37.874524],[125.640582,37.874248],[125.64026,37.874215],[125.640184,37.874339],[125.640417,37.874524]],[[125.709268,37.944003],[125.709416,37.943701],[125.709173,37.943626],[125.709026,37.943735],[125.709268,37.944003]],[[125.713414,37.946332],[125.712981,37.946298],[125.713215,37.946559],[125.713414,37.946332]],[[125.715687,37.955246],[125.715521,37.955436],[125.715575,37.955655],[125.715747,37.955522],[125.715687,37.955246]],[[125.640137,37.87328],[125.639861,37.87321],[125.639818,37.873452],[125.640137,37.87328]],[[125.743181,37.835497],[125.743415,37.835421],[125.742982,37.835195],[125.743181,37.835497]],[[125.705742,37.97295],[125.70591,37.972842],[125.705717,37.972682],[125.705742,37.97295]],[[125.689747,37.976391],[125.689927,37.976276],[125.689781,37.97614],[125.689747,37.976391]],[[125.71601,37.971044],[125.716205,37.970906],[125.716015,37.970816],[125.71601,37.971044]],[[125.707875,37.97532],[125.708095,37.975495],[125.708055,37.9752],[125.707875,37.97532]],[[125.624825,37.844787],[125.624703,37.84489],[125.624883,37.845068],[125.624825,37.844787]],[[125.629475,37.845427],[125.629612,37.845233],[125.629429,37.845186],[125.629475,37.845427]],[[125.751696,37.837528],[125.751549,37.837645],[125.751653,37.837762],[125.751696,37.837528]],[[125.749576,37.837295],[125.749819,37.837144],[125.749438,37.837185],[125.749576,37.837295]],[[125.753193,37.836389],[125.753003,37.83654],[125.753193,37.836615],[125.753193,37.836389]],[[125.752129,37.836883],[125.752276,37.836766],[125.752129,37.83665],[125.752129,37.836883]],[[125.754638,37.836828],[125.754491,37.836883],[125.754638,37.837],[125.754638,37.836828]],[[125.720796,37.970947],[125.720906,37.971099],[125.720957,37.970916],[125.720796,37.970947]],[[125.69164,37.970527],[125.691567,37.97063],[125.691701,37.970667],[125.69164,37.970527]],[[125.621782,37.805156],[125.621713,37.805183],[125.621748,37.805238],[125.621782,37.805156]]],[[[125.827374,37.939832],[125.821582,37.938524],[125.823032,37.93501],[125.828068,37.936532],[125.827374,37.939832]]]]},"properties":{"id":"khoa-hrbare-50057","name":"해주항","englishName":"HAEJU HANG","harborTypeCode":"GBN284","relatedInstitutionCode":"1192136","statusCode":null,"minimumScale":179999.0,"source":"국립해양조사원(KHOA)","sourceUpdatedAt":"2025-08-11","sourceRaw":"{\"gid\":57,\"objnum\":\"50057\",\"pbinst\":\"1192136\",\"indcde_1\":\"\",\"indcde_2\":\"\",\"indcde_3\":\"\",\"mnymd\":\"20241130\",\"clfcde\":\"COD007\",\"enclev\":\"3, 4\",\"enc_no\":\"KR3G3I00, KR4G3F10\",\"gubun\":\"GBN284\",\"nobjnm\":\"해주항\",\"objnam\":\"HAEJU HANG\",\"status\":\"\",\"inform\":\"\",\"ninfom\":\"\",\"ntxtds\":\"\",\"scamin\":179999,\"txtdsc\":\"\",\"sordat\":\"\",\"sorind\":\"\"}"}},{"type":"Feature","id":"khoa-hrbare-50026","geometry":{"type":"Polygon","coordinates":[[[126.745421,34.329145],[126.745536,34.328766],[126.74643,34.328919],[126.745518,34.328692],[126.74574,34.328063],[126.749537,34.327405],[126.750202,34.326617],[126.753154,34.325587],[126.75066,34.326386],[126.748801,34.32416],[126.748336,34.321571],[126.748419,34.321321],[126.751212,34.318241],[126.754263,34.316695],[126.754263,34.315682],[126.755662,34.31498],[126.757308,34.315123],[126.759426,34.315621],[126.759121,34.316297],[126.763679,34.318153],[126.766222,34.318182],[126.766224,34.317368],[126.768074,34.317198],[126.76829,34.318183],[126.76834,34.317155],[126.770003,34.317135],[126.770659,34.316505],[126.770134,34.316865],[126.768512,34.316862],[126.768514,34.315354],[126.769156,34.314897],[126.77138,34.316529],[126.769261,34.314771],[126.769555,34.313504],[126.770117,34.31262],[126.783306,34.325809],[126.782276,34.326703],[126.781025,34.327088],[126.780762,34.3277],[126.779767,34.328237],[126.777441,34.328322],[126.775764,34.32751],[126.77435,34.327972],[126.773374,34.327666],[126.772554,34.328295],[126.772469,34.329437],[126.771506,34.330125],[126.770081,34.329897],[126.769203,34.32918],[126.769257,34.328413],[126.768556,34.328524],[126.768078,34.328948],[126.768257,34.32981],[126.767181,34.330586],[126.766916,34.331615],[126.765951,34.331915],[126.765326,34.331579],[126.76456,34.331695],[126.762767,34.333129],[126.760683,34.333321],[126.75939,34.333066],[126.759395,34.332809],[126.759127,34.333086],[126.757531,34.332383],[126.75698,34.331638],[126.756004,34.332896],[126.754843,34.332907],[126.753579,34.33362],[126.753605,34.333963],[126.751868,34.334594],[126.745421,34.329145]],[[126.782399,34.326409],[126.782355,34.326454],[126.782387,34.326458],[126.782399,34.326409]],[[126.749991,34.319652],[126.749998,34.319655],[126.750014,34.319626],[126.749991,34.319652]],[[126.75,34.325483],[126.749997,34.325483],[126.75,34.325487],[126.75,34.325483]],[[126.756719,34.316343],[126.756118,34.316144],[126.75565,34.317284],[126.756918,34.317412],[126.756719,34.316343]],[[126.757497,34.332162],[126.757507,34.332169],[126.75752,34.332164],[126.757497,34.332162]],[[126.769522,34.315296],[126.769313,34.315523],[126.769527,34.315671],[126.769522,34.315296]],[[126.770761,34.317333],[126.770506,34.317309],[126.770497,34.317374],[126.770761,34.317333]],[[126.769221,34.315244],[126.769455,34.315315],[126.769513,34.315255],[126.769221,34.315244]],[[126.769994,34.329716],[126.769972,34.329714],[126.769978,34.329738],[126.769994,34.329716]],[[126.769945,34.329729],[126.769943,34.32972],[126.769925,34.329716],[126.769945,34.329729]],[[126.770978,34.3175],[126.771095,34.317514],[126.771025,34.317447],[126.770978,34.3175]],[[126.767624,34.330185],[126.767655,34.330191],[126.767631,34.330168],[126.767624,34.330185]],[[126.77138,34.317523],[126.771332,34.317514],[126.771331,34.317526],[126.77138,34.317523]],[[126.747249,34.327918],[126.747283,34.327906],[126.747211,34.327879],[126.747249,34.327918]],[[126.763056,34.324716],[126.763079,34.324706],[126.763062,34.324684],[126.763056,34.324716]],[[126.769866,34.313173],[126.76989,34.313186],[126.769901,34.313175],[126.769866,34.313173]],[[126.772547,34.319861],[126.772666,34.319815],[126.77152,34.317762],[126.772547,34.319861]]]},"properties":{"id":"khoa-hrbare-50026","name":"완도항","englishName":"WANDO HANG","harborTypeCode":"GBN284","relatedInstitutionCode":"1192136","statusCode":null,"minimumScale":17999.0,"source":"국립해양조사원(KHOA)","sourceUpdatedAt":"2025-08-11","sourceRaw":"{\"gid\":26,\"objnum\":\"50026\",\"pbinst\":\"1192136\",\"indcde_1\":\"\",\"indcde_2\":\"ENW027\",\"indcde_3\":\"CLW006\",\"mnymd\":\"20241130\",\"clfcde\":\"COD007\",\"enclev\":\"6\",\"enc_no\":\"KR688D84\",\"gubun\":\"GBN284\",\"nobjnm\":\"완도항\",\"objnam\":\"WANDO HANG\",\"status\":\"\",\"inform\":\"\",\"ninfom\":\"\",\"ntxtds\":\"\",\"scamin\":17999,\"txtdsc\":\"\",\"sordat\":\"\",\"sorind\":\"\"}"}},{"type":"Feature","id":"khoa-hrbare-50027","geometry":{"type":"Polygon","coordinates":[[[124.729596,37.950347],[124.730819,37.951205],[124.730172,37.951937],[124.731104,37.951826],[124.731339,37.952137],[124.730492,37.952517],[124.730918,37.952538],[124.730645,37.953937],[124.729337,37.954107],[124.729077,37.954529],[124.723668,37.953436],[124.723558,37.953674],[124.722523,37.952879],[124.735044,37.946075],[124.745933,37.957731],[124.742596,37.956938],[124.74159,37.957064],[124.741585,37.954361],[124.739982,37.953082],[124.74149,37.954393],[124.741479,37.957014],[124.739681,37.956937],[124.73966,37.957942],[124.737879,37.958153],[124.737328,37.958661],[124.7373,37.960975],[124.736868,37.961627],[124.735599,37.962258],[124.734075,37.962472],[124.732648,37.961921],[124.730796,37.960488],[124.730035,37.960847],[124.729933,37.960768],[124.730736,37.960347],[124.731084,37.96038],[124.732229,37.959382],[124.733622,37.956721],[124.735514,37.956656],[124.735524,37.955035],[124.73757,37.954769],[124.737576,37.954141],[124.73837,37.95407],[124.735302,37.954146],[124.734478,37.95537],[124.734433,37.956438],[124.733875,37.955197],[124.735224,37.953834],[124.735534,37.952453],[124.73596,37.952426],[124.735618,37.95215],[124.735845,37.951842],[124.734865,37.951543],[124.734634,37.951865],[124.733211,37.951869],[124.73314,37.951228],[124.731694,37.950898],[124.731331,37.951283],[124.729596,37.950347]],[[124.738665,37.957252],[124.738483,37.957252],[124.73848,37.957927],[124.738665,37.957252]],[[124.735788,37.955362],[124.735788,37.955488],[124.736476,37.95549],[124.735788,37.955362]],[[124.735998,37.953171],[124.735877,37.95354],[124.736006,37.953575],[124.735998,37.953171]],[[124.735392,37.950608],[124.735361,37.950455],[124.735337,37.950492],[124.735392,37.950608]],[[124.732449,37.950637],[124.732221,37.950708],[124.732477,37.951007],[124.732449,37.950637]]]},"properties":{"id":"khoa-hrbare-50027","name":"용기포항","englishName":"Yonggipo Hang","harborTypeCode":"GBN284","relatedInstitutionCode":"1192136","statusCode":null,"minimumScale":17999.0,"source":"국립해양조사원(KHOA)","sourceUpdatedAt":"2025-08-11","sourceRaw":"{\"gid\":27,\"objnum\":\"50027\",\"pbinst\":\"1192136\",\"indcde_1\":\"\",\"indcde_2\":\"\",\"indcde_3\":\"\",\"mnymd\":\"20241130\",\"clfcde\":\"COD007\",\"enclev\":\"6\",\"enc_no\":\"KR688D84\",\"gubun\":\"GBN284\",\"nobjnm\":\"용기포항\",\"objnam\":\"Yonggipo Hang\",\"status\":\"\",\"inform\":\"\",\"ninfom\":\"\",\"ntxtds\":\"\",\"scamin\":17999,\"txtdsc\":\"\",\"sordat\":\"\",\"sorind\":\"\"}"}},{"type":"Feature","id":"khoa-hrbare-50029","geometry":{"type":"Polygon","coordinates":[[[128.380544,34.779871],[128.385919,34.779901],[128.385859,34.780395],[128.386498,34.781111],[128.38659,34.782241],[128.390987,34.784579],[128.391475,34.785744],[128.390805,34.787832],[128.389553,34.789114],[128.389958,34.788758],[128.390251,34.788944],[128.388912,34.789746],[128.388994,34.790344],[128.382545,34.792289],[128.3816,34.793124],[128.381566,34.792678],[128.380544,34.779871]],[[128.386311,34.780971],[128.386273,34.78098],[128.386298,34.780992],[128.386311,34.780971]],[[128.387462,34.79068],[128.387166,34.790269],[128.387242,34.790475],[128.387462,34.79068]],[[128.390686,34.786903],[128.390716,34.786853],[128.390291,34.7867],[128.390686,34.786903]],[[128.389484,34.789365],[128.389529,34.789315],[128.389123,34.78908],[128.389484,34.789365]],[[128.39005,34.788481],[128.390078,34.788442],[128.389707,34.788265],[128.39005,34.788481]],[[128.390567,34.787199],[128.390584,34.787153],[128.390184,34.787091],[128.390567,34.787199]],[[128.390001,34.787788],[128.390314,34.787903],[128.390341,34.787855],[128.390001,34.787788]],[[128.388694,34.790274],[128.388744,34.790224],[128.388512,34.790077],[128.388694,34.790274]],[[128.388263,34.790209],[128.388234,34.790237],[128.388496,34.790401],[128.388263,34.790209]],[[128.388772,34.790018],[128.388731,34.790057],[128.388838,34.79013],[128.388772,34.790018]],[[128.389985,34.788082],[128.390107,34.788114],[128.390126,34.788063],[128.389985,34.788082]],[[128.389666,34.788848],[128.389541,34.788779],[128.389516,34.788813],[128.389666,34.788848]],[[128.390189,34.788099],[128.390164,34.788132],[128.390263,34.78817],[128.390189,34.788099]],[[128.389574,34.788545],[128.389557,34.78858],[128.389657,34.788614],[128.389574,34.788545]],[[128.384844,34.791538],[128.384865,34.791497],[128.384848,34.7915],[128.384844,34.791538]],[[128.387523,34.782876],[128.387511,34.782859],[128.387504,34.782871],[128.387523,34.782876]]]},"properties":{"id":"khoa-hrbare-50029","name":"중화항","englishName":"JUNGHWA HANG","harborTypeCode":"GBN284","relatedInstitutionCode":"1192136","statusCode":null,"minimumScale":17999.0,"source":"국립해양조사원(KHOA)","sourceUpdatedAt":"2025-08-11","sourceRaw":"{\"gid\":29,\"objnum\":\"50029\",\"pbinst\":\"1192136\",\"indcde_1\":\"\",\"indcde_2\":\"ENW025\",\"indcde_3\":\"CLW020\",\"mnymd\":\"20241130\",\"clfcde\":\"COD007\",\"enclev\":\"6\",\"enc_no\":\"KR688D84\",\"gubun\":\"GBN284\",\"nobjnm\":\"중화항\",\"objnam\":\"JUNGHWA HANG\",\"status\":\"\",\"inform\":\"\",\"ninfom\":\"\",\"ntxtds\":\"\",\"scamin\":17999,\"txtdsc\":\"\",\"sordat\":\"\",\"sorind\":\"\"}"}},{"type":"Feature","id":"khoa-hrbare-50030","geometry":{"type":"Polygon","coordinates":[[[126.129111,34.365656],[126.131613,34.369405],[126.13539,34.367651],[126.13571,34.368536],[126.13778,34.368409],[126.138591,34.369683],[126.135559,34.372144],[126.134096,34.374073],[126.134419,34.374243],[126.133032,34.375554],[126.134181,34.374773],[126.13572,34.375886],[126.138767,34.376524],[126.138816,34.377885],[126.141098,34.377901],[126.142512,34.376827],[126.142371,34.377103],[126.143222,34.377925],[126.143756,34.377183],[126.144722,34.377473],[126.145058,34.378336],[126.141981,34.378346],[126.141924,34.383517],[126.142919,34.383601],[126.143017,34.385157],[126.141397,34.385228],[126.14132,34.384963],[126.141313,34.385233],[126.130176,34.385577],[126.125827,34.381907],[126.126271,34.381434],[126.126492,34.379867],[126.126929,34.37982],[126.126612,34.379711],[126.126714,34.378707],[126.127139,34.378603],[126.125805,34.378649],[126.124421,34.366491],[126.129111,34.365656]],[[126.129958,34.379616],[126.130488,34.381936],[126.13119,34.381407],[126.131007,34.379925],[126.130385,34.379491],[126.129958,34.379616]],[[126.13936,34.38193],[126.139471,34.382011],[126.139402,34.381809],[126.13936,34.38193]],[[126.136935,34.37624],[126.136786,34.376206],[126.136605,34.376733],[126.136935,34.37624]]]},"properties":{"id":"khoa-hrbare-50030","name":"진도항(팽목항)","englishName":"JINDO HANG","harborTypeCode":"GBN284","relatedInstitutionCode":"1192136","statusCode":null,"minimumScale":17999.0,"source":"국립해양조사원(KHOA)","sourceUpdatedAt":"2025-08-11","sourceRaw":"{\"gid\":30,\"objnum\":\"50030\",\"pbinst\":\"1192136\",\"indcde_1\":\"\",\"indcde_2\":\"\",\"indcde_3\":\"CLW001\",\"mnymd\":\"20241130\",\"clfcde\":\"COD007\",\"enclev\":\"6\",\"enc_no\":\"KR688D84\",\"gubun\":\"GBN284\",\"nobjnm\":\"진도항(팽목항)\",\"objnam\":\"JINDO HANG\",\"status\":\"\",\"inform\":\"\",\"ninfom\":\"\",\"ntxtds\":\"\",\"scamin\":17999,\"txtdsc\":\"\",\"sordat\":\"\",\"sorind\":\"\"}"}},{"type":"Feature","id":"khoa-hrbare-50044","geometry":{"type":"MultiPolygon","coordinates":[[[[128.612887,34.914716],[128.613039,34.914316],[128.612185,34.913356],[128.61035,34.914612],[128.609618,34.91433],[128.609435,34.913637],[128.608905,34.913784],[128.608105,34.915535],[128.608246,34.917428],[128.609084,34.918992],[128.60397,34.924992],[128.603609,34.924785],[128.602853,34.925672],[128.60312,34.925826],[128.602655,34.925889],[128.600232,34.928666],[128.600633,34.929028],[128.59883,34.931023],[128.59765,34.930189],[128.598124,34.929635],[128.592275,34.93518],[128.586667,34.939139],[128.588256,34.94083],[128.587863,34.941375],[128.586664,34.941442],[128.587606,34.942074],[128.587395,34.942792],[128.563894,34.91505],[128.57062,34.907139],[128.571063,34.908409],[128.575231,34.909464],[128.575187,34.910265],[128.577604,34.911128],[128.577671,34.911958],[128.580602,34.912723],[128.580499,34.913324],[128.578864,34.913176],[128.578464,34.913433],[128.578362,34.913867],[128.577829,34.913798],[128.577072,34.917689],[128.577982,34.917791],[128.578641,34.914058],[128.58195,34.914332],[128.582482,34.914606],[128.581744,34.918298],[128.582642,34.918361],[128.583247,34.914694],[128.582539,34.914613],[128.58275,34.914274],[128.587873,34.914869],[128.589532,34.906381],[128.590863,34.906378],[128.590975,34.905716],[128.592148,34.905859],[128.592064,34.906378],[128.596208,34.906364],[128.596215,34.906371],[128.592315,34.906378],[128.596247,34.906759],[128.594969,34.910599],[128.594477,34.91362],[128.59518,34.913595],[128.595164,34.914093],[128.59713,34.90618],[128.596684,34.905658],[128.597217,34.902571],[128.60109,34.903038],[128.600635,34.905629],[128.599862,34.905616],[128.600071,34.906051],[128.600558,34.906074],[128.6,34.906972],[128.599876,34.909575],[128.598926,34.913013],[128.598883,34.914122],[128.599279,34.914386],[128.599991,34.91334],[128.6,34.911662],[128.600343,34.911646],[128.600443,34.910616],[128.6,34.91034],[128.601258,34.903073],[128.604906,34.903484],[128.60553,34.906983],[128.605908,34.906949],[128.605005,34.910071],[128.605669,34.910187],[128.605988,34.909854],[128.606392,34.908225],[128.606251,34.907716],[128.605808,34.907638],[128.606006,34.906938],[128.607517,34.906777],[128.606183,34.898705],[128.606419,34.897381],[128.608046,34.897785],[128.608163,34.898164],[128.607726,34.898258],[128.608021,34.900139],[128.608872,34.90112],[128.60904,34.902191],[128.610325,34.90205],[128.610176,34.903515],[128.610997,34.905407],[128.610888,34.902603],[128.610403,34.902041],[128.612224,34.901881],[128.612295,34.90179],[128.612004,34.901735],[128.613063,34.900393],[128.61297,34.901263],[128.614205,34.899658],[128.613706,34.899545],[128.614365,34.898671],[128.614305,34.897527],[128.615189,34.897577],[128.614572,34.897401],[128.614509,34.896537],[128.615004,34.896535],[128.615678,34.895564],[128.617196,34.8961],[128.616882,34.896826],[128.617917,34.897391],[128.617267,34.898227],[128.61614,34.897832],[128.615965,34.898315],[128.616343,34.899017],[128.617909,34.899693],[128.618159,34.900147],[128.62176,34.898858],[128.622615,34.898124],[128.623219,34.896824],[128.62427,34.892258],[128.624809,34.893021],[128.625199,34.896727],[128.625846,34.898456],[128.623867,34.899659],[128.623807,34.900519],[128.622815,34.901887],[128.622084,34.901833],[128.620184,34.903577],[128.620641,34.904016],[128.617989,34.906363],[128.617773,34.907427],[128.616471,34.909149],[128.616663,34.910892],[128.617344,34.912358],[128.616462,34.913567],[128.617041,34.913789],[128.615121,34.916059],[128.612887,34.914716]],[[128.58824,34.914436],[128.589963,34.914627],[128.590181,34.913243],[128.588457,34.913053],[128.58824,34.914436]],[[128.588725,34.914711],[128.587947,34.914676],[128.587276,34.918336],[128.588001,34.918424],[128.588725,34.914711]],[[128.6072,34.904748],[128.606586,34.899365],[128.60623,34.898884],[128.6072,34.904748]],[[128.607433,34.907155],[128.607552,34.907141],[128.607538,34.907043],[128.607433,34.907155]],[[128.622596,34.900165],[128.62254,34.900104],[128.622416,34.900177],[128.622596,34.900165]],[[128.620544,34.90291],[128.620505,34.902955],[128.620641,34.903033],[128.620544,34.90291]],[[128.596806,34.930195],[128.596945,34.930056],[128.596778,34.929944],[128.596806,34.930195]],[[128.596,34.92961],[128.596138,34.929473],[128.595972,34.929361],[128.596,34.92961]],[[128.59525,34.928861],[128.595139,34.929],[128.595278,34.929083],[128.59525,34.928861]],[[128.564491,34.915298],[128.564402,34.915301],[128.564447,34.915399],[128.564491,34.915298]],[[128.59574,34.929282],[128.595694,34.929247],[128.595649,34.929284],[128.59574,34.929282]],[[128.608748,34.914061],[128.608745,34.914071],[128.608757,34.914072],[128.608748,34.914061]]],[[[128.578571,34.913488],[128.578509,34.913886],[128.578448,34.913878],[128.578475,34.913716],[128.578571,34.913488]]],[[[128.582576,34.914329],[128.580032,34.914024],[128.580074,34.913591],[128.57858,34.913475],[128.580451,34.913431],[128.580037,34.914003],[128.582576,34.914329]]],[[[128.613116,34.900322],[128.613699,34.899554],[128.613985,34.899693],[128.613454,34.900392],[128.613116,34.900322]]]]},"properties":{"id":"khoa-hrbare-50044","name":"고현항","englishName":"GOHYEON HANG","harborTypeCode":"GBN284","relatedInstitutionCode":"1192136","statusCode":null,"minimumScale":17999.0,"source":"국립해양조사원(KHOA)","sourceUpdatedAt":"2025-08-11","sourceRaw":"{\"gid\":44,\"objnum\":\"50044\",\"pbinst\":\"1192136\",\"indcde_1\":\"\",\"indcde_2\":\"ENW017\",\"indcde_3\":\"CLW021\",\"mnymd\":\"20241130\",\"clfcde\":\"COD007\",\"enclev\":\"5, 6\",\"enc_no\":\"KR5G3F11, KR688D84\",\"gubun\":\"GBN284\",\"nobjnm\":\"고현항\",\"objnam\":\"GOHYEON HANG\",\"status\":\"\",\"inform\":\"\",\"ninfom\":\"\",\"ntxtds\":\"\",\"scamin\":17999,\"txtdsc\":\"\",\"sordat\":\"\",\"sorind\":\"\"}"}},{"type":"Feature","id":"khoa-hrbare-50045","geometry":{"type":"MultiPolygon","coordinates":[[[[126.422946,37.02424],[126.422645,37.024115],[126.422024,37.024767],[126.419792,37.024454],[126.419778,37.02455],[126.422001,37.024824],[126.411308,37.051486],[126.379491,37.053462],[126.309631,37.031189],[126.265748,37.010355],[126.304493,36.978667],[126.33496,36.973691],[126.335474,36.97308],[126.33518,36.972885],[126.335837,36.971273],[126.337331,36.969596],[126.337301,36.968309],[126.337723,36.968365],[126.33773,36.968728],[126.339092,36.968101],[126.342203,36.96809],[126.343657,36.966757],[126.345532,36.967042],[126.347758,36.966791],[126.352207,36.968856],[126.354847,36.968728],[126.356822,36.969042],[126.358272,36.96826],[126.359273,36.968435],[126.36089,36.968109],[126.362612,36.968776],[126.362899,36.968314],[126.364093,36.967946],[126.365032,36.966631],[126.365987,36.966348],[126.366989,36.964588],[126.367596,36.964634],[126.368112,36.963444],[126.367224,36.961983],[126.37041,36.960259],[126.373891,36.962277],[126.376063,36.965017],[126.374955,36.966496],[126.375501,36.967684],[126.376392,36.968283],[126.377037,36.968566],[126.379291,36.968215],[126.381443,36.969077],[126.384499,36.968524],[126.385104,36.968886],[126.385214,36.968097],[126.386516,36.967446],[126.388651,36.96976],[126.388049,36.97013],[126.387738,36.971994],[126.386474,36.973634],[126.383806,36.974207],[126.382257,36.972735],[126.380659,36.973123],[126.377301,36.9732],[126.375973,36.974054],[126.375863,36.975283],[126.377916,36.976455],[126.378617,36.978758],[126.379585,36.979466],[126.379753,36.980125],[126.38084,36.980268],[126.380265,36.981367],[126.376587,36.980694],[126.375535,36.981211],[126.374638,36.982596],[126.370536,36.982603],[126.369864,36.981522],[126.368122,36.98075],[126.367027,36.979734],[126.36581,36.979469],[126.365281,36.978833],[126.364728,36.97919],[126.364148,36.979004],[126.363706,36.979862],[126.363196,36.979619],[126.362724,36.980776],[126.363427,36.98163],[126.36225,36.982857],[126.357613,36.982657],[126.357189,36.982297],[126.35359,36.981632],[126.352559,36.982512],[126.349156,36.982774],[126.350447,36.982231],[126.349882,36.982201],[126.344291,36.984409],[126.339514,36.985716],[126.336197,36.985982],[126.333914,36.985359],[126.331376,36.985316],[126.330721,36.986082],[126.329814,36.986345],[126.32996,36.98688],[126.32909,36.987881],[126.329095,36.988592],[126.328028,36.989231],[126.328331,36.989507],[126.327898,36.990487],[126.328109,36.991593],[126.327654,36.991821],[126.327916,36.992033],[126.327442,36.993383],[126.326991,36.993489],[126.327177,36.994294],[126.328045,36.994368],[126.328063,36.995476],[126.326541,36.996241],[126.327609,36.997339],[126.327615,36.999613],[126.329207,36.999833],[126.331605,36.997036],[126.331839,36.996231],[126.336563,36.998181],[126.332793,37.004239],[126.328805,37.002641],[126.328456,37.002992],[126.329067,37.003236],[126.32917,37.002952],[126.332693,37.004363],[126.332426,37.004582],[126.333037,37.004827],[126.332939,37.004297],[126.336906,36.998289],[126.343763,37.001064],[126.343673,37.001931],[126.34068,37.006675],[126.33961,37.006278],[126.339092,37.005893],[126.338911,37.006187],[126.340405,37.006745],[126.340672,37.007146],[126.340853,37.006932],[126.344011,37.008343],[126.344186,37.007961],[126.343614,37.007874],[126.340828,37.00674],[126.343829,37.001986],[126.344643,37.001434],[126.352534,37.004643],[126.351584,37.006768],[126.352732,37.007644],[126.35316,37.007321],[126.352342,37.006685],[126.352703,37.006241],[126.353572,37.007459],[126.354626,37.007315],[126.355946,37.008173],[126.355978,37.008976],[126.356542,37.009371],[126.355395,37.010033],[126.356326,37.010359],[126.356333,37.011],[126.358719,37.012002],[126.35283,37.020087],[126.351402,37.019085],[126.351288,37.019341],[126.348431,37.018127],[126.348719,37.018628],[126.348858,37.018338],[126.351534,37.019578],[126.350949,37.019694],[126.351417,37.019917],[126.351551,37.019626],[126.353098,37.020351],[126.358876,37.012069],[126.360193,37.011114],[126.36044,37.006625],[126.361471,37.006428],[126.382219,37.009514],[126.383678,37.0109],[126.383794,37.012553],[126.384342,37.012943],[126.364835,37.028561],[126.36435,37.028487],[126.364271,37.028608],[126.364791,37.028846],[126.364937,37.028605],[126.371801,37.02315],[126.371972,37.02319],[126.373793,37.021563],[126.373965,37.021603],[126.37598,37.019822],[126.376153,37.019862],[126.377672,37.018476],[126.377742,37.018598],[126.379773,37.0168],[126.379946,37.01684],[126.381769,37.015211],[126.38194,37.015252],[126.383463,37.013854],[126.384549,37.013202],[126.384898,37.012709],[126.384801,37.011018],[126.385545,37.010742],[126.386746,37.010756],[126.38843,37.011518],[126.38955,37.011222],[126.389693,37.011474],[126.394388,37.01144],[126.394411,37.011926],[126.395567,37.011477],[126.39818,37.011498],[126.39827,37.017007],[126.396449,37.01952],[126.396272,37.020166],[126.395757,37.020247],[126.396832,37.020438],[126.396572,37.019568],[126.398394,37.017029],[126.405529,37.018274],[126.400775,37.019902],[126.400296,37.020322],[126.400752,37.020569],[126.400953,37.01999],[126.405622,37.018506],[126.407583,37.022235],[126.404413,37.023243],[126.40444,37.023663],[126.404723,37.023573],[126.40454,37.023289],[126.407977,37.022234],[126.406,37.018779],[126.406345,37.0183],[126.407998,37.017752],[126.408559,37.018086],[126.408984,37.017917],[126.408861,37.017479],[126.410628,37.017078],[126.411657,37.018948],[126.411131,37.019116],[126.411018,37.018847],[126.410982,37.018892],[126.411119,37.019119],[126.410608,37.019282],[126.410422,37.018972],[126.410598,37.019284],[126.410072,37.019454],[126.409996,37.019708],[126.41026,37.019621],[126.410091,37.01946],[126.411691,37.019168],[126.411763,37.018929],[126.413055,37.018519],[126.413086,37.018683],[126.41331,37.018597],[126.413159,37.018482],[126.414225,37.018141],[126.414235,37.01832],[126.414783,37.018028],[126.41473,37.01799],[126.414281,37.01821],[126.414237,37.018117],[126.411757,37.018919],[126.411255,37.017906],[126.411781,37.017942],[126.411785,37.017445],[126.411559,37.016997],[126.411011,37.017055],[126.409813,37.013854],[126.412116,37.013912],[126.412469,37.014765],[126.417727,37.014958],[126.417641,37.017255],[126.420804,37.01982],[126.417702,37.017237],[126.417803,37.015382],[126.418306,37.015395],[126.418332,37.014938],[126.420747,37.015025],[126.420561,37.015231],[126.421025,37.015414],[126.421205,37.015077],[126.420878,37.015029],[126.42585,37.015199],[126.433683,37.012953],[126.433133,37.011679],[126.43751,37.010421],[126.43651,37.007749],[126.43934,37.007231],[126.445185,37.006955],[126.448777,37.006161],[126.45267,37.014521],[126.452249,37.014387],[126.451845,37.014833],[126.451284,37.014917],[126.451401,37.015643],[126.450807,37.016365],[126.450972,37.017283],[126.451788,37.017699],[126.452215,37.018599],[126.45271,37.018094],[126.452487,37.019],[126.431521,37.021319],[126.431637,37.020843],[126.430194,37.020808],[126.429788,37.020472],[126.428214,37.02094],[126.427111,37.022832],[126.422946,37.02424]],[[126.41331,37.018597],[126.41331,37.018604],[126.413374,37.018594],[126.41331,37.018597]],[[126.317032,37.002618],[126.317162,37.002661],[126.317153,37.002585],[126.317032,37.002618]],[[126.316792,37.002681],[126.316798,37.00267],[126.316782,37.002674],[126.316792,37.002681]],[[126.317206,37.002729],[126.317196,37.002735],[126.317231,37.002767],[126.317206,37.002729]],[[126.316731,37.002728],[126.316651,37.002808],[126.316827,37.002797],[126.316731,37.002728]],[[126.315896,37.002959],[126.31605,37.002963],[126.316138,37.002775],[126.315896,37.002959]],[[126.316555,37.00286],[126.316534,37.002888],[126.316564,37.002887],[126.316555,37.00286]],[[126.316556,37.002908],[126.316482,37.002976],[126.316586,37.002936],[126.316556,37.002908]],[[126.316502,37.002923],[126.316499,37.002911],[126.316471,37.002927],[126.316502,37.002923]],[[126.316436,37.002992],[126.316413,37.003001],[126.316441,37.003002],[126.316436,37.002992]],[[126.351873,37.019399],[126.351919,37.019334],[126.351877,37.019312],[126.351873,37.019399]],[[126.351335,37.019059],[126.351288,37.019121],[126.351332,37.019141],[126.351335,37.019059]],[[126.353488,37.00753],[126.353518,37.007543],[126.353525,37.007508],[126.353488,37.00753]],[[126.333244,37.004708],[126.333144,37.004869],[126.333325,37.004942],[126.333244,37.004708]],[[126.332421,37.004377],[126.332239,37.004306],[126.332139,37.004466],[126.332421,37.004377]],[[126.32849,37.002803],[126.328329,37.002739],[126.328229,37.0029],[126.32849,37.002803]],[[126.329395,37.003166],[126.329234,37.003102],[126.329133,37.003263],[126.329395,37.003166]],[[126.340019,37.006665],[126.339928,37.006802],[126.340046,37.006879],[126.340019,37.006665]],[[126.341066,37.007287],[126.341164,37.007133],[126.34101,37.00707],[126.341066,37.007287]],[[126.316994,37.003296],[126.316902,37.003299],[126.316947,37.003474],[126.316994,37.003296]],[[126.340236,37.006944],[126.340306,37.006823],[126.340186,37.006774],[126.340236,37.006944]],[[126.34076,37.007169],[126.340881,37.007211],[126.340954,37.007092],[126.34076,37.007169]],[[126.338671,37.006028],[126.338624,37.005905],[126.3385,37.005939],[126.338671,37.006028]],[[126.342471,37.007403],[126.342591,37.007451],[126.34265,37.007355],[126.342471,37.007403]],[[126.339805,37.006316],[126.339857,37.006198],[126.33975,37.006173],[126.339805,37.006316]],[[126.341806,37.006991],[126.341701,37.006967],[126.341641,37.007064],[126.341806,37.006991]],[[126.338906,37.005838],[126.338858,37.005933],[126.338971,37.005974],[126.338906,37.005838]],[[126.33799,37.005656],[126.337841,37.005695],[126.337878,37.005788],[126.33799,37.005656]],[[126.327968,37.002553],[126.328088,37.002602],[126.328149,37.002505],[126.327968,37.002553]],[[126.327089,37.00214],[126.327046,37.002038],[126.326918,37.002072],[126.327089,37.00214]],[[126.330764,37.003609],[126.330703,37.003706],[126.330825,37.003755],[126.330764,37.003609]],[[126.331859,37.004169],[126.33198,37.004217],[126.332041,37.00412],[126.331859,37.004169]],[[126.335029,37.00532],[126.334987,37.005217],[126.334859,37.005252],[126.335029,37.00532]],[[126.333818,37.004896],[126.333878,37.004799],[126.333758,37.004752],[126.333818,37.004896]],[[126.329649,37.003284],[126.329768,37.003332],[126.329828,37.003236],[126.329649,37.003284]],[[126.344424,37.008359],[126.344526,37.0082],[126.344456,37.008171],[126.344424,37.008359]],[[126.34462,37.008388],[126.344492,37.008422],[126.344523,37.008509],[126.34462,37.008388]],[[126.349755,37.018871],[126.349807,37.018798],[126.349714,37.018755],[126.349755,37.018871]],[[126.347849,37.017863],[126.347774,37.017826],[126.347717,37.017912],[126.347849,37.017863]],[[126.348734,37.018631],[126.348787,37.018662],[126.348842,37.018595],[126.348734,37.018631]],[[126.348248,37.018403],[126.348302,37.018432],[126.348354,37.018365],[126.348248,37.018403]],[[126.348121,37.018086],[126.34818,37.01811],[126.348213,37.018065],[126.348121,37.018086]],[[126.327351,37.002228],[126.327332,37.002257],[126.327368,37.00227],[126.327351,37.002228]],[[126.334546,37.005145],[126.334563,37.005116],[126.334527,37.005103],[126.334546,37.005145]],[[126.408039,37.02252],[126.407958,37.022359],[126.407539,37.022493],[126.408039,37.02252]],[[126.40417,37.023185],[126.404487,37.023087],[126.404401,37.022916],[126.40417,37.023185]],[[126.419149,37.016446],[126.41913,37.016806],[126.419285,37.016811],[126.419149,37.016446]],[[126.419173,37.016031],[126.419328,37.016036],[126.419346,37.01568],[126.419173,37.016031]],[[126.420226,37.016489],[126.420208,37.016847],[126.420363,37.016853],[126.420226,37.016489]],[[126.42029,37.015323],[126.42027,37.015681],[126.420425,37.015687],[126.42029,37.015323]],[[126.41915,37.016419],[126.419305,37.016422],[126.419325,37.016066],[126.41915,37.016419]],[[126.420249,37.016101],[126.420228,37.016458],[126.420382,37.016463],[126.420249,37.016101]],[[126.420405,37.016076],[126.420423,37.015717],[126.420269,37.015713],[126.420405,37.016076]],[[126.419213,37.015284],[126.419195,37.015644],[126.419348,37.015649],[126.419213,37.015284]],[[126.407285,37.022729],[126.407456,37.022674],[126.407423,37.022605],[126.407285,37.022729]],[[126.408139,37.022377],[126.408177,37.022446],[126.408344,37.022392],[126.408139,37.022377]],[[126.401092,37.02009],[126.401038,37.020153],[126.401164,37.020219],[126.401092,37.02009]],[[126.40311,37.02373],[126.403238,37.023694],[126.403204,37.023623],[126.40311,37.02373]],[[126.401301,37.020545],[126.401389,37.020466],[126.40131,37.02043],[126.401301,37.020545]],[[126.401709,37.020616],[126.401668,37.020715],[126.401743,37.020716],[126.401709,37.020616]],[[126.408683,37.019894],[126.408734,37.019982],[126.408803,37.019957],[126.408683,37.019894]],[[126.400053,37.019924],[126.40009,37.019975],[126.400176,37.019899],[126.400053,37.019924]],[[126.404072,37.023045],[126.403993,37.023033],[126.404005,37.023117],[126.404072,37.023045]],[[126.404443,37.022892],[126.404464,37.022986],[126.404543,37.022962],[126.404443,37.022892]],[[126.404905,37.023467],[126.40487,37.023398],[126.404784,37.023424],[126.404905,37.023467]],[[126.408943,37.021877],[126.408909,37.021808],[126.408818,37.021834],[126.408943,37.021877]],[[126.409228,37.021706],[126.409259,37.021775],[126.409351,37.021746],[126.409228,37.021706]],[[126.403611,37.023497],[126.403527,37.023523],[126.40356,37.023591],[126.403611,37.023497]],[[126.404243,37.023599],[126.404161,37.023625],[126.404197,37.023694],[126.404243,37.023599]],[[126.404911,37.023008],[126.404884,37.022948],[126.40481,37.02297],[126.404911,37.023008]],[[126.403794,37.023364],[126.403868,37.023342],[126.403841,37.023284],[126.403794,37.023364]],[[126.410309,37.019538],[126.410333,37.019597],[126.410406,37.019572],[126.410309,37.019538]],[[126.40991,37.019728],[126.40988,37.01967],[126.409809,37.019696],[126.40991,37.019728]],[[126.409161,37.019824],[126.409132,37.01977],[126.409061,37.019795],[126.409161,37.019824]],[[126.409504,37.019715],[126.409504,37.019671],[126.409452,37.019669],[126.409504,37.019715]],[[126.413003,37.018657],[126.412994,37.0187],[126.413059,37.018693],[126.413003,37.018657]],[[126.413794,37.018339],[126.413843,37.018323],[126.413847,37.018308],[126.413794,37.018339]],[[126.413584,37.018409],[126.413572,37.018381],[126.413527,37.01842],[126.413584,37.018409]],[[126.388243,37.02641],[126.388626,37.025357],[126.388059,37.025043],[126.387951,37.023869],[126.386972,37.023531],[126.38645,37.022807],[126.38528,37.022472],[126.383601,37.022712],[126.386079,37.024096],[126.385956,37.025008],[126.386534,37.025331],[126.386188,37.025966],[126.38679,37.025875],[126.387314,37.026544],[126.388243,37.02641]],[[126.35446,37.02153],[126.354568,37.021227],[126.356581,37.02217],[126.356298,37.022388],[126.356754,37.022603],[126.356873,37.022308],[126.358704,37.023171],[126.35844,37.023393],[126.358801,37.023566],[126.359021,37.023199],[126.352743,37.020252],[126.35446,37.02153]],[[126.387022,37.013977],[126.386092,37.014357],[126.385977,37.014674],[126.387063,37.014765],[126.387022,37.013977]],[[126.365123,37.028965],[126.365267,37.029023],[126.365396,37.028853],[126.365123,37.028965]],[[126.364085,37.02853],[126.364192,37.028364],[126.364031,37.028304],[126.364085,37.02853]],[[126.365727,37.028835],[126.365864,37.028892],[126.365936,37.028775],[126.365727,37.028835]],[[126.366226,37.029041],[126.366363,37.029099],[126.366434,37.028986],[126.366226,37.029041]],[[126.367073,37.029626],[126.36722,37.02959],[126.367176,37.029469],[126.367073,37.029626]],[[126.362388,37.027476],[126.36224,37.027514],[126.362286,37.027633],[126.362388,37.027476]],[[126.363868,37.028058],[126.363941,37.027949],[126.363803,37.027892],[126.363868,37.028058]],[[126.363303,37.027686],[126.363235,37.027797],[126.363371,37.027852],[126.363303,37.027686]],[[126.365013,37.028758],[126.364901,37.028713],[126.364821,37.028837],[126.365013,37.028758]],[[126.399779,37.019711],[126.399664,37.019655],[126.399658,37.019772],[126.399779,37.019711]],[[126.351588,37.019888],[126.351534,37.019964],[126.351626,37.020011],[126.351588,37.019888]],[[126.353933,37.021177],[126.353836,37.021133],[126.353779,37.021209],[126.353933,37.021177]],[[126.354628,37.021503],[126.354576,37.021584],[126.354669,37.021626],[126.354628,37.021503]],[[126.397528,37.020331],[126.397637,37.020351],[126.397661,37.020263],[126.397528,37.020331]],[[126.398055,37.020422],[126.398164,37.020443],[126.398189,37.020355],[126.398055,37.020422]],[[126.397124,37.020261],[126.397233,37.020279],[126.397255,37.02019],[126.397124,37.020261]],[[126.394543,37.01981],[126.394652,37.019829],[126.394676,37.019741],[126.394543,37.01981]],[[126.395071,37.019903],[126.395181,37.019919],[126.395201,37.019831],[126.395071,37.019903]],[[126.395473,37.019971],[126.39558,37.019993],[126.395609,37.019907],[126.395473,37.019971]],[[126.350792,37.019491],[126.350737,37.019567],[126.350824,37.019612],[126.350792,37.019491]],[[126.35035,37.019155],[126.350409,37.01908],[126.350319,37.019039],[126.35035,37.019155]],[[126.35967,37.023718],[126.359728,37.023637],[126.359653,37.023601],[126.35967,37.023718]],[[126.357667,37.02278],[126.357715,37.022719],[126.357638,37.022686],[126.357667,37.02278]],[[126.358402,37.023292],[126.358355,37.023356],[126.358411,37.023386],[126.358402,37.023292]],[[126.356768,37.022609],[126.35682,37.022639],[126.356873,37.022572],[126.356768,37.022609]],[[126.356281,37.022384],[126.356327,37.022317],[126.356268,37.02229],[126.356281,37.022384]],[[126.358883,37.023604],[126.358923,37.023538],[126.358869,37.023511],[126.358883,37.023604]],[[126.38497,37.023805],[126.385032,37.023817],[126.384988,37.023728],[126.38497,37.023805]],[[126.35725,37.02257],[126.357306,37.022599],[126.357347,37.022552],[126.35725,37.02257]],[[126.35922,37.023502],[126.359278,37.023526],[126.359311,37.023482],[126.35922,37.023502]],[[126.383457,37.011496],[126.383497,37.011523],[126.383475,37.011467],[126.383457,37.011496]],[[126.383523,37.011364],[126.383488,37.011405],[126.383521,37.011423],[126.383523,37.011364]],[[126.387155,37.026569],[126.387148,37.026599],[126.387189,37.026606],[126.387155,37.026569]],[[126.386378,37.026011],[126.38641,37.02602],[126.386413,37.025986],[126.386378,37.026011]],[[126.384056,37.012777],[126.384018,37.012752],[126.384016,37.01277],[126.384056,37.012777]],[[126.386713,37.013884],[126.38668,37.013876],[126.386677,37.013904],[126.386713,37.013884]],[[126.386867,37.01383],[126.386834,37.013822],[126.386824,37.013841],[126.386867,37.01383]],[[126.387306,37.013889],[126.387272,37.013881],[126.38727,37.013909],[126.387306,37.013889]],[[126.387326,37.014271],[126.387292,37.014263],[126.387282,37.014282],[126.387326,37.014271]],[[126.36108,37.006713],[126.361047,37.006705],[126.361042,37.006733],[126.36108,37.006713]],[[126.361075,37.007056],[126.361041,37.007049],[126.361037,37.007076],[126.361075,37.007056]],[[126.360843,37.006822],[126.36081,37.006815],[126.360806,37.006842],[126.360843,37.006822]],[[126.361025,37.00687],[126.360992,37.006863],[126.360988,37.00689],[126.361025,37.00687]],[[126.361054,37.006815],[126.361021,37.006808],[126.361017,37.006835],[126.361054,37.006815]],[[126.386371,37.013992],[126.386338,37.013985],[126.386329,37.014004],[126.386371,37.013992]],[[126.360847,37.006977],[126.360814,37.00697],[126.36081,37.006997],[126.360847,37.006977]],[[126.360902,37.007125],[126.360868,37.007118],[126.360865,37.007146],[126.360902,37.007125]],[[126.386519,37.013927],[126.386486,37.01392],[126.386482,37.013947],[126.386519,37.013927]],[[126.360878,37.006635],[126.360845,37.006628],[126.360841,37.006655],[126.360878,37.006635]],[[126.360835,37.007059],[126.360802,37.007052],[126.360798,37.00708],[126.360835,37.007059]],[[126.360868,37.006715],[126.360835,37.006708],[126.360831,37.006736],[126.360868,37.006715]],[[126.361047,37.007159],[126.361014,37.007152],[126.36101,37.007179],[126.361047,37.007159]],[[126.36109,37.006629],[126.361056,37.006622],[126.361053,37.006649],[126.36109,37.006629]],[[126.384582,37.014009],[126.38455,37.014001],[126.384547,37.014029],[126.384582,37.014009]],[[126.360808,37.007162],[126.360776,37.007155],[126.360772,37.007183],[126.360808,37.007162]],[[126.38486,37.014118],[126.384828,37.014111],[126.384825,37.014138],[126.38486,37.014118]],[[126.384703,37.013909],[126.384671,37.013901],[126.384668,37.013929],[126.384703,37.013909]],[[126.361013,37.006953],[126.36098,37.006946],[126.360976,37.006973],[126.361013,37.006953]],[[126.360956,37.006806],[126.360923,37.006799],[126.360919,37.006826],[126.360956,37.006806]],[[126.384633,37.013807],[126.384601,37.0138],[126.384598,37.013828],[126.384633,37.013807]],[[126.384791,37.01402],[126.384759,37.014012],[126.384756,37.01404],[126.384791,37.01402]],[[126.360967,37.006724],[126.360934,37.006716],[126.36093,37.006744],[126.360967,37.006724]],[[126.360934,37.007068],[126.360902,37.007061],[126.360898,37.007089],[126.360934,37.007068]],[[126.361085,37.006975],[126.361052,37.006968],[126.361048,37.006995],[126.361085,37.006975]],[[126.384564,37.013529],[126.384532,37.013521],[126.384529,37.013549],[126.384564,37.013529]],[[126.360954,37.006968],[126.360922,37.006961],[126.360918,37.006988],[126.360954,37.006968]],[[126.386185,37.014143],[126.386153,37.014135],[126.38615,37.014163],[126.386185,37.014143]],[[126.36093,37.006911],[126.360897,37.006904],[126.360893,37.006931],[126.36093,37.006911]],[[126.384564,37.013683],[126.384532,37.013675],[126.384529,37.013703],[126.384564,37.013683]],[[126.384189,37.013731],[126.384157,37.013724],[126.384154,37.013751],[126.384189,37.013731]],[[126.38447,37.013832],[126.384438,37.013825],[126.384435,37.013852],[126.38447,37.013832]],[[126.384651,37.014113],[126.384618,37.014105],[126.384615,37.014133],[126.384651,37.014113]],[[126.384399,37.013732],[126.384367,37.013725],[126.384364,37.013752],[126.384399,37.013732]],[[126.387362,37.014102],[126.387329,37.014094],[126.387318,37.014114],[126.387362,37.014102]],[[126.3858,37.024727],[126.385817,37.024747],[126.385827,37.024739],[126.3858,37.024727]],[[126.388577,37.025609],[126.388589,37.025594],[126.388564,37.025586],[126.388577,37.025609]],[[126.387367,37.01432],[126.387353,37.014317],[126.38735,37.014325],[126.387367,37.01432]],[[126.387266,37.013836],[126.387252,37.013832],[126.387247,37.01384],[126.387266,37.013836]],[[126.387363,37.014198],[126.387349,37.014195],[126.387348,37.014207],[126.387363,37.014198]],[[126.360849,37.006897],[126.360835,37.006894],[126.360832,37.006902],[126.360849,37.006897]],[[126.361002,37.006772],[126.360989,37.006769],[126.360985,37.006776],[126.361002,37.006772]],[[126.360929,37.006667],[126.360915,37.006664],[126.360912,37.006672],[126.360929,37.006667]],[[126.384732,37.014077],[126.384719,37.014074],[126.384718,37.014085],[126.384732,37.014077]],[[126.386774,37.01383],[126.386764,37.013822],[126.386756,37.013831],[126.386774,37.01383]],[[126.386236,37.014057],[126.386223,37.014054],[126.386222,37.014065],[126.386236,37.014057]],[[126.38476,37.014216],[126.384747,37.014214],[126.384746,37.014225],[126.38476,37.014216]],[[126.386395,37.013931],[126.386381,37.013927],[126.386377,37.013934],[126.386395,37.013931]],[[126.38458,37.0139],[126.384567,37.013897],[126.384566,37.013908],[126.38458,37.0139]],[[126.384507,37.013594],[126.384494,37.013591],[126.384491,37.013599],[126.384507,37.013594]],[[126.36101,37.00667],[126.360998,37.006667],[126.360994,37.006674],[126.36101,37.00667]],[[126.360782,37.007097],[126.360769,37.007095],[126.360766,37.007102],[126.360782,37.007097]],[[126.360878,37.007023],[126.360865,37.00702],[126.360865,37.007031],[126.360878,37.007023]],[[126.387372,37.014021],[126.387359,37.014018],[126.387355,37.014026],[126.387372,37.014021]],[[126.384502,37.013746],[126.384489,37.013744],[126.384488,37.013755],[126.384502,37.013746]],[[126.384342,37.013791],[126.384333,37.013787],[126.384325,37.013796],[126.384342,37.013791]],[[126.38437,37.013934],[126.384361,37.01393],[126.384353,37.013938],[126.38437,37.013934]],[[126.361008,37.007025],[126.360995,37.007022],[126.360992,37.00703],[126.361008,37.007025]],[[126.387004,37.013805],[126.386996,37.0138],[126.386986,37.013809],[126.387004,37.013805]],[[126.386542,37.013859],[126.386528,37.013857],[126.386528,37.013868],[126.386542,37.013859]],[[126.360892,37.006778],[126.360878,37.006775],[126.360878,37.006786],[126.360892,37.006778]],[[126.360903,37.006843],[126.36089,37.00684],[126.360889,37.006851],[126.360903,37.006843]],[[126.360967,37.007146],[126.360954,37.007143],[126.36095,37.00715],[126.360967,37.007146]],[[126.361021,37.007092],[126.361007,37.007089],[126.361007,37.0071],[126.361021,37.007092]],[[126.384546,37.01421],[126.384533,37.014207],[126.38453,37.014214],[126.384546,37.01421]],[[126.384523,37.014072],[126.38451,37.014069],[126.384507,37.014076],[126.384523,37.014072]],[[126.452053,37.014408],[126.452102,37.014463],[126.452117,37.014463],[126.452053,37.014408]],[[126.452008,37.014485],[126.452008,37.014523],[126.452028,37.014534],[126.452008,37.014485]],[[126.451134,37.014956],[126.451147,37.014961],[126.451159,37.014918],[126.451134,37.014956]],[[126.450933,37.017489],[126.450914,37.017495],[126.450926,37.017546],[126.450933,37.017489]],[[126.450888,37.017602],[126.450886,37.017716],[126.450957,37.017733],[126.450888,37.017602]],[[126.450922,37.017761],[126.45092,37.017744],[126.450839,37.01784],[126.450922,37.017761]],[[126.450858,37.01787],[126.450835,37.01788],[126.450854,37.01789],[126.450858,37.01787]],[[126.452174,37.018709],[126.452136,37.018649],[126.451984,37.018842],[126.452174,37.018709]],[[126.38454,37.02391],[126.384616,37.024024],[126.384743,37.023669],[126.38454,37.02391]],[[126.423123,37.02403],[126.423101,37.024074],[126.423121,37.024078],[126.423123,37.02403]],[[126.42371,37.023886],[126.423723,37.023867],[126.423639,37.023842],[126.42371,37.023886]],[[126.423805,37.023844],[126.423715,37.02392],[126.423893,37.023904],[126.423805,37.023844]]],[[[126.348832,37.018347],[126.348593,37.018234],[126.348603,37.018219],[126.348832,37.018347]]],[[[126.354292,37.021095],[126.354557,37.02122],[126.354542,37.021236],[126.354292,37.021095]]],[[[126.356588,37.022196],[126.356597,37.02218],[126.356856,37.0223],[126.356588,37.022196]]]]},"properties":{"id":"khoa-hrbare-50045","name":"대산항","englishName":"Daesan Hang","harborTypeCode":"GBN284","relatedInstitutionCode":"1192136","statusCode":null,"minimumScale":17999.0,"source":"국립해양조사원(KHOA)","sourceUpdatedAt":"2025-08-11","sourceRaw":"{\"gid\":45,\"objnum\":\"50045\",\"pbinst\":\"1192136\",\"indcde_1\":\"\",\"indcde_2\":\"ENW009\",\"indcde_3\":\"CLW007\",\"mnymd\":\"20241130\",\"clfcde\":\"COD007\",\"enclev\":\"5, 6\",\"enc_no\":\"KR5G3F11, KR688D84\",\"gubun\":\"GBN284\",\"nobjnm\":\"대산항\",\"objnam\":\"Daesan Hang\",\"status\":\"\",\"inform\":\"Daesan Hang\",\"ninfom\":\"\",\"ntxtds\":\"\",\"scamin\":17999,\"txtdsc\":\"\",\"sordat\":\"\",\"sorind\":\"\"}"}},{"type":"Feature","id":"khoa-hrbare-50046","geometry":{"type":"Polygon","coordinates":[[[128.618464,35.213256],[128.616936,35.212584],[128.612997,35.213319],[128.609093,35.213302],[128.602692,35.210886],[128.595388,35.210725],[128.595404,35.209916],[128.59505,35.209823],[128.594869,35.2107],[128.593593,35.210661],[128.593571,35.209895],[128.587655,35.20973],[128.587756,35.210712],[128.586468,35.210673],[128.584712,35.206301],[128.585357,35.205376],[128.583359,35.204054],[128.584175,35.203219],[128.584628,35.203443],[128.583771,35.202879],[128.584136,35.203194],[128.583319,35.204029],[128.580517,35.202178],[128.578116,35.200121],[128.578656,35.199568],[128.579265,35.199907],[128.578236,35.199229],[128.578599,35.199531],[128.57806,35.200085],[128.576064,35.198789],[128.576312,35.197424],[128.577393,35.198513],[128.572704,35.193512],[128.571286,35.194054],[128.564482,35.186741],[128.565792,35.185322],[128.564565,35.184561],[128.57034,35.175044],[128.573513,35.175396],[128.573685,35.174679],[128.576577,35.174151],[128.576949,35.174495],[128.579536,35.172875],[128.57917,35.17233],[128.579746,35.172745],[128.585765,35.165239],[128.582691,35.163706],[128.583728,35.162903],[128.584198,35.161605],[128.584858,35.16098],[128.585859,35.160977],[128.586391,35.160393],[128.588413,35.160505],[128.589872,35.158536],[128.590853,35.157873],[128.590105,35.156482],[128.589123,35.156148],[128.586758,35.155891],[128.585231,35.156183],[128.5843,35.157315],[128.584188,35.156494],[128.584756,35.156329],[128.583186,35.156651],[128.586768,35.155675],[128.590343,35.156109],[128.586762,35.15564],[128.584942,35.156036],[128.584411,35.155333],[128.585459,35.154439],[128.587134,35.153784],[128.590916,35.153008],[128.590582,35.155647],[128.591368,35.152523],[128.591154,35.149936],[128.590725,35.149528],[128.588948,35.149303],[128.58662,35.148082],[128.58524,35.146967],[128.585317,35.146483],[128.586591,35.146095],[128.587204,35.14642],[128.590884,35.146664],[128.591841,35.146138],[128.59228,35.145042],[128.595037,35.144344],[128.596873,35.143118],[128.6101,35.148398],[128.60995,35.148935],[128.611104,35.149313],[128.611095,35.149804],[128.609968,35.15039],[128.609186,35.152562],[128.609876,35.154558],[128.608743,35.156142],[128.608311,35.15632],[128.607953,35.155848],[128.608248,35.156357],[128.607788,35.156879],[128.60949,35.159292],[128.609504,35.161187],[128.61102,35.162803],[128.610394,35.163504],[128.60846,35.163932],[128.607983,35.163207],[128.608929,35.162956],[128.608019,35.163086],[128.607806,35.162308],[128.606028,35.160556],[128.60488,35.160499],[128.603385,35.161825],[128.603197,35.161786],[128.602962,35.162376],[128.601533,35.162752],[128.600311,35.163678],[128.599934,35.164553],[128.598118,35.165264],[128.600609,35.166716],[128.600558,35.168257],[128.598965,35.169487],[128.598025,35.169439],[128.598715,35.168675],[128.597302,35.169675],[128.595365,35.171938],[128.594247,35.172161],[128.593054,35.17365],[128.592619,35.174702],[128.592904,35.175836],[128.591416,35.178491],[128.592066,35.179073],[128.593749,35.179167],[128.593763,35.179526],[128.592593,35.179602],[128.592699,35.181393],[128.595259,35.180285],[128.592715,35.18184],[128.592083,35.181856],[128.592411,35.191334],[128.58926,35.195281],[128.590727,35.196092],[128.59033,35.198958],[128.589327,35.199403],[128.599785,35.206055],[128.600028,35.205884],[128.603596,35.20854],[128.60337,35.208762],[128.603803,35.208703],[128.608666,35.212059],[128.611854,35.212249],[128.616283,35.211406],[128.617741,35.211514],[128.618709,35.211967],[128.620545,35.211947],[128.618464,35.213256]],[[128.569807,35.179451],[128.568716,35.179481],[128.567971,35.180134],[128.566453,35.182887],[128.567383,35.184094],[128.568069,35.186535],[128.567469,35.188129],[128.567626,35.189116],[128.56925,35.190902],[128.570874,35.191112],[128.571767,35.190339],[128.572583,35.187857],[128.574365,35.185429],[128.574764,35.183363],[128.57397,35.181263],[128.569807,35.179451]],[[128.582807,35.1777],[128.578781,35.178453],[128.578544,35.178942],[128.579508,35.179548],[128.57974,35.180339],[128.580006,35.180003],[128.581416,35.180232],[128.583439,35.179926],[128.584081,35.177345],[128.58387,35.177057],[128.582807,35.1777]],[[128.582424,35.202046],[128.583322,35.202114],[128.583329,35.202049],[128.582432,35.201997],[128.580391,35.200644],[128.582424,35.202046]],[[128.585846,35.146847],[128.585894,35.14667],[128.585764,35.146656],[128.585846,35.146847]],[[128.58716,35.146502],[128.587127,35.146682],[128.587168,35.146687],[128.58716,35.146502]],[[128.589394,35.148941],[128.589336,35.148926],[128.589296,35.149035],[128.589394,35.148941]],[[128.589338,35.149073],[128.589288,35.149057],[128.589237,35.149176],[128.589338,35.149073]],[[128.585775,35.147034],[128.585799,35.14707],[128.585877,35.147035],[128.585775,35.147034]],[[128.608038,35.16202],[128.607829,35.162092],[128.608055,35.162562],[128.608038,35.16202]],[[128.610031,35.162226],[128.61007,35.16226],[128.610288,35.162153],[128.610031,35.162226]],[[128.603382,35.161691],[128.60342,35.161646],[128.60326,35.16155],[128.603382,35.161691]],[[128.607995,35.156014],[128.607887,35.15607],[128.607918,35.156118],[128.607995,35.156014]],[[128.608065,35.155821],[128.608135,35.155743],[128.608075,35.155713],[128.608065,35.155821]],[[128.608764,35.15576],[128.608804,35.155723],[128.608709,35.155651],[128.608764,35.15576]],[[128.609197,35.163552],[128.609245,35.163539],[128.609202,35.163426],[128.609197,35.163552]],[[128.609939,35.161832],[128.609853,35.161872],[128.609883,35.161914],[128.609939,35.161832]],[[128.608452,35.163158],[128.608481,35.163258],[128.608521,35.16325],[128.608452,35.163158]],[[128.608292,35.156139],[128.608309,35.156084],[128.60824,35.156071],[128.608292,35.156139]],[[128.608579,35.155735],[128.608557,35.15576],[128.608655,35.155817],[128.608579,35.155735]],[[128.608249,35.163161],[128.608209,35.163165],[128.608223,35.16325],[128.608249,35.163161]],[[128.608972,35.155537],[128.608987,35.155504],[128.608897,35.155482],[128.608972,35.155537]],[[128.608671,35.155828],[128.608739,35.155867],[128.608762,35.15584],[128.608671,35.155828]],[[128.60908,35.155325],[128.609084,35.155291],[128.609006,35.155287],[128.60908,35.155325]],[[128.608603,35.155994],[128.608544,35.155944],[128.608517,35.155964],[128.608603,35.155994]],[[128.608113,35.155882],[128.608131,35.155911],[128.60819,35.155885],[128.608113,35.155882]],[[128.609064,35.155545],[128.608999,35.155516],[128.60898,35.155541],[128.609064,35.155545]],[[128.608156,35.162968],[128.60815,35.163046],[128.608177,35.163046],[128.608156,35.162968]],[[128.60854,35.155942],[128.608496,35.155905],[128.608467,35.155928],[128.60854,35.155942]],[[128.609141,35.155456],[128.609144,35.155425],[128.609082,35.155422],[128.609141,35.155456]],[[128.578181,35.2001],[128.578207,35.200118],[128.578574,35.199745],[128.578181,35.2001]],[[128.578079,35.200038],[128.578538,35.199534],[128.578495,35.199509],[128.578079,35.200038]],[[128.596331,35.164401],[128.596598,35.163984],[128.596309,35.163843],[128.596331,35.164401]],[[128.592537,35.16254],[128.592837,35.162104],[128.592561,35.161953],[128.592537,35.16254]],[[128.591725,35.181455],[128.591732,35.181815],[128.592168,35.181805],[128.591725,35.181455]],[[128.591222,35.161372],[128.59095,35.161227],[128.590735,35.161502],[128.591222,35.161372]],[[128.595404,35.169942],[128.595642,35.169744],[128.595237,35.169563],[128.595404,35.169942]],[[128.597841,35.164739],[128.597666,35.164982],[128.597937,35.165116],[128.597841,35.164739]],[[128.589564,35.160899],[128.589792,35.161005],[128.589965,35.160756],[128.589564,35.160899]],[[128.590236,35.197143],[128.590328,35.196742],[128.590185,35.196719],[128.590236,35.197143]],[[128.589964,35.198822],[128.590052,35.198058],[128.589921,35.198039],[128.589846,35.198387],[128.589964,35.198822]],[[128.574226,35.194269],[128.573814,35.194495],[128.573914,35.194601],[128.574226,35.194269]],[[128.57966,35.180086],[128.579281,35.180213],[128.579174,35.179926],[128.579029,35.180141],[128.579482,35.180358],[128.57966,35.180086]],[[128.569949,35.176453],[128.570027,35.176332],[128.569689,35.176183],[128.569949,35.176453]],[[128.577689,35.174952],[128.577457,35.174685],[128.57733,35.174761],[128.577689,35.174952]],[[128.577824,35.174084],[128.577689,35.17417],[128.577892,35.174381],[128.577824,35.174084]],[[128.577899,35.174394],[128.578099,35.174609],[128.578226,35.17453],[128.577899,35.174394]],[[128.576252,35.197103],[128.576349,35.197212],[128.576615,35.197054],[128.576252,35.197103]],[[128.576546,35.196929],[128.576642,35.197039],[128.576909,35.196882],[128.576546,35.196929]],[[128.577446,35.17467],[128.577252,35.174448],[128.577121,35.174532],[128.577446,35.17467]],[[128.571156,35.193319],[128.571076,35.193235],[128.570768,35.193444],[128.571156,35.193319]],[[128.57446,35.19525],[128.574557,35.195347],[128.574812,35.195177],[128.57446,35.19525]],[[128.574835,35.195163],[128.57509,35.194994],[128.574994,35.194896],[128.574835,35.195163]],[[128.57989,35.18028],[128.579811,35.180401],[128.580004,35.18049],[128.57989,35.18028]],[[128.580995,35.177607],[128.580873,35.17764],[128.580957,35.177836],[128.580995,35.177607]],[[128.570459,35.1754],[128.570503,35.175343],[128.570323,35.175246],[128.570459,35.1754]],[[128.592318,35.179201],[128.592481,35.179196],[128.592479,35.179135],[128.592318,35.179201]],[[128.575697,35.196579],[128.575723,35.196606],[128.575896,35.196497],[128.575697,35.196579]],[[128.590214,35.19762],[128.59014,35.197612],[128.590125,35.197699],[128.590214,35.19762]],[[128.598794,35.169331],[128.59878,35.169234],[128.598715,35.169238],[128.598794,35.169331]],[[128.595006,35.171928],[128.595115,35.171886],[128.595027,35.17189],[128.595006,35.171928]],[[128.599484,35.1688],[128.599518,35.168769],[128.599411,35.168689],[128.599484,35.1688]],[[128.575132,35.196008],[128.575159,35.196043],[128.575275,35.195987],[128.575132,35.196008]],[[128.576367,35.198371],[128.57638,35.198338],[128.576235,35.198306],[128.576367,35.198371]],[[128.590416,35.196273],[128.590487,35.196284],[128.5905,35.196222],[128.590416,35.196273]],[[128.598788,35.16891],[128.598813,35.168883],[128.598714,35.168825],[128.598788,35.16891]],[[128.598655,35.168903],[128.598737,35.16895],[128.598764,35.168916],[128.598655,35.168903]],[[128.598477,35.169181],[128.598507,35.169148],[128.59844,35.169099],[128.598477,35.169181]],[[128.598251,35.169252],[128.598322,35.169296],[128.598347,35.169267],[128.598251,35.169252]],[[128.598493,35.169044],[128.598582,35.169103],[128.598602,35.169083],[128.598493,35.169044]],[[128.598511,35.169137],[128.598538,35.16911],[128.598477,35.16907],[128.598511,35.169137]],[[128.598657,35.168976],[128.598598,35.168947],[128.598578,35.168976],[128.598657,35.168976]],[[128.594132,35.172071],[128.594162,35.17206],[128.594156,35.172039],[128.594132,35.172071]],[[128.59139,35.15281],[128.591396,35.152797],[128.591357,35.152803],[128.59139,35.15281]],[[128.588653,35.209733],[128.588658,35.209615],[128.588268,35.209607],[128.588653,35.209733]],[[128.580428,35.201969],[128.580503,35.202035],[128.580664,35.20191],[128.580428,35.201969]],[[128.617796,35.211753],[128.617783,35.211771],[128.61781,35.211785],[128.617796,35.211753]],[[128.616465,35.212596],[128.61649,35.212599],[128.616492,35.212585],[128.616465,35.212596]],[[128.575077,35.174654],[128.575018,35.174719],[128.575144,35.174725],[128.575077,35.174654]],[[128.574814,35.174704],[128.574826,35.174719],[128.574878,35.174709],[128.574814,35.174704]]]},"properties":{"id":"khoa-hrbare-50046","name":"마산항","englishName":"MASAN HANG","harborTypeCode":"GBN284","relatedInstitutionCode":"1192136","statusCode":null,"minimumScale":44999.0,"source":"국립해양조사원(KHOA)","sourceUpdatedAt":"2025-08-11","sourceRaw":"{\"gid\":46,\"objnum\":\"50046\",\"pbinst\":\"1192136\",\"indcde_1\":\"\",\"indcde_2\":\"ENW014\",\"indcde_3\":\"CLW021\",\"mnymd\":\"20241130\",\"clfcde\":\"COD007\",\"enclev\":\"5, 6\",\"enc_no\":\"KR688D84, KR5G3F11\",\"gubun\":\"GBN284\",\"nobjnm\":\"마산항\",\"objnam\":\"MASAN HANG\",\"status\":\"\",\"inform\":\"\",\"ninfom\":\"\",\"ntxtds\":\"\",\"scamin\":44999,\"txtdsc\":\"\",\"sordat\":\"\",\"sorind\":\"\"}"}},{"type":"Feature","id":"khoa-hrbare-50047","geometry":{"type":"MultiPolygon","coordinates":[[[[128.723227,35.084673],[128.742496,35.072669],[128.742396,35.077673],[128.741731,35.077993],[128.741872,35.079391],[128.742506,35.080443],[128.744283,35.081892],[128.743755,35.084352],[128.744975,35.085259],[128.745175,35.085165],[128.745906,35.085279],[128.746227,35.085428],[128.745886,35.085901],[128.743534,35.085894],[128.740354,35.083891],[128.740212,35.082823],[128.741307,35.081393],[128.739814,35.083076],[128.739339,35.082978],[128.739464,35.083725],[128.736488,35.088411],[128.735862,35.088242],[128.73568,35.088679],[128.735996,35.088874],[128.735998,35.091101],[128.739471,35.096462],[128.743471,35.098092],[128.743321,35.099906],[128.740155,35.100206],[128.73984,35.100045],[128.740246,35.099659],[128.73996,35.099833],[128.739407,35.099553],[128.739447,35.09936],[128.73875,35.099509],[128.738386,35.099226],[128.738062,35.098702],[128.738468,35.098222],[128.738007,35.097938],[128.737396,35.096874],[128.735871,35.097306],[128.735207,35.096847],[128.736537,35.094967],[128.734881,35.092935],[128.733837,35.092617],[128.733838,35.091624],[128.732172,35.091692],[128.729028,35.090045],[128.728213,35.090422],[128.730358,35.092704],[128.730386,35.093195],[128.729772,35.09352],[128.730391,35.093281],[128.730685,35.093507],[128.730188,35.094197],[128.729394,35.094508],[128.728603,35.094269],[128.728137,35.093516],[128.728708,35.093174],[128.728055,35.09345],[128.727772,35.09309],[128.726543,35.093063],[128.726084,35.093524],[128.72604,35.095049],[128.725356,35.094943],[128.724203,35.096263],[128.723326,35.095987],[128.72322,35.096317],[128.722937,35.095986],[128.723455,35.097408],[128.723011,35.097011],[128.722868,35.097555],[128.721845,35.097141],[128.721634,35.096735],[128.722206,35.096315],[128.721489,35.096764],[128.720541,35.095305],[128.719985,35.09513],[128.720751,35.092604],[128.72185,35.091625],[128.722594,35.09196],[128.722625,35.091132],[128.721355,35.090522],[128.721916,35.088635],[128.722677,35.088756],[128.722692,35.088776],[128.722374,35.089559],[128.722555,35.089445],[128.722767,35.088734],[128.723329,35.088322],[128.728443,35.08832],[128.728335,35.088145],[128.723208,35.088147],[128.722343,35.087202],[128.723227,35.084673]],[[128.722111,35.088668],[128.722098,35.088666],[128.722099,35.088666],[128.722111,35.088668]],[[128.741757,35.09993],[128.74099,35.099991],[128.741001,35.100076],[128.741757,35.09993]],[[128.738314,35.082084],[128.737592,35.081912],[128.737408,35.082484],[128.73813,35.082428],[128.738314,35.082084]],[[128.722128,35.095392],[128.721855,35.095177],[128.721478,35.095247],[128.721669,35.095531],[128.722128,35.095392]],[[128.741441,35.097655],[128.741603,35.097383],[128.741442,35.097322],[128.741441,35.097655]],[[128.743786,35.08449],[128.743654,35.084392],[128.743426,35.084605],[128.743786,35.08449]],[[128.740051,35.097054],[128.74018,35.09685],[128.739982,35.09677],[128.740051,35.097054]],[[128.741129,35.097581],[128.741327,35.097296],[128.741194,35.097237],[128.741129,35.097581]],[[128.737276,35.095873],[128.737148,35.095771],[128.736932,35.095959],[128.737276,35.095873]],[[128.737041,35.093819],[128.736908,35.093721],[128.736723,35.093893],[128.737041,35.093819]],[[128.740901,35.097314],[128.741004,35.09715],[128.740808,35.097068],[128.740901,35.097314]],[[128.745918,35.085595],[128.746089,35.085384],[128.74596,35.085314],[128.745918,35.085595]],[[128.74298,35.097917],[128.742636,35.097784],[128.742578,35.097875],[128.74298,35.097917]],[[128.738552,35.099025],[128.738308,35.098821],[128.738218,35.098892],[128.738552,35.099025]],[[128.741351,35.082071],[128.741138,35.081978],[128.741056,35.082104],[128.741351,35.082071]],[[128.742441,35.097703],[128.74217,35.097598],[128.742112,35.097689],[128.742441,35.097703]],[[128.74164,35.081717],[128.74145,35.081629],[128.741383,35.081734],[128.74164,35.081717]],[[128.741523,35.081919],[128.741332,35.081831],[128.741266,35.081936],[128.741523,35.081919]],[[128.743533,35.084116],[128.743477,35.084197],[128.743672,35.08428],[128.743533,35.084116]],[[128.743387,35.098078],[128.743069,35.097952],[128.743039,35.098001],[128.743387,35.098078]],[[128.729827,35.093403],[128.729888,35.093369],[128.729804,35.09326],[128.729827,35.093403]],[[128.745014,35.085335],[128.744948,35.085325],[128.744922,35.085449],[128.745014,35.085335]],[[128.743404,35.083648],[128.743395,35.083692],[128.743579,35.083716],[128.743404,35.083648]],[[128.729658,35.093505],[128.729704,35.093466],[128.729606,35.093378],[128.729658,35.093505]],[[128.743671,35.083412],[128.743678,35.083373],[128.743493,35.08335],[128.743671,35.083412]],[[128.743755,35.083121],[128.743768,35.083084],[128.743588,35.083041],[128.743755,35.083121]],[[128.729971,35.093192],[128.72993,35.093209],[128.730008,35.093321],[128.729971,35.093192]],[[128.728494,35.093176],[128.728533,35.093161],[128.728463,35.093045],[128.728494,35.093176]],[[128.728336,35.093255],[128.728268,35.093137],[128.72823,35.093154],[128.728336,35.093255]],[[128.740318,35.099673],[128.740456,35.099598],[128.740443,35.099581],[128.740318,35.099673]],[[128.740246,35.099473],[128.740222,35.099474],[128.740222,35.09961],[128.740246,35.099473]],[[128.739502,35.099555],[128.73953,35.09957],[128.739598,35.099484],[128.739502,35.099555]],[[128.739885,35.099656],[128.739836,35.099734],[128.739859,35.099744],[128.739885,35.099656]],[[128.742774,35.099908],[128.742799,35.099908],[128.742789,35.099817],[128.742774,35.099908]],[[128.723176,35.085445],[128.723183,35.085431],[128.723163,35.085427],[128.723176,35.085445]],[[128.740592,35.100114],[128.740633,35.100112],[128.740623,35.100006],[128.740592,35.100114]],[[128.722937,35.095709],[128.722996,35.094105],[128.723645,35.093516],[128.722945,35.094086],[128.722937,35.095709]],[[128.736181,35.097179],[128.736168,35.097206],[128.736196,35.097209],[128.736181,35.097179]],[[128.72574,35.094497],[128.72579,35.094417],[128.725691,35.094377],[128.72574,35.094497]],[[128.73387,35.091008],[128.733832,35.091014],[128.733843,35.091045],[128.73387,35.091008]],[[128.728262,35.090173],[128.72816,35.090193],[128.728187,35.090204],[128.728262,35.090173]],[[128.725995,35.094031],[128.725959,35.094089],[128.726036,35.094077],[128.725995,35.094031]],[[128.738651,35.099352],[128.738626,35.099354],[128.738641,35.099375],[128.738651,35.099352]],[[128.738011,35.09782],[128.737993,35.097838],[128.738004,35.097843],[128.738011,35.09782]],[[128.723094,35.085416],[128.72309,35.085443],[128.723161,35.085408],[128.723094,35.085416]]],[[[128.8,35.099178],[128.799181,35.100452],[128.797002,35.100462],[128.792659,35.098318],[128.791906,35.098503],[128.789086,35.098069],[128.788342,35.098328],[128.790604,35.100903],[128.789703,35.101884],[128.790656,35.101003],[128.791488,35.101823],[128.791188,35.103205],[128.790174,35.104376],[128.789206,35.104842],[128.788396,35.106945],[128.788816,35.111642],[128.78958,35.113185],[128.788616,35.113447],[128.784365,35.114015],[128.783697,35.113085],[128.783258,35.112943],[128.782528,35.112443],[128.782176,35.11159],[128.78232,35.111331],[128.78341,35.111575],[128.783491,35.111328],[128.782377,35.111216],[128.781287,35.110107],[128.781528,35.108295],[128.780441,35.105774],[128.780535,35.104953],[128.780059,35.104931],[128.779354,35.102952],[128.778725,35.102526],[128.777251,35.102384],[128.774998,35.101117],[128.772737,35.098905],[128.771512,35.099231],[128.769588,35.103556],[128.768136,35.103952],[128.765968,35.103635],[128.763793,35.105079],[128.762937,35.105167],[128.763136,35.102495],[128.762726,35.1024],[128.762672,35.101916],[128.764234,35.100946],[128.764536,35.101188],[128.764386,35.100456],[128.765254,35.098831],[128.765632,35.098528],[128.76558,35.097574],[128.784117,35.097613],[128.7842,35.092346],[128.779226,35.086341],[128.7792,35.082408],[128.776025,35.082379],[128.775953,35.082038],[128.776449,35.081931],[128.774965,35.08192],[128.774927,35.070109],[128.774484,35.070107],[128.774457,35.069019],[128.77372,35.068941],[128.772921,35.064901],[128.770543,35.064312],[128.770839,35.063504],[128.772265,35.062291],[128.772145,35.062014],[128.77219,35.061536],[128.77827,35.058558],[128.771828,35.061351],[128.7717,35.062513],[128.770464,35.063688],[128.769644,35.063882],[128.769067,35.063718],[128.769167,35.063448],[128.768338,35.063606],[128.767739,35.06323],[128.767447,35.062762],[128.765588,35.06248],[128.765447,35.061612],[128.764947,35.061541],[128.763788,35.059855],[128.762286,35.06049],[128.762218,35.060981],[128.760985,35.061182],[128.764444,35.057584],[128.811331,35.0],[128.822606,35.0],[128.822245,35.000333],[128.822448,35.000755],[128.822049,35.001405],[128.82128,35.001605],[128.821354,35.001333],[128.8208,35.001441],[128.82012,35.001828],[128.820206,35.002114],[128.819858,35.001819],[128.819193,35.002404],[128.819218,35.003404],[128.818206,35.004353],[128.81895,35.004625],[128.819048,35.004077],[128.819473,35.004051],[128.822459,35.004555],[128.822579,35.005109],[128.822764,35.004636],[128.823442,35.004876],[128.82377,35.005404],[128.823268,35.005763],[128.823702,35.005682],[128.823855,35.006114],[128.823613,35.007221],[128.823117,35.007524],[128.822393,35.007574],[128.822516,35.007703],[128.821251,35.00884],[128.820124,35.009231],[128.825049,35.010247],[128.825804,35.011002],[128.825439,35.010421],[128.826447,35.010439],[128.827279,35.011927],[128.826944,35.012234],[128.825381,35.01228],[128.825117,35.011723],[128.825068,35.013216],[128.825443,35.012885],[128.825395,35.012384],[128.826974,35.012329],[128.827414,35.01259],[128.827263,35.013613],[128.826035,35.014442],[128.825515,35.014055],[128.825874,35.014442],[128.823398,35.016884],[128.822386,35.016759],[128.822051,35.016268],[128.82019,35.016652],[128.819325,35.017921],[128.817862,35.018544],[128.816278,35.018473],[128.815712,35.018205],[128.813667,35.01956],[128.8112,35.019129],[128.811094,35.021543],[128.810511,35.022174],[128.805988,35.021279],[128.805937,35.021507],[128.807459,35.021758],[128.806254,35.021769],[128.806573,35.022855],[128.80485,35.023643],[128.804803,35.024232],[128.809742,35.030253],[128.809201,35.031184],[128.808434,35.031351],[128.808742,35.031878],[128.808697,35.032645],[128.807948,35.033712],[128.809817,35.033511],[128.810021,35.033943],[128.810069,35.033523],[128.810762,35.033434],[128.81128,35.033767],[128.81224,35.035729],[128.811948,35.036214],[128.812466,35.036488],[128.8125,35.039705],[128.811862,35.040761],[128.810378,35.04225],[128.808711,35.04336],[128.807769,35.043583],[128.807711,35.043397],[128.807455,35.044229],[128.806302,35.04494],[128.806494,35.046361],[128.805822,35.047407],[128.802679,35.04824],[128.799618,35.047651],[128.798692,35.048229],[128.798718,35.048738],[128.79755,35.049154],[128.797159,35.050161],[128.797791,35.051807],[128.797172,35.052979],[128.796671,35.053012],[128.797089,35.053212],[128.79683,35.053856],[128.798788,35.054285],[128.800656,35.05525],[128.80064,35.055252],[128.800629,35.055251],[128.800323,35.055188],[128.79988,35.055073],[128.798596,35.054647],[128.796967,35.054505],[128.796402,35.054123],[128.796323,35.053497],[128.791056,35.053487],[128.790971,35.061431],[128.794236,35.062508],[128.793703,35.064882],[128.832393,35.071314],[128.832381,35.077621],[128.78139,35.07753],[128.784686,35.077724],[128.784681,35.079527],[128.782479,35.082644],[128.782466,35.085493],[128.788331,35.092065],[128.789504,35.093507],[128.789419,35.093956],[128.789618,35.093509],[128.7893,35.093115],[128.790142,35.092638],[128.790885,35.093528],[128.789963,35.094067],[128.791725,35.09511],[128.792741,35.094893],[128.793756,35.093782],[128.794988,35.093907],[128.796303,35.093222],[128.798702,35.093235],[128.79933,35.093908],[128.799794,35.093587],[128.799999,35.093996],[128.8,35.099178]],[[128.77609,35.101716],[128.776102,35.101718],[128.776097,35.101707],[128.77609,35.101716]],[[128.820524,35.008915],[128.820515,35.008947],[128.820535,35.00895],[128.820524,35.008915]],[[128.764124,35.06011],[128.764101,35.060195],[128.764121,35.060201],[128.764124,35.06011]],[[128.764212,35.060187],[128.764248,35.060245],[128.764266,35.060227],[128.764212,35.060187]],[[128.766212,35.062515],[128.76618,35.062555],[128.766208,35.062565],[128.766212,35.062515]],[[128.771446,35.062206],[128.771483,35.0622],[128.771452,35.06213],[128.771446,35.062206]],[[128.771518,35.062241],[128.771541,35.062232],[128.771529,35.062216],[128.771518,35.062241]],[[128.767327,35.062604],[128.767274,35.062569],[128.767283,35.06262],[128.767327,35.062604]],[[128.767419,35.062671],[128.767454,35.062681],[128.76747,35.062652],[128.767419,35.062671]],[[128.767238,35.062687],[128.767216,35.0627],[128.76724,35.062709],[128.767238,35.062687]],[[128.767655,35.062726],[128.767665,35.06275],[128.767694,35.062739],[128.767655,35.062726]],[[128.767502,35.062751],[128.767569,35.062777],[128.767555,35.062709],[128.767502,35.062751]],[[128.767764,35.063216],[128.767751,35.063189],[128.767742,35.063215],[128.767764,35.063216]],[[128.76934,35.06352],[128.769351,35.063606],[128.769449,35.063552],[128.76934,35.06352]],[[128.79393,35.048038],[128.79393,35.047904],[128.787349,35.047892],[128.79393,35.048038]],[[128.791689,35.062217],[128.791639,35.062325],[128.791894,35.062303],[128.791689,35.062217]],[[128.79226,35.062391],[128.791479,35.062881],[128.791891,35.063264],[128.791348,35.063475],[128.791471,35.063785],[128.792858,35.063516],[128.792764,35.063067],[128.793102,35.062607],[128.79226,35.062391]],[[128.792978,35.063179],[128.793017,35.06316],[128.792961,35.063138],[128.792978,35.063179]],[[128.79122,35.063703],[128.791183,35.063661],[128.791134,35.063689],[128.79122,35.063703]],[[128.79671,35.053524],[128.796687,35.05361],[128.796757,35.05362],[128.79671,35.053524]],[[128.819089,35.00228],[128.819464,35.002007],[128.818943,35.001698],[128.819089,35.00228]],[[128.801274,35.047863],[128.801445,35.047742],[128.800987,35.047636],[128.801274,35.047863]],[[128.800801,35.047696],[128.800888,35.047856],[128.800907,35.047804],[128.800801,35.047696]],[[128.818362,35.003604],[128.818865,35.003601],[128.818827,35.003388],[128.818362,35.003604]],[[128.824595,35.010535],[128.8245,35.010503],[128.824254,35.011573],[128.824595,35.010535]],[[128.820718,35.001257],[128.820412,35.001382],[128.820627,35.00147],[128.820718,35.001257]],[[128.804279,35.022482],[128.804733,35.022449],[128.804687,35.022357],[128.804279,35.022482]],[[128.819823,35.009246],[128.819773,35.009362],[128.820076,35.009412],[128.819823,35.009246]],[[128.807762,35.033652],[128.807658,35.033716],[128.807748,35.033845],[128.807762,35.033652]],[[128.818598,35.003692],[128.818365,35.00376],[128.818502,35.003867],[128.818598,35.003692]],[[128.801584,35.047824],[128.801801,35.04771],[128.801627,35.047651],[128.801584,35.047824]],[[128.813866,35.019167],[128.813761,35.019191],[128.813892,35.019324],[128.813866,35.019167]],[[128.819562,35.009526],[128.819637,35.009465],[128.819531,35.009399],[128.819562,35.009526]],[[128.821176,35.001261],[128.821364,35.00127],[128.821344,35.001204],[128.821176,35.001261]],[[128.816376,35.018211],[128.81625,35.018289],[128.816453,35.018302],[128.816376,35.018211]],[[128.807422,35.033558],[128.807531,35.033659],[128.807512,35.033565],[128.807422,35.033558]],[[128.804127,35.022359],[128.804207,35.022304],[128.804156,35.02228],[128.804127,35.022359]],[[128.822805,35.004726],[128.822803,35.004786],[128.822945,35.004785],[128.822805,35.004726]],[[128.819699,35.004218],[128.819851,35.004256],[128.819833,35.00423],[128.819699,35.004218]],[[128.807211,35.043988],[128.807183,35.043959],[128.807164,35.043992],[128.807211,35.043988]],[[128.807607,35.033571],[128.807668,35.033582],[128.80767,35.033572],[128.807607,35.033571]],[[128.814214,35.018821],[128.814147,35.018849],[128.814261,35.018892],[128.814214,35.018821]],[[128.818899,35.003142],[128.818961,35.003156],[128.818912,35.003085],[128.818899,35.003142]],[[128.820644,35.008838],[128.82065,35.008851],[128.820664,35.008846],[128.820644,35.008838]],[[128.823058,35.007435],[128.823118,35.00745],[128.823129,35.007425],[128.823058,35.007435]],[[128.821812,35.008144],[128.821804,35.008151],[128.821961,35.008161],[128.821812,35.008144]],[[128.80724,35.033321],[128.807253,35.033355],[128.807349,35.033341],[128.80724,35.033321]],[[128.818371,35.003426],[128.818319,35.003411],[128.818339,35.003446],[128.818371,35.003426]],[[128.822053,35.000893],[128.822038,35.00085],[128.822016,35.000861],[128.822053,35.000893]],[[128.821217,35.008657],[128.82119,35.008667],[128.821239,35.008702],[128.821217,35.008657]],[[128.807876,35.043449],[128.807878,35.043428],[128.807845,35.043433],[128.807876,35.043449]],[[128.804627,35.024026],[128.804604,35.023991],[128.804573,35.023998],[128.804627,35.024026]],[[128.82122,35.008775],[128.821205,35.008774],[128.821202,35.008784],[128.82122,35.008775]],[[128.810784,35.041814],[128.810813,35.041808],[128.810794,35.041775],[128.810784,35.041814]],[[128.819236,35.002329],[128.81925,35.002334],[128.819277,35.00231],[128.819236,35.002329]],[[128.820339,35.00938],[128.820317,35.009385],[128.820331,35.009394],[128.820339,35.00938]],[[128.821452,35.001475],[128.821482,35.001447],[128.821471,35.001443],[128.821452,35.001475]],[[128.806292,35.045742],[128.806267,35.045709],[128.806251,35.045728],[128.806292,35.045742]],[[128.810858,35.041689],[128.810853,35.041716],[128.810878,35.041708],[128.810858,35.041689]],[[128.822274,35.000931],[128.822248,35.000918],[128.822241,35.00095],[128.822274,35.000931]],[[128.806135,35.044945],[128.806137,35.044965],[128.806155,35.044962],[128.806135,35.044945]],[[128.820586,35.008855],[128.820559,35.008869],[128.820562,35.008871],[128.820586,35.008855]],[[128.822204,35.000878],[128.822225,35.000884],[128.822218,35.000867],[128.822204,35.000878]],[[128.821404,35.001491],[128.821402,35.001484],[128.821384,35.001491],[128.821404,35.001491]],[[128.82222,35.000953],[128.822216,35.000966],[128.822236,35.000961],[128.82222,35.000953]],[[128.772525,35.061757],[128.772638,35.061631],[128.772382,35.061488],[128.772525,35.061757]],[[128.7907,35.093566],[128.790845,35.093487],[128.790659,35.093264],[128.7907,35.093566]],[[128.784379,35.093198],[128.784532,35.093408],[128.784696,35.09333],[128.784379,35.093198]],[[128.786365,35.092102],[128.786538,35.092302],[128.786693,35.092213],[128.786365,35.092102]],[[128.785377,35.092664],[128.78555,35.092863],[128.785704,35.092774],[128.785377,35.092664]],[[128.787508,35.091447],[128.787352,35.091539],[128.787525,35.091738],[128.787508,35.091447]],[[128.786903,35.090542],[128.786631,35.090694],[128.786722,35.090806],[128.786903,35.090542]],[[128.786224,35.090218],[128.786318,35.090328],[128.786588,35.090175],[128.786224,35.090218]],[[128.787306,35.091027],[128.787033,35.091178],[128.787126,35.09129],[128.787306,35.091027]],[[128.782,35.082968],[128.781996,35.083239],[128.782136,35.083239],[128.782,35.082968]],[[128.780491,35.083239],[128.780495,35.082967],[128.780355,35.082967],[128.780491,35.083239]],[[128.779659,35.083237],[128.779663,35.082966],[128.779523,35.082965],[128.779659,35.083237]],[[128.781178,35.083238],[128.781316,35.083239],[128.78132,35.082968],[128.781178,35.083238]],[[128.781312,35.083407],[128.781312,35.083286],[128.781171,35.083285],[128.781312,35.083407]],[[128.780489,35.083406],[128.780489,35.083286],[128.780348,35.083286],[128.780489,35.083406]],[[128.797705,35.093328],[128.797687,35.093547],[128.797755,35.093551],[128.797705,35.093328]],[[128.798088,35.093429],[128.798019,35.093414],[128.797964,35.093601],[128.798088,35.093429]],[[128.791583,35.095393],[128.791599,35.095225],[128.79153,35.095221],[128.791583,35.095393]],[[128.798658,35.09347],[128.798597,35.093601],[128.798669,35.093623],[128.798658,35.09347]],[[128.797931,35.093399],[128.797858,35.093384],[128.797823,35.093524],[128.797931,35.093399]],[[128.799215,35.094039],[128.79929,35.094055],[128.799338,35.093935],[128.799215,35.094039]],[[128.798864,35.093906],[128.798933,35.093954],[128.799013,35.093874],[128.798864,35.093906]],[[128.797144,35.093504],[128.797226,35.093495],[128.797209,35.093387],[128.797144,35.093504]],[[128.765366,35.098884],[128.765488,35.098877],[128.765482,35.098808],[128.765366,35.098884]],[[128.796727,35.093581],[128.796815,35.093594],[128.796833,35.093508],[128.796727,35.093581]],[[128.782125,35.083288],[128.781999,35.083287],[128.781999,35.083346],[128.782125,35.083288]],[[128.765271,35.099887],[128.765378,35.099882],[128.765373,35.099813],[128.765271,35.099887]],[[128.779659,35.083292],[128.779534,35.083292],[128.779533,35.08335],[128.779659,35.083292]],[[128.765429,35.099384],[128.765534,35.099378],[128.765529,35.099309],[128.765429,35.099384]],[[128.765487,35.099877],[128.765589,35.09987],[128.765582,35.099801],[128.765487,35.099877]],[[128.790638,35.09495],[128.790706,35.094792],[128.790668,35.094782],[128.790638,35.09495]],[[128.790155,35.094782],[128.790183,35.094806],[128.790338,35.09468],[128.790155,35.094782]],[[128.791162,35.095236],[128.791324,35.095071],[128.7913,35.095055],[128.791162,35.095236]],[[128.765329,35.099389],[128.765324,35.09932],[128.765224,35.099325],[128.765329,35.099389]],[[128.791835,35.095366],[128.791832,35.095272],[128.791761,35.095274],[128.791835,35.095366]],[[128.797442,35.09342],[128.797416,35.093333],[128.797346,35.093352],[128.797442,35.09342]],[[128.790413,35.093013],[128.790381,35.092984],[128.790263,35.093086],[128.790413,35.093013]],[[128.789587,35.093238],[128.789611,35.093223],[128.78949,35.093066],[128.789587,35.093238]],[[128.799901,35.094145],[128.799969,35.094045],[128.799924,35.094023],[128.799901,35.094145]],[[128.789759,35.093131],[128.789634,35.092986],[128.789608,35.093002],[128.789759,35.093131]],[[128.79869,35.093704],[128.798749,35.093733],[128.798802,35.093666],[128.79869,35.093704]],[[128.790171,35.093675],[128.790267,35.09379],[128.790298,35.093772],[128.790171,35.093675]],[[128.797529,35.093382],[128.79752,35.093305],[128.79746,35.093309],[128.797529,35.093382]],[[128.789812,35.093056],[128.78984,35.09304],[128.789742,35.092919],[128.789812,35.093056]],[[128.789299,35.093546],[128.789375,35.093514],[128.789346,35.093467],[128.789299,35.093546]],[[128.798453,35.093363],[128.798408,35.093426],[128.798458,35.09345],[128.798453,35.093363]],[[128.793092,35.063143],[128.793055,35.063168],[128.793079,35.063183],[128.793092,35.063143]],[[128.798883,35.093696],[128.798844,35.093747],[128.798897,35.093774],[128.798883,35.093696]],[[128.799784,35.099144],[128.799784,35.099185],[128.79986,35.099186],[128.799784,35.099144]],[[128.772233,35.062061],[128.772269,35.062104],[128.772289,35.062071],[128.772233,35.062061]],[[128.793118,35.063247],[128.793082,35.06326],[128.793107,35.063295],[128.793118,35.063247]],[[128.796528,35.093392],[128.796551,35.093441],[128.796596,35.09343],[128.796528,35.093392]],[[128.797634,35.09334],[128.797617,35.093288],[128.79758,35.093296],[128.797634,35.09334]],[[128.796755,35.053688],[128.796815,35.053688],[128.796807,35.053654],[128.796755,35.053688]],[[128.798596,35.093407],[128.798566,35.093393],[128.798534,35.093437],[128.798596,35.093407]],[[128.76813,35.063224],[128.768109,35.063242],[128.768149,35.06326],[128.76813,35.063224]],[[128.772054,35.098847],[128.772114,35.098854],[128.772091,35.098831],[128.772054,35.098847]],[[128.767916,35.063254],[128.767918,35.063228],[128.767868,35.063219],[128.767916,35.063254]],[[128.768247,35.063426],[128.768222,35.06343],[128.768226,35.063451],[128.768247,35.063426]],[[128.768189,35.063292],[128.768199,35.063305],[128.768218,35.063296],[128.768189,35.063292]],[[128.771816,35.099029],[128.771801,35.099044],[128.771828,35.099036],[128.771816,35.099029]],[[128.789231,35.099843],[128.789237,35.099861],[128.78925,35.099844],[128.789231,35.099843]],[[128.789682,35.103812],[128.790085,35.104135],[128.79012,35.104104],[128.789682,35.103812]],[[128.78963,35.101776],[128.789176,35.101517],[128.789152,35.101548],[128.78963,35.101776]],[[128.7837,35.111715],[128.783765,35.111643],[128.783626,35.111554],[128.7837,35.111715]],[[128.789927,35.101048],[128.789876,35.101098],[128.790066,35.101217],[128.789927,35.101048]],[[128.789268,35.101562],[128.789344,35.101459],[128.789267,35.10141],[128.789268,35.101562]],[[128.789824,35.10419],[128.7898,35.104246],[128.789985,35.104312],[128.789824,35.10419]],[[128.790092,35.101027],[128.790279,35.101129],[128.790314,35.101088],[128.790092,35.101027]],[[128.782506,35.111105],[128.782454,35.111066],[128.782336,35.111164],[128.782506,35.111105]],[[128.789831,35.101267],[128.789986,35.101356],[128.790019,35.10132],[128.789831,35.101267]],[[128.789471,35.101676],[128.789501,35.101639],[128.789344,35.10155],[128.789471,35.101676]],[[128.783384,35.111641],[128.783318,35.111624],[128.783285,35.111735],[128.783384,35.111641]],[[128.782691,35.111193],[128.782692,35.111107],[128.78261,35.111109],[128.782691,35.111193]],[[128.789978,35.103997],[128.790063,35.104055],[128.790111,35.10401],[128.789978,35.103997]],[[128.783263,35.112655],[128.783295,35.112672],[128.783367,35.112593],[128.783263,35.112655]],[[128.783584,35.111586],[128.783479,35.111535],[128.783451,35.111582],[128.783584,35.111586]],[[128.782911,35.112458],[128.78284,35.112556],[128.78288,35.112579],[128.782911,35.112458]],[[128.782626,35.111096],[128.782692,35.111094],[128.782696,35.111011],[128.782626,35.111096]],[[128.782705,35.112245],[128.782671,35.112203],[128.782578,35.112255],[128.782705,35.112245]],[[128.783354,35.112619],[128.78327,35.11271],[128.783313,35.112733],[128.783354,35.112619]],[[128.783205,35.112641],[128.783161,35.112703],[128.783223,35.112724],[128.783205,35.112641]],[[128.78971,35.101402],[128.789778,35.101454],[128.789816,35.101417],[128.78971,35.101402]],[[128.783402,35.112641],[128.783474,35.112574],[128.783431,35.112548],[128.783402,35.112641]],[[128.789584,35.101688],[128.789555,35.101725],[128.789634,35.10177],[128.789584,35.101688]],[[128.783048,35.112546],[128.783,35.11262],[128.783041,35.112639],[128.783048,35.112546]],[[128.783085,35.112592],[128.783046,35.112642],[128.783103,35.112672],[128.783085,35.112592]],[[128.783456,35.111519],[128.783511,35.11154],[128.783542,35.11148],[128.783456,35.111519]],[[128.789873,35.103927],[128.789958,35.103985],[128.789987,35.103959],[128.789873,35.103927]],[[128.789766,35.103858],[128.789839,35.103907],[128.78987,35.103879],[128.789766,35.103858]],[[128.782542,35.112144],[128.782524,35.112097],[128.782454,35.112115],[128.782542,35.112144]],[[128.790292,35.100927],[128.790268,35.10096],[128.790344,35.100998],[128.790292,35.100927]],[[128.782805,35.112577],[128.782778,35.112534],[128.782727,35.112557],[128.782805,35.112577]],[[128.783004,35.112693],[128.78304,35.112645],[128.782997,35.112625],[128.783004,35.112693]],[[128.783022,35.112687],[128.783059,35.112702],[128.78309,35.112669],[128.783022,35.112687]],[[128.782529,35.11229],[128.782552,35.112314],[128.782596,35.112287],[128.782529,35.11229]],[[128.768357,35.063527],[128.768332,35.063531],[128.768348,35.063564],[128.768357,35.063527]],[[128.807758,35.033525],[128.807729,35.033524],[128.807731,35.033571],[128.807758,35.033525]],[[128.80771,35.033583],[128.807731,35.033571],[128.807707,35.033569],[128.80771,35.033583]],[[128.793043,35.062853],[128.793046,35.062844],[128.793033,35.062842],[128.793043,35.062853]],[[128.808625,35.032215],[128.808589,35.032215],[128.808587,35.032243],[128.808625,35.032215]],[[128.810897,35.021525],[128.810853,35.021575],[128.810919,35.021579],[128.810897,35.021525]],[[128.802686,35.048008],[128.802672,35.048015],[128.802741,35.048052],[128.802686,35.048008]],[[128.822996,35.007468],[128.822974,35.007465],[128.822985,35.007479],[128.822996,35.007468]],[[128.822974,35.007465],[128.822972,35.007448],[128.82296,35.007449],[128.822974,35.007465]],[[128.821902,35.00982],[128.821874,35.009826],[128.821877,35.009839],[128.821902,35.00982]],[[128.821867,35.009796],[128.82189,35.009804],[128.821897,35.009792],[128.821867,35.009796]],[[128.808273,35.032545],[128.808312,35.032584],[128.808339,35.032562],[128.808273,35.032545]],[[128.819475,35.017498],[128.819515,35.01751],[128.819523,35.017476],[128.819475,35.017498]],[[128.816693,35.018162],[128.816624,35.018177],[128.816641,35.018243],[128.816693,35.018162]],[[128.818177,35.018303],[128.818174,35.018273],[128.81813,35.018284],[128.818177,35.018303]],[[128.810844,35.041763],[128.810839,35.041781],[128.81085,35.041771],[128.810844,35.041763]]],[[[128.752407,35.071979],[128.743438,35.072082],[128.752789,35.066259],[128.752847,35.069751],[128.752408,35.069755],[128.752407,35.071979]]],[[[128.83431,35.011464],[128.834715,35.010604],[128.835336,35.010389],[128.835869,35.010375],[128.836399,35.009576],[128.838149,35.008693],[128.839143,35.008712],[128.841002,35.006869],[128.840868,35.006544],[128.841134,35.006248],[128.840919,35.006099],[128.841184,35.005951],[128.840903,35.005731],[128.841142,35.005356],[128.840754,35.005302],[128.841062,35.005231],[128.840706,35.004716],[128.840615,35.004914],[128.839916,35.004538],[128.840088,35.004217],[128.839667,35.004062],[128.839068,35.00318],[128.839425,35.002855],[128.838643,35.001527],[128.838948,35.001474],[128.837349,35.0],[128.85,35.0],[128.85,35.039095],[128.848947,35.038445],[128.848834,35.037708],[128.849214,35.037509],[128.848217,35.036376],[128.848788,35.035892],[128.848555,35.035685],[128.848837,35.035272],[128.848472,35.035093],[128.848668,35.034321],[128.848934,35.03427],[128.848721,35.033944],[128.84731,35.033106],[128.846934,35.033377],[128.847044,35.032996],[128.846385,35.03265],[128.844884,35.032308],[128.843168,35.030705],[128.842935,35.02996],[128.843542,35.029109],[128.843261,35.028011],[128.8436,35.027564],[128.842798,35.026836],[128.843066,35.02659],[128.842582,35.026553],[128.842856,35.026242],[128.84205,35.0257],[128.841723,35.024053],[128.840331,35.023011],[128.839731,35.021959],[128.839588,35.020648],[128.839895,35.02056],[128.839389,35.020387],[128.839835,35.020099],[128.839315,35.020025],[128.83912,35.018676],[128.838489,35.018522],[128.83851,35.017799],[128.836145,35.017049],[128.834947,35.015837],[128.835014,35.014233],[128.835701,35.015081],[128.835389,35.014114],[128.835024,35.014115],[128.835444,35.013685],[128.834648,35.01328],[128.83431,35.011464]],[[128.837528,35.009307],[128.837518,35.0093],[128.837518,35.009327],[128.837528,35.009307]],[[128.837203,35.009444],[128.837215,35.009426],[128.837191,35.00942],[128.837203,35.009444]],[[128.83716,35.009468],[128.837114,35.009471],[128.837112,35.009496],[128.83716,35.009468]],[[128.837104,35.009527],[128.837059,35.00949],[128.837018,35.009538],[128.837104,35.009527]],[[128.835292,35.010496],[128.835275,35.010441],[128.835239,35.010453],[128.835292,35.010496]],[[128.835092,35.010622],[128.835064,35.010638],[128.835087,35.010667],[128.835092,35.010622]],[[128.835937,35.013411],[128.83606,35.013574],[128.836156,35.013506],[128.835937,35.013411]],[[128.835375,35.013572],[128.835586,35.013667],[128.835599,35.013608],[128.835375,35.013572]],[[128.835307,35.013909],[128.835286,35.013898],[128.835332,35.013948],[128.835307,35.013909]],[[128.836056,35.016798],[128.835985,35.01673],[128.835941,35.016744],[128.836056,35.016798]],[[128.836904,35.01719],[128.836886,35.017259],[128.836921,35.017247],[128.836904,35.01719]],[[128.839072,35.001931],[128.839114,35.001881],[128.839098,35.001885],[128.839072,35.001931]],[[128.839394,35.003307],[128.839302,35.003357],[128.839316,35.003385],[128.839394,35.003307]],[[128.839836,35.003988],[128.839891,35.004009],[128.839898,35.003969],[128.839836,35.003988]],[[128.839444,35.019343],[128.839493,35.019352],[128.839483,35.019287],[128.839444,35.019343]],[[128.839383,35.019451],[128.8394,35.019535],[128.839459,35.019522],[128.839383,35.019451]],[[128.840393,35.004661],[128.840376,35.004674],[128.840459,35.004704],[128.840393,35.004661]],[[128.841021,35.004906],[128.841006,35.004908],[128.841011,35.004919],[128.841021,35.004906]],[[128.841099,35.006336],[128.841059,35.006348],[128.841079,35.006374],[128.841099,35.006336]],[[128.841171,35.006464],[128.841143,35.006454],[128.841123,35.0065],[128.841171,35.006464]],[[128.841107,35.006566],[128.840958,35.006625],[128.841024,35.006653],[128.841107,35.006566]],[[128.841002,35.006661],[128.840998,35.006684],[128.841054,35.006684],[128.841002,35.006661]],[[128.841285,35.006617],[128.841275,35.006629],[128.841297,35.00663],[128.841285,35.006617]],[[128.841026,35.00722],[128.841051,35.007366],[128.841179,35.007368],[128.841026,35.00722]],[[128.840662,35.00767],[128.840689,35.007699],[128.840711,35.007661],[128.840662,35.00767]],[[128.840497,35.007853],[128.840456,35.007861],[128.840456,35.007929],[128.840497,35.007853]],[[128.849305,35.034054],[128.849506,35.033691],[128.84907,35.033762],[128.849305,35.034054]],[[128.849281,35.034259],[128.849584,35.034076],[128.849469,35.034032],[128.849281,35.034259]],[[128.849116,35.037844],[128.849179,35.037905],[128.849257,35.037813],[128.849116,35.037844]],[[128.842741,35.025888],[128.842657,35.025938],[128.842776,35.025933],[128.842741,35.025888]],[[128.842816,35.025983],[128.842797,35.025961],[128.842744,35.026014],[128.842816,35.025983]],[[128.843692,35.028784],[128.843508,35.028833],[128.843578,35.028878],[128.843692,35.028784]],[[128.843723,35.028565],[128.84365,35.0286],[128.843754,35.028632],[128.843723,35.028565]],[[128.844621,35.031688],[128.844513,35.031801],[128.844569,35.031816],[128.844621,35.031688]],[[128.849113,35.0383],[128.849064,35.038202],[128.848995,35.038216],[128.849113,35.0383]],[[128.84458,35.031947],[128.844704,35.031789],[128.844649,35.031789],[128.84458,35.031947]],[[128.848728,35.035505],[128.848878,35.035438],[128.848777,35.035429],[128.848728,35.035505]],[[128.841219,35.006839],[128.841177,35.00678],[128.841129,35.006836],[128.841219,35.006839]],[[128.843373,35.027204],[128.843427,35.027176],[128.84341,35.027144],[128.843373,35.027204]],[[128.849382,35.03819],[128.849405,35.038152],[128.849296,35.038136],[128.849382,35.03819]],[[128.839484,35.008504],[128.839485,35.008457],[128.839414,35.008459],[128.839484,35.008504]],[[128.849419,35.038377],[128.849401,35.038366],[128.849376,35.038402],[128.849419,35.038377]],[[128.842051,35.024937],[128.842028,35.024959],[128.842052,35.024975],[128.842051,35.024937]],[[128.843474,35.02733],[128.843478,35.027368],[128.843492,35.027364],[128.843474,35.02733]],[[128.843445,35.027384],[128.843452,35.027417],[128.843467,35.027419],[128.843445,35.027384]],[[128.848772,35.035551],[128.848819,35.035499],[128.848733,35.035513],[128.848772,35.035551]],[[128.847586,35.033191],[128.847626,35.033193],[128.847606,35.033142],[128.847586,35.033191]],[[128.840916,35.023203],[128.840897,35.023241],[128.840957,35.023253],[128.840916,35.023203]],[[128.835897,35.013502],[128.835921,35.013556],[128.835943,35.013545],[128.835897,35.013502]],[[128.848926,35.036706],[128.848938,35.036731],[128.848997,35.036684],[128.848926,35.036706]],[[128.838998,35.001828],[128.838945,35.001757],[128.838938,35.001791],[128.838998,35.001828]],[[128.84312,35.026598],[128.843166,35.026649],[128.843151,35.026576],[128.84312,35.026598]],[[128.835366,35.010496],[128.835364,35.010521],[128.835425,35.010529],[128.835366,35.010496]],[[128.84209,35.025225],[128.842058,35.025238],[128.842093,35.025258],[128.84209,35.025225]],[[128.84891,35.037763],[128.848879,35.037738],[128.848859,35.037796],[128.84891,35.037763]],[[128.84283,35.025988],[128.842831,35.026012],[128.842865,35.025992],[128.84283,35.025988]],[[128.839943,35.003975],[128.839967,35.004037],[128.839976,35.004026],[128.839943,35.003975]],[[128.842087,35.025026],[128.842058,35.025025],[128.842049,35.025051],[128.842087,35.025026]],[[128.839653,35.003626],[128.839645,35.003658],[128.839692,35.003656],[128.839653,35.003626]],[[128.843507,35.027392],[128.84351,35.02741],[128.843518,35.027399],[128.843507,35.027392]],[[128.839642,35.003824],[128.839675,35.003831],[128.839675,35.003792],[128.839642,35.003824]],[[128.848782,35.036661],[128.848811,35.036678],[128.84883,35.036648],[128.848782,35.036661]],[[128.843585,35.027784],[128.84361,35.027753],[128.843602,35.027748],[128.843585,35.027784]],[[128.843633,35.029],[128.84361,35.029003],[128.843624,35.029021],[128.843633,35.029]],[[128.835832,35.013571],[128.835819,35.013587],[128.835843,35.013595],[128.835832,35.013571]],[[128.836307,35.016969],[128.836328,35.016987],[128.836342,35.01695],[128.836307,35.016969]],[[128.843652,35.027626],[128.843678,35.02762],[128.843666,35.027588],[128.843652,35.027626]],[[128.839373,35.0025],[128.839403,35.002497],[128.839408,35.002479],[128.839373,35.0025]],[[128.841463,35.00679],[128.841432,35.006795],[128.841436,35.006809],[128.841463,35.00679]],[[128.843335,35.029702],[128.84332,35.029688],[128.8433,35.029706],[128.843335,35.029702]],[[128.843645,35.028967],[128.843658,35.028957],[128.843641,35.02894],[128.843645,35.028967]],[[128.8436,35.027379],[128.843597,35.027374],[128.843578,35.027383],[128.8436,35.027379]],[[128.836363,35.009982],[128.836344,35.00998],[128.836336,35.009992],[128.836363,35.009982]],[[128.836998,35.00943],[128.837008,35.00945],[128.837016,35.009436],[128.836998,35.00943]],[[128.848795,35.036623],[128.848796,35.03663],[128.848818,35.036616],[128.848795,35.036623]],[[128.840268,35.022158],[128.840276,35.022181],[128.840282,35.022158],[128.840268,35.022158]],[[128.839344,35.019597],[128.839348,35.019627],[128.839378,35.019613],[128.839344,35.019597]],[[128.838996,35.001466],[128.838972,35.001467],[128.839006,35.001489],[128.838996,35.001466]],[[128.834706,35.010771],[128.834726,35.01077],[128.834717,35.010754],[128.834706,35.010771]],[[128.840649,35.023145],[128.840633,35.023142],[128.840621,35.023169],[128.840649,35.023145]],[[128.839558,35.019603],[128.839628,35.019564],[128.839578,35.019564],[128.839558,35.019603]],[[128.848762,35.034593],[128.848732,35.034587],[128.84873,35.034601],[128.848762,35.034593]],[[128.847587,35.033069],[128.847595,35.03306],[128.847546,35.033053],[128.847587,35.033069]],[[128.84183,35.024281],[128.841793,35.024209],[128.841785,35.024219],[128.84183,35.024281]],[[128.843601,35.028911],[128.843586,35.028924],[128.843601,35.028932],[128.843601,35.028911]]],[[[128.850074,35.045558],[128.850002,35.045706],[128.849866,35.045462],[128.850074,35.045558]]],[[[128.849998,35.045723],[128.85,35.045715],[128.85,35.045727],[128.849998,35.045723]]],[[[128.849911,35.045851],[128.849958,35.045777],[128.85,35.045779],[128.849911,35.045851]]],[[[128.849994,35.046214],[128.85,35.046127],[128.850001,35.046126],[128.85,35.046138],[128.849994,35.046214]]],[[[128.849957,35.047344],[128.85,35.047359],[128.85,35.048414],[128.849995,35.047781],[128.849957,35.047344]]]]},"properties":{"id":"khoa-hrbare-50047","name":"부산 신항","englishName":"BUSAN NEW PORT","harborTypeCode":"GBN284","relatedInstitutionCode":"1192136","statusCode":null,"minimumScale":17999.0,"source":"국립해양조사원(KHOA)","sourceUpdatedAt":"2025-08-11","sourceRaw":"{\"gid\":47,\"objnum\":\"50047\",\"pbinst\":\"1192136\",\"indcde_1\":\"\",\"indcde_2\":\"ENW014\",\"indcde_3\":\"CLW021\",\"mnymd\":\"20241130\",\"clfcde\":\"COD007\",\"enclev\":\"6\",\"enc_no\":\"KR688D84\",\"gubun\":\"GBN284\",\"nobjnm\":\"부산 신항\",\"objnam\":\"BUSAN NEW PORT\",\"status\":\"\",\"inform\":\"\",\"ninfom\":\"\",\"ntxtds\":\"\",\"scamin\":17999,\"txtdsc\":\"\",\"sordat\":\"20100402, 20190524\",\"sorind\":\"KR,KR,reprt,NTM2019-21-425, KR,KR,reprt,NTM2010-13-203\"}"}},{"type":"Feature","id":"khoa-hrbare-50048","geometry":{"type":"Polygon","coordinates":[[[128.955701,35.1],[128.95,35.1],[128.95,35.050835],[128.950396,35.05111],[128.951573,35.05097],[128.953334,35.050328],[128.953941,35.04967],[128.955321,35.050403],[128.95542,35.050906],[128.955871,35.050647],[128.955368,35.049848],[128.953937,35.049119],[128.95,35.049431],[128.95,35.008198],[129.093032,35.036732],[129.092327,35.036748],[129.09226,35.037442],[129.093172,35.037751],[129.093046,35.037371],[129.093381,35.037285],[129.127222,35.090833],[129.127386,35.091356],[129.127095,35.090978],[129.126384,35.091129],[129.126779,35.091395],[129.127435,35.091372],[129.147667,35.142555],[129.110667,35.134963],[129.109366,35.133434],[129.108915,35.132848],[129.109154,35.132706],[129.110867,35.134553],[129.112481,35.135083],[129.117803,35.13212],[129.116868,35.130057],[129.113299,35.126268],[129.112811,35.124964],[129.11341,35.126198],[129.115396,35.128247],[129.116487,35.127624],[129.117101,35.128332],[129.11713,35.129238],[129.116604,35.129268],[129.116683,35.129351],[129.117146,35.129346],[129.117227,35.13023],[129.118302,35.131474],[129.118765,35.131232],[129.119648,35.132],[129.119171,35.132281],[129.118309,35.13171],[129.121523,35.135355],[129.121601,35.13491],[129.120613,35.13369],[129.121108,35.132899],[129.12097,35.132355],[129.121495,35.13221],[129.121647,35.131649],[129.121059,35.130823],[129.121074,35.130478],[129.121438,35.13037],[129.121338,35.130124],[129.12163,35.129891],[129.121977,35.129875],[129.12202,35.129603],[129.12235,35.12961],[129.122017,35.129449],[129.122043,35.129326],[129.122219,35.129254],[129.121907,35.129149],[129.122298,35.129151],[129.121967,35.128946],[129.122308,35.12882],[129.122118,35.128334],[129.122929,35.128274],[129.123309,35.127849],[129.122498,35.127651],[129.122318,35.127048],[129.122858,35.125728],[129.123287,35.125335],[129.123879,35.125185],[129.123694,35.124486],[129.124319,35.124477],[129.123894,35.123084],[129.124261,35.122478],[129.125671,35.12235],[129.125205,35.12148],[129.125564,35.121631],[129.126017,35.121065],[129.126314,35.121168],[129.126058,35.120884],[129.126708,35.120696],[129.12687,35.11984],[129.127507,35.119226],[129.127906,35.119185],[129.127706,35.118974],[129.128258,35.118918],[129.128083,35.11883],[129.127975,35.118637],[129.128608,35.118671],[129.128475,35.118359],[129.128964,35.118186],[129.128494,35.118115],[129.128839,35.117725],[129.127862,35.117016],[129.128322,35.116972],[129.128111,35.116579],[129.12755,35.116359],[129.127841,35.11629],[129.127531,35.116046],[129.127528,35.115737],[129.128483,35.115229],[129.128445,35.114757],[129.127643,35.11445],[129.127107,35.113597],[129.127358,35.112571],[129.12805,35.112296],[129.127781,35.112088],[129.128025,35.112003],[129.127907,35.111386],[129.128191,35.111136],[129.127306,35.11009],[129.127002,35.108699],[129.127279,35.108701],[129.126611,35.108368],[129.12647,35.107919],[129.126848,35.107876],[129.126609,35.107663],[129.1265,35.107115],[129.126705,35.107055],[129.126436,35.107026],[129.12615,35.106747],[129.126185,35.106536],[129.125194,35.106079],[129.124742,35.104791],[129.125106,35.1047],[129.124785,35.10451],[129.124381,35.103966],[129.124922,35.103932],[129.124521,35.103588],[129.124872,35.103391],[129.124182,35.103341],[129.124343,35.102981],[129.123574,35.102003],[129.123775,35.101442],[129.124886,35.100695],[129.124023,35.100185],[129.123703,35.09957],[129.124202,35.099443],[129.12382,35.099241],[129.123421,35.099511],[129.122947,35.099185],[129.122599,35.099804],[129.121764,35.099881],[129.12155,35.099732],[129.122016,35.099731],[129.121603,35.099499],[129.12064,35.099717],[129.118956,35.099331],[129.117173,35.100453],[129.115621,35.100193],[129.11563,35.100595],[129.114985,35.100617],[129.115123,35.100975],[129.11421,35.101344],[129.114054,35.101341],[129.113708,35.102599],[129.112954,35.103134],[129.110424,35.101104],[129.114336,35.097969],[129.109501,35.09132],[129.114008,35.097845],[129.110425,35.100838],[129.102281,35.094498],[129.10588,35.091337],[129.104992,35.092042],[129.099688,35.091272],[129.095694,35.093601],[129.095664,35.09391],[129.095211,35.093881],[129.093857,35.108492],[129.092956,35.109287],[129.092526,35.109252],[129.092055,35.108298],[129.092978,35.107996],[129.092768,35.10757],[129.091344,35.108038],[129.091754,35.108882],[129.090356,35.108732],[129.090352,35.103626],[129.074995,35.103634],[129.067607,35.107957],[129.067042,35.107158],[129.066533,35.107552],[129.067148,35.108193],[129.0654,35.109092],[129.065211,35.109601],[129.066442,35.111275],[129.066874,35.111414],[129.065339,35.109654],[129.06542,35.109227],[129.067389,35.108176],[129.069877,35.1113],[129.068459,35.112002],[129.069533,35.113998],[129.069893,35.113831],[129.070298,35.114151],[129.071787,35.116119],[129.07231,35.11588],[129.073804,35.116763],[129.073272,35.118167],[129.072249,35.118794],[129.071012,35.117423],[129.069547,35.11831],[129.073052,35.122182],[129.069979,35.123144],[129.068667,35.121695],[129.065345,35.1229],[129.066669,35.125397],[129.065953,35.12823],[129.066656,35.129016],[129.066542,35.130085],[129.065736,35.130027],[129.065377,35.129296],[129.064294,35.129397],[129.06479,35.127184],[129.056077,35.118039],[129.052352,35.120514],[129.0553,35.122909],[129.055373,35.125324],[129.054572,35.125847],[129.05268,35.12571],[129.052703,35.124992],[129.049993,35.123542],[129.048643,35.120713],[129.050489,35.119568],[129.050176,35.119248],[129.05532,35.116024],[129.054356,35.114976],[129.050086,35.117655],[129.048237,35.115642],[129.052509,35.112963],[129.050132,35.11037],[129.049753,35.112071],[129.048503,35.113136],[129.046069,35.113523],[129.044221,35.112714],[129.041826,35.106807],[129.041995,35.105661],[129.040789,35.105211],[129.043601,35.103396],[129.041997,35.101666],[129.039534,35.103194],[129.040303,35.104144],[129.039315,35.103177],[129.038253,35.102834],[129.038442,35.101653],[129.039943,35.101297],[129.039899,35.100353],[129.039778,35.100006],[129.038409,35.100333],[129.038461,35.099474],[129.039411,35.099248],[129.038475,35.099286],[129.038518,35.098526],[129.039046,35.098397],[129.038459,35.098351],[129.037615,35.096817],[129.035288,35.096094],[129.034332,35.09673],[129.03087,35.096397],[129.025595,35.095165],[129.025234,35.093532],[129.025684,35.090222],[129.027106,35.090322],[129.027179,35.089599],[129.02576,35.089499],[129.02591,35.087991],[129.027359,35.08809],[129.027424,35.087368],[129.025987,35.087271],[129.026133,35.085834],[129.026328,35.085696],[129.030703,35.085953],[129.031144,35.086094],[129.03091,35.085813],[129.027092,35.085526],[129.026012,35.081096],[129.025541,35.081181],[129.025091,35.079108],[129.025564,35.079097],[129.025542,35.078569],[129.024983,35.078583],[129.024462,35.076192],[129.023157,35.075797],[129.021821,35.076473],[129.021592,35.076819],[129.021966,35.076521],[129.022274,35.076513],[129.02203,35.076815],[129.021842,35.076916],[129.021439,35.077094],[129.020299,35.077058],[129.018129,35.075884],[129.017005,35.074604],[129.016967,35.073908],[129.017397,35.073934],[129.018063,35.072909],[129.018219,35.071686],[129.019303,35.070555],[129.019509,35.071427],[129.019784,35.071038],[129.019367,35.070175],[129.020742,35.069023],[129.020533,35.068483],[129.020693,35.067622],[129.020102,35.067039],[129.020005,35.066409],[129.020805,35.065736],[129.020343,35.064492],[129.022319,35.06194],[129.021936,35.061718],[129.02198,35.061529],[129.021786,35.061523],[129.021663,35.060896],[129.021157,35.060993],[129.020681,35.060274],[129.020734,35.060738],[129.020275,35.060144],[129.019796,35.060182],[129.019404,35.059617],[129.019041,35.059736],[129.018585,35.059239],[129.018796,35.058586],[129.018312,35.05849],[129.018446,35.057983],[129.01769,35.057652],[129.017719,35.0573],[129.016752,35.057181],[129.01656,35.057519],[129.015716,35.057],[129.015319,35.055622],[129.01549,35.055479],[129.015025,35.055194],[129.016164,35.054198],[129.015575,35.05317],[129.014892,35.052731],[129.015019,35.05314],[129.014725,35.05271],[129.014752,35.050453],[129.014376,35.050453],[129.014433,35.052447],[129.01432,35.052656],[129.014042,35.052837],[129.008673,35.050944],[129.008515,35.051221],[129.011649,35.052459],[129.010739,35.055078],[129.009347,35.054817],[129.009135,35.055427],[129.010484,35.055809],[129.009999,35.057205],[129.008607,35.056944],[129.008364,35.057639],[129.009715,35.058023],[129.008519,35.060668],[129.008297,35.062775],[129.011133,35.063014],[129.012043,35.065188],[129.009346,35.06595],[129.005505,35.071104],[129.004048,35.081344],[129.005238,35.084438],[129.003738,35.086149],[129.002545,35.086236],[129.002142,35.086144],[129.002627,35.084668],[129.000893,35.084787],[129.001124,35.08387],[128.999053,35.083348],[128.999682,35.08167],[129.001702,35.081223],[129.001244,35.079827],[128.998281,35.08048],[128.997316,35.083073],[128.993061,35.083952],[128.992721,35.079496],[128.994956,35.075759],[128.995004,35.074582],[128.993551,35.073784],[128.994506,35.073658],[128.993536,35.073466],[128.993731,35.072684],[128.994774,35.072604],[128.993365,35.072528],[128.993381,35.072267],[128.994147,35.072264],[128.994033,35.071368],[128.995333,35.07137],[128.995338,35.063396],[128.997681,35.057401],[128.998101,35.057511],[128.998358,35.055941],[128.998683,35.056028],[128.998925,35.055404],[128.998611,35.055326],[128.99906,35.05506],[129.001384,35.049111],[129.000964,35.048997],[129.001223,35.048335],[129.006239,35.0492],[129.006973,35.04896],[128.999833,35.047728],[129.000344,35.046779],[128.999983,35.04658],[128.999248,35.047059],[128.998083,35.046348],[128.998246,35.045179],[128.998719,35.044963],[128.998528,35.044445],[128.998272,35.044653],[128.99801,35.044409],[128.998082,35.044951],[128.997674,35.044611],[128.99732,35.044786],[128.997162,35.044588],[128.996924,35.044931],[128.996561,35.044255],[128.99597,35.044998],[128.995673,35.04503],[128.995363,35.045488],[128.994846,35.045784],[128.99438,35.045032],[128.994299,35.045663],[128.993612,35.045196],[128.993104,35.045504],[128.993126,35.045184],[128.992323,35.045385],[128.992611,35.045998],[128.992085,35.047076],[128.992781,35.047472],[128.992483,35.048455],[128.992062,35.048625],[128.992753,35.048694],[128.988439,35.058033],[128.986971,35.05819],[128.984682,35.05984],[128.97957,35.05776],[128.98052,35.056163],[128.980055,35.055958],[128.98037,35.056191],[128.979462,35.057644],[128.978422,35.057096],[128.977686,35.057165],[128.976943,35.055395],[128.976348,35.055473],[128.975585,35.056406],[128.975237,35.056395],[128.975577,35.056679],[128.974658,35.057028],[128.97467,35.056773],[128.974604,35.057021],[128.972773,35.056888],[128.972615,35.055956],[128.973132,35.055898],[128.973043,35.055374],[128.972509,35.055437],[128.972377,35.054466],[128.973637,35.053309],[128.974728,35.053097],[128.97506,35.053838],[128.97499,35.053354],[128.975722,35.052912],[128.976902,35.052748],[128.976981,35.053176],[128.976954,35.052749],[128.977503,35.052768],[128.977507,35.053348],[128.977548,35.05277],[128.978061,35.052644],[128.978695,35.05326],[128.979559,35.05291],[128.979728,35.053981],[128.980426,35.053911],[128.98026,35.052836],[128.980716,35.052693],[128.981467,35.053505],[128.980729,35.052686],[128.981802,35.05211],[128.981696,35.05218],[128.981761,35.052355],[128.982052,35.052533],[128.981721,35.052178],[128.982605,35.051688],[128.983733,35.053106],[128.983647,35.053889],[128.98386,35.053091],[128.981967,35.05068],[128.98221,35.050351],[128.981609,35.049607],[128.981679,35.047488],[128.982248,35.046627],[128.981926,35.046348],[128.980261,35.046925],[128.979761,35.048374],[128.978214,35.048111],[128.978063,35.048516],[128.976668,35.048325],[128.976347,35.047879],[128.974833,35.047442],[128.97445,35.048697],[128.973083,35.049256],[128.972331,35.048868],[128.973277,35.047987],[128.973811,35.047492],[128.973845,35.047531],[128.974008,35.047314],[128.974286,35.047359],[128.975396,35.046026],[128.976384,35.046229],[128.975788,35.045554],[128.972434,35.0487],[128.970091,35.047656],[128.969398,35.046325],[128.969942,35.044898],[128.973842,35.043367],[128.974852,35.042228],[128.976182,35.04207],[128.976397,35.042116],[128.977888,35.040819],[128.978004,35.0402],[128.977726,35.039733],[128.976718,35.040436],[128.976171,35.040182],[128.974636,35.041471],[128.973709,35.041322],[128.97301,35.040954],[128.972416,35.040449],[128.972546,35.040095],[128.971057,35.038972],[128.970872,35.038155],[128.971724,35.037457],[128.971625,35.037123],[128.970589,35.037748],[128.969754,35.03693],[128.968527,35.037167],[128.967593,35.036819],[128.966828,35.035571],[128.966852,35.034903],[128.967035,35.034784],[128.966757,35.034644],[128.96672,35.034398],[128.966908,35.033949],[128.967203,35.033844],[128.966685,35.033564],[128.967009,35.032968],[128.966766,35.033319],[128.966361,35.033209],[128.966475,35.032724],[128.9659,35.032471],[128.965547,35.032472],[128.965915,35.032906],[128.965551,35.032863],[128.965584,35.033016],[128.965579,35.033116],[128.965422,35.03316],[128.965592,35.033458],[128.965152,35.033202],[128.96477,35.033458],[128.964486,35.034211],[128.964858,35.034641],[128.96446,35.034745],[128.964327,35.035201],[128.964707,35.035288],[128.964396,35.035604],[128.965212,35.036094],[128.966895,35.038847],[128.966901,35.041183],[128.966478,35.041322],[128.966969,35.04147],[128.96733,35.041833],[128.967166,35.042403],[128.968066,35.0434],[128.96832,35.044095],[128.968041,35.044529],[128.968022,35.043533],[128.967323,35.043191],[128.960061,35.047394],[128.959076,35.048525],[128.958982,35.049499],[128.959661,35.048696],[128.959439,35.049969],[128.958698,35.050387],[128.958461,35.051659],[128.957575,35.052823],[128.955459,35.061229],[128.95761,35.061684],[128.957919,35.062074],[128.955268,35.061848],[128.950767,35.079127],[128.957663,35.081023],[128.957967,35.081432],[128.95765,35.081792],[128.950543,35.080074],[128.950599,35.083671],[128.953256,35.088936],[128.954447,35.092046],[128.955114,35.094916],[128.955219,35.09573],[128.955701,35.1]],[[128.979203,35.053126],[128.979194,35.053071],[128.979192,35.053127],[128.979203,35.053126]],[[129.126772,35.108338],[129.126711,35.10833],[129.126849,35.108387],[129.126772,35.108338]],[[128.965513,35.032822],[128.965627,35.032827],[128.965638,35.032782],[128.965513,35.032822]],[[128.966509,35.032882],[128.96656,35.032914],[128.966616,35.032838],[128.966509,35.032882]],[[128.965395,35.033003],[128.965465,35.033062],[128.965479,35.033037],[128.965395,35.033003]],[[128.966658,35.033145],[128.966702,35.033172],[128.966715,35.033134],[128.966658,35.033145]],[[128.966812,35.034599],[128.96685,35.034592],[128.966833,35.034565],[128.966812,35.034599]],[[128.965013,35.036325],[128.965002,35.036316],[128.964992,35.036325],[128.965013,35.036325]],[[128.965185,35.036358],[128.965182,35.036349],[128.965148,35.036358],[128.965185,35.036358]],[[128.966682,35.038965],[128.966611,35.038921],[128.966571,35.039004],[128.966682,35.038965]],[[128.96652,35.03982],[128.966558,35.03986],[128.966612,35.039787],[128.96652,35.03982]],[[128.966678,35.039813],[128.966656,35.039812],[128.966668,35.039822],[128.966678,35.039813]],[[128.966686,35.039864],[128.966703,35.039995],[128.966795,35.039932],[128.966686,35.039864]],[[128.966579,35.039879],[128.966531,35.039918],[128.966537,35.039931],[128.966579,35.039879]],[[128.966552,35.040066],[128.96657,35.040082],[128.966605,35.039949],[128.966552,35.040066]],[[128.96663,35.040075],[128.966672,35.040038],[128.966634,35.040017],[128.96663,35.040075]],[[128.966732,35.040227],[128.966752,35.040225],[128.966744,35.040209],[128.966732,35.040227]],[[128.966507,35.040319],[128.966533,35.040345],[128.966545,35.040335],[128.966507,35.040319]],[[128.96682,35.040649],[128.966827,35.040639],[128.966806,35.040641],[128.96682,35.040649]],[[128.966694,35.040532],[128.9667,35.040561],[128.966769,35.040539],[128.966694,35.040532]],[[128.966786,35.040038],[128.966747,35.040036],[128.966754,35.040091],[128.966786,35.040038]],[[128.966822,35.040856],[128.966772,35.040806],[128.966646,35.040866],[128.966822,35.040856]],[[128.966677,35.041182],[128.966699,35.041182],[128.96671,35.041164],[128.966677,35.041182]],[[128.966762,35.04231],[128.966777,35.042374],[128.966863,35.04235],[128.966762,35.04231]],[[128.966674,35.042351],[128.966661,35.042354],[128.966697,35.042397],[128.966674,35.042351]],[[128.954517,35.05],[128.954499,35.05],[128.954508,35.050003],[128.954517,35.05]],[[128.955296,35.096426],[128.955276,35.096263],[128.955198,35.096358],[128.955296,35.096426]],[[128.973367,35.025178],[128.97236,35.026164],[128.972342,35.027267],[128.972013,35.02702],[128.971721,35.027252],[128.971648,35.02693],[128.971466,35.027451],[128.971438,35.027183],[128.971139,35.027484],[128.971938,35.028393],[128.971635,35.028547],[128.971778,35.02939],[128.972314,35.029491],[128.972767,35.030041],[128.97294,35.030625],[128.974126,35.031121],[128.975207,35.029447],[128.975125,35.029162],[128.974771,35.029328],[128.974253,35.027266],[128.973804,35.027431],[128.973812,35.025473],[128.973367,35.025178]],[[128.970143,35.026406],[128.970307,35.027239],[128.971003,35.027357],[128.971115,35.026744],[128.970143,35.026406]],[[128.972142,35.026958],[128.972101,35.026918],[128.972107,35.026998],[128.972142,35.026958]],[[128.972047,35.026838],[128.972087,35.026866],[128.972094,35.026838],[128.972047,35.026838]],[[128.971291,35.027283],[128.971278,35.027275],[128.971257,35.027328],[128.971291,35.027283]],[[128.972668,35.030109],[128.972709,35.030136],[128.972678,35.030036],[128.972668,35.030109]],[[128.972755,35.030261],[128.97277,35.030305],[128.972804,35.030305],[128.972755,35.030261]],[[128.972752,35.03017],[128.972775,35.030171],[128.972769,35.030144],[128.972752,35.03017]],[[128.972773,35.03045],[128.972797,35.030485],[128.97281,35.030431],[128.972773,35.03045]],[[128.966996,35.034041],[128.967001,35.034096],[128.967013,35.034092],[128.966996,35.034041]],[[128.96704,35.034346],[128.967017,35.034382],[128.967062,35.034394],[128.96704,35.034346]],[[128.967007,35.035283],[128.96701,35.035305],[128.967044,35.035303],[128.967007,35.035283]],[[128.97124,35.0371],[128.971332,35.037116],[128.971274,35.037006],[128.97124,35.0371]],[[128.973765,35.041247],[128.973752,35.041239],[128.973757,35.041254],[128.973765,35.041247]],[[128.967032,35.042296],[128.967058,35.042278],[128.967032,35.042237],[128.967032,35.042296]],[[128.967055,35.042618],[128.967033,35.042591],[128.967024,35.04261],[128.967055,35.042618]],[[128.972666,35.048567],[128.972691,35.048591],[128.972694,35.048588],[128.972666,35.048567]],[[128.972714,35.048521],[128.972709,35.048526],[128.972749,35.048549],[128.972714,35.048521]],[[128.972836,35.048443],[128.972859,35.048449],[128.972809,35.048427],[128.972836,35.048443]],[[128.972853,35.048384],[128.972849,35.048388],[128.972882,35.048414],[128.972853,35.048384]],[[128.972882,35.048356],[128.972875,35.048363],[128.972926,35.048394],[128.972882,35.048356]],[[128.972969,35.048305],[128.973028,35.048334],[128.973025,35.048313],[128.972969,35.048305]],[[128.973073,35.048178],[128.973066,35.048185],[128.97311,35.048218],[128.973073,35.048178]],[[128.973116,35.048139],[128.973113,35.048142],[128.973154,35.048172],[128.973116,35.048139]],[[128.973174,35.048136],[128.973145,35.048111],[128.973181,35.048149],[128.973174,35.048136]],[[128.973177,35.048082],[128.973171,35.048087],[128.973215,35.048114],[128.973177,35.048082]],[[128.973231,35.048031],[128.973224,35.048038],[128.973257,35.048067],[128.973231,35.048031]],[[128.973285,35.047982],[128.973309,35.04801],[128.973344,35.047979],[128.973285,35.047982]],[[128.973343,35.047928],[128.973334,35.047934],[128.973365,35.047956],[128.973343,35.047928]],[[128.973386,35.047888],[128.973363,35.047909],[128.973397,35.047928],[128.973386,35.047888]],[[128.973414,35.047862],[128.973411,35.047864],[128.973442,35.047891],[128.973414,35.047862]],[[128.973457,35.047822],[128.973452,35.047826],[128.973501,35.047859],[128.973457,35.047822]],[[128.973535,35.04775],[128.973565,35.047769],[128.973596,35.047745],[128.973535,35.04775]],[[128.973637,35.047698],[128.973631,35.047716],[128.973661,35.047687],[128.973637,35.047698]],[[128.973741,35.047559],[128.97371,35.047589],[128.973728,35.047604],[128.973741,35.047559]],[[128.973753,35.047548],[128.973746,35.047555],[128.973764,35.04757],[128.973753,35.047548]],[[128.972414,35.048813],[128.97239,35.048834],[128.972408,35.048846],[128.972414,35.048813]],[[128.972424,35.048803],[128.972416,35.048811],[128.972458,35.048841],[128.972424,35.048803]],[[128.972502,35.048727],[128.972539,35.048755],[128.972548,35.048744],[128.972502,35.048727]],[[128.97256,35.04867],[128.972624,35.04871],[128.972626,35.048706],[128.97256,35.04867]],[[128.972627,35.048605],[128.972621,35.048611],[128.972664,35.048639],[128.972627,35.048605]],[[128.976782,35.028845],[128.976715,35.029708],[128.977276,35.029983],[128.977302,35.029361],[128.976782,35.028845]],[[128.976706,35.029005],[128.976678,35.028926],[128.976661,35.028926],[128.976706,35.029005]],[[128.975219,35.02959],[128.975353,35.029684],[128.975317,35.029587],[128.975219,35.02959]],[[128.977407,35.029662],[128.977402,35.029679],[128.977433,35.029691],[128.977407,35.029662]],[[128.975218,35.029789],[128.975188,35.029785],[128.975193,35.029819],[128.975218,35.029789]],[[128.976924,35.030019],[128.977003,35.029984],[128.976903,35.029918],[128.976924,35.030019]],[[128.977008,35.029967],[128.976978,35.030353],[128.977343,35.030553],[128.977487,35.030188],[128.977008,35.029967]],[[128.977677,35.030288],[128.977574,35.03019],[128.977545,35.030225],[128.977677,35.030288]],[[128.974951,35.035528],[128.974924,35.035533],[128.975005,35.035553],[128.974951,35.035528]],[[128.974778,35.035273],[128.974688,35.035289],[128.974707,35.035363],[128.974778,35.035273]],[[128.976255,35.042153],[128.976301,35.042163],[128.976292,35.042125],[128.976255,35.042153]],[[128.977974,35.029098],[128.977994,35.029096],[128.977999,35.029085],[128.977974,35.029098]],[[128.977635,35.029586],[128.977596,35.029547],[128.977562,35.029607],[128.977635,35.029586]],[[128.977653,35.029757],[128.97777,35.029737],[128.9777,35.029695],[128.977653,35.029757]],[[128.977738,35.029819],[128.97764,35.029776],[128.977538,35.030095],[128.977738,35.029819]],[[128.977822,35.030615],[128.978055,35.030842],[128.978143,35.030731],[128.977822,35.030615]],[[128.981636,35.036527],[128.982143,35.037546],[128.982783,35.037004],[128.98276,35.036126],[128.981636,35.036527]],[[128.982754,35.037207],[128.982875,35.03733],[128.982929,35.037305],[128.982754,35.037207]],[[128.983308,35.037315],[128.983416,35.037373],[128.98347,35.037249],[128.983308,35.037315]],[[128.982855,35.037767],[128.982962,35.037779],[128.982983,35.037759],[128.982855,35.037767]],[[128.98346,35.03771],[128.983382,35.037632],[128.98325,35.037857],[128.98346,35.03771]],[[128.982949,35.037652],[128.983009,35.037738],[128.983033,35.037728],[128.982949,35.037652]],[[128.983203,35.037655],[128.983193,35.037651],[128.983183,35.037687],[128.983203,35.037655]],[[128.985906,35.041949],[128.989461,35.041609],[128.986175,35.041609],[128.982744,35.043867],[128.985906,35.041949]],[[128.991852,35.043624],[128.991786,35.04385],[128.991964,35.043903],[128.991852,35.043624]],[[128.981437,35.044191],[128.981281,35.045332],[128.981812,35.045716],[128.982185,35.045275],[128.981437,35.044191]],[[128.98163,35.044337],[128.98164,35.044393],[128.981698,35.04436],[128.98163,35.044337]],[[128.982252,35.045129],[128.982244,35.045173],[128.982262,35.045173],[128.982252,35.045129]],[[128.992949,35.045119],[128.993005,35.04506],[128.992988,35.045061],[128.992949,35.045119]],[[128.993365,35.0451],[128.993324,35.045053],[128.993311,35.045089],[128.993365,35.0451]],[[128.982079,35.045978],[128.982066,35.045971],[128.982063,35.045983],[128.982079,35.045978]],[[128.991396,35.046889],[128.99196,35.046908],[128.988818,35.046102],[128.991396,35.046889]],[[128.982755,35.046805],[128.982501,35.046365],[128.982253,35.04677],[128.982755,35.046805]],[[128.98195,35.047455],[128.981967,35.047462],[128.981962,35.047423],[128.98195,35.047455]],[[128.98198,35.048216],[128.981918,35.048135],[128.98187,35.048544],[128.98198,35.048216]],[[128.981814,35.049701],[128.981838,35.049739],[128.981867,35.049716],[128.981814,35.049701]],[[128.999273,35.042984],[128.999347,35.043027],[128.999445,35.042891],[128.999273,35.042984]],[[128.999083,35.043375],[128.999183,35.043655],[128.99949,35.043471],[128.999083,35.043375]],[[128.997594,35.044465],[128.997585,35.04443],[128.997555,35.04445],[128.997594,35.044465]],[[128.997347,35.044583],[128.997369,35.044713],[128.997503,35.044572],[128.997347,35.044583]],[[128.995482,35.045207],[128.995461,35.045227],[128.995509,35.045208],[128.995482,35.045207]],[[128.995433,35.045291],[128.995408,35.045276],[128.995338,35.045355],[128.995433,35.045291]],[[129.009915,35.045345],[129.009873,35.04514],[129.006075,35.045691],[129.009915,35.045345]],[[128.998408,35.046471],[128.998432,35.046502],[128.998449,35.046473],[128.998408,35.046471]],[[129.014689,35.047232],[129.014739,35.047288],[129.014811,35.047245],[129.014689,35.047232]],[[129.015081,35.047382],[129.015126,35.047802],[129.013946,35.048128],[129.014274,35.048636],[129.014419,35.050325],[129.015636,35.04959],[129.015281,35.049271],[129.015713,35.049204],[129.015639,35.048731],[129.015951,35.048662],[129.015884,35.048067],[129.015081,35.047382]],[[129.014196,35.052693],[129.014235,35.052622],[129.014077,35.052634],[129.014196,35.052693]],[[129.015512,35.055779],[129.01559,35.055825],[129.015568,35.055771],[129.015512,35.055779]],[[129.015488,35.04711],[129.015629,35.047621],[129.015869,35.047702],[129.015879,35.047223],[129.015488,35.04711]],[[129.01805,35.05737],[129.017874,35.057333],[129.017905,35.057494],[129.01805,35.05737]],[[129.018272,35.057467],[129.018308,35.057486],[129.018332,35.057429],[129.018272,35.057467]],[[129.017991,35.057618],[129.017887,35.057555],[129.018054,35.057669],[129.017991,35.057618]],[[129.018444,35.058152],[129.018511,35.05816],[129.018486,35.058101],[129.018444,35.058152]],[[129.02133,35.060906],[129.021343,35.060915],[129.021354,35.060907],[129.02133,35.060906]],[[129.022126,35.061675],[129.022144,35.061639],[129.022048,35.061602],[129.022126,35.061675]],[[129.022927,35.061651],[129.022468,35.061753],[129.022436,35.062052],[129.023202,35.062011],[129.022927,35.061651]],[[129.020688,35.065942],[129.020709,35.065942],[129.020682,35.065931],[129.020688,35.065942]],[[129.020193,35.066866],[129.020229,35.066873],[129.020211,35.06685],[129.020193,35.066866]],[[129.02211,35.068113],[129.022203,35.068104],[129.022193,35.068028],[129.02211,35.068113]],[[129.021806,35.068165],[129.021836,35.068314],[129.022015,35.06829],[129.021806,35.068165]],[[129.022157,35.068344],[129.02225,35.068336],[129.022241,35.068259],[129.022157,35.068344]],[[129.020897,35.068359],[129.020873,35.068352],[129.020888,35.068395],[129.020897,35.068359]],[[129.020681,35.068445],[129.020578,35.068467],[129.020721,35.068554],[129.020681,35.068445]],[[129.02022,35.069645],[129.020216,35.069636],[129.020193,35.069644],[129.02022,35.069645]],[[129.02322,35.073554],[129.02331,35.073533],[129.023284,35.073459],[129.02322,35.073554]],[[129.023092,35.073613],[129.022962,35.07363],[129.022987,35.073747],[129.023092,35.073613]],[[129.023258,35.073782],[129.023351,35.073773],[129.023341,35.073697],[129.023258,35.073782]],[[129.022396,35.07505],[129.021991,35.075187],[129.022318,35.075319],[129.02213,35.075696],[129.022675,35.075498],[129.022396,35.07505]],[[129.02295,35.075169],[129.022871,35.075123],[129.022873,35.075157],[129.02295,35.075169]],[[129.022722,35.075227],[129.022697,35.075208],[129.022681,35.075236],[129.022722,35.075227]],[[129.024464,35.075041],[129.024517,35.075013],[129.024484,35.074974],[129.024464,35.075041]],[[129.026052,35.078551],[129.026141,35.078513],[129.026095,35.07844],[129.026052,35.078551]],[[129.026706,35.07859],[129.026754,35.078664],[129.026844,35.078624],[129.026706,35.07859]],[[129.027372,35.078701],[129.027358,35.078784],[129.027458,35.078796],[129.027372,35.078701]],[[129.02842,35.07907],[129.02848,35.079002],[129.028396,35.078953],[129.02842,35.07907]],[[129.029357,35.07927],[129.029458,35.079283],[129.029473,35.0792],[129.029357,35.07927]],[[129.030133,35.079414],[129.030205,35.079471],[129.030275,35.079412],[129.030133,35.079414]],[[129.040924,35.081217],[129.039841,35.080588],[129.034084,35.085433],[129.033176,35.084873],[129.034255,35.085747],[129.03434,35.08752],[129.034195,35.087869],[129.033644,35.088338],[129.03215,35.088786],[129.033239,35.088786],[129.034173,35.089493],[129.03583,35.088973],[129.03611,35.089055],[129.036424,35.089638],[129.034804,35.090224],[129.033519,35.089593],[129.032939,35.090112],[129.032342,35.089813],[129.032815,35.09008],[129.032483,35.090517],[129.031978,35.0903],[129.032313,35.090469],[129.032056,35.090814],[129.031757,35.090747],[129.032262,35.090987],[129.031377,35.092257],[129.031512,35.093386],[129.031065,35.093419],[129.031512,35.093418],[129.031607,35.094029],[129.033133,35.094367],[129.033512,35.094046],[129.033113,35.093996],[129.033202,35.093326],[129.034277,35.093292],[129.034737,35.092728],[129.037111,35.091859],[129.037414,35.09239],[129.036711,35.092647],[129.036054,35.094514],[129.037487,35.094845],[129.037889,35.093699],[129.038369,35.093524],[129.038739,35.094778],[129.038121,35.094824],[129.038848,35.094818],[129.041976,35.096376],[129.044859,35.096902],[129.044532,35.0972],[129.04529,35.0987],[129.045584,35.098528],[129.045303,35.097193],[129.047184,35.096584],[129.047507,35.095617],[129.048875,35.095319],[129.049232,35.096036],[129.047931,35.096456],[129.047613,35.097243],[129.047801,35.097927],[129.04956,35.098439],[129.048531,35.10077],[129.050225,35.09728],[129.051304,35.097604],[129.051902,35.096572],[129.052314,35.096755],[129.051108,35.099919],[129.055231,35.100868],[129.055163,35.102066],[129.055479,35.101743],[129.055287,35.100823],[129.056396,35.100927],[129.05681,35.10053],[129.058356,35.10181],[129.057848,35.102381],[129.05838,35.102076],[129.059234,35.102985],[129.060058,35.102537],[129.058556,35.100785],[129.058891,35.10052],[129.061179,35.102697],[129.061634,35.102417],[129.063054,35.103451],[129.062428,35.103995],[129.062917,35.104393],[129.063584,35.103912],[129.063502,35.103663],[129.061556,35.102223],[129.062088,35.101638],[129.061885,35.101045],[129.061192,35.10086],[129.060381,35.101309],[129.059116,35.100404],[129.061811,35.09905],[129.06119,35.098065],[129.06148,35.097956],[129.062165,35.098886],[129.063847,35.098103],[129.06423,35.098642],[129.064116,35.097977],[129.068419,35.095938],[129.070894,35.093945],[129.075305,35.088982],[129.076083,35.088917],[129.075706,35.088533],[129.077654,35.086932],[129.07933,35.088017],[129.078716,35.088653],[129.077496,35.089514],[129.077593,35.089624],[129.079323,35.088357],[129.079525,35.087882],[129.078114,35.087111],[129.077848,35.086301],[129.079271,35.084825],[129.077538,35.083328],[129.077861,35.083117],[129.078366,35.083327],[129.07926,35.082033],[129.082689,35.08364],[129.083208,35.085762],[129.083442,35.084785],[129.082948,35.083329],[129.08349,35.084772],[129.083145,35.083383],[129.08381,35.083487],[129.079327,35.081388],[129.083348,35.075789],[129.084208,35.073884],[129.085814,35.074562],[129.085424,35.07483],[129.087385,35.077535],[129.087253,35.077073],[129.08762,35.07661],[129.088133,35.07683],[129.088062,35.077159],[129.087949,35.077096],[129.087671,35.077382],[129.08791,35.077218],[129.093191,35.080474],[129.096012,35.080375],[129.096017,35.079415],[129.095321,35.078934],[129.095638,35.078608],[129.094994,35.076863],[129.094664,35.076472],[129.094143,35.076549],[129.092857,35.076278],[129.092268,35.075936],[129.091987,35.075953],[129.091121,35.07497],[129.090905,35.074052],[129.090388,35.074159],[129.090021,35.07375],[129.08694,35.072708],[129.085913,35.074265],[129.079947,35.071392],[129.080046,35.070634],[129.081124,35.069755],[129.081483,35.070231],[129.081265,35.071138],[129.081578,35.070207],[129.084474,35.069698],[129.083945,35.071483],[129.084632,35.06973],[129.084606,35.067415],[129.085734,35.066057],[129.086058,35.064704],[129.086428,35.064689],[129.087579,35.062857],[129.088987,35.062253],[129.089307,35.062329],[129.089657,35.061675],[129.091345,35.060847],[129.093174,35.060822],[129.093155,35.060596],[129.093871,35.060609],[129.093813,35.060232],[129.094396,35.060277],[129.094341,35.060085],[129.09456,35.060008],[129.096408,35.059796],[129.09585,35.059317],[129.096092,35.058417],[129.095614,35.058504],[129.095136,35.058207],[129.095582,35.058049],[129.094808,35.057849],[129.094882,35.056541],[129.094321,35.056416],[129.093719,35.055372],[129.093219,35.055417],[129.09338,35.054669],[129.092689,35.054602],[129.092255,35.053994],[129.09216,35.053227],[129.093037,35.052186],[129.092125,35.051961],[129.092385,35.051749],[129.092052,35.05149],[129.091393,35.05154],[129.091816,35.051228],[129.091485,35.051014],[129.091249,35.05111],[129.09062,35.050665],[129.09059,35.050918],[129.088072,35.04994],[129.088245,35.0497],[129.087683,35.049478],[129.087222,35.049692],[129.086222,35.049298],[129.085798,35.049917],[129.084299,35.050438],[129.082742,35.050465],[129.082053,35.051089],[129.082391,35.051547],[129.081993,35.051718],[129.082469,35.05213],[129.081857,35.05205],[129.082053,35.052523],[129.081421,35.052502],[129.081455,35.053794],[129.08201,35.054091],[129.082122,35.054665],[129.081867,35.055498],[129.08082,35.056401],[129.080281,35.055915],[129.080063,35.056386],[129.079627,35.056344],[129.079815,35.057598],[129.078956,35.058427],[129.079346,35.058633],[129.077935,35.059833],[129.077296,35.059926],[129.07726,35.060393],[129.076,35.060795],[129.074422,35.060736],[129.073431,35.060209],[129.07327,35.059796],[129.072274,35.059137],[129.072087,35.058756],[129.070829,35.058569],[129.071101,35.05932],[129.070394,35.059293],[129.070755,35.059826],[129.070237,35.059739],[129.070383,35.059911],[129.070163,35.06038],[129.069526,35.060256],[129.069818,35.060426],[129.069489,35.060484],[129.069605,35.061016],[129.069358,35.060727],[129.069444,35.061007],[129.069684,35.061105],[129.06941,35.061448],[129.068965,35.061097],[129.068842,35.061469],[129.068005,35.061474],[129.06827,35.062242],[129.067418,35.062689],[129.067076,35.06248],[129.067019,35.062935],[129.066482,35.062649],[129.066256,35.062973],[129.065551,35.062748],[129.065213,35.063224],[129.06491,35.062792],[129.064742,35.06347],[129.065548,35.06523],[129.065766,35.067752],[129.065551,35.06804],[129.064083,35.067986],[129.065334,35.068094],[129.064814,35.068422],[129.065106,35.068647],[129.065453,35.068544],[129.065187,35.068769],[129.064785,35.068456],[129.063756,35.069274],[129.061702,35.069801],[129.060392,35.069436],[129.060028,35.069776],[129.058972,35.069969],[129.058626,35.069856],[129.058583,35.069564],[129.057935,35.069859],[129.056951,35.069495],[129.056947,35.070472],[129.05639,35.070399],[129.055659,35.071033],[129.054634,35.071013],[129.054289,35.071507],[129.053006,35.071822],[129.051602,35.073066],[129.050466,35.073416],[129.048493,35.075028],[129.047424,35.075167],[129.0473,35.075721],[129.040924,35.081217]],[[129.033195,35.080007],[129.033125,35.080067],[129.033197,35.080126],[129.033195,35.080007]],[[129.031169,35.080275],[129.031154,35.080357],[129.031254,35.08037],[129.031169,35.080275]],[[129.03506,35.08052],[129.035142,35.080569],[129.035201,35.080502],[129.03506,35.08052]],[[129.036119,35.080672],[129.036061,35.080742],[129.036145,35.08079],[129.036119,35.080672]],[[129.032999,35.080778],[129.03307,35.080718],[129.032996,35.080659],[129.032999,35.080778]],[[129.037262,35.080958],[129.037232,35.081039],[129.037329,35.081065],[129.037262,35.080958]],[[129.032427,35.0897],[129.032344,35.089809],[129.032817,35.090049],[129.032427,35.0897]],[[129.032048,35.090807],[129.032106,35.090732],[129.031726,35.090551],[129.032048,35.090807]],[[129.027015,35.094344],[129.027009,35.093535],[129.026584,35.092357],[129.026625,35.092546],[129.027015,35.094344]],[[129.04373,35.10496],[129.042463,35.105796],[129.042166,35.106565],[129.044139,35.111985],[129.045259,35.112996],[129.04757,35.113062],[129.049175,35.111923],[129.049232,35.110367],[129.048683,35.109632],[129.047328,35.109047],[129.046404,35.107706],[129.044322,35.108295],[129.044047,35.106862],[129.044217,35.106397],[129.044628,35.106014],[129.045637,35.105628],[129.046886,35.106821],[129.044624,35.104376],[129.044162,35.104687],[129.04444,35.104939],[129.043954,35.105203],[129.04373,35.10496]],[[129.053857,35.071408],[129.053922,35.071395],[129.053913,35.071351],[129.053857,35.071408]],[[129.053284,35.07155],[129.053246,35.071545],[129.053243,35.071651],[129.053284,35.07155]],[[129.052653,35.071926],[129.052652,35.071938],[129.052676,35.071939],[129.052653,35.071926]],[[129.052713,35.072001],[129.052675,35.071995],[129.052687,35.072012],[129.052713,35.072001]],[[129.049993,35.073515],[129.049975,35.073517],[129.049981,35.073595],[129.049993,35.073515]],[[128.982113,35.049957],[128.982105,35.049911],[128.982089,35.049931],[128.982113,35.049957]],[[128.966723,35.039178],[128.966738,35.039042],[128.966495,35.039169],[128.966723,35.039178]],[[128.965227,35.037372],[128.965196,35.037261],[128.965092,35.037314],[128.965227,35.037372]],[[128.976858,35.040068],[128.976786,35.040131],[128.976754,35.040281],[128.976849,35.040149],[128.9768,35.040134],[128.976858,35.040068]],[[128.992534,35.047778],[128.99249,35.047774],[128.992502,35.047872],[128.992534,35.047778]],[[128.965666,35.037923],[128.965623,35.03792],[128.965605,35.037981],[128.965666,35.037923]],[[128.99492,35.045399],[128.994866,35.045508],[128.994925,35.045474],[128.99492,35.045399]],[[128.975591,35.029595],[128.975578,35.029529],[128.975505,35.029561],[128.975591,35.029595]],[[128.967221,35.035373],[128.967201,35.03532],[128.967086,35.035397],[128.967221,35.035373]],[[128.966586,35.041494],[128.966547,35.041528],[128.966627,35.041545],[128.966586,35.041494]],[[128.980578,35.046715],[128.980515,35.046703],[128.98051,35.046771],[128.980578,35.046715]],[[128.980324,35.04681],[128.980334,35.046861],[128.980397,35.046807],[128.980324,35.04681]],[[128.994975,35.045539],[128.994979,35.045585],[128.995021,35.045586],[128.994975,35.045539]],[[128.994931,35.045312],[128.994981,35.045395],[128.995002,35.045368],[128.994931,35.045312]],[[128.972338,35.039834],[128.972364,35.03977],[128.972291,35.039799],[128.972338,35.039834]],[[128.981972,35.046295],[128.98191,35.046214],[128.981902,35.046247],[128.981972,35.046295]],[[128.975058,35.030087],[128.975019,35.03007],[128.974969,35.030112],[128.975058,35.030087]],[[128.96421,35.03517],[128.964268,35.035243],[128.96431,35.03521],[128.96421,35.03517]],[[128.975312,35.029853],[128.975328,35.029825],[128.975262,35.029784],[128.975312,35.029853]],[[128.966779,35.041595],[128.966836,35.041603],[128.966832,35.041528],[128.966779,35.041595]],[[128.96664,35.040225],[128.966688,35.040195],[128.966645,35.04018],[128.96664,35.040225]],[[128.967092,35.04241],[128.967028,35.042427],[128.96705,35.042464],[128.967092,35.04241]],[[128.99235,35.045756],[128.992331,35.045719],[128.992286,35.045761],[128.99235,35.045756]],[[128.971791,35.037397],[128.971765,35.037456],[128.971798,35.037443],[128.971791,35.037397]],[[128.980813,35.046657],[128.980839,35.046668],[128.980847,35.046629],[128.980813,35.046657]],[[128.965541,35.037563],[128.965489,35.037558],[128.965501,35.037618],[128.965541,35.037563]],[[128.995277,35.045258],[128.99531,35.045191],[128.995297,35.045194],[128.995277,35.045258]],[[128.96731,35.035303],[128.967279,35.035354],[128.967332,35.035346],[128.96731,35.035303]],[[128.981772,35.04954],[128.981824,35.049565],[128.981842,35.049528],[128.981772,35.04954]],[[128.976983,35.030438],[128.976953,35.030436],[128.976944,35.030483],[128.976983,35.030438]],[[128.971613,35.037088],[128.971616,35.037064],[128.97156,35.037067],[128.971613,35.037088]],[[128.982118,35.046075],[128.982054,35.046056],[128.982047,35.046076],[128.982118,35.046075]],[[128.998727,35.044603],[128.998679,35.044519],[128.998686,35.044578],[128.998727,35.044603]],[[128.982028,35.047386],[128.982003,35.047379],[128.982007,35.047429],[128.982028,35.047386]],[[128.966694,35.039242],[128.966724,35.039246],[128.966753,35.039204],[128.966694,35.039242]],[[128.966639,35.03964],[128.966611,35.039637],[128.966603,35.039676],[128.966639,35.03964]],[[128.980079,35.047045],[128.980097,35.047043],[128.980077,35.047001],[128.980079,35.047045]],[[128.967061,35.042475],[128.967116,35.04255],[128.967117,35.042531],[128.967061,35.042475]],[[128.971313,35.038034],[128.971304,35.038063],[128.971359,35.038076],[128.971313,35.038034]],[[128.965301,35.037549],[128.965332,35.037547],[128.965301,35.03749],[128.965301,35.037549]],[[128.971376,35.037096],[128.971362,35.037126],[128.971454,35.037095],[128.971376,35.037096]],[[128.966904,35.033538],[128.966903,35.03355],[128.966955,35.033552],[128.966904,35.033538]],[[128.995382,35.04538],[128.99538,35.045406],[128.995405,35.045394],[128.995382,35.04538]],[[128.975151,35.029784],[128.975158,35.029758],[128.975122,35.029754],[128.975151,35.029784]],[[128.967251,35.035262],[128.967252,35.03523],[128.967222,35.03523],[128.967251,35.035262]],[[128.966502,35.041592],[128.966529,35.041609],[128.966532,35.041555],[128.966502,35.041592]],[[128.996881,35.044407],[128.9969,35.044437],[128.996926,35.044421],[128.996881,35.044407]],[[128.971873,35.039535],[128.971907,35.039535],[128.971914,35.039516],[128.971873,35.039535]],[[128.992375,35.046101],[128.992393,35.046124],[128.992418,35.046118],[128.992375,35.046101]],[[128.966843,35.039619],[128.966888,35.039595],[128.966869,35.039588],[128.966843,35.039619]],[[128.968785,35.036986],[128.968778,35.036978],[128.968752,35.036992],[128.968785,35.036986]],[[128.997529,35.044398],[128.997536,35.044421],[128.99757,35.044396],[128.997529,35.044398]],[[128.966774,35.040633],[128.966814,35.040605],[128.966782,35.040591],[128.966774,35.040633]],[[128.981487,35.045685],[128.981503,35.045699],[128.981537,35.045679],[128.981487,35.045685]],[[128.981828,35.048721],[128.981815,35.048758],[128.981842,35.048758],[128.981828,35.048721]],[[128.981402,35.045702],[128.981412,35.045723],[128.981437,35.045728],[128.981402,35.045702]],[[128.965614,35.038041],[128.965634,35.038065],[128.965669,35.038049],[128.965614,35.038041]],[[128.966481,35.039037],[128.966488,35.039069],[128.966516,35.039034],[128.966481,35.039037]],[[128.966706,35.039775],[128.966687,35.03975],[128.966662,35.039786],[128.966706,35.039775]],[[128.970841,35.037491],[128.970809,35.037517],[128.970808,35.03756],[128.970841,35.037491]],[[128.995106,35.045535],[128.995092,35.045523],[128.995092,35.04558],[128.995106,35.045535]],[[128.96717,35.033983],[128.967157,35.033971],[128.967125,35.034005],[128.96717,35.033983]],[[128.981773,35.049359],[128.981753,35.049342],[128.981732,35.049377],[128.981773,35.049359]],[[128.966882,35.033578],[128.966927,35.033608],[128.966934,35.033597],[128.966882,35.033578]],[[128.998455,35.045865],[128.99845,35.045845],[128.998416,35.045867],[128.998455,35.045865]],[[128.968582,35.037045],[128.968568,35.037072],[128.968608,35.037062],[128.968582,35.037045]],[[128.981941,35.047534],[128.981929,35.047558],[128.981964,35.047563],[128.981941,35.047534]],[[128.967112,35.035428],[128.967141,35.03544],[128.96715,35.035415],[128.967112,35.035428]],[[128.98185,35.049599],[128.981885,35.049572],[128.981858,35.049571],[128.98185,35.049599]],[[128.966766,35.039547],[128.966763,35.039542],[128.966725,35.039546],[128.966766,35.039547]],[[128.965407,35.037824],[128.96538,35.037808],[128.965372,35.037823],[128.965407,35.037824]],[[128.999181,35.046875],[128.999211,35.04687],[128.999192,35.046849],[128.999181,35.046875]],[[128.966757,35.039518],[128.966796,35.03951],[128.966793,35.039499],[128.966757,35.039518]],[[128.96549,35.037754],[128.965501,35.037726],[128.965476,35.037725],[128.96549,35.037754]],[[128.967034,35.033487],[128.967027,35.033467],[128.967006,35.033493],[128.967034,35.033487]],[[128.966587,35.040883],[128.966608,35.04089],[128.966608,35.040857],[128.966587,35.040883]],[[128.99514,35.045433],[128.995159,35.045433],[128.995169,35.045417],[128.99514,35.045433]],[[128.968715,35.037006],[128.968707,35.037046],[128.968732,35.03703],[128.968715,35.037006]],[[128.966709,35.040818],[128.966713,35.040797],[128.96668,35.040801],[128.966709,35.040818]],[[128.968939,35.036958],[128.968916,35.036991],[128.968959,35.036979],[128.968939,35.036958]],[[128.974006,35.041287],[128.973978,35.041289],[128.973972,35.041314],[128.974006,35.041287]],[[128.980123,35.046965],[128.980158,35.046968],[128.980152,35.046935],[128.980123,35.046965]],[[128.965916,35.0379],[128.965943,35.037867],[128.965912,35.037871],[128.965916,35.0379]],[[128.965015,35.036155],[128.964979,35.036164],[128.96499,35.036178],[128.965015,35.036155]],[[128.994097,35.045447],[128.994119,35.045497],[128.99412,35.045472],[128.994097,35.045447]],[[128.995024,35.045244],[128.995014,35.045241],[128.995028,35.045285],[128.995024,35.045244]],[[128.981785,35.049464],[128.981801,35.049494],[128.981816,35.049483],[128.981785,35.049464]],[[128.964646,35.034588],[128.964622,35.034567],[128.964583,35.034565],[128.964646,35.034588]],[[128.970053,35.037117],[128.970049,35.037138],[128.970074,35.037137],[128.970053,35.037117]],[[128.965466,35.03798],[128.965447,35.038015],[128.96547,35.038012],[128.965466,35.03798]],[[128.995305,35.045425],[128.995358,35.045439],[128.995352,35.045426],[128.995305,35.045425]],[[128.965516,35.033053],[128.965534,35.033066],[128.965535,35.033028],[128.965516,35.033053]],[[128.993211,35.045339],[128.993228,35.045346],[128.993238,35.045316],[128.993211,35.045339]],[[128.966779,35.040666],[128.966773,35.040684],[128.966804,35.040682],[128.966779,35.040666]],[[128.966553,35.041469],[128.966518,35.041469],[128.966522,35.041491],[128.966553,35.041469]],[[128.965183,35.036481],[128.965206,35.036476],[128.965205,35.036459],[128.965183,35.036481]],[[128.976714,35.040107],[128.976698,35.040096],[128.976688,35.040118],[128.976714,35.040107]],[[128.966444,35.038959],[128.966433,35.038956],[128.96645,35.038992],[128.966444,35.038959]],[[128.964975,35.036125],[128.964971,35.036098],[128.964963,35.036098],[128.964975,35.036125]],[[128.966679,35.040748],[128.966703,35.040743],[128.966679,35.040726],[128.966679,35.040748]],[[128.965448,35.037761],[128.965478,35.037787],[128.965495,35.037769],[128.965448,35.037761]],[[128.966632,35.04017],[128.966655,35.040167],[128.96664,35.040151],[128.966632,35.04017]],[[128.975241,35.040794],[128.975237,35.040812],[128.975265,35.040806],[128.975241,35.040794]],[[128.972484,35.039783],[128.972481,35.039795],[128.97251,35.039795],[128.972484,35.039783]],[[128.995516,35.04508],[128.995528,35.045049],[128.995512,35.045048],[128.995516,35.04508]],[[128.993061,35.045108],[128.993038,35.045115],[128.993038,35.04513],[128.993061,35.045108]],[[128.968772,35.036897],[128.968795,35.036905],[128.968796,35.03689],[128.968772,35.036897]],[[128.971195,35.038709],[128.971214,35.038712],[128.971216,35.038697],[128.971195,35.038709]],[[128.967591,35.036512],[128.967601,35.036516],[128.967617,35.036501],[128.967591,35.036512]],[[128.966657,35.040422],[128.966677,35.040421],[128.966674,35.040408],[128.966657,35.040422]],[[128.964285,35.035276],[128.964297,35.035278],[128.964294,35.035262],[128.964285,35.035276]],[[128.965544,35.033075],[128.965551,35.033086],[128.965576,35.033085],[128.965544,35.033075]],[[128.991747,35.044201],[128.991757,35.044212],[128.991769,35.044208],[128.991747,35.044201]],[[128.965536,35.033387],[128.965537,35.033373],[128.965517,35.033379],[128.965536,35.033387]],[[128.965665,35.037676],[128.965663,35.037681],[128.965684,35.037687],[128.965665,35.037676]],[[128.966462,35.038955],[128.966477,35.03897],[128.966479,35.038947],[128.966462,35.038955]],[[128.973177,35.040943],[128.973196,35.040942],[128.973196,35.040928],[128.973177,35.040943]],[[128.972786,35.03957],[128.97278,35.039562],[128.972775,35.039589],[128.972786,35.03957]],[[128.968811,35.037036],[128.968822,35.037019],[128.968806,35.03702],[128.968811,35.037036]],[[128.965618,35.038106],[128.965637,35.038118],[128.965639,35.038106],[128.965618,35.038106]],[[128.965718,35.037978],[128.965738,35.037988],[128.965739,35.037981],[128.965718,35.037978]],[[128.965316,35.037616],[128.965298,35.037611],[128.965301,35.037627],[128.965316,35.037616]],[[128.964255,35.035145],[128.964251,35.035128],[128.96424,35.035128],[128.964255,35.035145]],[[128.96886,35.036994],[128.96887,35.037006],[128.968876,35.037003],[128.96886,35.036994]],[[128.965614,35.037719],[128.965617,35.037705],[128.965601,35.037713],[128.965614,35.037719]],[[128.965413,35.037615],[128.965414,35.03763],[128.965428,35.037616],[128.965413,35.037615]],[[128.972799,35.039592],[128.97282,35.039596],[128.972816,35.039589],[128.972799,35.039592]],[[128.965739,35.03808],[128.965735,35.038069],[128.965723,35.038072],[128.965739,35.03808]],[[128.966683,35.040442],[128.96669,35.04045],[128.966701,35.040443],[128.966683,35.040442]],[[128.973721,35.041191],[128.973724,35.041212],[128.97373,35.041209],[128.973721,35.041191]],[[128.965703,35.038076],[128.965702,35.038066],[128.965695,35.038067],[128.965703,35.038076]],[[128.972532,35.039707],[128.972545,35.03971],[128.972546,35.039705],[128.972532,35.039707]],[[128.995313,35.045302],[128.995312,35.045295],[128.995304,35.045297],[128.995313,35.045302]],[[129.014242,35.049325],[129.014242,35.049358],[129.014263,35.049366],[129.014242,35.049325]],[[129.014246,35.049729],[129.014221,35.049726],[129.014216,35.049739],[129.014246,35.049729]],[[129.014172,35.049371],[129.014171,35.04939],[129.014192,35.049393],[129.014172,35.049371]],[[129.014165,35.049354],[129.014189,35.049354],[129.014187,35.049344],[129.014165,35.049354]],[[128.975936,35.055787],[128.975986,35.05578],[128.975959,35.055675],[128.975936,35.055787]],[[128.972964,35.054229],[128.972974,35.054211],[128.972877,35.054169],[128.972964,35.054229]],[[128.977366,35.055981],[128.977339,35.055991],[128.977364,35.056044],[128.977366,35.055981]],[[128.982183,35.050112],[128.98213,35.050104],[128.982123,35.050117],[128.982183,35.050112]],[[128.98213,35.050165],[128.98208,35.050154],[128.982079,35.050166],[128.98213,35.050165]],[[129.001349,35.053658],[129.001831,35.05366],[129.002075,35.051803],[129.00154,35.051755],[129.001349,35.053658]],[[129.001254,35.051647],[129.00093,35.052828],[129.001307,35.05287],[129.001497,35.051805],[129.001254,35.051647]],[[129.001868,35.051687],[129.001915,35.051565],[129.000622,35.051273],[129.001868,35.051687]],[[129.004218,35.085327],[129.003534,35.084877],[129.003449,35.084965],[129.004218,35.085327]],[[129.039244,35.099822],[129.0392,35.099686],[129.038566,35.099832],[129.039244,35.099822]],[[129.031729,35.096271],[129.031113,35.096205],[129.031092,35.096341],[129.031729,35.096271]],[[129.048872,35.095749],[129.049019,35.095709],[129.048914,35.095452],[129.048872,35.095749]],[[129.038951,35.09885],[129.038906,35.098729],[129.038597,35.098813],[129.038951,35.09885]],[[129.021125,35.076925],[129.021329,35.076861],[129.02131,35.076692],[129.021125,35.076925]],[[129.017077,35.074091],[129.017049,35.074148],[129.017256,35.074216],[129.017077,35.074091]],[[129.027067,35.08575],[129.027053,35.0859],[129.02716,35.085913],[129.027067,35.08575]],[[129.035264,35.089457],[129.03534,35.08943],[129.035245,35.089249],[129.035264,35.089457]],[[129.021833,35.076877],[129.021891,35.076882],[129.022018,35.076797],[129.022233,35.076551],[129.021833,35.076877]],[[129.034839,35.089384],[129.034925,35.089558],[129.034998,35.089535],[129.034839,35.089384]],[[129.020798,35.076431],[129.020947,35.076414],[129.020819,35.076342],[129.020798,35.076431]],[[129.020246,35.066489],[129.020219,35.066473],[129.020198,35.066588],[129.020246,35.066489]],[[129.016262,35.054025],[129.016226,35.053834],[129.016206,35.053884],[129.016262,35.054025]],[[129.027701,35.085834],[129.027676,35.086013],[129.027719,35.086017],[129.027701,35.085834]],[[129.047547,35.095953],[129.047512,35.095953],[129.047507,35.096119],[129.047547,35.095953]],[[129.033622,35.093604],[129.033623,35.093563],[129.033493,35.093565],[129.033622,35.093604]],[[129.024127,35.075949],[129.024098,35.075878],[129.02406,35.0759],[129.024127,35.075949]],[[129.015499,35.056095],[129.015631,35.056094],[129.015568,35.056054],[129.015499,35.056095]],[[129.021636,35.076943],[129.021667,35.076962],[129.02173,35.076922],[129.021636,35.076943]],[[129.0234,35.075354],[129.02346,35.075329],[129.023454,35.07531],[129.0234,35.075354]],[[129.035732,35.089152],[129.035701,35.089066],[129.03567,35.089074],[129.035732,35.089152]],[[129.035879,35.089133],[129.035907,35.089138],[129.035933,35.089053],[129.035879,35.089133]],[[129.048091,35.075001],[129.048068,35.075039],[129.048111,35.075043],[129.048091,35.075001]],[[129.035621,35.089839],[129.035593,35.089852],[129.03563,35.089906],[129.035621,35.089839]],[[129.020136,35.06676],[129.020136,35.066798],[129.020172,35.066776],[129.020136,35.06676]],[[129.020259,35.066263],[129.020325,35.066262],[129.020312,35.06624],[129.020259,35.066263]],[[129.022593,35.062194],[129.022635,35.062179],[129.022624,35.062158],[129.022593,35.062194]],[[129.020247,35.066365],[129.020229,35.066353],[129.020209,35.066386],[129.020247,35.066365]],[[129.019809,35.059945],[129.019826,35.05994],[129.019798,35.059911],[129.019809,35.059945]],[[129.021486,35.060736],[129.021512,35.060729],[129.021462,35.06072],[129.021486,35.060736]],[[129.047669,35.074925],[129.047669,35.074943],[129.047709,35.074935],[129.047669,35.074925]],[[129.020626,35.065993],[129.020608,35.066022],[129.020647,35.06602],[129.020626,35.065993]],[[129.014278,35.050154],[129.01424,35.050131],[129.014234,35.050145],[129.014278,35.050154]],[[129.022508,35.062157],[129.02255,35.062154],[129.022544,35.062138],[129.022508,35.062157]],[[129.020062,35.066456],[129.020111,35.066467],[129.020099,35.066446],[129.020062,35.066456]],[[129.017997,35.05773],[129.017996,35.057752],[129.018031,35.057741],[129.017997,35.05773]],[[129.044267,35.078284],[129.044251,35.078297],[129.044272,35.078316],[129.044267,35.078284]],[[129.022662,35.062201],[129.022686,35.062206],[129.022686,35.062185],[129.022662,35.062201]],[[129.047782,35.075065],[129.047775,35.075076],[129.047812,35.075072],[129.047782,35.075065]],[[129.022351,35.062299],[129.02235,35.062314],[129.022391,35.06231],[129.022351,35.062299]],[[129.02293,35.075273],[129.022962,35.075273],[129.022945,35.075255],[129.02293,35.075273]],[[129.022083,35.062549],[129.022104,35.062533],[129.022068,35.062516],[129.022083,35.062549]],[[129.022093,35.062577],[129.022095,35.062597],[129.022117,35.062581],[129.022093,35.062577]],[[129.022349,35.062054],[129.022343,35.062038],[129.022324,35.062042],[129.022349,35.062054]],[[129.021241,35.060934],[129.021227,35.060935],[129.021229,35.060955],[129.021241,35.060934]],[[129.014296,35.050213],[129.014283,35.050197],[129.014274,35.05022],[129.014296,35.050213]],[[129.02059,35.065984],[129.020616,35.065978],[129.02061,35.065971],[129.02059,35.065984]],[[129.033912,35.088063],[129.033896,35.088073],[129.03391,35.088088],[129.033912,35.088063]],[[129.0222,35.062297],[129.022216,35.062295],[129.022203,35.062281],[129.0222,35.062297]],[[129.02021,35.066961],[129.020218,35.066953],[129.0202,35.066947],[129.02021,35.066961]],[[129.022504,35.062185],[129.022516,35.062189],[129.022513,35.062168],[129.022504,35.062185]],[[129.022547,35.062178],[129.022547,35.062163],[129.022531,35.062163],[129.022547,35.062178]],[[129.020635,35.065938],[129.020636,35.065955],[129.02065,35.065942],[129.020635,35.065938]],[[129.020147,35.059981],[129.020119,35.059982],[129.020126,35.059989],[129.020147,35.059981]],[[129.019826,35.059919],[129.019839,35.059933],[129.019844,35.059927],[129.019826,35.059919]],[[129.020355,35.066251],[129.020356,35.066244],[129.02034,35.06624],[129.020355,35.066251]],[[129.047865,35.074844],[129.047853,35.074839],[129.047851,35.074853],[129.047865,35.074844]],[[129.039818,35.102956],[129.039412,35.102514],[129.03929,35.102602],[129.039818,35.102956]],[[129.044806,35.106019],[129.045737,35.107001],[129.045314,35.106283],[129.044806,35.106019]],[[129.044122,35.107072],[129.044664,35.107719],[129.044843,35.107608],[129.044122,35.107072]],[[129.044337,35.106458],[129.044819,35.107207],[129.04497,35.107114],[129.044635,35.106569],[129.044337,35.106458]],[[129.045607,35.106108],[129.045633,35.106093],[129.045441,35.105793],[129.045607,35.106108]],[[128.951494,35.061888],[128.951347,35.061894],[128.951397,35.062031],[128.951494,35.061888]],[[128.950202,35.064372],[128.950345,35.064315],[128.950264,35.064224],[128.950202,35.064372]],[[128.954162,35.091318],[128.954109,35.091329],[128.954119,35.091361],[128.954162,35.091318]],[[129.049914,35.116408],[129.049823,35.116309],[129.049298,35.116631],[129.049914,35.116408]],[[129.049491,35.115948],[129.049401,35.115849],[129.048877,35.116172],[129.049491,35.115948]],[[129.115657,35.1],[129.115682,35.1],[129.115672,35.099997],[129.115657,35.1]],[[129.115669,35.10001],[129.115613,35.100113],[129.115678,35.100099],[129.115669,35.10001]],[[129.08941,35.050159],[129.089194,35.049951],[129.089112,35.050128],[129.08941,35.050159]],[[129.084434,35.050025],[129.084567,35.050081],[129.084612,35.049947],[129.084434,35.050025]],[[129.084763,35.05001],[129.084767,35.050024],[129.084806,35.050034],[129.084763,35.05001]],[[129.057884,35.069771],[129.05799,35.069725],[129.057845,35.069496],[129.057884,35.069771]],[[129.064973,35.064223],[129.06474,35.063976],[129.064723,35.064129],[129.064973,35.064223]],[[129.07014,35.06001],[129.069889,35.059827],[129.069948,35.059942],[129.07014,35.06001]],[[129.082399,35.050262],[129.082312,35.050256],[129.082351,35.05029],[129.082399,35.050262]],[[129.082301,35.050239],[129.082254,35.050222],[129.082258,35.050258],[129.082301,35.050239]],[[129.066909,35.06273],[129.066894,35.062656],[129.066687,35.062588],[129.066909,35.06273]],[[129.065246,35.066301],[129.065337,35.066217],[129.065245,35.066159],[129.065246,35.066301]],[[129.073716,35.060059],[129.073733,35.060036],[129.073633,35.059984],[129.073716,35.060059]],[[129.067028,35.062495],[129.067045,35.062398],[129.067022,35.062397],[129.067028,35.062495]],[[129.073047,35.059161],[129.072905,35.059135],[129.072955,35.059215],[129.073047,35.059161]],[[129.054747,35.070887],[129.054697,35.070915],[129.054777,35.070987],[129.054747,35.070887]],[[129.066649,35.062382],[129.066648,35.062449],[129.06675,35.062368],[129.066649,35.062382]],[[129.064561,35.063278],[129.06469,35.063206],[129.064626,35.063122],[129.064561,35.063278]],[[129.079581,35.05735],[129.079527,35.057338],[129.079566,35.057449],[129.079581,35.05735]],[[129.081707,35.054959],[129.081712,35.054981],[129.081757,35.054942],[129.081707,35.054959]],[[129.073348,35.059632],[129.073367,35.059669],[129.073432,35.059636],[129.073348,35.059632]],[[129.073077,35.059234],[129.073004,35.059253],[129.07302,35.059273],[129.073077,35.059234]],[[129.083405,35.050193],[129.083341,35.05022],[129.083398,35.050228],[129.083405,35.050193]],[[129.070008,35.06029],[129.069974,35.060244],[129.069962,35.060254],[129.070008,35.06029]],[[129.064889,35.064576],[129.064941,35.064631],[129.064969,35.064622],[129.064889,35.064576]],[[129.0839,35.050259],[129.083834,35.050281],[129.083878,35.050293],[129.0839,35.050259]],[[129.064533,35.063947],[129.064675,35.063904],[129.06465,35.063875],[129.064533,35.063947]],[[129.06471,35.063413],[129.064694,35.063337],[129.064658,35.063349],[129.06471,35.063413]],[[129.065112,35.065622],[129.065101,35.065575],[129.06505,35.065599],[129.065112,35.065622]],[[129.056865,35.069796],[129.056816,35.069784],[129.056854,35.069835],[129.056865,35.069796]],[[129.074481,35.060217],[129.074442,35.060189],[129.07442,35.060224],[129.074481,35.060217]],[[129.065385,35.066141],[129.065338,35.066117],[129.065329,35.066145],[129.065385,35.066141]],[[129.065067,35.064317],[129.065109,35.064318],[129.065099,35.064295],[129.065067,35.064317]],[[129.059649,35.069747],[129.05968,35.069795],[129.059699,35.069774],[129.059649,35.069747]],[[129.064695,35.062648],[129.06472,35.06266],[129.06473,35.062651],[129.064695,35.062648]],[[129.081633,35.050108],[129.081553,35.050231],[129.081599,35.050232],[129.081633,35.050108]],[[129.070167,35.059679],[129.07014,35.059681],[129.070173,35.059736],[129.070167,35.059679]],[[129.072895,35.059345],[129.072921,35.059367],[129.072934,35.059325],[129.072895,35.059345]],[[129.062422,35.069487],[129.062441,35.06952],[129.06247,35.069503],[129.062422,35.069487]],[[129.070382,35.059687],[129.070393,35.059683],[129.07037,35.059645],[129.070382,35.059687]],[[129.055317,35.070731],[129.055279,35.070737],[129.055311,35.070759],[129.055317,35.070731]],[[129.082184,35.050769],[129.082176,35.050775],[129.082172,35.05079],[129.082184,35.050769]],[[129.060203,35.069459],[129.060247,35.069471],[129.060232,35.069433],[129.060203,35.069459]],[[129.053723,35.071324],[129.053683,35.071353],[129.053689,35.071365],[129.053723,35.071324]],[[129.058347,35.069427],[129.058311,35.06941],[129.058296,35.069438],[129.058347,35.069427]],[[129.058233,35.069595],[129.058247,35.069542],[129.058211,35.069538],[129.058233,35.069595]],[[129.055314,35.070573],[129.05535,35.070424],[129.055314,35.070403],[129.055314,35.070573]],[[129.059748,35.069764],[129.059726,35.069721],[129.059709,35.069747],[129.059748,35.069764]],[[129.060656,35.069283],[129.060623,35.069279],[129.060629,35.069334],[129.060656,35.069283]],[[129.058692,35.069714],[129.058732,35.069706],[129.058694,35.069651],[129.058692,35.069714]],[[129.056129,35.070532],[129.056148,35.070565],[129.056162,35.070546],[129.056129,35.070532]],[[129.070306,35.058693],[129.070284,35.058689],[129.070291,35.058715],[129.070306,35.058693]],[[129.082031,35.051937],[129.08198,35.051901],[129.081975,35.051928],[129.082031,35.051937]],[[129.067975,35.062216],[129.067938,35.062218],[129.067945,35.062229],[129.067975,35.062216]],[[129.058512,35.069549],[129.058511,35.069535],[129.058483,35.069529],[129.058512,35.069549]],[[129.065458,35.067162],[129.06542,35.067133],[129.065429,35.067161],[129.065458,35.067162]],[[129.064914,35.066167],[129.064939,35.066154],[129.064929,35.066131],[129.064914,35.066167]],[[129.081808,35.054587],[129.08182,35.054554],[129.081788,35.054553],[129.081808,35.054587]],[[129.070404,35.058753],[129.070425,35.058732],[129.070383,35.058719],[129.070404,35.058753]],[[129.070362,35.058715],[129.070383,35.058719],[129.070348,35.058713],[129.070362,35.058715]],[[129.084034,35.050358],[129.084052,35.050363],[129.084062,35.050332],[129.084034,35.050358]],[[129.067284,35.061626],[129.067289,35.061658],[129.067306,35.061655],[129.067284,35.061626]],[[129.055874,35.070665],[129.055868,35.070616],[129.05584,35.070622],[129.055874,35.070665]],[[129.055796,35.07053],[129.055808,35.070507],[129.055784,35.070492],[129.055796,35.07053]],[[129.072388,35.059125],[129.072408,35.059119],[129.072401,35.059094],[129.072388,35.059125]],[[129.066844,35.062511],[129.066846,35.062534],[129.06687,35.062534],[129.066844,35.062511]],[[129.06533,35.067094],[129.065311,35.067095],[129.065308,35.067108],[129.06533,35.067094]],[[129.081918,35.054552],[129.08189,35.05454],[129.081878,35.054557],[129.081918,35.054552]],[[129.065119,35.064372],[129.065135,35.064348],[129.065116,35.064335],[129.065119,35.064372]],[[129.067277,35.062553],[129.067308,35.062556],[129.067299,35.062535],[129.067277,35.062553]],[[129.055187,35.070739],[129.055221,35.070751],[129.055227,35.070742],[129.055187,35.070739]],[[129.068125,35.062206],[129.068111,35.062215],[129.068116,35.062223],[129.068125,35.062206]],[[129.08193,35.051734],[129.081902,35.051712],[129.081895,35.051715],[129.08193,35.051734]],[[129.064771,35.06378],[129.064795,35.063797],[129.064803,35.063787],[129.064771,35.06378]],[[129.068215,35.062237],[129.068236,35.062221],[129.068206,35.06222],[129.068215,35.062237]],[[129.065387,35.066931],[129.065416,35.066931],[129.065408,35.066911],[129.065387,35.066931]],[[129.066031,35.062804],[129.06602,35.062812],[129.066083,35.062841],[129.066031,35.062804]],[[129.064936,35.064307],[129.064968,35.064313],[129.064952,35.064292],[129.064936,35.064307]],[[129.065406,35.066411],[129.065396,35.066444],[129.065429,35.06644],[129.065406,35.066411]],[[129.08173,35.055439],[129.081714,35.055418],[129.081697,35.055429],[129.08173,35.055439]],[[129.066903,35.062496],[129.066929,35.062504],[129.066922,35.062496],[129.066903,35.062496]],[[129.065388,35.066478],[129.065395,35.066487],[129.065408,35.066477],[129.065388,35.066478]],[[129.074381,35.060178],[129.074377,35.060187],[129.074389,35.060196],[129.074381,35.060178]],[[129.058221,35.069484],[129.058204,35.069479],[129.058196,35.069495],[129.058221,35.069484]],[[129.052561,35.072002],[129.05259,35.071994],[129.052559,35.07199],[129.052561,35.072002]],[[129.065921,35.062756],[129.065925,35.062766],[129.065939,35.06276],[129.065921,35.062756]],[[129.07025,35.058652],[129.070244,35.058655],[129.07026,35.058666],[129.07025,35.058652]],[[129.070328,35.05868],[129.070342,35.058684],[129.070344,35.058681],[129.070328,35.05868]],[[129.104814,35.079148],[129.097612,35.078422],[129.097574,35.078815],[129.105235,35.079357],[129.105277,35.078924],[129.104814,35.079148]],[[129.075,35.089489],[129.075671,35.089888],[129.075854,35.089698],[129.075177,35.089293],[129.075,35.089489]],[[129.066675,35.097632],[129.066899,35.097531],[129.066561,35.097011],[129.066675,35.097632]],[[129.064721,35.09841],[129.064965,35.0983],[129.064662,35.097842],[129.064721,35.09841]],[[129.065971,35.097862],[129.066194,35.097762],[129.065871,35.097267],[129.065971,35.097862]],[[129.074788,35.089674],[129.075299,35.08999],[129.075443,35.089837],[129.074788,35.089674]],[[129.078204,35.088785],[129.077739,35.089129],[129.077871,35.089249],[129.078204,35.088785]],[[129.078116,35.08769],[129.077976,35.087565],[129.077656,35.087833],[129.078116,35.08769]],[[129.078691,35.088461],[129.07829,35.088758],[129.0784,35.088858],[129.078691,35.088461]],[[129.088112,35.076845],[129.087617,35.076625],[129.087475,35.076836],[129.088112,35.076845]],[[129.096432,35.05892],[129.096592,35.058754],[129.096361,35.058678],[129.096432,35.05892]],[[129.091121,35.074049],[129.091363,35.073874],[129.091343,35.073796],[129.091181,35.073788],[129.091121,35.074049]],[[129.095962,35.078468],[129.095722,35.078219],[129.095697,35.078247],[129.095962,35.078468]],[[129.083914,35.070331],[129.084151,35.070368],[129.084182,35.070204],[129.083914,35.070331]],[[129.09089,35.050631],[129.090493,35.050425],[129.090545,35.050542],[129.09089,35.050631]],[[129.083553,35.069937],[129.083476,35.070061],[129.083717,35.070161],[129.083553,35.069937]],[[129.095431,35.077274],[129.095241,35.077156],[129.095385,35.077413],[129.095431,35.077274]],[[129.090765,35.061417],[129.090884,35.061317],[129.090613,35.061372],[129.090663,35.061608],[129.090734,35.061569],[129.090765,35.061417]],[[129.078339,35.087138],[129.078339,35.08695],[129.078182,35.086998],[129.078339,35.087138]],[[129.061532,35.099516],[129.061642,35.099468],[129.061495,35.09925],[129.061532,35.099516]],[[129.064045,35.099913],[129.064094,35.099919],[129.064068,35.099896],[129.064045,35.099913]],[[129.091973,35.075339],[129.091974,35.075407],[129.092016,35.075417],[129.091973,35.075339]],[[129.091823,35.075409],[129.091746,35.075398],[129.091806,35.075503],[129.091823,35.075409]],[[129.094626,35.06007],[129.094584,35.060121],[129.094776,35.060146],[129.094626,35.06007]],[[129.081671,35.070823],[129.081686,35.070782],[129.081474,35.070729],[129.081671,35.070823]],[[129.079046,35.082451],[129.079194,35.082515],[129.079225,35.082468],[129.079046,35.082451]],[[129.081757,35.070496],[129.081771,35.070456],[129.081558,35.070403],[129.081757,35.070496]],[[129.082815,35.070187],[129.082863,35.070176],[129.082803,35.070003],[129.082815,35.070187]],[[129.085393,35.066774],[129.085336,35.066848],[129.085387,35.066866],[129.085393,35.066774]],[[129.094422,35.056263],[129.094496,35.05625],[129.094482,35.056226],[129.094422,35.056263]],[[129.095356,35.077111],[129.095305,35.077057],[129.095285,35.077079],[129.095356,35.077111]],[[129.087698,35.062933],[129.087659,35.062951],[129.087704,35.062981],[129.087698,35.062933]],[[129.092605,35.051952],[129.092622,35.051894],[129.092587,35.051889],[129.092605,35.051952]],[[129.093739,35.060703],[129.093517,35.060724],[129.093566,35.060772],[129.093739,35.060703]],[[129.090873,35.061496],[129.09084,35.061465],[129.090775,35.061491],[129.090873,35.061496]],[[129.088175,35.062761],[129.088209,35.062762],[129.088183,35.062686],[129.088175,35.062761]],[[129.094285,35.060395],[129.094346,35.060381],[129.094329,35.060366],[129.094285,35.060395]],[[129.092833,35.076179],[129.092871,35.076163],[129.092838,35.076129],[129.092833,35.076179]],[[129.090853,35.061436],[129.090922,35.061396],[129.090878,35.061377],[129.090853,35.061436]],[[129.09143,35.074061],[129.091386,35.0741],[129.091406,35.074116],[129.09143,35.074061]],[[129.089571,35.061974],[129.089571,35.062005],[129.089651,35.061997],[129.089571,35.061974]],[[129.085883,35.065968],[129.085834,35.066003],[129.085909,35.065998],[129.085883,35.065968]],[[129.093105,35.054452],[129.093028,35.054455],[129.093191,35.054497],[129.093105,35.054452]],[[129.096169,35.058755],[129.096123,35.058738],[129.0961,35.058765],[129.096169,35.058755]],[[129.08089,35.069963],[129.080938,35.070006],[129.080979,35.069975],[129.08089,35.069963]],[[129.097185,35.059975],[129.097215,35.059941],[129.097132,35.05994],[129.097185,35.059975]],[[129.097109,35.05983],[129.097086,35.059854],[129.097146,35.059876],[129.097109,35.05983]],[[129.081593,35.070351],[129.081663,35.070362],[129.081671,35.070322],[129.081593,35.070351]],[[129.096734,35.059663],[129.09674,35.05968],[129.09678,35.059675],[129.096734,35.059663]],[[129.085721,35.066291],[129.085718,35.066301],[129.08573,35.066308],[129.085721,35.066291]],[[129.094517,35.0601],[129.094513,35.060076],[129.094451,35.060084],[129.094517,35.0601]],[[129.085133,35.067173],[129.085118,35.067154],[129.085084,35.067198],[129.085133,35.067173]],[[129.089097,35.062394],[129.089105,35.06244],[129.08914,35.06242],[129.089097,35.062394]],[[129.091322,35.074376],[129.091342,35.07436],[129.091308,35.074352],[129.091322,35.074376]],[[129.085465,35.066685],[129.085428,35.06671],[129.085491,35.066705],[129.085465,35.066685]],[[129.086063,35.065385],[129.086025,35.065356],[129.086026,35.065396],[129.086063,35.065385]],[[129.086696,35.06443],[129.086701,35.064453],[129.086741,35.064443],[129.086696,35.06443]],[[129.091232,35.050933],[129.091216,35.050931],[129.091219,35.05097],[129.091232,35.050933]],[[129.088836,35.062491],[129.088815,35.062499],[129.088817,35.062499],[129.088836,35.062491]],[[129.095365,35.077548],[129.095343,35.077544],[129.095337,35.07757],[129.095365,35.077548]],[[129.095219,35.080611],[129.095227,35.08059],[129.095205,35.080586],[129.095219,35.080611]],[[129.086071,35.065293],[129.086077,35.065313],[129.086097,35.065306],[129.086071,35.065293]],[[129.088923,35.062471],[129.088939,35.062471],[129.088935,35.062452],[129.088923,35.062471]],[[129.105916,35.084244],[129.105522,35.084542],[129.113023,35.091221],[129.113428,35.090911],[129.111416,35.089505],[129.10599,35.08468],[129.105916,35.084244]],[[129.126204,35.091724],[129.126215,35.092228],[129.127459,35.092427],[129.127486,35.091927],[129.126204,35.091724]],[[129.124714,35.097699],[129.123983,35.097074],[129.123807,35.098293],[129.124714,35.097699]],[[129.126481,35.094481],[129.126754,35.093811],[129.126146,35.093213],[129.125998,35.093463],[129.126481,35.094481]],[[129.118603,35.097607],[129.119292,35.097325],[129.118658,35.096971],[129.118335,35.097083],[129.118563,35.097392],[129.118603,35.097607]],[[129.127301,35.093115],[129.12698,35.092773],[129.126449,35.092876],[129.126582,35.093062],[129.127301,35.093115]],[[129.123317,35.099055],[129.123341,35.099179],[129.123458,35.099193],[129.123317,35.099055]],[[129.123563,35.09901],[129.123608,35.098968],[129.123471,35.098892],[129.123563,35.09901]],[[129.119689,35.099047],[129.1196,35.099046],[129.11959,35.099134],[129.119689,35.099047]],[[129.123317,35.099306],[129.123433,35.099305],[129.12336,35.099203],[129.123317,35.099306]],[[129.123602,35.098161],[129.123605,35.098247],[129.123681,35.09822],[129.123602,35.098161]],[[129.120486,35.099573],[129.12058,35.099585],[129.120506,35.099507],[129.120486,35.099573]],[[129.125185,35.098589],[129.125152,35.098623],[129.125211,35.098653],[129.125185,35.098589]],[[129.123732,35.098322],[129.123786,35.09832],[129.123795,35.098289],[129.123732,35.098322]],[[129.124291,35.097004],[129.124252,35.097004],[129.124294,35.097068],[129.124291,35.097004]],[[129.119381,35.097744],[129.11925,35.097761],[129.119286,35.097793],[129.119381,35.097744]],[[129.124215,35.099884],[129.124185,35.099866],[129.124184,35.099877],[129.124215,35.099884]],[[129.119019,35.097823],[129.119041,35.097854],[129.119061,35.097811],[129.119019,35.097823]],[[129.123903,35.099112],[129.12385,35.09909],[129.123847,35.099109],[129.123903,35.099112]],[[129.119003,35.097787],[129.118875,35.097816],[129.118906,35.097822],[129.119003,35.097787]],[[129.124031,35.099718],[129.123993,35.099684],[129.123991,35.099695],[129.124031,35.099718]],[[129.12137,35.099462],[129.121304,35.099464],[129.12139,35.099473],[129.12137,35.099462]],[[129.123503,35.098201],[129.123489,35.098215],[129.123529,35.098223],[129.123503,35.098201]],[[129.123914,35.099023],[129.123907,35.099038],[129.123932,35.099047],[129.123914,35.099023]],[[129.118969,35.09712],[129.118975,35.097112],[129.118932,35.09711],[129.118969,35.09712]],[[129.124405,35.099377],[129.124423,35.099374],[129.124396,35.099343],[129.124405,35.099377]],[[129.118889,35.098998],[129.118898,35.098996],[129.118891,35.098966],[129.118889,35.098998]],[[129.123442,35.098191],[129.123465,35.09821],[129.123475,35.098199],[129.123442,35.098191]],[[129.119235,35.099047],[129.119237,35.099077],[129.11926,35.099076],[129.119235,35.099047]],[[129.11911,35.098992],[129.119133,35.098999],[129.11914,35.098974],[129.11911,35.098992]],[[129.119542,35.097671],[129.119523,35.097669],[129.119525,35.097693],[129.119542,35.097671]],[[129.119352,35.099075],[129.119334,35.099071],[129.11934,35.099095],[129.119352,35.099075]],[[129.11871,35.099368],[129.11873,35.099346],[129.118708,35.099344],[129.11871,35.099368]],[[129.118381,35.099608],[129.118391,35.099607],[129.118371,35.099582],[129.118381,35.099608]],[[129.124203,35.099463],[129.12423,35.099473],[129.124231,35.099463],[129.124203,35.099463]],[[129.118852,35.097847],[129.118875,35.097847],[129.11886,35.097824],[129.118852,35.097847]],[[129.123791,35.099084],[129.123806,35.099087],[129.123788,35.099064],[129.123791,35.099084]],[[129.118816,35.098019],[129.118798,35.09804],[129.118809,35.098042],[129.118816,35.098019]],[[129.121107,35.099511],[129.121116,35.099499],[129.121093,35.099491],[129.121107,35.099511]],[[129.118499,35.099495],[129.118482,35.099497],[129.118494,35.099516],[129.118499,35.099495]],[[129.118748,35.097881],[129.118775,35.097884],[129.118761,35.09787],[129.118748,35.097881]],[[129.11858,35.099407],[129.118572,35.099412],[129.118586,35.099422],[129.11858,35.099407]],[[129.119488,35.099368],[129.119495,35.099366],[129.119492,35.09935],[129.119488,35.099368]],[[129.11909,35.098932],[129.119072,35.098928],[129.119079,35.098945],[129.11909,35.098932]],[[129.11878,35.09786],[129.118808,35.097865],[129.118807,35.09786],[129.11878,35.09786]],[[129.119501,35.09903],[129.119485,35.099029],[129.119488,35.099039],[129.119501,35.09903]],[[129.119141,35.097764],[129.119146,35.097756],[129.119134,35.097752],[129.119141,35.097764]],[[129.11908,35.098974],[129.119084,35.098969],[129.119074,35.098965],[129.11908,35.098974]],[[129.120537,35.099619],[129.120527,35.099617],[129.120533,35.099628],[129.120537,35.099619]],[[129.120537,35.099606],[129.120532,35.099607],[129.120552,35.099612],[129.120537,35.099606]],[[129.120576,35.099611],[129.120583,35.09961],[129.120579,35.099603],[129.120576,35.099611]],[[129.119212,35.097819],[129.119212,35.097826],[129.119219,35.097825],[129.119212,35.097819]],[[129.060809,35.103467],[129.060063,35.102544],[129.059638,35.102776],[129.060406,35.103693],[129.060809,35.103467]],[[129.059544,35.101392],[129.058874,35.100648],[129.058619,35.100806],[129.059544,35.101392]],[[129.067503,35.107695],[129.067446,35.107714],[129.067534,35.107832],[129.067503,35.107695]],[[129.054892,35.101567],[129.054922,35.101633],[129.055017,35.101604],[129.054892,35.101567]],[[129.055461,35.102434],[129.05543,35.102371],[129.055344,35.102403],[129.055461,35.102434]],[[129.064125,35.100147],[129.064163,35.100145],[129.064163,35.100129],[129.064125,35.100147]],[[129.065871,35.128345],[129.06585,35.128346],[129.065843,35.128373],[129.065871,35.128345]],[[129.066004,35.126994],[129.065988,35.126993],[129.065981,35.127023],[129.066004,35.126994]],[[129.065941,35.127475],[129.065957,35.127477],[129.065962,35.127445],[129.065941,35.127475]],[[129.065911,35.127925],[129.065914,35.127894],[129.065899,35.127892],[129.065911,35.127925]],[[129.05855,35.10327],[129.058537,35.103253],[129.058522,35.103256],[129.05855,35.10327]],[[129.113213,35.102413],[129.11308,35.102534],[129.113266,35.102671],[129.113213,35.102413]],[[129.112809,35.102674],[129.112866,35.102854],[129.113049,35.102824],[129.112809,35.102674]],[[129.113148,35.102868],[129.113309,35.102741],[129.113226,35.102669],[129.113148,35.102868]],[[129.114539,35.101057],[129.114542,35.101046],[129.114477,35.101037],[129.114539,35.101057]],[[129.115557,35.100353],[129.115514,35.100301],[129.115479,35.100367],[129.115557,35.100353]],[[129.113577,35.102562],[129.113595,35.10255],[129.11354,35.102529],[129.113577,35.102562]],[[129.114721,35.101111],[129.114709,35.101085],[129.114677,35.101091],[129.114721,35.101111]],[[129.115749,35.100169],[129.115743,35.100193],[129.115792,35.100195],[129.115749,35.100169]],[[129.117342,35.100145],[129.117331,35.10015],[129.117343,35.100172],[129.117342,35.100145]],[[129.113607,35.102594],[129.113588,35.102597],[129.113588,35.102597],[129.113607,35.102594]],[[129.116701,35.100175],[129.116693,35.10019],[129.1167,35.100196],[129.116701,35.100175]],[[129.127049,35.108431],[129.127163,35.10835],[129.126642,35.108201],[129.127049,35.108431]],[[129.117083,35.13259],[129.11727,35.132808],[129.117401,35.132731],[129.117083,35.13259]],[[129.12163,35.131382],[129.121814,35.13128],[129.121712,35.131206],[129.12163,35.131382]],[[129.12513,35.10081],[129.125151,35.100759],[129.124986,35.100659],[129.12513,35.10081]],[[129.125679,35.106237],[129.125848,35.106293],[129.125829,35.106237],[129.125679,35.106237]],[[129.122135,35.129369],[129.122055,35.129379],[129.122049,35.129446],[129.122135,35.129369]],[[129.117746,35.132158],[129.117206,35.132468],[129.117217,35.13248],[129.117746,35.132158]],[[129.128649,35.117439],[129.128817,35.117432],[129.128778,35.117391],[129.128649,35.117439]],[[129.126855,35.107704],[129.126906,35.107661],[129.126728,35.107658],[129.126855,35.107704]],[[129.126426,35.106802],[129.126352,35.106796],[129.126421,35.1069],[129.126426,35.106802]],[[129.126873,35.107354],[129.126953,35.107331],[129.126876,35.107279],[129.126873,35.107354]],[[129.124784,35.104223],[129.124685,35.104203],[129.124742,35.104284],[129.124784,35.104223]],[[129.127843,35.116097],[129.127701,35.116054],[129.127736,35.116094],[129.127843,35.116097]],[[129.1256,35.106131],[129.125711,35.10614],[129.125646,35.106079],[129.1256,35.106131]],[[129.126804,35.107221],[129.126665,35.107188],[129.126704,35.107245],[129.126804,35.107221]],[[129.128016,35.110623],[129.127895,35.110604],[129.127904,35.110626],[129.128016,35.110623]],[[129.12118,35.132822],[129.121215,35.132796],[129.121086,35.132749],[129.12118,35.132822]],[[129.127286,35.113578],[129.127208,35.113587],[129.127207,35.113603],[129.127286,35.113578]],[[129.126883,35.108087],[129.126837,35.108104],[129.12691,35.108144],[129.126883,35.108087]],[[129.124559,35.104081],[129.124597,35.104051],[129.124472,35.104016],[129.124559,35.104081]],[[129.124964,35.10454],[129.124921,35.10454],[129.124942,35.104593],[129.124964,35.10454]],[[129.127686,35.114229],[129.127748,35.114224],[129.127686,35.114197],[129.127686,35.114229]],[[129.124917,35.101175],[129.124958,35.101198],[129.124965,35.101159],[129.124917,35.101175]],[[129.12623,35.106665],[129.126228,35.10669],[129.126324,35.106673],[129.12623,35.106665]],[[129.121647,35.131417],[129.121601,35.131418],[129.121649,35.131461],[129.121647,35.131417]],[[129.125564,35.121873],[129.125586,35.121923],[129.125633,35.121903],[129.125564,35.121873]],[[129.126106,35.121353],[129.126084,35.12138],[129.126182,35.121381],[129.126106,35.121353]],[[129.123249,35.125636],[129.123253,35.12565],[129.123348,35.125604],[129.123249,35.125636]],[[129.127077,35.108053],[129.127009,35.108036],[129.127044,35.108064],[129.127077,35.108053]],[[129.126336,35.106529],[129.126369,35.106567],[129.126401,35.106543],[129.126336,35.106529]],[[129.127301,35.113283],[129.12729,35.113286],[129.127291,35.113317],[129.127301,35.113283]],[[129.127282,35.108952],[129.12726,35.108976],[129.127305,35.108988],[129.127282,35.108952]],[[129.127197,35.113527],[129.127229,35.113548],[129.12724,35.113512],[129.127197,35.113527]],[[129.123718,35.10195],[129.123761,35.101921],[129.123697,35.101933],[129.123718,35.10195]],[[129.125034,35.105365],[129.125058,35.105382],[129.125058,35.105339],[129.125034,35.105365]],[[129.128079,35.114457],[129.128096,35.114448],[129.12804,35.114414],[129.128079,35.114457]],[[129.122244,35.12945],[129.122296,35.12945],[129.122265,35.129417],[129.122244,35.12945]],[[129.128079,35.118756],[129.128114,35.118785],[129.128132,35.118783],[129.128079,35.118756]],[[129.121532,35.130203],[129.121482,35.130172],[129.121488,35.130208],[129.121532,35.130203]],[[129.126376,35.106589],[129.126379,35.106605],[129.126404,35.10659],[129.126376,35.106589]],[[129.124801,35.103594],[129.124825,35.103561],[129.124815,35.103556],[129.124801,35.103594]],[[129.123278,35.125446],[129.123289,35.125493],[129.123306,35.125494],[129.123278,35.125446]],[[129.127094,35.120129],[129.127061,35.120156],[129.127103,35.120157],[129.127094,35.120129]],[[129.127604,35.110057],[129.127696,35.110044],[129.127632,35.110004],[129.127604,35.110057]],[[129.124489,35.122887],[129.124518,35.12288],[129.124472,35.122853],[129.124489,35.122887]],[[129.123852,35.101624],[129.123855,35.101605],[129.123828,35.101601],[129.123852,35.101624]],[[129.122543,35.127281],[129.122529,35.127302],[129.122564,35.12731],[129.122543,35.127281]],[[129.123828,35.101912],[129.123802,35.10192],[129.123841,35.101933],[129.123828,35.101912]],[[129.124784,35.10096],[129.124789,35.10095],[129.124751,35.100933],[129.124784,35.10096]],[[129.128209,35.110938],[129.128207,35.110915],[129.128171,35.110931],[129.128209,35.110938]],[[129.126559,35.10691],[129.126526,35.106905],[129.126553,35.106928],[129.126559,35.10691]],[[129.126738,35.107969],[129.126721,35.107976],[129.126755,35.108],[129.126738,35.107969]],[[129.126945,35.119891],[129.126974,35.119892],[129.126969,35.119882],[129.126945,35.119891]],[[129.126362,35.121081],[129.126381,35.121075],[129.126356,35.121045],[129.126362,35.121081]],[[129.126509,35.106845],[129.1265,35.106859],[129.126532,35.106874],[129.126509,35.106845]],[[129.125533,35.121901],[129.125528,35.121883],[129.125484,35.12189],[129.125533,35.121901]],[[129.128103,35.111297],[129.128115,35.111316],[129.128137,35.111307],[129.128103,35.111297]],[[129.124034,35.123098],[129.124024,35.123105],[129.12404,35.123109],[129.124034,35.123098]],[[129.125259,35.10581],[129.125308,35.105808],[129.125294,35.105784],[129.125259,35.10581]],[[129.121431,35.130134],[129.1214,35.130132],[129.121414,35.130153],[129.121431,35.130134]],[[129.127594,35.113943],[129.127545,35.113934],[129.127545,35.113945],[129.127594,35.113943]],[[129.123887,35.102223],[129.12394,35.10222],[129.123929,35.102208],[129.123887,35.102223]],[[129.127236,35.11967],[129.127256,35.119676],[129.12726,35.119652],[129.127236,35.11967]],[[129.12531,35.106024],[129.125286,35.106023],[129.125287,35.106038],[129.12531,35.106024]],[[129.125784,35.12159],[129.125788,35.121591],[129.125782,35.121563],[129.125784,35.12159]],[[129.126002,35.121372],[129.125983,35.121386],[129.125999,35.1214],[129.126002,35.121372]],[[129.126779,35.10694],[129.126798,35.106927],[129.126769,35.106918],[129.126779,35.10694]],[[129.127206,35.113413],[129.127191,35.11342],[129.127206,35.113438],[129.127206,35.113413]],[[129.124624,35.122581],[129.12463,35.122574],[129.124594,35.122563],[129.124624,35.122581]],[[129.124024,35.102396],[129.123993,35.102387],[129.12399,35.102396],[129.124024,35.102396]],[[129.122618,35.126637],[129.122615,35.126654],[129.122637,35.126649],[129.122618,35.126637]],[[129.125149,35.105235],[129.125139,35.10525],[129.125166,35.105254],[129.125149,35.105235]],[[129.121831,35.131329],[129.121817,35.131335],[129.121835,35.131351],[129.121831,35.131329]],[[129.127407,35.119614],[129.127428,35.119601],[129.127408,35.119595],[129.127407,35.119614]],[[129.12801,35.111343],[129.128015,35.111356],[129.12804,35.111353],[129.12801,35.111343]],[[129.122204,35.129354],[129.122215,35.129341],[129.122185,35.129339],[129.122204,35.129354]],[[129.126962,35.107346],[129.126936,35.107354],[129.126956,35.107365],[129.126962,35.107346]],[[129.126275,35.106321],[129.126239,35.106326],[129.126243,35.106334],[129.126275,35.106321]],[[129.125916,35.106259],[129.125924,35.106245],[129.1259,35.106242],[129.125916,35.106259]],[[129.128186,35.117176],[129.128202,35.117168],[129.128182,35.117156],[129.128186,35.117176]],[[129.126873,35.107208],[129.126904,35.107207],[129.126895,35.107195],[129.126873,35.107208]],[[129.121223,35.130797],[129.121223,35.130813],[129.121243,35.130808],[129.121223,35.130797]],[[129.127494,35.119367],[129.127481,35.119368],[129.127481,35.119383],[129.127494,35.119367]],[[129.127492,35.113799],[129.127489,35.113806],[129.127507,35.113816],[129.127492,35.113799]],[[129.12642,35.106382],[129.12644,35.106394],[129.126445,35.106381],[129.12642,35.106382]],[[129.128325,35.117177],[129.128323,35.117165],[129.128301,35.117174],[129.128325,35.117177]],[[129.121748,35.130072],[129.121758,35.130066],[129.12175,35.130057],[129.121748,35.130072]],[[129.127007,35.119843],[129.126985,35.119837],[129.126984,35.119842],[129.127007,35.119843]],[[129.124119,35.101349],[129.12413,35.101338],[129.124128,35.101338],[129.124119,35.101349]],[[129.126209,35.106329],[129.126224,35.106336],[129.126222,35.106327],[129.126209,35.106329]],[[129.127247,35.119595],[129.127263,35.119597],[129.12726,35.119589],[129.127247,35.119595]],[[129.122307,35.12971],[129.12232,35.129708],[129.122321,35.129702],[129.122307,35.12971]],[[128.965441,35.036745],[128.965456,35.036732],[128.965406,35.036722],[128.965441,35.036745]],[[128.966899,35.035185],[128.966918,35.0352],[128.966951,35.035176],[128.966899,35.035185]],[[129.065338,35.062712],[129.065397,35.062748],[129.065419,35.062701],[129.065338,35.062712]],[[129.065291,35.062817],[129.065374,35.062828],[129.065393,35.062774],[129.065291,35.062817]],[[129.081821,35.052391],[129.081845,35.05239],[129.081806,35.052363],[129.081821,35.052391]],[[129.084567,35.049831],[129.084581,35.04986],[129.084615,35.049848],[129.084567,35.049831]],[[129.072984,35.05896],[129.073045,35.058907],[129.072853,35.058856],[129.072984,35.05896]],[[129.052405,35.072249],[129.052338,35.07222],[129.052359,35.072277],[129.052405,35.072249]],[[129.092893,35.076254],[129.092937,35.076243],[129.092909,35.076222],[129.092893,35.076254]],[[129.058346,35.069526],[129.058293,35.069491],[129.058279,35.069533],[129.058346,35.069526]],[[129.015722,35.048828],[129.015781,35.048875],[129.015785,35.048856],[129.015722,35.048828]],[[129.031377,35.079715],[129.031483,35.079714],[129.031481,35.079627],[129.031377,35.079715]],[[129.038246,35.081376],[129.038276,35.081296],[129.038178,35.081271],[129.038246,35.081376]],[[129.034191,35.080312],[129.034158,35.080232],[129.034059,35.080259],[129.034191,35.080312]],[[128.972263,35.02988],[128.97228,35.029873],[128.972257,35.029857],[128.972263,35.02988]],[[128.973507,35.031028],[128.973499,35.030987],[128.97349,35.030998],[128.973507,35.031028]],[[128.973999,35.041334],[128.973986,35.04133],[128.97399,35.041343],[128.973999,35.041334]],[[129.087444,35.063189],[129.087423,35.063189],[129.087421,35.063212],[129.087444,35.063189]],[[129.069273,35.060831],[129.06922,35.060812],[129.069215,35.060844],[129.069273,35.060831]],[[129.095969,35.060053],[129.09605,35.059959],[129.095982,35.059956],[129.095969,35.060053]],[[129.093278,35.054248],[129.093299,35.054257],[129.093292,35.054248],[129.093278,35.054248]],[[129.089949,35.061547],[129.089966,35.061561],[129.089975,35.061551],[129.089949,35.061547]],[[129.051941,35.072683],[129.051977,35.07266],[129.051948,35.072635],[129.051941,35.072683]],[[129.053499,35.071587],[129.053567,35.071574],[129.05356,35.071544],[129.053499,35.071587]],[[129.055404,35.070793],[129.055365,35.070771],[129.055356,35.070788],[129.055404,35.070793]],[[129.022596,35.061573],[129.023239,35.061475],[129.022919,35.061349],[129.022596,35.061573]],[[129.124195,35.122947],[129.12415,35.122939],[129.124182,35.122964],[129.124195,35.122947]],[[129.062279,35.069426],[129.062304,35.069449],[129.062318,35.069436],[129.062279,35.069426]],[[129.063994,35.099729],[129.063971,35.099756],[129.064032,35.099839],[129.063994,35.099729]],[[129.064112,35.099861],[129.064093,35.099839],[129.064084,35.099866],[129.064112,35.099861]],[[129.063895,35.100108],[129.064017,35.100043],[129.063884,35.100014],[129.063895,35.100108]],[[129.063826,35.100114],[129.063808,35.100095],[129.063787,35.100109],[129.063826,35.100114]],[[129.063951,35.100125],[129.063962,35.100116],[129.063949,35.100106],[129.063951,35.100125]],[[129.063933,35.100152],[129.063895,35.100127],[129.063885,35.100144],[129.063933,35.100152]],[[129.064074,35.100168],[129.064033,35.100143],[129.064022,35.10017],[129.064074,35.100168]],[[129.063869,35.10031],[129.064049,35.100258],[129.063916,35.100193],[129.063869,35.10031]],[[129.081651,35.055282],[129.081688,35.055272],[129.081679,35.05525],[129.081651,35.055282]],[[129.085829,35.049456],[129.085798,35.049504],[129.08583,35.0495],[129.085829,35.049456]],[[129.085956,35.04956],[129.085946,35.049575],[129.085984,35.049595],[129.085956,35.04956]],[[129.085778,35.0499],[129.085793,35.049894],[129.085786,35.049885],[129.085778,35.0499]],[[129.085893,35.049602],[129.085902,35.049623],[129.085914,35.049618],[129.085893,35.049602]],[[129.085628,35.049622],[129.085619,35.049634],[129.085655,35.049652],[129.085628,35.049622]],[[129.08371,35.050121],[129.083698,35.050121],[129.083697,35.050141],[129.08371,35.050121]],[[129.087481,35.063297],[129.087505,35.063296],[129.087491,35.063281],[129.087481,35.063297]],[[129.085163,35.067114],[129.085189,35.067112],[129.085173,35.067103],[129.085163,35.067114]],[[129.090803,35.073854],[129.090802,35.073908],[129.090884,35.073892],[129.090803,35.073854]],[[129.091311,35.07417],[129.091294,35.074162],[129.09129,35.07418],[129.091311,35.07417]],[[129.094257,35.056074],[129.094274,35.056106],[129.094302,35.056087],[129.094257,35.056074]],[[129.095106,35.056923],[129.095178,35.056955],[129.095141,35.056904],[129.095106,35.056923]],[[129.119131,35.097812],[129.119184,35.097797],[129.119162,35.097773],[129.119131,35.097812]],[[129.121626,35.130275],[129.121638,35.130264],[129.121628,35.130253],[129.121626,35.130275]],[[129.1215,35.13031],[129.121608,35.130372],[129.121624,35.130344],[129.1215,35.13031]],[[129.123928,35.102267],[129.123906,35.10228],[129.123954,35.102292],[129.123928,35.102267]],[[129.125261,35.106051],[129.125272,35.106031],[129.125251,35.106024],[129.125261,35.106051]],[[129.1267,35.107335],[129.126671,35.107342],[129.126739,35.107365],[129.1267,35.107335]],[[129.127643,35.110235],[129.127625,35.110236],[129.127642,35.11026],[129.127643,35.110235]],[[129.127668,35.110424],[129.127715,35.110431],[129.127681,35.11041],[129.127668,35.110424]],[[129.127264,35.113314],[129.127265,35.113304],[129.127252,35.113301],[129.127264,35.113314]]]},"properties":{"id":"khoa-hrbare-50048","name":"부산항","englishName":"BUSAN HANG","harborTypeCode":"GBN284","relatedInstitutionCode":"1192136","statusCode":null,"minimumScale":44999.0,"source":"국립해양조사원(KHOA)","sourceUpdatedAt":"2025-08-11","sourceRaw":"{\"gid\":48,\"objnum\":\"50048\",\"pbinst\":\"1192136\",\"indcde_1\":\"BCH002\",\"indcde_2\":\"ENW001\",\"indcde_3\":\"CLW021\",\"mnymd\":\"20241130\",\"clfcde\":\"COD007\",\"enclev\":\"5, 6\",\"enc_no\":\"KR688D84, KR5G3F11\",\"gubun\":\"GBN284\",\"nobjnm\":\"부산항\",\"objnam\":\"BUSAN HANG\",\"status\":\"\",\"inform\":\"\",\"ninfom\":\"\",\"ntxtds\":\"\",\"scamin\":44999,\"txtdsc\":\"\",\"sordat\":\"20140207, 20100402\",\"sorind\":\"KR,KR,reprt,NTM2010-13-203, KR,KR,reprt,NTM2014-06-067\"}"}},{"type":"Feature","id":"khoa-hrbare-50059","geometry":{"type":"MultiPolygon","coordinates":[[[[125.444202,34.693665],[125.444715,34.693964],[125.444361,34.694667],[125.441162,34.699257],[125.440961,34.698915],[125.44139,34.698523],[125.440117,34.698185],[125.440009,34.697236],[125.439072,34.697236],[125.438668,34.696757],[125.437168,34.697282],[125.436336,34.697187],[125.436814,34.697411],[125.437394,34.697241],[125.436874,34.697792],[125.437493,34.697857],[125.437802,34.698382],[125.43894,34.698418],[125.438876,34.699155],[125.439845,34.698606],[125.440452,34.699261],[125.434333,34.698889],[125.43403,34.698671],[125.435384,34.697895],[125.435469,34.696819],[125.433203,34.696823],[125.43214,34.696226],[125.433147,34.696895],[125.432693,34.697196],[125.432765,34.697298],[125.433166,34.697221],[125.433197,34.69783],[125.432606,34.698001],[125.429979,34.696468],[125.430586,34.695932],[125.430107,34.695259],[125.431022,34.694877],[125.430868,34.694304],[125.429758,34.694294],[125.429928,34.692806],[125.430162,34.692244],[125.431831,34.692689],[125.431744,34.692623],[125.431305,34.692527],[125.431648,34.692213],[125.430056,34.692114],[125.429063,34.691016],[125.426835,34.690364],[125.426455,34.68983],[125.426681,34.688733],[125.427425,34.687939],[125.430731,34.68842],[125.431711,34.687965],[125.430244,34.688302],[125.429737,34.687445],[125.430234,34.687278],[125.427849,34.687353],[125.428193,34.68602],[125.429146,34.684882],[125.43066,34.684868],[125.43213,34.6856],[125.434474,34.685995],[125.434029,34.6858],[125.434175,34.685502],[125.434653,34.685662],[125.435335,34.685118],[125.433989,34.685136],[125.434452,34.68423],[125.435131,34.684482],[125.435335,34.68406],[125.439811,34.684014],[125.44105,34.683512],[125.441791,34.683967],[125.441735,34.684022],[125.441867,34.684103],[125.442709,34.68587],[125.444248,34.685383],[125.444681,34.686283],[125.44401,34.686898],[125.444333,34.68862],[125.443105,34.689505],[125.438008,34.688678],[125.443316,34.689605],[125.4429,34.690328],[125.44351,34.690858],[125.443157,34.691064],[125.443266,34.691154],[125.443523,34.69087],[125.445394,34.692479],[125.444901,34.692338],[125.445261,34.692579],[125.444202,34.693665]],[[125.430804,34.687241],[125.431362,34.687685],[125.430837,34.687159],[125.43047,34.687233],[125.430804,34.687241]],[[125.430629,34.696162],[125.430606,34.696299],[125.430733,34.696267],[125.430629,34.696162]],[[125.430435,34.696507],[125.430421,34.696667],[125.430617,34.696542],[125.430435,34.696507]],[[125.431841,34.692685],[125.432381,34.692706],[125.432266,34.692525],[125.431841,34.692685]],[[125.431286,34.695888],[125.431686,34.696035],[125.431729,34.695982],[125.431286,34.695888]],[[125.430934,34.695838],[125.430765,34.696004],[125.43109,34.69603],[125.430934,34.695838]],[[125.431236,34.696028],[125.431288,34.696039],[125.431337,34.695961],[125.431236,34.696028]],[[125.43189,34.696418],[125.432033,34.696618],[125.432228,34.696445],[125.43189,34.696418]],[[125.432586,34.692764],[125.432676,34.692815],[125.432682,34.692789],[125.432586,34.692764]],[[125.432264,34.696657],[125.432321,34.696708],[125.432382,34.696705],[125.432264,34.696657]],[[125.442402,34.696094],[125.442347,34.695987],[125.441978,34.696184],[125.440058,34.697194],[125.442402,34.696094]],[[125.442027,34.684442],[125.441176,34.684666],[125.441232,34.684781],[125.442027,34.684442]],[[125.435343,34.698169],[125.435461,34.698163],[125.435393,34.698102],[125.435343,34.698169]],[[125.430289,34.696557],[125.430321,34.696505],[125.430291,34.696497],[125.430289,34.696557]],[[125.431089,34.696168],[125.431156,34.696181],[125.431156,34.696154],[125.431089,34.696168]],[[125.432573,34.6972],[125.4325,34.697218],[125.432519,34.697253],[125.432573,34.6972]],[[125.429885,34.68725],[125.429921,34.687249],[125.429924,34.687087],[125.429885,34.68725]],[[125.432672,34.696965],[125.432542,34.697073],[125.432563,34.697083],[125.432672,34.696965]],[[125.431137,34.692759],[125.431062,34.692962],[125.431098,34.692969],[125.431137,34.692759]],[[125.439907,34.684087],[125.439884,34.684084],[125.439904,34.684316],[125.439907,34.684087]],[[125.442193,34.685619],[125.442423,34.685563],[125.442385,34.685464],[125.442193,34.685619]],[[125.443286,34.689242],[125.443319,34.689219],[125.443108,34.689008],[125.443286,34.689242]],[[125.443892,34.688836],[125.443694,34.688683],[125.443672,34.688703],[125.443892,34.688836]],[[125.444358,34.685922],[125.444317,34.685839],[125.444017,34.685947],[125.444358,34.685922]],[[125.440347,34.697913],[125.440403,34.697778],[125.440326,34.697745],[125.440347,34.697913]],[[125.431033,34.69611],[125.430937,34.696139],[125.430948,34.696157],[125.431033,34.69611]],[[125.430443,34.696353],[125.430457,34.696289],[125.430342,34.696349],[125.430443,34.696353]],[[125.432652,34.696769],[125.432587,34.696895],[125.432671,34.696883],[125.432652,34.696769]],[[125.444328,34.694509],[125.444295,34.694556],[125.444351,34.694583],[125.444328,34.694509]],[[125.430856,34.69609],[125.430851,34.696132],[125.430862,34.696134],[125.430856,34.69609]],[[125.441483,34.698574],[125.44146,34.698577],[125.441449,34.698673],[125.441483,34.698574]],[[125.441372,34.698844],[125.44139,34.698869],[125.441431,34.698826],[125.441372,34.698844]],[[125.430418,34.69626],[125.430436,34.696162],[125.430332,34.696203],[125.430418,34.69626]],[[125.441239,34.698954],[125.441208,34.698987],[125.441287,34.699011],[125.441239,34.698954]],[[125.432251,34.697554],[125.43225,34.69761],[125.432331,34.697588],[125.432251,34.697554]],[[125.431866,34.696766],[125.431881,34.696703],[125.431813,34.696698],[125.431866,34.696766]],[[125.43224,34.696513],[125.432246,34.696541],[125.432277,34.696529],[125.43224,34.696513]],[[125.431397,34.696124],[125.431337,34.696105],[125.431353,34.696158],[125.431397,34.696124]],[[125.432717,34.697415],[125.432852,34.697387],[125.432834,34.697354],[125.432717,34.697415]],[[125.436685,34.697443],[125.436679,34.69752],[125.436782,34.697483],[125.436685,34.697443]],[[125.435486,34.697735],[125.435684,34.697721],[125.435718,34.697611],[125.435486,34.697735]],[[125.43585,34.697695],[125.435865,34.69773],[125.435944,34.697697],[125.43585,34.697695]],[[125.436195,34.698855],[125.4362,34.698909],[125.436251,34.698884],[125.436195,34.698855]],[[125.435033,34.698162],[125.435098,34.698138],[125.435084,34.698119],[125.435033,34.698162]],[[125.436573,34.69741],[125.436573,34.697443],[125.436633,34.697408],[125.436573,34.69741]],[[125.435921,34.698183],[125.435894,34.698197],[125.435927,34.698237],[125.435921,34.698183]],[[125.435102,34.698167],[125.43508,34.698182],[125.435146,34.698215],[125.435102,34.698167]],[[125.437536,34.698467],[125.437544,34.698589],[125.437743,34.698507],[125.437536,34.698467]],[[125.439718,34.699099],[125.439717,34.699068],[125.439649,34.699078],[125.439718,34.699099]],[[125.438632,34.698484],[125.43865,34.698571],[125.438708,34.698504],[125.438632,34.698484]],[[125.434382,34.698862],[125.434565,34.698727],[125.434408,34.69869],[125.434382,34.698862]],[[125.43862,34.698664],[125.438617,34.698644],[125.438514,34.698786],[125.43862,34.698664]]],[[[125.43377,34.6986],[125.433207,34.69807],[125.433708,34.698373],[125.43419,34.698177],[125.43377,34.6986]]],[[[125.440778,34.69893],[125.440879,34.699258],[125.440627,34.698939],[125.440778,34.69893]]]]},"properties":{"id":"khoa-hrbare-50059","name":"흑산도항","englishName":"HEUKSANDO HANG","harborTypeCode":"GBN284","relatedInstitutionCode":"1192136","statusCode":null,"minimumScale":17999.0,"source":"국립해양조사원(KHOA)","sourceUpdatedAt":"2025-08-11","sourceRaw":"{\"gid\":59,\"objnum\":\"50059\",\"pbinst\":\"1192136\",\"indcde_1\":\"\",\"indcde_2\":\"\",\"indcde_3\":\"\",\"mnymd\":\"20241130\",\"clfcde\":\"COD007\",\"enclev\":\"6\",\"enc_no\":\"KR688D84\",\"gubun\":\"GBN284\",\"nobjnm\":\"흑산도항\",\"objnam\":\"HEUKSANDO HANG\",\"status\":\"\",\"inform\":\"\",\"ninfom\":\"\",\"ntxtds\":\"\",\"scamin\":17999,\"txtdsc\":\"\",\"sordat\":\"\",\"sorind\":\"\"}"}},{"type":"Feature","id":"khoa-hrbare-50060","geometry":{"type":"Polygon","coordinates":[[[126.514159,36.434432],[126.516839,36.438203],[126.511857,36.440351],[126.510299,36.441997],[126.509947,36.441859],[126.509834,36.438958],[126.504336,36.434555],[126.50241,36.434194],[126.500644,36.432725],[126.499092,36.432518],[126.497766,36.43286],[126.496637,36.433877],[126.496612,36.436103],[126.494264,36.435378],[126.492789,36.436477],[126.49429,36.435437],[126.496257,36.436189],[126.495868,36.436852],[126.49415,36.436291],[126.495844,36.436893],[126.495372,36.4377],[126.49452,36.437469],[126.495349,36.43774],[126.495089,36.438185],[126.492786,36.43727],[126.492739,36.437352],[126.495065,36.438225],[126.490989,36.445191],[126.494619,36.446577],[126.5,36.4445],[126.500051,36.444972],[126.493212,36.44809],[126.492599,36.447771],[126.4926,36.448318],[126.490802,36.448047],[126.490619,36.448763],[126.490602,36.449354],[126.490548,36.449501],[126.49055,36.450001],[126.490504,36.450291],[126.490045,36.451207],[126.488529,36.452626],[126.486622,36.453473],[126.469568,36.409924],[126.458046,36.362084],[126.459592,36.362077],[126.460659,36.36058],[126.459937,36.359396],[126.458493,36.35888],[126.458231,36.358385],[126.458926,36.356722],[126.458207,36.356318],[126.458347,36.354699],[126.458197,36.354946],[126.457844,36.354738],[126.457725,36.354904],[126.457206,36.355271],[126.456441,36.355423],[126.447681,36.319047],[126.500928,36.324594],[126.479344,36.385431],[126.480563,36.387583],[126.479872,36.387573],[126.479371,36.386675],[126.479667,36.387704],[126.480939,36.387975],[126.478528,36.389081],[126.479138,36.391519],[126.479559,36.391487],[126.478922,36.389057],[126.481257,36.38809],[126.484561,36.393347],[126.483731,36.396202],[126.484096,36.397153],[126.484601,36.397161],[126.485669,36.398149],[126.486244,36.399246],[126.486933,36.399336],[126.486895,36.400298],[126.486586,36.399697],[126.486519,36.4001],[126.487084,36.400761],[126.486873,36.400995],[126.484172,36.400447],[126.482711,36.398296],[126.482391,36.398455],[126.483861,36.400665],[126.487054,36.40125],[126.487025,36.401659],[126.487539,36.401661],[126.486659,36.402084],[126.486654,36.402732],[126.487191,36.402774],[126.487412,36.403362],[126.48741,36.403652],[126.486599,36.403767],[126.486968,36.405549],[126.485956,36.405619],[126.485738,36.403627],[126.485293,36.403656],[126.485537,36.405854],[126.48701,36.405782],[126.487245,36.406921],[126.485724,36.407173],[126.486293,36.40941],[126.486721,36.409348],[126.486175,36.407329],[126.487293,36.407136],[126.487913,36.408744],[126.486772,36.410621],[126.486633,36.410636],[126.486781,36.411611],[126.487162,36.411572],[126.486917,36.410607],[126.48803,36.408779],[126.488597,36.41025],[126.488223,36.41044],[126.490321,36.410002],[126.490422,36.410364],[126.488401,36.410911],[126.488939,36.410816],[126.488311,36.412116],[126.489041,36.413402],[126.488215,36.413769],[126.49181,36.42136],[126.492893,36.421164],[126.493438,36.422064],[126.494454,36.422162],[126.49523,36.42177],[126.495014,36.421023],[126.496797,36.420123],[126.497423,36.419248],[126.500262,36.421779],[126.498535,36.422846],[126.497195,36.423341],[126.496853,36.42298],[126.49613,36.42347],[126.496453,36.423712],[126.495381,36.424696],[126.495339,36.425905],[126.497327,36.426808],[126.499355,36.426095],[126.502901,36.426301],[126.505822,36.42739],[126.509667,36.430577],[126.509881,36.432004],[126.51078,36.43312],[126.514159,36.434432]],[[126.458216,36.354742],[126.458205,36.35473],[126.458186,36.354739],[126.458216,36.354742]],[[126.458452,36.354782],[126.458429,36.354799],[126.458444,36.354809],[126.458452,36.354782]],[[126.458971,36.356652],[126.458934,36.356658],[126.45893,36.356667],[126.458971,36.356652]],[[126.458962,36.35684],[126.458997,36.356863],[126.459,36.356831],[126.458962,36.35684]],[[126.468395,36.404415],[126.468523,36.404755],[126.469005,36.404915],[126.468739,36.404476],[126.468395,36.404415]],[[126.479195,36.381542],[126.47937,36.3816],[126.479333,36.381445],[126.479195,36.381542]],[[126.468955,36.404522],[126.46894,36.404539],[126.468968,36.404549],[126.468955,36.404522]],[[126.490541,36.45],[126.490549,36.45],[126.490541,36.45],[126.490541,36.45]],[[126.483837,36.392727],[126.483754,36.392676],[126.483581,36.392783],[126.483837,36.392727]],[[126.482592,36.397998],[126.482507,36.398062],[126.482587,36.398131],[126.482592,36.397998]],[[126.482111,36.397747],[126.482079,36.397837],[126.48219,36.397863],[126.482111,36.397747]],[[126.479509,36.391604],[126.479504,36.391694],[126.479614,36.391698],[126.479509,36.391604]],[[126.478751,36.388727],[126.478816,36.388797],[126.478905,36.388745],[126.478751,36.388727]],[[126.479489,36.392092],[126.479547,36.392023],[126.479457,36.391971],[126.479489,36.392092]],[[126.478502,36.388467],[126.478592,36.388517],[126.478654,36.388445],[126.478502,36.388467]],[[126.483655,36.396747],[126.483438,36.396745],[126.483458,36.396783],[126.483655,36.396747]],[[126.483263,36.396681],[126.483162,36.396681],[126.483237,36.396735],[126.483263,36.396681]],[[126.459013,36.3572],[126.459027,36.357143],[126.45898,36.357138],[126.459013,36.3572]],[[126.458403,36.355672],[126.458388,36.355694],[126.458493,36.355669],[126.458403,36.355672]],[[126.458386,36.354675],[126.458415,36.3547],[126.458441,36.354676],[126.458386,36.354675]],[[126.457702,36.354831],[126.457697,36.354894],[126.457717,36.354892],[126.457702,36.354831]],[[126.479347,36.381701],[126.479341,36.381747],[126.47937,36.381752],[126.479347,36.381701]],[[126.457852,36.35472],[126.457868,36.354717],[126.457866,36.354677],[126.457852,36.35472]],[[126.457571,36.35493],[126.457559,36.354946],[126.457571,36.354953],[126.457571,36.35493]],[[126.45791,36.354742],[126.45789,36.354755],[126.457903,36.354772],[126.45791,36.354742]],[[126.470542,36.409696],[126.47024,36.409855],[126.470687,36.410329],[126.470542,36.409696]],[[126.489583,36.448474],[126.489582,36.448034],[126.489141,36.44846],[126.489583,36.448474]],[[126.489476,36.417644],[126.489682,36.418081],[126.489931,36.418003],[126.489476,36.417644]],[[126.488122,36.414186],[126.487932,36.413783],[126.487691,36.413856],[126.488122,36.414186]],[[126.489472,36.417636],[126.48966,36.417577],[126.489524,36.41729],[126.489472,36.417636]],[[126.490012,36.418315],[126.489877,36.418029],[126.489689,36.418088],[126.490012,36.418315]],[[126.488732,36.4462],[126.488821,36.446279],[126.488998,36.446214],[126.488732,36.4462]],[[126.487723,36.413462],[126.487536,36.413519],[126.487607,36.413671],[126.487723,36.413462]],[[126.488162,36.414387],[126.487975,36.414445],[126.488046,36.414596],[126.488162,36.414387]],[[126.49612,36.421239],[126.495963,36.421155],[126.495915,36.421218],[126.49612,36.421239]],[[126.497036,36.422846],[126.496869,36.422948],[126.496952,36.423045],[126.497036,36.422846]],[[126.488066,36.414233],[126.487899,36.414285],[126.487963,36.41442],[126.488066,36.414233]],[[126.487787,36.413644],[126.487619,36.413696],[126.487684,36.41383],[126.487787,36.413644]],[[126.486023,36.40592],[126.486026,36.406051],[126.486166,36.406047],[126.486023,36.40592]],[[126.486121,36.407014],[126.486271,36.406989],[126.486248,36.406874],[126.486121,36.407014]],[[126.485738,36.406526],[126.485852,36.406595],[126.485936,36.406506],[126.485738,36.406526]],[[126.486739,36.410157],[126.486818,36.410057],[126.486701,36.409999],[126.486739,36.410157]],[[126.486847,36.409591],[126.48698,36.40956],[126.486953,36.409456],[126.486847,36.409591]],[[126.493578,36.447818],[126.493439,36.447727],[126.493405,36.447867],[126.493578,36.447818]],[[126.487034,36.412039],[126.48698,36.412137],[126.487102,36.412182],[126.487034,36.412039]],[[126.48876,36.415408],[126.488713,36.415306],[126.488588,36.415345],[126.48876,36.415408]],[[126.487446,36.412631],[126.487398,36.41253],[126.487272,36.412568],[126.487446,36.412631]],[[126.485915,36.403402],[126.485776,36.403406],[126.485789,36.403515],[126.485915,36.403402]],[[126.488952,36.415811],[126.488827,36.41585],[126.488875,36.41595],[126.488952,36.415811]],[[126.488434,36.414717],[126.48831,36.414756],[126.488357,36.414857],[126.488434,36.414717]],[[126.487676,36.413118],[126.487553,36.413157],[126.4876,36.413258],[126.487676,36.413118]],[[126.490428,36.419249],[126.490553,36.419211],[126.490504,36.41911],[126.490428,36.419249]],[[126.490101,36.418561],[126.490148,36.418661],[126.490273,36.418622],[126.490101,36.418561]],[[126.489389,36.417061],[126.489513,36.417022],[126.489466,36.416922],[126.489389,36.417061]],[[126.489234,36.416434],[126.489187,36.416334],[126.489063,36.416371],[126.489234,36.416434]],[[126.490618,36.419653],[126.490666,36.419753],[126.49079,36.419716],[126.490618,36.419653]],[[126.485472,36.402887],[126.485395,36.40297],[126.485497,36.403028],[126.485472,36.402887]],[[126.48691,36.411932],[126.486837,36.412008],[126.48693,36.412066],[126.48691,36.411932]],[[126.487152,36.411727],[126.487037,36.41171],[126.487019,36.411807],[126.487152,36.411727]],[[126.48453,36.400907],[126.484503,36.400818],[126.48439,36.400839],[126.48453,36.400907]],[[126.486866,36.410222],[126.486779,36.410286],[126.486856,36.410355],[126.486866,36.410222]],[[126.486639,36.410163],[126.486567,36.410236],[126.486659,36.410294],[126.486639,36.410163]],[[126.484322,36.4012],[126.484431,36.401226],[126.484463,36.401138],[126.484322,36.4012]],[[126.46827,36.404442],[126.468287,36.404458],[126.468303,36.404431],[126.46827,36.404442]],[[126.458932,36.356886],[126.458932,36.356872],[126.458924,36.356879],[126.458932,36.356886]],[[126.460075,36.362052],[126.460124,36.36205],[126.460117,36.361985],[126.460075,36.362052]]]},"properties":{"id":"khoa-hrbare-50060","name":"보령항","englishName":"Boryeong Hang","harborTypeCode":"GBN284","relatedInstitutionCode":"1192136","statusCode":null,"minimumScale":44999.0,"source":"국립해양조사원(KHOA)","sourceUpdatedAt":"2025-08-11","sourceRaw":"{\"gid\":60,\"objnum\":\"50060\",\"pbinst\":\"1192136\",\"indcde_1\":\"BCH014\",\"indcde_2\":\"ENW019\",\"indcde_3\":\"CLW004\",\"mnymd\":\"20241130\",\"clfcde\":\"COD007\",\"enclev\":\"5, 6\",\"enc_no\":\"KR688D84, KR5G3F11\",\"gubun\":\"GBN284\",\"nobjnm\":\"보령항\",\"objnam\":\"Boryeong Hang\",\"status\":\"\",\"inform\":\"BORYEONG HANG\",\"ninfom\":\"보령항\",\"ntxtds\":\"\",\"scamin\":44999,\"txtdsc\":\"\",\"sordat\":\"\",\"sorind\":\"\"}"}},{"type":"Feature","id":"khoa-hrbare-50061","geometry":{"type":"Polygon","coordinates":[[[126.541216,33.532999],[126.534828,33.523694],[126.535588,33.523544],[126.534654,33.523482],[126.531645,33.521349],[126.533272,33.519758],[126.534139,33.520364],[126.535292,33.519794],[126.537523,33.521358],[126.536391,33.522502],[126.537203,33.523083],[126.538461,33.521842],[126.538889,33.521864],[126.540409,33.522541],[126.539699,33.523659],[126.541023,33.524249],[126.541944,33.522829],[126.542857,33.522873],[126.543173,33.527557],[126.54164,33.528929],[126.541605,33.529441],[126.543385,33.52785],[126.545977,33.527867],[126.546215,33.524492],[126.553431,33.524212],[126.55341,33.52282],[126.550952,33.522722],[126.550198,33.521843],[126.549146,33.521781],[126.547954,33.52244],[126.544878,33.522247],[126.544866,33.521888],[126.546368,33.521992],[126.548444,33.520703],[126.550792,33.520483],[126.551321,33.520567],[126.551378,33.521237],[126.55239,33.52184],[126.555269,33.521082],[126.556349,33.521912],[126.557659,33.522026],[126.558147,33.522622],[126.559836,33.522669],[126.55961,33.522864],[126.559092,33.522987],[126.559063,33.52371],[126.560146,33.524964],[126.5602,33.525749],[126.561578,33.527307],[126.562135,33.527452],[126.562133,33.53325],[126.541216,33.532999]],[[126.55105,33.521436],[126.551123,33.521468],[126.551121,33.521353],[126.55105,33.521436]],[[126.55654,33.532538],[126.558225,33.533096],[126.558373,33.532818],[126.546013,33.528298],[126.543983,33.528298],[126.544142,33.528694],[126.546383,33.528616],[126.55654,33.532538]],[[126.556358,33.52931],[126.556559,33.529602],[126.560182,33.52775],[126.559576,33.526966],[126.559985,33.52766],[126.556358,33.52931]]]},"properties":{"id":"khoa-hrbare-50061","name":"제주항","englishName":"JEJU HANG","harborTypeCode":"GBN284","relatedInstitutionCode":"1192136","statusCode":null,"minimumScale":17999.0,"source":"국립해양조사원(KHOA)","sourceUpdatedAt":"2025-08-11","sourceRaw":"{\"gid\":61,\"objnum\":\"50061\",\"pbinst\":\"1192136\",\"indcde_1\":\"\",\"indcde_2\":\"ENW028\",\"indcde_3\":\"CLW009\",\"mnymd\":\"20241130\",\"clfcde\":\"COD007\",\"enclev\":\"6\",\"enc_no\":\"KR688D84\",\"gubun\":\"GBN284\",\"nobjnm\":\"제주항\",\"objnam\":\"JEJU HANG\",\"status\":\"\",\"inform\":\"\",\"ninfom\":\"\",\"ntxtds\":\"\",\"scamin\":17999,\"txtdsc\":\"\",\"sordat\":\"\",\"sorind\":\"\"}"}},{"type":"Feature","id":"khoa-hrbare-50062","geometry":{"type":"Polygon","coordinates":[[[127.164102,34.521598],[127.163275,34.525482],[127.161711,34.524675],[127.153585,34.524283],[127.153643,34.523811],[127.153402,34.524283],[127.152491,34.524292],[127.153297,34.524325],[127.152287,34.5261],[127.151611,34.526445],[127.15056,34.525698],[127.150286,34.524605],[127.151055,34.524504],[127.151049,34.521215],[127.151731,34.521174],[127.151842,34.521587],[127.151854,34.521103],[127.14841,34.521107],[127.148356,34.520497],[127.147159,34.520499],[127.142887,34.52362],[127.142448,34.523477],[127.142453,34.523663],[127.140214,34.523712],[127.140214,34.517505],[127.152123,34.516009],[127.153973,34.517773],[127.154193,34.518547],[127.155526,34.519365],[127.15575,34.518924],[127.160325,34.518777],[127.159281,34.519774],[127.159496,34.520217],[127.160581,34.519973],[127.160807,34.519369],[127.161839,34.519438],[127.162915,34.520078],[127.164102,34.521598]],[[127.143097,34.522771],[127.143332,34.522957],[127.143437,34.522865],[127.143097,34.522771]],[[127.142062,34.523523],[127.142064,34.523658],[127.142348,34.523653],[127.142062,34.523523]],[[127.152733,34.51855],[127.15249,34.518323],[127.152415,34.518373],[127.152733,34.51855]],[[127.153031,34.518559],[127.152914,34.518449],[127.152824,34.518513],[127.153031,34.518559]],[[127.15234,34.518486],[127.152259,34.518532],[127.15235,34.518637],[127.15234,34.518486]],[[127.151819,34.520809],[127.151767,34.520808],[127.151767,34.521034],[127.151819,34.520809]],[[127.152761,34.519618],[127.152795,34.519576],[127.152656,34.519501],[127.152761,34.519618]],[[127.153351,34.518152],[127.153268,34.518151],[127.153267,34.518249],[127.153351,34.518152]]]},"properties":{"id":"khoa-hrbare-50062","name":"녹동신항","englishName":"Nokdongsin Hang","harborTypeCode":"GBN284","relatedInstitutionCode":"1192136","statusCode":null,"minimumScale":17999.0,"source":"국립해양조사원(KHOA)","sourceUpdatedAt":"2025-08-11","sourceRaw":"{\"gid\":62,\"objnum\":\"50062\",\"pbinst\":\"1192136\",\"indcde_1\":\"\",\"indcde_2\":\"\",\"indcde_3\":\"CLW003\",\"mnymd\":\"20241130\",\"clfcde\":\"COD007\",\"enclev\":\"6\",\"enc_no\":\"KR688D84\",\"gubun\":\"GBN284\",\"nobjnm\":\"녹동신항\",\"objnam\":\"Nokdongsin Hang\",\"status\":\"\",\"inform\":\"\",\"ninfom\":\"\",\"ntxtds\":\"\",\"scamin\":17999,\"txtdsc\":\"\",\"sordat\":\"\",\"sorind\":\"\"}"}},{"type":"Feature","id":"khoa-hrbare-50063","geometry":{"type":"MultiPolygon","coordinates":[[[[127.674444,34.840167],[127.673908,34.840445],[127.673984,34.839826],[127.674444,34.840167]]],[[[127.751986,34.861524],[127.752551,34.861364],[127.752567,34.861478],[127.751986,34.861524]]],[[[127.756588,34.861529],[127.760118,34.862578],[127.760451,34.863143],[127.762066,34.863543],[127.76206,34.864341],[127.755165,34.86235],[127.755226,34.861966],[127.756241,34.861999],[127.756588,34.861529]]],[[[127.784771,34.890965],[127.784499,34.890976],[127.784481,34.890752],[127.784771,34.890965]]],[[[127.781338,34.935539],[127.76768,34.944165],[127.767425,34.943209],[127.766831,34.942998],[127.766741,34.941069],[127.768594,34.941011],[127.768525,34.933801],[127.76602,34.933809],[127.765727,34.933493],[127.765289,34.933799],[127.747173,34.933872],[127.747126,34.933515],[127.747593,34.933452],[127.746943,34.933324],[127.746932,34.93209],[127.747515,34.93185],[127.763549,34.931743],[127.764938,34.931877],[127.765279,34.931807],[127.765414,34.931474],[127.784472,34.91553],[127.784751,34.903506],[127.784353,34.903373],[127.784174,34.886582],[127.776194,34.886632],[127.77413,34.887725],[127.77359,34.887686],[127.773688,34.887964],[127.765717,34.892459],[127.764718,34.89187],[127.762787,34.891809],[127.763425,34.89258],[127.761916,34.892926],[127.762006,34.901997],[127.742149,34.905591],[127.742235,34.905925],[127.743646,34.905668],[127.743513,34.908313],[127.740814,34.908673],[127.734878,34.907655],[127.738506,34.908079],[127.738165,34.906771],[127.737883,34.906809],[127.737793,34.906449],[127.737947,34.90642],[127.737855,34.906069],[127.737109,34.906202],[127.737468,34.906882],[127.737243,34.906923],[127.737128,34.906502],[127.7134,34.910789],[127.713479,34.911136],[127.712565,34.911301],[127.71247,34.910947],[127.709266,34.911535],[127.709651,34.911918],[127.708479,34.912171],[127.708597,34.912796],[127.708094,34.912987],[127.707989,34.912704],[127.705784,34.913099],[127.705646,34.912605],[127.704525,34.912628],[127.704666,34.915759],[127.704141,34.917411],[127.70473,34.918611],[127.705465,34.918622],[127.705474,34.919507],[127.704714,34.919571],[127.704827,34.925005],[127.704041,34.926272],[127.704101,34.928308],[127.699898,34.928887],[127.699688,34.928267],[127.700367,34.928201],[127.699709,34.928087],[127.699833,34.927177],[127.700339,34.927031],[127.699961,34.92703],[127.699936,34.926315],[127.699484,34.926499],[127.698715,34.925208],[127.697504,34.925599],[127.696136,34.923158],[127.697765,34.922404],[127.695859,34.918959],[127.692245,34.92028],[127.689438,34.923384],[127.688181,34.922665],[127.693423,34.916772],[127.673185,34.904434],[127.670257,34.907698],[127.66958,34.907535],[127.668745,34.908458],[127.668024,34.908017],[127.66894,34.906893],[127.66806,34.906358],[127.670988,34.903097],[127.639325,34.883798],[127.634884,34.888258],[127.636831,34.889687],[127.624405,34.902164],[127.626193,34.903391],[127.628595,34.903759],[127.625957,34.906323],[127.626684,34.905216],[127.625253,34.904982],[127.621635,34.902587],[127.620462,34.903295],[127.615788,34.908755],[127.60993,34.919124],[127.607711,34.922468],[127.598946,34.926317],[127.580524,34.922167],[127.579632,34.92145],[127.578582,34.918881],[127.579172,34.919037],[127.578563,34.918552],[127.578464,34.917597],[127.579262,34.916431],[127.57931,34.918287],[127.579992,34.918766],[127.590585,34.91872],[127.59302,34.916191],[127.594299,34.91697],[127.595452,34.915767],[127.594228,34.914928],[127.59591,34.913175],[127.596494,34.913465],[127.596799,34.913066],[127.596315,34.912757],[127.604508,34.904558],[127.605415,34.903261],[127.605143,34.903013],[127.609038,34.898943],[127.609484,34.89895],[127.609253,34.898681],[127.609552,34.898877],[127.610265,34.898138],[127.609922,34.897909],[127.61044,34.897959],[127.609225,34.897102],[127.610778,34.89549],[127.612069,34.896288],[127.613517,34.894784],[127.612293,34.893923],[127.613684,34.892429],[127.596001,34.880878],[127.596179,34.880188],[127.595912,34.880753],[127.594404,34.879877],[127.594063,34.880213],[127.593632,34.8794],[127.591324,34.880005],[127.593378,34.879223],[127.590384,34.877264],[127.589616,34.874678],[127.590736,34.87335],[127.591753,34.873121],[127.592156,34.871834],[127.591938,34.870965],[127.593395,34.869165],[127.594138,34.868979],[127.594711,34.867429],[127.596103,34.866104],[127.597052,34.866212],[127.598012,34.865567],[127.600005,34.86227],[127.601353,34.861297],[127.603165,34.861653],[127.604173,34.860924],[127.604446,34.859856],[127.603768,34.859397],[127.60419,34.858982],[127.602945,34.859473],[127.602431,34.858209],[127.60332,34.855491],[127.604491,34.854215],[127.606172,34.854927],[127.60992,34.857776],[127.612056,34.858215],[127.612303,34.857674],[127.61369,34.857801],[127.613717,34.858244],[127.615567,34.858893],[127.633437,34.870534],[127.63351,34.870989],[127.633781,34.870775],[127.658789,34.844712],[127.645213,34.83458],[127.642169,34.833519],[127.638837,34.831041],[127.639443,34.830434],[127.640164,34.830733],[127.639891,34.830225],[127.640216,34.83042],[127.640852,34.829712],[127.642752,34.830396],[127.661629,34.844573],[127.663789,34.842661],[127.664445,34.843062],[127.666875,34.840857],[127.666366,34.840392],[127.670158,34.836922],[127.670658,34.837355],[127.670138,34.83788],[127.672245,34.839456],[127.673087,34.839163],[127.673856,34.839734],[127.673556,34.840457],[127.675931,34.845107],[127.676236,34.845011],[127.673996,34.840645],[127.6746,34.840286],[127.675324,34.841406],[127.679951,34.84457],[127.68222,34.847697],[127.680563,34.848481],[127.680954,34.849018],[127.680626,34.84909],[127.680903,34.849458],[127.68119,34.849216],[127.682053,34.850366],[127.68172,34.850546],[127.682117,34.850869],[127.682329,34.850649],[127.680774,34.84857],[127.682248,34.847733],[127.682643,34.848256],[127.682371,34.848477],[127.682791,34.848454],[127.690349,34.858513],[127.689553,34.858926],[127.68974,34.859192],[127.690412,34.858597],[127.69189,34.860573],[127.691299,34.860881],[127.691487,34.861147],[127.691954,34.860656],[127.693,34.862049],[127.692408,34.862345],[127.692591,34.862593],[127.693062,34.86213],[127.695022,34.864707],[127.696832,34.863785],[127.696637,34.861892],[127.693881,34.858167],[127.69414,34.858025],[127.696789,34.86165],[127.696689,34.861252],[127.698066,34.860172],[127.69855,34.859221],[127.701042,34.859196],[127.701112,34.859488],[127.702416,34.859179],[127.702501,34.861222],[127.702471,34.859178],[127.708423,34.85914],[127.710038,34.85838],[127.712269,34.85856],[127.712307,34.85895],[127.717027,34.858984],[127.717961,34.858911],[127.718058,34.858626],[127.71831,34.858933],[127.717642,34.859629],[127.717791,34.859977],[127.718528,34.859459],[127.719661,34.85968],[127.719975,34.858882],[127.72051,34.858888],[127.720598,34.859481],[127.720897,34.858196],[127.721243,34.858172],[127.722375,34.858666],[127.724021,34.860594],[127.725714,34.8618],[127.727793,34.861808],[127.72866,34.86302],[127.72723,34.863168],[127.731942,34.863724],[127.731973,34.863436],[127.728949,34.863219],[127.728163,34.861854],[127.729937,34.86119],[127.728033,34.859845],[127.726205,34.859635],[127.724558,34.85827],[127.725739,34.855928],[127.725991,34.856073],[127.724816,34.857818],[127.72491,34.858256],[127.726535,34.859575],[127.729015,34.859608],[127.733397,34.857821],[127.733762,34.854847],[127.734987,34.854723],[127.73496,34.856285],[127.735118,34.856289],[127.735169,34.854905],[127.735495,34.854569],[127.736605,34.854601],[127.736706,34.855683],[127.7367,34.8546],[127.737778,34.853726],[127.738538,34.853733],[127.738773,34.852754],[127.740865,34.852383],[127.743447,34.850781],[127.744126,34.851827],[127.742372,34.856885],[127.739721,34.85968],[127.739778,34.861468],[127.749074,34.861409],[127.749064,34.859833],[127.749894,34.859838],[127.752084,34.860208],[127.752323,34.861223],[127.750906,34.861358],[127.751627,34.861449],[127.751449,34.861958],[127.753327,34.861263],[127.754977,34.861902],[127.754896,34.862286],[127.754075,34.862323],[127.762073,34.864763],[127.764995,34.864342],[127.764938,34.864086],[127.762321,34.864458],[127.762283,34.863545],[127.764821,34.863176],[127.768602,34.861538],[127.769249,34.861891],[127.770498,34.861636],[127.77062,34.862022],[127.772739,34.86156],[127.772648,34.861154],[127.773587,34.860401],[127.774083,34.860658],[127.774964,34.859517],[127.774454,34.858538],[127.775171,34.85657],[127.776131,34.856065],[127.775844,34.855529],[127.776243,34.854768],[127.775626,34.84744],[127.775034,34.846857],[127.775386,34.846601],[127.77505,34.846142],[127.775568,34.845757],[127.774951,34.84445],[127.782241,34.844367],[127.781956,34.843979],[127.781914,34.84424],[127.77495,34.844343],[127.774612,34.838958],[127.774879,34.837499],[127.806183,34.848111],[127.805072,34.858108],[127.810073,34.869774],[127.813537,34.914059],[127.815833,34.913889],[127.825328,34.932293],[127.831228,34.939744],[127.837984,34.942157],[127.845174,34.949595],[127.845901,34.950898],[127.845165,34.951315],[127.844591,34.951128],[127.843892,34.952184],[127.844189,34.953143],[127.843476,34.953434],[127.84371,34.953819],[127.844342,34.953841],[127.844286,34.954268],[127.844059,34.955114],[127.84312,34.95593],[127.84414,34.957222],[127.84568,34.95795],[127.845641,34.958736],[127.845016,34.95872],[127.845328,34.959297],[127.844129,34.96085],[127.841887,34.961939],[127.840858,34.962935],[127.840485,34.962529],[127.840146,34.958971],[127.839264,34.957191],[127.839492,34.956927],[127.837444,34.957547],[127.837539,34.958807],[127.83813,34.958943],[127.837752,34.959571],[127.836182,34.959388],[127.834149,34.958601],[127.83473,34.95731],[127.83488,34.957696],[127.836518,34.957351],[127.83644,34.957128],[127.835355,34.957156],[127.835102,34.956585],[127.837286,34.956899],[127.836933,34.957334],[127.838916,34.956588],[127.838678,34.955575],[127.838987,34.954566],[127.838675,34.954457],[127.839163,34.950911],[127.838723,34.950097],[127.834857,34.949369],[127.8325,34.949778],[127.83094,34.951146],[127.829709,34.951187],[127.82907,34.950683],[127.826831,34.952038],[127.825445,34.952135],[127.824563,34.952972],[127.823957,34.952803],[127.823572,34.9535],[127.82317,34.953381],[127.824231,34.951011],[127.826905,34.950843],[127.827985,34.950139],[127.828989,34.948045],[127.827606,34.947591],[127.827966,34.946838],[127.829468,34.947105],[127.827811,34.946562],[127.827357,34.94751],[127.825473,34.946898],[127.825821,34.946187],[127.826232,34.946333],[127.825824,34.946177],[127.826089,34.945788],[127.825118,34.944036],[127.824787,34.944164],[127.825722,34.945832],[127.825259,34.946828],[127.82282,34.946035],[127.824265,34.943005],[127.822567,34.941678],[127.821919,34.941638],[127.82188,34.941297],[127.821762,34.941307],[127.821866,34.94166],[127.823928,34.943195],[127.822602,34.945965],[127.822013,34.945764],[127.822244,34.945134],[127.821242,34.944757],[127.818733,34.947801],[127.819752,34.945264],[127.817795,34.948534],[127.818514,34.949217],[127.8176,34.948777],[127.816855,34.949261],[127.815244,34.948919],[127.817095,34.946593],[127.818019,34.946452],[127.8193,34.943427],[127.81885,34.942202],[127.815572,34.939768],[127.811268,34.939968],[127.809577,34.939446],[127.809103,34.941136],[127.807753,34.942055],[127.808133,34.942948],[127.808012,34.94423],[127.807601,34.944354],[127.80792,34.942962],[127.807532,34.94193],[127.809063,34.940768],[127.809663,34.938502],[127.808927,34.938518],[127.807487,34.936864],[127.802376,34.935856],[127.805659,34.924444],[127.806097,34.924499],[127.806195,34.924098],[127.805318,34.924228],[127.798557,34.922831],[127.79624,34.93082],[127.795114,34.930594],[127.791954,34.941515],[127.791363,34.941106],[127.792034,34.940449],[127.788792,34.938271],[127.781279,34.934645],[127.781338,34.935539]],[[127.610629,34.867631],[127.609183,34.86783],[127.608584,34.869114],[127.610033,34.869823],[127.611266,34.871809],[127.611576,34.870757],[127.610224,34.868361],[127.610629,34.867631]],[[127.614031,34.869629],[127.615488,34.870258],[127.616257,34.869854],[127.614773,34.869428],[127.614031,34.869629]],[[127.60973,34.871046],[127.609703,34.871286],[127.609962,34.871213],[127.60973,34.871046]],[[127.611881,34.878347],[127.61152,34.87864],[127.611794,34.879271],[127.613108,34.879754],[127.61333,34.880793],[127.612785,34.881415],[127.611413,34.880908],[127.611884,34.881354],[127.61128,34.882375],[127.613091,34.881821],[127.61532,34.881781],[127.618277,34.882507],[127.618775,34.883139],[127.619441,34.883231],[127.620087,34.883],[127.621234,34.881383],[127.621974,34.881586],[127.622685,34.882565],[127.62415,34.882605],[127.625822,34.882288],[127.626089,34.881993],[127.62654,34.881779],[127.627131,34.881923],[127.627524,34.88137],[127.63044,34.880415],[127.630284,34.87945],[127.629493,34.879592],[127.629098,34.879112],[127.629032,34.878236],[127.629465,34.877661],[127.629142,34.876916],[127.63016,34.875665],[127.631278,34.876127],[127.631841,34.875519],[127.630358,34.875506],[127.629692,34.874263],[127.629135,34.874355],[127.62871,34.875183],[127.626675,34.876706],[127.626207,34.877898],[127.624936,34.879219],[127.624887,34.88003],[127.62327,34.880426],[127.619507,34.878662],[127.619124,34.87719],[127.617056,34.878073],[127.615932,34.87932],[127.613927,34.879868],[127.612936,34.879531],[127.611881,34.878347]],[[127.608518,34.880466],[127.607975,34.881793],[127.608694,34.88252],[127.608955,34.881198],[127.608518,34.880466]],[[127.619493,34.865891],[127.61888,34.866161],[127.619292,34.867267],[127.618967,34.867533],[127.620655,34.869451],[127.622677,34.870273],[127.622098,34.869509],[127.6224,34.868681],[127.623039,34.868367],[127.62277,34.867381],[127.621802,34.867264],[127.621162,34.86653],[127.619493,34.865891]],[[127.614234,34.871122],[127.614391,34.871229],[127.614517,34.871109],[127.614234,34.871122]],[[127.685711,34.866775],[127.685386,34.867263],[127.685671,34.86822],[127.686866,34.869143],[127.686928,34.867857],[127.685711,34.866775]],[[127.692992,34.881299],[127.691558,34.882854],[127.691519,34.884833],[127.693602,34.886371],[127.697681,34.888142],[127.69793,34.889595],[127.696852,34.889576],[127.698036,34.890361],[127.698497,34.892136],[127.700323,34.893344],[127.703174,34.893107],[127.70399,34.893676],[127.704566,34.896005],[127.7051,34.895857],[127.704995,34.894698],[127.705431,34.894718],[127.707613,34.896538],[127.709431,34.896751],[127.710584,34.897619],[127.710583,34.898501],[127.710662,34.897674],[127.710946,34.898353],[127.711002,34.897636],[127.71612,34.899108],[127.719063,34.898615],[127.722405,34.897195],[127.726745,34.892501],[127.728007,34.893054],[127.727114,34.892343],[127.728378,34.891617],[127.733079,34.89132],[127.733995,34.892937],[127.732787,34.893662],[127.733365,34.895273],[127.735931,34.893337],[127.74367,34.89235],[127.743832,34.891925],[127.745201,34.891226],[127.745249,34.889469],[127.745976,34.888162],[127.746695,34.88791],[127.746061,34.887518],[127.750734,34.878033],[127.746129,34.873329],[127.727717,34.874333],[127.726481,34.874087],[127.724277,34.872162],[127.722578,34.87157],[127.722501,34.87039],[127.7233,34.86851],[127.722487,34.868088],[127.720047,34.86793],[127.717192,34.868185],[127.716726,34.868899],[127.717132,34.869218],[127.715939,34.870823],[127.716334,34.871299],[127.716134,34.871969],[127.714735,34.87233],[127.7136,34.872151],[127.713192,34.872935],[127.712298,34.872579],[127.713492,34.87041],[127.712695,34.871479],[127.711711,34.870931],[127.711698,34.871265],[127.710158,34.872208],[127.708752,34.872661],[127.707019,34.87201],[127.70618,34.871074],[127.705014,34.871013],[127.704056,34.870338],[127.702944,34.871265],[127.703076,34.872351],[127.702331,34.873138],[127.701852,34.872739],[127.699335,34.872927],[127.698482,34.87354],[127.697757,34.873],[127.697835,34.873669],[127.69865,34.873781],[127.699575,34.874788],[127.700055,34.874689],[127.70123,34.875303],[127.700295,34.877336],[127.692992,34.881299]],[[127.701964,34.870909],[127.701286,34.871085],[127.701304,34.871286],[127.702399,34.871337],[127.701964,34.870909]],[[127.704361,34.898714],[127.704216,34.899164],[127.705286,34.89926],[127.705406,34.898852],[127.704361,34.898714]],[[127.681359,34.84993],[127.681434,34.850003],[127.681504,34.849952],[127.681359,34.84993]],[[127.677847,34.847208],[127.678149,34.847115],[127.67794,34.84686],[127.677847,34.847208]],[[127.677939,34.847399],[127.67806,34.847357],[127.677971,34.84718],[127.677939,34.847399]],[[127.681375,34.849578],[127.681287,34.849607],[127.681322,34.849679],[127.681375,34.849578]],[[127.680383,34.848526],[127.680388,34.848448],[127.680294,34.848444],[127.680383,34.848526]],[[127.677669,34.846866],[127.677704,34.846927],[127.677819,34.846885],[127.677669,34.846866]],[[127.67777,34.846495],[127.677816,34.846572],[127.677885,34.846548],[127.67777,34.846495]],[[127.678304,34.847525],[127.67837,34.847503],[127.67833,34.847421],[127.678304,34.847525]],[[127.677557,34.846202],[127.677526,34.846263],[127.677593,34.846288],[127.677557,34.846202]],[[127.678398,34.84783],[127.678366,34.847886],[127.678435,34.847914],[127.678398,34.84783]],[[127.6912,34.860398],[127.691107,34.860449],[127.691168,34.860528],[127.6912,34.860398]],[[127.689425,34.858573],[127.689518,34.858525],[127.689454,34.858443],[127.689425,34.858573]],[[127.689285,34.858211],[127.689226,34.858134],[127.68913,34.858189],[127.689285,34.858211]],[[127.692607,34.862613],[127.692663,34.862663],[127.692755,34.862606],[127.692607,34.862613]],[[127.690973,34.860089],[127.690877,34.860142],[127.690933,34.860217],[127.690973,34.860089]],[[127.689818,34.859263],[127.689923,34.859223],[127.689885,34.859157],[127.689818,34.859263]],[[127.691402,34.860797],[127.691343,34.860742],[127.691254,34.860802],[127.691402,34.860797]],[[127.692116,34.861794],[127.692207,34.861741],[127.692143,34.861668],[127.692116,34.861794]],[[127.692933,34.862698],[127.69284,34.862749],[127.692898,34.862821],[127.692933,34.862698]],[[127.689655,34.858844],[127.689597,34.858787],[127.689507,34.858849],[127.689655,34.858844]],[[127.692499,34.862281],[127.692459,34.862215],[127.692355,34.862272],[127.692499,34.862281]],[[127.690078,34.859457],[127.690139,34.85953],[127.69023,34.859477],[127.690078,34.859457]],[[127.691565,34.861218],[127.691675,34.861165],[127.691632,34.86111],[127.691565,34.861218]],[[127.692382,34.861969],[127.692288,34.862019],[127.692347,34.862094],[127.692382,34.861969]],[[127.693115,34.863126],[127.693209,34.863077],[127.693153,34.863],[127.693115,34.863126]],[[127.690308,34.859768],[127.69037,34.859839],[127.690461,34.859788],[127.690308,34.859768]],[[127.691913,34.861357],[127.691822,34.86141],[127.691883,34.861483],[127.691913,34.861357]],[[127.68176,34.850091],[127.681673,34.85012],[127.681707,34.850192],[127.68176,34.850091]],[[127.682575,34.85136],[127.682481,34.851356],[127.682476,34.851433],[127.682575,34.85136]],[[127.682468,34.851034],[127.682381,34.851063],[127.682416,34.851135],[127.682468,34.851034]],[[127.647047,34.857259],[127.64759,34.857684],[127.647739,34.857549],[127.647047,34.857259]],[[127.635759,34.870602],[127.63602,34.870397],[127.635887,34.87029],[127.635759,34.870602]],[[127.631943,34.87312],[127.631979,34.873113],[127.631969,34.873084],[127.631943,34.87312]],[[127.598926,34.912147],[127.597859,34.911645],[127.597795,34.911741],[127.598926,34.912147]],[[127.670591,34.907154],[127.67033,34.906991],[127.670241,34.907089],[127.670591,34.907154]],[[127.688971,34.92243],[127.68886,34.922358],[127.688694,34.922465],[127.688709,34.922715],[127.688971,34.92243]],[[127.696448,34.923313],[127.696604,34.92326],[127.696533,34.923104],[127.696448,34.923313]],[[127.688983,34.922171],[127.689014,34.922124],[127.68893,34.922078],[127.688983,34.922171]],[[127.689271,34.921969],[127.689299,34.921933],[127.689223,34.921887],[127.689271,34.921969]],[[127.696479,34.923374],[127.696584,34.923354],[127.696571,34.923285],[127.696479,34.923374]],[[127.689193,34.922053],[127.689229,34.922018],[127.689178,34.921983],[127.689193,34.922053]],[[127.689533,34.921658],[127.689556,34.921629],[127.689496,34.921595],[127.689533,34.921658]],[[127.689353,34.9218],[127.68937,34.921774],[127.68931,34.921748],[127.689353,34.9218]],[[127.68964,34.921503],[127.689654,34.921488],[127.689602,34.921454],[127.68964,34.921503]],[[127.782014,34.849198],[127.781678,34.849118],[127.781561,34.849434],[127.782014,34.849198]],[[127.781966,34.84445],[127.78192,34.844777],[127.782155,34.844797],[127.781966,34.84445]],[[127.782328,34.843577],[127.782091,34.843556],[127.782045,34.84388],[127.782328,34.843577]],[[127.781855,34.842853],[127.782014,34.842872],[127.782035,34.84274],[127.781855,34.842853]],[[127.781538,34.845091],[127.781702,34.845106],[127.781725,34.84498],[127.781538,34.845091]],[[127.781479,34.845539],[127.781638,34.845556],[127.781659,34.845427],[127.781479,34.845539]],[[127.782158,34.848857],[127.782021,34.848824],[127.781973,34.848963],[127.782158,34.848857]],[[127.78195,34.843311],[127.781968,34.843188],[127.781813,34.843175],[127.78195,34.843311]],[[127.782382,34.842017],[127.782293,34.841922],[127.782163,34.841997],[127.782382,34.842017]],[[127.781847,34.849722],[127.781714,34.849691],[127.781662,34.849828],[127.781847,34.849722]],[[127.781564,34.846304],[127.781661,34.846399],[127.78178,34.846322],[127.781564,34.846304]],[[127.782124,34.848381],[127.78198,34.848345],[127.78194,34.848462],[127.782124,34.848381]],[[127.782368,34.847935],[127.78223,34.847899],[127.782187,34.848016],[127.782368,34.847935]],[[127.781801,34.849521],[127.781767,34.849613],[127.781879,34.849639],[127.781801,34.849521]],[[127.781935,34.849145],[127.782044,34.849171],[127.782078,34.849079],[127.781935,34.849145]],[[127.727942,34.868352],[127.730305,34.868875],[127.731134,34.868434],[127.73064,34.86772],[127.728211,34.867672],[127.72704,34.867185],[127.727942,34.868352]],[[127.718753,34.864942],[127.719744,34.864543],[127.719604,34.863266],[127.718836,34.86329],[127.718721,34.863874],[127.71708,34.864277],[127.718753,34.864942]],[[127.720856,34.860757],[127.720518,34.860838],[127.721169,34.861057],[127.720856,34.860757]],[[127.734601,34.863692],[127.73425,34.863643],[127.734225,34.863854],[127.734601,34.863692]],[[127.722553,34.86286],[127.722668,34.862684],[127.722315,34.862722],[127.722553,34.86286]],[[127.732322,34.861456],[127.732249,34.861454],[127.7322,34.86161],[127.732322,34.861456]],[[127.734658,34.863905],[127.734711,34.86371],[127.734632,34.863696],[127.734658,34.863905]],[[127.734197,34.863847],[127.734207,34.863647],[127.734127,34.863645],[127.734197,34.863847]],[[127.734098,34.863724],[127.733958,34.863711],[127.734005,34.863839],[127.734098,34.863724]],[[127.732569,34.86166],[127.73258,34.861545],[127.732478,34.861537],[127.732569,34.86166]],[[127.732033,34.861493],[127.731927,34.861485],[127.731917,34.861607],[127.732033,34.861493]],[[127.73339,34.863619],[127.733374,34.86374],[127.73348,34.863753],[127.73339,34.863619]],[[127.732963,34.863586],[127.732942,34.863711],[127.733037,34.863723],[127.732963,34.863586]],[[127.734828,34.863902],[127.734826,34.863802],[127.734712,34.863824],[127.734828,34.863902]],[[127.732974,34.86162],[127.732991,34.861709],[127.733063,34.861716],[127.732974,34.86162]],[[127.735863,34.863968],[127.735876,34.863866],[127.735787,34.863853],[127.735863,34.863968]],[[127.706024,34.861415],[127.705929,34.86134],[127.705863,34.861396],[127.706024,34.861415]],[[127.726879,34.86304],[127.726869,34.86313],[127.726981,34.863145],[127.726879,34.86304]],[[127.739351,34.861351],[127.739345,34.861434],[127.739451,34.86144],[127.739351,34.861351]],[[127.735418,34.863918],[127.73543,34.863824],[127.735347,34.86382],[127.735418,34.863918]],[[127.705763,34.861325],[127.705822,34.86137],[127.705883,34.861306],[127.705763,34.861325]],[[127.706057,34.861558],[127.70612,34.861498],[127.706066,34.861452],[127.706057,34.861558]],[[127.705834,34.861093],[127.70578,34.86105],[127.705722,34.861097],[127.705834,34.861093]],[[127.705533,34.860941],[127.70559,34.860989],[127.705643,34.860936],[127.705533,34.860941]],[[127.706327,34.861586],[127.706377,34.861534],[127.706323,34.861493],[127.706327,34.861586]],[[127.705382,34.860823],[127.705329,34.860869],[127.705389,34.860915],[127.705382,34.860823]],[[127.706656,34.861857],[127.7066,34.861814],[127.706547,34.86186],[127.706656,34.861857]],[[127.706468,34.861702],[127.706519,34.861743],[127.706571,34.861692],[127.706468,34.861702]],[[127.736613,34.856248],[127.736697,34.856254],[127.736703,34.856199],[127.736613,34.856248]],[[127.736721,34.855893],[127.736722,34.855839],[127.736637,34.855836],[127.736721,34.855893]],[[127.729053,34.86216],[127.729061,34.862108],[127.728985,34.862097],[127.729053,34.86216]],[[127.706243,34.861192],[127.706287,34.861157],[127.706237,34.861118],[127.706243,34.861192]],[[127.715769,34.870846],[127.715872,34.870863],[127.715867,34.870846],[127.715769,34.870846]],[[127.729229,34.862182],[127.72924,34.862135],[127.729174,34.862124],[127.729229,34.862182]],[[127.732791,34.861592],[127.732742,34.861598],[127.732747,34.861641],[127.732791,34.861592]],[[127.706117,34.86122],[127.706163,34.861261],[127.706196,34.861232],[127.706117,34.86122]],[[127.731487,34.861472],[127.731446,34.861454],[127.731422,34.86148],[127.731487,34.861472]],[[127.7062,34.860942],[127.706271,34.86094],[127.706272,34.860916],[127.7062,34.860942]],[[127.706199,34.860716],[127.70627,34.860717],[127.70627,34.86069],[127.706199,34.860716]],[[127.72935,34.862156],[127.729348,34.862193],[127.729386,34.862191],[127.72935,34.862156]],[[127.79098,34.88369],[127.791112,34.884193],[127.791586,34.884173],[127.791496,34.883614],[127.79098,34.88369]],[[127.778085,34.85637],[127.77796,34.856609],[127.77762,34.856589],[127.778121,34.856768],[127.778085,34.85637]],[[127.784448,34.890743],[127.784281,34.890991],[127.784792,34.890997],[127.784788,34.890724],[127.784448,34.890743]],[[127.789486,34.884727],[127.789122,34.884871],[127.789241,34.885075],[127.789486,34.884727]],[[127.78772,34.885425],[127.787344,34.885572],[127.787458,34.885768],[127.78772,34.885425]],[[127.785933,34.886122],[127.78557,34.886263],[127.785685,34.886463],[127.785933,34.886122]],[[127.76898,34.862437],[127.769408,34.862377],[127.769378,34.862226],[127.76898,34.862437]],[[127.780479,34.85234],[127.780314,34.852273],[127.78014,34.852553],[127.780479,34.85234]],[[127.767706,34.863772],[127.767383,34.863817],[127.767411,34.863982],[127.767706,34.863772]],[[127.762874,34.863756],[127.762528,34.863727],[127.762416,34.863649],[127.762453,34.863835],[127.762874,34.863756]],[[127.785195,34.887147],[127.785409,34.887141],[127.785409,34.886966],[127.785195,34.887147]],[[127.785091,34.887039],[127.785092,34.886935],[127.784728,34.886936],[127.785091,34.887039]],[[127.779657,34.852562],[127.779843,34.852215],[127.779768,34.852188],[127.779657,34.852562]],[[127.767105,34.864024],[127.767219,34.864042],[127.767214,34.863868],[127.767105,34.864024]],[[127.768052,34.863888],[127.768022,34.863753],[127.767883,34.863774],[127.768052,34.863888]],[[127.780007,34.852919],[127.780138,34.852963],[127.780204,34.852837],[127.780007,34.852919]],[[127.779043,34.854231],[127.779187,34.854281],[127.779242,34.854166],[127.779043,34.854231]],[[127.78059,34.852106],[127.78066,34.851981],[127.780532,34.851934],[127.78059,34.852106]],[[127.791467,34.884448],[127.791492,34.884564],[127.791652,34.884542],[127.791467,34.884448]],[[127.791377,34.883283],[127.791352,34.883174],[127.791185,34.883199],[127.791377,34.883283]],[[127.791439,34.883576],[127.791417,34.883467],[127.79125,34.88349],[127.791439,34.883576]],[[127.776502,34.856197],[127.776441,34.856309],[127.776562,34.856349],[127.776502,34.856197]],[[127.781357,34.850095],[127.781313,34.850212],[127.781457,34.850246],[127.781357,34.850095]],[[127.778304,34.856138],[127.77843,34.856189],[127.778496,34.856071],[127.778304,34.856138]],[[127.778214,34.855596],[127.778352,34.855644],[127.778405,34.855532],[127.778214,34.855596]],[[127.781226,34.850698],[127.781368,34.850732],[127.78141,34.850615],[127.781226,34.850698]],[[127.780799,34.85073],[127.780737,34.850842],[127.780872,34.85089],[127.780799,34.85073]],[[127.751045,34.861881],[127.751163,34.861899],[127.751195,34.861776],[127.751045,34.861881]],[[127.752141,34.861999],[127.752088,34.862118],[127.752201,34.862154],[127.752141,34.861999]],[[127.779254,34.853808],[127.779196,34.85392],[127.779324,34.853968],[127.779254,34.853808]],[[127.777789,34.857127],[127.77791,34.85717],[127.777972,34.857048],[127.777789,34.857127]],[[127.780666,34.851267],[127.780537,34.851222],[127.78048,34.851339],[127.780666,34.851267]],[[127.779524,34.853315],[127.779462,34.853428],[127.779593,34.853471],[127.779524,34.853315]],[[127.77726,34.857633],[127.777125,34.857583],[127.777073,34.857688],[127.77726,34.857633]],[[127.778835,34.85473],[127.77889,34.854621],[127.778757,34.854574],[127.778835,34.85473]],[[127.790882,34.882023],[127.790764,34.881957],[127.790682,34.882052],[127.790882,34.882023]],[[127.750333,34.861519],[127.750312,34.861411],[127.750182,34.861429],[127.750333,34.861519]],[[127.75314,34.862075],[127.753037,34.862144],[127.753121,34.862228],[127.75314,34.862075]],[[127.752679,34.862088],[127.752808,34.86211],[127.752833,34.862003],[127.752679,34.862088]],[[127.776831,34.85815],[127.776957,34.858196],[127.777013,34.858086],[127.776831,34.85815]],[[127.750604,34.861477],[127.750558,34.861579],[127.750681,34.861617],[127.750604,34.861477]],[[127.778595,34.855185],[127.778649,34.855074],[127.778526,34.855032],[127.778595,34.855185]],[[127.751936,34.862082],[127.751963,34.861971],[127.751844,34.861952],[127.751936,34.862082]],[[127.751364,34.86183],[127.751316,34.861935],[127.751428,34.861971],[127.751364,34.86183]],[[127.775342,34.857099],[127.775376,34.857005],[127.775226,34.856963],[127.775342,34.857099]],[[127.791634,34.885848],[127.791705,34.885758],[127.791589,34.885691],[127.791634,34.885848]],[[127.777364,34.857135],[127.777319,34.857234],[127.777446,34.85728],[127.777364,34.857135]],[[127.777071,34.85636],[127.777023,34.85646],[127.777146,34.856505],[127.777071,34.85636]],[[127.791043,34.884803],[127.791072,34.884903],[127.791205,34.884879],[127.791043,34.884803]],[[127.791284,34.885228],[127.791258,34.885127],[127.791123,34.885151],[127.791284,34.885228]],[[127.777832,34.854301],[127.777971,34.85426],[127.777931,34.854171],[127.777832,34.854301]],[[127.778357,34.856328],[127.778242,34.856287],[127.778188,34.856386],[127.778357,34.856328]],[[127.776604,34.854646],[127.776743,34.854608],[127.776702,34.854521],[127.776604,34.854646]],[[127.790578,34.882658],[127.790604,34.88276],[127.790726,34.882742],[127.790578,34.882658]],[[127.790659,34.883012],[127.790681,34.883115],[127.790803,34.883095],[127.790659,34.883012]],[[127.768478,34.863501],[127.768356,34.863518],[127.768375,34.863605],[127.768478,34.863501]],[[127.775087,34.858768],[127.7752,34.858751],[127.775176,34.85866],[127.775087,34.858768]],[[127.778099,34.856806],[127.777999,34.856767],[127.777951,34.856853],[127.778099,34.856806]],[[127.766089,34.863891],[127.765999,34.863838],[127.765932,34.863912],[127.766089,34.863891]],[[127.766647,34.863762],[127.766541,34.863779],[127.766561,34.863866],[127.766647,34.863762]],[[127.769884,34.862127],[127.769948,34.862054],[127.769853,34.862003],[127.769884,34.862127]],[[127.773207,34.861091],[127.773217,34.861181],[127.773321,34.861162],[127.773207,34.861091]],[[127.765561,34.864012],[127.765646,34.86406],[127.765711,34.863989],[127.765561,34.864012]],[[127.752127,34.861077],[127.752122,34.861034],[127.751903,34.861052],[127.752127,34.861077]],[[127.769442,34.86352],[127.769503,34.863448],[127.769414,34.863398],[127.769442,34.86352]],[[127.768953,34.863478],[127.769041,34.863529],[127.769103,34.863458],[127.768953,34.863478]],[[127.780452,34.852154],[127.780407,34.852232],[127.780504,34.852267],[127.780452,34.852154]],[[127.768384,34.862339],[127.768402,34.862415],[127.768499,34.862402],[127.768384,34.862339]],[[127.780254,34.852745],[127.780302,34.85266],[127.780227,34.852636],[127.780254,34.852745]],[[127.76761,34.862599],[127.767673,34.862573],[127.767636,34.862512],[127.76761,34.862599]],[[127.76963,34.862011],[127.769617,34.861944],[127.769547,34.861954],[127.76963,34.862011]],[[127.766693,34.862871],[127.766629,34.862897],[127.766665,34.862958],[127.766693,34.862871]],[[127.76326,34.863678],[127.76319,34.863683],[127.763198,34.863752],[127.76326,34.863678]],[[127.764558,34.863573],[127.764488,34.863579],[127.764496,34.863646],[127.764558,34.863573]],[[127.768776,34.862167],[127.768747,34.862103],[127.768681,34.862124],[127.768776,34.862167]],[[127.768482,34.862257],[127.768549,34.862239],[127.768524,34.862175],[127.768482,34.862257]],[[127.775594,34.886788],[127.775654,34.886775],[127.775649,34.886737],[127.775594,34.886788]],[[127.774816,34.858794],[127.774798,34.858742],[127.774729,34.858759],[127.774816,34.858794]],[[127.77994,34.852408],[127.780012,34.852435],[127.780032,34.852399],[127.77994,34.852408]],[[127.767389,34.862677],[127.767414,34.862668],[127.767381,34.862607],[127.767389,34.862677]],[[127.766933,34.862847],[127.7669,34.862785],[127.766876,34.862794],[127.766933,34.862847]],[[127.764278,34.863594],[127.764252,34.863597],[127.764261,34.863663],[127.764278,34.863594]],[[127.76714,34.862694],[127.767116,34.862703],[127.767148,34.862764],[127.76714,34.862694]],[[127.767858,34.862426],[127.767834,34.862435],[127.767866,34.862496],[127.767858,34.862426]],[[127.769144,34.862022],[127.769159,34.862088],[127.769184,34.862085],[127.769144,34.862022]],[[127.770471,34.861877],[127.770454,34.861812],[127.770429,34.861817],[127.770471,34.861877]],[[127.763751,34.863637],[127.763726,34.863639],[127.763733,34.863705],[127.763751,34.863637]],[[127.766199,34.863135],[127.766222,34.863126],[127.766191,34.863065],[127.766199,34.863135]],[[127.766442,34.863038],[127.766466,34.86303],[127.766434,34.862968],[127.766442,34.863038]],[[127.764904,34.86352],[127.764879,34.863526],[127.764899,34.86359],[127.764904,34.86352]],[[127.765331,34.86347],[127.765355,34.863461],[127.765323,34.8634],[127.765331,34.86347]],[[127.770039,34.861946],[127.770023,34.86188],[127.769997,34.861885],[127.770039,34.861946]],[[127.768264,34.862347],[127.768288,34.862338],[127.768256,34.862277],[127.768264,34.862347]],[[127.763998,34.863683],[127.764024,34.863681],[127.764017,34.863614],[127.763998,34.863683]],[[127.763476,34.863729],[127.763502,34.863727],[127.763492,34.863661],[127.763476,34.863729]],[[127.765811,34.863293],[127.765834,34.863285],[127.765802,34.863224],[127.765811,34.863293]],[[127.768727,34.862321],[127.768716,34.862322],[127.768717,34.862357],[127.768727,34.862321]],[[127.708326,34.911786],[127.709031,34.911652],[127.708917,34.911243],[127.708224,34.911386],[127.708326,34.911786]],[[127.741309,34.90696],[127.741497,34.906983],[127.741551,34.90669],[127.741309,34.90696]],[[127.738042,34.906347],[127.738063,34.906435],[127.738192,34.906414],[127.738042,34.906347]],[[127.738348,34.906274],[127.738357,34.906382],[127.738433,34.906367],[127.738348,34.906274]],[[127.739088,34.90616],[127.73902,34.906152],[127.739029,34.90626],[127.739088,34.90616]],[[127.738737,34.906224],[127.738763,34.906307],[127.738843,34.906292],[127.738737,34.906224]],[[127.708954,34.911758],[127.709046,34.911741],[127.709024,34.911662],[127.708954,34.911758]],[[127.737419,34.906129],[127.737513,34.906112],[127.737489,34.906032],[127.737419,34.906129]],[[127.73729,34.906558],[127.737196,34.906575],[127.73722,34.906654],[127.73729,34.906558]],[[127.737889,34.906535],[127.73798,34.906518],[127.737956,34.906439],[127.737889,34.906535]],[[127.708523,34.911314],[127.708614,34.911296],[127.708592,34.911218],[127.708523,34.911314]],[[127.708355,34.911873],[127.708447,34.911854],[127.708424,34.911776],[127.708355,34.911873]],[[127.739636,34.906285],[127.739554,34.9063],[127.739575,34.906368],[127.739636,34.906285]],[[127.774556,34.924231],[127.774363,34.924101],[127.773796,34.924566],[127.774556,34.924231]],[[127.780004,34.934115],[127.780171,34.934091],[127.779841,34.933836],[127.780004,34.934115]],[[127.765356,34.933245],[127.765639,34.933176],[127.765602,34.933063],[127.765356,34.933245]],[[127.765096,34.932339],[127.765384,34.932285],[127.765356,34.93217],[127.765096,34.932339]],[[127.758765,34.933424],[127.758505,34.933435],[127.758506,34.933504],[127.758765,34.933424]],[[127.747453,34.932816],[127.74725,34.932844],[127.747234,34.932983],[127.747453,34.932816]],[[127.747754,34.932829],[127.747544,34.93282],[127.747539,34.932898],[127.747754,34.932829]],[[127.747458,34.933046],[127.7475,34.933342],[127.747565,34.933016],[127.747458,34.933046]],[[127.839117,34.950576],[127.839812,34.948645],[127.839574,34.947856],[127.838832,34.948377],[127.839117,34.950576]],[[127.788847,34.937542],[127.788623,34.937501],[127.788741,34.937633],[127.788847,34.937542]],[[127.788755,34.937431],[127.788954,34.937509],[127.788954,34.937486],[127.788755,34.937431]],[[127.788749,34.937854],[127.788626,34.937864],[127.788715,34.937951],[127.788749,34.937854]],[[127.824245,34.943408],[127.824203,34.943495],[127.824307,34.943532],[127.824245,34.943408]],[[127.824655,34.943475],[127.824543,34.943449],[127.824512,34.943541],[127.824655,34.943475]],[[127.82459,34.943799],[127.824586,34.943704],[127.824468,34.943712],[127.82459,34.943799]],[[127.713577,34.866993],[127.713101,34.866877],[127.712651,34.867048],[127.713369,34.867381],[127.713577,34.866993]],[[127.791736,34.940106],[127.791703,34.940101],[127.791701,34.940118],[127.791736,34.940106]],[[127.791768,34.939991],[127.791736,34.939984],[127.791734,34.940001],[127.791768,34.939991]],[[127.763503,34.932325],[127.763471,34.932332],[127.76347,34.93236],[127.763503,34.932325]],[[127.84489,34.958716],[127.844896,34.958703],[127.844764,34.958766],[127.84489,34.958716]],[[127.608892,34.88237],[127.608907,34.882373],[127.608902,34.882355],[127.608892,34.88237]],[[127.608971,34.882204],[127.60898,34.882195],[127.608962,34.882194],[127.608971,34.882204]],[[127.614041,34.881942],[127.614028,34.881942],[127.614028,34.881952],[127.614041,34.881942]],[[127.624857,34.882514],[127.624835,34.882505],[127.624841,34.882538],[127.624857,34.882514]],[[127.626069,34.882061],[127.626053,34.882064],[127.626061,34.882073],[127.626069,34.882061]],[[127.627307,34.881785],[127.627274,34.881794],[127.627322,34.881831],[127.627307,34.881785]],[[127.619105,34.877178],[127.619119,34.877181],[127.619111,34.877164],[127.619105,34.877178]],[[127.76348,34.931818],[127.763425,34.931792],[127.763448,34.931841],[127.76348,34.931818]],[[127.762716,34.891865],[127.762726,34.89182],[127.76268,34.891842],[127.762716,34.891865]],[[127.619995,34.90346],[127.619989,34.903573],[127.620184,34.903345],[127.619995,34.90346]],[[127.833199,34.944788],[127.833202,34.944878],[127.833431,34.944683],[127.833199,34.944788]],[[127.610771,34.917273],[127.6113,34.916353],[127.610903,34.916662],[127.610771,34.917273]],[[127.615029,34.909814],[127.615056,34.909679],[127.6146,34.910507],[127.615029,34.909814]],[[127.619721,34.903914],[127.619746,34.903816],[127.619147,34.904569],[127.619721,34.903914]],[[127.619029,34.904738],[127.618423,34.905217],[127.61795,34.906009],[127.619029,34.904738]],[[127.610225,34.918259],[127.610012,34.918554],[127.610013,34.918672],[127.610225,34.918259]],[[127.815783,34.933883],[127.815751,34.933857],[127.815723,34.93387],[127.815783,34.933883]]]]},"properties":{"id":"khoa-hrbare-50063","name":"광양항, 하동항","englishName":"GWANGYANG HANG, HADONG HANG","harborTypeCode":"GBN284","relatedInstitutionCode":"1192136","statusCode":null,"minimumScale":17999.0,"source":"국립해양조사원(KHOA)","sourceUpdatedAt":"2025-08-11","sourceRaw":"{\"gid\":63,\"objnum\":\"50063\",\"pbinst\":\"1192136\",\"indcde_1\":\"\",\"indcde_2\":\"ENW002\",\"indcde_3\":\"CLW019\",\"mnymd\":\"20241130\",\"clfcde\":\"COD007\",\"enclev\":\"5, 6\",\"enc_no\":\"KR5G3F11, KR688D84\",\"gubun\":\"GBN284\",\"nobjnm\":\"광양항, 하동항\",\"objnam\":\"GWANGYANG HANG, HADONG HANG\",\"status\":\"\",\"inform\":\"GWANGYANG HANG, HADONG HANG\",\"ninfom\":\"광양항, 하동항\",\"ntxtds\":\"\",\"scamin\":17999,\"txtdsc\":\"\",\"sordat\":\"\",\"sorind\":\"\"}"}},{"type":"Feature","id":"khoa-hrbare-50066","geometry":{"type":"Polygon","coordinates":[[[129.121531,37.556147],[129.117514,37.549527],[129.117871,37.543791],[129.120439,37.539418],[129.117802,37.54366],[129.117631,37.545152],[129.117221,37.545139],[129.117063,37.549004],[129.116223,37.550237],[129.117083,37.551706],[129.113872,37.551668],[129.112955,37.550416],[129.113754,37.550099],[129.112907,37.550351],[129.111789,37.548823],[129.114202,37.548372],[129.113955,37.54777],[129.11185,37.548516],[129.111968,37.547394],[129.112411,37.547395],[129.112447,37.544412],[129.113772,37.543717],[129.113779,37.543291],[129.115252,37.543386],[129.115254,37.542977],[129.113781,37.542963],[129.113772,37.540493],[129.116701,37.540628],[129.116134,37.540176],[129.115472,37.540178],[129.115465,37.536305],[129.115169,37.536151],[129.136569,37.536151],[129.13659,37.556147],[129.121531,37.556147]],[[129.112217,37.548785],[129.112266,37.548902],[129.112586,37.548818],[129.112217,37.548785]],[[129.11228,37.549476],[129.112367,37.549578],[129.112644,37.549429],[129.11228,37.549476]],[[129.120745,37.554018],[129.120831,37.553936],[129.120714,37.553958],[129.120745,37.554018]],[[129.119512,37.552201],[129.119479,37.552154],[129.119428,37.552172],[129.119512,37.552201]],[[129.119598,37.552781],[129.11965,37.552703],[129.119605,37.552701],[129.119598,37.552781]],[[129.120764,37.553891],[129.12085,37.553887],[129.120842,37.553856],[129.120764,37.553891]],[[129.120794,37.553819],[129.120889,37.553769],[129.120849,37.553757],[129.120794,37.553819]],[[129.120331,37.553538],[129.120342,37.553497],[129.120335,37.553488],[129.120331,37.553538]],[[129.12034,37.553466],[129.120348,37.553485],[129.120403,37.553465],[129.12034,37.553466]],[[129.119285,37.55229],[129.119345,37.552316],[129.119348,37.552296],[129.119285,37.55229]],[[129.121042,37.553705],[129.121047,37.553678],[129.121006,37.553682],[129.121042,37.553705]],[[129.120452,37.553428],[129.12043,37.553443],[129.120457,37.553463],[129.120452,37.553428]],[[129.119723,37.552773],[129.119692,37.552769],[129.119694,37.552803],[129.119723,37.552773]],[[129.119418,37.552289],[129.119439,37.552275],[129.119435,37.552259],[129.119418,37.552289]],[[129.120751,37.554759],[129.120831,37.554788],[129.120825,37.554727],[129.120751,37.554759]],[[129.121182,37.555304],[129.12117,37.555354],[129.12124,37.55536],[129.121182,37.555304]]]},"properties":{"id":"khoa-hrbare-50066","name":"묵호항","englishName":"MUKHO HANG","harborTypeCode":"GBN284","relatedInstitutionCode":"1192136","statusCode":null,"minimumScale":17999.0,"source":"국립해양조사원(KHOA)","sourceUpdatedAt":"2025-08-11","sourceRaw":"{\"gid\":66,\"objnum\":\"50066\",\"pbinst\":\"1192136\",\"indcde_1\":\"\",\"indcde_2\":\"ENW011\",\"indcde_3\":\"CLW015\",\"mnymd\":\"20241130\",\"clfcde\":\"COD007\",\"enclev\":\"6\",\"enc_no\":\"KR688D84\",\"gubun\":\"GBN284\",\"nobjnm\":\"묵호항\",\"objnam\":\"MUKHO HANG\",\"status\":\"\",\"inform\":\"\",\"ninfom\":\"\",\"ntxtds\":\"\",\"scamin\":17999,\"txtdsc\":\"\",\"sordat\":\"\",\"sorind\":\"\"}"}},{"type":"Feature","id":"khoa-hrbare-50064","geometry":{"type":"MultiPolygon","coordinates":[[[[128.828475,34.988616],[128.82771,34.9887],[128.82745,34.98902],[128.827933,34.989471],[128.827283,34.989685],[128.828159,34.990014],[128.827778,34.990387],[128.828122,34.991289],[128.829188,34.991997],[128.828894,34.992115],[128.829199,34.992654],[128.829918,34.992848],[128.829528,34.993083],[128.830262,34.994172],[128.829903,34.994262],[128.830025,34.994827],[128.829353,34.99537],[128.82832,34.995243],[128.827583,34.995978],[128.827074,34.995702],[128.827006,34.996049],[128.826785,34.995565],[128.826636,34.995845],[128.825268,34.995616],[128.824709,34.995001],[128.823789,34.995093],[128.823513,34.994602],[128.821789,34.994621],[128.822302,34.995635],[128.821936,34.997196],[128.823118,34.997977],[128.823093,34.99842],[128.82211,34.999239],[128.822606,35.0],[128.811331,35.0],[128.825,34.983334],[128.908776,35.0],[128.837349,35.0],[128.837323,34.999464],[128.837706,34.998866],[128.839053,34.998087],[128.839032,34.99725],[128.838716,34.997511],[128.837813,34.997378],[128.83708,34.996883],[128.836848,34.99579],[128.835951,34.995903],[128.834656,34.994939],[128.834693,34.992737],[128.832407,34.992767],[128.832413,34.992329],[128.831865,34.992318],[128.832117,34.991962],[128.831237,34.991545],[128.830904,34.990919],[128.830061,34.990865],[128.830519,34.990672],[128.829594,34.989737],[128.829557,34.989062],[128.828475,34.988616]],[[128.837223,34.996303],[128.837156,34.996324],[128.837232,34.996377],[128.837223,34.996303]],[[128.838926,34.998311],[128.838972,34.998287],[128.838867,34.998227],[128.838926,34.998311]],[[128.83146,34.991079],[128.831147,34.990919],[128.831186,34.991075],[128.83146,34.991079]],[[128.833106,34.992669],[128.83307,34.992699],[128.833087,34.992702],[128.833106,34.992669]],[[128.833017,34.992644],[128.833079,34.992627],[128.833005,34.992582],[128.833017,34.992644]],[[128.823708,34.994819],[128.823743,34.994842],[128.823752,34.994831],[128.823708,34.994819]],[[128.823176,34.994469],[128.823155,34.994507],[128.823181,34.994524],[128.823176,34.994469]],[[128.822994,34.994569],[128.823112,34.994594],[128.823117,34.99456],[128.822994,34.994569]],[[128.828278,34.995188],[128.828451,34.995202],[128.828459,34.995083],[128.828278,34.995188]],[[128.825543,34.995408],[128.825644,34.995425],[128.825639,34.995393],[128.825543,34.995408]],[[128.826362,34.995368],[128.826536,34.995705],[128.826566,34.995669],[128.826362,34.995368]],[[128.826115,34.995545],[128.826336,34.995604],[128.82627,34.995506],[128.826115,34.995545]],[[128.826401,34.995602],[128.826367,34.995575],[128.826375,34.995652],[128.826401,34.995602]],[[128.822614,34.9987],[128.822645,34.99866],[128.822614,34.998656],[128.822614,34.9987]],[[128.822673,34.997759],[128.822637,34.997793],[128.82265,34.997801],[128.822673,34.997759]],[[128.834914,34.993221],[128.83486,34.993202],[128.834836,34.993258],[128.834914,34.993221]],[[128.834812,34.993442],[128.834836,34.993429],[128.83482,34.993409],[128.834812,34.993442]],[[128.836067,34.995747],[128.836019,34.995685],[128.835991,34.995705],[128.836067,34.995747]],[[128.840127,34.996626],[128.839166,34.996753],[128.839099,34.997287],[128.840301,34.99743],[128.840127,34.996626]],[[128.834239,34.992483],[128.834165,34.992448],[128.834179,34.992501],[128.834239,34.992483]],[[128.83416,34.992438],[128.834165,34.992448],[128.834174,34.992439],[128.83416,34.992438]],[[128.835217,34.994967],[128.8353,34.995025],[128.835315,34.994958],[128.835217,34.994967]],[[128.835549,34.995226],[128.835505,34.995239],[128.835601,34.995282],[128.835549,34.995226]],[[128.8392,34.997604],[128.839225,34.997624],[128.839265,34.997613],[128.8392,34.997604]],[[128.838142,34.998651],[128.83813,34.998657],[128.838179,34.998696],[128.838142,34.998651]],[[128.834006,34.992548],[128.833932,34.992549],[128.83396,34.992579],[128.834006,34.992548]],[[128.835379,34.995269],[128.835415,34.995277],[128.835372,34.995214],[128.835379,34.995269]],[[128.827501,34.99581],[128.827476,34.995846],[128.827515,34.995845],[128.827501,34.99581]],[[128.837479,34.999611],[128.837476,34.99958],[128.837434,34.999602],[128.837479,34.999611]],[[128.832501,34.992682],[128.832456,34.992701],[128.832469,34.992711],[128.832501,34.992682]],[[128.828889,34.995199],[128.828852,34.995209],[128.828862,34.995217],[128.828889,34.995199]],[[128.834989,34.993534],[128.835078,34.993461],[128.83506,34.993439],[128.834989,34.993534]],[[128.834851,34.993877],[128.83484,34.993886],[128.834851,34.993894],[128.834851,34.993877]],[[128.834851,34.993465],[128.834828,34.993473],[128.834869,34.993513],[128.834851,34.993465]],[[128.837346,34.99669],[128.837307,34.996653],[128.837177,34.996786],[128.837346,34.99669]],[[128.837408,34.99703],[128.837459,34.997002],[128.83736,34.996926],[128.837408,34.99703]],[[128.838067,34.997249],[128.838089,34.997238],[128.838079,34.997219],[128.838067,34.997249]]],[[[128.834575,35.065309],[128.836783,35.067313],[128.83648,35.068104],[128.837209,35.071088],[128.836952,35.073848],[128.837901,35.074922],[128.840065,35.074282],[128.840445,35.073307],[128.840904,35.073666],[128.841018,35.073503],[128.84047,35.07327],[128.841423,35.07202],[128.841379,35.070847],[128.842009,35.070485],[128.842254,35.069551],[128.845157,35.069249],[128.846895,35.068623],[128.847777,35.068783],[128.849323,35.068397],[128.85,35.068672],[128.85,35.083221],[128.849068,35.083318],[128.849042,35.082596],[128.848833,35.083214],[128.840042,35.083202],[128.840151,35.081588],[128.838713,35.081519],[128.83898,35.083367],[128.837371,35.083316],[128.83642,35.085553],[128.836415,35.086898],[128.83533,35.088295],[128.832077,35.088397],[128.824467,35.094527],[128.824444,35.0956],[128.821856,35.097682],[128.821815,35.097384],[128.820792,35.097201],[128.820503,35.096302],[128.821055,35.095853],[128.821094,35.09505],[128.8222,35.095405],[128.821319,35.094933],[128.821044,35.094997],[128.82046,35.092919],[128.819906,35.092214],[128.818661,35.091967],[128.818681,35.091483],[128.818115,35.091785],[128.817165,35.091229],[128.812133,35.090879],[128.808532,35.089599],[128.803956,35.09018],[128.803009,35.089965],[128.808425,35.089359],[128.812071,35.090662],[128.818432,35.090877],[128.820056,35.091579],[128.823295,35.094263],[128.832009,35.087358],[128.832932,35.087049],[128.833667,35.087438],[128.834792,35.087015],[128.835164,35.086391],[128.8352,35.083625],[128.835956,35.083146],[128.836101,35.082045],[128.835351,35.081926],[128.83535,35.077636],[128.83496,35.077593],[128.835235,35.067324],[128.83351,35.06639],[128.834035,35.065817],[128.834697,35.065892],[128.834067,35.065738],[128.834575,35.065309]],[[128.835892,35.083249],[128.835903,35.083358],[128.835985,35.083377],[128.835892,35.083249]],[[128.820833,35.096544],[128.820657,35.096755],[128.820879,35.096928],[128.821046,35.0968],[128.820833,35.096544]],[[128.8235,35.095869],[128.823548,35.095825],[128.823503,35.095788],[128.8235,35.095869]],[[128.823476,35.095912],[128.823458,35.095897],[128.823445,35.095917],[128.823476,35.095912]],[[128.822641,35.096893],[128.822457,35.097037],[128.822502,35.097015],[128.822641,35.096893]]],[[[128.85,35.051546],[128.85,35.062418],[128.84703,35.061228],[128.845728,35.059602],[128.846529,35.056231],[128.84775,35.054882],[128.848419,35.055635],[128.848165,35.054647],[128.85,35.051546]],[[128.848727,35.053762],[128.848723,35.053794],[128.848751,35.05379],[128.848727,35.053762]],[[128.848699,35.053798],[128.848684,35.053816],[128.848696,35.053822],[128.848699,35.053798]]]]},"properties":{"id":"khoa-hrbare-50064","name":"부산항","englishName":"BUSAN HANG","harborTypeCode":"GBN284","relatedInstitutionCode":"1192136","statusCode":null,"minimumScale":44999.0,"source":"국립해양조사원(KHOA)","sourceUpdatedAt":"2025-08-11","sourceRaw":"{\"gid\":64,\"objnum\":\"50064\",\"pbinst\":\"1192136\",\"indcde_1\":\"BCH002\",\"indcde_2\":\"ENW001\",\"indcde_3\":\"CLW021\",\"mnymd\":\"20241130\",\"clfcde\":\"COD007\",\"enclev\":\"5, 6\",\"enc_no\":\"KR688D84, KR5G3F11\",\"gubun\":\"GBN284\",\"nobjnm\":\"부산항\",\"objnam\":\"BUSAN HANG\",\"status\":\"\",\"inform\":\"\",\"ninfom\":\"\",\"ntxtds\":\"\",\"scamin\":44999,\"txtdsc\":\"\",\"sordat\":\"20140207, 20100402\",\"sorind\":\"KR,KR,reprt,NTM2010-13-203, KR,KR,reprt,NTM2014-06-067\"}"}},{"type":"Feature","id":"khoa-hrbare-50065","geometry":{"type":"MultiPolygon","coordinates":[[[[129.364959,37.145],[129.398693,37.145],[129.376685,37.211665],[129.347865,37.211641],[129.34812,37.21083],[129.347886,37.21067],[129.347848,37.210087],[129.347448,37.209921],[129.347562,37.209621],[129.347748,37.20948],[129.347522,37.209567],[129.347423,37.209135],[129.346937,37.209141],[129.346516,37.208624],[129.34658,37.207016],[129.346797,37.20679],[129.345805,37.20605],[129.345795,37.205338],[129.346181,37.204894],[129.346079,37.204722],[129.345735,37.204716],[129.345958,37.203961],[129.345541,37.203301],[129.345987,37.203037],[129.345679,37.202864],[129.345996,37.202888],[129.345994,37.202378],[129.344697,37.201565],[129.34536,37.199796],[129.3446,37.201318],[129.343668,37.20117],[129.343162,37.200354],[129.343382,37.199989],[129.344077,37.199972],[129.344209,37.199453],[129.343887,37.199541],[129.344026,37.199216],[129.343159,37.198674],[129.343132,37.198281],[129.343487,37.198289],[129.342633,37.196982],[129.34326,37.19652],[129.342523,37.196448],[129.342869,37.195774],[129.342591,37.195393],[129.344562,37.195079],[129.345094,37.194414],[129.345974,37.18344],[129.346995,37.182796],[129.347466,37.177046],[129.351831,37.177276],[129.351484,37.180003],[129.351927,37.180169],[129.351509,37.180599],[129.351668,37.180608],[129.351959,37.180261],[129.352247,37.180701],[129.351986,37.180172],[129.352446,37.180029],[129.352622,37.177079],[129.35,37.176984],[129.34748,37.176861],[129.347505,37.176551],[129.345697,37.176462],[129.345851,37.175351],[129.344042,37.176117],[129.342793,37.176131],[129.342782,37.175203],[129.34423,37.174454],[129.345068,37.174969],[129.344356,37.17413],[129.344589,37.172635],[129.345186,37.172206],[129.344857,37.172197],[129.344803,37.172109],[129.345298,37.171917],[129.344905,37.171823],[129.344994,37.171242],[129.34586,37.171888],[129.345687,37.171948],[129.352341,37.175404],[129.34987,37.173853],[129.351525,37.171973],[129.351165,37.171769],[129.353794,37.168782],[129.354812,37.169118],[129.355132,37.168771],[129.354332,37.168197],[129.356398,37.16595],[129.357719,37.166691],[129.358522,37.166673],[129.357756,37.166618],[129.35643,37.165861],[129.354221,37.165308],[129.354928,37.164349],[129.354171,37.165301],[129.352464,37.165225],[129.351926,37.163997],[129.352621,37.163477],[129.351197,37.162765],[129.35,37.163089],[129.35,37.162226],[129.353721,37.160969],[129.355552,37.161368],[129.356256,37.161189],[129.356756,37.160832],[129.357058,37.160295],[129.357051,37.159721],[129.356859,37.160487],[129.356285,37.161058],[129.355332,37.161268],[129.354389,37.160997],[129.356221,37.1599],[129.357197,37.158285],[129.358895,37.157299],[129.359169,37.154839],[129.360265,37.154754],[129.359537,37.154669],[129.3595,37.15395],[129.360526,37.152962],[129.361447,37.153149],[129.360687,37.15287],[129.360455,37.15196],[129.361006,37.151787],[129.360841,37.151538],[129.362475,37.148937],[129.364082,37.147897],[129.363253,37.147702],[129.363676,37.147401],[129.363643,37.146683],[129.364959,37.145]],[[129.344253,37.200022],[129.344206,37.200028],[129.344296,37.200094],[129.344253,37.200022]],[[129.343647,37.200373],[129.343641,37.200342],[129.343583,37.20036],[129.343647,37.200373]],[[129.344977,37.201515],[129.345428,37.201656],[129.345425,37.201601],[129.344977,37.201515]],[[129.345826,37.201743],[129.345954,37.20176],[129.345824,37.201638],[129.345826,37.201743]],[[129.348238,37.210514],[129.348363,37.210497],[129.348329,37.210214],[129.348238,37.210514]],[[129.348023,37.210562],[129.347966,37.210582],[129.347985,37.210707],[129.348023,37.210562]],[[129.345941,37.203264],[129.345724,37.203197],[129.345778,37.203269],[129.345941,37.203264]],[[129.348089,37.211067],[129.348092,37.2111],[129.348181,37.211081],[129.348089,37.211067]],[[129.346181,37.20398],[129.346106,37.203941],[129.346053,37.203969],[129.346181,37.20398]],[[129.345972,37.204542],[129.345926,37.204563],[129.34594,37.204608],[129.345972,37.204542]],[[129.346166,37.205682],[129.346046,37.205729],[129.346061,37.205755],[129.346166,37.205682]],[[129.346049,37.205652],[129.345991,37.205606],[129.345963,37.205647],[129.346049,37.205652]],[[129.346171,37.204658],[129.34616,37.204686],[129.34622,37.204708],[129.346171,37.204658]],[[129.34604,37.204348],[129.346045,37.204395],[129.346111,37.204388],[129.34604,37.204348]],[[129.346823,37.207545],[129.346877,37.207583],[129.346848,37.207508],[129.346823,37.207545]],[[129.34616,37.203865],[129.346122,37.203778],[129.346093,37.203784],[129.34616,37.203865]],[[129.347977,37.209728],[129.347935,37.209709],[129.347912,37.209744],[129.347977,37.209728]],[[129.34596,37.205784],[129.345913,37.205742],[129.345892,37.205765],[129.34596,37.205784]],[[129.346148,37.204234],[129.346096,37.204239],[129.346096,37.20427],[129.346148,37.204234]],[[129.346248,37.204997],[129.346204,37.20499],[129.346189,37.205023],[129.346248,37.204997]],[[129.346647,37.206238],[129.346605,37.206216],[129.346582,37.20625],[129.346647,37.206238]],[[129.346833,37.208546],[129.346811,37.208495],[129.346787,37.20854],[129.346833,37.208546]],[[129.345076,37.201413],[129.345038,37.201384],[129.345018,37.201407],[129.345076,37.201413]],[[129.346765,37.207308],[129.346711,37.207315],[129.346721,37.207344],[129.346765,37.207308]],[[129.346765,37.208393],[129.34673,37.208396],[129.346731,37.208426],[129.346765,37.208393]],[[129.346343,37.206106],[129.346274,37.206079],[129.346265,37.206097],[129.346343,37.206106]],[[129.34694,37.208982],[129.34692,37.208948],[129.34689,37.208962],[129.34694,37.208982]],[[129.345988,37.204058],[129.345968,37.204089],[129.345988,37.204106],[129.345988,37.204058]],[[129.345783,37.203567],[129.345752,37.203567],[129.345741,37.20359],[129.345783,37.203567]],[[129.346258,37.204323],[129.346214,37.204323],[129.346213,37.204346],[129.346258,37.204323]],[[129.346299,37.204903],[129.346278,37.204875],[129.346256,37.204898],[129.346299,37.204903]],[[129.347634,37.209639],[129.347608,37.209647],[129.347605,37.209676],[129.347634,37.209639]],[[129.346167,37.205846],[129.346141,37.205832],[129.346119,37.205852],[129.346167,37.205846]],[[129.346787,37.207372],[129.346752,37.207385],[129.346772,37.207398],[129.346787,37.207372]],[[129.346764,37.20856],[129.346729,37.20854],[129.34672,37.208562],[129.346764,37.20856]],[[129.346787,37.207469],[129.346758,37.207458],[129.346745,37.207473],[129.346787,37.207469]],[[129.348115,37.209677],[129.34805,37.209674],[129.348028,37.209711],[129.348115,37.209677]],[[129.34802,37.209908],[129.347953,37.209975],[129.348046,37.210013],[129.34802,37.209908]],[[129.346226,37.202791],[129.346365,37.202914],[129.346428,37.20275],[129.346226,37.202791]],[[129.344867,37.172573],[129.344889,37.172562],[129.344827,37.172555],[129.344867,37.172573]],[[129.344832,37.172608],[129.344846,37.17261],[129.344845,37.172593],[129.344832,37.172608]],[[129.345175,37.171595],[129.345208,37.171586],[129.345197,37.171575],[129.345175,37.171595]],[[129.345179,37.171671],[129.345277,37.171647],[129.34525,37.171614],[129.345179,37.171671]],[[129.345288,37.1717],[129.345189,37.171742],[129.345305,37.171752],[129.345288,37.1717]],[[129.345063,37.171787],[129.345113,37.171763],[129.345046,37.171761],[129.345063,37.171787]],[[129.345259,37.172098],[129.345233,37.172196],[129.345414,37.172185],[129.345259,37.172098]],[[129.345365,37.172232],[129.345207,37.172254],[129.345583,37.172328],[129.345365,37.172232]],[[129.345251,37.172504],[129.345141,37.172531],[129.345155,37.172545],[129.345251,37.172504]],[[129.344956,37.172544],[129.344943,37.172564],[129.344951,37.172572],[129.344956,37.172544]],[[129.345253,37.172006],[129.345102,37.172046],[129.345137,37.172051],[129.345253,37.172006]],[[129.345156,37.172153],[129.34516,37.172132],[129.345124,37.172138],[129.345156,37.172153]],[[129.344939,37.172159],[129.344939,37.172169],[129.345096,37.172152],[129.344939,37.172159]],[[129.344949,37.172098],[129.344927,37.172122],[129.345002,37.172136],[129.344949,37.172098]],[[129.344965,37.171722],[129.34507,37.171712],[129.345054,37.171661],[129.344965,37.171722]],[[129.345135,37.171684],[129.345079,37.171647],[129.345075,37.17168],[129.345135,37.171684]],[[129.355464,37.187083],[129.359468,37.179505],[129.359011,37.179349],[129.354925,37.186915],[129.355464,37.187083]],[[129.361273,37.153305],[129.361694,37.153523],[129.361696,37.153324],[129.361273,37.153305]],[[129.365441,37.170508],[129.357816,37.179466],[129.365652,37.170561],[129.365666,37.165097],[129.365441,37.170508]],[[129.364922,37.145437],[129.365018,37.145398],[129.364995,37.145361],[129.364922,37.145437]],[[129.363794,37.148392],[129.363857,37.148337],[129.36375,37.148325],[129.363794,37.148392]],[[129.364098,37.14861],[129.364105,37.148796],[129.364531,37.14863],[129.364098,37.14861]],[[129.36278,37.149709],[129.362763,37.149757],[129.36284,37.14975],[129.36278,37.149709]],[[129.364171,37.148102],[129.364239,37.14801],[129.364193,37.147995],[129.364171,37.148102]],[[129.363695,37.14706],[129.3637,37.147102],[129.363789,37.147089],[129.363695,37.14706]],[[129.365077,37.145462],[129.365077,37.145426],[129.364977,37.145435],[129.365077,37.145462]],[[129.364376,37.147927],[129.364298,37.147894],[129.364297,37.147934],[129.364376,37.147927]],[[129.364478,37.148718],[129.364554,37.148682],[129.364529,37.148663],[129.364478,37.148718]],[[129.364747,37.145558],[129.364756,37.14552],[129.364699,37.145527],[129.364747,37.145558]],[[129.362721,37.149775],[129.362647,37.149737],[129.362613,37.149751],[129.362721,37.149775]],[[129.364491,37.145733],[129.364506,37.145697],[129.364451,37.145701],[129.364491,37.145733]],[[129.364491,37.148466],[129.364505,37.148437],[129.364468,37.148439],[129.364491,37.148466]],[[129.359148,37.156083],[129.359141,37.156353],[129.359296,37.15631],[129.359148,37.156083]],[[129.359672,37.156934],[129.359787,37.156907],[129.359734,37.15681],[129.359672,37.156934]],[[129.361624,37.151479],[129.36147,37.15158],[129.361621,37.151609],[129.361624,37.151479]],[[129.357613,37.159104],[129.357649,37.159141],[129.357728,37.159087],[129.357613,37.159104]],[[129.357919,37.159014],[129.357921,37.159055],[129.358006,37.159051],[129.357919,37.159014]],[[129.357804,37.159472],[129.357764,37.15944],[129.357719,37.159481],[129.357804,37.159472]],[[129.356751,37.160533],[129.35676,37.160493],[129.356716,37.160483],[129.356751,37.160533]],[[129.357841,37.158628],[129.357839,37.158669],[129.357876,37.158684],[129.357841,37.158628]],[[129.357365,37.159834],[129.357328,37.159821],[129.357336,37.15987],[129.357365,37.159834]],[[129.359323,37.157008],[129.359268,37.157051],[129.359329,37.157088],[129.359323,37.157008]],[[129.360834,37.152137],[129.360718,37.152162],[129.360767,37.152214],[129.360845,37.152234],[129.360834,37.152137]],[[129.361011,37.152357],[129.361121,37.152354],[129.360974,37.152194],[129.361011,37.152357]],[[129.361641,37.150758],[129.361619,37.150611],[129.361534,37.150649],[129.361641,37.150758]]],[[[129.351967,37.180171],[129.351797,37.180011],[129.352159,37.180021],[129.351967,37.180171]]]]},"properties":{"id":"khoa-hrbare-50065","name":"HOSAN HANG","englishName":null,"harborTypeCode":"GBN284","relatedInstitutionCode":"1192136","statusCode":null,"minimumScale":17999.0,"source":"국립해양조사원(KHOA)","sourceUpdatedAt":"2025-08-11","sourceRaw":"{\"gid\":65,\"objnum\":\"50065\",\"pbinst\":\"1192136\",\"indcde_1\":\"\",\"indcde_2\":\"ENW022\",\"indcde_3\":\"CLW014\",\"mnymd\":\"20241130\",\"clfcde\":\"COD007\",\"enclev\":\"6\",\"enc_no\":\"KR688D84\",\"gubun\":\"GBN284\",\"nobjnm\":\"\",\"objnam\":\"\",\"status\":\"\",\"inform\":\"HOSAN HANG\",\"ninfom\":\"호산항\",\"ntxtds\":\"\",\"scamin\":17999,\"txtdsc\":\"\",\"sordat\":\"\",\"sorind\":\"\"}"}},{"type":"Feature","id":"khoa-hrbare-50001","geometry":{"type":"Polygon","coordinates":[[[130.919681,37.48491],[130.918436,37.484578],[130.918345,37.484134],[130.918003,37.48446],[130.916763,37.48294],[130.915745,37.482573],[130.914618,37.482701],[130.913149,37.482197],[130.912091,37.483211],[130.911755,37.483055],[130.911118,37.483497],[130.911245,37.482939],[130.91089,37.482874],[130.911116,37.482609],[130.91035,37.482256],[130.909948,37.480972],[130.908859,37.482311],[130.908121,37.4815],[130.908685,37.480856],[130.908035,37.480647],[130.909546,37.480275],[130.908612,37.479325],[130.908482,37.478622],[130.908008,37.478921],[130.90789,37.477948],[130.907085,37.477925],[130.907064,37.476938],[130.90581,37.4772],[130.904631,37.476581],[130.904878,37.476248],[130.904508,37.47582],[130.903811,37.475871],[130.903736,37.476263],[130.902829,37.476117],[130.902852,37.475387],[130.902102,37.476024],[130.901906,37.474576],[130.9012,37.474813],[130.900652,37.475643],[130.899053,37.475303],[130.897248,37.475892],[130.896067,37.475799],[130.895041,37.474986],[130.895687,37.474717],[130.892802,37.474693],[130.890108,37.473961],[130.888852,37.473123],[130.888779,37.472498],[130.884587,37.470962],[130.882946,37.469128],[130.882296,37.469177],[130.881037,37.467751],[130.884577,37.464672],[130.882427,37.466279],[130.881906,37.466266],[130.877945,37.463377],[130.880273,37.461349],[130.879991,37.46076],[130.877139,37.46163],[130.876131,37.459527],[130.876594,37.458637],[130.881945,37.460472],[130.888012,37.46486],[130.888228,37.464661],[130.885998,37.463113],[130.886849,37.461849],[130.919681,37.48491]],[[130.88753,37.471748],[130.887476,37.471806],[130.887556,37.471843],[130.88753,37.471748]],[[130.895112,37.474394],[130.895141,37.474357],[130.895013,37.474351],[130.895112,37.474394]],[[130.897392,37.475445],[130.897338,37.475464],[130.897373,37.475493],[130.897392,37.475445]],[[130.898372,37.47543],[130.898384,37.475442],[130.898417,37.475422],[130.898372,37.47543]],[[130.899766,37.475122],[130.899729,37.475134],[130.899796,37.475158],[130.899766,37.475122]],[[130.897726,37.475315],[130.897713,37.475354],[130.897765,37.475324],[130.897726,37.475315]],[[130.894307,37.474496],[130.894341,37.474488],[130.894339,37.474476],[130.894307,37.474496]],[[130.89095,37.474001],[130.890986,37.473995],[130.890973,37.473977],[130.89095,37.474001]],[[130.888906,37.472418],[130.888885,37.472426],[130.888887,37.472438],[130.888906,37.472418]],[[130.890798,37.473982],[130.890771,37.473979],[130.890762,37.47399],[130.890798,37.473982]],[[130.899392,37.47519],[130.899376,37.475207],[130.899413,37.475206],[130.899392,37.47519]],[[130.899768,37.475276],[130.899781,37.475273],[130.899772,37.475255],[130.899768,37.475276]],[[130.899889,37.475177],[130.899878,37.475203],[130.899909,37.475195],[130.899889,37.475177]],[[130.899637,37.475134],[130.899626,37.475151],[130.899648,37.475155],[130.899637,37.475134]],[[130.899609,37.475004],[130.899591,37.475009],[130.899615,37.475022],[130.899609,37.475004]],[[130.899539,37.475218],[130.899538,37.475225],[130.899553,37.475229],[130.899539,37.475218]],[[130.899714,37.475219],[130.899712,37.475227],[130.899728,37.475227],[130.899714,37.475219]],[[130.907943,37.477586],[130.907839,37.477504],[130.907784,37.477628],[130.907943,37.477586]],[[130.915925,37.48252],[130.915884,37.48247],[130.9158,37.482531],[130.915925,37.48252]],[[130.904517,37.475576],[130.904577,37.475569],[130.904547,37.475524],[130.904517,37.475576]],[[130.905925,37.476906],[130.905868,37.476877],[130.905902,37.476969],[130.905925,37.476906]],[[130.915236,37.482353],[130.915253,37.482294],[130.915192,37.482309],[130.915236,37.482353]],[[130.904373,37.475678],[130.904384,37.475626],[130.904307,37.475649],[130.904373,37.475678]],[[130.90661,37.476726],[130.906671,37.476679],[130.906642,37.476666],[130.90661,37.476726]],[[130.905795,37.47693],[130.905816,37.47694],[130.905802,37.47688],[130.905795,37.47693]],[[130.905288,37.476573],[130.905264,37.476591],[130.905315,37.476617],[130.905288,37.476573]],[[130.90522,37.476661],[130.905239,37.476656],[130.905189,37.476635],[130.90522,37.476661]],[[130.900319,37.475379],[130.90032,37.475414],[130.900349,37.475406],[130.900319,37.475379]],[[130.905121,37.476587],[130.905076,37.47658],[130.905088,37.476598],[130.905121,37.476587]],[[130.908121,37.478308],[130.908132,37.47831],[130.908129,37.4783],[130.908121,37.478308]],[[130.905705,37.476982],[130.905694,37.476972],[130.905695,37.477015],[130.905705,37.476982]],[[130.905466,37.476758],[130.905449,37.476737],[130.905433,37.476774],[130.905466,37.476758]],[[130.911116,37.482703],[130.911174,37.482711],[130.91118,37.482692],[130.911116,37.482703]],[[130.903791,37.475615],[130.903792,37.475635],[130.903842,37.475637],[130.903791,37.475615]],[[130.912345,37.48262],[130.912292,37.482673],[130.912374,37.482677],[130.912345,37.48262]],[[130.912347,37.482702],[130.91234,37.482709],[130.912346,37.482717],[130.912347,37.482702]],[[130.912324,37.482712],[130.912305,37.482709],[130.912297,37.482724],[130.912324,37.482712]]]},"properties":{"id":"khoa-hrbare-50001","name":"ULLEUNG HANG","englishName":null,"harborTypeCode":"GBN284","relatedInstitutionCode":"1192136","statusCode":null,"minimumScale":17999.0,"source":"국립해양조사원(KHOA)","sourceUpdatedAt":"2025-08-11","sourceRaw":"{\"gid\":1,\"objnum\":\"50001\",\"pbinst\":\"1192136\",\"indcde_1\":\"\",\"indcde_2\":\"\",\"indcde_3\":\"\",\"mnymd\":\"20241130\",\"clfcde\":\"COD007\",\"enclev\":\"6\",\"enc_no\":\"KR688D84\",\"gubun\":\"GBN284\",\"nobjnm\":\"\",\"objnam\":\"\",\"status\":\"\",\"inform\":\"ULLEUNG HANG\",\"ninfom\":\"울릉항\",\"ntxtds\":\"\",\"scamin\":17999,\"txtdsc\":\"\",\"sordat\":\"\",\"sorind\":\"\"}"}},{"type":"Feature","id":"khoa-hrbare-50002","geometry":{"type":"Polygon","coordinates":[[[126.325165,33.951551],[126.326902,33.951584],[126.327746,33.95258],[126.32973,33.953395],[126.330935,33.95336],[126.332406,33.954848],[126.33255,33.955415],[126.331846,33.955954],[126.330631,33.954948],[126.331137,33.955556],[126.331891,33.956087],[126.332719,33.955964],[126.330826,33.957593],[126.330462,33.957518],[126.330657,33.957738],[126.328819,33.959313],[126.326042,33.95876],[126.325165,33.951551]],[[126.331458,33.955561],[126.331492,33.955595],[126.331622,33.9555],[126.331458,33.955561]],[[126.330453,33.957477],[126.330583,33.957413],[126.330403,33.957406],[126.330453,33.957477]]]},"properties":{"id":"khoa-hrbare-50002","name":"Yecho Hang","englishName":null,"harborTypeCode":"GBN284","relatedInstitutionCode":"1192136","statusCode":null,"minimumScale":17999.0,"source":"국립해양조사원(KHOA)","sourceUpdatedAt":"2025-08-11","sourceRaw":"{\"gid\":2,\"objnum\":\"50002\",\"pbinst\":\"1192136\",\"indcde_1\":\"\",\"indcde_2\":\"\",\"indcde_3\":\"CLW017\",\"mnymd\":\"20241130\",\"clfcde\":\"COD007\",\"enclev\":\"6\",\"enc_no\":\"KR688D84\",\"gubun\":\"GBN284\",\"nobjnm\":\"\",\"objnam\":\"\",\"status\":\"\",\"inform\":\"Yecho Hang\",\"ninfom\":\"예초항\",\"ntxtds\":\"\",\"scamin\":17999,\"txtdsc\":\"\",\"sordat\":\"\",\"sorind\":\"\"}"}},{"type":"Feature","id":"khoa-hrbare-50003","geometry":{"type":"Polygon","coordinates":[[[129.386292,36.344167],[129.396305,36.344139],[129.396417,36.363917],[129.394246,36.363917],[129.393954,36.362754],[129.394778,36.362113],[129.394779,36.36121],[129.393805,36.360547],[129.393753,36.359258],[129.391631,36.358668],[129.39275,36.357541],[129.392914,36.354298],[129.392651,36.357466],[129.39144,36.358643],[129.389211,36.359551],[129.386885,36.359525],[129.384483,36.358326],[129.382472,36.358745],[129.381522,36.357167],[129.38294,36.357451],[129.385517,36.357008],[129.387731,36.35842],[129.388842,36.358287],[129.390325,36.357409],[129.388409,36.356146],[129.38816,36.354603],[129.390466,36.354105],[129.391212,36.355321],[129.390686,36.354179],[129.390472,36.354033],[129.387866,36.354593],[129.387437,36.354117],[129.387408,36.353078],[129.387693,36.352461],[129.38806,36.352462],[129.387777,36.351671],[129.388216,36.350759],[129.388183,36.348975],[129.388658,36.348683],[129.388531,36.348309],[129.387876,36.348383],[129.387802,36.347862],[129.387169,36.347478],[129.386292,36.344167]],[[129.386644,36.34495],[129.386715,36.344898],[129.386601,36.344831],[129.386644,36.34495]],[[129.38695,36.346008],[129.387083,36.346498],[129.387222,36.346243],[129.38695,36.346008]],[[129.387876,36.34809],[129.387886,36.34795],[129.387848,36.34799],[129.387876,36.34809]],[[129.388262,36.349251],[129.38832,36.34929],[129.388315,36.349146],[129.388262,36.349251]],[[129.38839,36.350994],[129.388508,36.35098],[129.388438,36.350801],[129.38839,36.350994]],[[129.388514,36.349198],[129.388528,36.349186],[129.388497,36.349119],[129.388514,36.349198]],[[129.388455,36.350095],[129.388497,36.350118],[129.388543,36.35009],[129.388455,36.350095]],[[129.388539,36.350695],[129.388621,36.350787],[129.388783,36.350624],[129.388539,36.350695]],[[129.387628,36.347584],[129.387644,36.347757],[129.38775,36.347746],[129.387628,36.347584]],[[129.386804,36.344295],[129.38665,36.344231],[129.386645,36.344309],[129.386804,36.344295]],[[129.387093,36.346722],[129.387203,36.34673],[129.38719,36.346679],[129.387093,36.346722]],[[129.387262,36.346521],[129.387322,36.346578],[129.387327,36.346415],[129.387262,36.346521]],[[129.38689,36.345654],[129.386907,36.345707],[129.386978,36.345581],[129.38689,36.345654]],[[129.387018,36.346556],[129.387097,36.346651],[129.387103,36.346625],[129.387018,36.346556]],[[129.387055,36.345629],[129.387034,36.345614],[129.38705,36.345779],[129.387055,36.345629]],[[129.38792,36.347812],[129.38789,36.347761],[129.387859,36.347794],[129.38792,36.347812]],[[129.387198,36.346753],[129.387124,36.346793],[129.387195,36.346833],[129.387198,36.346753]],[[129.386875,36.345522],[129.386951,36.345508],[129.386948,36.34548],[129.386875,36.345522]],[[129.388223,36.349073],[129.388275,36.349081],[129.388247,36.348984],[129.388223,36.349073]],[[129.388395,36.349206],[129.388449,36.349217],[129.388376,36.349135],[129.388395,36.349206]],[[129.386855,36.345461],[129.386913,36.345463],[129.386864,36.345396],[129.386855,36.345461]],[[129.3874,36.346461],[129.38736,36.346439],[129.387371,36.346526],[129.3874,36.346461]],[[129.387385,36.347162],[129.387337,36.347159],[129.38733,36.347202],[129.387385,36.347162]],[[129.388049,36.348019],[129.388008,36.347985],[129.388009,36.348018],[129.388049,36.348019]],[[129.387731,36.347422],[129.387692,36.347473],[129.387714,36.347482],[129.387731,36.347422]],[[129.387143,36.345745],[129.387089,36.345748],[129.387101,36.345791],[129.387143,36.345745]],[[129.387404,36.347278],[129.38747,36.347206],[129.387441,36.347209],[129.387404,36.347278]],[[129.38726,36.34727],[129.387268,36.3473],[129.387298,36.347294],[129.38726,36.34727]],[[129.38831,36.348974],[129.388268,36.348954],[129.388266,36.348987],[129.38831,36.348974]],[[129.387184,36.346874],[129.387121,36.346844],[129.387172,36.34689],[129.387184,36.346874]],[[129.386981,36.345781],[129.386995,36.345832],[129.387012,36.345818],[129.386981,36.345781]],[[129.386989,36.34572],[129.386933,36.345718],[129.386959,36.345758],[129.386989,36.34572]],[[129.387848,36.346803],[129.387874,36.346777],[129.387844,36.346748],[129.387848,36.346803]],[[129.386878,36.345774],[129.386843,36.34575],[129.386836,36.345757],[129.386878,36.345774]],[[129.387892,36.347548],[129.387858,36.347574],[129.387902,36.347577],[129.387892,36.347548]],[[129.387292,36.345496],[129.387297,36.345531],[129.387326,36.34552],[129.387292,36.345496]],[[129.387412,36.34701],[129.387396,36.346988],[129.387375,36.347009],[129.387412,36.34701]],[[129.387646,36.34743],[129.387631,36.347404],[129.38761,36.34742],[129.387646,36.34743]],[[129.387099,36.345907],[129.387114,36.345874],[129.387055,36.345884],[129.387099,36.345907]],[[129.388758,36.348456],[129.38878,36.348474],[129.388787,36.348469],[129.388758,36.348456]],[[129.388736,36.348224],[129.38873,36.348202],[129.38871,36.348208],[129.388736,36.348224]],[[129.387155,36.345396],[129.38717,36.345425],[129.387178,36.345412],[129.387155,36.345396]],[[129.3887,36.349908],[129.388712,36.349892],[129.388689,36.349885],[129.3887,36.349908]],[[129.386839,36.345232],[129.386821,36.345234],[129.386827,36.345255],[129.386839,36.345232]],[[129.388041,36.348286],[129.388039,36.348299],[129.388057,36.3483],[129.388041,36.348286]],[[129.386822,36.344314],[129.38682,36.34434],[129.386827,36.344339],[129.386822,36.344314]],[[129.38875,36.348305],[129.388754,36.348293],[129.388736,36.348293],[129.38875,36.348305]],[[129.388753,36.348581],[129.388739,36.348591],[129.388747,36.348597],[129.388753,36.348581]],[[129.388715,36.349985],[129.388723,36.349985],[129.388727,36.34998],[129.388715,36.349985]],[[129.391862,36.356666],[129.391863,36.356801],[129.392268,36.3568],[129.391862,36.356666]],[[129.389045,36.35052],[129.388918,36.350393],[129.3889,36.350434],[129.389045,36.35052]],[[129.394453,36.363579],[129.394381,36.363571],[129.39435,36.363654],[129.394453,36.363579]],[[129.388533,36.350457],[129.388613,36.350445],[129.388564,36.350377],[129.388533,36.350457]],[[129.394421,36.363727],[129.394485,36.363835],[129.39446,36.363737],[129.394421,36.363727]],[[129.382515,36.358553],[129.382405,36.358603],[129.382444,36.358646],[129.382515,36.358553]],[[129.39413,36.362915],[129.394122,36.362933],[129.394178,36.362956],[129.39413,36.362915]],[[129.388051,36.352067],[129.388076,36.352168],[129.388064,36.352102],[129.388051,36.352067]],[[129.388119,36.351399],[129.388059,36.351378],[129.388047,36.351408],[129.388119,36.351399]],[[129.394575,36.363784],[129.394585,36.363733],[129.394535,36.363732],[129.394575,36.363784]],[[129.388552,36.350189],[129.38852,36.350137],[129.388502,36.350186],[129.388552,36.350189]],[[129.394239,36.363071],[129.394182,36.363044],[129.394171,36.363063],[129.394239,36.363071]],[[129.394198,36.36345],[129.394304,36.363501],[129.394342,36.363473],[129.394198,36.36345]],[[129.388891,36.35018],[129.38886,36.350134],[129.38886,36.350207],[129.388891,36.35018]],[[129.39411,36.363084],[129.394158,36.363108],[129.39415,36.363056],[129.39411,36.363084]],[[129.394281,36.363254],[129.394265,36.363248],[129.394257,36.363319],[129.394281,36.363254]],[[129.387871,36.351614],[129.387931,36.351642],[129.38794,36.351626],[129.387871,36.351614]],[[129.394256,36.362869],[129.394222,36.362878],[129.394244,36.362911],[129.394256,36.362869]],[[129.394114,36.363107],[129.394067,36.3631],[129.394065,36.36311],[129.394114,36.363107]],[[129.394059,36.362904],[129.394074,36.362924],[129.394103,36.362912],[129.394059,36.362904]],[[129.394398,36.363429],[129.394385,36.363403],[129.394356,36.363461],[129.394398,36.363429]],[[129.388572,36.350203],[129.388547,36.350215],[129.38857,36.350242],[129.388572,36.350203]],[[129.388556,36.350139],[129.388587,36.350144],[129.388578,36.350113],[129.388556,36.350139]],[[129.387972,36.35171],[129.387923,36.35174],[129.387931,36.351743],[129.387972,36.35171]],[[129.394072,36.362983],[129.394077,36.362965],[129.394034,36.362956],[129.394072,36.362983]],[[129.394299,36.362956],[129.394282,36.36294],[129.39426,36.362968],[129.394299,36.362956]],[[129.388637,36.35029],[129.388657,36.350297],[129.388647,36.350258],[129.388637,36.35029]],[[129.388385,36.350256],[129.388374,36.35026],[129.38841,36.350298],[129.388385,36.350256]],[[129.394056,36.363019],[129.39404,36.363016],[129.394047,36.363054],[129.394056,36.363019]],[[129.394134,36.362902],[129.394179,36.362877],[129.394148,36.362874],[129.394134,36.362902]],[[129.388826,36.351335],[129.388817,36.351366],[129.388841,36.351362],[129.388826,36.351335]],[[129.388053,36.351522],[129.388029,36.351502],[129.388023,36.351524],[129.388053,36.351522]],[[129.387909,36.351705],[129.387936,36.3517],[129.387917,36.351686],[129.387909,36.351705]],[[129.394049,36.362898],[129.394044,36.362874],[129.394032,36.362876],[129.394049,36.362898]],[[129.394067,36.36307],[129.394052,36.363085],[129.39407,36.363094],[129.394067,36.36307]],[[129.388454,36.351389],[129.388468,36.351383],[129.388454,36.35137],[129.388454,36.351389]],[[129.387959,36.35167],[129.387956,36.351666],[129.387939,36.351672],[129.387959,36.35167]]]},"properties":{"id":"khoa-hrbare-50003","name":"강구항","englishName":"GANGGU HANG","harborTypeCode":"GBN284","relatedInstitutionCode":"1192136","statusCode":null,"minimumScale":17999.0,"source":"국립해양조사원(KHOA)","sourceUpdatedAt":"2025-08-11","sourceRaw":"{\"gid\":3,\"objnum\":\"50003\",\"pbinst\":\"1192136\",\"indcde_1\":\"\",\"indcde_2\":\"\",\"indcde_3\":\"CLW013\",\"mnymd\":\"20241130\",\"clfcde\":\"COD007\",\"enclev\":\"6\",\"enc_no\":\"KR688D84\",\"gubun\":\"GBN284\",\"nobjnm\":\"강구항\",\"objnam\":\"GANGGU HANG\",\"status\":\"\",\"inform\":\"\",\"ninfom\":\"\",\"ntxtds\":\"\",\"scamin\":17999,\"txtdsc\":\"\",\"sordat\":\"\",\"sorind\":\"\"}"}},{"type":"Feature","id":"khoa-hrbare-50005","geometry":{"type":"Polygon","coordinates":[[[127.312311,34.025181],[127.311328,34.025058],[127.309364,34.024022],[127.309082,34.024317],[127.310229,34.024851],[127.309471,34.026292],[127.310297,34.026919],[127.311126,34.026107],[127.311156,34.026607],[127.310139,34.027638],[127.308819,34.027242],[127.308377,34.02834],[127.307527,34.028661],[127.30944,34.028562],[127.310199,34.029095],[127.310133,34.030047],[127.310457,34.029003],[127.310145,34.030179],[127.301739,34.030179],[127.304212,34.029047],[127.306248,34.028826],[127.304884,34.02888],[127.304682,34.027831],[127.306274,34.026016],[127.306858,34.026217],[127.305543,34.025645],[127.305897,34.025639],[127.30564,34.025496],[127.305985,34.024932],[127.30656,34.02548],[127.307597,34.023791],[127.308078,34.024],[127.308438,34.023677],[127.307499,34.023158],[127.307648,34.022057],[127.312056,34.022057],[127.312438,34.023008],[127.311917,34.023231],[127.312311,34.023397],[127.312311,34.025181]],[[127.308227,34.027089],[127.308177,34.027205],[127.308581,34.027327],[127.308227,34.027089]],[[127.308459,34.027605],[127.308042,34.027519],[127.308006,34.02764],[127.308459,34.027605]],[[127.309623,34.025017],[127.309952,34.025087],[127.309984,34.024989],[127.309623,34.025017]],[[127.30611,34.026922],[127.306133,34.026882],[127.30586,34.026766],[127.30611,34.026922]],[[127.305575,34.027314],[127.305389,34.027224],[127.305368,34.027252],[127.305575,34.027314]],[[127.310059,34.027561],[127.310077,34.027521],[127.309922,34.027477],[127.310059,34.027561]],[[127.305659,34.027237],[127.305684,34.027206],[127.305551,34.027129],[127.305659,34.027237]],[[127.30911,34.024022],[127.309165,34.024049],[127.309219,34.023972],[127.30911,34.024022]],[[127.308609,34.023693],[127.308553,34.02367],[127.308505,34.023749],[127.308609,34.023693]],[[127.305225,34.027549],[127.305121,34.027501],[127.305093,34.027541],[127.305225,34.027549]]]},"properties":{"id":"khoa-hrbare-50005","name":"거문도항","englishName":"GEOMUNDO HANG","harborTypeCode":"GBN284","relatedInstitutionCode":"1192136","statusCode":null,"minimumScale":17999.0,"source":"국립해양조사원(KHOA)","sourceUpdatedAt":"2025-08-11","sourceRaw":"{\"gid\":5,\"objnum\":\"50005\",\"pbinst\":\"1192136\",\"indcde_1\":\"\",\"indcde_2\":\"\",\"indcde_3\":\"CLW018\",\"mnymd\":\"20241130\",\"clfcde\":\"COD007\",\"enclev\":\"6\",\"enc_no\":\"KR688D84\",\"gubun\":\"GBN284\",\"nobjnm\":\"거문도항\",\"objnam\":\"GEOMUNDO HANG\",\"status\":\"\",\"inform\":\"\",\"ninfom\":\"\",\"ntxtds\":\"\",\"scamin\":17999,\"txtdsc\":\"\",\"sordat\":\"\",\"sorind\":\"\"}"}},{"type":"Feature","id":"khoa-hrbare-50006","geometry":{"type":"Polygon","coordinates":[[[125.561453,36.625556],[125.561502,36.623232],[125.561111,36.6225],[125.564722,36.6225],[125.564722,36.625556],[125.561453,36.625556]]]},"properties":{"id":"khoa-hrbare-50006","name":"격렬비열도항","englishName":"GYEONGNYEOLBI YEOLDO HANG","harborTypeCode":"GBN284","relatedInstitutionCode":"1192136","statusCode":null,"minimumScale":179999.0,"source":"국립해양조사원(KHOA)","sourceUpdatedAt":"2025-08-11","sourceRaw":"{\"gid\":6,\"objnum\":\"50006\",\"pbinst\":\"1192136\",\"indcde_1\":\"\",\"indcde_2\":\"\",\"indcde_3\":\"\",\"mnymd\":\"20241130\",\"clfcde\":\"COD007\",\"enclev\":\"4\",\"enc_no\":\"KR4G3F10\",\"gubun\":\"GBN284\",\"nobjnm\":\"격렬비열도항\",\"objnam\":\"GYEONGNYEOLBI YEOLDO HANG\",\"status\":\"\",\"inform\":\"\",\"ninfom\":\"\",\"ntxtds\":\"\",\"scamin\":179999,\"txtdsc\":\"\",\"sordat\":\"20220715\",\"sorind\":\"KR,KR,reprt,NTM2022-28-559\"}"}},{"type":"Feature","id":"khoa-hrbare-50007","geometry":{"type":"Polygon","coordinates":[[[129.557923,35.982884],[129.56723,35.989927],[129.56563,35.989176],[129.56599,35.989791],[129.565203,35.990269],[129.56454,35.990224],[129.564419,35.98975],[129.56408,35.989782],[129.564358,35.990183],[129.563656,35.990031],[129.562571,35.989507],[129.561226,35.989638],[129.557701,35.986784],[129.557797,35.985706],[129.557189,35.986991],[129.560305,35.989512],[129.559254,35.989797],[129.559534,35.99008],[129.558328,35.99088],[129.556429,35.990682],[129.555566,35.989983],[129.556345,35.989339],[129.555789,35.988896],[129.555166,35.989412],[129.552752,35.987472],[129.552557,35.987313],[129.551926,35.985592],[129.552718,35.985028],[129.553083,35.985363],[129.553333,35.985188],[129.552977,35.984842],[129.554128,35.98402],[129.553016,35.984093],[129.553685,35.983617],[129.553631,35.982902],[129.554127,35.982724],[129.55824,35.984205],[129.560377,35.985688],[129.558348,35.984181],[129.557923,35.982884]],[[129.554496,35.988873],[129.554672,35.988761],[129.554639,35.988731],[129.554496,35.988873]],[[129.554631,35.983217],[129.554641,35.983221],[129.554647,35.983211],[129.554631,35.983217]],[[129.562296,35.989258],[129.562804,35.989461],[129.562745,35.989343],[129.562296,35.989258]],[[129.561973,35.989244],[129.561887,35.989248],[129.561895,35.989264],[129.561973,35.989244]],[[129.562017,35.989177],[129.562313,35.989156],[129.562003,35.989023],[129.562017,35.989177]],[[129.562231,35.989389],[129.562227,35.989288],[129.562152,35.989309],[129.562231,35.989389]],[[129.562871,35.989561],[129.562875,35.989536],[129.562784,35.989498],[129.562871,35.989561]],[[129.563845,35.989879],[129.563508,35.989581],[129.563071,35.989488],[129.563158,35.989581],[129.563436,35.989632],[129.563845,35.989879]]]},"properties":{"id":"khoa-hrbare-50007","name":"구룡포항","englishName":"GURYONGPO HANG","harborTypeCode":"GBN284","relatedInstitutionCode":"1192136","statusCode":null,"minimumScale":17999.0,"source":"국립해양조사원(KHOA)","sourceUpdatedAt":"2025-08-11","sourceRaw":"{\"gid\":7,\"objnum\":\"50007\",\"pbinst\":\"1192136\",\"indcde_1\":\"\",\"indcde_2\":\"\",\"indcde_3\":\"CLW012\",\"mnymd\":\"20241130\",\"clfcde\":\"COD007\",\"enclev\":\"6\",\"enc_no\":\"KR688D84\",\"gubun\":\"GBN284\",\"nobjnm\":\"구룡포항\",\"objnam\":\"GURYONGPO HANG\",\"status\":\"\",\"inform\":\"\",\"ninfom\":\"\",\"ntxtds\":\"\",\"scamin\":17999,\"txtdsc\":\"\",\"sordat\":\"\",\"sorind\":\"\"}"}},{"type":"Feature","id":"khoa-hrbare-50008","geometry":{"type":"Polygon","coordinates":[[[126.6338,36.001989],[126.629586,36.006811],[126.625502,36.00671],[126.625485,36.00628],[126.624518,36.006147],[126.623452,36.006196],[126.623062,36.00665],[126.358431,36.0],[126.358431,35.917894],[126.52585,35.917894],[126.532199,35.933323],[126.531432,35.933613],[126.52955,35.933313],[126.528217,35.933427],[126.528237,35.933534],[126.529098,35.933382],[126.531283,35.933713],[126.531802,35.933604],[126.531449,35.934369],[126.532686,35.937484],[126.532229,35.93796],[126.529928,35.938564],[126.529132,35.938355],[126.527135,35.935831],[126.526482,35.934155],[126.527133,35.933677],[126.526318,35.93394],[126.525813,35.932818],[126.526375,35.931862],[126.52572,35.932813],[126.526284,35.934083],[126.525182,35.935459],[126.525051,35.937096],[126.526243,35.939047],[126.528467,35.940025],[126.529434,35.942489],[126.530337,35.942794],[126.529656,35.943147],[126.530952,35.943037],[126.531224,35.943968],[126.530314,35.945135],[126.528006,35.944631],[126.527106,35.94406],[126.525457,35.944295],[126.524656,35.944821],[126.524805,35.945503],[126.525333,35.945463],[126.525134,35.946289],[126.523344,35.94655],[126.522146,35.948431],[126.522545,35.949065],[126.523339,35.949271],[126.523354,35.949684],[126.521517,35.97242],[126.518165,35.972192],[126.51292,35.974799],[126.518196,35.972307],[126.521749,35.972496],[126.521699,35.973034],[126.522251,35.973059],[126.522293,35.972525],[126.522659,35.972547],[126.523309,35.966296],[126.525919,35.966487],[126.525414,35.972692],[126.525925,35.972721],[126.525856,35.973618],[126.537362,35.974229],[126.537478,35.973328],[126.547012,35.97383],[126.547204,35.97475],[126.563022,35.975584],[126.563132,35.974684],[126.569469,35.975015],[126.573051,35.975212],[126.572982,35.976112],[126.573356,35.975564],[126.573701,35.976149],[126.598223,35.977437],[126.598286,35.97654],[126.609768,35.977136],[126.609539,35.978206],[126.610207,35.977988],[126.610804,35.977147],[126.617241,35.977461],[126.617332,35.976598],[126.617851,35.976444],[126.618293,35.970692],[126.624386,35.971007],[126.624943,35.971079],[126.624377,35.971157],[126.62399,35.975998],[126.624308,35.976017],[126.624286,35.976554],[126.624852,35.976587],[126.624781,35.977529],[126.62211,35.977392],[126.620891,35.978723],[126.622066,35.977769],[126.627586,35.977924],[126.627854,35.978043],[126.627813,35.978537],[126.629054,35.978601],[126.629808,35.978637],[126.629851,35.978145],[126.637271,35.978517],[126.637199,35.979417],[126.638424,35.979477],[126.638493,35.978578],[126.647301,35.979021],[126.667623,35.983864],[126.67165,35.983161],[126.671822,35.983774],[126.672335,35.982784],[126.67304,35.983237],[126.673605,35.9827],[126.674395,35.982749],[126.674349,35.983392],[126.68413,35.983877],[126.68888,35.985308],[126.688792,35.985564],[126.689013,35.985135],[126.689085,35.985667],[126.693999,35.987293],[126.696197,35.988487],[126.695856,35.988863],[126.694527,35.988122],[126.695916,35.989026],[126.696332,35.988601],[126.697032,35.988997],[126.696839,35.989577],[126.698455,35.990661],[126.705984,35.994707],[126.706158,35.994341],[126.710361,35.993267],[126.712198,35.991909],[126.718065,35.989037],[126.722352,35.988019],[126.723013,35.987503],[126.724143,35.987405],[126.728515,35.985557],[126.726717,36.000306],[126.725695,36.000324],[126.725674,35.999711],[126.725259,36.000333],[126.724546,36.000345],[126.72425,36.0],[126.723186,36.000123],[126.723232,36.000369],[126.719358,36.00044],[126.718547,35.999724],[126.719236,36.000442],[126.6338,36.001989]],[[126.491158,35.978668],[126.515791,35.996902],[126.51587,35.996828],[126.491158,35.978668]],[[126.522648,35.988417],[126.522741,35.988487],[126.522798,35.988416],[126.522648,35.988417]],[[126.523255,35.988332],[126.523143,35.988421],[126.523464,35.988367],[126.523255,35.988332]],[[126.522912,35.988405],[126.522887,35.988434],[126.523073,35.988399],[126.522912,35.988405]],[[126.523692,35.988344],[126.600392,35.991081],[126.601162,35.992908],[126.60041,35.99484],[126.602896,35.998122],[126.604099,36.000456],[126.604733,36.000834],[126.606968,36.000146],[126.606878,35.999448],[126.60988,35.994498],[126.604933,35.992152],[126.607605,35.990512],[126.606853,35.990645],[126.604411,35.991948],[126.603157,35.990982],[126.601365,35.991171],[126.59941,35.989524],[126.600763,35.990994],[126.525076,35.988326],[126.524605,35.988042],[126.523692,35.988344]],[[126.525436,35.987429],[126.525203,35.987464],[126.525191,35.987565],[126.526077,35.987233],[126.525436,35.987429]],[[126.526283,35.987293],[126.526183,35.987369],[126.526407,35.987371],[126.526283,35.987293]],[[126.514831,35.97217],[126.514944,35.972082],[126.514836,35.97199],[126.514831,35.97217]],[[126.514932,35.969528],[126.515045,35.96944],[126.514937,35.969348],[126.514932,35.969528]],[[126.567139,35.976583],[126.567333,35.976472],[126.566278,35.9755],[126.567139,35.976583]],[[126.565278,35.976167],[126.565444,35.976056],[126.564667,35.975333],[126.565278,35.976167]],[[126.565277,35.977262],[126.563446,35.975577],[126.563379,35.975625],[126.565277,35.977262]],[[126.599615,35.97782],[126.599471,35.977746],[126.599427,35.977809],[126.599615,35.97782]],[[126.575048,35.977485],[126.575,35.977395],[126.575,35.977678],[126.575048,35.977485]],[[126.599414,35.977714],[126.599338,35.977677],[126.599275,35.977751],[126.599414,35.977714]],[[126.599675,35.977848],[126.599619,35.977916],[126.599678,35.977962],[126.599675,35.977848]],[[126.598833,35.977501],[126.598879,35.977441],[126.598803,35.977403],[126.598833,35.977501]],[[126.599968,35.978004],[126.599934,35.978043],[126.599958,35.978054],[126.599968,35.978004]],[[126.59957,35.977235],[126.599569,35.977254],[126.599629,35.977257],[126.59957,35.977235]],[[126.599605,35.977469],[126.599543,35.977463],[126.599545,35.97748],[126.599605,35.977469]],[[126.599065,35.977599],[126.59908,35.977607],[126.599116,35.977562],[126.599065,35.977599]],[[126.59968,35.976782],[126.599619,35.976777],[126.599615,35.976796],[126.59968,35.976782]],[[126.599592,35.977024],[126.599653,35.977029],[126.599651,35.97701],[126.599592,35.977024]],[[126.599521,35.977711],[126.599582,35.977716],[126.599586,35.977699],[126.599521,35.977711]],[[126.585812,35.994708],[126.585343,35.995343],[126.583555,35.995787],[126.584348,35.996046],[126.585856,35.995455],[126.586136,35.995167],[126.585812,35.994708]],[[126.668591,35.990569],[126.679749,35.991414],[126.691856,35.994427],[126.700043,35.99569],[126.7012,35.995515],[126.700164,35.993407],[126.693868,35.989742],[126.684197,35.986254],[126.658249,35.986309],[126.657227,35.986913],[126.657185,35.989696],[126.657893,35.990345],[126.668591,35.990569]],[[126.627718,35.978392],[126.627107,35.978268],[126.627073,35.978727],[126.627692,35.978757],[126.627718,35.978392]],[[126.634614,35.979152],[126.634601,35.979283],[126.636482,35.979379],[126.634614,35.979152]],[[126.631401,35.978816],[126.632371,35.978708],[126.632372,35.978577],[126.631421,35.978548],[126.631401,35.978816]],[[126.605334,35.978839],[126.605422,35.979084],[126.605817,35.978985],[126.605334,35.978839]],[[126.601698,35.977988],[126.601174,35.978123],[126.601225,35.978266],[126.601698,35.977988]],[[126.610949,35.993649],[126.611187,35.993386],[126.610894,35.993369],[126.610949,35.993649]],[[126.62405,35.978282],[126.624059,35.978156],[126.623597,35.978133],[126.62405,35.978282]],[[126.6229,35.978226],[126.623365,35.978247],[126.623372,35.978121],[126.6229,35.978226]],[[126.622225,35.978068],[126.622214,35.97819],[126.622679,35.978214],[126.622225,35.978068]],[[126.623047,35.977302],[126.623507,35.977326],[126.623518,35.977202],[126.623047,35.977302]],[[126.624172,35.97736],[126.624181,35.977235],[126.623719,35.977213],[126.624172,35.97736]],[[126.622387,35.977269],[126.622847,35.977294],[126.622856,35.977172],[126.622387,35.977269]],[[126.61113,35.97996],[126.611606,35.979963],[126.611603,35.979853],[126.61113,35.97996]],[[126.624387,35.9783],[126.624402,35.978174],[126.624069,35.978149],[126.624387,35.9783]],[[126.624043,35.976536],[126.624044,35.976263],[126.623888,35.976262],[126.624043,35.976536]],[[126.630712,35.978559],[126.630718,35.978433],[126.63039,35.978417],[126.630712,35.978559]],[[126.622379,35.977271],[126.622385,35.977147],[126.622052,35.977138],[126.622379,35.977271]],[[126.631071,35.978451],[126.631061,35.978576],[126.631391,35.978589],[126.631071,35.978451]],[[126.630725,35.978559],[126.631052,35.978575],[126.631063,35.97845],[126.630725,35.978559]],[[126.630381,35.978421],[126.630053,35.978405],[126.630043,35.978528],[126.630381,35.978421]],[[126.612698,35.979949],[126.612864,35.979946],[126.612862,35.979815],[126.612698,35.979949]],[[126.606663,35.978691],[126.606805,35.978694],[126.606814,35.978576],[126.606663,35.978691]],[[126.613323,35.979827],[126.613323,35.979739],[126.613158,35.979742],[126.613323,35.979827]],[[126.602319,35.977861],[126.602191,35.977863],[126.602219,35.97798],[126.602319,35.977861]],[[126.602323,35.990724],[126.602275,35.990628],[126.602198,35.990656],[126.602323,35.990724]],[[126.612085,35.979657],[126.612107,35.979719],[126.612225,35.97971],[126.612085,35.979657]],[[126.612515,35.979872],[126.612505,35.979954],[126.612603,35.979964],[126.612515,35.979872]],[[126.612114,35.979905],[126.612222,35.979908],[126.612222,35.97982],[126.612114,35.979905]],[[126.610546,35.9799],[126.610546,35.979812],[126.610441,35.979814],[126.610546,35.9799]],[[126.613057,35.979875],[126.612951,35.979873],[126.612951,35.97996],[126.613057,35.979875]],[[126.606355,35.978771],[126.60643,35.978752],[126.606386,35.978653],[126.606355,35.978771]],[[126.613442,35.979941],[126.61354,35.979941],[126.613543,35.979861],[126.613442,35.979941]],[[126.600159,35.978186],[126.600233,35.978227],[126.600285,35.978164],[126.600159,35.978186]],[[126.612427,35.979717],[126.612432,35.979812],[126.612498,35.979812],[126.612427,35.979717]],[[126.6271,35.97818],[126.627089,35.978249],[126.627185,35.978255],[126.6271,35.97818]],[[126.611843,35.979819],[126.611911,35.979818],[126.611911,35.97972],[126.611843,35.979819]],[[126.626948,35.978724],[126.627036,35.978729],[126.627039,35.978661],[126.626948,35.978724]],[[126.600616,35.978296],[126.600642,35.978367],[126.600724,35.978339],[126.600616,35.978296]],[[126.627638,35.978212],[126.62763,35.978277],[126.627719,35.978279],[126.627638,35.978212]],[[126.624047,35.976428],[126.624044,35.976555],[126.624083,35.976554],[126.624047,35.976428]],[[126.604808,35.979079],[126.60474,35.979095],[126.604764,35.97915],[126.604808,35.979079]],[[126.693723,35.98762],[126.693795,35.987497],[126.693495,35.987379],[126.693723,35.98762]],[[126.688328,35.985267],[126.688282,35.985368],[126.688335,35.985384],[126.688328,35.985267]],[[126.70669,35.995385],[126.706662,35.995222],[126.706324,35.995257],[126.70669,35.995385]],[[126.706602,35.99485],[126.706579,35.994758],[126.706231,35.994811],[126.706602,35.99485]],[[126.707195,35.999303],[126.707085,35.999294],[126.707071,35.999384],[126.707195,35.999303]],[[126.706845,35.997261],[126.706858,35.997171],[126.706748,35.99716],[126.706845,35.997261]],[[126.707028,35.998228],[126.706918,35.998217],[126.706905,35.998307],[126.707028,35.998228]],[[126.706942,35.997696],[126.706832,35.997687],[126.706821,35.997776],[126.706942,35.997696]],[[126.707114,35.998762],[126.707003,35.998753],[126.706992,35.998841],[126.707114,35.998762]],[[126.707285,35.999842],[126.707175,35.999832],[126.707164,35.999922],[126.707285,35.999842]],[[126.626785,36.004465],[126.627276,36.004741],[126.627055,36.005326],[126.628018,36.005666],[126.628257,36.006179],[126.62935,36.006164],[126.63363,36.001666],[126.632294,36.000322],[126.631187,36.000071],[126.630579,36.000405],[126.626837,36.000625],[126.627144,36.004193],[126.626785,36.004465]],[[126.62301,36.006346],[126.623066,36.006276],[126.622929,36.006182],[126.62301,36.006346]],[[126.622707,36.00613],[126.622767,36.006131],[126.622764,36.006105],[126.622707,36.00613]],[[126.513979,35.987924],[126.514011,35.987872],[126.513949,35.98785],[126.513979,35.987924]],[[126.506791,35.986312],[126.506767,35.986312],[126.506767,35.986331],[126.506791,35.986312]],[[126.521444,35.988753],[126.521494,35.988755],[126.5215,35.988712],[126.521444,35.988753]],[[126.526423,35.987104],[126.526289,35.987135],[126.526297,35.987143],[126.526423,35.987104]],[[126.525378,35.987368],[126.525183,35.987403],[126.525301,35.987437],[126.525378,35.987368]],[[126.522184,35.988553],[126.522174,35.988626],[126.522258,35.98862],[126.522184,35.988553]],[[126.61092,35.993779],[126.610803,35.993931],[126.610961,35.993888],[126.61092,35.993779]]]},"properties":{"id":"khoa-hrbare-50008","name":"군산항","englishName":"GUNSAN HANG","harborTypeCode":"GBN284","relatedInstitutionCode":"1192136","statusCode":null,"minimumScale":17999.0,"source":"국립해양조사원(KHOA)","sourceUpdatedAt":"2025-08-11","sourceRaw":"{\"gid\":8,\"objnum\":\"50008\",\"pbinst\":\"1192136\",\"indcde_1\":\"\",\"indcde_2\":\"ENW006\",\"indcde_3\":\"CLW004\",\"mnymd\":\"20241130\",\"clfcde\":\"COD007\",\"enclev\":\"5, 6\",\"enc_no\":\"KR5G3F11, KR688D84\",\"gubun\":\"GBN284\",\"nobjnm\":\"군산항\",\"objnam\":\"GUNSAN HANG\",\"status\":\"\",\"inform\":\"\",\"ninfom\":\"\",\"ntxtds\":\"\",\"scamin\":17999,\"txtdsc\":\"\",\"sordat\":\"\",\"sorind\":\"\"}"}},{"type":"Feature","id":"khoa-hrbare-50009","geometry":{"type":"Polygon","coordinates":[[[127.452704,34.45],[127.454047,34.45],[127.454779,34.45062],[127.456188,34.450765],[127.457767,34.451362],[127.458266,34.452033],[127.458401,34.45259],[127.458019,34.453501],[127.455372,34.454412],[127.45515,34.455053],[127.453428,34.456024],[127.456163,34.45561],[127.456872,34.456356],[127.456614,34.456796],[127.455647,34.456862],[127.455746,34.457889],[127.454101,34.459189],[127.454053,34.459524],[127.454785,34.459985],[127.454609,34.460488],[127.453935,34.460654],[127.453966,34.461684],[127.453611,34.461722],[127.45395,34.461833],[127.453864,34.462828],[127.453407,34.462833],[127.453833,34.463113],[127.453745,34.46379],[127.453378,34.464011],[127.453125,34.466703],[127.454277,34.466785],[127.454346,34.467052],[127.456693,34.465821],[127.457141,34.465774],[127.457155,34.466056],[127.45274,34.467745],[127.452386,34.467654],[127.452598,34.46787],[127.447362,34.468289],[127.446452,34.466184],[127.447314,34.468279],[127.443522,34.466633],[127.447918,34.4655],[127.449247,34.464746],[127.44895,34.464748],[127.448421,34.465004],[127.448278,34.464983],[127.448181,34.464897],[127.449224,34.463905],[127.449573,34.463991],[127.449635,34.464425],[127.450462,34.462441],[127.450861,34.459813],[127.450281,34.457629],[127.452144,34.455463],[127.450583,34.45696],[127.452239,34.451665],[127.452897,34.4515],[127.452704,34.45]],[[127.45,34.464652],[127.45,34.464672],[127.450012,34.46466],[127.45,34.464652]],[[127.452621,34.46564],[127.452609,34.465765],[127.453042,34.465795],[127.452621,34.46564]],[[127.452776,34.466176],[127.452766,34.466303],[127.452983,34.466314],[127.452776,34.466176]],[[127.452546,34.466156],[127.452531,34.466282],[127.452747,34.466301],[127.452546,34.466156]],[[127.453366,34.463186],[127.45335,34.46325],[127.453672,34.463305],[127.453366,34.463186]],[[127.453856,34.460878],[127.45384,34.460809],[127.453541,34.460914],[127.453856,34.460878]],[[127.45311,34.466855],[127.453108,34.466887],[127.453436,34.466907],[127.45311,34.466855]],[[127.453404,34.46355],[127.453653,34.463568],[127.453658,34.463524],[127.453404,34.46355]],[[127.453844,34.466823],[127.453587,34.46682],[127.453665,34.46694],[127.453844,34.466823]],[[127.453382,34.463929],[127.453161,34.463922],[127.453159,34.463967],[127.453382,34.463929]],[[127.45312,34.463505],[127.453119,34.463539],[127.453393,34.463545],[127.45312,34.463505]],[[127.453297,34.462875],[127.453099,34.462855],[127.453093,34.462897],[127.453297,34.462875]],[[127.452563,34.46765],[127.452593,34.467625],[127.452497,34.467551],[127.452563,34.46765]],[[127.445958,34.466288],[127.445954,34.466314],[127.445969,34.466322],[127.445958,34.466288]],[[127.449334,34.464178],[127.449316,34.464167],[127.449298,34.464189],[127.449334,34.464178]],[[127.44852,34.464639],[127.448511,34.464614],[127.448493,34.464621],[127.44852,34.464639]],[[127.446008,34.466449],[127.445998,34.466434],[127.445973,34.466442],[127.446008,34.466449]],[[127.446454,34.465976],[127.446467,34.465982],[127.446481,34.465965],[127.446454,34.465976]],[[127.445818,34.466412],[127.445831,34.466422],[127.445843,34.466402],[127.445818,34.466412]],[[127.4491,34.464174],[127.449077,34.46417],[127.449077,34.464192],[127.4491,34.464174]],[[127.446961,34.466058],[127.446976,34.46605],[127.446967,34.466035],[127.446961,34.466058]],[[127.448759,34.464423],[127.44875,34.464412],[127.448728,34.46442],[127.448759,34.464423]],[[127.446109,34.466277],[127.446092,34.466269],[127.446083,34.466288],[127.446109,34.466277]],[[127.44671,34.46591],[127.446693,34.465903],[127.446684,34.465921],[127.44671,34.46591]],[[127.448263,34.464936],[127.44827,34.464943],[127.44829,34.464933],[127.448263,34.464936]],[[127.44947,34.464133],[127.44948,34.464123],[127.449466,34.464115],[127.44947,34.464133]],[[127.458333,34.452725],[127.45831,34.45271],[127.4583,34.452734],[127.458333,34.452725]]]},"properties":{"id":"khoa-hrbare-50009","name":"나로도항","englishName":"Narodo Hang","harborTypeCode":"GBN284","relatedInstitutionCode":"1192136","statusCode":null,"minimumScale":17999.0,"source":"국립해양조사원(KHOA)","sourceUpdatedAt":"2025-08-11","sourceRaw":"{\"gid\":9,\"objnum\":\"50009\",\"pbinst\":\"1192136\",\"indcde_1\":\"\",\"indcde_2\":\"\",\"indcde_3\":\"CLW003\",\"mnymd\":\"20241130\",\"clfcde\":\"COD007\",\"enclev\":\"6\",\"enc_no\":\"KR688D84\",\"gubun\":\"GBN284\",\"nobjnm\":\"나로도항\",\"objnam\":\"Narodo Hang\",\"status\":\"\",\"inform\":\"\",\"ninfom\":\"\",\"ntxtds\":\"\",\"scamin\":17999,\"txtdsc\":\"\",\"sordat\":\"\",\"sorind\":\"\"}"}},{"type":"Feature","id":"khoa-hrbare-50010","geometry":{"type":"Polygon","coordinates":[[[126.500928,36.324594],[126.501345,36.324955],[126.503157,36.32456],[126.503769,36.325113],[126.504205,36.326001],[126.50457,36.329822],[126.505623,36.330969],[126.504681,36.329943],[126.504722,36.329028],[126.506089,36.32824],[126.506954,36.327936],[126.507131,36.328258],[126.507066,36.327913],[126.507917,36.327637],[126.512346,36.327565],[126.512361,36.32806],[126.51268,36.32756],[126.513761,36.327546],[126.513882,36.327869],[126.513878,36.327537],[126.515348,36.327513],[126.516233,36.328134],[126.516272,36.332265],[126.520045,36.335269],[126.52345,36.335682],[126.528266,36.335557],[126.530762,36.337231],[126.533866,36.337942],[126.536428,36.338099],[126.538501,36.338799],[126.543255,36.338729],[126.544336,36.339474],[126.547447,36.344287],[126.550421,36.346733],[126.55478,36.348457],[126.556144,36.349571],[126.558707,36.349727],[126.56098,36.350869],[126.560586,36.353145],[126.55,36.3544],[126.55,36.35],[126.491963,36.35],[126.500928,36.324594]],[[126.51537,36.333667],[126.504967,36.332454],[126.505045,36.332569],[126.51537,36.333667]],[[126.514475,36.33098],[126.515833,36.330986],[126.515835,36.330859],[126.515614,36.330679],[126.514475,36.33098]],[[126.514456,36.332061],[126.514455,36.332187],[126.515814,36.332193],[126.514456,36.332061]],[[126.515847,36.330138],[126.515848,36.330012],[126.514665,36.330044],[126.515847,36.330138]],[[126.505242,36.329179],[126.504904,36.329033],[126.504894,36.329725],[126.505483,36.330495],[126.505572,36.330183],[126.504956,36.329727],[126.505242,36.329179]],[[126.509874,36.328227],[126.510061,36.328231],[126.510057,36.327757],[126.509874,36.328227]],[[126.511822,36.328365],[126.511975,36.328364],[126.511978,36.327778],[126.511822,36.328365]],[[126.511376,36.328568],[126.511312,36.327827],[126.511159,36.327831],[126.511376,36.328568]],[[126.514286,36.327587],[126.514287,36.327785],[126.514471,36.327785],[126.514286,36.327587]],[[126.507848,36.32793],[126.507756,36.327765],[126.507654,36.327803],[126.507848,36.32793]],[[126.515759,36.328069],[126.515522,36.328262],[126.515554,36.328286],[126.515759,36.328069]],[[126.515561,36.32791],[126.515325,36.328104],[126.515357,36.328129],[126.515561,36.32791]],[[126.515158,36.327971],[126.515395,36.327778],[126.515364,36.327753],[126.515158,36.327971]],[[126.503772,36.325408],[126.50381,36.325566],[126.50388,36.325555],[126.503772,36.325408]]]},"properties":{"id":"khoa-hrbare-50010","name":"대천항","englishName":"Daecheon Hang","harborTypeCode":"GBN284","relatedInstitutionCode":"1192136","statusCode":null,"minimumScale":17999.0,"source":"국립해양조사원(KHOA)","sourceUpdatedAt":"2025-08-11","sourceRaw":"{\"gid\":10,\"objnum\":\"50010\",\"pbinst\":\"1192136\",\"indcde_1\":\"BCH014\",\"indcde_2\":\"ENW019\",\"indcde_3\":\"CLW004\",\"mnymd\":\"20241130\",\"clfcde\":\"COD007\",\"enclev\":\"5, 6\",\"enc_no\":\"KR5G3F11, KR688D84\",\"gubun\":\"GBN284\",\"nobjnm\":\"대천항\",\"objnam\":\"Daecheon Hang\",\"status\":\"\",\"inform\":\"\",\"ninfom\":\"\",\"ntxtds\":\"\",\"scamin\":17999,\"txtdsc\":\"\",\"sordat\":\"\",\"sorind\":\"\"}"}},{"type":"Feature","id":"khoa-hrbare-50011","geometry":{"type":"Polygon","coordinates":[[[129.122647,37.519492],[129.124215,37.517161],[129.125422,37.517214],[129.125303,37.516859],[129.125825,37.516974],[129.125906,37.516346],[129.126706,37.515941],[129.126115,37.515714],[129.126142,37.515036],[129.127033,37.51461],[129.127772,37.514631],[129.127251,37.514018],[129.128202,37.513447],[129.127939,37.513006],[129.135407,37.504386],[129.145633,37.498968],[129.149649,37.497538],[129.145504,37.498803],[129.135568,37.504062],[129.131211,37.501393],[129.132526,37.499846],[129.133205,37.500176],[129.133746,37.499671],[129.132825,37.499221],[129.133446,37.498414],[129.137519,37.500404],[129.13423,37.498594],[129.136172,37.49642],[129.124404,37.49068],[129.126764,37.487608],[129.141993,37.495033],[129.14373,37.494433],[129.14461,37.496758],[129.14377,37.494258],[129.141388,37.492908],[129.143339,37.491416],[129.144017,37.49161],[129.144191,37.491371],[129.144562,37.491544],[129.144594,37.491134],[129.145574,37.491069],[129.14625,37.491598],[129.145356,37.492843],[129.145645,37.492955],[129.146399,37.491647],[129.14675,37.491779],[129.145912,37.493061],[129.146379,37.493242],[129.146364,37.494266],[129.14733,37.491928],[129.146939,37.491651],[129.15,37.488724],[129.15,37.5],[129.191552,37.5],[129.2,37.486637],[129.2,37.522143],[129.1455,37.522222],[129.142111,37.519528],[129.122647,37.519492]],[[129.128175,37.513044],[129.128272,37.513304],[129.128371,37.513255],[129.128175,37.513044]],[[129.128031,37.514663],[129.128153,37.514694],[129.128156,37.51442],[129.128031,37.514663]],[[129.127671,37.514735],[129.12753,37.514827],[129.127628,37.514908],[129.127671,37.514735]],[[129.143154,37.491845],[129.143291,37.491861],[129.143262,37.491825],[129.143154,37.491845]],[[129.142798,37.492022],[129.142763,37.491965],[129.142708,37.491992],[129.142798,37.492022]],[[129.144324,37.491497],[129.144214,37.491493],[129.144216,37.491577],[129.144324,37.491497]],[[129.145551,37.50306],[129.156586,37.504402],[129.164366,37.502425],[129.164247,37.502185],[129.156723,37.504232],[129.145551,37.50306]],[[129.126059,37.517043],[129.12615,37.516932],[129.125981,37.516866],[129.126059,37.517043]],[[129.127476,37.514814],[129.127613,37.514723],[129.127425,37.514673],[129.127476,37.514814]]]},"properties":{"id":"khoa-hrbare-50011","name":"동해항","englishName":"Donghae hang","harborTypeCode":"GBN284","relatedInstitutionCode":"1192136","statusCode":null,"minimumScale":17999.0,"source":"국립해양조사원(KHOA)","sourceUpdatedAt":"2025-08-11","sourceRaw":"{\"gid\":11,\"objnum\":\"50011\",\"pbinst\":\"1192136\",\"indcde_1\":\"\",\"indcde_2\":\"ENW011\",\"indcde_3\":\"CLW015\",\"mnymd\":\"20241130\",\"clfcde\":\"COD007\",\"enclev\":\"5, 6\",\"enc_no\":\"KR5G3F11, KR688D84\",\"gubun\":\"GBN284\",\"nobjnm\":\"동해항\",\"objnam\":\"Donghae hang\",\"status\":\"\",\"inform\":\"Numerous Set Fish-trap\",\"ninfom\":\"정치어망다수존재\",\"ntxtds\":\"\",\"scamin\":17999,\"txtdsc\":\"\",\"sordat\":\"20190524\",\"sorind\":\"KR,KR,reprt,NTM2019-21-419\"}"}},{"type":"Feature","id":"khoa-hrbare-50012","geometry":{"type":"Polygon","coordinates":[[[129.157331,37.481722],[129.200944,37.481667],[129.201039,37.522222],[129.2,37.522222],[129.2,37.486637],[129.191552,37.5],[129.15,37.5],[129.15,37.488724],[129.156295,37.483117],[129.15934,37.484797],[129.160726,37.486684],[129.164502,37.489434],[129.165206,37.490869],[129.164741,37.492212],[129.157112,37.499393],[129.157373,37.499605],[129.16536,37.49163],[129.165439,37.490555],[129.164905,37.489505],[129.161459,37.487044],[129.159287,37.484464],[129.157575,37.4837],[129.157893,37.483378],[129.157411,37.483577],[129.156546,37.482472],[129.157331,37.481722]]]},"properties":{"id":"khoa-hrbare-50012","name":"동해항","englishName":"DONGHAE HANG","harborTypeCode":"GBN284","relatedInstitutionCode":"1192136","statusCode":null,"minimumScale":17999.0,"source":"국립해양조사원(KHOA)","sourceUpdatedAt":"2025-08-11","sourceRaw":"{\"gid\":12,\"objnum\":\"50012\",\"pbinst\":\"1192136\",\"indcde_1\":\"BCH075\",\"indcde_2\":\"ENW011\",\"indcde_3\":\"CLW015\",\"mnymd\":\"20241130\",\"clfcde\":\"COD007\",\"enclev\":\"5, 6\",\"enc_no\":\"KR5G3F11, KR688D84\",\"gubun\":\"GBN284\",\"nobjnm\":\"동해항\",\"objnam\":\"DONGHAE HANG\",\"status\":\"\",\"inform\":\"\",\"ninfom\":\"\",\"ntxtds\":\"\",\"scamin\":17999,\"txtdsc\":\"\",\"sordat\":\"20190719\",\"sorind\":\"KR,KR,reprt,NTM2019-29-605\"}"}},{"type":"Feature","id":"khoa-hrbare-50013","geometry":{"type":"Polygon","coordinates":[[[126.534464,34.302159],[126.531428,34.301871],[126.531116,34.301373],[126.529328,34.300682],[126.528862,34.30016],[126.529444,34.298592],[126.530291,34.298589],[126.530398,34.299071],[126.532307,34.299733],[126.532052,34.299507],[126.530917,34.299054],[126.530667,34.298194],[126.529884,34.298227],[126.529441,34.297571],[126.528311,34.297082],[126.528036,34.29614],[126.534497,34.296164],[126.534464,34.302159]],[[126.529651,34.297494],[126.529654,34.297476],[126.529629,34.297478],[126.529651,34.297494]],[[126.529781,34.2979],[126.529759,34.297865],[126.529752,34.297883],[126.529781,34.2979]],[[126.530195,34.297748],[126.530328,34.298083],[126.530371,34.298008],[126.530195,34.297748]],[[126.531645,34.2996],[126.531355,34.299483],[126.531394,34.299728],[126.531645,34.2996]],[[126.53183,34.299647],[126.531644,34.299609],[126.531626,34.299645],[126.53183,34.299647]],[[126.531225,34.299374],[126.531173,34.299496],[126.531262,34.299518],[126.531225,34.299374]],[[126.530858,34.299484],[126.530897,34.299495],[126.53101,34.299292],[126.530858,34.299484]],[[126.531042,34.299495],[126.531077,34.299504],[126.531131,34.299373],[126.531042,34.299495]],[[126.530081,34.300081],[126.530015,34.300237],[126.530834,34.300422],[126.530081,34.300081]]]},"properties":{"id":"khoa-hrbare-50013","name":"땅끝항","englishName":"Ttangkkeut Hang","harborTypeCode":"GBN284","relatedInstitutionCode":"1192136","statusCode":null,"minimumScale":17999.0,"source":"국립해양조사원(KHOA)","sourceUpdatedAt":"2025-08-11","sourceRaw":"{\"gid\":13,\"objnum\":\"50013\",\"pbinst\":\"1192136\",\"indcde_1\":\"\",\"indcde_2\":\"\",\"indcde_3\":\"CLW006\",\"mnymd\":\"20241130\",\"clfcde\":\"COD007\",\"enclev\":\"6\",\"enc_no\":\"KR688D84\",\"gubun\":\"GBN284\",\"nobjnm\":\"땅끝항\",\"objnam\":\"Ttangkkeut Hang\",\"status\":\"\",\"inform\":\"\",\"ninfom\":\"\",\"ntxtds\":\"\",\"scamin\":17999,\"txtdsc\":\"\",\"sordat\":\"\",\"sorind\":\"\"}"}},{"type":"Feature","id":"khoa-hrbare-50014","geometry":{"type":"Polygon","coordinates":[[[126.34053,34.794838],[126.340163,34.790617],[126.339324,34.787884],[126.339841,34.787079],[126.33964,34.785866],[126.339232,34.785668],[126.339207,34.785019],[126.338669,34.785407],[126.338661,34.7853],[126.338776,34.785006],[126.339406,34.784865],[126.339066,34.782165],[126.318911,34.760232],[126.319088,34.759364],[126.31821,34.7591],[126.317224,34.75074],[126.319659,34.749239],[126.320699,34.747953],[126.320229,34.7475],[126.320703,34.747049],[126.321268,34.747392],[126.323955,34.74475],[126.323411,34.744482],[126.324585,34.743844],[126.32482,34.743161],[126.325562,34.743009],[126.325908,34.74333],[126.32737,34.742809],[126.327211,34.742544],[126.324759,34.742995],[126.324922,34.742737],[126.327677,34.741562],[126.328879,34.741827],[126.328058,34.741398],[126.330849,34.740401],[126.332347,34.740464],[126.332631,34.739559],[126.33447,34.738454],[126.33473,34.73789],[126.333687,34.73705],[126.333924,34.736128],[126.333469,34.73588],[126.33194,34.736051],[126.331257,34.736791],[126.328919,34.735669],[126.327724,34.737704],[126.327172,34.737831],[126.327641,34.735955],[126.328143,34.735571],[126.327132,34.735172],[126.327598,34.734949],[126.32739,34.734611],[126.328793,34.73386],[126.329295,34.734104],[126.330888,34.733464],[126.330119,34.733099],[126.330417,34.731425],[126.329969,34.729768],[126.340244,34.736854],[126.378623,34.714454],[126.38164,34.716753],[126.381925,34.717221],[126.381346,34.717647],[126.381467,34.717957],[126.38265,34.71731],[126.381646,34.718141],[126.382681,34.717483],[126.385136,34.719905],[126.385171,34.720983],[126.385732,34.720727],[126.386192,34.721153],[126.388908,34.729393],[126.388426,34.729818],[126.38726,34.729713],[126.389372,34.730285],[126.389686,34.731355],[126.388896,34.731705],[126.385957,34.731485],[126.373997,34.736442],[126.372208,34.73346],[126.373033,34.734745],[126.373424,34.734363],[126.371415,34.732028],[126.371028,34.732192],[126.373799,34.736526],[126.370025,34.738095],[126.370131,34.738558],[126.369361,34.738885],[126.36898,34.738523],[126.360271,34.742132],[126.360628,34.742085],[126.365263,34.749104],[126.368151,34.747952],[126.368681,34.748742],[126.369017,34.748684],[126.368855,34.749075],[126.365992,34.750168],[126.365596,34.749672],[126.366214,34.751272],[126.366739,34.751415],[126.367301,34.751142],[126.368256,34.751269],[126.36949,34.75031],[126.373945,34.749206],[126.377699,34.75152],[126.378065,34.752195],[126.379362,34.75213],[126.380466,34.752682],[126.380175,34.757882],[126.372925,34.75292],[126.371825,34.754007],[126.378252,34.758385],[126.378669,34.759824],[126.38028,34.759991],[126.381982,34.763874],[126.379746,34.763987],[126.379148,34.764575],[126.379161,34.766188],[126.38017,34.766983],[126.379944,34.767411],[126.381159,34.767908],[126.381449,34.768675],[126.382388,34.76853],[126.382134,34.76932],[126.382955,34.769531],[126.383298,34.76869],[126.386129,34.769459],[126.38583,34.77017],[126.384979,34.77007],[126.387314,34.770695],[126.385907,34.770196],[126.386182,34.769473],[126.388396,34.770291],[126.389479,34.7703],[126.389655,34.770405],[126.389311,34.771257],[126.390539,34.77158],[126.390578,34.771479],[126.389962,34.771337],[126.389497,34.771071],[126.389887,34.770282],[126.391771,34.770831],[126.391238,34.772379],[126.399498,34.774177],[126.400443,34.773986],[126.400217,34.773756],[126.400141,34.773323],[126.400448,34.77249],[126.400602,34.772749],[126.402323,34.772655],[126.402271,34.77362],[126.404724,34.772848],[126.405097,34.771731],[126.405814,34.772184],[126.414374,34.77427],[126.413995,34.775259],[126.413569,34.775231],[126.425322,34.778343],[126.425435,34.778051],[126.426272,34.77827],[126.426595,34.777487],[126.429466,34.778487],[126.429607,34.778098],[126.433868,34.777027],[126.442247,34.779362],[126.444114,34.782106],[126.446683,34.781728],[126.449778,34.782425],[126.449063,34.785101],[126.4477,34.7855],[126.447305,34.786131],[126.447767,34.786982],[126.446626,34.789025],[126.446072,34.789218],[126.446564,34.789622],[126.441008,34.799364],[126.428825,34.793544],[126.42684,34.793766],[126.425998,34.793149],[126.425767,34.79195],[126.425153,34.79204],[126.424597,34.793561],[126.423981,34.792965],[126.422455,34.792752],[126.422414,34.791677],[126.420968,34.791575],[126.420124,34.791115],[126.417547,34.791175],[126.414518,34.792036],[126.412431,34.793256],[126.411537,34.792871],[126.41105,34.793275],[126.410971,34.792906],[126.414784,34.788575],[126.409294,34.786083],[126.409796,34.784023],[126.409089,34.786017],[126.404076,34.784303],[126.402629,34.785541],[126.401244,34.784437],[126.400996,34.783604],[126.401556,34.783329],[126.401191,34.783099],[126.400239,34.783253],[126.388533,34.780616],[126.387726,34.780904],[126.38904,34.783425],[126.388499,34.782565],[126.388203,34.78267],[126.388341,34.782934],[126.388552,34.782713],[126.389141,34.78448],[126.389438,34.784376],[126.389057,34.783457],[126.389964,34.785216],[126.39159,34.785807],[126.393262,34.7871],[126.391689,34.788274],[126.3874,34.785519],[126.384852,34.782057],[126.384691,34.782134],[126.383756,34.780967],[126.383578,34.78107],[126.382265,34.779499],[126.381916,34.779465],[126.381718,34.780718],[126.381608,34.780754],[126.375027,34.779921],[126.374964,34.780197],[126.372638,34.78003],[126.369335,34.780673],[126.368091,34.782673],[126.368345,34.784566],[126.367673,34.786114],[126.367893,34.786551],[126.366686,34.788262],[126.366193,34.788649],[126.365798,34.788339],[126.36583,34.789805],[126.365241,34.789146],[126.361667,34.791491],[126.360243,34.79261],[126.360593,34.793793],[126.355592,34.795333],[126.354818,34.79365],[126.355047,34.794679],[126.352998,34.795309],[126.353197,34.795571],[126.352822,34.795872],[126.352618,34.795635],[126.350897,34.797083],[126.349879,34.796272],[126.349652,34.796465],[126.356322,34.801872],[126.355963,34.802191],[126.357997,34.803833],[126.35838,34.803512],[126.356816,34.802246],[126.359952,34.799605],[126.364445,34.802949],[126.365424,34.803935],[126.365223,34.804529],[126.362522,34.806307],[126.359904,34.805174],[126.359757,34.805412],[126.362681,34.806894],[126.36462,34.805447],[126.36525,34.805875],[126.36539,34.806092],[126.363705,34.807466],[126.36313,34.807171],[126.365041,34.808754],[126.364928,34.809055],[126.36575,34.809365],[126.369108,34.812314],[126.368292,34.812935],[126.369008,34.812628],[126.369451,34.81293],[126.368986,34.813378],[126.369729,34.812864],[126.370231,34.813293],[126.369922,34.814219],[126.359299,34.813336],[126.350756,34.806997],[126.34053,34.794838]],[[126.350454,34.750576],[126.350364,34.762216],[126.350428,34.761677],[126.354521,34.761717],[126.354438,34.765442],[126.35206,34.765458],[126.352014,34.771779],[126.357493,34.771825],[126.358669,34.771099],[126.358487,34.772675],[126.357477,34.774633],[126.356386,34.774538],[126.355835,34.774292],[126.355662,34.77465],[126.357082,34.776222],[126.356498,34.778084],[126.35555,34.778498],[126.354421,34.778419],[126.354721,34.77884],[126.354194,34.778884],[126.355176,34.779082],[126.355622,34.77983],[126.354973,34.783038],[126.355464,34.784169],[126.355066,34.784922],[126.355516,34.785346],[126.35635,34.781616],[126.357486,34.779883],[126.359565,34.778323],[126.359838,34.777616],[126.363483,34.77521],[126.364341,34.775],[126.364441,34.774411],[126.365389,34.773915],[126.366302,34.773952],[126.367296,34.77451],[126.367591,34.774143],[126.372548,34.772574],[126.372172,34.772058],[126.372897,34.770906],[126.374592,34.771045],[126.375459,34.770603],[126.374972,34.770213],[126.375074,34.769204],[126.374356,34.768625],[126.373788,34.768669],[126.37175,34.767741],[126.373271,34.766986],[126.373335,34.766405],[126.373011,34.765048],[126.373004,34.765392],[126.372557,34.765425],[126.371,34.764135],[126.371123,34.762189],[126.372785,34.761392],[126.37255,34.760322],[126.371841,34.760112],[126.372577,34.759488],[126.372481,34.759158],[126.367514,34.758337],[126.365284,34.760184],[126.364263,34.759476],[126.364084,34.757232],[126.36301,34.755053],[126.362208,34.751685],[126.358598,34.752222],[126.358672,34.749499],[126.359153,34.748732],[126.360691,34.747779],[126.360267,34.747157],[126.360637,34.746507],[126.360407,34.744888],[126.357738,34.746849],[126.356994,34.746251],[126.354421,34.748359],[126.35381,34.747848],[126.350454,34.750576]],[[126.357856,34.805896],[126.359839,34.80614],[126.36003,34.806133],[126.357856,34.805896]],[[126.364979,34.759676],[126.365054,34.75966],[126.364952,34.759635],[126.364979,34.759676]],[[126.365196,34.774349],[126.36523,34.774391],[126.365234,34.774351],[126.365196,34.774349]],[[126.369195,34.757251],[126.368945,34.757667],[126.369289,34.758084],[126.36974,34.757567],[126.369195,34.757251]],[[126.373686,34.768474],[126.373555,34.768456],[126.373807,34.768512],[126.373686,34.768474]],[[126.400345,34.7738],[126.400891,34.773794],[126.400889,34.773665],[126.400345,34.7738]],[[126.376487,34.761426],[126.375744,34.762223],[126.376823,34.762649],[126.377097,34.762238],[126.376487,34.761426]],[[126.377169,34.762422],[126.377145,34.762451],[126.377188,34.7624],[126.377169,34.762422]],[[126.378261,34.768334],[126.377444,34.768564],[126.377775,34.769125],[126.379585,34.769371],[126.379526,34.768848],[126.378261,34.768334]],[[126.37466,34.768836],[126.374675,34.768816],[126.374631,34.768804],[126.37466,34.768836]],[[126.374965,34.769095],[126.374979,34.769088],[126.374921,34.769004],[126.374965,34.769095]],[[126.350872,34.79701],[126.350923,34.796966],[126.349966,34.796205],[126.350872,34.79701]],[[126.323665,34.744475],[126.323624,34.74444],[126.323523,34.74452],[126.323665,34.744475]],[[126.356461,34.803644],[126.356915,34.803086],[126.356634,34.802899],[126.356137,34.803466],[126.356461,34.803644]],[[126.356353,34.802603],[126.355938,34.802991],[126.356179,34.803176],[126.356584,34.802779],[126.356353,34.802603]],[[126.36304,34.80585],[126.362929,34.805541],[126.363058,34.805363],[126.362545,34.805867],[126.36304,34.80585]],[[126.363867,34.802936],[126.363427,34.803004],[126.36386,34.803353],[126.363867,34.802936]],[[126.363348,34.802847],[126.363425,34.802783],[126.363037,34.802465],[126.363348,34.802847]],[[126.362224,34.805788],[126.361962,34.805649],[126.361732,34.805573],[126.361783,34.805928],[126.362224,34.805788]],[[126.364003,34.80632],[126.364571,34.805856],[126.364133,34.805921],[126.364003,34.80632]],[[126.364338,34.806581],[126.363765,34.807047],[126.364205,34.80698],[126.364338,34.806581]],[[126.360711,34.800914],[126.361095,34.800722],[126.360985,34.800616],[126.360997,34.800678],[126.360711,34.800914]],[[126.364586,34.806436],[126.364631,34.806477],[126.364905,34.806254],[126.364586,34.806436]],[[126.36278,34.805528],[126.36268,34.805421],[126.362646,34.805441],[126.36278,34.805528]],[[126.364477,34.803308],[126.364318,34.803419],[126.364331,34.803432],[126.364477,34.803308]],[[126.361297,34.800947],[126.361217,34.801001],[126.361234,34.801019],[126.361297,34.800947]],[[126.361333,34.800955],[126.361413,34.8009],[126.361395,34.800883],[126.361333,34.800955]],[[126.361145,34.801091],[126.361218,34.801031],[126.361199,34.801015],[126.361145,34.801091]],[[126.381123,34.733247],[126.379588,34.730685],[126.378902,34.730964],[126.380494,34.733632],[126.381123,34.733247]],[[126.36826,34.748537],[126.368212,34.748458],[126.368019,34.748537],[126.36826,34.748537]],[[126.366854,34.749568],[126.36675,34.749411],[126.366658,34.749453],[126.366854,34.749568]],[[126.357909,34.74657],[126.357897,34.746586],[126.357913,34.746597],[126.357909,34.74657]],[[126.351623,34.795012],[126.351975,34.794529],[126.351436,34.794994],[126.352278,34.795669],[126.352031,34.795292],[126.352413,34.795072],[126.351623,34.795012]],[[126.350517,34.795389],[126.351589,34.796247],[126.351748,34.796114],[126.350517,34.795389]],[[126.366472,34.751456],[126.366305,34.75221],[126.36646,34.752232],[126.366472,34.751456]],[[126.385175,34.781093],[126.385088,34.78099],[126.384299,34.781442],[126.385175,34.781093]],[[126.384015,34.781084],[126.384829,34.780655],[126.384746,34.78055],[126.384015,34.781084]],[[126.385459,34.781564],[126.385382,34.78146],[126.384626,34.78184],[126.385459,34.781564]],[[126.354161,34.794782],[126.353864,34.794131],[126.353723,34.794175],[126.354161,34.794782]],[[126.353262,34.79504],[126.353401,34.794994],[126.35312,34.794417],[126.353262,34.79504]],[[126.38352,34.780572],[126.383289,34.780696],[126.383471,34.780924],[126.38352,34.780572]],[[126.356306,34.794714],[126.356271,34.79464],[126.355601,34.794845],[126.356306,34.794714]],[[126.386391,34.783033],[126.386307,34.782927],[126.38594,34.783122],[126.386391,34.783033]],[[126.385716,34.77043],[126.385669,34.770549],[126.386045,34.770645],[126.385716,34.77043]],[[126.385321,34.770316],[126.385694,34.770416],[126.385741,34.770297],[126.385321,34.770316]],[[126.390108,34.771626],[126.390475,34.771725],[126.39053,34.771608],[126.390108,34.771626]],[[126.386138,34.770401],[126.385765,34.770306],[126.385719,34.770423],[126.386138,34.770401]],[[126.385649,34.770542],[126.385695,34.770423],[126.385322,34.770325],[126.385649,34.770542]],[[126.38488,34.770336],[126.385254,34.770437],[126.3853,34.770318],[126.38488,34.770336]],[[126.384971,34.770093],[126.384923,34.77021],[126.385297,34.770311],[126.384971,34.770093]],[[126.390098,34.771623],[126.390145,34.771504],[126.389773,34.771405],[126.390098,34.771623]],[[126.377111,34.761409],[126.376904,34.761205],[126.376767,34.761313],[126.377111,34.761409]],[[126.359998,34.792744],[126.36009,34.792656],[126.359541,34.792813],[126.359998,34.792744]],[[126.38941,34.771307],[126.389356,34.771423],[126.389716,34.77152],[126.38941,34.771307]],[[126.389293,34.77084],[126.389448,34.77088],[126.389549,34.770626],[126.389293,34.77084]],[[126.39949,34.782851],[126.399457,34.782972],[126.399784,34.783026],[126.39949,34.782851]],[[126.386673,34.78426],[126.386948,34.784116],[126.386867,34.784012],[126.386673,34.78426]],[[126.381477,34.780465],[126.381453,34.780646],[126.381672,34.780665],[126.381477,34.780465]],[[126.357811,34.773644],[126.357824,34.773804],[126.358042,34.773505],[126.357811,34.773644]],[[126.390396,34.7712],[126.390083,34.771119],[126.390046,34.771222],[126.390396,34.7712]],[[126.390003,34.771326],[126.390315,34.771407],[126.390352,34.771306],[126.390003,34.771326]],[[126.359523,34.793015],[126.359593,34.793158],[126.360104,34.792963],[126.359523,34.793015]],[[126.365707,34.750443],[126.365487,34.75031],[126.365404,34.750405],[126.365707,34.750443]],[[126.367543,34.784519],[126.367559,34.784599],[126.367955,34.784541],[126.367543,34.784519]],[[126.391063,34.780817],[126.390958,34.780793],[126.390869,34.781053],[126.391063,34.780817]],[[126.387631,34.785135],[126.387578,34.785057],[126.387293,34.785188],[126.387631,34.785135]],[[126.373153,34.767639],[126.373082,34.767781],[126.373239,34.767846],[126.373153,34.767639]],[[126.390014,34.771275],[126.390141,34.770969],[126.390058,34.770946],[126.390014,34.771275]],[[126.359384,34.792941],[126.359313,34.792908],[126.359121,34.793191],[126.359384,34.792941]],[[126.373337,34.767753],[126.373281,34.767861],[126.373466,34.767918],[126.373337,34.767753]],[[126.370873,34.7526],[126.37099,34.752421],[126.370906,34.752363],[126.370873,34.7526]],[[126.388277,34.782152],[126.388355,34.782121],[126.388228,34.781894],[126.388277,34.782152]],[[126.388011,34.782462],[126.388414,34.782306],[126.38839,34.782266],[126.388011,34.782462]],[[126.373494,34.76726],[126.373386,34.767129],[126.373298,34.767177],[126.373494,34.76726]],[[126.385593,34.770111],[126.385617,34.770054],[126.385353,34.769978],[126.385593,34.770111]],[[126.377441,34.761948],[126.37752,34.761882],[126.37742,34.761785],[126.377441,34.761948]],[[126.390322,34.771408],[126.390585,34.771479],[126.390607,34.771422],[126.390322,34.771408]],[[126.385322,34.770034],[126.385345,34.769978],[126.38508,34.76991],[126.385322,34.770034]],[[126.399833,34.782848],[126.399504,34.782796],[126.399492,34.782841],[126.399833,34.782848]],[[126.388203,34.782182],[126.38827,34.782156],[126.388187,34.782008],[126.388203,34.782182]],[[126.373642,34.767953],[126.373507,34.768096],[126.37356,34.76813],[126.373642,34.767953]],[[126.36563,34.788981],[126.365555,34.788853],[126.365437,34.789002],[126.36563,34.788981]],[[126.35776,34.773992],[126.357703,34.773969],[126.357656,34.774052],[126.35776,34.773992]],[[126.373964,34.767808],[126.373861,34.767773],[126.373816,34.767847],[126.373964,34.767808]],[[126.386742,34.784239],[126.386779,34.784291],[126.386897,34.78423],[126.386742,34.784239]],[[126.371413,34.752841],[126.371447,34.752777],[126.371366,34.752723],[126.371413,34.752841]],[[126.371989,34.7531],[126.371914,34.753057],[126.371864,34.75312],[126.371989,34.7531]],[[126.372245,34.753241],[126.372308,34.753283],[126.372353,34.753221],[126.372245,34.753241]],[[126.365355,34.788946],[126.365384,34.789059],[126.365456,34.788968],[126.365355,34.788946]],[[126.373329,34.767349],[126.3734,34.767307],[126.373359,34.767259],[126.373329,34.767349]],[[126.381976,34.779342],[126.382053,34.779351],[126.382062,34.779289],[126.381976,34.779342]],[[126.372995,34.764968],[126.372977,34.764842],[126.372943,34.764846],[126.372995,34.764968]],[[126.372943,34.764849],[126.372898,34.764855],[126.372911,34.764944],[126.372943,34.764849]],[[126.350591,34.795354],[126.350636,34.795316],[126.35059,34.795278],[126.350591,34.795354]],[[126.375565,34.779763],[126.375581,34.779727],[126.375544,34.779716],[126.375565,34.779763]],[[126.372313,34.750575],[126.372264,34.750603],[126.372283,34.750603],[126.372313,34.750575]],[[126.37237,34.750436],[126.372349,34.750463],[126.372375,34.750474],[126.37237,34.750436]],[[126.372651,34.750588],[126.372666,34.750609],[126.372692,34.7506],[126.372651,34.750588]],[[126.408739,34.77411],[126.407187,34.774437],[126.407302,34.774779],[126.408893,34.774442],[126.408739,34.77411]],[[126.410191,34.774339],[126.409873,34.775635],[126.410251,34.775697],[126.410191,34.774339]],[[126.408719,34.775243],[126.409096,34.775313],[126.409394,34.774252],[126.409068,34.77418],[126.408719,34.775243]],[[126.43467,34.794919],[126.434099,34.794309],[126.433437,34.794271],[126.433913,34.794842],[126.43467,34.794919]],[[126.409503,34.775364],[126.4098,34.775405],[126.410085,34.774258],[126.409503,34.775364]],[[126.413998,34.788141],[126.414369,34.78744],[126.414086,34.787345],[126.413731,34.788044],[126.413998,34.788141]],[[126.413531,34.787362],[126.413251,34.787267],[126.413018,34.787725],[126.413531,34.787362]],[[126.404693,34.772889],[126.404429,34.77297],[126.404618,34.773419],[126.404693,34.772889]],[[126.414089,34.788042],[126.414314,34.788122],[126.414553,34.787659],[126.414089,34.788042]],[[126.411513,34.786982],[126.411791,34.786573],[126.411578,34.78648],[126.411513,34.786982]],[[126.412351,34.787271],[126.41263,34.786862],[126.412417,34.786769],[126.412351,34.787271]],[[126.410239,34.78571],[126.409977,34.786138],[126.410166,34.78622],[126.410239,34.78571]],[[126.409855,34.785539],[126.409787,34.785478],[126.409469,34.786013],[126.409855,34.785539]],[[126.429889,34.779546],[126.430397,34.77966],[126.430455,34.779506],[126.429889,34.779546]],[[126.432003,34.779916],[126.431487,34.779778],[126.431439,34.779954],[126.432003,34.779916]],[[126.410945,34.786685],[126.411104,34.786738],[126.411331,34.786316],[126.410945,34.786685]],[[126.404832,34.772834],[126.405256,34.77309],[126.405349,34.772975],[126.404832,34.772834]],[[126.412837,34.787656],[126.413133,34.78736],[126.412978,34.78726],[126.412837,34.787656]],[[126.40488,34.772705],[126.405335,34.772894],[126.405412,34.772767],[126.40488,34.772705]],[[126.404832,34.772836],[126.404712,34.77292],[126.405049,34.773243],[126.404832,34.772836]],[[126.409161,34.773695],[126.408958,34.774072],[126.409195,34.774172],[126.409118,34.774062],[126.409161,34.773695]],[[126.411037,34.786105],[126.410831,34.786478],[126.410979,34.786537],[126.411037,34.786105]],[[126.412279,34.786807],[126.412115,34.786751],[126.411932,34.7871],[126.412279,34.786807]],[[126.412054,34.786782],[126.411891,34.786726],[126.411707,34.787076],[126.412054,34.786782]],[[126.413594,34.787611],[126.413427,34.787936],[126.413598,34.787985],[126.413594,34.787611]],[[126.409642,34.78611],[126.409765,34.786144],[126.409946,34.785719],[126.409642,34.78611]],[[126.41146,34.786374],[126.411167,34.786678],[126.411286,34.786757],[126.41146,34.786374]],[[126.409788,34.78615],[126.409915,34.786201],[126.410141,34.785841],[126.409788,34.78615]],[[126.410707,34.786006],[126.410566,34.78594],[126.410362,34.786256],[126.410707,34.786006]],[[126.409777,34.774153],[126.410159,34.774216],[126.41019,34.77407],[126.409777,34.774153]],[[126.412546,34.787022],[126.41231,34.787351],[126.41244,34.787414],[126.412546,34.787022]],[[126.410406,34.785889],[126.410192,34.7862],[126.410331,34.786265],[126.410406,34.785889]],[[126.410535,34.774352],[126.410577,34.774183],[126.410219,34.774123],[126.410535,34.774352]],[[126.410616,34.786485],[126.410821,34.786168],[126.410685,34.786108],[126.410616,34.786485]],[[126.410849,34.786149],[126.410635,34.78648],[126.410764,34.786536],[126.410849,34.786149]],[[126.412673,34.78755],[126.412961,34.78726],[126.412847,34.787184],[126.412673,34.78755]],[[126.435346,34.796141],[126.435251,34.796097],[126.435001,34.79634],[126.435346,34.796141]],[[126.408953,34.773947],[126.408512,34.773849],[126.408475,34.773962],[126.408953,34.773947]],[[126.400388,34.782598],[126.400216,34.782537],[126.400033,34.78278],[126.400388,34.782598]],[[126.410782,34.774107],[126.410632,34.774078],[126.410565,34.774396],[126.410782,34.774107]],[[126.411643,34.787053],[126.411872,34.786722],[126.411756,34.786672],[126.411643,34.787053]],[[126.412771,34.787233],[126.412666,34.787168],[126.412432,34.787426],[126.412771,34.787233]],[[126.404454,34.784237],[126.40459,34.783989],[126.40445,34.783938],[126.404454,34.784237]],[[126.408975,34.773841],[126.409058,34.77358],[126.408908,34.773548],[126.408975,34.773841]],[[126.406554,34.784949],[126.406695,34.784998],[126.406823,34.784751],[126.406554,34.784949]],[[126.40686,34.784385],[126.406725,34.78463],[126.406864,34.784681],[126.40686,34.784385]],[[126.405365,34.78388],[126.405231,34.784121],[126.405369,34.784176],[126.405365,34.78388]],[[126.405922,34.784472],[126.405802,34.784723],[126.405943,34.784769],[126.405922,34.784472]],[[126.405059,34.784451],[126.405197,34.784501],[126.405329,34.784256],[126.405059,34.784451]],[[126.415439,34.79002],[126.415217,34.79018],[126.41533,34.790282],[126.415439,34.79002]],[[126.408406,34.785042],[126.408271,34.785287],[126.40841,34.785338],[126.408406,34.785042]],[[126.406084,34.78415],[126.405962,34.7844],[126.406102,34.784447],[126.406084,34.78415]],[[126.422713,34.790702],[126.42228,34.790641],[126.422262,34.790732],[126.422713,34.790702]],[[126.407592,34.784947],[126.407709,34.784698],[126.407568,34.784653],[126.407592,34.784947]],[[126.404633,34.783615],[126.404492,34.783856],[126.404628,34.78391],[126.404633,34.783615]],[[126.407442,34.785259],[126.40756,34.785009],[126.407421,34.784965],[126.407442,34.785259]],[[126.409969,34.773925],[126.410084,34.773944],[126.410149,34.773651],[126.409969,34.773925]],[[126.408983,34.785178],[126.409288,34.785282],[126.40933,34.785198],[126.408983,34.785178]],[[126.408245,34.785602],[126.408377,34.785353],[126.408278,34.785317],[126.408245,34.785602]],[[126.427848,34.778881],[126.4276,34.778815],[126.427558,34.778918],[126.427848,34.778881]],[[126.40906,34.773161],[126.40898,34.773394],[126.409091,34.773419],[126.40906,34.773161]],[[126.425376,34.791618],[126.425238,34.791649],[126.425291,34.791814],[126.425376,34.791618]],[[126.421609,34.790763],[126.421822,34.790761],[126.42182,34.790674],[126.421609,34.790763]],[[126.430893,34.779622],[126.430851,34.779723],[126.431004,34.779764],[126.430893,34.779622]],[[126.427122,34.793641],[126.427221,34.793672],[126.427289,34.79352],[126.427122,34.793641]],[[126.422245,34.790683],[126.42183,34.79068],[126.421845,34.790779],[126.422245,34.790683]],[[126.403584,34.784618],[126.403469,34.784521],[126.403381,34.78459],[126.403584,34.784618]],[[126.427197,34.79346],[126.427135,34.793442],[126.42704,34.793658],[126.427197,34.79346]],[[126.425064,34.791854],[126.425165,34.791829],[126.425111,34.791697],[126.425064,34.791854]],[[126.428005,34.779044],[126.428061,34.778948],[126.427958,34.778919],[126.428005,34.779044]],[[126.42748,34.778796],[126.427376,34.778767],[126.427353,34.778871],[126.42748,34.778796]],[[126.4095,34.785741],[126.409439,34.785912],[126.409497,34.785926],[126.4095,34.785741]],[[126.403263,34.784455],[126.403366,34.784543],[126.403424,34.784501],[126.403263,34.784455]],[[126.40272,34.785037],[126.402856,34.784829],[126.402819,34.784813],[126.40272,34.785037]],[[126.426755,34.778547],[126.426724,34.778632],[126.426806,34.778653],[126.426755,34.778547]],[[126.42704,34.778715],[126.427122,34.778737],[126.427155,34.778652],[126.42704,34.778715]],[[126.428612,34.779128],[126.428693,34.77915],[126.428727,34.779065],[126.428612,34.779128]],[[126.42829,34.779043],[126.428374,34.779065],[126.428404,34.778981],[126.42829,34.779043]],[[126.429441,34.779238],[126.429358,34.779216],[126.429331,34.779284],[126.429441,34.779238]],[[126.431585,34.777866],[126.431577,34.777889],[126.43171,34.777925],[126.431585,34.777866]],[[126.431074,34.779183],[126.431066,34.779205],[126.431199,34.779241],[126.431074,34.779183]],[[126.431242,34.778745],[126.431236,34.778767],[126.431369,34.778803],[126.431242,34.778745]],[[126.430989,34.779404],[126.430981,34.779426],[126.431114,34.779462],[126.430989,34.779404]],[[126.431415,34.778306],[126.431409,34.778328],[126.43154,34.778363],[126.431415,34.778306]],[[126.431156,34.778964],[126.431151,34.778985],[126.431286,34.779021],[126.431156,34.778964]],[[126.431672,34.777646],[126.431663,34.777668],[126.431797,34.777704],[126.431672,34.777646]],[[126.431629,34.778145],[126.431637,34.778123],[126.431504,34.778087],[126.431629,34.778145]],[[126.431329,34.778525],[126.431322,34.778545],[126.431455,34.778582],[126.431329,34.778525]],[[126.428189,34.778176],[126.428245,34.778204],[126.428267,34.778172],[126.428189,34.778176]],[[126.428086,34.778439],[126.428106,34.778408],[126.428051,34.778382],[126.428086,34.778439]],[[126.427926,34.778675],[126.427946,34.778645],[126.427889,34.778619],[126.427926,34.778675]],[[126.431274,34.779736],[126.431249,34.779727],[126.431216,34.779804],[126.431274,34.779736]],[[126.430651,34.779656],[126.43068,34.779579],[126.430655,34.779571],[126.430651,34.779656]],[[126.429686,34.779329],[126.429674,34.779323],[126.429662,34.779345],[126.429686,34.779329]],[[126.412064,34.791867],[126.411914,34.792026],[126.411886,34.792092],[126.412064,34.791867]],[[126.411827,34.792123],[126.411839,34.792136],[126.411854,34.792124],[126.411827,34.792123]],[[126.400281,34.773106],[126.400295,34.773098],[126.400286,34.77309],[126.400281,34.773106]],[[126.367293,34.751182],[126.367295,34.751194],[126.36732,34.75119],[126.367293,34.751182]],[[126.356675,34.774466],[126.356683,34.774453],[126.356649,34.774458],[126.356675,34.774466]]]},"properties":{"id":"khoa-hrbare-50014","name":"목포항","englishName":"MOKPO HANG","harborTypeCode":"GBN284","relatedInstitutionCode":"1192136","statusCode":null,"minimumScale":17999.0,"source":"국립해양조사원(KHOA)","sourceUpdatedAt":"2025-08-11","sourceRaw":"{\"gid\":14,\"objnum\":\"50014\",\"pbinst\":\"1192136\",\"indcde_1\":\"\",\"indcde_2\":\"ENW007\",\"indcde_3\":\"CLW005\",\"mnymd\":\"20241130\",\"clfcde\":\"COD007\",\"enclev\":\"5, 6\",\"enc_no\":\"KR5G3F11, KR688D84\",\"gubun\":\"GBN284\",\"nobjnm\":\"목포항\",\"objnam\":\"MOKPO HANG\",\"status\":\"\",\"inform\":\"\",\"ninfom\":\"\",\"ntxtds\":\"\",\"scamin\":17999,\"txtdsc\":\"\",\"sordat\":\"20150123\",\"sorind\":\"KR,KR,reprt,NTM2015-4-58\"}"}},{"type":"Feature","id":"khoa-hrbare-50019","geometry":{"type":"Polygon","coordinates":[[[129.27726,40.701434],[129.27683,40.704734],[129.275986,40.705776],[129.274268,40.706805],[129.274269,40.707976],[129.270784,40.70989],[129.265829,40.71051],[129.252905,40.711074],[129.245285,40.71068],[129.237506,40.709531],[129.226898,40.705807],[129.222278,40.70317],[129.220222,40.700855],[129.217859,40.699465],[129.217614,40.697651],[129.215412,40.69631],[129.214443,40.696485],[129.212725,40.695285],[129.209288,40.691597],[129.208878,40.690713],[129.209188,40.690113],[129.208012,40.689594],[129.207111,40.688199],[129.208492,40.685926],[129.20945,40.685819],[129.209802,40.684341],[129.210839,40.68339],[129.21039,40.682905],[129.211762,40.682019],[129.211541,40.681223],[129.210265,40.680225],[129.207694,40.680693],[129.205676,40.67828],[129.203319,40.674123],[129.202707,40.671295],[129.203633,40.670786],[129.202832,40.669529],[129.202624,40.667491],[129.20331,40.665614],[129.201766,40.665218],[129.202432,40.664316],[129.202903,40.664274],[129.202382,40.663641],[129.205036,40.662989],[129.205248,40.663426],[129.206323,40.663487],[129.206596,40.664033],[129.211938,40.664368],[129.212505,40.662704],[129.211098,40.662398],[129.211035,40.661911],[129.212724,40.65955],[129.212451,40.657317],[129.27726,40.701434]]]},"properties":{"id":"khoa-hrbare-50019","name":"성진항","englishName":"SEONGJIN HANG","harborTypeCode":"GBN284","relatedInstitutionCode":"1192136","statusCode":null,"minimumScale":439999.0,"source":"국립해양조사원(KHOA)","sourceUpdatedAt":"2025-08-11","sourceRaw":"{\"gid\":19,\"objnum\":\"50019\",\"pbinst\":\"1192136\",\"indcde_1\":\"\",\"indcde_2\":\"\",\"indcde_3\":\"\",\"mnymd\":\"20241130\",\"clfcde\":\"COD007\",\"enclev\":\"3\",\"enc_no\":\"KR3G3I00\",\"gubun\":\"GBN284\",\"nobjnm\":\"성진항\",\"objnam\":\"SEONGJIN HANG\",\"status\":\"\",\"inform\":\"\",\"ninfom\":\"\",\"ntxtds\":\"\",\"scamin\":439999,\"txtdsc\":\"\",\"sordat\":\"\",\"sorind\":\"\"}"}},{"type":"Feature","id":"khoa-hrbare-50043","geometry":{"type":"Polygon","coordinates":[[[126.491819,33.227131],[126.490588,33.225876],[126.491519,33.227021],[126.490454,33.230228],[126.488181,33.229706],[126.489086,33.226878],[126.488785,33.226823],[126.488078,33.228984],[126.481798,33.227451],[126.481914,33.227099],[126.47953,33.226553],[126.480098,33.224819],[126.483364,33.222209],[126.490691,33.223],[126.494708,33.222225],[126.494251,33.222179],[126.49063,33.222731],[126.483526,33.221845],[126.49459,33.221937],[126.494764,33.222273],[126.494133,33.22525],[126.491819,33.227131]]]},"properties":{"id":"khoa-hrbare-50043","name":"강정항","englishName":"GANGJEONG HANG","harborTypeCode":"GBN284","relatedInstitutionCode":"1192136","statusCode":null,"minimumScale":44999.0,"source":"국립해양조사원(KHOA)","sourceUpdatedAt":"2025-08-11","sourceRaw":"{\"gid\":43,\"objnum\":\"50043\",\"pbinst\":\"1192136\",\"indcde_1\":\"\",\"indcde_2\":\"ENW029\",\"indcde_3\":\"CLW009\",\"mnymd\":\"20241130\",\"clfcde\":\"COD007\",\"enclev\":\"5\",\"enc_no\":\"KR5G3F11\",\"gubun\":\"GBN284\",\"nobjnm\":\"강정항\",\"objnam\":\"GANGJEONG HANG\",\"status\":\"\",\"inform\":\"\",\"ninfom\":\"\",\"ntxtds\":\"\",\"scamin\":44999,\"txtdsc\":\"\",\"sordat\":\"\",\"sorind\":\"\"}"}},{"type":"Feature","id":"khoa-hrbare-50004","geometry":{"type":"Polygon","coordinates":[[[126.830873,34.447638],[126.830199,34.448656],[126.830228,34.448882],[126.829497,34.447857],[126.826577,34.4497],[126.825744,34.449345],[126.82582,34.449048],[126.823911,34.448722],[126.823911,34.444817],[126.839606,34.444816],[126.839606,34.449369],[126.838573,34.449968],[126.838823,34.450247],[126.839003,34.451595],[126.838734,34.452253],[126.839206,34.452639],[126.839175,34.453457],[126.832032,34.449503],[126.832224,34.449184],[126.833063,34.449231],[126.830644,34.448021],[126.830873,34.447638]],[[126.838103,34.449928],[126.838101,34.449994],[126.838426,34.45],[126.838103,34.449928]],[[126.832721,34.446437],[126.834693,34.447245],[126.83473,34.447178],[126.832721,34.446437]],[[126.833153,34.449283],[126.833703,34.449312],[126.833704,34.449278],[126.833153,34.449283]],[[126.824218,34.44851],[126.824253,34.44833],[126.824193,34.448324],[126.824218,34.44851]],[[126.824185,34.448695],[126.824218,34.448512],[126.824161,34.448506],[126.824185,34.448695]],[[126.824245,34.448322],[126.824242,34.448146],[126.824202,34.448147],[126.824245,34.448322]],[[126.832215,34.449354],[126.832203,34.449374],[126.832338,34.449429],[126.832215,34.449354]],[[126.838304,34.450164],[126.838307,34.450191],[126.83867,34.450174],[126.838304,34.450164]]]},"properties":{"id":"khoa-hrbare-50004","name":"강진항","englishName":"Gangjin Hang","harborTypeCode":"GBN284","relatedInstitutionCode":"1192136","statusCode":null,"minimumScale":17999.0,"source":"국립해양조사원(KHOA)","sourceUpdatedAt":"2025-08-11","sourceRaw":"{\"gid\":4,\"objnum\":\"50004\",\"pbinst\":\"1192136\",\"indcde_1\":\"\",\"indcde_2\":\"\",\"indcde_3\":\"CLW006\",\"mnymd\":\"20241130\",\"clfcde\":\"COD007\",\"enclev\":\"6\",\"enc_no\":\"KR688D84\",\"gubun\":\"GBN284\",\"nobjnm\":\"강진항\",\"objnam\":\"Gangjin Hang\",\"status\":\"\",\"inform\":\"\",\"ninfom\":\"\",\"ntxtds\":\"\",\"scamin\":17999,\"txtdsc\":\"\",\"sordat\":\"\",\"sorind\":\"\"}"}},{"type":"Feature","id":"khoa-hrbare-50015","geometry":{"type":"Polygon","coordinates":[[[126.502771,36.129045],[126.502503,36.119445],[126.513892,36.119445],[126.513892,36.136113],[126.502752,36.136113],[126.50277,36.135182],[126.50472,36.135071],[126.504875,36.134271],[126.505799,36.134273],[126.50639,36.133616],[126.505176,36.134167],[126.503004,36.134008],[126.504012,36.12917],[126.505489,36.128966],[126.505815,36.129429],[126.505731,36.129045],[126.506783,36.128688],[126.50877,36.1295],[126.507384,36.12876],[126.50678,36.128614],[126.502771,36.129045]],[[126.509555,36.1307],[126.509983,36.129857],[126.509918,36.129836],[126.509555,36.1307]],[[126.505489,36.132771],[126.506849,36.131714],[126.507831,36.130335],[126.50679,36.131719],[126.505489,36.132771]]]},"properties":{"id":"khoa-hrbare-50015","name":"비인항","englishName":"BIIN HANG","harborTypeCode":"GBN284","relatedInstitutionCode":"1192136","statusCode":null,"minimumScale":17999.0,"source":"국립해양조사원(KHOA)","sourceUpdatedAt":"2025-08-11","sourceRaw":"{\"gid\":15,\"objnum\":\"50015\",\"pbinst\":\"1192136\",\"indcde_1\":\"\",\"indcde_2\":\"\",\"indcde_3\":\"CLW004\",\"mnymd\":\"20241130\",\"clfcde\":\"COD007\",\"enclev\":\"6\",\"enc_no\":\"KR688D84\",\"gubun\":\"GBN284\",\"nobjnm\":\"비인항\",\"objnam\":\"BIIN HANG\",\"status\":\"\",\"inform\":\"\",\"ninfom\":\"\",\"ntxtds\":\"\",\"scamin\":17999,\"txtdsc\":\"\",\"sordat\":\"\",\"sorind\":\"\"}"}},{"type":"Feature","id":"khoa-hrbare-50023","geometry":{"type":"Polygon","coordinates":[[[126.329446,33.471779],[126.326864,33.4726],[126.322041,33.470856],[126.323463,33.468128],[126.322626,33.46781],[126.322889,33.467313],[126.322547,33.467782],[126.321943,33.467551],[126.32154,33.466683],[126.320953,33.466958],[126.320757,33.466386],[126.321197,33.466071],[126.320684,33.465567],[126.321414,33.465736],[126.32177,33.46666],[126.322153,33.466394],[126.322289,33.466706],[126.324131,33.466716],[126.324874,33.467497],[126.324317,33.467727],[126.326551,33.467108],[126.328009,33.468533],[126.327729,33.468754],[126.327691,33.46969],[126.327823,33.469691],[126.32783,33.468789],[126.3286,33.468356],[126.329446,33.471779]]]},"properties":{"id":"khoa-hrbare-50023","name":"애월항","englishName":"Aewol Hang","harborTypeCode":"GBN284","relatedInstitutionCode":"1192136","statusCode":null,"minimumScale":17999.0,"source":"국립해양조사원(KHOA)","sourceUpdatedAt":"2025-08-11","sourceRaw":"{\"gid\":23,\"objnum\":\"50023\",\"pbinst\":\"1192136\",\"indcde_1\":\"\",\"indcde_2\":\"\",\"indcde_3\":\"CLW009\",\"mnymd\":\"20241130\",\"clfcde\":\"COD007\",\"enclev\":\"6\",\"enc_no\":\"KR688D84\",\"gubun\":\"GBN284\",\"nobjnm\":\"애월항\",\"objnam\":\"Aewol Hang\",\"status\":\"\",\"inform\":\"\",\"ninfom\":\"\",\"ntxtds\":\"\",\"scamin\":17999,\"txtdsc\":\"\",\"sordat\":\"\",\"sorind\":\"\"}"}},{"type":"Feature","id":"khoa-hrbare-50028","geometry":{"type":"Polygon","coordinates":[[[128.727702,34.862618],[128.728854,34.862535],[128.72946,34.863041],[128.729302,34.864062],[128.729888,34.86423],[128.729383,34.867204],[128.727483,34.867103],[128.727472,34.866812],[128.725293,34.866691],[128.723744,34.864861],[128.723743,34.864323],[128.725535,34.862336],[128.726497,34.862145],[128.727702,34.862618]],[[128.728013,34.866942],[128.727961,34.866938],[128.727947,34.867073],[128.728013,34.866942]],[[128.724531,34.865414],[128.724503,34.865375],[128.724311,34.865461],[128.724531,34.865414]],[[128.728442,34.866917],[128.728358,34.866926],[128.728376,34.867067],[128.728442,34.866917]],[[128.72575,34.86248],[128.725814,34.862619],[128.725907,34.862592],[128.72575,34.86248]],[[128.727757,34.866796],[128.727663,34.866793],[128.727651,34.867019],[128.727757,34.866796]],[[128.725022,34.8658],[128.72475,34.865929],[128.724798,34.865994],[128.725022,34.8658]],[[128.725375,34.863404],[128.725483,34.863282],[128.725077,34.863039],[128.725375,34.863404]]]},"properties":{"id":"khoa-hrbare-50028","name":"장승포항","englishName":"JANGSEUNGPO HANG","harborTypeCode":"GBN284","relatedInstitutionCode":"1192136","statusCode":null,"minimumScale":17999.0,"source":"국립해양조사원(KHOA)","sourceUpdatedAt":"2025-08-11","sourceRaw":"{\"gid\":28,\"objnum\":\"50028\",\"pbinst\":\"1192136\",\"indcde_1\":\"\",\"indcde_2\":\"ENW024\",\"indcde_3\":\"CLW021\",\"mnymd\":\"20241130\",\"clfcde\":\"COD007\",\"enclev\":\"6\",\"enc_no\":\"KR688D84\",\"gubun\":\"GBN284\",\"nobjnm\":\"장승포항\",\"objnam\":\"JANGSEUNGPO HANG\",\"status\":\"\",\"inform\":\"2020\",\"ninfom\":\"장승포항\",\"ntxtds\":\"\",\"scamin\":17999,\"txtdsc\":\"\",\"sordat\":\"\",\"sorind\":\"\"}"}},{"type":"Feature","id":"khoa-hrbare-50031","geometry":{"type":"Polygon","coordinates":[[[128.22,34.842084],[128.225278,34.841944],[128.224768,34.842235],[128.225661,34.842237],[128.226244,34.842918],[128.22546,34.843827],[128.225193,34.843461],[128.225221,34.84308],[128.223963,34.843961],[128.22316,34.844197],[128.223077,34.84376],[128.223005,34.8442],[128.22117,34.844437],[128.221147,34.843335],[128.221912,34.843154],[128.221405,34.843196],[128.221186,34.842372],[128.221633,34.842183],[128.222321,34.842131],[128.22,34.842084]],[[128.221426,34.842809],[128.221867,34.842722],[128.221856,34.84268],[128.221426,34.842809]],[[128.22479,34.842956],[128.225025,34.84313],[128.225076,34.843081],[128.22479,34.842956]],[[128.222162,34.843115],[128.222149,34.843064],[128.221989,34.843094],[128.222162,34.843115]],[[128.225428,34.842926],[128.22537,34.842901],[128.225297,34.843009],[128.225428,34.842926]],[[128.223145,34.84339],[128.223087,34.843388],[128.223078,34.843523],[128.223145,34.84339]],[[128.221484,34.842477],[128.221328,34.842507],[128.221341,34.842551],[128.221484,34.842477]],[[128.22166,34.84238],[128.221577,34.842274],[128.221531,34.842295],[128.22166,34.84238]],[[128.223078,34.843566],[128.223075,34.843673],[128.22313,34.843673],[128.223078,34.843566]],[[128.225513,34.843329],[128.2255,34.843371],[128.225628,34.8434],[128.225513,34.843329]],[[128.221486,34.843013],[128.221498,34.843054],[128.221624,34.843024],[128.221486,34.843013]],[[128.225349,34.843504],[128.225362,34.84346],[128.225257,34.843437],[128.225349,34.843504]],[[128.223686,34.843945],[128.223702,34.844014],[128.223735,34.844009],[128.223686,34.843945]]]},"properties":{"id":"khoa-hrbare-50031","name":"진촌항","englishName":"JINCHON HANG","harborTypeCode":"GBN284","relatedInstitutionCode":"1192136","statusCode":null,"minimumScale":17999.0,"source":"국립해양조사원(KHOA)","sourceUpdatedAt":"2025-08-11","sourceRaw":"{\"gid\":31,\"objnum\":\"50031\",\"pbinst\":\"1192136\",\"indcde_1\":\"\",\"indcde_2\":\"\",\"indcde_3\":\"CLW020\",\"mnymd\":\"20241130\",\"clfcde\":\"COD007\",\"enclev\":\"6\",\"enc_no\":\"KR688D84\",\"gubun\":\"GBN284\",\"nobjnm\":\"진촌항\",\"objnam\":\"JINCHON HANG\",\"status\":\"\",\"inform\":\"\",\"ninfom\":\"\",\"ntxtds\":\"\",\"scamin\":17999,\"txtdsc\":\"\",\"sordat\":\"20220715\",\"sorind\":\"KR,KR,reprt,NTM2022-28-554\"}"}},{"type":"Feature","id":"khoa-hrbare-50032","geometry":{"type":"Polygon","coordinates":[[[128.674108,35.132291],[128.676601,35.129776],[128.677765,35.126423],[128.677058,35.124559],[128.672998,35.123643],[128.680019,35.106255],[128.688197,35.103311],[128.687948,35.104065],[128.688973,35.107669],[128.688339,35.10784],[128.688097,35.108516],[128.686074,35.106844],[128.685866,35.107025],[128.688375,35.109007],[128.691193,35.108355],[128.69238,35.108407],[128.694482,35.109362],[128.693897,35.110097],[128.69482,35.109525],[128.695435,35.109781],[128.69517,35.111342],[128.69483,35.111591],[128.694094,35.111358],[128.694005,35.111633],[128.694931,35.112021],[128.695127,35.112582],[128.697447,35.112877],[128.698602,35.114394],[128.698137,35.115459],[128.699632,35.115081],[128.70054,35.115733],[128.70087,35.116607],[128.700334,35.116587],[128.70052,35.116931],[128.699391,35.117668],[128.698802,35.117184],[128.699359,35.1182],[128.700314,35.118634],[128.699734,35.125667],[128.698651,35.127009],[128.698816,35.12736],[128.697551,35.127136],[128.697109,35.127635],[128.697266,35.127647],[128.697573,35.127227],[128.698594,35.12746],[128.697925,35.128395],[128.696968,35.12795],[128.693387,35.132952],[128.694111,35.133321],[128.693949,35.133819],[128.694487,35.133499],[128.695753,35.134108],[128.69841,35.134498],[128.697189,35.134392],[128.69655,35.1372],[128.695752,35.13707],[128.695672,35.137614],[128.696375,35.137755],[128.696177,35.13872],[128.694688,35.139719],[128.690729,35.137845],[128.693311,35.13438],[128.693061,35.134138],[128.688641,35.140377],[128.688159,35.140173],[128.688633,35.140388],[128.688362,35.140779],[128.688048,35.140554],[128.687918,35.140742],[128.688348,35.140798],[128.687593,35.141659],[128.687669,35.142636],[128.688341,35.14316],[128.68778,35.143393],[128.688349,35.143171],[128.6883,35.14398],[128.688702,35.14382],[128.690426,35.145997],[128.691044,35.147872],[128.688042,35.147149],[128.679562,35.14676],[128.674956,35.14517],[128.673543,35.144345],[128.674156,35.143591],[128.673367,35.143959],[128.670831,35.142488],[128.671654,35.141532],[128.672416,35.141974],[128.673297,35.140944],[128.672544,35.140503],[128.673717,35.139548],[128.675015,35.140306],[128.67531,35.14241],[128.675112,35.140244],[128.672816,35.138813],[128.673315,35.138788],[128.67379,35.138215],[128.673094,35.137855],[128.672913,35.136825],[128.673229,35.136743],[128.672927,35.136549],[128.673224,35.13498],[128.673835,35.135078],[128.673759,35.134739],[128.67322,35.134499],[128.674108,35.132291]],[[128.685721,35.106677],[128.685657,35.106731],[128.685731,35.106791],[128.685721,35.106677]],[[128.681196,35.132619],[128.681728,35.133129],[128.682423,35.133079],[128.683269,35.13195],[128.68244,35.131349],[128.68184,35.13149],[128.681196,35.132619]],[[128.683981,35.146477],[128.683959,35.146831],[128.684697,35.146862],[128.684724,35.146412],[128.683981,35.146477]],[[128.673681,35.138514],[128.674284,35.138905],[128.674515,35.138665],[128.673681,35.138514]],[[128.691483,35.135008],[128.691175,35.135514],[128.691359,35.135596],[128.691483,35.135008]],[[128.682358,35.146441],[128.682343,35.1466],[128.682624,35.146636],[128.682752,35.146595],[128.682711,35.146794],[128.683043,35.146659],[128.682804,35.146417],[128.682625,35.146449],[128.682358,35.146441]],[[128.673937,35.143955],[128.674027,35.144006],[128.674215,35.143785],[128.673937,35.143955]],[[128.695052,35.112809],[128.695053,35.112626],[128.694925,35.112647],[128.695052,35.112809]],[[128.69736,35.113806],[128.697557,35.113701],[128.697538,35.113646],[128.69736,35.113806]],[[128.686673,35.146934],[128.686625,35.146746],[128.686609,35.146993],[128.686673,35.146934]],[[128.698975,35.117144],[128.699015,35.117169],[128.699116,35.117056],[128.698975,35.117144]],[[128.68236,35.135734],[128.682375,35.135767],[128.682406,35.13575],[128.68236,35.135734]],[[128.697934,35.115047],[128.697973,35.115042],[128.697935,35.115038],[128.697934,35.115047]]]},"properties":{"id":"khoa-hrbare-50032","name":"진해항","englishName":"JINHAE HANG","harborTypeCode":"GBN284","relatedInstitutionCode":"1192136","statusCode":null,"minimumScale":17999.0,"source":"국립해양조사원(KHOA)","sourceUpdatedAt":"2025-08-11","sourceRaw":"{\"gid\":32,\"objnum\":\"50032\",\"pbinst\":\"1192136\",\"indcde_1\":\"\",\"indcde_2\":\"ENW014\",\"indcde_3\":\"CLW021\",\"mnymd\":\"20241130\",\"clfcde\":\"COD007\",\"enclev\":\"6\",\"enc_no\":\"KR688D84\",\"gubun\":\"GBN284\",\"nobjnm\":\"진해항\",\"objnam\":\"JINHAE HANG\",\"status\":\"\",\"inform\":\"\",\"ninfom\":\"\",\"ntxtds\":\"\",\"scamin\":17999,\"txtdsc\":\"\",\"sordat\":\"\",\"sorind\":\"\"}"}},{"type":"Feature","id":"khoa-hrbare-50033","geometry":{"type":"Polygon","coordinates":[[[126.297169,33.959752],[126.297518,33.960179],[126.297509,33.960463],[126.297722,33.96009],[126.298763,33.960167],[126.298514,33.960542],[126.300112,33.960001],[126.300482,33.959359],[126.301793,33.958756],[126.301902,33.958183],[126.309097,33.95987],[126.307153,33.962648],[126.299492,33.962648],[126.300044,33.962427],[126.300669,33.961257],[126.300278,33.961891],[126.29708,33.962167],[126.297555,33.962701],[126.297263,33.963384],[126.296313,33.963681],[126.29573,33.96278],[126.296086,33.962375],[126.294568,33.961481],[126.29597,33.960839],[126.296539,33.959874],[126.297169,33.959752]],[[126.302825,33.959622],[126.30297,33.9597],[126.302999,33.959606],[126.302825,33.959622]],[[126.305865,33.961444],[126.306145,33.960685],[126.305957,33.960693],[126.305865,33.961444]],[[126.300028,33.961639],[126.299944,33.961639],[126.299944,33.961778],[126.300028,33.961639]],[[126.297422,33.960497],[126.297369,33.960625],[126.29759,33.960663],[126.297422,33.960497]],[[126.297108,33.959984],[126.297152,33.960064],[126.297298,33.960005],[126.297108,33.959984]],[[126.296317,33.9633],[126.296196,33.963347],[126.296223,33.963396],[126.296317,33.9633]]]},"properties":{"id":"khoa-hrbare-50033","name":"추자항","englishName":"Chuja Hang","harborTypeCode":"GBN284","relatedInstitutionCode":"1192136","statusCode":null,"minimumScale":17999.0,"source":"국립해양조사원(KHOA)","sourceUpdatedAt":"2025-08-11","sourceRaw":"{\"gid\":33,\"objnum\":\"50033\",\"pbinst\":\"1192136\",\"indcde_1\":\"\",\"indcde_2\":\"\",\"indcde_3\":\"CLW017\",\"mnymd\":\"20241130\",\"clfcde\":\"COD007\",\"enclev\":\"6\",\"enc_no\":\"KR688D84\",\"gubun\":\"GBN284\",\"nobjnm\":\"추자항\",\"objnam\":\"Chuja Hang\",\"status\":\"\",\"inform\":\"\",\"ninfom\":\"\",\"ntxtds\":\"\",\"scamin\":17999,\"txtdsc\":\"\",\"sordat\":\"\",\"sorind\":\"\"}"}},{"type":"Feature","id":"khoa-hrbare-50034","geometry":{"type":"Polygon","coordinates":[[[126.222042,36.90563],[126.222886,36.90523],[126.223342,36.905827],[126.224258,36.905171],[126.225736,36.90561],[126.225119,36.905636],[126.225484,36.906176],[126.226193,36.90606],[126.226649,36.906377],[126.226833,36.905965],[126.227977,36.906199],[126.228291,36.905504],[126.2304,36.906125],[126.229868,36.90729],[126.230522,36.908427],[126.23115,36.908501],[126.230594,36.908371],[126.230197,36.907361],[126.230715,36.90622],[126.233245,36.907322],[126.233391,36.907005],[126.235266,36.907553],[126.234884,36.908024],[126.235244,36.908526],[126.235615,36.907727],[126.235355,36.909244],[126.235858,36.909465],[126.23734,36.909478],[126.237146,36.908633],[126.237482,36.908566],[126.238025,36.909591],[126.239182,36.909693],[126.239264,36.910485],[126.23983,36.909235],[126.240754,36.909508],[126.240404,36.910334],[126.240689,36.910412],[126.241025,36.909585],[126.24402,36.910471],[126.244288,36.911199],[126.243966,36.911636],[126.24489,36.911903],[126.24553,36.912508],[126.244913,36.912943],[126.245197,36.9132],[126.247244,36.913313],[126.24785,36.913858],[126.248786,36.913428],[126.250457,36.913501],[126.250559,36.91319],[126.251306,36.913422],[126.242694,36.923978],[126.211586,36.9262],[126.180204,36.89729],[126.195753,36.907314],[126.222042,36.90563]],[[126.245837,36.916702],[126.242868,36.915807],[126.242894,36.916026],[126.245837,36.916702]],[[126.237771,36.913335],[126.238022,36.913103],[126.235462,36.911971],[126.235361,36.912257],[126.237771,36.913335]],[[126.238965,36.913895],[126.240937,36.915207],[126.241147,36.914994],[126.239203,36.913769],[126.238965,36.913895]],[[126.235133,36.909419],[126.235067,36.90948],[126.235253,36.909571],[126.235133,36.909419]],[[126.241407,36.915054],[126.241304,36.915102],[126.241363,36.915178],[126.241407,36.915054]],[[126.238856,36.913573],[126.238893,36.913485],[126.238784,36.913457],[126.238856,36.913573]],[[126.2383,36.91331],[126.238403,36.913269],[126.238355,36.913185],[126.2383,36.91331]],[[126.238386,36.913439],[126.238417,36.913527],[126.238528,36.913495],[126.238386,36.913439]],[[126.246303,36.917015],[126.246345,36.917099],[126.24645,36.917064],[126.246303,36.917015]],[[126.241492,36.915441],[126.2416,36.915422],[126.241573,36.915333],[126.241492,36.915441]],[[126.24263,36.915623],[126.242626,36.915532],[126.242514,36.915535],[126.24263,36.915623]],[[126.242171,36.915667],[126.242276,36.915634],[126.242233,36.91555],[126.242171,36.915667]],[[126.246152,36.916741],[126.246069,36.916802],[126.246144,36.916869],[126.246152,36.916741]],[[126.234893,36.908423],[126.234984,36.908442],[126.235012,36.908383],[126.234893,36.908423]],[[126.246128,36.913335],[126.246055,36.913346],[126.246109,36.913416],[126.246128,36.913335]],[[126.243788,36.911747],[126.243706,36.91169],[126.243703,36.911764],[126.243788,36.911747]],[[126.244284,36.911762],[126.244242,36.911763],[126.244248,36.911797],[126.244284,36.911762]],[[126.246588,36.913377],[126.246602,36.91334],[126.246549,36.913344],[126.246588,36.913377]],[[126.249291,36.913619],[126.249325,36.913622],[126.249316,36.913589],[126.249291,36.913619]]]},"properties":{"id":"khoa-hrbare-50034","name":"태안항","englishName":"TAEAN HANG","harborTypeCode":"GBN284","relatedInstitutionCode":"1192136","statusCode":null,"minimumScale":17999.0,"source":"국립해양조사원(KHOA)","sourceUpdatedAt":"2025-08-11","sourceRaw":"{\"gid\":34,\"objnum\":\"50034\",\"pbinst\":\"1192136\",\"indcde_1\":\"BCH053\",\"indcde_2\":\"ENW030\",\"indcde_3\":\"CLW010\",\"mnymd\":\"20241130\",\"clfcde\":\"COD007\",\"enclev\":\"5, 6\",\"enc_no\":\"KR5G3F11, KR688D84\",\"gubun\":\"GBN284\",\"nobjnm\":\"태안항\",\"objnam\":\"TAEAN HANG\",\"status\":\"\",\"inform\":\"\",\"ninfom\":\"\",\"ntxtds\":\"\",\"scamin\":17999,\"txtdsc\":\"\",\"sordat\":\"\",\"sorind\":\"\"}"}},{"type":"Feature","id":"khoa-hrbare-50035","geometry":{"type":"Polygon","coordinates":[[[128.390826,34.822708],[128.392535,34.823028],[128.392916,34.823415],[128.392613,34.824046],[128.393298,34.823891],[128.396546,34.826537],[128.39722,34.826622],[128.397537,34.827073],[128.397712,34.826874],[128.400869,34.829128],[128.401034,34.828986],[128.401979,34.828756],[128.401971,34.828481],[128.403065,34.828361],[128.403364,34.828761],[128.403478,34.828323],[128.404381,34.828253],[128.404439,34.830217],[128.403026,34.830035],[128.403954,34.830365],[128.404576,34.831484],[128.40512,34.831615],[128.405398,34.83147],[128.40504,34.830875],[128.406089,34.830724],[128.407275,34.833181],[128.408309,34.834067],[128.409576,34.834225],[128.410496,34.833785],[128.410943,34.834277],[128.411344,34.833365],[128.415019,34.833215],[128.415573,34.833352],[128.417272,34.834334],[128.417263,34.834728],[128.418222,34.834498],[128.41903,34.835155],[128.419733,34.834838],[128.420192,34.835405],[128.42008,34.834554],[128.42082,34.834199],[128.421318,34.83568],[128.420823,34.833756],[128.421947,34.833359],[128.421824,34.83291],[128.422459,34.83279],[128.422721,34.833354],[128.422565,34.83277],[128.423173,34.832649],[128.423922,34.833753],[128.423983,34.833305],[128.424425,34.833258],[128.424924,34.834626],[128.424492,34.832427],[128.426196,34.832117],[128.426667,34.833415],[128.426323,34.832096],[128.427765,34.831836],[128.428483,34.830952],[128.429756,34.831421],[128.428081,34.830606],[128.428253,34.830313],[128.429067,34.830615],[128.42919,34.830386],[128.428431,34.830102],[128.428594,34.829825],[128.429348,34.830098],[128.428924,34.829792],[128.429198,34.829272],[128.430214,34.829144],[128.429965,34.828858],[128.430889,34.828386],[128.43083,34.829245],[128.431898,34.829137],[128.432453,34.829827],[128.432378,34.830876],[128.432539,34.830008],[128.433174,34.829911],[128.434362,34.830906],[128.433103,34.829635],[128.434575,34.828408],[128.435253,34.828181],[128.434414,34.827758],[128.434216,34.827128],[128.434,34.827418],[128.433391,34.827321],[128.4334,34.826415],[128.434847,34.825238],[128.435771,34.825616],[128.43641,34.825318],[128.437487,34.826207],[128.437534,34.826687],[128.439948,34.828423],[128.438509,34.829705],[128.436953,34.829589],[128.438522,34.82976],[128.440659,34.828045],[128.440307,34.82715],[128.441264,34.826362],[128.448181,34.84534],[128.447399,34.844834],[128.446639,34.845146],[128.445837,34.84494],[128.444943,34.844484],[128.444986,34.844161],[128.44394,34.844411],[128.443322,34.843747],[128.443478,34.843213],[128.442032,34.843362],[128.441806,34.843714],[128.441135,34.841806],[128.441296,34.842568],[128.43496,34.843744],[128.433868,34.844489],[128.431892,34.842528],[128.432628,34.841307],[128.435069,34.841682],[128.436081,34.839921],[128.437863,34.840611],[128.438204,34.840028],[128.439976,34.840729],[128.441688,34.840579],[128.440012,34.840428],[128.434487,34.838264],[128.43319,34.838561],[128.432957,34.838237],[128.433095,34.838706],[128.431881,34.839502],[128.431124,34.839043],[128.430598,34.837398],[128.430703,34.838528],[128.427517,34.839565],[128.426288,34.842381],[128.426858,34.844193],[128.4255,34.844595],[128.424488,34.844301],[128.423594,34.842806],[128.425672,34.841677],[128.425197,34.839555],[128.422138,34.838861],[128.421582,34.83964],[128.418903,34.839032],[128.418624,34.839901],[128.417999,34.839765],[128.415552,34.837781],[128.415673,34.837593],[128.412499,34.836269],[128.410398,34.834853],[128.407462,34.834471],[128.404954,34.83261],[128.403079,34.833179],[128.401687,34.836012],[128.398631,34.835369],[128.398018,34.834699],[128.398694,34.833637],[128.39828,34.833236],[128.397448,34.834041],[128.397017,34.833693],[128.397019,34.832212],[128.397618,34.832115],[128.397435,34.831601],[128.397413,34.832018],[128.39705,34.832103],[128.397057,34.831392],[128.396069,34.830769],[128.395825,34.829538],[128.39412,34.829248],[128.392828,34.829519],[128.39229,34.830789],[128.391969,34.825098],[128.390648,34.823277],[128.390826,34.822708]],[[128.434713,34.827701],[128.434744,34.827667],[128.434686,34.82765],[128.434713,34.827701]],[[128.397385,34.832023],[128.397406,34.832017],[128.397381,34.831933],[128.397385,34.832023]],[[128.397287,34.832046],[128.397309,34.832041],[128.397284,34.831951],[128.397287,34.832046]],[[128.39851,34.833236],[128.398394,34.833324],[128.398664,34.833573],[128.39851,34.833236]],[[128.392297,34.823939],[128.392668,34.824352],[128.392735,34.824314],[128.392297,34.823939]],[[128.397507,34.833525],[128.397385,34.83367],[128.397513,34.833745],[128.397507,34.833525]],[[128.39964,34.835482],[128.399789,34.83513],[128.399724,34.835116],[128.39964,34.835482]],[[128.394939,34.825322],[128.394873,34.825283],[128.394708,34.82547],[128.394939,34.825322]],[[128.392364,34.823395],[128.392059,34.823644],[128.392103,34.823682],[128.392364,34.823395]],[[128.394116,34.82518],[128.394339,34.824954],[128.394293,34.824922],[128.394116,34.82518]],[[128.39946,34.835114],[128.399405,34.835107],[128.399345,34.835421],[128.39946,34.835114]],[[128.394624,34.825137],[128.394423,34.825322],[128.394469,34.825356],[128.394624,34.825137]],[[128.399108,34.835274],[128.399019,34.835366],[128.399121,34.835381],[128.399108,34.835274]],[[128.391684,34.824402],[128.391904,34.824227],[128.391884,34.824206],[128.391684,34.824402]],[[128.393813,34.825029],[128.394099,34.824794],[128.39409,34.824786],[128.393813,34.825029]],[[128.392444,34.823855],[128.39254,34.823962],[128.392595,34.823931],[128.392444,34.823855]],[[128.399239,34.835389],[128.399271,34.835265],[128.399207,34.835247],[128.399239,34.835389]],[[128.399794,34.835522],[128.399844,34.835377],[128.399794,34.835366],[128.399794,34.835522]],[[128.397621,34.832215],[128.397541,34.832236],[128.397564,34.832307],[128.397621,34.832215]],[[128.397262,34.831461],[128.397286,34.831529],[128.397369,34.831509],[128.397262,34.831461]],[[128.435032,34.825943],[128.434597,34.825813],[128.434726,34.825536],[128.434182,34.825965],[128.435032,34.825943]],[[128.419175,34.838988],[128.419376,34.838318],[128.419219,34.838289],[128.419175,34.838988]],[[128.429559,34.83375],[128.429735,34.833598],[128.429358,34.833453],[128.429559,34.83375]],[[128.419786,34.839212],[128.419941,34.839248],[128.420129,34.838708],[128.419786,34.839212]],[[128.420518,34.839365],[128.420678,34.839403],[128.420849,34.838859],[128.420518,34.839365]],[[128.421453,34.838911],[128.421289,34.839449],[128.421442,34.83948],[128.421453,34.838911]],[[128.429056,34.838855],[128.428791,34.838363],[128.428643,34.838415],[128.429056,34.838855]],[[128.438582,34.827715],[128.437482,34.828629],[128.437615,34.828694],[128.438582,34.827715]],[[128.434529,34.827092],[128.434418,34.827114],[128.434383,34.82743],[128.435214,34.827522],[128.43514,34.827257],[128.434879,34.827291],[128.434915,34.827017],[128.434694,34.82706],[128.434844,34.827315],[128.434529,34.827092]],[[128.422669,34.833756],[128.422758,34.834101],[128.422926,34.834063],[128.422669,34.833756]],[[128.438791,34.828167],[128.43803,34.82894],[128.438175,34.828999],[128.438791,34.828167]],[[128.435312,34.830853],[128.436365,34.82999],[128.436308,34.829941],[128.435312,34.830853]],[[128.433113,34.841949],[128.433152,34.841879],[128.432514,34.841647],[128.433113,34.841949]],[[128.43324,34.82964],[128.433526,34.829856],[128.433636,34.829755],[128.43324,34.82964]],[[128.403656,34.830111],[128.404048,34.829735],[128.403769,34.829457],[128.403717,34.829753],[128.403158,34.829672],[128.40371,34.82978],[128.403656,34.830111]],[[128.432064,34.829639],[128.431589,34.829868],[128.431757,34.829883],[128.432064,34.829639]],[[128.438064,34.827471],[128.438221,34.827362],[128.438052,34.827183],[128.438064,34.827471]],[[128.43684,34.826112],[128.437044,34.825919],[128.436914,34.82582],[128.43684,34.826112]],[[128.429715,34.838595],[128.429578,34.838351],[128.429431,34.838406],[128.429715,34.838595]],[[128.429421,34.838387],[128.429569,34.838334],[128.429436,34.838089],[128.429421,34.838387]],[[128.432736,34.83893],[128.432921,34.838804],[128.432792,34.838666],[128.432736,34.83893]],[[128.43714,34.840753],[128.437269,34.840791],[128.437385,34.840538],[128.43714,34.840753]],[[128.431919,34.830098],[128.431908,34.830191],[128.432294,34.830221],[128.431919,34.830098]],[[128.436097,34.843076],[128.436183,34.843452],[128.436262,34.843446],[128.436097,34.843076]],[[128.402997,34.829256],[128.403044,34.829277],[128.40341,34.828825],[128.402997,34.829256]],[[128.433009,34.831096],[128.433899,34.831156],[128.433898,34.831117],[128.433009,34.831096]],[[128.424343,34.843325],[128.424281,34.84322],[128.424046,34.843315],[128.424343,34.843325]],[[128.43442,34.828704],[128.434726,34.828952],[128.434786,34.828903],[128.43442,34.828704]],[[128.434921,34.825528],[128.434813,34.825606],[128.434973,34.825756],[128.434921,34.825528]],[[128.436322,34.825696],[128.436415,34.825771],[128.436588,34.825623],[128.436322,34.825696]],[[128.402516,34.829148],[128.402562,34.82915],[128.40257,34.828647],[128.402516,34.829148]],[[128.418247,34.839339],[128.418186,34.839321],[128.418002,34.839647],[128.418247,34.839339]],[[128.437456,34.826661],[128.437265,34.826708],[128.437303,34.826817],[128.437456,34.826661]],[[128.402406,34.834333],[128.402445,34.834259],[128.402194,34.834169],[128.402406,34.834333]],[[128.415806,34.837572],[128.415672,34.837737],[128.415756,34.837786],[128.415806,34.837572]],[[128.433555,34.827335],[128.433861,34.827336],[128.433862,34.82721],[128.433555,34.827335]],[[128.435418,34.828281],[128.435382,34.828249],[128.43507,34.828503],[128.435418,34.828281]],[[128.402157,34.833897],[128.402554,34.83402],[128.402578,34.833977],[128.402157,34.833897]],[[128.416856,34.838756],[128.417103,34.838521],[128.417056,34.838485],[128.416856,34.838756]],[[128.400575,34.835672],[128.400629,34.835301],[128.400576,34.835296],[128.400575,34.835672]],[[128.43431,34.829107],[128.434369,34.829053],[128.434172,34.828909],[128.43431,34.829107]],[[128.402148,34.834852],[128.402167,34.834813],[128.401764,34.834675],[128.402148,34.834852]],[[128.401913,34.828842],[128.401861,34.828854],[128.40199,34.829198],[128.401913,34.828842]],[[128.400621,34.829113],[128.400579,34.829092],[128.40037,34.829307],[128.400621,34.829113]],[[128.401854,34.835445],[128.401453,34.835306],[128.401432,34.835345],[128.401854,34.835445]],[[128.401603,34.828923],[128.401553,34.828933],[128.401675,34.829279],[128.401603,34.828923]],[[128.403669,34.830408],[128.403473,34.830475],[128.403748,34.830518],[128.403669,34.830408]],[[128.43436,34.826252],[128.433958,34.826086],[128.433969,34.826092],[128.43436,34.826252]],[[128.402024,34.835102],[128.401612,34.834985],[128.401597,34.835025],[128.402024,34.835102]],[[128.435238,34.828006],[128.435576,34.827849],[128.435376,34.827688],[128.435238,34.828006]],[[128.432122,34.829976],[128.432102,34.830057],[128.432319,34.83009],[128.432122,34.829976]],[[128.400907,34.835644],[128.400952,34.835655],[128.401029,34.835358],[128.400907,34.835644]],[[128.433858,34.829159],[128.433804,34.829203],[128.433994,34.82935],[128.433858,34.829159]],[[128.416277,34.838205],[128.416419,34.83809],[128.416351,34.838032],[128.416277,34.838205]],[[128.416368,34.838016],[128.416435,34.838075],[128.416579,34.837964],[128.416368,34.838016]],[[128.415199,34.837337],[128.415266,34.837395],[128.415409,34.837282],[128.415199,34.837337]],[[128.414931,34.837143],[128.414997,34.837202],[128.415143,34.837093],[128.414931,34.837143]],[[128.416426,34.834253],[128.416475,34.834272],[128.416601,34.834015],[128.416426,34.834253]],[[128.402373,34.834546],[128.402414,34.834462],[128.402262,34.834409],[128.402373,34.834546]],[[128.433988,34.843948],[128.434163,34.844169],[128.434212,34.844141],[128.433988,34.843948]],[[128.437056,34.825975],[128.436834,34.826165],[128.436876,34.826197],[128.437056,34.825975]],[[128.422837,34.833539],[128.422876,34.833691],[128.423033,34.833662],[128.422837,34.833539]],[[128.437072,34.826465],[128.437382,34.826366],[128.437364,34.826328],[128.437072,34.826465]],[[128.4315,34.829798],[128.431547,34.829844],[128.431738,34.829695],[128.4315,34.829798]],[[128.401256,34.829282],[128.401304,34.829275],[128.401236,34.829012],[128.401256,34.829282]],[[128.433658,34.826317],[128.433852,34.826487],[128.433893,34.82646],[128.433658,34.826317]],[[128.431858,34.829517],[128.431714,34.829625],[128.431765,34.829676],[128.431858,34.829517]],[[128.434881,34.825744],[128.434789,34.825669],[128.434712,34.825727],[128.434881,34.825744]],[[128.433718,34.844215],[128.433677,34.844234],[128.433813,34.844419],[128.433718,34.844215]],[[128.431993,34.830674],[128.432159,34.830645],[128.432143,34.830591],[128.431993,34.830674]],[[128.431823,34.83039],[128.432001,34.830395],[128.432005,34.830342],[128.431823,34.83039]],[[128.432054,34.830341],[128.432049,34.830393],[128.432216,34.830392],[128.432054,34.830341]],[[128.433023,34.8304],[128.432969,34.830413],[128.432997,34.830544],[128.433023,34.8304]],[[128.432964,34.830405],[128.433015,34.830392],[128.432963,34.830265],[128.432964,34.830405]],[[128.432112,34.829986],[128.431978,34.829975],[128.431971,34.830028],[128.432112,34.829986]],[[128.432958,34.830254],[128.432921,34.830136],[128.432865,34.830147],[128.432958,34.830254]],[[128.41592,34.83361],[128.415846,34.833715],[128.415892,34.833739],[128.41592,34.83361]],[[128.400114,34.83526],[128.400093,34.835358],[128.400156,34.835363],[128.400114,34.83526]],[[128.400128,34.835492],[128.400066,34.835479],[128.400036,34.835573],[128.400128,34.835492]],[[128.437569,34.826978],[128.437652,34.826907],[128.437609,34.826875],[128.437569,34.826978]],[[128.431738,34.829377],[128.431758,34.829428],[128.431864,34.829395],[128.431738,34.829377]],[[128.400152,34.83538],[128.400094,34.835372],[128.400074,34.835463],[128.400152,34.83538]],[[128.40332,34.830019],[128.403359,34.829936],[128.403302,34.829918],[128.40332,34.830019]],[[128.417786,34.839366],[128.417715,34.839425],[128.41776,34.83946],[128.417786,34.839366]],[[128.416504,34.836296],[128.416535,34.836274],[128.416511,34.836247],[128.416504,34.836296]],[[128.41618,34.836845],[128.416219,34.836843],[128.416218,34.83681],[128.41618,34.836845]],[[128.435284,34.83785],[128.435227,34.837841],[128.435219,34.837882],[128.435284,34.83785]],[[128.442833,34.843272],[128.442891,34.843232],[128.442861,34.843226],[128.442833,34.843272]],[[128.445062,34.844158],[128.445071,34.844167],[128.445135,34.84413],[128.445062,34.844158]],[[128.44513,34.844075],[128.445153,34.84409],[128.445161,34.844044],[128.44513,34.844075]],[[128.446471,34.844946],[128.44649,34.84492],[128.446477,34.844902],[128.446471,34.844946]],[[128.443258,34.843148],[128.443262,34.843136],[128.443248,34.843141],[128.443258,34.843148]],[[128.443306,34.84315],[128.443317,34.843156],[128.443334,34.843147],[128.443306,34.84315]],[[128.443479,34.84309],[128.443493,34.843101],[128.443504,34.843091],[128.443479,34.84309]],[[128.443678,34.843477],[128.443634,34.843495],[128.443651,34.843509],[128.443678,34.843477]]]},"properties":{"id":"khoa-hrbare-50035","name":"통영항","englishName":"TONGYEONG HANG","harborTypeCode":"GBN284","relatedInstitutionCode":"1192136","statusCode":null,"minimumScale":17999.0,"source":"국립해양조사원(KHOA)","sourceUpdatedAt":"2025-08-11","sourceRaw":"{\"gid\":35,\"objnum\":\"50035\",\"pbinst\":\"1192136\",\"indcde_1\":\"\",\"indcde_2\":\"ENW025\",\"indcde_3\":\"CLW020\",\"mnymd\":\"20241130\",\"clfcde\":\"COD007\",\"enclev\":\"6\",\"enc_no\":\"KR688D84\",\"gubun\":\"GBN284\",\"nobjnm\":\"통영항\",\"objnam\":\"TONGYEONG HANG\",\"status\":\"\",\"inform\":\"\",\"ninfom\":\"\",\"ntxtds\":\"\",\"scamin\":17999,\"txtdsc\":\"\",\"sordat\":\"\",\"sorind\":\"\"}"}},{"type":"Feature","id":"khoa-hrbare-50036","geometry":{"type":"Polygon","coordinates":[[[126.747095,37.034576],[126.700429,36.99761],[126.700883,36.997894],[126.70066,36.997425],[126.702414,36.997499],[126.704676,36.999349],[126.718084,36.993109],[126.718107,36.992362],[126.732114,36.988674],[126.734904,36.989133],[126.736208,36.987906],[126.737343,36.988344],[126.738391,36.987629],[126.739482,36.988173],[126.739541,36.988095],[126.738536,36.987608],[126.739008,36.987048],[126.740001,36.987289],[126.739064,36.98698],[126.739094,36.986644],[126.740563,36.985257],[126.741483,36.984994],[126.744132,36.986334],[126.745295,36.988006],[126.746013,36.988259],[126.746773,36.98821],[126.747131,36.987962],[126.746159,36.988209],[126.745219,36.987861],[126.744435,36.98654],[126.747641,36.985496],[126.748541,36.987106],[126.749789,36.986681],[126.750002,36.987096],[126.774808,36.978616],[126.77467,36.978202],[126.780879,36.976129],[126.781448,36.975424],[126.782689,36.975186],[126.782916,36.974504],[126.783647,36.974166],[126.783606,36.972386],[126.781807,36.969703],[126.783566,36.96904],[126.783698,36.9693],[126.7835,36.968787],[126.781803,36.96964],[126.781031,36.969017],[126.781024,36.968164],[126.780112,36.967687],[126.779616,36.966834],[126.781779,36.963317],[126.782182,36.963435],[126.78195,36.963043],[126.793956,36.943642],[126.794347,36.942063],[126.793379,36.940748],[126.792297,36.94051],[126.791583,36.937901],[126.791678,36.937002],[126.792361,36.937047],[126.792662,36.936574],[126.79212,36.935877],[126.801207,36.925612],[126.801922,36.92562],[126.80171,36.925035],[126.802245,36.92444],[126.803012,36.925146],[126.803875,36.925078],[126.805644,36.930151],[126.80636,36.930624],[126.80698,36.93056],[126.808601,36.928991],[126.809625,36.928592],[126.811119,36.926755],[126.812631,36.923056],[126.813289,36.916758],[126.812914,36.915394],[126.813953,36.914144],[126.815235,36.909969],[126.814819,36.909515],[126.814746,36.908178],[126.815213,36.906945],[126.814424,36.905605],[126.815653,36.903262],[126.816001,36.901142],[126.816976,36.898957],[126.81654,36.898178],[126.816676,36.896694],[126.818738,36.895952],[126.820418,36.894071],[126.819995,36.893444],[126.822016,36.892302],[126.822666,36.892757],[126.823152,36.892594],[126.823986,36.893723],[126.823205,36.892575],[126.823711,36.892472],[126.823494,36.892159],[126.823564,36.892007],[126.823763,36.892035],[126.82401,36.892394],[126.824972,36.891697],[126.825312,36.892032],[126.825699,36.891778],[126.82532,36.891973],[126.824353,36.890971],[126.825092,36.890478],[126.825567,36.890825],[126.825161,36.890421],[126.82546,36.890127],[126.826841,36.890175],[126.826867,36.888704],[126.828336,36.888331],[126.829166,36.889459],[126.83001,36.889602],[126.832035,36.888938],[126.831956,36.887544],[126.862886,36.879761],[126.862736,36.880587],[126.863407,36.880034],[126.86561,36.88135],[126.869208,36.882752],[126.881527,36.886258],[126.881424,36.886713],[126.881702,36.886306],[126.884201,36.886969],[126.903509,36.888089],[126.90594,36.888671],[126.910017,36.891074],[126.911094,36.892272],[126.91142,36.893763],[126.908134,36.908685],[126.90699,36.908736],[126.90726,36.909481],[126.907972,36.909704],[126.907582,36.911451],[126.906813,36.911664],[126.907493,36.912364],[126.907201,36.913696],[126.906417,36.913819],[126.906106,36.915435],[126.905143,36.915774],[126.905694,36.916498],[126.905742,36.919042],[126.905012,36.920394],[126.904524,36.925],[126.903626,36.925],[126.903924,36.923509],[126.903153,36.920857],[126.903679,36.915548],[126.904455,36.915494],[126.9033,36.915327],[126.902853,36.914696],[126.902526,36.91521],[126.876161,36.910971],[126.855618,36.908147],[126.852552,36.908229],[126.849691,36.908745],[126.849378,36.908195],[126.849534,36.908787],[126.845992,36.91017],[126.843101,36.912116],[126.842471,36.911755],[126.843003,36.912188],[126.840907,36.914501],[126.839509,36.917148],[126.836013,36.927937],[126.836048,36.928206],[126.835673,36.929463],[126.83563,36.929602],[126.835614,36.929649],[126.835593,36.929648],[126.834852,36.932047],[126.83393,36.931889],[126.834827,36.932123],[126.832936,36.938174],[126.832061,36.938],[126.832913,36.938248],[126.830794,36.944997],[126.829879,36.946284],[126.828628,36.945787],[126.828246,36.946306],[126.829358,36.947002],[126.829143,36.947617],[126.821075,36.959114],[126.821895,36.96361],[126.824259,36.964679],[126.821548,36.968453],[126.821681,36.968513],[126.833726,36.951369],[126.832061,36.950618],[126.832944,36.949358],[126.834198,36.949821],[126.834692,36.949186],[126.836627,36.950049],[126.840493,36.943747],[126.832222,36.941574],[126.835784,36.930105],[126.836405,36.929133],[126.837985,36.928884],[126.867515,36.933463],[126.866874,36.934505],[126.865535,36.939419],[126.863471,36.940773],[126.862543,36.939875],[126.856374,36.943781],[126.853873,36.941235],[126.855261,36.938286],[126.85378,36.941258],[126.856291,36.943825],[126.855058,36.944586],[126.852075,36.943286],[126.851777,36.94371],[126.854672,36.945054],[126.854091,36.945922],[126.852732,36.947846],[126.849608,36.946468],[126.845244,36.952755],[126.845672,36.953096],[126.845157,36.952879],[126.844481,36.953859],[126.846635,36.954831],[126.84519,36.956491],[126.845722,36.956726],[126.84523,36.956552],[126.845149,36.95648],[126.845298,36.956266],[126.845006,36.956131],[126.844861,36.956338],[126.842828,36.955466],[126.84272,36.955696],[126.844693,36.956582],[126.844544,36.956801],[126.844836,36.956936],[126.84499,36.956718],[126.845112,36.956731],[126.845572,36.956937],[126.845548,36.956971],[126.845023,36.956734],[126.844177,36.957959],[126.842513,36.957211],[126.838433,36.963012],[126.839021,36.963426],[126.838214,36.963328],[126.831407,36.973005],[126.832004,36.973418],[126.831126,36.973404],[126.829891,36.975156],[126.830489,36.975572],[126.829625,36.975536],[126.828513,36.977126],[126.829158,36.977464],[126.82822,36.977526],[126.826896,36.979422],[126.827489,36.979841],[126.82662,36.979816],[126.825287,36.981721],[126.825931,36.982058],[126.825015,36.982112],[126.823624,36.984095],[126.825621,36.986105],[126.828132,36.98731],[126.828115,36.987707],[126.824987,36.986605],[126.823694,36.984999],[126.820811,36.984763],[126.813043,36.987288],[126.818187,36.985688],[126.81845,36.986215],[126.820536,36.985536],[126.823487,36.991381],[126.812036,36.995102],[126.808824,36.988735],[126.809831,36.988334],[126.801395,36.99107],[126.804132,36.990255],[126.805785,36.99354],[126.806817,36.99389],[126.808166,36.993446],[126.809435,36.99595],[126.804226,36.997637],[126.800249,36.997293],[126.800404,36.996041],[126.799701,36.995981],[126.799516,36.997231],[126.797867,36.99709],[126.798039,36.995739],[126.797633,36.995709],[126.798475,36.992326],[126.798302,36.992305],[126.797148,36.997448],[126.794646,36.997459],[126.793801,36.995691],[126.79544,36.995243],[126.794689,36.995159],[126.793319,36.995529],[126.792939,36.994561],[126.793181,36.993763],[126.792789,36.993785],[126.792813,36.994561],[126.789855,36.994748],[126.789758,36.994093],[126.789393,36.994157],[126.7896,36.994845],[126.788636,36.995812],[126.787688,36.994922],[126.787398,36.995184],[126.788597,36.995871],[126.787795,36.99705],[126.787522,36.996927],[126.787076,36.998112],[126.785552,36.996971],[126.785248,36.99717],[126.787022,36.998183],[126.786072,36.999813],[126.783119,36.999277],[126.782482,36.999696],[126.782058,36.999277],[126.781655,36.999541],[126.78226,36.999994],[126.783175,36.999394],[126.784184,36.999601],[126.784131,37.0005],[126.784501,36.999649],[126.785833,37.000001],[126.783893,37.001509],[126.783122,37.002732],[126.779061,37.001296],[126.778886,37.001406],[126.779366,37.001743],[126.78182,37.002655],[126.781546,37.003752],[126.776105,37.003893],[126.775321,37.004544],[126.775179,37.004565],[126.774795,37.004189],[126.774457,37.004408],[126.775,37.004905],[126.776248,37.004087],[126.782307,37.003933],[126.778974,37.007261],[126.783682,37.010594],[126.787257,37.012787],[126.788654,37.012959],[126.789881,37.011568],[126.790186,37.011614],[126.788981,37.012979],[126.797634,37.01414],[126.797329,37.016859],[126.795779,37.018277],[126.79519,37.025767],[126.794746,37.026442],[126.789592,37.029697],[126.769076,37.029693],[126.767502,37.030079],[126.766878,37.029832],[126.766626,37.028511],[126.764712,37.028592],[126.766501,37.0286],[126.766721,37.029583],[126.764032,37.029576],[126.763978,37.028377],[126.763803,37.029841],[126.750625,37.029846],[126.749103,37.030819],[126.748859,37.032873],[126.747941,37.03294],[126.748859,37.032973],[126.748863,37.035201],[126.747965,37.035199],[126.747968,37.033849],[126.747186,37.033818],[126.747712,37.033308],[126.747114,37.033791],[126.747095,37.034576]],[[126.835572,36.929639],[126.835593,36.929648],[126.835596,36.929638],[126.835572,36.929639]],[[126.835599,36.929589],[126.835586,36.929595],[126.835592,36.929609],[126.835599,36.929589]],[[126.835631,36.929491],[126.835616,36.929497],[126.835635,36.929514],[126.835631,36.929491]],[[126.845425,36.952434],[126.845132,36.9523],[126.84477,36.952821],[126.844891,36.952814],[126.845008,36.952864],[126.845065,36.952953],[126.845425,36.952434]],[[126.83547,36.929632],[126.835491,36.929627],[126.835477,36.929624],[126.83547,36.929632]],[[126.835616,36.92954],[126.835501,36.929534],[126.835597,36.929553],[126.835616,36.92954]],[[126.835649,36.929451],[126.835627,36.929456],[126.835637,36.929463],[126.835649,36.929451]],[[126.810068,36.940322],[126.807326,36.940777],[126.805683,36.941614],[126.806084,36.94401],[126.804551,36.946278],[126.80539,36.947378],[126.805628,36.94893],[126.80633,36.949458],[126.808064,36.94932],[126.809372,36.94846],[126.811952,36.944581],[126.811663,36.941479],[126.810068,36.940322]],[[126.839028,36.950102],[126.838588,36.949896],[126.838488,36.950048],[126.839028,36.950102]],[[126.833335,36.949873],[126.833249,36.949989],[126.834036,36.950358],[126.833335,36.949873]],[[126.795773,36.946201],[126.795061,36.946058],[126.793945,36.945919],[126.795773,36.946201]],[[126.79728,36.939335],[126.797118,36.939239],[126.796999,36.93939],[126.79728,36.939335]],[[126.799554,36.942948],[126.799561,36.943128],[126.799741,36.943124],[126.799554,36.942948]],[[126.797801,36.934204],[126.797778,36.934363],[126.797954,36.934381],[126.797801,36.934204]],[[126.791212,36.948277],[126.791137,36.948389],[126.791308,36.94846],[126.791212,36.948277]],[[126.798371,36.931517],[126.798218,36.9315],[126.798198,36.931645],[126.798371,36.931517]],[[126.797579,36.936916],[126.797419,36.936903],[126.797406,36.937044],[126.797579,36.936916]],[[126.798602,36.928823],[126.79857,36.928927],[126.798714,36.928953],[126.798602,36.928823]],[[126.793315,36.944937],[126.793271,36.945056],[126.793299,36.94505],[126.793315,36.944937]],[[126.812069,36.993878],[126.81233,36.994193],[126.81093,36.991605],[126.811061,36.99187],[126.810642,36.992046],[126.811567,36.99382],[126.812069,36.993878]],[[126.814666,36.993264],[126.814961,36.993167],[126.81446,36.992178],[126.814048,36.992314],[126.814666,36.993264]],[[126.817945,36.992567],[126.816666,36.991166],[126.816486,36.99127],[126.817945,36.992567]],[[126.820024,36.991891],[126.818746,36.990488],[126.818567,36.990593],[126.820024,36.991891]],[[126.819499,36.987711],[126.819589,36.987878],[126.820857,36.987451],[126.819499,36.987711]],[[126.805003,36.995717],[126.804823,36.995827],[126.805665,36.996699],[126.805003,36.995717]],[[126.803544,36.997093],[126.80377,36.99711],[126.80391,36.996013],[126.803544,36.997093]],[[126.801687,36.99582],[126.801461,36.995799],[126.801324,36.996901],[126.801687,36.99582]],[[126.802658,36.997015],[126.802792,36.995921],[126.802568,36.995902],[126.802658,36.997015]],[[126.820088,36.98875],[126.820172,36.988921],[126.821395,36.988538],[126.820088,36.98875]],[[126.806993,36.996218],[126.806303,36.995511],[126.806129,36.995616],[126.806993,36.996218]],[[126.843289,36.952446],[126.843053,36.952325],[126.842691,36.952816],[126.843289,36.952446]],[[126.838086,36.950732],[126.838331,36.950862],[126.838683,36.950359],[126.838086,36.950732]],[[126.808132,36.995847],[126.807497,36.995189],[126.80732,36.995296],[126.808132,36.995847]],[[126.842687,36.957243],[126.842904,36.956922],[126.84246,36.956735],[126.842241,36.957044],[126.842687,36.957243]],[[126.845669,36.955149],[126.844852,36.954787],[126.844771,36.954906],[126.845669,36.955149]],[[126.832872,36.950515],[126.83279,36.950628],[126.833591,36.950988],[126.832872,36.950515]],[[126.820199,36.985715],[126.819897,36.985763],[126.820066,36.986096],[126.820199,36.985715]],[[126.843461,36.95229],[126.843559,36.952149],[126.843117,36.951952],[126.843461,36.95229]],[[126.837913,36.950878],[126.837816,36.951019],[126.838255,36.951216],[126.837913,36.950878]],[[126.842349,36.953072],[126.842791,36.953268],[126.842888,36.953127],[126.842349,36.953072]],[[126.838812,36.950414],[126.838724,36.950377],[126.838383,36.950872],[126.838812,36.950414]],[[126.842563,36.952764],[126.842653,36.952803],[126.842994,36.952305],[126.842563,36.952764]],[[126.843522,36.957505],[126.843621,36.957549],[126.843716,36.957417],[126.843522,36.957505]],[[126.837982,36.950766],[126.838059,36.950655],[126.837971,36.950615],[126.837982,36.950766]],[[126.843056,36.953061],[126.843137,36.952951],[126.843047,36.952912],[126.843056,36.953061]],[[126.843387,36.952422],[126.843311,36.952533],[126.843396,36.952573],[126.843387,36.952422]],[[126.838397,36.950167],[126.838311,36.950127],[126.838233,36.950236],[126.838397,36.950167]],[[126.821415,36.988531],[126.821487,36.988509],[126.821423,36.98838],[126.821415,36.988531]],[[126.820803,36.987315],[126.820866,36.987444],[126.820938,36.987421],[126.820803,36.987315]],[[126.819879,36.991991],[126.819927,36.99204],[126.820063,36.99196],[126.819879,36.991991]],[[126.814854,36.993612],[126.814882,36.99367],[126.815038,36.993619],[126.814854,36.993612]],[[126.817933,36.992587],[126.817799,36.992667],[126.817847,36.992716],[126.817933,36.992587]],[[126.803556,36.997108],[126.803551,36.99717],[126.803715,36.997183],[126.803556,36.997108]],[[126.801481,36.996995],[126.801491,36.996932],[126.801325,36.996918],[126.801481,36.996995]],[[126.802432,36.997075],[126.802591,36.99709],[126.8026,36.997027],[126.802432,36.997075]],[[126.805812,36.996626],[126.805685,36.996702],[126.805733,36.996752],[126.805812,36.996626]],[[126.844995,36.952867],[126.844898,36.952825],[126.844843,36.952903],[126.844995,36.952867]],[[126.806956,36.996252],[126.806832,36.99633],[126.806881,36.996379],[126.806956,36.996252]],[[126.808148,36.99593],[126.808103,36.995879],[126.807978,36.995957],[126.808148,36.99593]],[[126.810843,36.991693],[126.810938,36.991663],[126.810899,36.991588],[126.810843,36.991693]],[[126.812094,36.993963],[126.812059,36.993889],[126.811963,36.993918],[126.812094,36.993963]],[[126.812205,36.994178],[126.812108,36.994207],[126.812145,36.994281],[126.812205,36.994178]],[[126.814968,36.993168],[126.814878,36.993199],[126.814915,36.993269],[126.814968,36.993168]],[[126.814638,36.993276],[126.814547,36.993308],[126.81458,36.993382],[126.814638,36.993276]],[[126.842951,36.957055],[126.842999,36.956988],[126.842915,36.95695],[126.842951,36.957055]],[[126.842533,36.95665],[126.84249,36.956713],[126.842571,36.95675],[126.842533,36.95665]],[[126.84276,36.957175],[126.842718,36.957238],[126.842796,36.957274],[126.84276,36.957175]],[[126.845252,36.956134],[126.845175,36.956099],[126.845131,36.956162],[126.845252,36.956134]],[[126.844638,36.956862],[126.844593,36.956921],[126.844671,36.956958],[126.844638,36.956862]],[[126.815121,36.993868],[126.815101,36.993831],[126.814985,36.993869],[126.815121,36.993868]],[[126.802432,36.997232],[126.802426,36.997269],[126.802556,36.99728],[126.802432,36.997232]],[[126.820227,36.992168],[126.82013,36.992231],[126.82016,36.992262],[126.820227,36.992168]],[[126.801317,36.997134],[126.80131,36.997174],[126.801438,36.997184],[126.801317,36.997134]],[[126.81805,36.992907],[126.81808,36.992939],[126.81818,36.992878],[126.81805,36.992907]],[[126.803679,36.997335],[126.803551,36.997326],[126.803545,36.997365],[126.803679,36.997335]],[[126.82111,36.987341],[126.821157,36.987326],[126.821111,36.987234],[126.82111,36.987341]],[[126.807113,36.996433],[126.807012,36.996494],[126.807042,36.996526],[126.807113,36.996433]],[[126.805966,36.996807],[126.805867,36.996867],[126.805897,36.996899],[126.805966,36.996807]],[[126.808188,36.996153],[126.808287,36.996093],[126.808257,36.996062],[126.808188,36.996153]],[[126.821705,36.988414],[126.821657,36.988321],[126.821611,36.988336],[126.821705,36.988414]],[[126.786002,36.960099],[126.786199,36.96018],[126.786466,36.959766],[126.786002,36.960099]],[[126.795248,36.996295],[126.795195,36.996174],[126.794554,36.996363],[126.795248,36.996295]],[[126.787319,36.955039],[126.787422,36.954866],[126.787183,36.954774],[126.787319,36.955039]],[[126.789217,36.951515],[126.789137,36.951639],[126.789343,36.951715],[126.789217,36.951515]],[[126.785951,36.996875],[126.785826,36.996784],[126.785744,36.996859],[126.785951,36.996875]],[[126.785074,36.997297],[126.784963,36.997347],[126.785054,36.997462],[126.785074,36.997297]],[[126.783871,36.998428],[126.783855,36.998545],[126.783999,36.998556],[126.783871,36.998428]],[[126.785017,36.997962],[126.784931,36.997878],[126.784823,36.997947],[126.785017,36.997962]],[[126.787109,36.996304],[126.787243,36.996307],[126.787245,36.996199],[126.787109,36.996304]],[[126.783225,36.999059],[126.783118,36.999129],[126.783206,36.99921],[126.783225,36.999059]],[[126.786588,36.996799],[126.786483,36.996868],[126.786568,36.996951],[126.786588,36.996799]],[[126.783658,36.998917],[126.783571,36.998834],[126.783466,36.998902],[126.783658,36.998917]],[[126.783986,36.998235],[126.783961,36.99834],[126.784093,36.998362],[126.783986,36.998235]],[[126.793962,36.993921],[126.793852,36.993929],[126.793865,36.994044],[126.793962,36.993921]],[[126.795078,36.993847],[126.794969,36.993854],[126.794981,36.993969],[126.795078,36.993847]],[[126.793432,36.993746],[126.793322,36.993753],[126.793334,36.993868],[126.793432,36.993746]],[[126.794528,36.993999],[126.794516,36.993883],[126.794407,36.993891],[126.794528,36.993999]],[[126.79265,36.993799],[126.792541,36.993806],[126.792553,36.993921],[126.79265,36.993799]],[[126.782183,36.999297],[126.782271,36.99924],[126.782192,36.999163],[126.782183,36.999297]],[[126.781518,36.999609],[126.781595,36.999685],[126.781681,36.99963],[126.781518,36.999609]],[[126.781249,36.999784],[126.781162,36.99984],[126.781239,36.999916],[126.781249,36.999784]],[[126.78248,36.998976],[126.782393,36.999035],[126.78247,36.99911],[126.78248,36.998976]],[[126.790923,36.994147],[126.790949,36.994239],[126.791057,36.994216],[126.790923,36.994147]],[[126.792069,36.994149],[126.79218,36.994142],[126.792171,36.994054],[126.792069,36.994149]],[[126.788264,36.99455],[126.788201,36.994621],[126.788292,36.994674],[126.788264,36.99455]],[[126.7915,36.994101],[126.791507,36.994189],[126.791618,36.994184],[126.7915,36.994101]],[[126.789858,36.99408],[126.78988,36.994168],[126.789968,36.994156],[126.789858,36.99408]],[[126.789306,36.994263],[126.789284,36.994175],[126.789197,36.994189],[126.789306,36.994263]],[[126.788923,36.994542],[126.78883,36.994554],[126.788849,36.994624],[126.788923,36.994542]],[[126.790393,36.99438],[126.790483,36.994367],[126.790464,36.994297],[126.790393,36.99438]],[[126.788127,36.994789],[126.788075,36.994838],[126.788135,36.994879],[126.788127,36.994789]],[[126.787383,36.995506],[126.787331,36.995554],[126.787391,36.995593],[126.787383,36.995506]],[[126.787097,36.995744],[126.787175,36.99574],[126.787169,36.995678],[126.787097,36.995744]],[[126.785863,36.99717],[126.785916,36.997136],[126.785874,36.997096],[126.785863,36.99717]],[[126.785376,36.997489],[126.785429,36.997455],[126.785386,36.997416],[126.785376,36.997489]],[[126.746672,36.986001],[126.747175,36.987028],[126.747326,36.986984],[126.746672,36.986001]],[[126.745637,36.986351],[126.746136,36.987375],[126.74629,36.987328],[126.745637,36.986351]],[[126.73871,36.987564],[126.739687,36.98781],[126.738679,36.987531],[126.73871,36.987564]],[[126.748298,36.987159],[126.748276,36.987109],[126.748214,36.98713],[126.748298,36.987159]],[[126.779434,37.008939],[126.77961,37.009057],[126.779755,37.008916],[126.779434,37.008939]],[[126.773999,37.004876],[126.774136,37.004784],[126.773988,37.004694],[126.773999,37.004876]],[[126.775147,37.00394],[126.775225,37.004074],[126.775365,37.003983],[126.775147,37.00394]],[[126.774826,37.004194],[126.774911,37.004277],[126.775049,37.004187],[126.774826,37.004194]],[[126.774384,37.004621],[126.774525,37.004534],[126.774438,37.004448],[126.774384,37.004621]],[[126.780338,37.000745],[126.780348,37.00086],[126.780492,37.000851],[126.780338,37.000745]],[[126.774447,37.005111],[126.774372,37.005022],[126.77426,37.005096],[126.774447,37.005111]],[[126.772887,37.005658],[126.772872,37.005766],[126.773007,37.005777],[126.772887,37.005658]],[[126.773921,37.005454],[126.77384,37.00537],[126.773737,37.005437],[126.773921,37.005454]],[[126.776682,37.003284],[126.77655,37.003271],[126.776536,37.003378],[126.776682,37.003284]],[[126.781114,37.000568],[126.7812,37.000511],[126.781131,37.000442],[126.781114,37.000568]],[[126.781337,37.000427],[126.781424,37.00037],[126.781352,37.0003],[126.781337,37.000427]],[[126.7724,37.005828],[126.772509,37.005842],[126.772529,37.005759],[126.7724,37.005828]],[[126.779829,37.001134],[126.779884,37.001185],[126.77994,37.001153],[126.779829,37.001134]],[[126.777972,37.002109],[126.778006,37.002157],[126.778071,37.002143],[126.777972,37.002109]],[[126.778675,37.001575],[126.778745,37.001576],[126.778752,37.001509],[126.778675,37.001575]],[[126.78007,37.000763],[126.780095,37.000827],[126.780175,37.000784],[126.78007,37.000763]],[[126.778494,37.001934],[126.778477,37.001876],[126.778415,37.001878],[126.778494,37.001934]],[[126.779234,37.001217],[126.779293,37.001237],[126.779335,37.00118],[126.779234,37.001217]],[[126.748053,37.033934],[126.748052,37.03466],[126.748093,37.03466],[126.748053,37.033934]],[[126.728423,37.012114],[126.72845,37.012015],[126.728255,37.011991],[126.728423,37.012114]],[[126.728608,37.011926],[126.72849,37.011864],[126.728474,37.011984],[126.728608,37.011926]],[[126.7487,37.033035],[126.748631,37.033031],[126.748626,37.033086],[126.7487,37.033035]],[[126.748642,37.03319],[126.748646,37.033235],[126.748711,37.033231],[126.748642,37.03319]],[[126.748709,37.033131],[126.748649,37.033122],[126.748638,37.033169],[126.748709,37.033131]],[[126.905053,36.913981],[126.905001,36.91442],[126.906005,36.914289],[126.905398,36.914178],[126.905419,36.913851],[126.905353,36.9142],[126.905053,36.913981]],[[126.823597,36.892148],[126.823673,36.892164],[126.823689,36.892111],[126.823597,36.892148]],[[126.827321,36.945377],[126.827129,36.945704],[126.827434,36.945819],[126.827321,36.945377]],[[126.82563,36.944771],[126.825438,36.945097],[126.825743,36.945213],[126.82563,36.944771]],[[126.823876,36.94424],[126.823724,36.944579],[126.824041,36.944671],[126.823876,36.94424]],[[126.802273,36.925942],[126.802336,36.925592],[126.802632,36.925524],[126.802044,36.925577],[126.802273,36.925942]],[[126.816544,36.943145],[126.816572,36.942967],[126.816393,36.942948],[126.816544,36.943145]],[[126.801055,36.94309],[126.801047,36.94291],[126.800868,36.942915],[126.801055,36.94309]],[[126.815737,36.942898],[126.815712,36.943077],[126.815891,36.943093],[126.815737,36.942898]],[[126.815192,36.943038],[126.815203,36.942858],[126.815024,36.942851],[126.815192,36.943038]],[[126.817201,36.943214],[126.81723,36.943035],[126.817052,36.943017],[126.817201,36.943214]],[[126.821145,36.943851],[126.821203,36.943676],[126.821029,36.943639],[126.821145,36.943851]],[[126.820548,36.943541],[126.820373,36.943507],[126.82032,36.943681],[126.820548,36.943541]],[[126.818527,36.943384],[126.818568,36.943207],[126.818391,36.943181],[126.818527,36.943384]],[[126.823085,36.944309],[126.823153,36.944138],[126.822982,36.944094],[126.823085,36.944309]],[[126.821798,36.943991],[126.821865,36.943819],[126.821693,36.943776],[126.821798,36.943991]],[[126.80184,36.943072],[126.801833,36.942891],[126.801653,36.942896],[126.80184,36.943072]],[[126.819184,36.943487],[126.819224,36.94331],[126.819049,36.943284],[126.819184,36.943487]],[[126.817889,36.943299],[126.817924,36.943121],[126.817747,36.943099],[126.817889,36.943299]],[[126.822272,36.944111],[126.822444,36.944153],[126.822509,36.943981],[126.822272,36.944111]],[[126.81984,36.943598],[126.819884,36.943421],[126.819709,36.943393],[126.81984,36.943598]],[[126.800392,36.942933],[126.800212,36.942938],[126.800219,36.943117],[126.800392,36.942933]],[[126.828249,36.946072],[126.828347,36.94591],[126.828186,36.945847],[126.828249,36.946072]],[[126.814189,36.923245],[126.814139,36.923226],[126.814107,36.923271],[126.814189,36.923245]],[[126.862197,36.939406],[126.860501,36.937678],[126.85871,36.937754],[126.860441,36.937738],[126.862197,36.939406]],[[126.859042,36.939506],[126.858859,36.939621],[126.859167,36.939941],[126.859042,36.939506]],[[126.859361,36.939831],[126.859179,36.939946],[126.859493,36.940266],[126.859361,36.939831]],[[126.860132,36.940917],[126.860315,36.940798],[126.860001,36.940482],[126.860132,36.940917]],[[126.859499,36.940271],[126.859812,36.940592],[126.859995,36.940473],[126.859499,36.940271]],[[126.860926,36.939244],[126.860749,36.939359],[126.860972,36.939583],[126.860926,36.939244]],[[126.861457,36.940078],[126.861634,36.939968],[126.861412,36.939739],[126.861457,36.940078]],[[126.861166,36.939492],[126.860994,36.939606],[126.861218,36.939831],[126.861166,36.939492]],[[126.856191,36.942475],[126.856068,36.942552],[126.856345,36.942835],[126.856191,36.942475]],[[126.857179,36.941357],[126.857456,36.941638],[126.857579,36.941561],[126.857179,36.941357]],[[126.858176,36.942169],[126.8579,36.941886],[126.857777,36.941964],[126.858176,36.942169]],[[126.856766,36.943061],[126.856488,36.942779],[126.856366,36.942857],[126.856766,36.943061]],[[126.856047,36.94253],[126.856168,36.942453],[126.855891,36.942171],[126.856047,36.94253]],[[126.855471,36.941944],[126.855748,36.942226],[126.85587,36.942149],[126.855471,36.941944]],[[126.857877,36.941865],[126.8576,36.941583],[126.857478,36.94166],[126.857877,36.941865]],[[126.856881,36.941051],[126.857158,36.941333],[126.857279,36.941256],[126.856881,36.941051]],[[126.780035,36.981484],[126.780093,36.982021],[126.78068,36.9824],[126.780964,36.981075],[126.780035,36.981484]],[[126.853237,36.946089],[126.853309,36.946121],[126.853348,36.946063],[126.853237,36.946089]],[[126.853044,36.946495],[126.853081,36.946443],[126.853012,36.946406],[126.853044,36.946495]],[[126.851558,36.943281],[126.851485,36.943247],[126.851445,36.943307],[126.851558,36.943281]],[[126.816445,36.965662],[126.816431,36.965639],[126.816391,36.965687],[126.816445,36.965662]],[[126.815913,36.966401],[126.815887,36.966417],[126.815901,36.96644],[126.815913,36.966401]]]},"properties":{"id":"khoa-hrbare-50036","name":"평택, 당진항, 평택,당진항","englishName":"PYEONGTAEK, DANGJIN HANG","harborTypeCode":"GBN284","relatedInstitutionCode":"1192136","statusCode":null,"minimumScale":17999.0,"source":"국립해양조사원(KHOA)","sourceUpdatedAt":"2025-08-11","sourceRaw":"{\"gid\":36,\"objnum\":\"50036\",\"pbinst\":\"1192136\",\"indcde_1\":\"\",\"indcde_2\":\"ENW008\",\"indcde_3\":\"CLW007\",\"mnymd\":\"20241130\",\"clfcde\":\"COD007\",\"enclev\":\"5, 6\",\"enc_no\":\"KR5G3F11, KR688D84\",\"gubun\":\"GBN284\",\"nobjnm\":\"평택, 당진항, 평택,당진항\",\"objnam\":\"PYEONGTAEK, DANGJIN HANG\",\"status\":\"\",\"inform\":\"\",\"ninfom\":\"\",\"ntxtds\":\"\",\"scamin\":17999,\"txtdsc\":\"\",\"sordat\":\"\",\"sorind\":\"\"}"}},{"type":"Feature","id":"khoa-hrbare-50037","geometry":{"type":"Polygon","coordinates":[[[126.496441,37.060048],[126.498441,37.064759],[126.5,37.064335],[126.5,37.078127],[126.486965,37.078127],[126.486989,37.076812],[126.496441,37.060048]]]},"properties":{"id":"khoa-hrbare-50037","name":"항만시설구역","englishName":"Harbour Facilities Area","harborTypeCode":"GBN284","relatedInstitutionCode":"1192136","statusCode":null,"minimumScale":17999.0,"source":"국립해양조사원(KHOA)","sourceUpdatedAt":"2025-08-11","sourceRaw":"{\"gid\":37,\"objnum\":\"50037\",\"pbinst\":\"1192136\",\"indcde_1\":\"\",\"indcde_2\":\"ENW009\",\"indcde_3\":\"CLW007\",\"mnymd\":\"20241130\",\"clfcde\":\"COD007\",\"enclev\":\"6\",\"enc_no\":\"KR688D84\",\"gubun\":\"GBN284\",\"nobjnm\":\"항만시설구역\",\"objnam\":\"Harbour Facilities Area\",\"status\":\"\",\"inform\":\"\",\"ninfom\":\"\",\"ntxtds\":\"\",\"scamin\":17999,\"txtdsc\":\"\",\"sordat\":\"\",\"sorind\":\"\"}"}},{"type":"Feature","id":"khoa-hrbare-50038","geometry":{"type":"Polygon","coordinates":[[[126.519979,37.055918],[126.520318,37.056261],[126.520251,37.055678],[126.522835,37.055231],[126.52422,37.05263],[126.525172,37.052088],[126.525167,37.078139],[126.5,37.078139],[126.5,37.064335],[126.507929,37.062208],[126.508618,37.065301],[126.502235,37.067486],[126.502375,37.067741],[126.508829,37.065487],[126.50814,37.062152],[126.508843,37.061961],[126.510198,37.065024],[126.512536,37.064241],[126.512396,37.063971],[126.510181,37.064703],[126.509054,37.061878],[126.519221,37.059121],[126.518286,37.057159],[126.519979,37.055918]],[[126.501472,37.067892],[126.501366,37.067858],[126.501323,37.067945],[126.501472,37.067892]],[[126.509735,37.064889],[126.509661,37.06482],[126.509572,37.064882],[126.509735,37.064889]],[[126.501809,37.067679],[126.501892,37.067615],[126.501826,37.067553],[126.501809,37.067679]],[[126.512593,37.063835],[126.512599,37.063927],[126.512714,37.063922],[126.512593,37.063835]],[[126.512951,37.063943],[126.513059,37.063968],[126.513094,37.063883],[126.512951,37.063943]],[[126.509004,37.065134],[126.509115,37.065129],[126.509109,37.06504],[126.509004,37.065134]],[[126.509352,37.065139],[126.509447,37.06518],[126.509501,37.0651],[126.509352,37.065139]]]},"properties":{"id":"khoa-hrbare-50038","name":"항만시설구역","englishName":"Port facilities area","harborTypeCode":"GBN284","relatedInstitutionCode":"1192136","statusCode":null,"minimumScale":44999.0,"source":"국립해양조사원(KHOA)","sourceUpdatedAt":"2025-08-11","sourceRaw":"{\"gid\":38,\"objnum\":\"50038\",\"pbinst\":\"1192136\",\"indcde_1\":\"\",\"indcde_2\":\"ENW009\",\"indcde_3\":\"CLW007\",\"mnymd\":\"20241130\",\"clfcde\":\"COD007\",\"enclev\":\"5\",\"enc_no\":\"KR5G3F11\",\"gubun\":\"GBN284\",\"nobjnm\":\"항만시설구역\",\"objnam\":\"Port facilities area\",\"status\":\"\",\"inform\":\"\",\"ninfom\":\"\",\"ntxtds\":\"\",\"scamin\":44999,\"txtdsc\":\"\",\"sordat\":\"\",\"sorind\":\"\"}"}},{"type":"Feature","id":"khoa-hrbare-50039","geometry":{"type":"Polygon","coordinates":[[[125.199821,34.681515],[125.199939,34.681819],[125.199718,34.682171],[125.199881,34.682648],[125.199493,34.68326],[125.19832,34.683492],[125.197123,34.683177],[125.194813,34.684043],[125.193251,34.684024],[125.192682,34.682827],[125.193748,34.682568],[125.193979,34.681205],[125.195068,34.68121],[125.195068,34.680833],[125.197886,34.681036],[125.197893,34.680723],[125.194119,34.680714],[125.193837,34.680217],[125.193975,34.680849],[125.193589,34.682311],[125.192458,34.682606],[125.192315,34.681968],[125.192782,34.681786],[125.192868,34.681159],[125.192447,34.681163],[125.191641,34.680584],[125.191165,34.679651],[125.191346,34.678895],[125.191762,34.678558],[125.191638,34.678488],[125.192773,34.677687],[125.192237,34.676624],[125.193438,34.676054],[125.19263,34.675657],[125.192809,34.674671],[125.19309,34.674502],[125.199821,34.681515]],[[125.191387,34.678998],[125.191388,34.67901],[125.1914,34.679002],[125.191387,34.678998]],[[125.191319,34.67937],[125.191314,34.679381],[125.191328,34.679375],[125.191319,34.67937]],[[125.191682,34.679527],[125.191676,34.679518],[125.191656,34.679525],[125.191682,34.679527]],[[125.191223,34.679588],[125.19124,34.6796],[125.191247,34.679588],[125.191223,34.679588]],[[125.191473,34.680067],[125.191446,34.680071],[125.19146,34.680095],[125.191473,34.680067]],[[125.191462,34.680139],[125.191452,34.680164],[125.191497,34.680166],[125.191462,34.680139]],[[125.192355,34.680779],[125.192379,34.680798],[125.192437,34.680699],[125.192355,34.680779]],[[125.192471,34.680793],[125.192457,34.680755],[125.192418,34.680835],[125.192471,34.680793]],[[125.192456,34.680701],[125.192444,34.680736],[125.192466,34.680737],[125.192456,34.680701]],[[125.192386,34.680812],[125.192334,34.680934],[125.19237,34.680917],[125.192386,34.680812]],[[125.192341,34.680957],[125.192325,34.680977],[125.192348,34.680969],[125.192341,34.680957]],[[125.192668,34.676962],[125.192681,34.676983],[125.192733,34.676969],[125.192668,34.676962]],[[125.192853,34.677631],[125.192864,34.677635],[125.192863,34.677626],[125.192853,34.677631]],[[125.192794,34.677852],[125.192778,34.677867],[125.192793,34.677883],[125.192794,34.677852]],[[125.192638,34.677964],[125.192637,34.677965],[125.19265,34.677958],[125.192638,34.677964]],[[125.193217,34.681002],[125.193231,34.681009],[125.193231,34.680982],[125.193217,34.681002]],[[125.193224,34.681036],[125.193223,34.681059],[125.193265,34.681048],[125.193224,34.681036]],[[125.193093,34.68108],[125.193113,34.681106],[125.193193,34.681085],[125.193093,34.68108]],[[125.192953,34.681262],[125.192924,34.681308],[125.192938,34.681309],[125.192953,34.681262]],[[125.193106,34.681422],[125.193113,34.681456],[125.193205,34.681433],[125.193106,34.681422]],[[125.193586,34.683793],[125.193581,34.683812],[125.193611,34.683814],[125.193586,34.683793]],[[125.194092,34.683887],[125.194103,34.68388],[125.194073,34.683865],[125.194092,34.683887]],[[125.1935,34.683925],[125.193519,34.68392],[125.193513,34.683909],[125.1935,34.683925]],[[125.196428,34.683272],[125.196454,34.683192],[125.196076,34.683279],[125.196428,34.683272]],[[125.193462,34.682255],[125.193436,34.682031],[125.193396,34.682035],[125.193462,34.682255]],[[125.192485,34.680503],[125.192436,34.680532],[125.192513,34.680584],[125.192485,34.680503]],[[125.194138,34.681686],[125.194147,34.681647],[125.193987,34.681622],[125.194138,34.681686]],[[125.19727,34.683101],[125.197257,34.683023],[125.197206,34.683039],[125.19727,34.683101]],[[125.193744,34.681208],[125.193753,34.681097],[125.193714,34.681219],[125.193744,34.681208]],[[125.198111,34.683257],[125.198154,34.683326],[125.198171,34.683304],[125.198111,34.683257]],[[125.193071,34.681177],[125.193056,34.681203],[125.193104,34.681214],[125.193071,34.681177]],[[125.192912,34.682183],[125.192816,34.682172],[125.192823,34.682199],[125.192912,34.682183]],[[125.197547,34.683182],[125.197575,34.683206],[125.197607,34.683188],[125.197547,34.683182]],[[125.193087,34.681325],[125.193131,34.681282],[125.193067,34.681309],[125.193087,34.681325]],[[125.192952,34.682362],[125.192863,34.682366],[125.192899,34.682378],[125.192952,34.682362]],[[125.193566,34.683916],[125.193599,34.683911],[125.193537,34.683891],[125.193566,34.683916]],[[125.192703,34.680573],[125.19267,34.68061],[125.192722,34.680601],[125.192703,34.680573]],[[125.192837,34.675631],[125.19285,34.675642],[125.192879,34.675609],[125.192837,34.675631]],[[125.197574,34.68323],[125.197555,34.683219],[125.197533,34.683237],[125.197574,34.68323]],[[125.191814,34.680278],[125.19179,34.68028],[125.19179,34.680289],[125.191814,34.680278]],[[125.191684,34.680278],[125.19166,34.680306],[125.191666,34.680313],[125.191684,34.680278]],[[125.197861,34.683268],[125.197875,34.683259],[125.197867,34.683249],[125.197861,34.683268]],[[125.19951,34.682726],[125.19953,34.682704],[125.199513,34.682697],[125.19951,34.682726]],[[125.192949,34.682428],[125.192921,34.682442],[125.192952,34.682446],[125.192949,34.682428]],[[125.197902,34.683319],[125.197878,34.683335],[125.197892,34.68334],[125.197902,34.683319]],[[125.197307,34.683087],[125.197285,34.683091],[125.197287,34.683103],[125.197307,34.683087]],[[125.192613,34.680582],[125.192551,34.680593],[125.192557,34.680597],[125.192613,34.680582]],[[125.191651,34.680209],[125.191635,34.680207],[125.191651,34.680234],[125.191651,34.680209]],[[125.199608,34.682585],[125.199621,34.682572],[125.199601,34.68257],[125.199608,34.682585]],[[125.193051,34.677952],[125.193059,34.677935],[125.193033,34.677935],[125.193051,34.677952]],[[125.199482,34.682704],[125.199499,34.682695],[125.199494,34.682689],[125.199482,34.682704]],[[125.192901,34.682391],[125.192885,34.682406],[125.192899,34.682411],[125.192901,34.682391]],[[125.197856,34.683355],[125.19787,34.683354],[125.197865,34.683343],[125.197856,34.683355]],[[125.192941,34.68122],[125.192946,34.681195],[125.192941,34.681206],[125.192941,34.68122]],[[125.192861,34.682424],[125.192874,34.682428],[125.192878,34.682419],[125.192861,34.682424]],[[125.197937,34.683285],[125.197933,34.683284],[125.19793,34.683289],[125.197937,34.683285]],[[125.193064,34.675751],[125.193088,34.675717],[125.193037,34.675706],[125.193064,34.675751]],[[125.19291,34.677482],[125.192878,34.6775],[125.1929,34.677523],[125.19291,34.677482]],[[125.192655,34.677797],[125.192644,34.677845],[125.192721,34.67784],[125.192655,34.677797]],[[125.195279,34.683678],[125.195263,34.683693],[125.195305,34.68373],[125.195279,34.683678]],[[125.196144,34.683131],[125.196085,34.683186],[125.196149,34.683202],[125.196144,34.683131]],[[125.199752,34.681815],[125.199717,34.681849],[125.199739,34.681887],[125.199752,34.681815]],[[125.199866,34.681737],[125.199831,34.681721],[125.199812,34.681783],[125.199866,34.681737]],[[125.197033,34.683171],[125.197077,34.683166],[125.197059,34.683139],[125.197033,34.683171]],[[125.195542,34.683764],[125.195564,34.683739],[125.195465,34.683742],[125.195542,34.683764]],[[125.197068,34.683068],[125.19704,34.683079],[125.197123,34.683131],[125.197068,34.683068]],[[125.191558,34.680232],[125.191567,34.680209],[125.191547,34.680202],[125.191558,34.680232]],[[125.191601,34.680184],[125.191618,34.680166],[125.191598,34.680156],[125.191601,34.680184]]]},"properties":{"id":"khoa-hrbare-50039","name":"홍도항","englishName":"HONGDO HANG","harborTypeCode":"GBN284","relatedInstitutionCode":"1192136","statusCode":null,"minimumScale":17999.0,"source":"국립해양조사원(KHOA)","sourceUpdatedAt":"2025-08-11","sourceRaw":"{\"gid\":39,\"objnum\":\"50039\",\"pbinst\":\"1192136\",\"indcde_1\":\"\",\"indcde_2\":\"\",\"indcde_3\":\"\",\"mnymd\":\"20241130\",\"clfcde\":\"COD007\",\"enclev\":\"6\",\"enc_no\":\"KR688D84\",\"gubun\":\"GBN284\",\"nobjnm\":\"홍도항\",\"objnam\":\"HONGDO HANG\",\"status\":\"\",\"inform\":\"\",\"ninfom\":\"\",\"ntxtds\":\"\",\"scamin\":17999,\"txtdsc\":\"\",\"sordat\":\"\",\"sorind\":\"\"}"}},{"type":"Feature","id":"khoa-hrbare-50040","geometry":{"type":"Polygon","coordinates":[[[126.315492,33.228839],[126.326322,33.228283],[126.335489,33.231061],[126.336814,33.235037],[126.333506,33.234114],[126.329195,33.23207],[126.327044,33.232058],[126.32915,33.232219],[126.335499,33.235042],[126.334795,33.236568],[126.333065,33.236078],[126.332724,33.236932],[126.333367,33.237101],[126.33341,33.237128],[126.333769,33.237216],[126.333913,33.237271],[126.334002,33.237581],[126.334351,33.237447],[126.334285,33.237739],[126.334411,33.237446],[126.333924,33.237274],[126.334451,33.237426],[126.333761,33.239138],[126.33464,33.239004],[126.334483,33.239572],[126.333662,33.23939],[126.334716,33.239702],[126.3339,33.239492],[126.331765,33.240612],[126.331801,33.240926],[126.330492,33.240655],[126.330469,33.239583],[126.328539,33.239573],[126.328562,33.236686],[126.328224,33.23588],[126.328176,33.240309],[126.327603,33.240677],[126.327006,33.2403],[126.327105,33.239826],[126.325462,33.239661],[126.325334,33.239003],[126.322902,33.239221],[126.320945,33.238908],[126.316329,33.236713],[126.315383,33.235909],[126.315692,33.235376],[126.315057,33.235055],[126.315573,33.234369],[126.314763,33.232619],[126.315427,33.232237],[126.315492,33.228839]],[[126.333761,33.237237],[126.333723,33.237366],[126.333749,33.237374],[126.333761,33.237237]]]},"properties":{"id":"khoa-hrbare-50040","name":"화순항","englishName":"HWASUN HANG","harborTypeCode":"GBN284","relatedInstitutionCode":"1192136","statusCode":null,"minimumScale":17999.0,"source":"국립해양조사원(KHOA)","sourceUpdatedAt":"2025-08-11","sourceRaw":"{\"gid\":40,\"objnum\":\"50040\",\"pbinst\":\"1192136\",\"indcde_1\":\"\",\"indcde_2\":\"\",\"indcde_3\":\"CLW009\",\"mnymd\":\"20241130\",\"clfcde\":\"COD007\",\"enclev\":\"6\",\"enc_no\":\"KR688D84\",\"gubun\":\"GBN284\",\"nobjnm\":\"화순항\",\"objnam\":\"HWASUN HANG\",\"status\":\"\",\"inform\":\"\",\"ninfom\":\"\",\"ntxtds\":\"\",\"scamin\":17999,\"txtdsc\":\"\",\"sordat\":\"\",\"sorind\":\"\"}"}},{"type":"Feature","id":"khoa-hrbare-50054","geometry":{"type":"Polygon","coordinates":[[[126.528293,33.518061],[126.528448,33.520475],[126.530101,33.522807],[126.528509,33.520348],[126.528472,33.519475],[126.529242,33.519711],[126.52848,33.517067],[126.53085,33.517929],[126.531322,33.517002],[126.532367,33.518025],[126.53345,33.517988],[126.533562,33.5187],[126.532771,33.518693],[126.532742,33.519618],[126.531269,33.521091],[126.530471,33.520602],[126.530833,33.520944],[126.530473,33.521117],[126.530894,33.520988],[126.534531,33.52355],[126.541083,33.532998],[126.539081,33.532972],[126.527692,33.522694],[126.528293,33.518061]]]},"properties":{"id":"khoa-hrbare-50054","name":"제주항","englishName":"JEJU HANG","harborTypeCode":"GBN284","relatedInstitutionCode":"1192136","statusCode":null,"minimumScale":17999.0,"source":"국립해양조사원(KHOA)","sourceUpdatedAt":"2025-08-11","sourceRaw":"{\"gid\":54,\"objnum\":\"50054\",\"pbinst\":\"1192136\",\"indcde_1\":\"\",\"indcde_2\":\"ENW028\",\"indcde_3\":\"CLW009\",\"mnymd\":\"20241130\",\"clfcde\":\"COD007\",\"enclev\":\"6\",\"enc_no\":\"KR688D84\",\"gubun\":\"GBN284\",\"nobjnm\":\"제주항\",\"objnam\":\"JEJU HANG\",\"status\":\"\",\"inform\":\"\",\"ninfom\":\"\",\"ntxtds\":\"\",\"scamin\":17999,\"txtdsc\":\"\",\"sordat\":\"\",\"sorind\":\"\"}"}},{"type":"Feature","id":"khoa-hrbare-50058","geometry":{"type":"MultiPolygon","coordinates":[[[[129.462299,36.6773],[129.459325,36.676075],[129.457796,36.674646],[129.456719,36.671945],[129.455282,36.671171],[129.456596,36.672018],[129.45771,36.674688],[129.459367,36.676202],[129.459141,36.67651],[129.461864,36.67777],[129.459022,36.681784],[129.455999,36.681111],[129.45668,36.679867],[129.455806,36.681017],[129.452925,36.679587],[129.453115,36.679134],[129.452383,36.678765],[129.455231,36.674617],[129.455114,36.674564],[129.452728,36.677955],[129.452489,36.677588],[129.452104,36.677794],[129.449341,36.676436],[129.450457,36.675175],[129.453167,36.675289],[129.453161,36.675143],[129.45058,36.675042],[129.45708,36.669657],[129.462299,36.6773]],[[129.458901,36.676246],[129.458846,36.676327],[129.459156,36.676466],[129.458901,36.676246]]],[[[129.447498,36.677597],[129.449564,36.675884],[129.44825,36.677773],[129.447498,36.677597]]]]},"properties":{"id":"khoa-hrbare-50058","name":"후포항","englishName":"HUPO HANG","harborTypeCode":"GBN284","relatedInstitutionCode":"1192136","statusCode":null,"minimumScale":17999.0,"source":"국립해양조사원(KHOA)","sourceUpdatedAt":"2025-08-11","sourceRaw":"{\"gid\":58,\"objnum\":\"50058\",\"pbinst\":\"1192136\",\"indcde_1\":\"BCH162\",\"indcde_2\":\"\",\"indcde_3\":\"CLW013\",\"mnymd\":\"20241130\",\"clfcde\":\"COD007\",\"enclev\":\"6\",\"enc_no\":\"KR688D84\",\"gubun\":\"GBN284\",\"nobjnm\":\"후포항\",\"objnam\":\"HUPO HANG\",\"status\":\"\",\"inform\":\"\",\"ninfom\":\"\",\"ntxtds\":\"\",\"scamin\":17999,\"txtdsc\":\"\",\"sordat\":\"\",\"sorind\":\"\"}"}},{"type":"Feature","id":"khoa-hrbare-50067","geometry":{"type":"MultiPolygon","coordinates":[[[[128.834685,37.879119],[128.834685,37.885846],[128.833928,37.886011],[128.833009,37.887634],[128.832375,37.89144],[128.833266,37.893515],[128.833046,37.894468],[128.832368,37.894555],[128.830439,37.8938],[128.829487,37.892704],[128.830796,37.89198],[128.830773,37.891527],[128.829572,37.891556],[128.829465,37.889098],[128.828901,37.8891],[128.828964,37.888004],[128.830353,37.887889],[128.830278,37.885854],[128.831373,37.886021],[128.83201,37.88707],[128.83164,37.885707],[128.83059,37.88574],[128.829764,37.885346],[128.83007,37.884493],[128.831667,37.88485],[128.830117,37.884354],[128.831292,37.883087],[128.833475,37.884207],[128.832938,37.883901],[128.832831,37.881899],[128.833152,37.881494],[128.833524,37.881612],[128.833147,37.881427],[128.833221,37.880801],[128.833802,37.879969],[128.834307,37.879951],[128.834147,37.879486],[128.834685,37.879119]]],[[[128.834685,37.885953],[128.834688,37.894857],[128.834225,37.894857],[128.834272,37.894313],[128.832936,37.892616],[128.83252,37.891266],[128.8332,37.887624],[128.834059,37.886136],[128.834685,37.885953]],[[128.834441,37.894722],[128.834421,37.894802],[128.834466,37.894786],[128.834441,37.894722]],[[128.834413,37.894603],[128.834491,37.894604],[128.834455,37.894562],[128.834413,37.894603]],[[128.833298,37.892815],[128.8339,37.892918],[128.833736,37.89341],[128.833932,37.893298],[128.834013,37.893076],[128.833898,37.892864],[128.833298,37.892815]]]]},"properties":{"id":"khoa-hrbare-50067","name":"주문진항","englishName":"JUMUNJIN HANG","harborTypeCode":"GBN284","relatedInstitutionCode":"1192136","statusCode":null,"minimumScale":17999.0,"source":"국립해양조사원(KHOA)","sourceUpdatedAt":"2025-08-11","sourceRaw":"{\"gid\":67,\"objnum\":\"50067\",\"pbinst\":\"1192136\",\"indcde_1\":\"\",\"indcde_2\":\"\",\"indcde_3\":\"CLW015\",\"mnymd\":\"20241130\",\"clfcde\":\"COD007\",\"enclev\":\"6\",\"enc_no\":\"KR688D84\",\"gubun\":\"GBN284\",\"nobjnm\":\"주문진항\",\"objnam\":\"JUMUNJIN HANG\",\"status\":\"\",\"inform\":\"\",\"ninfom\":\"\",\"ntxtds\":\"\",\"scamin\":17999,\"txtdsc\":\"\",\"sordat\":\"\",\"sorind\":\"\"}"}},{"type":"Feature","id":"khoa-hrbare-50068","geometry":{"type":"Polygon","coordinates":[[[125.09409,34.081093],[125.085506,34.075261],[125.087193,34.075281],[125.08877,34.07434],[125.08872,34.074616],[125.089156,34.074373],[125.089493,34.074615],[125.092607,34.073555],[125.093303,34.073578],[125.093444,34.073951],[125.094123,34.073694],[125.094371,34.074184],[125.095018,34.074116],[125.094624,34.074749],[125.095111,34.074813],[125.0946,34.075413],[125.094964,34.075743],[125.094821,34.076377],[125.095565,34.076394],[125.095301,34.076761],[125.09581,34.077195],[125.095183,34.078811],[125.095507,34.078944],[125.09409,34.081093]],[[125.088688,34.074694],[125.088681,34.074707],[125.088696,34.07471],[125.088688,34.074694]],[[125.088638,34.0748],[125.08864,34.074822],[125.088659,34.074811],[125.088638,34.0748]],[[125.088468,34.074912],[125.088428,34.07502],[125.088709,34.074975],[125.088468,34.074912]],[[125.091197,34.074449],[125.091238,34.074494],[125.091335,34.074449],[125.091197,34.074449]],[[125.093846,34.074171],[125.093873,34.074048],[125.093704,34.074136],[125.093846,34.074171]],[[125.094008,34.07386],[125.093942,34.073912],[125.094049,34.07404],[125.094008,34.07386]],[[125.092683,34.074112],[125.092719,34.073991],[125.092703,34.073988],[125.092683,34.074112]],[[125.095488,34.076437],[125.095511,34.076421],[125.095494,34.076406],[125.095488,34.076437]],[[125.088657,34.07477],[125.088655,34.074762],[125.08865,34.074765],[125.088657,34.07477]],[[125.093272,34.074047],[125.093239,34.074121],[125.093364,34.074115],[125.093272,34.074047]],[[125.095618,34.077157],[125.095632,34.077148],[125.095589,34.077119],[125.095618,34.077157]],[[125.092161,34.073828],[125.092178,34.0738],[125.092145,34.073791],[125.092161,34.073828]],[[125.093065,34.073697],[125.093076,34.073627],[125.092812,34.073715],[125.093065,34.073697]],[[125.094715,34.07502],[125.094689,34.075014],[125.094676,34.075024],[125.094715,34.07502]],[[125.095691,34.07724],[125.095717,34.077216],[125.095686,34.077211],[125.095691,34.07724]],[[125.095105,34.076715],[125.095112,34.076728],[125.095132,34.076706],[125.095105,34.076715]],[[125.094709,34.075737],[125.09475,34.075723],[125.094603,34.075752],[125.094709,34.075737]]]},"properties":{"id":"khoa-hrbare-50068","name":"가거항리항","englishName":"GAGEOHANGRI HANG","harborTypeCode":"GBN284","relatedInstitutionCode":"1192136","statusCode":null,"minimumScale":17999.0,"source":"국립해양조사원(KHOA)","sourceUpdatedAt":"2025-08-11","sourceRaw":"{\"gid\":68,\"objnum\":\"50068\",\"pbinst\":\"1192136\",\"indcde_1\":\"\",\"indcde_2\":\"\",\"indcde_3\":\"\",\"mnymd\":\"20241130\",\"clfcde\":\"COD007\",\"enclev\":\"6\",\"enc_no\":\"KR688D84\",\"gubun\":\"GBN284\",\"nobjnm\":\"가거항리항\",\"objnam\":\"GAGEOHANGRI HANG\",\"status\":\"\",\"inform\":\"\",\"ninfom\":\"\",\"ntxtds\":\"\",\"scamin\":17999,\"txtdsc\":\"\",\"sordat\":\"20141010\",\"sorind\":\"KR,KR,reprt,NTM2014-41-799\"}"}},{"type":"Feature","id":"khoa-hrbare-50069","geometry":{"type":"MultiPolygon","coordinates":[[[[126.634634,36.001974],[126.719236,36.000442],[126.719957,36.001179],[126.707817,36.005432],[126.707017,36.005252],[126.704608,36.005856],[126.70352,36.004887],[126.70417,36.005891],[126.703843,36.006062],[126.702905,36.005213],[126.703555,36.006219],[126.703164,36.006318],[126.702629,36.005626],[126.70245,36.005977],[126.702144,36.005605],[126.702677,36.006436],[126.702186,36.006811],[126.701561,36.006304],[126.696521,36.006648],[126.69824,36.006724],[126.6983,36.007354],[126.696194,36.007481],[126.696125,36.006675],[126.694062,36.00697],[126.694074,36.007327],[126.693027,36.00704],[126.687674,36.007316],[126.687632,36.006868],[126.683972,36.006834],[126.683872,36.008552],[126.677082,36.009019],[126.67517,36.008429],[126.675088,36.008095],[126.674669,36.008562],[126.672256,36.006062],[126.669767,36.005371],[126.667928,36.004414],[126.666216,36.00482],[126.665548,36.006144],[126.664258,36.00643],[126.663421,36.005815],[126.661101,36.005773],[126.660774,36.008292],[126.661506,36.006074],[126.663033,36.00617],[126.662937,36.008619],[126.662907,36.008752],[126.661669,36.008661],[126.661642,36.008913],[126.660693,36.008923],[126.663005,36.009179],[126.629586,36.006811],[126.6338,36.001989],[126.634634,36.001974]],[[126.702604,36.005614],[126.702617,36.005619],[126.702615,36.005608],[126.702604,36.005614]],[[126.70323,36.005301],[126.703228,36.005291],[126.703218,36.005297],[126.70323,36.005301]],[[126.634545,36.002008],[126.634496,36.00237],[126.635011,36.002351],[126.634964,36.002148],[126.634545,36.002008]],[[126.70751,36.002063],[126.70762,36.002074],[126.707633,36.001984],[126.70751,36.002063]],[[126.707946,36.004742],[126.708056,36.004752],[126.708068,36.004663],[126.707946,36.004742]],[[126.707351,36.000988],[126.70746,36.000999],[126.707473,36.000909],[126.707351,36.000988]],[[126.70742,36.00153],[126.70753,36.001539],[126.707543,36.00145],[126.70742,36.00153]],[[126.707767,36.003673],[126.707877,36.003683],[126.70789,36.003594],[126.707767,36.003673]],[[126.707854,36.00421],[126.707964,36.004219],[126.707977,36.004131],[126.707854,36.00421]],[[126.707676,36.003133],[126.707787,36.003142],[126.707799,36.003053],[126.707676,36.003133]],[[126.707593,36.002596],[126.707703,36.002606],[126.707714,36.002516],[126.707593,36.002596]],[[126.68918,36.00676],[126.68782,36.006801],[126.68783,36.00693],[126.68918,36.00676]],[[126.690505,36.006676],[126.689552,36.006751],[126.689567,36.006879],[126.690126,36.006953],[126.690505,36.006676]],[[126.662823,36.0068],[126.662497,36.006778],[126.662484,36.006903],[126.662823,36.0068]],[[126.691459,36.006838],[126.69122,36.006863],[126.69123,36.006934],[126.691459,36.006838]],[[126.662568,36.008596],[126.66256,36.008651],[126.66278,36.008672],[126.662568,36.008596]]],[[[126.725695,36.000324],[126.726717,36.000306],[126.72661,36.000332],[126.725695,36.000324]]],[[[126.725259,36.000333],[126.724592,36.000519],[126.724546,36.000345],[126.725259,36.000333]]],[[[126.719358,36.00044],[126.719428,36.000439],[126.719391,36.000467],[126.719358,36.00044]]],[[[126.720842,36.000413],[126.721662,36.000398],[126.721662,36.000593],[126.720925,36.000684],[126.720842,36.000413]]],[[[126.721752,36.000396],[126.723232,36.000369],[126.723304,36.000757],[126.722395,36.000829],[126.721752,36.000396]]],[[[126.719431,36.000438],[126.720803,36.000413],[126.720882,36.00068],[126.720139,36.000993],[126.719431,36.000438]]]]},"properties":{"id":"khoa-hrbare-50069","name":"군산항","englishName":"GUNSAN HANG","harborTypeCode":"GBN284","relatedInstitutionCode":"1192136","statusCode":null,"minimumScale":17999.0,"source":"국립해양조사원(KHOA)","sourceUpdatedAt":"2025-08-11","sourceRaw":"{\"gid\":69,\"objnum\":\"50069\",\"pbinst\":\"1192136\",\"indcde_1\":\"\",\"indcde_2\":\"ENW006\",\"indcde_3\":\"CLW004\",\"mnymd\":\"20241130\",\"clfcde\":\"COD007\",\"enclev\":\"5, 6\",\"enc_no\":\"KR5G3F11, KR688D84\",\"gubun\":\"GBN284\",\"nobjnm\":\"군산항\",\"objnam\":\"GUNSAN HANG\",\"status\":\"\",\"inform\":\"\",\"ninfom\":\"\",\"ntxtds\":\"\",\"scamin\":17999,\"txtdsc\":\"\",\"sordat\":\"\",\"sorind\":\"\"}"}},{"type":"Feature","id":"khoa-hrbare-50070","geometry":{"type":"Polygon","coordinates":[[[129.201869,37.430606],[129.201867,37.43755],[129.192528,37.441527],[129.193372,37.440905],[129.194428,37.43457],[129.19715,37.432192],[129.195706,37.433004],[129.194184,37.4345],[129.193728,37.435616],[129.193058,37.435991],[129.193482,37.436132],[129.192795,37.437551],[129.192193,37.437977],[129.191828,37.437696],[129.190648,37.438752],[129.188285,37.438738],[129.187332,37.438217],[129.187229,37.437492],[129.18801,37.437437],[129.188295,37.438146],[129.190953,37.437908],[129.191493,37.437458],[129.191205,37.437023],[129.189407,37.437172],[129.189154,37.434413],[129.192233,37.43408],[129.193825,37.432385],[129.193742,37.432331],[129.192196,37.433758],[129.190483,37.433789],[129.190483,37.432221],[129.191084,37.432364],[129.190946,37.431715],[129.191829,37.431376],[129.191703,37.43125],[129.19202,37.431097],[129.191681,37.430978],[129.191821,37.430523],[129.192416,37.430136],[129.192206,37.429914],[129.192608,37.429968],[129.192154,37.429689],[129.201869,37.430606]],[[129.19175,37.431631],[129.191782,37.431581],[129.191696,37.431543],[129.19175,37.431631]],[[129.192072,37.430678],[129.192153,37.430716],[129.192145,37.430632],[129.192072,37.430678]],[[129.1919,37.430944],[129.191778,37.430873],[129.19173,37.430916],[129.1919,37.430944]],[[129.191939,37.431188],[129.191865,37.431238],[129.192082,37.431174],[129.191939,37.431188]],[[129.192,37.431504],[129.192049,37.431431],[129.191964,37.431408],[129.192,37.431504]],[[129.191845,37.431528],[129.191917,37.431563],[129.191876,37.431519],[129.191845,37.431528]],[[129.192373,37.430438],[129.192467,37.430381],[129.192429,37.430347],[129.192373,37.430438]],[[129.192478,37.43075],[129.192307,37.430626],[129.192307,37.430722],[129.192478,37.43075]],[[129.191982,37.430822],[129.191876,37.430842],[129.191905,37.430866],[129.191982,37.430822]],[[129.191922,37.430654],[129.191957,37.430644],[129.191927,37.430624],[129.191922,37.430654]],[[129.191208,37.431837],[129.191215,37.431825],[129.1912,37.431815],[129.191208,37.431837]],[[129.192644,37.430607],[129.192654,37.430595],[129.192642,37.43059],[129.192644,37.430607]]]},"properties":{"id":"khoa-hrbare-50070","name":"삼척항","englishName":"SAMCHEOK HANG","harborTypeCode":"GBN284","relatedInstitutionCode":"1192136","statusCode":null,"minimumScale":17999.0,"source":"국립해양조사원(KHOA)","sourceUpdatedAt":"2025-08-11","sourceRaw":"{\"gid\":70,\"objnum\":\"50070\",\"pbinst\":\"1192136\",\"indcde_1\":\"\",\"indcde_2\":\"ENW011\",\"indcde_3\":\"CLW015\",\"mnymd\":\"20241130\",\"clfcde\":\"COD007\",\"enclev\":\"6\",\"enc_no\":\"KR688D84\",\"gubun\":\"GBN284\",\"nobjnm\":\"삼척항\",\"objnam\":\"SAMCHEOK HANG\",\"status\":\"\",\"inform\":\"\",\"ninfom\":\"\",\"ntxtds\":\"\",\"scamin\":17999,\"txtdsc\":\"\",\"sordat\":\"\",\"sorind\":\"\"}"}}]}
