recordType,internalId,mbrisSourceId,koreanName,scientificName,normalizedScientificName,canonicalSlug,action,initialPublishStatus,initialFactReviewStatus,priority,tier,taxonomyKingdom,taxonomyClass,taxonomyOrder,taxonomyFamily
NEW_SPECIES,BM-SPECIES-000001,MBRIS:척추동물:3,돌삼뱅이,Sebastes baramenuke,Sebastes baramenuke,sebastes-baramenuke,INSERT,draft,pending,25,C,척추동물,Teleostei,Perciformes,"Scorpaenidae Risso, 1827"
NEW_SPECIES,BM-SPECIES-000003,MBRIS:척추동물:5,도화볼락,Sebastes joyneri,Sebastes joyneri,sebastes-joyneri,INSERT,draft,pending,25,C,척추동물,Teleostei,Perciformes,"Scorpaenidae Risso, 1827"
NEW_SPECIES,BM-SPECIES-000005,MBRIS:척추동물:7,황볼락,Sebastes owstoni,Sebastes owstoni,sebastes-owstoni,INSERT,draft,pending,25,C,척추동물,Teleostei,Perciformes,"Scorpaenidae Risso, 1827"
NEW_SPECIES,BM-SPECIES-000006,MBRIS:척추동물:8,세줄볼락,Sebastes trivittatus,Sebastes trivittatus,sebastes-trivittatus,INSERT,draft,pending,25,C,척추동물,Teleostei,Perciformes,"Scorpaenidae Risso, 1827"
NEW_SPECIES,BM-SPECIES-000007,MBRIS:척추동물:9,말락볼락,Sebastes wakiyai,Sebastes wakiyai,sebastes-wakiyai,INSERT,draft,pending,25,C,척추동물,Teleostei,Perciformes,"Scorpaenidae Risso, 1827"
NEW_SPECIES,BM-SPECIES-000008,MBRIS:척추동물:10,띠볼락,Sebastes zonatus,Sebastes zonatus,sebastes-zonatus,INSERT,draft,pending,25,C,척추동물,Teleostei,Perciformes,"Scorpaenidae Risso, 1827"
NEW_SPECIES,BM-SPECIES-000009,MBRIS:척추동물:11,황해볼락,Sebastes koreanus,Sebastes koreanus,sebastes-koreanus,INSERT,draft,pending,25,C,척추동물,Teleostei,Perciformes,"Scorpaenidae Risso, 1827"
NEW_SPECIES,BM-SPECIES-000010,MBRIS:척추동물:12,누루시볼락,Sebastes vulpes,Sebastes vulpes,sebastes-vulpes,INSERT,draft,pending,25,C,척추동물,Teleostei,Perciformes,"Scorpaenidae Risso, 1827"
NEW_SPECIES,BM-SPECIES-000012,MBRIS:척추동물:14,조피볼락,Sebastes schlegelii,Sebastes schlegelii,sebastes-schlegelii,INSERT,draft,pending,25,C,척추동물,Teleostei,Perciformes,"Scorpaenidae Risso, 1827"
NEW_SPECIES,BM-SPECIES-000013,MBRIS:척추동물:15,황점개볼락,Sebastes nudus,Sebastes nudus,sebastes-nudus,INSERT,draft,pending,25,C,척추동물,Teleostei,Perciformes,"Scorpaenidae Risso, 1827"
NEW_SPECIES,BM-SPECIES-000016,MBRIS:척추동물:18,흰꼬리볼락,Sebastes longispinis,Sebastes longispinis,sebastes-longispinis,INSERT,draft,pending,25,C,척추동물,Teleostei,Perciformes,"Scorpaenidae Risso, 1827"
NEW_SPECIES,BM-SPECIES-000017,MBRIS:척추동물:19,우럭볼락,Sebastes hubbsi,Sebastes hubbsi,sebastes-hubbsi,INSERT,draft,pending,25,C,척추동물,Teleostei,Perciformes,"Scorpaenidae Risso, 1827"
NEW_SPECIES,BM-SPECIES-000018,MBRIS:척추동물:20,붉감펭,Sebastiscus albofasciatus,Sebastiscus albofasciatus,sebastiscus-albofasciatus,INSERT,draft,pending,25,C,척추동물,Teleostei,Perciformes,"Scorpaenidae Risso, 1827"
NEW_SPECIES,BM-SPECIES-000021,MBRIS:척추동물:23,살살치,Scorpaena neglecta,Scorpaena neglecta,scorpaena-neglecta,INSERT,draft,pending,25,C,척추동물,Teleostei,Perciformes,"Scorpaenidae Risso, 1827"
NEW_SPECIES,BM-SPECIES-000022,MBRIS:척추동물:24,쭈굴감펭,Scorpaena miostoma,Scorpaena miostoma,scorpaena-miostoma,INSERT,draft,pending,25,C,척추동물,Teleostei,Perciformes,"Scorpaenidae Risso, 1827"
NEW_SPECIES,BM-SPECIES-000023,MBRIS:척추동물:25,점감펭,Scorpaena onaria,Scorpaena onaria,scorpaena-onaria,INSERT,draft,pending,25,C,척추동물,Teleostei,Perciformes,"Scorpaenidae Risso, 1827"
NEW_SPECIES,BM-SPECIES-000024,MBRIS:척추동물:26,도자감펭,Parapterois heterura,Parapterois heterura,parapterois-heterura,INSERT,draft,pending,25,C,척추동물,Teleostei,Perciformes,"Scorpaenidae Risso, 1827"
NEW_SPECIES,BM-SPECIES-000025,MBRIS:척추동물:27,꽃감펭,Hoplosebastes armatus,Hoplosebastes armatus,hoplosebastes-armatus,INSERT,draft,pending,25,C,척추동물,Teleostei,Perciformes,"Scorpaenidae Risso, 1827"
NEW_SPECIES,BM-SPECIES-000026,MBRIS:척추동물:28,붉은마수감펭,Lythrichthys longimanus,Lythrichthys longimanus,lythrichthys-longimanus,INSERT,draft,pending,25,C,척추동물,Teleostei,Perciformes,"Scorpaenidae Risso, 1827"
NEW_SPECIES,BM-SPECIES-000027,MBRIS:척추동물:29,긴수염쏠배감펭,Pteropterus antennata,Pteropterus antennata,pteropterus-antennata,INSERT,draft,pending,25,C,척추동물,Teleostei,Perciformes,"Scorpaenidae Risso, 1827"
NEW_SPECIES,BM-SPECIES-000028,MBRIS:척추동물:30,홍살치,Sebastolobus macrochir,Sebastolobus macrochir,sebastolobus-macrochir,INSERT,draft,pending,25,C,척추동물,Teleostei,Perciformes,"Scorpaenidae Risso, 1827"
NEW_SPECIES,BM-SPECIES-000029,MBRIS:척추동물:31,동해큰눈볼락,Hozukius emblemarius,Hozukius emblemarius,hozukius-emblemarius,INSERT,draft,pending,25,C,척추동물,Teleostei,Perciformes,"Scorpaenidae Risso, 1827"
NEW_SPECIES,BM-SPECIES-000030,MBRIS:척추동물:32,실줄고기,Freemanichthys thompsoni,Freemanichthys thompsoni,freemanichthys-thompsoni,INSERT,draft,pending,25,C,척추동물,Teleostei,Perciformes,"Agonidae Swainson, 1839"
NEW_SPECIES,BM-SPECIES-000031,MBRIS:척추동물:33,민어치,Anoplagonus occidentalis,Anoplagonus occidentalis,anoplagonus-occidentalis,INSERT,draft,pending,25,C,척추동물,Teleostei,Perciformes,"Agonidae Swainson, 1839"
NEW_SPECIES,BM-SPECIES-000032,MBRIS:척추동물:34,잔줄고기,Brachyopsis segaliensis,Brachyopsis segaliensis,brachyopsis-segaliensis,INSERT,draft,pending,25,C,척추동물,Teleostei,Perciformes,"Agonidae Swainson, 1839"
NEW_SPECIES,BM-SPECIES-000033,MBRIS:척추동물:35,악어줄고기,Aspidophoroides monopterygius,Aspidophoroides monopterygius,aspidophoroides-monopterygius,INSERT,draft,pending,25,C,척추동물,Teleostei,Perciformes,"Agonidae Swainson, 1839"
NEW_SPECIES,BM-SPECIES-000034,MBRIS:척추동물:36,팔각줄고기,Podothecus hamlini,Podothecus hamlini,podothecus-hamlini,INSERT,draft,pending,25,C,척추동물,Teleostei,Perciformes,"Agonidae Swainson, 1839"
NEW_SPECIES,BM-SPECIES-000035,MBRIS:척추동물:37,날개줄고기,Podothecus sachi,Podothecus sachi,podothecus-sachi,INSERT,draft,pending,25,C,척추동물,Teleostei,Perciformes,"Agonidae Swainson, 1839"
NEW_SPECIES,BM-SPECIES-000036,MBRIS:척추동물:38,말락줄고기,Podothecus sturioides,Podothecus sturioides,podothecus-sturioides,INSERT,draft,pending,25,C,척추동물,Teleostei,Perciformes,"Agonidae Swainson, 1839"
NEW_SPECIES,BM-SPECIES-000037,MBRIS:척추동물:39,왕눈줄고기,Podothecus veternus,Podothecus veternus,podothecus-veternus,INSERT,draft,pending,25,C,척추동물,Teleostei,Perciformes,"Agonidae Swainson, 1839"
NEW_SPECIES,BM-SPECIES-000038,MBRIS:척추동물:40,꽃줄고기,Occella dodecaedron,Occella dodecaedron,occella-dodecaedron,INSERT,draft,pending,25,C,척추동물,Teleostei,Perciformes,"Agonidae Swainson, 1839"
NEW_SPECIES,BM-SPECIES-000039,MBRIS:척추동물:41,검은띠눈횟대,Nautichthys pribilovius,Nautichthys pribilovius,nautichthys-pribilovius,INSERT,draft,pending,25,C,척추동물,Teleostei,Perciformes,"Agonidae Swainson, 1839"
NEW_SPECIES,BM-SPECIES-000040,MBRIS:척추동물:42,흑줄고기,Tilesina gibbosa,Tilesina gibbosa,tilesina-gibbosa,INSERT,draft,pending,25,C,척추동물,Teleostei,Perciformes,"Agonidae Swainson, 1839"
NEW_SPECIES,BM-SPECIES-000041,MBRIS:척추동물:43,동갈횟대,Hemilepidotus gilberti,Hemilepidotus gilberti,hemilepidotus-gilberti,INSERT,draft,pending,25,C,척추동물,Teleostei,Perciformes,"Agonidae Swainson, 1839"
NEW_SPECIES,BM-SPECIES-000043,MBRIS:척추동물:45,네줄고기,Percis japonica,Percis japonica,percis-japonica,INSERT,draft,pending,25,C,척추동물,Teleostei,Perciformes,"Agonidae Swainson, 1839"
NEW_SPECIES,BM-SPECIES-000044,MBRIS:척추동물:46,가시줄고기,Hypsagonus corniger,Hypsagonus corniger,hypsagonus-corniger,INSERT,draft,pending,25,C,척추동물,Teleostei,Perciformes,"Agonidae Swainson, 1839"
NEW_SPECIES,BM-SPECIES-000045,MBRIS:척추동물:47,뿔줄고기,Hypsagonus quadricornis,Hypsagonus quadricornis,hypsagonus-quadricornis,INSERT,draft,pending,25,C,척추동물,Teleostei,Perciformes,"Agonidae Swainson, 1839"
NEW_SPECIES,BM-SPECIES-000046,MBRIS:척추동물:48,갈키고기,Pallasina barbata,Pallasina barbata,pallasina-barbata,INSERT,draft,pending,25,C,척추동물,Teleostei,Perciformes,"Agonidae Swainson, 1839"
NEW_SPECIES,BM-SPECIES-000047,MBRIS:척추동물:49,곱추줄고기,Agonomalus proboscidalis,Agonomalus proboscidalis,agonomalus-proboscidalis,INSERT,draft,pending,25,C,척추동물,Teleostei,Perciformes,"Agonidae Swainson, 1839"
NEW_SPECIES,BM-SPECIES-000048,MBRIS:척추동물:50,고양이줄고기,Agonomalus jordani,Agonomalus jordani,agonomalus-jordani,INSERT,draft,pending,25,C,척추동물,Teleostei,Perciformes,"Agonidae Swainson, 1839"
NEW_SPECIES,BM-SPECIES-000049,MBRIS:척추동물:51,긴코줄고기,Sarritor leptorhynchus,Sarritor leptorhynchus,sarritor-leptorhynchus,INSERT,draft,pending,25,C,척추동물,Teleostei,Perciformes,"Agonidae Swainson, 1839"
NEW_SPECIES,BM-SPECIES-000050,MBRIS:척추동물:52,날개횟대,Blepsias cirrhosus,Blepsias cirrhosus,blepsias-cirrhosus,INSERT,draft,pending,25,C,척추동물,Teleostei,Perciformes,"Agonidae Swainson, 1839"
NEW_SPECIES,BM-SPECIES-000051,MBRIS:척추동물:53,까치횟대,Blepsias bilobus,Blepsias bilobus,blepsias-bilobus,INSERT,draft,pending,25,C,척추동물,Teleostei,Perciformes,"Agonidae Swainson, 1839"
NEW_SPECIES,BM-SPECIES-000052,MBRIS:척추동물:54,먹분홍꼼치,Careproctus colletti,Careproctus colletti,careproctus-colletti,INSERT,draft,pending,25,C,척추동물,Teleostei,Perciformes,"Liparidae Gill, 1861"
NEW_SPECIES,BM-SPECIES-000053,MBRIS:척추동물:55,동해분홍꼼치,Careproctus notosaikaiensis,Careproctus notosaikaiensis,careproctus-notosaikaiensis,INSERT,draft,pending,25,C,척추동물,Teleostei,Perciformes,"Liparidae Gill, 1861"
NEW_SPECIES,BM-SPECIES-000054,MBRIS:척추동물:56,분홍꼼치,Careproctus rastrinus,Careproctus rastrinus,careproctus-rastrinus,INSERT,draft,pending,25,C,척추동물,Teleostei,Perciformes,"Liparidae Gill, 1861"
NEW_SPECIES,BM-SPECIES-000055,MBRIS:척추동물:57,보라물메기,Liparis megacephalus,Liparis megacephalus,liparis-megacephalus,INSERT,draft,pending,25,C,척추동물,Teleostei,Perciformes,"Liparidae Gill, 1861"
NEW_SPECIES,BM-SPECIES-000056,MBRIS:척추동물:58,아가씨물메기,Liparis agassizii,Liparis agassizii,liparis-agassizii,INSERT,draft,pending,25,C,척추동물,Teleostei,Perciformes,"Liparidae Gill, 1861"
NEW_SPECIES,BM-SPECIES-000058,MBRIS:척추동물:60,노랑물메기,Liparis chefuensis,Liparis chefuensis,liparis-chefuensis,INSERT,draft,pending,25,C,척추동물,Teleostei,Perciformes,"Liparidae Gill, 1861"
NEW_SPECIES,BM-SPECIES-000059,MBRIS:척추동물:61,미거지,Liparis ochotensis,Liparis ochotensis,liparis-ochotensis,INSERT,draft,pending,25,C,척추동물,Teleostei,Perciformes,"Liparidae Gill, 1861"
NEW_SPECIES,BM-SPECIES-000061,MBRIS:척추동물:63,꼬마꼼치,Liparis punctulatus,Liparis punctulatus,liparis-punctulatus,INSERT,draft,pending,25,C,척추동물,Teleostei,Perciformes,"Liparidae Gill, 1861"
NEW_SPECIES,BM-SPECIES-000062,MBRIS:척추동물:64,물미거지,Crystallias matsushimae,Crystallias matsushimae,crystallias-matsushimae,INSERT,draft,pending,25,C,척추동물,Teleostei,Perciformes,"Liparidae Gill, 1861"
NEW_SPECIES,BM-SPECIES-000063,MBRIS:척추동물:65,까지양태,Cociella crocodilus,Cociella crocodilus,cociella-crocodilus,INSERT,draft,pending,25,C,척추동물,Teleostei,Perciformes,"Platycephalidae Swainson, 1839"
NEW_SPECIES,BM-SPECIES-000064,MBRIS:척추동물:66,봉오리양태,Ratabulus megacephalus,Ratabulus megacephalus,ratabulus-megacephalus,INSERT,draft,pending,25,C,척추동물,Teleostei,Perciformes,"Platycephalidae Swainson, 1839"
NEW_SPECIES,BM-SPECIES-000066,MBRIS:척추동물:68,바늘양태,Rogadius asper,Rogadius asper,rogadius-asper,INSERT,draft,pending,25,C,척추동물,Teleostei,Perciformes,"Platycephalidae Swainson, 1839"
NEW_SPECIES,BM-SPECIES-000067,MBRIS:척추동물:69,큰비늘양태,Onigocia macrolepis,Onigocia macrolepis,onigocia-macrolepis,INSERT,draft,pending,25,C,척추동물,Teleostei,Perciformes,"Platycephalidae Swainson, 1839"
NEW_SPECIES,BM-SPECIES-000068,MBRIS:척추동물:70,비늘양태,Onigocia spinosa,Onigocia spinosa,onigocia-spinosa,INSERT,draft,pending,25,C,척추동물,Teleostei,Perciformes,"Platycephalidae Swainson, 1839"
NEW_SPECIES,BM-SPECIES-000069,MBRIS:척추동물:71,점양태,Inegocia japonica,Inegocia japonica,inegocia-japonica,INSERT,draft,pending,25,C,척추동물,Teleostei,Perciformes,"Platycephalidae Swainson, 1839"
NEW_SPECIES,BM-SPECIES-000070,MBRIS:척추동물:72,큰눈양태,Insidiator meerdervoortii,Insidiator meerdervoortii,insidiator-meerdervoortii,INSERT,draft,pending,25,C,척추동물,Teleostei,Perciformes,"Platycephalidae Swainson, 1839"
NEW_SPECIES,BM-SPECIES-000071,MBRIS:척추동물:73,단풍잎성대볼락,Neosebastes entaxis,Neosebastes entaxis,neosebastes-entaxis,INSERT,draft,pending,25,C,척추동물,Teleostei,Perciformes,"Neosebastidae Matsubara, 1943"
NEW_SPECIES,BM-SPECIES-000072,MBRIS:척추동물:74,민부치,Halieutaea fumosa,Halieutaea fumosa,halieutaea-fumosa,INSERT,draft,pending,25,C,척추동물,Teleostei,Lophiiformes,"Ogcocephalidae Gill, 1893"
NEW_SPECIES,BM-SPECIES-000073,MBRIS:척추동물:75,빨강부치,Halieutaea stellata,Halieutaea stellata,halieutaea-stellata,INSERT,draft,pending,25,C,척추동물,Teleostei,Lophiiformes,"Ogcocephalidae Gill, 1893"
NEW_SPECIES,BM-SPECIES-000074,MBRIS:척추동물:76,꼭갈치,Malthopsis kobayashii,Malthopsis kobayashii,malthopsis-kobayashii,INSERT,draft,pending,25,C,척추동물,Teleostei,Lophiiformes,"Ogcocephalidae Gill, 1893"
NEW_SPECIES,BM-SPECIES-000075,MBRIS:척추동물:77,원꼭갈치,Malthopsis annulifera,Malthopsis annulifera,malthopsis-annulifera,INSERT,draft,pending,25,C,척추동물,Teleostei,Lophiiformes,"Ogcocephalidae Gill, 1893"
NEW_SPECIES,BM-SPECIES-000076,MBRIS:척추동물:78,점씬벵이,Chaunax abei,Chaunax abei,chaunax-abei,INSERT,draft,pending,25,C,척추동물,Teleostei,Lophiiformes,"Chaunacidae Gill, 1863"
NEW_SPECIES,BM-SPECIES-000077,MBRIS:척추동물:79,용아귀,Lophiodes insidiator,Lophiodes insidiator,lophiodes-insidiator,INSERT,draft,pending,25,C,척추동물,Teleostei,Lophiiformes,"Lophiidae Rafinesque, 1810"
NEW_SPECIES,BM-SPECIES-000078,MBRIS:척추동물:80,세가시용아귀,Lophiodes triradiatus,Lophiodes triradiatus,lophiodes-triradiatus,INSERT,draft,pending,25,C,척추동물,Teleostei,Lophiiformes,"Lophiidae Rafinesque, 1810"
NEW_SPECIES,BM-SPECIES-000079,MBRIS:척추동물:81,황아귀,Lophius litulon,Lophius litulon,lophius-litulon,INSERT,draft,pending,25,C,척추동물,Teleostei,Lophiiformes,"Lophiidae Rafinesque, 1810"
NEW_SPECIES,BM-SPECIES-000081,MBRIS:척추동물:83,빨간씬벵이,Antennarius striatus,Antennarius striatus,antennarius-striatus,INSERT,draft,pending,25,C,척추동물,Teleostei,Lophiiformes,"Antennariidae Jarocki, 1822"
NEW_SPECIES,BM-SPECIES-000082,MBRIS:척추동물:84,흑점박씬벵이,Antennarius pictus,Antennarius pictus,antennarius-pictus,INSERT,draft,pending,25,C,척추동물,Teleostei,Lophiiformes,"Antennariidae Jarocki, 1822"
NEW_SPECIES,BM-SPECIES-000083,MBRIS:척추동물:85,큰씬벵이,Antennarius commerson,Antennarius commerson,antennarius-commerson,INSERT,draft,pending,25,C,척추동물,Teleostei,Lophiiformes,"Antennariidae Jarocki, 1822"
NEW_SPECIES,BM-SPECIES-000084,MBRIS:척추동물:86,노랑씬벵이,Histrio histrio,Histrio histrio,histrio-histrio,INSERT,draft,pending,25,C,척추동물,Teleostei,Lophiiformes,"Antennariidae Jarocki, 1822"
NEW_SPECIES,BM-SPECIES-000085,MBRIS:척추동물:87,별씬벵이,Fowlerichthys scriptissimus,Fowlerichthys scriptissimus,fowlerichthys-scriptissimus,INSERT,draft,pending,25,C,척추동물,Teleostei,Lophiiformes,"Antennariidae Jarocki, 1822"
NEW_SPECIES,BM-SPECIES-000086,MBRIS:척추동물:88,큰점씬벵이,Abantennarius nummifer,Abantennarius nummifer,abantennarius-nummifer,INSERT,draft,pending,25,C,척추동물,Teleostei,Lophiiformes,"Antennariidae Jarocki, 1822"
NEW_SPECIES,BM-SPECIES-000087,MBRIS:척추동물:89,홍송어,Salvelinus leucomaenis,Salvelinus leucomaenis,salvelinus-leucomaenis,INSERT,draft,pending,25,C,척추동물,Teleostei,Salmoniformes,"Salmonidae Jarocki or Schinz, 1822"
NEW_SPECIES,BM-SPECIES-000088,MBRIS:척추동물:90,무지개송어,Oncorhynchus mykiss,Oncorhynchus mykiss,oncorhynchus-mykiss,INSERT,draft,pending,25,C,척추동물,Teleostei,Salmoniformes,"Salmonidae Jarocki or Schinz, 1822"
NEW_SPECIES,BM-SPECIES-000089,MBRIS:척추동물:91,곱사연어,Oncorhynchus gorbuscha,Oncorhynchus gorbuscha,oncorhynchus-gorbuscha,INSERT,draft,pending,25,C,척추동물,Teleostei,Salmoniformes,"Salmonidae Jarocki or Schinz, 1822"
NEW_SPECIES,BM-SPECIES-000090,MBRIS:척추동물:92,연어,Oncorhynchus keta,Oncorhynchus keta,oncorhynchus-keta,INSERT,draft,pending,25,C,척추동물,Teleostei,Salmoniformes,"Salmonidae Jarocki or Schinz, 1822"
NEW_SPECIES,BM-SPECIES-000091,MBRIS:척추동물:93,은연어,Oncorhynchus kisutch,Oncorhynchus kisutch,oncorhynchus-kisutch,INSERT,draft,pending,25,C,척추동물,Teleostei,Salmoniformes,"Salmonidae Jarocki or Schinz, 1822"
NEW_SPECIES,BM-SPECIES-000092,MBRIS:척추동물:94,산천어/송어,Oncorhynchus masou,Oncorhynchus masou,oncorhynchus-masou,INSERT,draft,pending,25,C,척추동물,Teleostei,Salmoniformes,"Salmonidae Jarocki or Schinz, 1822"
NEW_SPECIES,BM-SPECIES-000093,MBRIS:척추동물:95,왕연어,Oncorhynchus tshawytscha,Oncorhynchus tshawytscha,oncorhynchus-tshawytscha,INSERT,draft,pending,25,C,척추동물,Teleostei,Salmoniformes,"Salmonidae Jarocki or Schinz, 1822"
NEW_SPECIES,BM-SPECIES-000094,MBRIS:척추동물:96,등점은눈돔,Polymixia japonica,Polymixia japonica,polymixia-japonica,INSERT,draft,pending,25,C,척추동물,Teleostei,Polymixiiformes,"Polymixiidae Bleeker, 1859"
NEW_SPECIES,BM-SPECIES-000096,MBRIS:척추동물:98,민달고기,Zenopsis nebulosa,Zenopsis nebulosa,zenopsis-nebulosa,INSERT,draft,pending,25,C,척추동물,Teleostei,Zeiformes,"Zeidae Rafinesque, 1815"
NEW_SPECIES,BM-SPECIES-000098,MBRIS:척추동물:100,넙적꼬리숭어,Ellochelon vaigiensis,Ellochelon vaigiensis,ellochelon-vaigiensis,INSERT,draft,pending,25,C,척추동물,Teleostei,Mugiliformes,"Mugilidae Jarocki, 1822"
NEW_SPECIES,BM-SPECIES-000099,MBRIS:척추동물:101,돌기입숭어,Moolgarda crenilabis,Moolgarda crenilabis,moolgarda-crenilabis,INSERT,draft,pending,25,C,척추동물,Teleostei,Mugiliformes,"Mugilidae Jarocki, 1822"
NEW_SPECIES,BM-SPECIES-000100,MBRIS:척추동물:102,긴팔숭어,Moolgarda cunnesius,Moolgarda cunnesius,moolgarda-cunnesius,INSERT,draft,pending,25,C,척추동물,Teleostei,Mugiliformes,"Mugilidae Jarocki, 1822"
NEW_SPECIES,BM-SPECIES-000101,MBRIS:척추동물:103,초승꼬리숭어,Moolgarda seheli,Moolgarda seheli,moolgarda-seheli,INSERT,draft,pending,25,C,척추동물,Teleostei,Mugiliformes,"Mugilidae Jarocki, 1822"
NEW_SPECIES,BM-SPECIES-000102,MBRIS:척추동물:104,파랑꼬리숭어,Moolgarda buchanani,Moolgarda buchanani,moolgarda-buchanani,INSERT,draft,pending,25,C,척추동물,Teleostei,Mugiliformes,"Mugilidae Jarocki, 1822"
NEW_SPECIES,BM-SPECIES-000104,MBRIS:척추동물:106,큰비늘숭어,Planiliza macrolepis,Planiliza macrolepis,planiliza-macrolepis,INSERT,draft,pending,25,C,척추동물,Teleostei,Mugiliformes,"Mugilidae Jarocki, 1822"
NEW_SPECIES,BM-SPECIES-000105,MBRIS:척추동물:107,등줄숭어,Planiliza lauvergnii,Planiliza lauvergnii,planiliza-lauvergnii,INSERT,draft,pending,25,C,척추동물,Teleostei,Mugiliformes,"Mugilidae Jarocki, 1822"
NEW_SPECIES,BM-SPECIES-000106,MBRIS:척추동물:108,솔입숭어,Plicomugil labiosus,Plicomugil labiosus,plicomugil-labiosus,INSERT,draft,pending,25,C,척추동물,Teleostei,Mugiliformes,"Mugilidae Jarocki, 1822"
NEW_SPECIES,BM-SPECIES-000107,MBRIS:척추동물:109,소미숭어,Osteomugil perusii,Osteomugil perusii,osteomugil-perusii,INSERT,draft,pending,25,C,척추동물,Teleostei,Mugiliformes,"Mugilidae Jarocki, 1822"
NEW_SPECIES,BM-SPECIES-000108,MBRIS:척추동물:110,붉평치,Lampris megalopsis,Lampris megalopsis,lampris-megalopsis,INSERT,draft,pending,25,C,척추동물,Teleostei,Lampridiformes,"Lampridae Gill, 1862"
NEW_SPECIES,BM-SPECIES-000109,MBRIS:척추동물:111,산갈치,Regalecus russellii,Regalecus russellii,regalecus-russellii,INSERT,draft,pending,25,C,척추동물,Teleostei,Lampridiformes,"Regalecidae Gill, 1884"
NEW_SPECIES,BM-SPECIES-000110,MBRIS:척추동물:112,점투라치,Desmodema polystictum,Desmodema polystictum,desmodema-polystictum,INSERT,draft,pending,25,C,척추동물,Teleostei,Lampridiformes,"Trachipteridae Swainson, 1839"
NEW_SPECIES,BM-SPECIES-000111,MBRIS:척추동물:113,투라치,Trachipterus ishikawae,Trachipterus ishikawae,trachipterus-ishikawae,INSERT,draft,pending,25,C,척추동물,Teleostei,Lampridiformes,"Trachipteridae Swainson, 1839"
NEW_SPECIES,BM-SPECIES-000112,MBRIS:척추동물:114,홍투라치,Zu cristatus,Zu cristatus,zu-cristatus,INSERT,draft,pending,25,C,척추동물,Teleostei,Lampridiformes,"Trachipteridae Swainson, 1839"
NEW_SPECIES,BM-SPECIES-000113,MBRIS:척추동물:115,점매가리,Velifer hypselopterus,Velifer hypselopterus,velifer-hypselopterus,INSERT,draft,pending,25,C,척추동물,Teleostei,Lampridiformes,"Veliferidae Bleeker, 1859"
NEW_SPECIES,BM-SPECIES-000114,MBRIS:척추동물:116,개복치,Mola mola,Mola mola,mola-mola,INSERT,draft,pending,25,C,척추동물,Teleostei,Tetraodontiformes,"Molidae Bonaparte, 1835"
NEW_SPECIES,BM-SPECIES-000115,MBRIS:척추동물:117,물개복치,Masturus lanceolatus,Masturus lanceolatus,masturus-lanceolatus,INSERT,draft,pending,25,C,척추동물,Teleostei,Tetraodontiformes,"Molidae Bonaparte, 1835"
NEW_SPECIES,BM-SPECIES-000116,MBRIS:척추동물:118,쐐기개복치,Ranzania laevis,Ranzania laevis,ranzania-laevis,INSERT,draft,pending,25,C,척추동물,Teleostei,Tetraodontiformes,"Molidae Bonaparte, 1835"
NEW_SPECIES,BM-SPECIES-000117,MBRIS:척추동물:119,객주리,Aluterus monoceros,Aluterus monoceros,aluterus-monoceros,INSERT,draft,pending,25,C,척추동물,Teleostei,Tetraodontiformes,"Monacanthidae Nardo, 1843"
NEW_SPECIES,BM-SPECIES-000118,MBRIS:척추동물:120,날개쥐치,Aluterus scriptus,Aluterus scriptus,aluterus-scriptus,INSERT,draft,pending,25,C,척추동물,Teleostei,Tetraodontiformes,"Monacanthidae Nardo, 1843"
NEW_SPECIES,BM-SPECIES-000119,MBRIS:척추동물:121,흑백쥐치,Cantherhines dumerilii,Cantherhines dumerilii,cantherhines-dumerilii,INSERT,draft,pending,25,C,척추동물,Teleostei,Tetraodontiformes,"Monacanthidae Nardo, 1843"
NEW_SPECIES,BM-SPECIES-000120,MBRIS:척추동물:122,징검다리쥐치,Cantherhines fronticinctus,Cantherhines fronticinctus,cantherhines-fronticinctus,INSERT,draft,pending,25,C,척추동물,Teleostei,Tetraodontiformes,"Monacanthidae Nardo, 1843"
NEW_SPECIES,BM-SPECIES-000121,MBRIS:척추동물:123,육각무늬쥐치,Cantherhines pardalis,Cantherhines pardalis,cantherhines-pardalis,INSERT,draft,pending,25,C,척추동물,Teleostei,Tetraodontiformes,"Monacanthidae Nardo, 1843"
NEW_SPECIES,BM-SPECIES-000123,MBRIS:척추동물:125,새양쥐치,Paramonacanthus japonicus,Paramonacanthus japonicus,paramonacanthus-japonicus,INSERT,draft,pending,25,C,척추동물,Teleostei,Tetraodontiformes,"Monacanthidae Nardo, 1843"
NEW_SPECIES,BM-SPECIES-000124,MBRIS:척추동물:126,톱쥐치,Paraluteres prionurus,Paraluteres prionurus,paraluteres-prionurus,INSERT,draft,pending,25,C,척추동물,Teleostei,Tetraodontiformes,"Monacanthidae Nardo, 1843"
NEW_SPECIES,BM-SPECIES-000125,MBRIS:척추동물:127,그물코쥐치,Rudarius ercodes,Rudarius ercodes,rudarius-ercodes,INSERT,draft,pending,25,C,척추동물,Teleostei,Tetraodontiformes,"Monacanthidae Nardo, 1843"
NEW_SPECIES,BM-SPECIES-000126,MBRIS:척추동물:128,가시쥐치,Chaetodermis penicilligerus,Chaetodermis penicilligerus,chaetodermis-penicilligerus,INSERT,draft,pending,25,C,척추동물,Teleostei,Tetraodontiformes,"Monacanthidae Nardo, 1843"
NEW_SPECIES,BM-SPECIES-000127,MBRIS:척추동물:129,꼬마쥐치,Brachaluteres ulvarum,Brachaluteres ulvarum,brachaluteres-ulvarum,INSERT,draft,pending,25,C,척추동물,Teleostei,Tetraodontiformes,"Monacanthidae Nardo, 1843"
NEW_SPECIES,BM-SPECIES-000128,MBRIS:척추동물:130,물각쥐치,Pseudalutarius nasicornis,Pseudalutarius nasicornis,pseudalutarius-nasicornis,INSERT,draft,pending,25,C,척추동물,Teleostei,Tetraodontiformes,"Monacanthidae Nardo, 1843"
NEW_SPECIES,BM-SPECIES-000130,MBRIS:척추동물:132,남별쥐치,Thamnaconus tessellatus,Thamnaconus tessellatus,thamnaconus-tessellatus,INSERT,draft,pending,25,C,척추동물,Teleostei,Tetraodontiformes,"Monacanthidae Nardo, 1843"
NEW_SPECIES,BM-SPECIES-000131,MBRIS:척추동물:133,줄무늬쥐치,Thamnaconus multilineatus,Thamnaconus multilineatus,thamnaconus-multilineatus,INSERT,draft,pending,25,C,척추동물,Teleostei,Tetraodontiformes,"Monacanthidae Nardo, 1843"
NEW_SPECIES,BM-SPECIES-000132,MBRIS:척추동물:134,별쥐치,Thamnaconus hypargyreus,Thamnaconus hypargyreus,thamnaconus-hypargyreus,INSERT,draft,pending,25,C,척추동물,Teleostei,Tetraodontiformes,"Monacanthidae Nardo, 1843"
NEW_SPECIES,BM-SPECIES-000133,MBRIS:척추동물:135,불뚝복,Triodon macropterus,Triodon macropterus,triodon-macropterus,INSERT,draft,pending,25,C,척추동물,Teleostei,Tetraodontiformes,"Triodontidae Bleeker, 1859"
NEW_SPECIES,BM-SPECIES-000134,MBRIS:척추동물:136,파랑쥐치,Balistoides conspicillum,Balistoides conspicillum,balistoides-conspicillum,INSERT,draft,pending,25,C,척추동물,Teleostei,Tetraodontiformes,"Balistidae Rafinesque, 1810"
NEW_SPECIES,BM-SPECIES-000135,MBRIS:척추동물:137,갈쥐치,Sufflamen fraenatum,Sufflamen fraenatum,sufflamen-fraenatum,INSERT,draft,pending,25,C,척추동물,Teleostei,Tetraodontiformes,"Balistidae Rafinesque, 1810"
NEW_SPECIES,BM-SPECIES-000136,MBRIS:척추동물:138,배주름쥐치,Rhinecanthus aculeatus,Rhinecanthus aculeatus,rhinecanthus-aculeatus,INSERT,draft,pending,25,C,척추동물,Teleostei,Tetraodontiformes,"Balistidae Rafinesque, 1810"
NEW_SPECIES,BM-SPECIES-000137,MBRIS:척추동물:139,무늬쥐치,Canthidermis maculata,Canthidermis maculata,canthidermis-maculata,INSERT,draft,pending,25,C,척추동물,Teleostei,Tetraodontiformes,"Balistidae Rafinesque, 1810"
NEW_SPECIES,BM-SPECIES-000138,MBRIS:척추동물:140,그물쥐치,Canthidermis rotundata,Canthidermis rotundata,canthidermis-rotundata,INSERT,draft,pending,25,C,척추동물,Teleostei,Tetraodontiformes,"Balistidae Rafinesque, 1810"
NEW_SPECIES,BM-SPECIES-000139,MBRIS:척추동물:141,가는꼬리쥐치,Abalistes stellatus,Abalistes stellatus,abalistes-stellatus,INSERT,draft,pending,25,C,척추동물,Teleostei,Tetraodontiformes,"Balistidae Rafinesque, 1810"
NEW_SPECIES,BM-SPECIES-000140,MBRIS:척추동물:142,황록쥐치,Pseudobalistes flavimarginatus,Pseudobalistes flavimarginatus,pseudobalistes-flavimarginatus,INSERT,draft,pending,25,C,척추동물,Teleostei,Tetraodontiformes,"Balistidae Rafinesque, 1810"
NEW_SPECIES,BM-SPECIES-000141,MBRIS:척추동물:143,은비늘치,Triacanthus biaculeatus,Triacanthus biaculeatus,triacanthus-biaculeatus,INSERT,draft,pending,25,C,척추동물,Teleostei,Tetraodontiformes,"Triacanthidae Bleeker, 1859"
NEW_SPECIES,BM-SPECIES-000142,MBRIS:척추동물:144,강담복,Chilomycterus reticulatus,Chilomycterus reticulatus,chilomycterus-reticulatus,INSERT,draft,pending,25,C,척추동물,Teleostei,Tetraodontiformes,"Diodontidae Bonaparte, 1835"
NEW_SPECIES,BM-SPECIES-000144,MBRIS:척추동물:146,잔점박이가시복,Diodon hystrix,Diodon hystrix,diodon-hystrix,INSERT,draft,pending,25,C,척추동물,Teleostei,Tetraodontiformes,"Diodontidae Bonaparte, 1835"
NEW_SPECIES,BM-SPECIES-000145,MBRIS:척추동물:147,둥근굳가시복,Cyclichthys orbicularis,Cyclichthys orbicularis,cyclichthys-orbicularis,INSERT,draft,pending,25,C,척추동물,Teleostei,Tetraodontiformes,"Diodontidae Bonaparte, 1835"
NEW_SPECIES,BM-SPECIES-000146,MBRIS:척추동물:148,흑점꺼끌복,Arothron nigropunctatus,Arothron nigropunctatus,arothron-nigropunctatus,INSERT,draft,pending,25,C,척추동물,Teleostei,Tetraodontiformes,"Tetraodontidae Bonaparte, 1831"
NEW_SPECIES,BM-SPECIES-000147,MBRIS:척추동물:149,흰점꺼끌복,Arothron hispidus,Arothron hispidus,arothron-hispidus,INSERT,draft,pending,25,C,척추동물,Teleostei,Tetraodontiformes,"Tetraodontidae Bonaparte, 1831"
NEW_SPECIES,BM-SPECIES-000148,MBRIS:척추동물:150,꺼끌복,Arothron stellatus,Arothron stellatus,arothron-stellatus,INSERT,draft,pending,25,C,척추동물,Teleostei,Tetraodontiformes,"Tetraodontidae Bonaparte, 1831"
NEW_SPECIES,BM-SPECIES-000149,MBRIS:척추동물:151,그물무늬꺼끌복,Arothron reticularis,Arothron reticularis,arothron-reticularis,INSERT,draft,pending,25,C,척추동물,Teleostei,Tetraodontiformes,"Tetraodontidae Bonaparte, 1831"
NEW_SPECIES,BM-SPECIES-000150,MBRIS:척추동물:152,별복,Arothron firmamentum,Arothron firmamentum,arothron-firmamentum,INSERT,draft,pending,25,C,척추동물,Teleostei,Tetraodontiformes,"Tetraodontidae Bonaparte, 1831"
NEW_SPECIES,BM-SPECIES-000151,MBRIS:척추동물:153,청복,Canthigaster rivulata,Canthigaster rivulata,canthigaster-rivulata,INSERT,draft,pending,25,C,척추동물,Teleostei,Tetraodontiformes,"Tetraodontidae Bonaparte, 1831"
NEW_SPECIES,BM-SPECIES-000152,MBRIS:척추동물:154,까칠복,Takifugu stictonotus,Takifugu stictonotus,takifugu-stictonotus,INSERT,draft,pending,25,C,척추동물,Teleostei,Tetraodontiformes,"Tetraodontidae Bonaparte, 1831"
NEW_SPECIES,BM-SPECIES-000153,MBRIS:척추동물:155,두점박이복,Takifugu bimaculatus,Takifugu bimaculatus,takifugu-bimaculatus,INSERT,draft,pending,25,C,척추동물,Teleostei,Tetraodontiformes,"Tetraodontidae Bonaparte, 1831"
NEW_SPECIES,BM-SPECIES-000154,MBRIS:척추동물:156,매리복,Takifugu snyderi,Takifugu snyderi,takifugu-snyderi,INSERT,draft,pending,25,C,척추동물,Teleostei,Tetraodontiformes,"Tetraodontidae Bonaparte, 1831"
NEW_SPECIES,BM-SPECIES-000155,MBRIS:척추동물:157,황복,Takifugu obscurus,Takifugu obscurus,takifugu-obscurus,INSERT,draft,pending,25,C,척추동물,Teleostei,Tetraodontiformes,"Tetraodontidae Bonaparte, 1831"
NEW_SPECIES,BM-SPECIES-000156,MBRIS:척추동물:158,황해흰점복,Takifugu alboplumbeus,Takifugu alboplumbeus,takifugu-alboplumbeus,INSERT,draft,pending,25,C,척추동물,Teleostei,Tetraodontiformes,"Tetraodontidae Bonaparte, 1831"
NEW_SPECIES,BM-SPECIES-000157,MBRIS:척추동물:159,황점복,Takifugu flavidus,Takifugu flavidus,takifugu-flavidus,INSERT,draft,pending,25,C,척추동물,Teleostei,Tetraodontiformes,"Tetraodontidae Bonaparte, 1831"
NEW_SPECIES,BM-SPECIES-000158,MBRIS:척추동물:160,폭포무늬복,Takifugu oblongus,Takifugu oblongus,takifugu-oblongus,INSERT,draft,pending,25,C,척추동물,Teleostei,Tetraodontiformes,"Tetraodontidae Bonaparte, 1831"
NEW_SPECIES,BM-SPECIES-000159,MBRIS:척추동물:161,망복,Takifugu reticularis,Takifugu reticularis,takifugu-reticularis,INSERT,draft,pending,25,C,척추동물,Teleostei,Tetraodontiformes,"Tetraodontidae Bonaparte, 1831"
NEW_SPECIES,BM-SPECIES-000160,MBRIS:척추동물:162,자주복,Takifugu rubripes,Takifugu rubripes,takifugu-rubripes,INSERT,draft,pending,25,C,척추동물,Teleostei,Tetraodontiformes,"Tetraodontidae Bonaparte, 1831"
NEW_SPECIES,BM-SPECIES-000161,MBRIS:척추동물:163,국매리복,Takifugu vermicularis,Takifugu vermicularis,takifugu-vermicularis,INSERT,draft,pending,25,C,척추동물,Teleostei,Tetraodontiformes,"Tetraodontidae Bonaparte, 1831"
NEW_SPECIES,BM-SPECIES-000162,MBRIS:척추동물:164,졸복,Takifugu pardalis,Takifugu pardalis,takifugu-pardalis,INSERT,draft,pending,25,C,척추동물,Teleostei,Tetraodontiformes,"Tetraodontidae Bonaparte, 1831"
NEW_SPECIES,BM-SPECIES-000164,MBRIS:척추동물:166,눈불개복,Takifugu chrysops,Takifugu chrysops,takifugu-chrysops,INSERT,draft,pending,25,C,척추동물,Teleostei,Tetraodontiformes,"Tetraodontidae Bonaparte, 1831"
NEW_SPECIES,BM-SPECIES-000166,MBRIS:척추동물:168,불룩복,Sphoeroides pachygaster,Sphoeroides pachygaster,sphoeroides-pachygaster,INSERT,draft,pending,25,C,척추동물,Teleostei,Tetraodontiformes,"Tetraodontidae Bonaparte, 1831"
NEW_SPECIES,BM-SPECIES-000167,MBRIS:척추동물:169,밀복,Lagocephalus lunaris,Lagocephalus lunaris,lagocephalus-lunaris,INSERT,draft,pending,25,C,척추동물,Teleostei,Tetraodontiformes,"Tetraodontidae Bonaparte, 1831"
NEW_SPECIES,BM-SPECIES-000168,MBRIS:척추동물:170,청밀복,Lagocephalus lagocephalus,Lagocephalus lagocephalus,lagocephalus-lagocephalus,INSERT,draft,pending,25,C,척추동물,Teleostei,Tetraodontiformes,"Tetraodontidae Bonaparte, 1831"
NEW_SPECIES,BM-SPECIES-000169,MBRIS:척추동물:171,은띠복,Lagocephalus sceleratus,Lagocephalus sceleratus,lagocephalus-sceleratus,INSERT,draft,pending,25,C,척추동물,Teleostei,Tetraodontiformes,"Tetraodontidae Bonaparte, 1831"
NEW_SPECIES,BM-SPECIES-000170,MBRIS:척추동물:172,민밀복,Lagocephalus inermis,Lagocephalus inermis,lagocephalus-inermis,INSERT,draft,pending,25,C,척추동물,Teleostei,Tetraodontiformes,"Tetraodontidae Bonaparte, 1831"
NEW_SPECIES,BM-SPECIES-000171,MBRIS:척추동물:173,흑밀복,Lagocephalus cheesemanii,Lagocephalus cheesemanii,lagocephalus-cheesemanii,INSERT,draft,pending,25,C,척추동물,Teleostei,Tetraodontiformes,"Tetraodontidae Bonaparte, 1831"
NEW_SPECIES,BM-SPECIES-000172,MBRIS:척추동물:174,은밀복,Lagocephalus spadiceus,Lagocephalus spadiceus,lagocephalus-spadiceus,INSERT,draft,pending,25,C,척추동물,Teleostei,Tetraodontiformes,"Tetraodontidae Bonaparte, 1831"
NEW_SPECIES,BM-SPECIES-000173,MBRIS:척추동물:175,나팔쥐치,Macrorhamphosodes uradoi,Macrorhamphosodes uradoi,macrorhamphosodes-uradoi,INSERT,draft,pending,25,C,척추동물,Teleostei,Tetraodontiformes,"Triacanthodidae Gill, 1862"
NEW_SPECIES,BM-SPECIES-000174,MBRIS:척추동물:176,분홍쥐치,Triacanthodes anomalus,Triacanthodes anomalus,triacanthodes-anomalus,INSERT,draft,pending,25,C,척추동물,Teleostei,Tetraodontiformes,"Triacanthodidae Gill, 1862"
NEW_SPECIES,BM-SPECIES-000175,MBRIS:척추동물:177,쌍가시거북복,Tetrosomus reipublicae,Tetrosomus reipublicae,tetrosomus-reipublicae,INSERT,draft,pending,25,C,척추동물,Teleostei,Tetraodontiformes,"Ostraciidae Rafinesque, 1810"
NEW_SPECIES,BM-SPECIES-000176,MBRIS:척추동물:178,뿔복,Lactoria cornuta,Lactoria cornuta,lactoria-cornuta,INSERT,draft,pending,25,C,척추동물,Teleostei,Tetraodontiformes,"Ostraciidae Rafinesque, 1810"
NEW_SPECIES,BM-SPECIES-000177,MBRIS:척추동물:179,소뿔복,Lactoria diaphana,Lactoria diaphana,lactoria-diaphana,INSERT,draft,pending,25,C,척추동물,Teleostei,Tetraodontiformes,"Ostraciidae Rafinesque, 1810"
NEW_SPECIES,BM-SPECIES-000178,MBRIS:척추동물:180,줄무늬뿔복,Lactoria fornasini,Lactoria fornasini,lactoria-fornasini,INSERT,draft,pending,25,C,척추동물,Teleostei,Tetraodontiformes,"Ostraciidae Rafinesque, 1810"
NEW_SPECIES,BM-SPECIES-000179,MBRIS:척추동물:181,노랑거북복,Ostracion cubicum,Ostracion cubicum,ostracion-cubicum,INSERT,draft,pending,25,C,척추동물,Teleostei,Tetraodontiformes,"Ostraciidae Rafinesque, 1810"
NEW_SPECIES,BM-SPECIES-000180,MBRIS:척추동물:182,거북복,Ostracion immaculatum,Ostracion immaculatum,ostracion-immaculatum,INSERT,draft,pending,25,C,척추동물,Teleostei,Tetraodontiformes,"Ostraciidae Rafinesque, 1810"
NEW_SPECIES,BM-SPECIES-000181,MBRIS:척추동물:183,황줄육각복,Kentrocapros flavofasciatus,Kentrocapros flavofasciatus,kentrocapros-flavofasciatus,INSERT,draft,pending,25,C,척추동물,Teleostei,Tetraodontiformes,"Aracanidae Hollard, 1860"
NEW_SPECIES,BM-SPECIES-000182,MBRIS:척추동물:184,육각복,Kentrocapros aculeatus,Kentrocapros aculeatus,kentrocapros-aculeatus,INSERT,draft,pending,25,C,척추동물,Teleostei,Tetraodontiformes,"Aracanidae Hollard, 1860"
NEW_SPECIES,BM-SPECIES-000183,MBRIS:척추동물:185,은줄멸,Hypoatherina tsurugae,Hypoatherina tsurugae,hypoatherina-tsurugae,INSERT,draft,pending,25,C,척추동물,Teleostei,Atheriniformes,"Atherinidae Risso, 1827"
NEW_SPECIES,BM-SPECIES-000184,MBRIS:척추동물:186,색줄멸,Doboatherina bleekeri,Doboatherina bleekeri,doboatherina-bleekeri,INSERT,draft,pending,25,C,척추동물,Teleostei,Atheriniformes,"Atherinidae Risso, 1827"
NEW_SPECIES,BM-SPECIES-000185,MBRIS:척추동물:187,물꽃치,Iso flosmaris,Iso flosmaris,iso-flosmaris,INSERT,draft,pending,25,C,척추동물,Teleostei,Atheriniformes,"Isonidae Rosen, 1964"
NEW_SPECIES,BM-SPECIES-000186,MBRIS:척추동물:188,밀멸,Atherion elymus,Atherion elymus,atherion-elymus,INSERT,draft,pending,25,C,척추동물,Teleostei,Atheriniformes,"Atherionidae Schultz, 1948"
NEW_SPECIES,BM-SPECIES-000187,MBRIS:척추동물:189,띠별바라기,Limnichthys koreanus,Limnichthys koreanus,limnichthys-koreanus,INSERT,draft,pending,25,C,척추동물,Teleostei,Acropomatiformes,"Creediidae Waite, 1899"
NEW_SPECIES,BM-SPECIES-000189,MBRIS:척추동물:191,넙치농어,Lateolabrax latus,Lateolabrax latus,lateolabrax-latus,INSERT,draft,pending,25,C,척추동물,Teleostei,Acropomatiformes,"Lateolabracidae Ghedotti, Davis & Smith, 2018"
NEW_SPECIES,BM-SPECIES-000191,MBRIS:척추동물:193,반딧불게르치,Acropoma japonicum,Acropoma japonicum,acropoma-japonicum,INSERT,draft,pending,25,C,척추동물,Teleostei,Acropomatiformes,"Acropomatidae Gill, 1893"
NEW_SPECIES,BM-SPECIES-000193,MBRIS:척추동물:195,황줄돔,Histiopterus typus,Histiopterus typus,histiopterus-typus,INSERT,draft,pending,25,C,척추동물,Teleostei,Acropomatiformes,"Pentacerotidae Bleeker, 1859"
NEW_SPECIES,BM-SPECIES-000194,MBRIS:척추동물:196,육동가리돔,Evistias acutirostris,Evistias acutirostris,evistias-acutirostris,INSERT,draft,pending,25,C,척추동물,Teleostei,Acropomatiformes,"Pentacerotidae Bleeker, 1859"
NEW_SPECIES,BM-SPECIES-000195,MBRIS:척추동물:197,사자구,Pentaceros japonicus,Pentaceros japonicus,pentaceros-japonicus,INSERT,draft,pending,25,C,척추동물,Teleostei,Acropomatiformes,"Pentacerotidae Bleeker, 1859"
NEW_SPECIES,BM-SPECIES-000196,MBRIS:척추동물:198,독돔,Banjos banjos,Banjos banjos,banjos-banjos,INSERT,draft,pending,25,C,척추동물,Teleostei,Acropomatiformes,"Banjosidae Jordan & Thompson, 1912"
NEW_SPECIES,BM-SPECIES-000197,MBRIS:척추동물:199,점악어치,Champsodon longipinnis,Champsodon longipinnis,champsodon-longipinnis,INSERT,draft,pending,25,C,척추동물,Teleostei,Acropomatiformes,"Champsodontidae Jordan & Snyder, 1902"
NEW_SPECIES,BM-SPECIES-000198,MBRIS:척추동물:200,악어치,Champsodon snyderi,Champsodon snyderi,champsodon-snyderi,INSERT,draft,pending,25,C,척추동물,Teleostei,Acropomatiformes,"Champsodontidae Jordan & Snyder, 1902"
NEW_SPECIES,BM-SPECIES-000199,MBRIS:척추동물:201,수염동미리,Acanthaphritis barbata,Acanthaphritis barbata,acanthaphritis-barbata,INSERT,draft,pending,25,C,척추동물,Teleostei,Acropomatiformes,"Hemerocoetidae Kaup, 1873"
NEW_SPECIES,BM-SPECIES-000200,MBRIS:척추동물:202,오리부리눈퉁이,Acanthaphritis unoorum,Acanthaphritis unoorum,acanthaphritis-unoorum,INSERT,draft,pending,25,C,척추동물,Teleostei,Acropomatiformes,"Hemerocoetidae Kaup, 1873"
NEW_SPECIES,BM-SPECIES-000201,MBRIS:척추동물:203,노랑띠눈퉁이,Osopsaron formosense,Osopsaron formosense,osopsaron-formosense,INSERT,draft,pending,25,C,척추동물,Teleostei,Acropomatiformes,"Hemerocoetidae Kaup, 1873"
NEW_SPECIES,BM-SPECIES-000202,MBRIS:척추동물:204,실눈퉁이,Pteropsaron evolans,Pteropsaron evolans,pteropsaron-evolans,INSERT,draft,pending,25,C,척추동물,Teleostei,Acropomatiformes,"Hemerocoetidae Kaup, 1873"
NEW_SPECIES,BM-SPECIES-000203,MBRIS:척추동물:205,남방주걱치,Pempheris schwenkii,Pempheris schwenkii,pempheris-schwenkii,INSERT,draft,pending,25,C,척추동물,Teleostei,Acropomatiformes,"Pempheridae Bleeker, 1859"
NEW_SPECIES,BM-SPECIES-000204,MBRIS:척추동물:206,주걱치,Pempheris japonica,Pempheris japonica,pempheris-japonica,INSERT,draft,pending,25,C,척추동물,Teleostei,Acropomatiformes,"Pempheridae Bleeker, 1859"
NEW_SPECIES,BM-SPECIES-000205,MBRIS:척추동물:207,황안어,Parapriacanthus ransonneti,Parapriacanthus ransonneti,parapriacanthus-ransonneti,INSERT,draft,pending,25,C,척추동물,Teleostei,Acropomatiformes,"Pempheridae Bleeker, 1859"
NEW_SPECIES,BM-SPECIES-000206,MBRIS:척추동물:208,눈퉁바리,Malakichthys griseus,Malakichthys griseus,malakichthys-griseus,INSERT,draft,pending,25,C,척추동물,Teleostei,Acropomatiformes,"Malakichthyidae Jordan & Richardson, 1910"
NEW_SPECIES,BM-SPECIES-000207,MBRIS:척추동물:209,은눈퉁바리,Malakichthys elegans,Malakichthys elegans,malakichthys-elegans,INSERT,draft,pending,25,C,척추동물,Teleostei,Acropomatiformes,"Malakichthyidae Jordan & Richardson, 1910"
NEW_SPECIES,BM-SPECIES-000208,MBRIS:척추동물:210,볼기우럭,Malakichthys wakiyae,Malakichthys wakiyae,malakichthys-wakiyae,INSERT,draft,pending,25,C,척추동물,Teleostei,Acropomatiformes,"Malakichthyidae Jordan & Richardson, 1910"
NEW_SPECIES,BM-SPECIES-000209,MBRIS:척추동물:211,필립흙무굴치,Parascombrops philippinensis,Parascombrops philippinensis,parascombrops-philippinensis,INSERT,draft,pending,25,C,척추동물,Teleostei,Acropomatiformes,"Synagropidae Smith, 1961"
NEW_SPECIES,BM-SPECIES-000210,MBRIS:척추동물:212,흙무굴치,Synagrops japonicus,Synagrops japonicus,synagrops-japonicus,INSERT,draft,pending,25,C,척추동물,Teleostei,Acropomatiformes,"Synagropidae Smith, 1961"
NEW_SPECIES,BM-SPECIES-000211,MBRIS:척추동물:213,돗돔,Stereolepis doederleini,Stereolepis doederleini,stereolepis-doederleini,INSERT,draft,pending,25,C,척추동물,Teleostei,Acropomatiformes,"Stereolepididae Smith, Ghedotti & Davis, 2022"
NEW_SPECIES,BM-SPECIES-000212,MBRIS:척추동물:214,다홍게르치,Symphysanodon typus,Symphysanodon typus,symphysanodon-typus,INSERT,draft,pending,25,C,척추동물,Teleostei,Acropomatiformes,"Symphysanodontidae Katayama, 1984"
NEW_SPECIES,BM-SPECIES-000213,MBRIS:척추동물:215,게르치,Scombrops boops,Scombrops boops,scombrops-boops,INSERT,draft,pending,25,C,척추동물,Teleostei,Acropomatiformes,"Scombropidae Gill, 1862"
NEW_SPECIES,BM-SPECIES-000214,MBRIS:척추동물:216,얼룩학치,Pherallodus indicus,Pherallodus indicus,pherallodus-indicus,INSERT,draft,pending,25,C,척추동물,Teleostei,Blenniiformes,"Gobiesocidae Bleeker, 1859"
NEW_SPECIES,BM-SPECIES-000215,MBRIS:척추동물:217,황학치,Aspasmichthys ciconiae,Aspasmichthys ciconiae,aspasmichthys-ciconiae,INSERT,draft,pending,25,C,척추동물,Teleostei,Blenniiformes,"Gobiesocidae Bleeker, 1859"
NEW_SPECIES,BM-SPECIES-000216,MBRIS:척추동물:218,꼬마학치,Kopua minima,Kopua minima,kopua-minima,INSERT,draft,pending,25,C,척추동물,Teleostei,Blenniiformes,"Gobiesocidae Bleeker, 1859"
NEW_SPECIES,BM-SPECIES-000217,MBRIS:척추동물:219,큰입학치,Lepadichthys misakius,Lepadichthys misakius,lepadichthys-misakius,INSERT,draft,pending,25,C,척추동물,Teleostei,Blenniiformes,"Gobiesocidae Bleeker, 1859"
NEW_SPECIES,BM-SPECIES-000218,MBRIS:척추동물:220,큰눈후악치,Stalix toyoshio,Stalix toyoshio,stalix-toyoshio,INSERT,draft,pending,25,C,척추동물,Teleostei,Blenniiformes,"Opistognathidae Bonaparte, 1835"
NEW_SPECIES,BM-SPECIES-000219,MBRIS:척추동물:221,흑점후악치,Opistognathus iyonis,Opistognathus iyonis,opistognathus-iyonis,INSERT,draft,pending,25,C,척추동물,Teleostei,Blenniiformes,"Opistognathidae Bonaparte, 1835"
NEW_SPECIES,BM-SPECIES-000220,MBRIS:척추동물:222,줄후악치,Opistognathus flavidus,Opistognathus flavidus,opistognathus-flavidus,INSERT,draft,pending,25,C,척추동물,Teleostei,Blenniiformes,"Opistognathidae Bonaparte, 1835"
NEW_SPECIES,BM-SPECIES-000222,MBRIS:척추동물:224,청록망상어,Ditrema viride,Ditrema viride,ditrema-viride,INSERT,draft,pending,25,C,척추동물,Teleostei,Blenniiformes,"Embiotocidae Agassiz, 1853"
NEW_SPECIES,BM-SPECIES-000224,MBRIS:척추동물:226,흰꼬리노랑자리돔,Chromis albicauda,Chromis albicauda,chromis-albicauda,INSERT,draft,pending,25,C,척추동물,Teleostei,Blenniiformes,"Pomacentridae Bonaparte, 1831"
NEW_SPECIES,BM-SPECIES-000225,MBRIS:척추동물:227,연무자리돔,Chromis fumea,Chromis fumea,chromis-fumea,INSERT,draft,pending,25,C,척추동물,Teleostei,Blenniiformes,"Pomacentridae Bonaparte, 1831"
NEW_SPECIES,BM-SPECIES-000227,MBRIS:척추동물:229,띠자리돔,Chromis tingting,Chromis tingting,chromis-tingting,INSERT,draft,pending,25,C,척추동물,Teleostei,Blenniiformes,"Pomacentridae Bonaparte, 1831"
NEW_SPECIES,BM-SPECIES-000228,MBRIS:척추동물:230,검은점꼬리자리돔,Chromis weberi,Chromis weberi,chromis-weberi,INSERT,draft,pending,25,C,척추동물,Teleostei,Blenniiformes,"Pomacentridae Bonaparte, 1831"
NEW_SPECIES,BM-SPECIES-000229,MBRIS:척추동물:231,흰동가리,Amphiprion clarkii,Amphiprion clarkii,amphiprion-clarkii,INSERT,draft,pending,25,C,척추동물,Teleostei,Blenniiformes,"Pomacentridae Bonaparte, 1831"
NEW_SPECIES,BM-SPECIES-000230,MBRIS:척추동물:232,검은줄꼬리돔,Abudefduf sexfasciatus,Abudefduf sexfasciatus,abudefduf-sexfasciatus,INSERT,draft,pending,25,C,척추동물,Teleostei,Blenniiformes,"Pomacentridae Bonaparte, 1831"
NEW_SPECIES,BM-SPECIES-000231,MBRIS:척추동물:233,흑줄돔,Abudefduf bengalensis,Abudefduf bengalensis,abudefduf-bengalensis,INSERT,draft,pending,25,C,척추동물,Teleostei,Blenniiformes,"Pomacentridae Bonaparte, 1831"
NEW_SPECIES,BM-SPECIES-000232,MBRIS:척추동물:234,동갈자돔,Abudefduf notatus,Abudefduf notatus,abudefduf-notatus,INSERT,draft,pending,25,C,척추동물,Teleostei,Blenniiformes,"Pomacentridae Bonaparte, 1831"
NEW_SPECIES,BM-SPECIES-000233,MBRIS:척추동물:235,줄자돔,Abudefduf sordidus,Abudefduf sordidus,abudefduf-sordidus,INSERT,draft,pending,25,C,척추동물,Teleostei,Blenniiformes,"Pomacentridae Bonaparte, 1831"
NEW_SPECIES,BM-SPECIES-000234,MBRIS:척추동물:236,해포리고기,Abudefduf vaigiensis,Abudefduf vaigiensis,abudefduf-vaigiensis,INSERT,draft,pending,25,C,척추동물,Teleostei,Blenniiformes,"Pomacentridae Bonaparte, 1831"
NEW_SPECIES,BM-SPECIES-000235,MBRIS:척추동물:237,일곱줄자돔,Abudefduf septemfasciatus,Abudefduf septemfasciatus,abudefduf-septemfasciatus,INSERT,draft,pending,25,C,척추동물,Teleostei,Blenniiformes,"Pomacentridae Bonaparte, 1831"
NEW_SPECIES,BM-SPECIES-000236,MBRIS:척추동물:238,파랑돔,Pomacentrus coelestis,Pomacentrus coelestis,pomacentrus-coelestis,INSERT,draft,pending,25,C,척추동물,Teleostei,Blenniiformes,"Pomacentridae Bonaparte, 1831"
NEW_SPECIES,BM-SPECIES-000237,MBRIS:척추동물:239,나가사끼자리돔,Pomacentrus nagasakiensis,Pomacentrus nagasakiensis,pomacentrus-nagasakiensis,INSERT,draft,pending,25,C,척추동물,Teleostei,Blenniiformes,"Pomacentridae Bonaparte, 1831"
NEW_SPECIES,BM-SPECIES-000238,MBRIS:척추동물:240,줄셋돔,Dascyllus melanurus,Dascyllus melanurus,dascyllus-melanurus,INSERT,draft,pending,25,C,척추동물,Teleostei,Blenniiformes,"Pomacentridae Bonaparte, 1831"
NEW_SPECIES,BM-SPECIES-000239,MBRIS:척추동물:241,샛별돔,Dascyllus trimaculatus,Dascyllus trimaculatus,dascyllus-trimaculatus,INSERT,draft,pending,25,C,척추동물,Teleostei,Blenniiformes,"Pomacentridae Bonaparte, 1831"
NEW_SPECIES,BM-SPECIES-000240,MBRIS:척추동물:242,살자리돔,Plectroglyphidodon altus,Plectroglyphidodon altus,plectroglyphidodon-altus,INSERT,draft,pending,25,C,척추동물,Teleostei,Blenniiformes,"Pomacentridae Bonaparte, 1831"
NEW_SPECIES,BM-SPECIES-000241,MBRIS:척추동물:243,흰꼬리자리돔,Pycnochromis margaritifer,Pycnochromis margaritifer,pycnochromis-margaritifer,INSERT,draft,pending,25,C,척추동물,Teleostei,Blenniiformes,"Pomacentridae Bonaparte, 1831"
NEW_SPECIES,BM-SPECIES-000242,MBRIS:척추동물:244,육돈바리,Plesiops coeruleolineatus,Plesiops coeruleolineatus,plesiops-coeruleolineatus,INSERT,draft,pending,25,C,척추동물,Teleostei,Blenniiformes,"Plesiopidae Günther, 1861"
NEW_SPECIES,BM-SPECIES-000243,MBRIS:척추동물:245,청황베도라치,Springerichthys bapturus,Springerichthys bapturus,springerichthys-bapturus,INSERT,draft,pending,25,C,척추동물,Teleostei,Blenniiformes,"Tripterygiidae Whitley, 1931"
NEW_SPECIES,BM-SPECIES-000244,MBRIS:척추동물:246,가막베도라치,Enneapterygius etheostoma,Enneapterygius etheostoma,enneapterygius-etheostoma,INSERT,draft,pending,25,C,척추동물,Teleostei,Blenniiformes,"Tripterygiidae Whitley, 1931"
NEW_SPECIES,BM-SPECIES-000245,MBRIS:척추동물:247,검은점베도라치,Istiblennius dussumieri,Istiblennius dussumieri,istiblennius-dussumieri,INSERT,draft,pending,25,C,척추동물,Teleostei,Blenniiformes,"Blenniidae Rafinesque, 1810"
NEW_SPECIES,BM-SPECIES-000246,MBRIS:척추동물:248,대강베도라치,Istiblennius edentulus,Istiblennius edentulus,istiblennius-edentulus,INSERT,draft,pending,25,C,척추동물,Teleostei,Blenniiformes,"Blenniidae Rafinesque, 1810"
NEW_SPECIES,BM-SPECIES-000247,MBRIS:척추동물:249,두점베도라치,Petroscirtes springeri,Petroscirtes springeri,petroscirtes-springeri,INSERT,draft,pending,25,C,척추동물,Teleostei,Blenniiformes,"Blenniidae Rafinesque, 1810"
NEW_SPECIES,BM-SPECIES-000248,MBRIS:척추동물:250,개베도라치,Petroscirtes variabilis,Petroscirtes variabilis,petroscirtes-variabilis,INSERT,draft,pending,25,C,척추동물,Teleostei,Blenniiformes,"Blenniidae Rafinesque, 1810"
NEW_SPECIES,BM-SPECIES-000249,MBRIS:척추동물:251,두줄베도라치,Petroscirtes breviceps,Petroscirtes breviceps,petroscirtes-breviceps,INSERT,draft,pending,25,C,척추동물,Teleostei,Blenniiformes,"Blenniidae Rafinesque, 1810"
NEW_SPECIES,BM-SPECIES-000250,MBRIS:척추동물:252,갈기베도라치,Scartella emarginata,Scartella emarginata,scartella-emarginata,INSERT,draft,pending,25,C,척추동물,Teleostei,Blenniiformes,"Blenniidae Rafinesque, 1810"
NEW_SPECIES,BM-SPECIES-000251,MBRIS:척추동물:253,저울베도라치,Entomacrodus stellifer,Entomacrodus stellifer,entomacrodus-stellifer,INSERT,draft,pending,25,C,척추동물,Teleostei,Blenniiformes,"Blenniidae Rafinesque, 1810"
NEW_SPECIES,BM-SPECIES-000252,MBRIS:척추동물:254,청줄베도라치,Plagiotremus rhinorhynchos,Plagiotremus rhinorhynchos,plagiotremus-rhinorhynchos,INSERT,draft,pending,25,C,척추동물,Teleostei,Blenniiformes,"Blenniidae Rafinesque, 1810"
NEW_SPECIES,BM-SPECIES-000253,MBRIS:척추동물:255,앞동갈베도라치,Omobranchus elegans,Omobranchus elegans,omobranchus-elegans,INSERT,draft,pending,25,C,척추동물,Teleostei,Blenniiformes,"Blenniidae Rafinesque, 1810"
NEW_SPECIES,BM-SPECIES-000254,MBRIS:척추동물:256,구름베도라치,Omobranchus loxozonus,Omobranchus loxozonus,omobranchus-loxozonus,INSERT,draft,pending,25,C,척추동물,Teleostei,Blenniiformes,"Blenniidae Rafinesque, 1810"
NEW_SPECIES,BM-SPECIES-000255,MBRIS:척추동물:257,골베도라치,Omobranchus punctatus,Omobranchus punctatus,omobranchus-punctatus,INSERT,draft,pending,25,C,척추동물,Teleostei,Blenniiformes,"Blenniidae Rafinesque, 1810"
NEW_SPECIES,BM-SPECIES-000256,MBRIS:척추동물:258,뿔베도라치,Omobranchus fasciolatoceps,Omobranchus fasciolatoceps,omobranchus-fasciolatoceps,INSERT,draft,pending,25,C,척추동물,Teleostei,Blenniiformes,"Blenniidae Rafinesque, 1810"
NEW_SPECIES,BM-SPECIES-000257,MBRIS:척추동물:259,노랑꼬리베도라치,Ecsenius namiyei,Ecsenius namiyei,ecsenius-namiyei,INSERT,draft,pending,25,C,척추동물,Teleostei,Blenniiformes,"Blenniidae Rafinesque, 1810"
NEW_SPECIES,BM-SPECIES-000258,MBRIS:척추동물:260,갈치베도라치,Xiphasia setifer,Xiphasia setifer,xiphasia-setifer,INSERT,draft,pending,25,C,척추동물,Teleostei,Blenniiformes,"Blenniidae Rafinesque, 1810"
NEW_SPECIES,BM-SPECIES-000259,MBRIS:척추동물:261,청베도라치,Parablennius yatabei,Parablennius yatabei,parablennius-yatabei,INSERT,draft,pending,25,C,척추동물,Teleostei,Blenniiformes,"Blenniidae Rafinesque, 1810"
NEW_SPECIES,BM-SPECIES-000260,MBRIS:척추동물:262,흰점베도라치,Rhabdoblennius nitidus,Rhabdoblennius nitidus,rhabdoblennius-nitidus,INSERT,draft,pending,25,C,척추동물,Teleostei,Blenniiformes,"Blenniidae Rafinesque, 1810"
NEW_SPECIES,BM-SPECIES-000261,MBRIS:척추동물:263,동해비늘베도라치,Neoclinus chihiroe,Neoclinus chihiroe,neoclinus-chihiroe,INSERT,draft,pending,25,C,척추동물,Teleostei,Blenniiformes,"Chaenopsidae Gill, 1865"
NEW_SPECIES,BM-SPECIES-000262,MBRIS:척추동물:264,얼룩비늘베도라치,Neoclinus lacunicola,Neoclinus lacunicola,neoclinus-lacunicola,INSERT,draft,pending,25,C,척추동물,Teleostei,Blenniiformes,"Chaenopsidae Gill, 1865"
NEW_SPECIES,BM-SPECIES-000263,MBRIS:척추동물:265,짧은털비늘베도라치,Neoclinus nudiceps,Neoclinus nudiceps,neoclinus-nudiceps,INSERT,draft,pending,25,C,척추동물,Teleostei,Blenniiformes,"Chaenopsidae Gill, 1865"
NEW_SPECIES,BM-SPECIES-000264,MBRIS:척추동물:266,비늘베도라치,Neoclinus bryope,Neoclinus bryope,neoclinus-bryope,INSERT,draft,pending,25,C,척추동물,Teleostei,Blenniiformes,"Chaenopsidae Gill, 1865"
NEW_SPECIES,BM-SPECIES-000265,MBRIS:척추동물:267,무늬깜정이,Kyphosus bigibbus,Kyphosus bigibbus,kyphosus-bigibbus,INSERT,draft,pending,25,C,척추동물,Teleostei,Centrarchiformes,"Kyphosidae Jordan, 1887"
NEW_SPECIES,BM-SPECIES-000266,MBRIS:척추동물:268,무늬갈돔,Kyphosus cinerascens,Kyphosus cinerascens,kyphosus-cinerascens,INSERT,draft,pending,25,C,척추동물,Teleostei,Centrarchiformes,"Kyphosidae Jordan, 1887"
NEW_SPECIES,BM-SPECIES-000267,MBRIS:척추동물:269,황줄깜정이,Kyphosus vaigiensis,Kyphosus vaigiensis,kyphosus-vaigiensis,INSERT,draft,pending,25,C,척추동물,Teleostei,Centrarchiformes,"Kyphosidae Jordan, 1887"
NEW_SPECIES,BM-SPECIES-000268,MBRIS:척추동물:270,줄벤자리,Rhynchopelates oxyrhynchus,Rhynchopelates oxyrhynchus,rhynchopelates-oxyrhynchus,INSERT,draft,pending,25,C,척추동물,Teleostei,Centrarchiformes,"Terapontidae Richardson, 1842"
NEW_SPECIES,BM-SPECIES-000269,MBRIS:척추동물:271,네줄벤자리,Terapon theraps,Terapon theraps,terapon-theraps,INSERT,draft,pending,25,C,척추동물,Teleostei,Centrarchiformes,"Terapontidae Richardson, 1842"
NEW_SPECIES,BM-SPECIES-000270,MBRIS:척추동물:272,살벤자리,Terapon jarbua,Terapon jarbua,terapon-jarbua,INSERT,draft,pending,25,C,척추동물,Teleostei,Centrarchiformes,"Terapontidae Richardson, 1842"
NEW_SPECIES,BM-SPECIES-000271,MBRIS:척추동물:273,은잉어,Kuhlia mugil,Kuhlia mugil,kuhlia-mugil,INSERT,draft,pending,25,C,척추동물,Teleostei,Centrarchiformes,"Kuhliidae Jordan & Evermann, 1896"
NEW_SPECIES,BM-SPECIES-000272,MBRIS:척추동물:274,알롱잉어,Kuhlia marginata,Kuhlia marginata,kuhlia-marginata,INSERT,draft,pending,25,C,척추동물,Teleostei,Centrarchiformes,"Kuhliidae Jordan & Evermann, 1896"
NEW_SPECIES,BM-SPECIES-000273,MBRIS:척추동물:275,무늬가시돔,Cirrhitichthys aprinus,Cirrhitichthys aprinus,cirrhitichthys-aprinus,INSERT,draft,pending,25,C,척추동물,Teleostei,Centrarchiformes,"Cirrhitidae Macleay, 1841"
NEW_SPECIES,BM-SPECIES-000274,MBRIS:척추동물:276,황붉돔,Cirrhitichthys aureus,Cirrhitichthys aureus,cirrhitichthys-aureus,INSERT,draft,pending,25,C,척추동물,Teleostei,Centrarchiformes,"Cirrhitidae Macleay, 1841"
NEW_SPECIES,BM-SPECIES-000275,MBRIS:척추동물:277,아홉동가리,Goniistius zonatus,Goniistius zonatus,goniistius-zonatus,INSERT,draft,pending,25,C,척추동물,Teleostei,Centrarchiformes,"Latridae Gill, 1862"
NEW_SPECIES,BM-SPECIES-000276,MBRIS:척추동물:278,여덟동가리,Goniistius quadricornis,Goniistius quadricornis,goniistius-quadricornis,INSERT,draft,pending,25,C,척추동물,Teleostei,Centrarchiformes,"Latridae Gill, 1862"
NEW_SPECIES,BM-SPECIES-000281,MBRIS:척추동물:283,양벵에돔,Girella mezina,Girella mezina,girella-mezina,INSERT,draft,pending,25,C,척추동물,Teleostei,Centrarchiformes,"Girellidae Gill, 1862"
NEW_SPECIES,BM-SPECIES-000282,MBRIS:척추동물:284,범돔,Microcanthus strigatus,Microcanthus strigatus,microcanthus-strigatus,INSERT,draft,pending,25,C,척추동물,Teleostei,Centrarchiformes,"Microcanthidae Bleeker, 1876"
NEW_SPECIES,BM-SPECIES-000283,MBRIS:척추동물:285,황조어,Labracoglossa argenteiventris,Labracoglossa argenteiventris,labracoglossa-argenteiventris,INSERT,draft,pending,25,C,척추동물,Teleostei,Centrarchiformes,"Scorpididae Günther, 1860"
NEW_SPECIES,BM-SPECIES-000285,MBRIS:척추동물:287,남방무늬망둑,Bathygobius hongkongensis,Bathygobius hongkongensis,bathygobius-hongkongensis,INSERT,draft,pending,25,C,척추동물,Teleostei,Gobiiformes 망둑어목,"Gobiidae Cuvier, 1816"
NEW_SPECIES,BM-SPECIES-000286,MBRIS:척추동물:288,얼룩무늬망둑,Bathygobius cyclopterus,Bathygobius cyclopterus,bathygobius-cyclopterus,INSERT,draft,pending,25,C,척추동물,Teleostei,Gobiiformes 망둑어목,"Gobiidae Cuvier, 1816"
NEW_SPECIES,BM-SPECIES-000287,MBRIS:척추동물:289,비늘무늬망둑,Bathygobius cotticeps,Bathygobius cotticeps,bathygobius-cotticeps,INSERT,draft,pending,25,C,척추동물,Teleostei,Gobiiformes 망둑어목,"Gobiidae Cuvier, 1816"
NEW_SPECIES,BM-SPECIES-000288,MBRIS:척추동물:290,흰점무늬망둑,Bathygobius coalitus,Bathygobius coalitus,bathygobius-coalitus,INSERT,draft,pending,25,C,척추동물,Teleostei,Gobiiformes 망둑어목,"Gobiidae Cuvier, 1816"
NEW_SPECIES,BM-SPECIES-000289,MBRIS:척추동물:291,청별망둑,Asterropteryx semipunctata,Asterropteryx semipunctata,asterropteryx-semipunctata,INSERT,draft,pending,25,C,척추동물,Teleostei,Gobiiformes 망둑어목,"Gobiidae Cuvier, 1816"
NEW_SPECIES,BM-SPECIES-000290,MBRIS:척추동물:292,검은반점망둑,Glossogobius olivaceus,Glossogobius olivaceus,glossogobius-olivaceus,INSERT,draft,pending,25,C,척추동물,Teleostei,Gobiiformes 망둑어목,"Gobiidae Cuvier, 1816"
NEW_SPECIES,BM-SPECIES-000291,MBRIS:척추동물:293,실망둑,Myersina filifer,Myersina filifer,myersina-filifer,INSERT,draft,pending,25,C,척추동물,Teleostei,Gobiiformes 망둑어목,"Gobiidae Cuvier, 1816"
NEW_SPECIES,BM-SPECIES-000292,MBRIS:척추동물:294,비단망둑,Istigobius hoshinonis,Istigobius hoshinonis,istigobius-hoshinonis,INSERT,draft,pending,25,C,척추동물,Teleostei,Gobiiformes 망둑어목,"Gobiidae Cuvier, 1816"
NEW_SPECIES,BM-SPECIES-000293,MBRIS:척추동물:295,사자코망둑,Istigobius campbelli,Istigobius campbelli,istigobius-campbelli,INSERT,draft,pending,25,C,척추동물,Teleostei,Gobiiformes 망둑어목,"Gobiidae Cuvier, 1816"
NEW_SPECIES,BM-SPECIES-000294,MBRIS:척추동물:296,빨갱이,Paratrypauchen microcephalus,Paratrypauchen microcephalus,paratrypauchen-microcephalus,INSERT,draft,pending,25,C,척추동물,Teleostei,Gobiiformes 망둑어목,"Gobiidae Cuvier, 1816"
NEW_SPECIES,BM-SPECIES-000295,MBRIS:척추동물:297,날개망둑,Favonigobius gymnauchen,Favonigobius gymnauchen,favonigobius-gymnauchen,INSERT,draft,pending,25,C,척추동물,Teleostei,Gobiiformes 망둑어목,"Gobiidae Cuvier, 1816"
NEW_SPECIES,BM-SPECIES-000296,MBRIS:척추동물:298,황줄날개망둑,Favonigobius reichei,Favonigobius reichei,favonigobius-reichei,INSERT,draft,pending,25,C,척추동물,Teleostei,Gobiiformes 망둑어목,"Gobiidae Cuvier, 1816"
NEW_SPECIES,BM-SPECIES-000297,MBRIS:척추동물:299,꼬마청황,Parioglossus dotui,Parioglossus dotui,parioglossus-dotui,INSERT,draft,pending,25,C,척추동물,Teleostei,Gobiiformes 망둑어목,"Gobiidae Cuvier, 1816"
NEW_SPECIES,BM-SPECIES-000298,MBRIS:척추동물:300,풀비늘망둑,Eviota abax,Eviota abax,eviota-abax,INSERT,draft,pending,25,C,척추동물,Teleostei,Gobiiformes 망둑어목,"Gobiidae Cuvier, 1816"
NEW_SPECIES,BM-SPECIES-000299,MBRIS:척추동물:301,두건망둑,Eviota epiphanes,Eviota epiphanes,eviota-epiphanes,INSERT,draft,pending,25,C,척추동물,Teleostei,Gobiiformes 망둑어목,"Gobiidae Cuvier, 1816"
NEW_SPECIES,BM-SPECIES-000300,MBRIS:척추동물:302,남방풀비늘망둑,Eviota prasina,Eviota prasina,eviota-prasina,INSERT,draft,pending,25,C,척추동물,Teleostei,Gobiiformes 망둑어목,"Gobiidae Cuvier, 1816"
NEW_SPECIES,BM-SPECIES-000301,MBRIS:척추동물:303,독도풀비늘망둑,Eviota masudai,Eviota masudai,eviota-masudai,INSERT,draft,pending,25,C,척추동물,Teleostei,Gobiiformes 망둑어목,"Gobiidae Cuvier, 1816"
NEW_SPECIES,BM-SPECIES-000302,MBRIS:척추동물:304,흑점풀비늘망둑,Eviota melasma,Eviota melasma,eviota-melasma,INSERT,draft,pending,25,C,척추동물,Teleostei,Gobiiformes 망둑어목,"Gobiidae Cuvier, 1816"
NEW_SPECIES,BM-SPECIES-000303,MBRIS:척추동물:305,흰동갈망둑,Priolepis boreus,Priolepis boreus,priolepis-boreus,INSERT,draft,pending,25,C,척추동물,Teleostei,Gobiiformes 망둑어목,"Gobiidae Cuvier, 1816"
NEW_SPECIES,BM-SPECIES-000304,MBRIS:척추동물:306,깊은바다노란띠망둑,Obliquogobius yamadai,Obliquogobius yamadai,obliquogobius-yamadai,INSERT,draft,pending,25,C,척추동물,Teleostei,Gobiiformes 망둑어목,"Gobiidae Cuvier, 1816"
NEW_SPECIES,BM-SPECIES-000305,MBRIS:척추동물:307,두줄복기망둑,Valenciennea helsdingenii,Valenciennea helsdingenii,valenciennea-helsdingenii,INSERT,draft,pending,25,C,척추동물,Teleostei,Gobiiformes 망둑어목,"Gobiidae Cuvier, 1816"
NEW_SPECIES,BM-SPECIES-000306,MBRIS:척추동물:308,갈색띠복기망둑,Valenciennea wardii,Valenciennea wardii,valenciennea-wardii,INSERT,draft,pending,25,C,척추동물,Teleostei,Gobiiformes 망둑어목,"Gobiidae Cuvier, 1816"
NEW_SPECIES,BM-SPECIES-000307,MBRIS:척추동물:309,주름망둑,Callogobius shunkan,Callogobius shunkan,callogobius-shunkan,INSERT,draft,pending,25,C,척추동물,Teleostei,Gobiiformes 망둑어목,"Gobiidae Cuvier, 1816"
NEW_SPECIES,BM-SPECIES-000308,MBRIS:척추동물:310,꼬마줄망둑,Trimma grammistes,Trimma grammistes,trimma-grammistes,INSERT,draft,pending,25,C,척추동물,Teleostei,Gobiiformes 망둑어목,"Gobiidae Cuvier, 1816"
NEW_SPECIES,BM-SPECIES-000309,MBRIS:척추동물:311,줄망둑,Acentrogobius pflaumii,Acentrogobius pflaumii,acentrogobius-pflaumii,INSERT,draft,pending,25,C,척추동물,Teleostei,Gobiiformes 망둑어목,"Gobiidae Cuvier, 1816"
NEW_SPECIES,BM-SPECIES-000310,MBRIS:척추동물:312,점줄망둑,Acentrogobius pellidebilis,Acentrogobius pellidebilis,acentrogobius-pellidebilis,INSERT,draft,pending,25,C,척추동물,Teleostei,Gobiiformes 망둑어목,"Gobiidae Cuvier, 1816"
NEW_SPECIES,BM-SPECIES-000311,MBRIS:척추동물:313,붉은동갈새우붙이망둑,Amblyeleotris japonica,Amblyeleotris japonica,amblyeleotris-japonica,INSERT,draft,pending,25,C,척추동물,Teleostei,Gobiiformes 망둑어목,"Gobiidae Cuvier, 1816"
NEW_SPECIES,BM-SPECIES-000312,MBRIS:척추동물:314,청황문절,Ptereleotris hanae,Ptereleotris hanae,ptereleotris-hanae,INSERT,draft,pending,25,C,척추동물,Teleostei,Gobiiformes 망둑어목,"Gobiidae Cuvier, 1816"
NEW_SPECIES,BM-SPECIES-000313,MBRIS:척추동물:315,흑꼬리청황문절,Ptereleotris heteroptera,Ptereleotris heteroptera,ptereleotris-heteroptera,INSERT,draft,pending,25,C,척추동물,Teleostei,Gobiiformes 망둑어목,"Gobiidae Cuvier, 1816"
NEW_SPECIES,BM-SPECIES-000314,MBRIS:척추동물:316,가막청황문절,Ptereleotris evides,Ptereleotris evides,ptereleotris-evides,INSERT,draft,pending,25,C,척추동물,Teleostei,Gobiiformes 망둑어목,"Gobiidae Cuvier, 1816"
NEW_SPECIES,BM-SPECIES-000315,MBRIS:척추동물:317,검은구굴무치,Eleotris acanthopomus,Eleotris acanthopomus,eleotris-acanthopomus,INSERT,draft,pending,25,C,척추동물,Teleostei,Gobiiformes 망둑어목,"Eleotridae Bonaparte, 1835"
NEW_SPECIES,BM-SPECIES-000316,MBRIS:척추동물:318,구굴무치,Eleotris oxycephala,Eleotris oxycephala,eleotris-oxycephala,INSERT,draft,pending,25,C,척추동물,Teleostei,Gobiiformes 망둑어목,"Eleotridae Bonaparte, 1835"
NEW_SPECIES,BM-SPECIES-000317,MBRIS:척추동물:319,발기,Perccottus glenii,Perccottus glenii,perccottus-glenii,INSERT,draft,pending,25,C,척추동물,Teleostei,Gobiiformes 망둑어목,"Odontobutidae Hoese & Gill, 1993"
NEW_SPECIES,BM-SPECIES-000318,MBRIS:척추동물:320,민동갈돔,Gymnapogon japonicus,Gymnapogon japonicus,gymnapogon-japonicus,INSERT,draft,pending,25,C,척추동물,Teleostei,Gobiiformes 망둑어목,"Apogonidae Günther, 1859"
NEW_SPECIES,BM-SPECIES-000319,MBRIS:척추동물:321,세줄얼게비늘,Ostorhinchus doederleini,Ostorhinchus doederleini,ostorhinchus-doederleini,INSERT,draft,pending,25,C,척추동물,Teleostei,Gobiiformes 망둑어목,"Apogonidae Günther, 1859"
NEW_SPECIES,BM-SPECIES-000320,MBRIS:척추동물:322,큰줄얼게비늘,Ostorhinchus kiensis,Ostorhinchus kiensis,ostorhinchus-kiensis,INSERT,draft,pending,25,C,척추동물,Teleostei,Gobiiformes 망둑어목,"Apogonidae Günther, 1859"
NEW_SPECIES,BM-SPECIES-000321,MBRIS:척추동물:323,금줄얼게비늘,Ostorhinchus cyanosoma,Ostorhinchus cyanosoma,ostorhinchus-cyanosoma,INSERT,draft,pending,25,C,척추동물,Teleostei,Gobiiformes 망둑어목,"Apogonidae Günther, 1859"
NEW_SPECIES,BM-SPECIES-000322,MBRIS:척추동물:324,점동갈돔,Ostorhinchus notatus,Ostorhinchus notatus,ostorhinchus-notatus,INSERT,draft,pending,25,C,척추동물,Teleostei,Gobiiformes 망둑어목,"Apogonidae Günther, 1859"
NEW_SPECIES,BM-SPECIES-000323,MBRIS:척추동물:325,줄도화돔,Ostorhinchus semilineatus,Ostorhinchus semilineatus,ostorhinchus-semilineatus,INSERT,draft,pending,25,C,척추동물,Teleostei,Gobiiformes 망둑어목,"Apogonidae Günther, 1859"
NEW_SPECIES,BM-SPECIES-000324,MBRIS:척추동물:326,다섯줄얼게비늘,Ostorhinchus cookii,Ostorhinchus cookii,ostorhinchus-cookii,INSERT,draft,pending,25,C,척추동물,Teleostei,Gobiiformes 망둑어목,"Apogonidae Günther, 1859"
NEW_SPECIES,BM-SPECIES-000325,MBRIS:척추동물:327,줄동갈돔,Ostorhinchus endekataenia,Ostorhinchus endekataenia,ostorhinchus-endekataenia,INSERT,draft,pending,25,C,척추동물,Teleostei,Gobiiformes 망둑어목,"Apogonidae Günther, 1859"
NEW_SPECIES,BM-SPECIES-000326,MBRIS:척추동물:328,꽃동갈돔,Ostorhinchus fleurieu,Ostorhinchus fleurieu,ostorhinchus-fleurieu,INSERT,draft,pending,25,C,척추동물,Teleostei,Gobiiformes 망둑어목,"Apogonidae Günther, 1859"
NEW_SPECIES,BM-SPECIES-000327,MBRIS:척추동물:329,검은두줄붉은동갈돔,Apogon semiornatus,Apogon semiornatus,apogon-semiornatus,INSERT,draft,pending,25,C,척추동물,Teleostei,Gobiiformes 망둑어목,"Apogonidae Günther, 1859"
NEW_SPECIES,BM-SPECIES-000328,MBRIS:척추동물:330,붉은얼게비늘,Apogon coccineus,Apogon coccineus,apogon-coccineus,INSERT,draft,pending,25,C,척추동물,Teleostei,Gobiiformes 망둑어목,"Apogonidae Günther, 1859"
NEW_SPECIES,BM-SPECIES-000329,MBRIS:척추동물:331,진홍얼게비늘,Apogon unicolor,Apogon unicolor,apogon-unicolor,INSERT,draft,pending,25,C,척추동물,Teleostei,Gobiiformes 망둑어목,"Apogonidae Günther, 1859"
NEW_SPECIES,BM-SPECIES-000330,MBRIS:척추동물:332,큰눈얼게비늘,Apogon erythrinus,Apogon erythrinus,apogon-erythrinus,INSERT,draft,pending,25,C,척추동물,Teleostei,Gobiiformes 망둑어목,"Apogonidae Günther, 1859"
NEW_SPECIES,BM-SPECIES-000331,MBRIS:척추동물:333,먹얼게비늘,Apogonichthyoides niger,Apogonichthyoides niger,apogonichthyoides-niger,INSERT,draft,pending,25,C,척추동물,Teleostei,Gobiiformes 망둑어목,"Apogonidae Günther, 1859"
NEW_SPECIES,BM-SPECIES-000332,MBRIS:척추동물:334,두동갈얼게비늘,Apogonichthyoides cathetogramma,Apogonichthyoides cathetogramma,apogonichthyoides-cathetogramma,INSERT,draft,pending,25,C,척추동물,Teleostei,Gobiiformes 망둑어목,"Apogonidae Günther, 1859"
NEW_SPECIES,BM-SPECIES-000333,MBRIS:척추동물:335,열동가리돔,Jaydia lineata,Jaydia lineata,jaydia-lineata,INSERT,draft,pending,25,C,척추동물,Teleostei,Gobiiformes 망둑어목,"Apogonidae Günther, 1859"
NEW_SPECIES,BM-SPECIES-000334,MBRIS:척추동물:336,먹테얼게비늘,Jaydia carinata,Jaydia carinata,jaydia-carinata,INSERT,draft,pending,25,C,척추동물,Teleostei,Gobiiformes 망둑어목,"Apogonidae Günther, 1859"
NEW_SPECIES,BM-SPECIES-000335,MBRIS:척추동물:337,꼬마망둑,Inu koma,Inu koma,inu-koma,INSERT,draft,pending,25,C,척추동물,Teleostei,Gobiiformes 망둑어목,"Oxudercidae Günther, 1861"
NEW_SPECIES,BM-SPECIES-000336,MBRIS:척추동물:338,왜미끈망둑,Inu saikaiensis,Inu saikaiensis,inu-saikaiensis,INSERT,draft,pending,25,C,척추동물,Teleostei,Gobiiformes 망둑어목,"Oxudercidae Günther, 1861"
NEW_SPECIES,BM-SPECIES-000337,MBRIS:척추동물:339,왜풀망둑,Acanthogobius elongatus,Acanthogobius elongatus,acanthogobius-elongatus,INSERT,draft,pending,25,C,척추동물,Teleostei,Gobiiformes 망둑어목,"Oxudercidae Günther, 1861"
NEW_SPECIES,BM-SPECIES-000340,MBRIS:척추동물:342,흰발망둑,Acanthogobius lactipes,Acanthogobius lactipes,acanthogobius-lactipes,INSERT,draft,pending,25,C,척추동물,Teleostei,Gobiiformes 망둑어목,"Oxudercidae Günther, 1861"
NEW_SPECIES,BM-SPECIES-000341,MBRIS:척추동물:343,비늘흰발망둑,Acanthogobius luridus,Acanthogobius luridus,acanthogobius-luridus,INSERT,draft,pending,25,C,척추동물,Teleostei,Gobiiformes 망둑어목,"Oxudercidae Günther, 1861"
NEW_SPECIES,BM-SPECIES-000342,MBRIS:척추동물:344,숨이망둑,Apocryptodon punctatus,Apocryptodon punctatus,apocryptodon-punctatus,INSERT,draft,pending,25,C,척추동물,Teleostei,Gobiiformes 망둑어목,"Oxudercidae Günther, 1861"
NEW_SPECIES,BM-SPECIES-000343,MBRIS:척추동물:345,흰점왜망둑,Clariger chionomaculatus,Clariger chionomaculatus,clariger-chionomaculatus,INSERT,draft,pending,25,C,척추동물,Teleostei,Gobiiformes 망둑어목,"Oxudercidae Günther, 1861"
NEW_SPECIES,BM-SPECIES-000344,MBRIS:척추동물:346,왜망둑,Clariger cosmurus,Clariger cosmurus,clariger-cosmurus,INSERT,draft,pending,25,C,척추동물,Teleostei,Gobiiformes 망둑어목,"Oxudercidae Günther, 1861"
NEW_SPECIES,BM-SPECIES-000345,MBRIS:척추동물:347,수염왜망둑,Clariger papillosus,Clariger papillosus,clariger-papillosus,INSERT,draft,pending,25,C,척추동물,Teleostei,Gobiiformes 망둑어목,"Oxudercidae Günther, 1861"
NEW_SPECIES,BM-SPECIES-000347,MBRIS:척추동물:349,수염문절,Amblychaeturichthys sciistius,Amblychaeturichthys sciistius,amblychaeturichthys-sciistius,INSERT,draft,pending,25,C,척추동물,Teleostei,Gobiiformes 망둑어목,"Oxudercidae Günther, 1861"
NEW_SPECIES,BM-SPECIES-000348,MBRIS:척추동물:350,독도얼룩망둑,Astrabe fasciata,Astrabe fasciata,astrabe-fasciata,INSERT,draft,pending,25,C,척추동물,Teleostei,Gobiiformes 망둑어목,"Oxudercidae Günther, 1861"
NEW_SPECIES,BM-SPECIES-000349,MBRIS:척추동물:351,모치망둑,Mugilogobius abei,Mugilogobius abei,mugilogobius-abei,INSERT,draft,pending,25,C,척추동물,Teleostei,Gobiiformes 망둑어목,"Oxudercidae Günther, 1861"
NEW_SPECIES,BM-SPECIES-000350,MBRIS:척추동물:352,제주모치망둑,Mugilogobius notospilus,Mugilogobius notospilus,mugilogobius-notospilus,INSERT,draft,pending,25,C,척추동물,Teleostei,Gobiiformes 망둑어목,"Oxudercidae Günther, 1861"
NEW_SPECIES,BM-SPECIES-000352,MBRIS:척추동물:354,민물검정망둑,Tridentiger brevispinis,Tridentiger brevispinis,tridentiger-brevispinis,INSERT,draft,pending,25,C,척추동물,Teleostei,Gobiiformes 망둑어목,"Oxudercidae Günther, 1861"
NEW_SPECIES,BM-SPECIES-000353,MBRIS:척추동물:355,아작망둑,Tridentiger barbatus,Tridentiger barbatus,tridentiger-barbatus,INSERT,draft,pending,25,C,척추동물,Teleostei,Gobiiformes 망둑어목,"Oxudercidae Günther, 1861"
NEW_SPECIES,BM-SPECIES-000354,MBRIS:척추동물:356,민물두줄망둑,Tridentiger bifasciatus,Tridentiger bifasciatus,tridentiger-bifasciatus,INSERT,draft,pending,25,C,척추동물,Teleostei,Gobiiformes 망둑어목,"Oxudercidae Günther, 1861"
NEW_SPECIES,BM-SPECIES-000355,MBRIS:척추동물:357,황줄망둑,Tridentiger nudicervicus,Tridentiger nudicervicus,tridentiger-nudicervicus,INSERT,draft,pending,25,C,척추동물,Teleostei,Gobiiformes 망둑어목,"Oxudercidae Günther, 1861"
NEW_SPECIES,BM-SPECIES-000357,MBRIS:척추동물:359,가는살망둑,Gymnogobius cylindricus,Gymnogobius cylindricus,gymnogobius-cylindricus,INSERT,draft,pending,25,C,척추동물,Teleostei,Gobiiformes 망둑어목,"Oxudercidae Günther, 1861"
NEW_SPECIES,BM-SPECIES-000358,MBRIS:척추동물:360,무늬꾹저구,Gymnogobius opperiens,Gymnogobius opperiens,gymnogobius-opperiens,INSERT,draft,pending,25,C,척추동물,Teleostei,Gobiiformes 망둑어목,"Oxudercidae Günther, 1861"
NEW_SPECIES,BM-SPECIES-000359,MBRIS:척추동물:361,꾹저구,Gymnogobius urotaenia,Gymnogobius urotaenia,gymnogobius-urotaenia,INSERT,draft,pending,25,C,척추동물,Teleostei,Gobiiformes 망둑어목,"Oxudercidae Günther, 1861"
NEW_SPECIES,BM-SPECIES-000360,MBRIS:척추동물:362,검정꾹저구,Gymnogobius petschiliensis,Gymnogobius petschiliensis,gymnogobius-petschiliensis,INSERT,draft,pending,25,C,척추동물,Teleostei,Gobiiformes 망둑어목,"Oxudercidae Günther, 1861"
NEW_SPECIES,BM-SPECIES-000361,MBRIS:척추동물:363,날망둑,Gymnogobius breunigii,Gymnogobius breunigii,gymnogobius-breunigii,INSERT,draft,pending,25,C,척추동물,Teleostei,Gobiiformes 망둑어목,"Oxudercidae Günther, 1861"
NEW_SPECIES,BM-SPECIES-000363,MBRIS:척추동물:365,왜꾹저구,Gymnogobius macrognathos,Gymnogobius macrognathos,gymnogobius-macrognathos,INSERT,draft,pending,25,C,척추동물,Teleostei,Gobiiformes 망둑어목,"Oxudercidae Günther, 1861"
NEW_SPECIES,BM-SPECIES-000364,MBRIS:척추동물:366,얼룩망둑,Gymnogobius mororanus,Gymnogobius mororanus,gymnogobius-mororanus,INSERT,draft,pending,25,C,척추동물,Teleostei,Gobiiformes 망둑어목,"Oxudercidae Günther, 1861"
NEW_SPECIES,BM-SPECIES-000365,MBRIS:척추동물:367,동해날망둑,Gymnogobius taranetzi,Gymnogobius taranetzi,gymnogobius-taranetzi,INSERT,draft,pending,25,C,척추동물,Teleostei,Gobiiformes 망둑어목,"Oxudercidae Günther, 1861"
NEW_SPECIES,BM-SPECIES-000366,MBRIS:척추동물:368,줄무늬살망둑,Gymnogobius scrobiculatus,Gymnogobius scrobiculatus,gymnogobius-scrobiculatus,INSERT,draft,pending,25,C,척추동물,Teleostei,Gobiiformes 망둑어목,"Oxudercidae Günther, 1861"
NEW_SPECIES,BM-SPECIES-000367,MBRIS:척추동물:369,점박이망둑,Redigobius bikolanus,Redigobius bikolanus,redigobius-bikolanus,INSERT,draft,pending,25,C,척추동물,Teleostei,Gobiiformes 망둑어목,"Oxudercidae Günther, 1861"
NEW_SPECIES,BM-SPECIES-000368,MBRIS:척추동물:370,댕기망둑,Eutaeniichthys gilli,Eutaeniichthys gilli,eutaeniichthys-gilli,INSERT,draft,pending,25,C,척추동물,Teleostei,Gobiiformes 망둑어목,"Oxudercidae Günther, 1861"
NEW_SPECIES,BM-SPECIES-000369,MBRIS:척추동물:371,말뚝망둥어,Periophthalmus modestus,Periophthalmus modestus,periophthalmus-modestus,INSERT,draft,pending,25,C,척추동물,Teleostei,Gobiiformes 망둑어목,"Oxudercidae Günther, 1861"
NEW_SPECIES,BM-SPECIES-000370,MBRIS:척추동물:372,큰볏말뚝망둥어,Periophthalmus magnuspinnatus,Periophthalmus magnuspinnatus,periophthalmus-magnuspinnatus,INSERT,draft,pending,25,C,척추동물,Teleostei,Gobiiformes 망둑어목,"Oxudercidae Günther, 1861"
NEW_SPECIES,BM-SPECIES-000371,MBRIS:척추동물:373,남방짱뚱어,Scartelaos gigas,Scartelaos gigas,scartelaos-gigas,INSERT,draft,pending,25,C,척추동물,Teleostei,Gobiiformes 망둑어목,"Oxudercidae Günther, 1861"
NEW_SPECIES,BM-SPECIES-000372,MBRIS:척추동물:374,미끈망둑,Luciogobius guttatus,Luciogobius guttatus,luciogobius-guttatus,INSERT,draft,pending,25,C,척추동물,Teleostei,Gobiiformes 망둑어목,"Oxudercidae Günther, 1861"
NEW_SPECIES,BM-SPECIES-000373,MBRIS:척추동물:375,납작미끈망둑,Luciogobius platycephalus,Luciogobius platycephalus,luciogobius-platycephalus,INSERT,draft,pending,25,C,척추동물,Teleostei,Gobiiformes 망둑어목,"Oxudercidae Günther, 1861"
NEW_SPECIES,BM-SPECIES-000374,MBRIS:척추동물:376,가는미끈망둑,Luciogobius elongatus,Luciogobius elongatus,luciogobius-elongatus,INSERT,draft,pending,25,C,척추동물,Teleostei,Gobiiformes 망둑어목,"Oxudercidae Günther, 1861"
NEW_SPECIES,BM-SPECIES-000375,MBRIS:척추동물:377,검정미끈망둑,Luciogobius martellii,Luciogobius martellii,luciogobius-martellii,INSERT,draft,pending,25,C,척추동물,Teleostei,Gobiiformes 망둑어목,"Oxudercidae Günther, 1861"
NEW_SPECIES,BM-SPECIES-000376,MBRIS:척추동물:378,큰미끈망둑,Luciogobius grandis,Luciogobius grandis,luciogobius-grandis,INSERT,draft,pending,25,C,척추동물,Teleostei,Gobiiformes 망둑어목,"Oxudercidae Günther, 1861"
NEW_SPECIES,BM-SPECIES-000377,MBRIS:척추동물:379,주홍미끈망둑,Luciogobius pallidus,Luciogobius pallidus,luciogobius-pallidus,INSERT,draft,pending,25,C,척추동물,Teleostei,Gobiiformes 망둑어목,"Oxudercidae Günther, 1861"
NEW_SPECIES,BM-SPECIES-000378,MBRIS:척추동물:380,민미끈망둑,Luciogobius parvulus,Luciogobius parvulus,luciogobius-parvulus,INSERT,draft,pending,25,C,척추동물,Teleostei,Gobiiformes 망둑어목,"Oxudercidae Günther, 1861"
NEW_SPECIES,BM-SPECIES-000379,MBRIS:척추동물:381,바닥문절,Sagamia geneionema,Sagamia geneionema,sagamia-geneionema,INSERT,draft,pending,25,C,척추동물,Teleostei,Gobiiformes 망둑어목,"Oxudercidae Günther, 1861"
NEW_SPECIES,BM-SPECIES-000380,MBRIS:척추동물:382,열동갈문절,Sicyopterus japonicus,Sicyopterus japonicus,sicyopterus-japonicus,INSERT,draft,pending,25,C,척추동물,Teleostei,Gobiiformes 망둑어목,"Oxudercidae Günther, 1861"
NEW_SPECIES,BM-SPECIES-000381,MBRIS:척추동물:383,쉬쉬망둑,Chaeturichthys stigmatias,Chaeturichthys stigmatias,chaeturichthys-stigmatias,INSERT,draft,pending,25,C,척추동물,Teleostei,Gobiiformes 망둑어목,"Oxudercidae Günther, 1861"
NEW_SPECIES,BM-SPECIES-000383,MBRIS:척추동물:385,점망둑,Chaenogobius annularis,Chaenogobius annularis,chaenogobius-annularis,INSERT,draft,pending,25,C,척추동물,Teleostei,Gobiiformes 망둑어목,"Oxudercidae Günther, 1861"
NEW_SPECIES,BM-SPECIES-000385,MBRIS:척추동물:387,짱뚱어,Boleophthalmus pectinirostris,Boleophthalmus pectinirostris,boleophthalmus-pectinirostris,INSERT,draft,pending,25,C,척추동물,Teleostei,Gobiiformes 망둑어목,"Oxudercidae Günther, 1861"
NEW_SPECIES,BM-SPECIES-000386,MBRIS:척추동물:388,검은눈띠망둑,Gnatholepis cauerensis,Gnatholepis cauerensis,gnatholepis-cauerensis,INSERT,draft,pending,25,C,척추동물,Teleostei,Gobiiformes 망둑어목,"Oxudercidae Günther, 1861"
NEW_SPECIES,BM-SPECIES-000387,MBRIS:척추동물:389,사백어,Leucopsarion petersii,Leucopsarion petersii,leucopsarion-petersii,INSERT,draft,pending,25,C,척추동물,Teleostei,Gobiiformes 망둑어목,"Oxudercidae Günther, 1861"
NEW_SPECIES,BM-SPECIES-000388,MBRIS:척추동물:390,오셀망둑,Lophiogobius ocellicauda,Lophiogobius ocellicauda,lophiogobius-ocellicauda,INSERT,draft,pending,25,C,척추동물,Teleostei,Gobiiformes 망둑어목,"Oxudercidae Günther, 1861"
NEW_SPECIES,BM-SPECIES-000389,MBRIS:척추동물:391,꽃개소겡,Taenioides cirratus,Taenioides cirratus,taenioides-cirratus,INSERT,draft,pending,25,C,척추동물,Teleostei,Gobiiformes 망둑어목,"Oxudercidae Günther, 1861"
NEW_SPECIES,BM-SPECIES-000390,MBRIS:척추동물:392,애기망둑,Pseudogobius masago,Pseudogobius masago,pseudogobius-masago,INSERT,draft,pending,25,C,척추동물,Teleostei,Gobiiformes 망둑어목,"Oxudercidae Günther, 1861"
NEW_SPECIES,BM-SPECIES-000391,MBRIS:척추동물:393,갈문망둑,Rhinogobius similis,Rhinogobius similis,rhinogobius-similis,INSERT,draft,pending,25,C,척추동물,Teleostei,Gobiiformes 망둑어목,"Oxudercidae Günther, 1861"
NEW_SPECIES,BM-SPECIES-000392,MBRIS:척추동물:394,일곱동갈망둑,Pterogobius elapoides,Pterogobius elapoides,pterogobius-elapoides,INSERT,draft,pending,25,C,척추동물,Teleostei,Gobiiformes 망둑어목,"Oxudercidae Günther, 1861"
NEW_SPECIES,BM-SPECIES-000393,MBRIS:척추동물:395,흰줄망둑,Pterogobius zonoleucus,Pterogobius zonoleucus,pterogobius-zonoleucus,INSERT,draft,pending,25,C,척추동물,Teleostei,Gobiiformes 망둑어목,"Oxudercidae Günther, 1861"
NEW_SPECIES,BM-SPECIES-000394,MBRIS:척추동물:396,다섯동갈망둑,Pterogobius zacalles,Pterogobius zacalles,pterogobius-zacalles,INSERT,draft,pending,25,C,척추동물,Teleostei,Gobiiformes 망둑어목,"Oxudercidae Günther, 1861"
NEW_SPECIES,BM-SPECIES-000396,MBRIS:척추동물:398,큰눈망둑,Suruga fundicola,Suruga fundicola,suruga-fundicola,INSERT,draft,pending,25,C,척추동물,Teleostei,Gobiiformes 망둑어목,"Oxudercidae Günther, 1861"
NEW_SPECIES,BM-SPECIES-000397,MBRIS:척추동물:399,개소겡,Odontamblyopus lacepedii,Odontamblyopus lacepedii,odontamblyopus-lacepedii,INSERT,draft,pending,25,C,척추동물,Teleostei,Gobiiformes 망둑어목,"Oxudercidae Günther, 1861"
NEW_SPECIES,BM-SPECIES-000398,MBRIS:척추동물:400,보라기름눈돔,Ariomma indica,Ariomma indica,ariomma-indica,INSERT,draft,pending,25,C,척추동물,Teleostei,Scombriformes,"Ariommatidae Haedrich, 1967"
NEW_SPECIES,BM-SPECIES-000399,MBRIS:척추동물:401,샛돔,Psenopsis anomala,Psenopsis anomala,psenopsis-anomala,INSERT,draft,pending,25,C,척추동물,Teleostei,Scombriformes,"Centrolophidae Bonaparte, 1846"
NEW_SPECIES,BM-SPECIES-000400,MBRIS:척추동물:402,연어병치,Hyperoglyphe japonica,Hyperoglyphe japonica,hyperoglyphe-japonica,INSERT,draft,pending,25,C,척추동물,Teleostei,Scombriformes,"Centrolophidae Bonaparte, 1846"
NEW_SPECIES,BM-SPECIES-000401,MBRIS:척추동물:403,세장갈치꼬치,Gempylus serpens,Gempylus serpens,gempylus-serpens,INSERT,draft,pending,25,C,척추동물,Teleostei,Scombriformes,"Gempylidae Gill, 1862"
NEW_SPECIES,BM-SPECIES-000402,MBRIS:척추동물:404,흑갈치꼬치,Lepidocybium flavobrunneum,Lepidocybium flavobrunneum,lepidocybium-flavobrunneum,INSERT,draft,pending,25,C,척추동물,Teleostei,Scombriformes,"Gempylidae Gill, 1862"
NEW_SPECIES,BM-SPECIES-000403,MBRIS:척추동물:405,갈치꼬치,Thyrsitoides marleyi,Thyrsitoides marleyi,thyrsitoides-marleyi,INSERT,draft,pending,25,C,척추동물,Teleostei,Scombriformes,"Gempylidae Gill, 1862"
NEW_SPECIES,BM-SPECIES-000404,MBRIS:척추동물:406,기름치,Ruvettus pretiosus,Ruvettus pretiosus,ruvettus-pretiosus,INSERT,draft,pending,25,C,척추동물,Teleostei,Scombriformes,"Gempylidae Gill, 1862"
NEW_SPECIES,BM-SPECIES-000405,MBRIS:척추동물:407,통치,Rexea prometheoides,Rexea prometheoides,rexea-prometheoides,INSERT,draft,pending,25,C,척추동물,Teleostei,Scombriformes,"Gempylidae Gill, 1862"
NEW_SPECIES,BM-SPECIES-000406,MBRIS:척추동물:408,가는통치,Nealotus tripes,Nealotus tripes,nealotus-tripes,INSERT,draft,pending,25,C,척추동물,Teleostei,Scombriformes,"Gempylidae Gill, 1862"
NEW_SPECIES,BM-SPECIES-000409,MBRIS:척추동물:411,재방어,Scomberomorus sinensis,Scomberomorus sinensis,scomberomorus-sinensis,INSERT,draft,pending,25,C,척추동물,Teleostei,Scombriformes,"Scombridae Rafinesque, 1815"
NEW_SPECIES,BM-SPECIES-000410,MBRIS:척추동물:412,평삼치,Scomberomorus koreanus,Scomberomorus koreanus,scomberomorus-koreanus,INSERT,draft,pending,25,C,척추동물,Teleostei,Scombriformes,"Scombridae Rafinesque, 1815"
NEW_SPECIES,BM-SPECIES-000413,MBRIS:척추동물:415,물치다래,Auxis thazard,Auxis thazard,auxis-thazard,INSERT,draft,pending,25,C,척추동물,Teleostei,Scombriformes,"Scombridae Rafinesque, 1815"
NEW_SPECIES,BM-SPECIES-000414,MBRIS:척추동물:416,몽치다래,Auxis rochei,Auxis rochei,auxis-rochei,INSERT,draft,pending,25,C,척추동물,Teleostei,Scombriformes,"Scombridae Rafinesque, 1815"
NEW_SPECIES,BM-SPECIES-000416,MBRIS:척추동물:418,망치고등어,Scomber australasicus,Scomber australasicus,scomber-australasicus,INSERT,draft,pending,25,C,척추동물,Teleostei,Scombriformes,"Scombridae Rafinesque, 1815"
NEW_SPECIES,BM-SPECIES-000419,MBRIS:척추동물:421,백다랑어,Thunnus tonggol,Thunnus tonggol,thunnus-tonggol,INSERT,draft,pending,25,C,척추동물,Teleostei,Scombriformes,"Scombridae Rafinesque, 1815"
NEW_SPECIES,BM-SPECIES-000420,MBRIS:척추동물:422,날개다랑어,Thunnus alalunga,Thunnus alalunga,thunnus-alalunga,INSERT,draft,pending,25,C,척추동물,Teleostei,Scombriformes,"Scombridae Rafinesque, 1815"
NEW_SPECIES,BM-SPECIES-000422,MBRIS:척추동물:424,황다랑어,Thunnus albacares,Thunnus albacares,thunnus-albacares,INSERT,draft,pending,25,C,척추동물,Teleostei,Scombriformes,"Scombridae Rafinesque, 1815"
NEW_SPECIES,BM-SPECIES-000423,MBRIS:척추동물:425,참다랑어,Thunnus orientalis,Thunnus orientalis,thunnus-orientalis,INSERT,draft,pending,25,C,척추동물,Teleostei,Scombriformes,"Scombridae Rafinesque, 1815"
NEW_SPECIES,BM-SPECIES-000424,MBRIS:척추동물:426,중국병어,Pampus chinensis,Pampus chinensis,pampus-chinensis,INSERT,draft,pending,25,C,척추동물,Teleostei,Scombriformes,"Stromateidae Rafinesque, 1810"
NEW_SPECIES,BM-SPECIES-000427,MBRIS:척추동물:429,동강연치,Cubiceps whiteleggii,Cubiceps whiteleggii,cubiceps-whiteleggii,INSERT,draft,pending,25,C,척추동물,Teleostei,Scombriformes,"Nomeidae Günther, 1860"
NEW_SPECIES,BM-SPECIES-000428,MBRIS:척추동물:430,가는동강연치,Nomeus gronovii,Nomeus gronovii,nomeus-gronovii,INSERT,draft,pending,25,C,척추동물,Teleostei,Scombriformes,"Nomeidae Günther, 1860"
NEW_SPECIES,BM-SPECIES-000429,MBRIS:척추동물:431,줄무늬물릉돔,Psenes cyanophrys,Psenes cyanophrys,psenes-cyanophrys,INSERT,draft,pending,25,C,척추동물,Teleostei,Scombriformes,"Nomeidae Günther, 1860"
NEW_SPECIES,BM-SPECIES-000430,MBRIS:척추동물:432,아라푸라돔,Psenes arafurensis,Psenes arafurensis,psenes-arafurensis,INSERT,draft,pending,25,C,척추동물,Teleostei,Scombriformes,"Nomeidae Günther, 1860"
NEW_SPECIES,BM-SPECIES-000431,MBRIS:척추동물:433,물릉돔,Psenes pellucidus,Psenes pellucidus,psenes-pellucidus,INSERT,draft,pending,25,C,척추동물,Teleostei,Scombriformes,"Nomeidae Günther, 1860"
NEW_SPECIES,BM-SPECIES-000432,MBRIS:척추동물:434,띠물릉돔,Psenes maculatus,Psenes maculatus,psenes-maculatus,INSERT,draft,pending,25,C,척추동물,Teleostei,Scombriformes,"Nomeidae Günther, 1860"
NEW_SPECIES,BM-SPECIES-000433,MBRIS:척추동물:435,벤텐어,Pteraclis aesticola,Pteraclis aesticola,pteraclis-aesticola,INSERT,draft,pending,25,C,척추동물,Teleostei,Scombriformes,"Bramidae Bonaparte, 1831"
NEW_SPECIES,BM-SPECIES-000434,MBRIS:척추동물:436,타락치,Taractes asper,Taractes asper,taractes-asper,INSERT,draft,pending,25,C,척추동물,Teleostei,Scombriformes,"Bramidae Bonaparte, 1831"
NEW_SPECIES,BM-SPECIES-000435,MBRIS:척추동물:437,검은새다래,Taractes rubescens,Taractes rubescens,taractes-rubescens,INSERT,draft,pending,25,C,척추동물,Teleostei,Scombriformes,"Bramidae Bonaparte, 1831"
NEW_SPECIES,BM-SPECIES-000436,MBRIS:척추동물:438,흰꼬리타락치,Taractichthys steindachneri,Taractichthys steindachneri,taractichthys-steindachneri,INSERT,draft,pending,25,C,척추동물,Teleostei,Scombriformes,"Bramidae Bonaparte, 1831"
NEW_SPECIES,BM-SPECIES-000437,MBRIS:척추동물:439,날개새다래,Pterycombus petersii,Pterycombus petersii,pterycombus-petersii,INSERT,draft,pending,25,C,척추동물,Teleostei,Scombriformes,"Bramidae Bonaparte, 1831"
NEW_SPECIES,BM-SPECIES-000439,MBRIS:척추동물:441,왜새다래,Brama dussumieri,Brama dussumieri,brama-dussumieri,INSERT,draft,pending,25,C,척추동물,Teleostei,Scombriformes,"Bramidae Bonaparte, 1831"
NEW_SPECIES,BM-SPECIES-000440,MBRIS:척추동물:442,큰비늘새다래,Brama orcini,Brama orcini,brama-orcini,INSERT,draft,pending,25,C,척추동물,Teleostei,Scombriformes,"Bramidae Bonaparte, 1831"
NEW_SPECIES,BM-SPECIES-000441,MBRIS:척추동물:443,세장갈치,Benthodesmus tenuis,Benthodesmus tenuis,benthodesmus-tenuis,INSERT,draft,pending,25,C,척추동물,Teleostei,Scombriformes,"Trichiuridae Rafinesque, 1810"
NEW_SPECIES,BM-SPECIES-000442,MBRIS:척추동물:444,붕동갈치,Assurger anzac,Assurger anzac,assurger-anzac,INSERT,draft,pending,25,C,척추동물,Teleostei,Scombriformes,"Trichiuridae Rafinesque, 1810"
NEW_SPECIES,BM-SPECIES-000443,MBRIS:척추동물:445,투구갈치,Tentoriceps cristatus,Tentoriceps cristatus,tentoriceps-cristatus,INSERT,draft,pending,25,C,척추동물,Teleostei,Scombriformes,"Trichiuridae Rafinesque, 1810"
NEW_SPECIES,BM-SPECIES-000445,MBRIS:척추동물:447,분장어,Eupleurogrammus muticus,Eupleurogrammus muticus,eupleurogrammus-muticus,INSERT,draft,pending,25,C,척추동물,Teleostei,Scombriformes,"Trichiuridae Rafinesque, 1810"
NEW_SPECIES,BM-SPECIES-000446,MBRIS:척추동물:448,동동갈치,Evoxymetopon taeniatum,Evoxymetopon taeniatum,evoxymetopon-taeniatum,INSERT,draft,pending,25,C,척추동물,Teleostei,Scombriformes,"Trichiuridae Rafinesque, 1810"
NEW_SPECIES,BM-SPECIES-000447,MBRIS:척추동물:449,날가지숭어,Polydactylus plebeius,Polydactylus plebeius,polydactylus-plebeius,INSERT,draft,pending,25,C,척추동물,Teleostei,Carangiformes,"Polynemidae Rafinesque, 1815"
NEW_SPECIES,BM-SPECIES-000448,MBRIS:척추동물:450,흑점날가지,Polydactylus sextarius,Polydactylus sextarius,polydactylus-sextarius,INSERT,draft,pending,25,C,척추동물,Teleostei,Carangiformes,"Polynemidae Rafinesque, 1815"
NEW_SPECIES,BM-SPECIES-000449,MBRIS:척추동물:451,네날가지,Eleutheronema tetradactylum,Eleutheronema tetradactylum,eleutheronema-tetradactylum,INSERT,draft,pending,25,C,척추동물,Teleostei,Carangiformes,"Polynemidae Rafinesque, 1815"
NEW_SPECIES,BM-SPECIES-000450,MBRIS:척추동물:452,배불뚝치,Mene maculata,Mene maculata,mene-maculata,INSERT,draft,pending,25,C,척추동물,Teleostei,Carangiformes,"Menidae Fitzinger, 1873"
NEW_SPECIES,BM-SPECIES-000451,MBRIS:척추동물:453,그물동서대,Aseraggodes kaianus,Aseraggodes kaianus,aseraggodes-kaianus,INSERT,draft,pending,25,C,척추동물,Teleostei,Carangiformes,"Soleidae Bonaparte, 1833"
NEW_SPECIES,BM-SPECIES-000452,MBRIS:척추동물:454,동서대,Aseraggodes kobensis,Aseraggodes kobensis,aseraggodes-kobensis,INSERT,draft,pending,25,C,척추동물,Teleostei,Carangiformes,"Soleidae Bonaparte, 1833"
NEW_SPECIES,BM-SPECIES-000453,MBRIS:척추동물:455,얼룩서대,Brachirus annularis,Brachirus annularis,brachirus-annularis,INSERT,draft,pending,25,C,척추동물,Teleostei,Carangiformes,"Soleidae Bonaparte, 1833"
NEW_SPECIES,BM-SPECIES-000454,MBRIS:척추동물:456,궁제기서대,Zebrias zebrinus,Zebrias zebrinus,zebrias-zebrinus,INSERT,draft,pending,25,C,척추동물,Teleostei,Carangiformes,"Soleidae Bonaparte, 1833"
NEW_SPECIES,BM-SPECIES-000455,MBRIS:척추동물:457,각시서대,Zebrias japonicus,Zebrias japonicus,zebrias-japonicus,INSERT,draft,pending,25,C,척추동물,Teleostei,Carangiformes,"Soleidae Bonaparte, 1833"
NEW_SPECIES,BM-SPECIES-000456,MBRIS:척추동물:458,납서대,Heteromycteris japonicus,Heteromycteris japonicus,heteromycteris-japonicus,INSERT,draft,pending,25,C,척추동물,Teleostei,Carangiformes,"Soleidae Bonaparte, 1833"
NEW_SPECIES,BM-SPECIES-000457,MBRIS:척추동물:459,뿔서대,Aesopia cornuta,Aesopia cornuta,aesopia-cornuta,INSERT,draft,pending,25,C,척추동물,Teleostei,Carangiformes,"Soleidae Bonaparte, 1833"
NEW_SPECIES,BM-SPECIES-000458,MBRIS:척추동물:460,창꼬치,Sphyraena obtusata,Sphyraena obtusata,sphyraena-obtusata,INSERT,draft,pending,25,C,척추동물,Teleostei,Carangiformes,"Sphyraenidae Rafinesque, 1815"
NEW_SPECIES,BM-SPECIES-000460,MBRIS:척추동물:462,애꼬치,Sphyraena japonica,Sphyraena japonica,sphyraena-japonica,INSERT,draft,pending,25,C,척추동물,Teleostei,Carangiformes,"Sphyraenidae Rafinesque, 1815"
NEW_SPECIES,BM-SPECIES-000461,MBRIS:척추동물:463,짧은입큰꼬치고기,Sphyraena arabiansis,Sphyraena arabiansis,sphyraena-arabiansis,INSERT,draft,pending,25,C,척추동물,Teleostei,Carangiformes,"Sphyraenidae Rafinesque, 1815"
NEW_SPECIES,BM-SPECIES-000462,MBRIS:척추동물:464,별넙치,Pseudorhombus cinnamoneus,Pseudorhombus cinnamoneus,pseudorhombus-cinnamoneus,INSERT,draft,pending,25,C,척추동물,Teleostei,Carangiformes,"Paralichthyidae Regan, 1910"
NEW_SPECIES,BM-SPECIES-000463,MBRIS:척추동물:465,남해넙치,Pseudorhombus oculocirris,Pseudorhombus oculocirris,pseudorhombus-oculocirris,INSERT,draft,pending,25,C,척추동물,Teleostei,Carangiformes,"Paralichthyidae Regan, 1910"
NEW_SPECIES,BM-SPECIES-000464,MBRIS:척추동물:466,점넙치,Pseudorhombus pentophthalmus,Pseudorhombus pentophthalmus,pseudorhombus-pentophthalmus,INSERT,draft,pending,25,C,척추동물,Teleostei,Carangiformes,"Paralichthyidae Regan, 1910"
NEW_SPECIES,BM-SPECIES-000466,MBRIS:척추동물:468,왜넙치,Tarphops oligolepis,Tarphops oligolepis,tarphops-oligolepis,INSERT,draft,pending,25,C,척추동물,Teleostei,Carangiformes,"Paralichthyidae Regan, 1910"
NEW_SPECIES,BM-SPECIES-000467,MBRIS:척추동물:469,좀넙치,Tarphops elegans,Tarphops elegans,tarphops-elegans,INSERT,draft,pending,25,C,척추동물,Teleostei,Carangiformes,"Paralichthyidae Regan, 1910"
NEW_SPECIES,BM-SPECIES-000468,MBRIS:척추동물:470,중설가자미,Plagiopsetta glossa,Plagiopsetta glossa,plagiopsetta-glossa,INSERT,draft,pending,25,C,척추동물,Teleostei,Carangiformes,"Samaridae Jordan & Goss, 1889"
NEW_SPECIES,BM-SPECIES-000469,MBRIS:척추동물:471,신월가자미,Samariscus japonicus,Samariscus japonicus,samariscus-japonicus,INSERT,draft,pending,25,C,척추동물,Teleostei,Carangiformes,"Samaridae Jordan & Goss, 1889"
NEW_SPECIES,BM-SPECIES-000471,MBRIS:척추동물:473,백새치,Istiompax indica,Istiompax indica,istiompax-indica,INSERT,draft,pending,25,C,척추동물,Teleostei,Carangiformes,"Istiophoridae Rafinesque, 1815"
NEW_SPECIES,BM-SPECIES-000472,MBRIS:척추동물:474,녹새치,Makaira mazara,Makaira mazara,makaira-mazara,INSERT,draft,pending,25,C,척추동물,Teleostei,Carangiformes,"Istiophoridae Rafinesque, 1815"
NEW_SPECIES,BM-SPECIES-000474,MBRIS:척추동물:476,풀넙치,Citharoides macrolepidotus,Citharoides macrolepidotus,citharoides-macrolepidotus,INSERT,draft,pending,25,C,척추동물,Teleostei,Carangiformes,"Citharidae de Buen, 1935"
NEW_SPECIES,BM-SPECIES-000475,MBRIS:척추동물:477,줄만새기,Coryphaena equiselis,Coryphaena equiselis,coryphaena-equiselis,INSERT,draft,pending,25,C,척추동물,Teleostei,Carangiformes,"Coryphaenidae Rafinesque, 1815"
NEW_SPECIES,BM-SPECIES-000476,MBRIS:척추동물:478,만새기,Coryphaena hippurus,Coryphaena hippurus,coryphaena-hippurus,INSERT,draft,pending,25,C,척추동물,Teleostei,Carangiformes,"Coryphaenidae Rafinesque, 1815"
NEW_SPECIES,BM-SPECIES-000477,MBRIS:척추동물:479,좌대가자미,Poecilopsetta plinthus,Poecilopsetta plinthus,poecilopsetta-plinthus,INSERT,draft,pending,25,C,척추동물,Teleostei,Carangiformes,"Poecilopsettidae Norman, 1934"
NEW_SPECIES,BM-SPECIES-000478,MBRIS:척추동물:480,날쌔기,Rachycentron canadum,Rachycentron canadum,rachycentron-canadum,INSERT,draft,pending,25,C,척추동물,Teleostei,Carangiformes,"Rachycentridae Gill, 1896"
NEW_SPECIES,BM-SPECIES-000480,MBRIS:척추동물:482,실전갱이,Alectis ciliaris,Alectis ciliaris,alectis-ciliaris,INSERT,draft,pending,25,C,척추동물,Teleostei,Carangiformes,"Carangidae Rafinesque, 1815"
NEW_SPECIES,BM-SPECIES-000481,MBRIS:척추동물:483,홍기가라지,Decapterus tabl,Decapterus tabl,decapterus-tabl,INSERT,draft,pending,25,C,척추동물,Teleostei,Carangiformes,"Carangidae Rafinesque, 1815"
NEW_SPECIES,BM-SPECIES-000482,MBRIS:척추동물:484,풀가라지,Decapterus macarellus,Decapterus macarellus,decapterus-macarellus,INSERT,draft,pending,25,C,척추동물,Teleostei,Carangiformes,"Carangidae Rafinesque, 1815"
NEW_SPECIES,BM-SPECIES-000483,MBRIS:척추동물:485,긴가라지,Decapterus macrosoma,Decapterus macrosoma,decapterus-macrosoma,INSERT,draft,pending,25,C,척추동물,Teleostei,Carangiformes,"Carangidae Rafinesque, 1815"
NEW_SPECIES,BM-SPECIES-000484,MBRIS:척추동물:486,가라지,Decapterus maruadsi,Decapterus maruadsi,decapterus-maruadsi,INSERT,draft,pending,25,C,척추동물,Teleostei,Carangiformes,"Carangidae Rafinesque, 1815"
NEW_SPECIES,BM-SPECIES-000485,MBRIS:척추동물:487,갈고등어,Decapterus muroadsi,Decapterus muroadsi,decapterus-muroadsi,INSERT,draft,pending,25,C,척추동물,Teleostei,Carangiformes,"Carangidae Rafinesque, 1815"
NEW_SPECIES,BM-SPECIES-000486,MBRIS:척추동물:488,붉은가라지,Decapterus akaadsi,Decapterus akaadsi,decapterus-akaadsi,INSERT,draft,pending,25,C,척추동물,Teleostei,Carangiformes,"Carangidae Rafinesque, 1815"
NEW_SPECIES,BM-SPECIES-000487,MBRIS:척추동물:489,녹줄매가리,Trachurus declivis,Trachurus declivis,trachurus-declivis,INSERT,draft,pending,25,C,척추동물,Teleostei,Carangiformes,"Carangidae Rafinesque, 1815"
NEW_SPECIES,BM-SPECIES-000489,MBRIS:척추동물:491,갈전갱이,Kaiwarinus equula,Kaiwarinus equula,kaiwarinus-equula,INSERT,draft,pending,25,C,척추동물,Teleostei,Carangiformes,"Carangidae Rafinesque, 1815"
NEW_SPECIES,BM-SPECIES-000490,MBRIS:척추동물:492,가시전갱이,Scomberoides tol,Scomberoides tol,scomberoides-tol,INSERT,draft,pending,25,C,척추동물,Teleostei,Carangiformes,"Carangidae Rafinesque, 1815"
NEW_SPECIES,BM-SPECIES-000491,MBRIS:척추동물:493,두점줄가시전갱이,Scomberoides lysan,Scomberoides lysan,scomberoides-lysan,INSERT,draft,pending,25,C,척추동물,Teleostei,Carangiformes,"Carangidae Rafinesque, 1815"
NEW_SPECIES,BM-SPECIES-000493,MBRIS:척추동물:495,고등가라지,Megalaspis cordyla,Megalaspis cordyla,megalaspis-cordyla,INSERT,draft,pending,25,C,척추동물,Teleostei,Carangiformes,"Carangidae Rafinesque, 1815"
NEW_SPECIES,BM-SPECIES-000494,MBRIS:척추동물:496,매지방어,Seriolina nigrofasciata,Seriolina nigrofasciata,seriolina-nigrofasciata,INSERT,draft,pending,25,C,척추동물,Teleostei,Carangiformes,"Carangidae Rafinesque, 1815"
NEW_SPECIES,BM-SPECIES-000495,MBRIS:척추동물:497,참치방어,Elagatis bipinnulata,Elagatis bipinnulata,elagatis-bipinnulata,INSERT,draft,pending,25,C,척추동물,Teleostei,Carangiformes,"Carangidae Rafinesque, 1815"
NEW_SPECIES,BM-SPECIES-000496,MBRIS:척추동물:498,새가라지,Selar crumenophthalmus,Selar crumenophthalmus,selar-crumenophthalmus,INSERT,draft,pending,25,C,척추동물,Teleostei,Carangiformes,"Carangidae Rafinesque, 1815"
NEW_SPECIES,BM-SPECIES-000497,MBRIS:척추동물:499,민전갱이,Uraspis helvola,Uraspis helvola,uraspis-helvola,INSERT,draft,pending,25,C,척추동물,Teleostei,Carangiformes,"Carangidae Rafinesque, 1815"
NEW_SPECIES,BM-SPECIES-000498,MBRIS:척추동물:500,흑기민전갱이,Uraspis uraspis,Uraspis uraspis,uraspis-uraspis,INSERT,draft,pending,25,C,척추동물,Teleostei,Carangiformes,"Carangidae Rafinesque, 1815"
NEW_SPECIES,BM-SPECIES-000502,MBRIS:척추동물:504,낫잿방어,Seriola rivoliana,Seriola rivoliana,seriola-rivoliana,INSERT,draft,pending,25,C,척추동물,Teleostei,Carangiformes,"Carangidae Rafinesque, 1815"
NEW_SPECIES,BM-SPECIES-000503,MBRIS:척추동물:505,병치매가리,Parastromateus niger,Parastromateus niger,parastromateus-niger,INSERT,draft,pending,25,C,척추동물,Teleostei,Carangiformes,"Carangidae Rafinesque, 1815"
NEW_SPECIES,BM-SPECIES-000504,MBRIS:척추동물:506,청전갱이,Atropus atropos,Atropus atropos,atropus-atropos,INSERT,draft,pending,25,C,척추동물,Teleostei,Carangiformes,"Carangidae Rafinesque, 1815"
NEW_SPECIES,BM-SPECIES-000505,MBRIS:척추동물:507,혹전갱이,Atropus hedlandensis,Atropus hedlandensis,atropus-hedlandensis,INSERT,draft,pending,25,C,척추동물,Teleostei,Carangiformes,"Carangidae Rafinesque, 1815"
NEW_SPECIES,BM-SPECIES-000506,MBRIS:척추동물:508,빨판매가리,Trachinotus baillonii,Trachinotus baillonii,trachinotus-baillonii,INSERT,draft,pending,25,C,척추동물,Teleostei,Carangiformes,"Carangidae Rafinesque, 1815"
NEW_SPECIES,BM-SPECIES-000507,MBRIS:척추동물:509,무점매가리,Trachinotus blochii,Trachinotus blochii,trachinotus-blochii,INSERT,draft,pending,25,C,척추동물,Teleostei,Carangiformes,"Carangidae Rafinesque, 1815"
NEW_SPECIES,BM-SPECIES-000508,MBRIS:척추동물:510,동갈방어,Naucrates ductor,Naucrates ductor,naucrates-ductor,INSERT,draft,pending,25,C,척추동물,Teleostei,Carangiformes,"Carangidae Rafinesque, 1815"
NEW_SPECIES,BM-SPECIES-000509,MBRIS:척추동물:511,술전갱이,Caranx bucculentus,Caranx bucculentus,caranx-bucculentus,INSERT,draft,pending,25,C,척추동물,Teleostei,Carangiformes,"Carangidae Rafinesque, 1815"
NEW_SPECIES,BM-SPECIES-000510,MBRIS:척추동물:512,작은입줄전갱이,Caranx melampygus,Caranx melampygus,caranx-melampygus,INSERT,draft,pending,25,C,척추동물,Teleostei,Carangiformes,"Carangidae Rafinesque, 1815"
NEW_SPECIES,BM-SPECIES-000511,MBRIS:척추동물:513,줄전갱이,Caranx sexfasciatus,Caranx sexfasciatus,caranx-sexfasciatus,INSERT,draft,pending,25,C,척추동물,Teleostei,Carangiformes,"Carangidae Rafinesque, 1815"
NEW_SPECIES,BM-SPECIES-000512,MBRIS:척추동물:514,황줄전갱이,Caranx papuensis,Caranx papuensis,caranx-papuensis,INSERT,draft,pending,25,C,척추동물,Teleostei,Carangiformes,"Carangidae Rafinesque, 1815"
NEW_SPECIES,BM-SPECIES-000513,MBRIS:척추동물:515,무명갈전갱이,Caranx ignobilis,Caranx ignobilis,caranx-ignobilis,INSERT,draft,pending,25,C,척추동물,Teleostei,Carangiformes,"Carangidae Rafinesque, 1815"
NEW_SPECIES,BM-SPECIES-000514,MBRIS:척추동물:516,큰점줄전갱이,Caranx tille,Caranx tille,caranx-tille,INSERT,draft,pending,25,C,척추동물,Teleostei,Carangiformes,"Carangidae Rafinesque, 1815"
NEW_SPECIES,BM-SPECIES-000515,MBRIS:척추동물:517,유전갱이,Turrum coeruleopinnatum,Turrum coeruleopinnatum,turrum-coeruleopinnatum,INSERT,draft,pending,25,C,척추동물,Teleostei,Carangiformes,"Carangidae Rafinesque, 1815"
NEW_SPECIES,BM-SPECIES-000516,MBRIS:척추동물:518,채찍유전갱이,Carangichthys oblongus,Carangichthys oblongus,carangichthys-oblongus,INSERT,draft,pending,25,C,척추동물,Teleostei,Carangiformes,"Carangidae Rafinesque, 1815"
NEW_SPECIES,BM-SPECIES-000517,MBRIS:척추동물:519,미늘전갱이,Carangichthys dinema,Carangichthys dinema,carangichthys-dinema,INSERT,draft,pending,25,C,척추동물,Teleostei,Carangiformes,"Carangidae Rafinesque, 1815"
NEW_SPECIES,BM-SPECIES-000518,MBRIS:척추동물:520,노랑점무늬유전갱이,Ferdauia orthogrammus,Ferdauia orthogrammus,ferdauia-orthogrammus,INSERT,draft,pending,25,C,척추동물,Teleostei,Carangiformes,"Carangidae Rafinesque, 1815"
NEW_SPECIES,BM-SPECIES-000519,MBRIS:척추동물:521,흑전갱이,Ferdauia ferdau,Ferdauia ferdau,ferdauia-ferdau,INSERT,draft,pending,25,C,척추동물,Teleostei,Carangiformes,"Carangidae Rafinesque, 1815"
NEW_SPECIES,BM-SPECIES-000520,MBRIS:척추동물:522,머리빨판이,Remora brachyptera,Remora brachyptera,remora-brachyptera,INSERT,draft,pending,25,C,척추동물,Teleostei,Carangiformes,"Echeneidae Rafinesque, 1810"
NEW_SPECIES,BM-SPECIES-000521,MBRIS:척추동물:523,뼈대빨판이,Remora osteochir,Remora osteochir,remora-osteochir,INSERT,draft,pending,25,C,척추동물,Teleostei,Carangiformes,"Echeneidae Rafinesque, 1810"
NEW_SPECIES,BM-SPECIES-000522,MBRIS:척추동물:524,대빨판이,Remora remora,Remora remora,remora-remora,INSERT,draft,pending,25,C,척추동물,Teleostei,Carangiformes,"Echeneidae Rafinesque, 1810"
NEW_SPECIES,BM-SPECIES-000523,MBRIS:척추동물:525,흰빨판이,Remora albescens,Remora albescens,remora-albescens,INSERT,draft,pending,25,C,척추동물,Teleostei,Carangiformes,"Echeneidae Rafinesque, 1810"
NEW_SPECIES,BM-SPECIES-000524,MBRIS:척추동물:526,열줄빨판이,Phtheirichthys lineatus,Phtheirichthys lineatus,phtheirichthys-lineatus,INSERT,draft,pending,25,C,척추동물,Teleostei,Carangiformes,"Echeneidae Rafinesque, 1810"
NEW_SPECIES,BM-SPECIES-000525,MBRIS:척추동물:527,빨판상어,Echeneis naucrates,Echeneis naucrates,echeneis-naucrates,INSERT,draft,pending,25,C,척추동물,Teleostei,Carangiformes,"Echeneidae Rafinesque, 1810"
NEW_SPECIES,BM-SPECIES-000526,MBRIS:척추동물:528,고베둥글넙치,Crossorhombus kobensis,Crossorhombus kobensis,crossorhombus-kobensis,INSERT,draft,pending,25,C,척추동물,Teleostei,Carangiformes,"Bothidae Smitt, 1892"
NEW_SPECIES,BM-SPECIES-000527,MBRIS:척추동물:529,파랑둥글넙치,Crossorhombus azureus,Crossorhombus azureus,crossorhombus-azureus,INSERT,draft,pending,25,C,척추동물,Teleostei,Carangiformes,"Bothidae Smitt, 1892"
NEW_SPECIES,BM-SPECIES-000528,MBRIS:척추동물:530,별목탁가자미,Bothus myriaster,Bothus myriaster,bothus-myriaster,INSERT,draft,pending,25,C,척추동물,Teleostei,Carangiformes,"Bothidae Smitt, 1892"
NEW_SPECIES,BM-SPECIES-000529,MBRIS:척추동물:531,벚꽃무늬둥글넙치,Bothus pantherinus,Bothus pantherinus,bothus-pantherinus,INSERT,draft,pending,25,C,척추동물,Teleostei,Carangiformes,"Bothidae Smitt, 1892"
NEW_SPECIES,BM-SPECIES-000530,MBRIS:척추동물:532,목탁가자미,Arnoglossus japonicus,Arnoglossus japonicus,arnoglossus-japonicus,INSERT,draft,pending,25,C,척추동물,Teleostei,Carangiformes,"Bothidae Smitt, 1892"
NEW_SPECIES,BM-SPECIES-000531,MBRIS:척추동물:533,노랑반점가자미,Arnoglossus polyspilus,Arnoglossus polyspilus,arnoglossus-polyspilus,INSERT,draft,pending,25,C,척추동물,Teleostei,Carangiformes,"Bothidae Smitt, 1892"
NEW_SPECIES,BM-SPECIES-000532,MBRIS:척추동물:534,사량넙치,Psettina tosana,Psettina tosana,psettina-tosana,INSERT,draft,pending,25,C,척추동물,Teleostei,Carangiformes,"Bothidae Smitt, 1892"
NEW_SPECIES,BM-SPECIES-000533,MBRIS:척추동물:535,동백가자미,Psettina iijimae,Psettina iijimae,psettina-iijimae,INSERT,draft,pending,25,C,척추동물,Teleostei,Carangiformes,"Bothidae Smitt, 1892"
NEW_SPECIES,BM-SPECIES-000534,MBRIS:척추동물:536,검은꼬리넙치,Japonolaeops gracilis,Japonolaeops gracilis,japonolaeops-gracilis,INSERT,draft,pending,25,C,척추동물,Teleostei,Carangiformes,"Bothidae Smitt, 1892"
NEW_SPECIES,BM-SPECIES-000535,MBRIS:척추동물:537,긴가자미,Parabothus kiensis,Parabothus kiensis,parabothus-kiensis,INSERT,draft,pending,25,C,척추동물,Teleostei,Carangiformes,"Bothidae Smitt, 1892"
NEW_SPECIES,BM-SPECIES-000536,MBRIS:척추동물:538,큰비늘넙치,Engyprosopon grandisquama,Engyprosopon grandisquama,engyprosopon-grandisquama,INSERT,draft,pending,25,C,척추동물,Teleostei,Carangiformes,"Bothidae Smitt, 1892"
NEW_SPECIES,BM-SPECIES-000537,MBRIS:척추동물:539,깃털둥글넙치,Asterorhombus intermedius,Asterorhombus intermedius,asterorhombus-intermedius,INSERT,draft,pending,25,C,척추동물,Teleostei,Carangiformes,"Bothidae Smitt, 1892"
NEW_SPECIES,BM-SPECIES-000538,MBRIS:척추동물:540,큰입둥글넙치,Kamoharaia megastoma,Kamoharaia megastoma,kamoharaia-megastoma,INSERT,draft,pending,25,C,척추동물,Teleostei,Carangiformes,"Bothidae Smitt, 1892"
NEW_SPECIES,BM-SPECIES-000539,MBRIS:척추동물:541,흰비늘가자미,Laeops parviceps,Laeops parviceps,laeops-parviceps,INSERT,draft,pending,25,C,척추동물,Teleostei,Carangiformes,"Bothidae Smitt, 1892"
NEW_SPECIES,BM-SPECIES-000542,MBRIS:척추동물:544,가시가자미,Acanthopsetta nadeshnyi,Acanthopsetta nadeshnyi,acanthopsetta-nadeshnyi,INSERT,draft,pending,25,C,척추동물,Teleostei,Carangiformes,"Pleuronectidae Rafinesque, 1815"
NEW_SPECIES,BM-SPECIES-000543,MBRIS:척추동물:545,문치가자미,Pseudopleuronectes yokohamae,Pseudopleuronectes yokohamae,pseudopleuronectes-yokohamae,INSERT,draft,pending,25,C,척추동물,Teleostei,Carangiformes,"Pleuronectidae Rafinesque, 1815"
NEW_SPECIES,BM-SPECIES-000545,MBRIS:척추동물:547,감성가자미,Pseudopleuronectes obscurus,Pseudopleuronectes obscurus,pseudopleuronectes-obscurus,INSERT,draft,pending,25,C,척추동물,Teleostei,Carangiformes,"Pleuronectidae Rafinesque, 1815"
NEW_SPECIES,BM-SPECIES-000546,MBRIS:척추동물:548,점가자미,Pseudopleuronectes schrenki,Pseudopleuronectes schrenki,pseudopleuronectes-schrenki,INSERT,draft,pending,25,C,척추동물,Teleostei,Carangiformes,"Pleuronectidae Rafinesque, 1815"
NEW_SPECIES,BM-SPECIES-000547,MBRIS:척추동물:549,뿔가자미,Pleuronectes quadrituberculatus,Pleuronectes quadrituberculatus,pleuronectes-quadrituberculatus,INSERT,draft,pending,25,C,척추동물,Teleostei,Carangiformes,"Pleuronectidae Rafinesque, 1815"
NEW_SPECIES,BM-SPECIES-000549,MBRIS:척추동물:551,흘림도다리,Pleuronichthys lighti,Pleuronichthys lighti,pleuronichthys-lighti,INSERT,draft,pending,25,C,척추동물,Teleostei,Carangiformes,"Pleuronectidae Rafinesque, 1815"
NEW_SPECIES,BM-SPECIES-000550,MBRIS:척추동물:552,찰가자미,Microstomus achne,Microstomus achne,microstomus-achne,INSERT,draft,pending,25,C,척추동물,Teleostei,Carangiformes,"Pleuronectidae Rafinesque, 1815"
NEW_SPECIES,BM-SPECIES-000551,MBRIS:척추동물:553,물가자미,Eopsetta grigorjewi,Eopsetta grigorjewi,eopsetta-grigorjewi,INSERT,draft,pending,25,C,척추동물,Teleostei,Carangiformes,"Pleuronectidae Rafinesque, 1815"
NEW_SPECIES,BM-SPECIES-000552,MBRIS:척추동물:554,눈가자미,Dexistes rikuzenius,Dexistes rikuzenius,dexistes-rikuzenius,INSERT,draft,pending,25,C,척추동물,Teleostei,Carangiformes,"Pleuronectidae Rafinesque, 1815"
NEW_SPECIES,BM-SPECIES-000558,MBRIS:척추동물:560,갈가자미,Glyptocephalus kitaharae,Glyptocephalus kitaharae,glyptocephalus-kitaharae,INSERT,draft,pending,25,C,척추동물,Teleostei,Carangiformes,"Pleuronectidae Rafinesque, 1815"
NEW_SPECIES,BM-SPECIES-000559,MBRIS:척추동물:561,노랑가자미,Verasper moseri,Verasper moseri,verasper-moseri,INSERT,draft,pending,25,C,척추동물,Teleostei,Carangiformes,"Pleuronectidae Rafinesque, 1815"
NEW_SPECIES,BM-SPECIES-000560,MBRIS:척추동물:562,범가자미,Verasper variegatus,Verasper variegatus,verasper-variegatus,INSERT,draft,pending,25,C,척추동물,Teleostei,Carangiformes,"Pleuronectidae Rafinesque, 1815"
NEW_SPECIES,BM-SPECIES-000561,MBRIS:척추동물:563,까지가자미,Lepidopsetta bilineata,Lepidopsetta bilineata,lepidopsetta-bilineata,INSERT,draft,pending,25,C,척추동물,Teleostei,Carangiformes,"Pleuronectidae Rafinesque, 1815"
NEW_SPECIES,BM-SPECIES-000562,MBRIS:척추동물:564,술봉가자미,Lepidopsetta mochigarei,Lepidopsetta mochigarei,lepidopsetta-mochigarei,INSERT,draft,pending,25,C,척추동물,Teleostei,Carangiformes,"Pleuronectidae Rafinesque, 1815"
NEW_SPECIES,BM-SPECIES-000563,MBRIS:척추동물:565,화살치가자미,Atheresthes evermanni,Atheresthes evermanni,atheresthes-evermanni,INSERT,draft,pending,25,C,척추동물,Teleostei,Carangiformes,"Pleuronectidae Rafinesque, 1815"
NEW_SPECIES,BM-SPECIES-000564,MBRIS:척추동물:566,호수가자미,Liopsetta pinnifasciata,Liopsetta pinnifasciata,liopsetta-pinnifasciata,INSERT,draft,pending,25,C,척추동물,Teleostei,Carangiformes,"Pleuronectidae Rafinesque, 1815"
NEW_SPECIES,BM-SPECIES-000565,MBRIS:척추동물:567,층거리가자미,Myzopsetta punctatissima,Myzopsetta punctatissima,myzopsetta-punctatissima,INSERT,draft,pending,25,C,척추동물,Teleostei,Carangiformes,"Pleuronectidae Rafinesque, 1815"
NEW_SPECIES,BM-SPECIES-000567,MBRIS:척추동물:569,물서대,Cynoglossus gracilis,Cynoglossus gracilis,cynoglossus-gracilis,INSERT,draft,pending,25,C,척추동물,Teleostei,Carangiformes,"Cynoglossidae Jordan, 1888"
NEW_SPECIES,BM-SPECIES-000568,MBRIS:척추동물:570,용서대,Cynoglossus abbreviatus,Cynoglossus abbreviatus,cynoglossus-abbreviatus,INSERT,draft,pending,25,C,척추동물,Teleostei,Carangiformes,"Cynoglossidae Jordan, 1888"
NEW_SPECIES,BM-SPECIES-000569,MBRIS:척추동물:571,칠서대,Cynoglossus interruptus,Cynoglossus interruptus,cynoglossus-interruptus,INSERT,draft,pending,25,C,척추동물,Teleostei,Carangiformes,"Cynoglossidae Jordan, 1888"
NEW_SPECIES,BM-SPECIES-000570,MBRIS:척추동물:572,참서대,Cynoglossus joyneri,Cynoglossus joyneri,cynoglossus-joyneri,INSERT,draft,pending,25,C,척추동물,Teleostei,Carangiformes,"Cynoglossidae Jordan, 1888"
NEW_SPECIES,BM-SPECIES-000571,MBRIS:척추동물:573,개서대,Cynoglossus robustus,Cynoglossus robustus,cynoglossus-robustus,INSERT,draft,pending,25,C,척추동물,Teleostei,Carangiformes,"Cynoglossidae Jordan, 1888"
NEW_SPECIES,BM-SPECIES-000572,MBRIS:척추동물:574,보섭서대,Symphurus orientalis,Symphurus orientalis,symphurus-orientalis,INSERT,draft,pending,25,C,척추동물,Teleostei,Carangiformes,"Cynoglossidae Jordan, 1888"
NEW_SPECIES,BM-SPECIES-000573,MBRIS:척추동물:575,긴코보섭서대,Symphurus longirostris,Symphurus longirostris,symphurus-longirostris,INSERT,draft,pending,25,C,척추동물,Teleostei,Carangiformes,"Cynoglossidae Jordan, 1888"
NEW_SPECIES,BM-SPECIES-000574,MBRIS:척추동물:576,흑대기,Paraplagusia japonica,Paraplagusia japonica,paraplagusia-japonica,INSERT,draft,pending,25,C,척추동물,Teleostei,Carangiformes,"Cynoglossidae Jordan, 1888"
NEW_SPECIES,BM-SPECIES-000575,MBRIS:척추동물:577,까나리,Ammodytes japonicus,Ammodytes japonicus,ammodytes-japonicus,INSERT,draft,pending,25,C,척추동물,Teleostei,Labriformes,"Ammodytidae Bonaparte, 1835"
NEW_SPECIES,BM-SPECIES-000577,MBRIS:척추동물:579,다섯줄양동미리,Parapercis muronis,Parapercis muronis,parapercis-muronis,INSERT,draft,pending,25,C,척추동물,Teleostei,Labriformes,"Pinguipedidae Günther, 1860"
NEW_SPECIES,BM-SPECIES-000579,MBRIS:척추동물:581,황쌍동가리,Parapercis aurantiaca,Parapercis aurantiaca,parapercis-aurantiaca,INSERT,draft,pending,25,C,척추동물,Teleostei,Labriformes,"Pinguipedidae Günther, 1860"
NEW_SPECIES,BM-SPECIES-000580,MBRIS:척추동물:582,열쌍동가리,Parapercis multifasciata,Parapercis multifasciata,parapercis-multifasciata,INSERT,draft,pending,25,C,척추동물,Teleostei,Labriformes,"Pinguipedidae Günther, 1860"
NEW_SPECIES,BM-SPECIES-000581,MBRIS:척추동물:583,눈동미리,Parapercis pulchella,Parapercis pulchella,parapercis-pulchella,INSERT,draft,pending,25,C,척추동물,Teleostei,Labriformes,"Pinguipedidae Günther, 1860"
NEW_SPECIES,BM-SPECIES-000582,MBRIS:척추동물:584,동미리,Parapercis snyderi,Parapercis snyderi,parapercis-snyderi,INSERT,draft,pending,25,C,척추동물,Teleostei,Labriformes,"Pinguipedidae Günther, 1860"
NEW_SPECIES,BM-SPECIES-000583,MBRIS:척추동물:585,노랑열동가리,Parapercis decemfasciata,Parapercis decemfasciata,parapercis-decemfasciata,INSERT,draft,pending,25,C,척추동물,Teleostei,Labriformes,"Pinguipedidae Günther, 1860"
NEW_SPECIES,BM-SPECIES-000584,MBRIS:척추동물:586,호박돔,Choerodon azurio,Choerodon azurio,choerodon-azurio,INSERT,draft,pending,25,C,척추동물,Teleostei,Labriformes,"Labridae Cuvier, 1816"
NEW_SPECIES,BM-SPECIES-000585,MBRIS:척추동물:587,빗살아씨놀래기,Coris picta,Coris picta,coris-picta,INSERT,draft,pending,25,C,척추동물,Teleostei,Labriformes,"Labridae Cuvier, 1816"
NEW_SPECIES,BM-SPECIES-000586,MBRIS:척추동물:588,감귤아씨놀래기,Coris dorsomacula,Coris dorsomacula,coris-dorsomacula,INSERT,draft,pending,25,C,척추동물,Teleostei,Labriformes,"Labridae Cuvier, 1816"
NEW_SPECIES,BM-SPECIES-000587,MBRIS:척추동물:589,황놀래기,Pseudolabrus sieboldi,Pseudolabrus sieboldi,pseudolabrus-sieboldi,INSERT,draft,pending,25,C,척추동물,Teleostei,Labriformes,"Labridae Cuvier, 1816"
NEW_SPECIES,BM-SPECIES-000588,MBRIS:척추동물:590,무점황놀래기,Pseudolabrus eoethinus,Pseudolabrus eoethinus,pseudolabrus-eoethinus,INSERT,draft,pending,25,C,척추동물,Teleostei,Labriformes,"Labridae Cuvier, 1816"
NEW_SPECIES,BM-SPECIES-000589,MBRIS:척추동물:591,비단놀래기,Thalassoma purpureum,Thalassoma purpureum,thalassoma-purpureum,INSERT,draft,pending,25,C,척추동물,Teleostei,Labriformes,"Labridae Cuvier, 1816"
NEW_SPECIES,BM-SPECIES-000590,MBRIS:척추동물:592,색동놀래기,Thalassoma amblycephalum,Thalassoma amblycephalum,thalassoma-amblycephalum,INSERT,draft,pending,25,C,척추동물,Teleostei,Labriformes,"Labridae Cuvier, 1816"
NEW_SPECIES,BM-SPECIES-000591,MBRIS:척추동물:593,고생놀래기,Thalassoma cupido,Thalassoma cupido,thalassoma-cupido,INSERT,draft,pending,25,C,척추동물,Teleostei,Labriformes,"Labridae Cuvier, 1816"
NEW_SPECIES,BM-SPECIES-000592,MBRIS:척추동물:594,녹색물결놀래기,Thalassoma lunare,Thalassoma lunare,thalassoma-lunare,INSERT,draft,pending,25,C,척추동물,Teleostei,Labriformes,"Labridae Cuvier, 1816"
NEW_SPECIES,BM-SPECIES-000593,MBRIS:척추동물:595,다섯줄색동놀래기,Thalassoma quinquevittatum,Thalassoma quinquevittatum,thalassoma-quinquevittatum,INSERT,draft,pending,25,C,척추동물,Teleostei,Labriformes,"Labridae Cuvier, 1816"
NEW_SPECIES,BM-SPECIES-000595,MBRIS:척추동물:597,실놀래기,Suezichthys gracilis,Suezichthys gracilis,suezichthys-gracilis,INSERT,draft,pending,25,C,척추동물,Teleostei,Labriformes,"Labridae Cuvier, 1816"
NEW_SPECIES,BM-SPECIES-000596,MBRIS:척추동물:598,어렝놀래기,Pteragogus aurigarius,Pteragogus aurigarius,pteragogus-aurigarius,INSERT,draft,pending,25,C,척추동물,Teleostei,Labriformes,"Labridae Cuvier, 1816"
NEW_SPECIES,BM-SPECIES-000597,MBRIS:척추동물:599,꼬치놀래기,Cheilio inermis,Cheilio inermis,cheilio-inermis,INSERT,draft,pending,25,C,척추동물,Teleostei,Labriformes,"Labridae Cuvier, 1816"
NEW_SPECIES,BM-SPECIES-000598,MBRIS:척추동물:600,파랑비늘돔,Scarus ovifrons,Scarus ovifrons,scarus-ovifrons,INSERT,draft,pending,25,C,척추동물,Teleostei,Labriformes,"Labridae Cuvier, 1816"
NEW_SPECIES,BM-SPECIES-000599,MBRIS:척추동물:601,두점긴주둥이놀래기,Oxycheilinus bimaculatus,Oxycheilinus bimaculatus,oxycheilinus-bimaculatus,INSERT,draft,pending,25,C,척추동물,Teleostei,Labriformes,"Labridae Cuvier, 1816"
NEW_SPECIES,BM-SPECIES-000600,MBRIS:척추동물:602,세줄무지개놀래기,Stethojulis trilineata,Stethojulis trilineata,stethojulis-trilineata,INSERT,draft,pending,25,C,척추동물,Teleostei,Labriformes,"Labridae Cuvier, 1816"
NEW_SPECIES,BM-SPECIES-000601,MBRIS:척추동물:603,주황점무지개놀래기,Stethojulis bandanensis,Stethojulis bandanensis,stethojulis-bandanensis,INSERT,draft,pending,25,C,척추동물,Teleostei,Labriformes,"Labridae Cuvier, 1816"
NEW_SPECIES,BM-SPECIES-000602,MBRIS:척추동물:604,무지개놀래기,Stethojulis terina,Stethojulis terina,stethojulis-terina,INSERT,draft,pending,25,C,척추동물,Teleostei,Labriformes,"Labridae Cuvier, 1816"
NEW_SPECIES,BM-SPECIES-000603,MBRIS:척추동물:605,청줄청소놀래기,Labroides dimidiatus,Labroides dimidiatus,labroides-dimidiatus,INSERT,draft,pending,25,C,척추동물,Teleostei,Labriformes,"Labridae Cuvier, 1816"
NEW_SPECIES,BM-SPECIES-000604,MBRIS:척추동물:606,사랑놀래기,Bodianus oxycephalus,Bodianus oxycephalus,bodianus-oxycephalus,INSERT,draft,pending,25,C,척추동물,Teleostei,Labriformes,"Labridae Cuvier, 1816"
NEW_SPECIES,BM-SPECIES-000605,MBRIS:척추동물:607,사당놀래기,Bodianus bilunulatus,Bodianus bilunulatus,bodianus-bilunulatus,INSERT,draft,pending,25,C,척추동물,Teleostei,Labriformes,"Labridae Cuvier, 1816"
NEW_SPECIES,BM-SPECIES-000606,MBRIS:척추동물:608,얼룩사당놀래기,Bodianus diana,Bodianus diana,bodianus-diana,INSERT,draft,pending,25,C,척추동물,Teleostei,Labriformes,"Labridae Cuvier, 1816"
NEW_SPECIES,BM-SPECIES-000608,MBRIS:척추동물:610,장미옥두놀래기,Iniistius verrens,Iniistius verrens,iniistius-verrens,INSERT,draft,pending,25,C,척추동물,Teleostei,Labriformes,"Labridae Cuvier, 1816"
NEW_SPECIES,BM-SPECIES-000609,MBRIS:척추동물:611,옥두놀래기,Iniistius dea,Iniistius dea,iniistius-dea,INSERT,draft,pending,25,C,척추동물,Teleostei,Labriformes,"Labridae Cuvier, 1816"
NEW_SPECIES,BM-SPECIES-000610,MBRIS:척추동물:612,실용치,Cirrhilabrus temminckii,Cirrhilabrus temminckii,cirrhilabrus-temminckii,INSERT,draft,pending,25,C,척추동물,Teleostei,Labriformes,"Labridae Cuvier, 1816"
NEW_SPECIES,BM-SPECIES-000611,MBRIS:척추동물:613,은하수놀래기,Macropharyngodon negrosensis,Macropharyngodon negrosensis,macropharyngodon-negrosensis,INSERT,draft,pending,25,C,척추동물,Teleostei,Labriformes,"Labridae Cuvier, 1816"
NEW_SPECIES,BM-SPECIES-000612,MBRIS:척추동물:614,파라다이스놀래기,Pseudojuloides paradiseus,Pseudojuloides paradiseus,pseudojuloides-paradiseus,INSERT,draft,pending,25,C,척추동물,Teleostei,Labriformes,"Labridae Cuvier, 1816"
NEW_SPECIES,BM-SPECIES-000613,MBRIS:척추동물:615,비늘돔,Calotomus japonicus,Calotomus japonicus,calotomus-japonicus,INSERT,draft,pending,25,C,척추동물,Teleostei,Labriformes,"Labridae Cuvier, 1816"
NEW_SPECIES,BM-SPECIES-000614,MBRIS:척추동물:616,용치놀래기,Leptojulis poecilepterus,Leptojulis poecilepterus,leptojulis-poecilepterus,INSERT,draft,pending,25,C,척추동물,Teleostei,Labriformes,"Labridae Cuvier, 1816"
NEW_SPECIES,BM-SPECIES-000615,MBRIS:척추동물:617,비늘통구멍,Uranoscopus tosae,Uranoscopus tosae,uranoscopus-tosae,INSERT,draft,pending,25,C,척추동물,Teleostei,Labriformes,"Uranoscopidae Bonaparte, 1831"
NEW_SPECIES,BM-SPECIES-000616,MBRIS:척추동물:618,통구멩이,Uranoscopus bicinctus,Uranoscopus bicinctus,uranoscopus-bicinctus,INSERT,draft,pending,25,C,척추동물,Teleostei,Labriformes,"Uranoscopidae Bonaparte, 1831"
NEW_SPECIES,BM-SPECIES-000617,MBRIS:척추동물:619,얼룩통구멍,Uranoscopus japonicus,Uranoscopus japonicus,uranoscopus-japonicus,INSERT,draft,pending,25,C,척추동물,Teleostei,Labriformes,"Uranoscopidae Bonaparte, 1831"
NEW_SPECIES,BM-SPECIES-000618,MBRIS:척추동물:620,민통구멍,Uranoscopus oligolepis,Uranoscopus oligolepis,uranoscopus-oligolepis,INSERT,draft,pending,25,C,척추동물,Teleostei,Labriformes,"Uranoscopidae Bonaparte, 1831"
NEW_SPECIES,BM-SPECIES-000619,MBRIS:척추동물:621,푸렁통구멍,Xenocephalus elongatus,Xenocephalus elongatus,xenocephalus-elongatus,INSERT,draft,pending,25,C,척추동물,Teleostei,Labriformes,"Uranoscopidae Bonaparte, 1831"
NEW_SPECIES,BM-SPECIES-000620,MBRIS:척추동물:622,큰무늬통구멍,Ichthyscopus pollicaris,Ichthyscopus pollicaris,ichthyscopus-pollicaris,INSERT,draft,pending,25,C,척추동물,Teleostei,Labriformes,"Uranoscopidae Bonaparte, 1831"
NEW_SPECIES,BM-SPECIES-000621,MBRIS:척추동물:623,철갑둥어,Monocentris japonica,Monocentris japonica,monocentris-japonica,INSERT,draft,pending,25,C,척추동물,Teleostei,Trachichthyiformes,"Monocentridae Gill, 1859"
NEW_SPECIES,BM-SPECIES-000622,MBRIS:척추동물:624,남방철갑둥어,Monocentris chrysadamas,Monocentris chrysadamas,monocentris-chrysadamas,INSERT,draft,pending,25,C,척추동물,Teleostei,Trachichthyiformes,"Monocentridae Gill, 1859"
NEW_SPECIES,BM-SPECIES-000623,MBRIS:척추동물:625,납작금눈돔,Gephyroberyx darwinii,Gephyroberyx darwinii,gephyroberyx-darwinii,INSERT,draft,pending,25,C,척추동물,Teleostei,Trachichthyiformes,"Trachichthyidae Bleeker, 1856"
NEW_SPECIES,BM-SPECIES-000624,MBRIS:척추동물:626,은줄금눈돔,Aulotrachichthys prosthemius,Aulotrachichthys prosthemius,aulotrachichthys-prosthemius,INSERT,draft,pending,25,C,척추동물,Teleostei,Trachichthyiformes,"Trachichthyidae Bleeker, 1856"
NEW_SPECIES,BM-SPECIES-000626,MBRIS:척추동물:628,갈은상어,Hydrolagus mitsukurii,Hydrolagus mitsukurii,hydrolagus-mitsukurii,INSERT,draft,pending,25,C,척추동물,Holocephali,Chimaeriformes,"Chimaeridae Rafinesque, 1815"
NEW_SPECIES,BM-SPECIES-000627,MBRIS:척추동물:629,점수구리,Rhinobatos hynnicephalus,Rhinobatos hynnicephalus,rhinobatos-hynnicephalus,INSERT,draft,pending,25,C,척추동물,Elasmobranchii,Rhinopristiformes,"Rhinobatidae Bonaparte, 1835"
NEW_SPECIES,BM-SPECIES-000628,MBRIS:척추동물:630,가래상어,Rhinobatos schlegelii,Rhinobatos schlegelii,rhinobatos-schlegelii,INSERT,draft,pending,25,C,척추동물,Elasmobranchii,Rhinopristiformes,"Rhinobatidae Bonaparte, 1835"
NEW_SPECIES,BM-SPECIES-000629,MBRIS:척추동물:631,목탁수구리,Rhina ancylostomus,Rhina ancylostomus,rhina-ancylostomus,INSERT,draft,pending,25,C,척추동물,Elasmobranchii,Rhinopristiformes,"Rhinidae Müller & Henle, 1841"
NEW_SPECIES,BM-SPECIES-000630,MBRIS:척추동물:632,동수구리,Rhynchobatus australiae,Rhynchobatus australiae,rhynchobatus-australiae,INSERT,draft,pending,25,C,척추동물,Elasmobranchii,Rhinopristiformes,"Rhinidae Müller & Henle, 1841"
NEW_SPECIES,BM-SPECIES-000631,MBRIS:척추동물:633,전자리상어,Squatina japonica,Squatina japonica,squatina-japonica,INSERT,draft,pending,25,C,척추동물,Elasmobranchii,Squatiniformes,"Squatinidae de Blainville, 1816"
NEW_SPECIES,BM-SPECIES-000632,MBRIS:척추동물:634,범수구리,Squatina nebulosa,Squatina nebulosa,squatina-nebulosa,INSERT,draft,pending,25,C,척추동물,Elasmobranchii,Squatiniformes,"Squatinidae de Blainville, 1816"
NEW_SPECIES,BM-SPECIES-000633,MBRIS:척추동물:635,고래상어,Rhincodon typus,Rhincodon typus,rhincodon-typus,INSERT,draft,pending,25,C,척추동물,Elasmobranchii,Orectolobiformes,"Rhincodontidae Müller & Henle, 1841"
NEW_SPECIES,BM-SPECIES-000634,MBRIS:척추동물:636,수염상어,Orectolobus japonicus,Orectolobus japonicus,orectolobus-japonicus,INSERT,draft,pending,25,C,척추동물,Elasmobranchii,Orectolobiformes,"Orectolobidae Gill, 1896"
NEW_SPECIES,BM-SPECIES-000635,MBRIS:척추동물:637,얼룩상어,Chiloscyllium plagiosum,Chiloscyllium plagiosum,chiloscyllium-plagiosum,INSERT,draft,pending,25,C,척추동물,Elasmobranchii,Orectolobiformes,"Hemiscylliidae Gill, 1862"
NEW_SPECIES,BM-SPECIES-000636,MBRIS:척추동물:638,톱상어,Pristiophorus japonicus,Pristiophorus japonicus,pristiophorus-japonicus,INSERT,draft,pending,25,C,척추동물,Elasmobranchii,Pristiophoriformes,"Pristiophoridae Bleeker, 1859"
NEW_SPECIES,BM-SPECIES-000637,MBRIS:척추동물:639,괭이상어,Heterodontus japonicus,Heterodontus japonicus,heterodontus-japonicus,INSERT,draft,pending,25,C,척추동물,Elasmobranchii,Heterodontiformes,"Heterodontidae Gray, 1851"
NEW_SPECIES,BM-SPECIES-000638,MBRIS:척추동물:640,삿징이상어,Heterodontus zebra,Heterodontus zebra,heterodontus-zebra,INSERT,draft,pending,25,C,척추동물,Elasmobranchii,Heterodontiformes,"Heterodontidae Gray, 1851"
NEW_SPECIES,BM-SPECIES-000639,MBRIS:척추동물:641,칠성상어,Notorynchus cepedianus,Notorynchus cepedianus,notorynchus-cepedianus,INSERT,draft,pending,25,C,척추동물,Elasmobranchii,Hexanchiformes,"Hexanchidae Gray, 1851"
NEW_SPECIES,BM-SPECIES-000640,MBRIS:척추동물:642,꼬리기름상어,Heptranchias perlo,Heptranchias perlo,heptranchias-perlo,INSERT,draft,pending,25,C,척추동물,Elasmobranchii,Hexanchiformes,"Hexanchidae Gray, 1851"
NEW_SPECIES,BM-SPECIES-000641,MBRIS:척추동물:643,기름상어,Hexanchus griseus,Hexanchus griseus,hexanchus-griseus,INSERT,draft,pending,25,C,척추동물,Elasmobranchii,Hexanchiformes,"Hexanchidae Gray, 1851"
NEW_SPECIES,BM-SPECIES-000643,MBRIS:척추동물:645,도랑가오리,Dipturus macrocauda,Dipturus macrocauda,dipturus-macrocauda,INSERT,draft,pending,25,C,척추동물,Elasmobranchii,Rajiformes,"Rajidae de Blainville, 1816"
NEW_SPECIES,BM-SPECIES-000644,MBRIS:척추동물:646,살홍어,Dipturus tengu,Dipturus tengu,dipturus-tengu,INSERT,draft,pending,25,C,척추동물,Elasmobranchii,Rajiformes,"Rajidae de Blainville, 1816"
NEW_SPECIES,BM-SPECIES-000645,MBRIS:척추동물:647,광동홍어,Dipturus kwangtungensis,Dipturus kwangtungensis,dipturus-kwangtungensis,INSERT,draft,pending,25,C,척추동물,Elasmobranchii,Rajiformes,"Rajidae de Blainville, 1816"
NEW_SPECIES,BM-SPECIES-000646,MBRIS:척추동물:648,오동가오리,Okamejei meerdervoortii,Okamejei meerdervoortii,okamejei-meerdervoortii,INSERT,draft,pending,25,C,척추동물,Elasmobranchii,Rajiformes,"Rajidae de Blainville, 1816"
NEW_SPECIES,BM-SPECIES-000647,MBRIS:척추동물:649,무늬홍어,Okamejei acutispina,Okamejei acutispina,okamejei-acutispina,INSERT,draft,pending,25,C,척추동물,Elasmobranchii,Rajiformes,"Rajidae de Blainville, 1816"
NEW_SPECIES,BM-SPECIES-000648,MBRIS:척추동물:650,깨알홍어,Okamejei boesemani,Okamejei boesemani,okamejei-boesemani,INSERT,draft,pending,25,C,척추동물,Elasmobranchii,Rajiformes,"Rajidae de Blainville, 1816"
NEW_SPECIES,BM-SPECIES-000650,MBRIS:척추동물:652,고려홍어,Hongeo koreanus,Hongeo koreanus,hongeo-koreanus,INSERT,draft,pending,25,C,척추동물,Elasmobranchii,Rajiformes,"Rajidae de Blainville, 1816"
NEW_SPECIES,BM-SPECIES-000651,MBRIS:척추동물:653,바닥가오리,Bathyraja bergi,Bathyraja bergi,bathyraja-bergi,INSERT,draft,pending,25,C,척추동물,Elasmobranchii,Rajiformes,"Arhynchobatidae Fowler, 1934"
NEW_SPECIES,BM-SPECIES-000652,MBRIS:척추동물:654,금가오리,Bathyraja smirnovi,Bathyraja smirnovi,bathyraja-smirnovi,INSERT,draft,pending,25,C,척추동물,Elasmobranchii,Rajiformes,"Arhynchobatidae Fowler, 1934"
NEW_SPECIES,BM-SPECIES-000653,MBRIS:척추동물:655,저자가오리,Bathyraja isotrachys,Bathyraja isotrachys,bathyraja-isotrachys,INSERT,draft,pending,25,C,척추동물,Elasmobranchii,Rajiformes,"Arhynchobatidae Fowler, 1934"
NEW_SPECIES,BM-SPECIES-000655,MBRIS:척추동물:657,환도상어,Alopias pelagicus,Alopias pelagicus,alopias-pelagicus,INSERT,draft,pending,25,C,척추동물,Elasmobranchii,Lamniformes,"Alopiidae Bonaparte, 1835"
NEW_SPECIES,BM-SPECIES-000656,MBRIS:척추동물:658,흰배환도상어,Alopias vulpinus,Alopias vulpinus,alopias-vulpinus,INSERT,draft,pending,25,C,척추동물,Elasmobranchii,Lamniformes,"Alopiidae Bonaparte, 1835"
NEW_SPECIES,BM-SPECIES-000657,MBRIS:척추동물:659,큰눈환도상어,Alopias superciliosus,Alopias superciliosus,alopias-superciliosus,INSERT,draft,pending,25,C,척추동물,Elasmobranchii,Lamniformes,"Alopiidae Bonaparte, 1835"
NEW_SPECIES,BM-SPECIES-000658,MBRIS:척추동물:660,강남상어,Pseudocarcharias kamoharai,Pseudocarcharias kamoharai,pseudocarcharias-kamoharai,INSERT,draft,pending,25,C,척추동물,Elasmobranchii,Lamniformes,"Pseudocarchariidae Taylor, Compagno & Struhsaker, 1983"
NEW_SPECIES,BM-SPECIES-000659,MBRIS:척추동물:661,백상아리,Carcharodon carcharias,Carcharodon carcharias,carcharodon-carcharias,INSERT,draft,pending,25,C,척추동물,Elasmobranchii,Lamniformes,"Lamnidae Bonaparte, 1835"
NEW_SPECIES,BM-SPECIES-000660,MBRIS:척추동물:662,청상아리,Isurus oxyrinchus,Isurus oxyrinchus,isurus-oxyrinchus,INSERT,draft,pending,25,C,척추동물,Elasmobranchii,Lamniformes,"Lamnidae Bonaparte, 1835"
NEW_SPECIES,BM-SPECIES-000661,MBRIS:척추동물:663,악상어,Lamna ditropis,Lamna ditropis,lamna-ditropis,INSERT,draft,pending,25,C,척추동물,Elasmobranchii,Lamniformes,"Lamnidae Bonaparte, 1835"
NEW_SPECIES,BM-SPECIES-000663,MBRIS:척추동물:665,홍살귀상어,Sphyrna lewini,Sphyrna lewini,sphyrna-lewini,INSERT,draft,pending,25,C,척추동물,Elasmobranchii,Carcharhiniformes,"Sphyrnidae Bonaparte, 1840"
NEW_SPECIES,BM-SPECIES-000664,MBRIS:척추동물:666,아구상어,Rhizoprionodon oligolinx,Rhizoprionodon oligolinx,rhizoprionodon-oligolinx,INSERT,draft,pending,25,C,척추동물,Elasmobranchii,Carcharhiniformes,"Carcharhinidae Jordan & Evermann, 1896"
NEW_SPECIES,BM-SPECIES-000665,MBRIS:척추동물:667,펜두상어,Rhizoprionodon acutus,Rhizoprionodon acutus,rhizoprionodon-acutus,INSERT,draft,pending,25,C,척추동물,Elasmobranchii,Carcharhiniformes,"Carcharhinidae Jordan & Evermann, 1896"
NEW_SPECIES,BM-SPECIES-000666,MBRIS:척추동물:668,납작주둥이상어,Scoliodon laticaudus,Scoliodon laticaudus,scoliodon-laticaudus,INSERT,draft,pending,25,C,척추동물,Elasmobranchii,Carcharhiniformes,"Carcharhinidae Jordan & Evermann, 1896"
NEW_SPECIES,BM-SPECIES-000667,MBRIS:척추동물:669,흰뺨상어,Carcharhinus tjutjot,Carcharhinus tjutjot,carcharhinus-tjutjot,INSERT,draft,pending,25,C,척추동물,Elasmobranchii,Carcharhiniformes,"Carcharhinidae Jordan & Evermann, 1896"
NEW_SPECIES,BM-SPECIES-000668,MBRIS:척추동물:670,남방상어,Carcharhinus limbatus,Carcharhinus limbatus,carcharhinus-limbatus,INSERT,draft,pending,25,C,척추동물,Elasmobranchii,Carcharhiniformes,"Carcharhinidae Jordan & Evermann, 1896"
NEW_SPECIES,BM-SPECIES-000669,MBRIS:척추동물:671,검은꼬리상어,Carcharhinus sorrah,Carcharhinus sorrah,carcharhinus-sorrah,INSERT,draft,pending,25,C,척추동물,Elasmobranchii,Carcharhiniformes,"Carcharhinidae Jordan & Evermann, 1896"
NEW_SPECIES,BM-SPECIES-000670,MBRIS:척추동물:672,흑상어,Carcharhinus obscurus,Carcharhinus obscurus,carcharhinus-obscurus,INSERT,draft,pending,25,C,척추동물,Elasmobranchii,Carcharhiniformes,"Carcharhinidae Jordan & Evermann, 1896"
NEW_SPECIES,BM-SPECIES-000671,MBRIS:척추동물:673,흉상어,Carcharhinus plumbeus,Carcharhinus plumbeus,carcharhinus-plumbeus,INSERT,draft,pending,25,C,척추동물,Elasmobranchii,Carcharhiniformes,"Carcharhinidae Jordan & Evermann, 1896"
NEW_SPECIES,BM-SPECIES-000672,MBRIS:척추동물:674,무태상어,Carcharhinus brachyurus,Carcharhinus brachyurus,carcharhinus-brachyurus,INSERT,draft,pending,25,C,척추동물,Elasmobranchii,Carcharhiniformes,"Carcharhinidae Jordan & Evermann, 1896"
NEW_SPECIES,BM-SPECIES-000674,MBRIS:척추동물:676,별상어,Mustelus manazo,Mustelus manazo,mustelus-manazo,INSERT,draft,pending,25,C,척추동물,Elasmobranchii,Carcharhiniformes,"Triakidae Gray, 1851"
NEW_SPECIES,BM-SPECIES-000675,MBRIS:척추동물:677,개상어,Mustelus griseus,Mustelus griseus,mustelus-griseus,INSERT,draft,pending,25,C,척추동물,Elasmobranchii,Carcharhiniformes,"Triakidae Gray, 1851"
NEW_SPECIES,BM-SPECIES-000677,MBRIS:척추동물:679,행락상어,Hemitriakis japanica,Hemitriakis japanica,hemitriakis-japanica,INSERT,draft,pending,25,C,척추동물,Elasmobranchii,Carcharhiniformes,"Triakidae Gray, 1851"
NEW_SPECIES,BM-SPECIES-000678,MBRIS:척추동물:680,복상어,Cephaloscyllium umbratile,Cephaloscyllium umbratile,cephaloscyllium-umbratile,INSERT,draft,pending,25,C,척추동물,Elasmobranchii,Carcharhiniformes,"Scyliorhinidae Gill, 1862"
NEW_SPECIES,BM-SPECIES-000679,MBRIS:척추동물:681,두툽상어,Scyliorhinus torazame,Scyliorhinus torazame,scyliorhinus-torazame,INSERT,draft,pending,25,C,척추동물,Elasmobranchii,Carcharhiniformes,"Scyliorhinidae Gill, 1862"
NEW_SPECIES,BM-SPECIES-000680,MBRIS:척추동물:682,표범상어,Proscyllium habereri,Proscyllium habereri,proscyllium-habereri,INSERT,draft,pending,25,C,척추동물,Elasmobranchii,Carcharhiniformes,"Proscylliidae Fowler, 1941"
NEW_SPECIES,BM-SPECIES-000681,MBRIS:척추동물:683,뱀상어,Galeocerdo cuvier,Galeocerdo cuvier,galeocerdo-cuvier,INSERT,draft,pending,25,C,척추동물,Elasmobranchii,Carcharhiniformes,"Galeocerdonidae Poey, 1875"
NEW_SPECIES,BM-SPECIES-000682,MBRIS:척추동물:684,불범상어,Halaelurus buergeri,Halaelurus buergeri,halaelurus-buergeri,INSERT,draft,pending,25,C,척추동물,Elasmobranchii,Carcharhiniformes,"Pentanchidae Smith, 1912"
NEW_SPECIES,BM-SPECIES-000683,MBRIS:척추동물:685,목탁가오리,Platyrhina tangi,Platyrhina tangi,platyrhina-tangi,INSERT,draft,pending,25,C,척추동물,Elasmobranchii,Torpediniformes,"Platyrhinidae Jordan, 1923"
NEW_SPECIES,BM-SPECIES-000685,MBRIS:척추동물:687,모조리상어,Squalus brevirostris,Squalus brevirostris,squalus-brevirostris,INSERT,draft,pending,25,C,척추동물,Elasmobranchii,Squaliformes,"Squalidae de Blainville, 1816"
NEW_SPECIES,BM-SPECIES-000686,MBRIS:척추동물:688,돔발상어,Squalus mitsukurii,Squalus mitsukurii,squalus-mitsukurii,INSERT,draft,pending,25,C,척추동물,Elasmobranchii,Squaliformes,"Squalidae de Blainville, 1816"
NEW_SPECIES,BM-SPECIES-000687,MBRIS:척추동물:689,곱상어,Squalus suckleyi,Squalus suckleyi,squalus-suckleyi,INSERT,draft,pending,25,C,척추동물,Elasmobranchii,Squaliformes,"Squalidae de Blainville, 1816"
NEW_SPECIES,BM-SPECIES-000688,MBRIS:척추동물:690,도돔발상어,Squalus japonicus,Squalus japonicus,squalus-japonicus,INSERT,draft,pending,25,C,척추동물,Elasmobranchii,Squaliformes,"Squalidae de Blainville, 1816"
NEW_SPECIES,BM-SPECIES-000689,MBRIS:척추동물:691,잿빛잠상어,Somniosus pacificus,Somniosus pacificus,somniosus-pacificus,INSERT,draft,pending,25,C,척추동물,Elasmobranchii,Squaliformes,"Somniosidae Jordan, 1888"
NEW_SPECIES,BM-SPECIES-000690,MBRIS:척추동물:692,가시줄상어,Etmopterus lucifer,Etmopterus lucifer,etmopterus-lucifer,INSERT,draft,pending,25,C,척추동물,Elasmobranchii,Squaliformes,"Etmopteridae Fowler, 1934"
NEW_SPECIES,BM-SPECIES-000691,MBRIS:척추동물:693,나비가오리,Gymnura japonica,Gymnura japonica,gymnura-japonica,INSERT,draft,pending,25,C,척추동물,Elasmobranchii,Myliobatiformes,"Gymnuridae Fowler, 1934"
NEW_SPECIES,BM-SPECIES-000692,MBRIS:척추동물:694,흰가오리,Urolophus aurantiacus,Urolophus aurantiacus,urolophus-aurantiacus,INSERT,draft,pending,25,C,척추동물,Elasmobranchii,Myliobatiformes,"Urolophidae Müller & Henle, 1841"
NEW_SPECIES,BM-SPECIES-000693,MBRIS:척추동물:695,갈색가오리,Hemitrygon sinensis,Hemitrygon sinensis,hemitrygon-sinensis,INSERT,draft,pending,25,C,척추동물,Elasmobranchii,Myliobatiformes,"Dasyatidae Jordan & Gilbert, 1879"
NEW_SPECIES,BM-SPECIES-000694,MBRIS:척추동물:696,이주갈색가오리,Hemitrygon izuensis,Hemitrygon izuensis,hemitrygon-izuensis,INSERT,draft,pending,25,C,척추동물,Elasmobranchii,Myliobatiformes,"Dasyatidae Jordan & Gilbert, 1879"
NEW_SPECIES,BM-SPECIES-000696,MBRIS:척추동물:698,보라색가오리,Pteroplatytrygon violacea,Pteroplatytrygon violacea,pteroplatytrygon-violacea,INSERT,draft,pending,25,C,척추동물,Elasmobranchii,Myliobatiformes,"Dasyatidae Jordan & Gilbert, 1879"
NEW_SPECIES,BM-SPECIES-000697,MBRIS:척추동물:699,꽁지가오리,Neotrygon kuhlii,Neotrygon kuhlii,neotrygon-kuhlii,INSERT,draft,pending,25,C,척추동물,Elasmobranchii,Myliobatiformes,"Dasyatidae Jordan & Gilbert, 1879"
NEW_SPECIES,BM-SPECIES-000698,MBRIS:척추동물:700,흑가오리,Bathytoshia brevicaudata,Bathytoshia brevicaudata,bathytoshia-brevicaudata,INSERT,draft,pending,25,C,척추동물,Elasmobranchii,Myliobatiformes,"Dasyatidae Jordan & Gilbert, 1879"
NEW_SPECIES,BM-SPECIES-000699,MBRIS:척추동물:701,긴코가오리,Telatrygon acutirostra,Telatrygon acutirostra,telatrygon-acutirostra,INSERT,draft,pending,25,C,척추동물,Elasmobranchii,Myliobatiformes,"Dasyatidae Jordan & Gilbert, 1879"
NEW_SPECIES,BM-SPECIES-000700,MBRIS:척추동물:702,청달래가오리,Telatrygon zugei,Telatrygon zugei,telatrygon-zugei,INSERT,draft,pending,25,C,척추동물,Elasmobranchii,Myliobatiformes,"Dasyatidae Jordan & Gilbert, 1879"
NEW_SPECIES,BM-SPECIES-000701,MBRIS:척추동물:703,매가오리,Myliobatis tobijei,Myliobatis tobijei,myliobatis-tobijei,INSERT,draft,pending,25,C,척추동물,Elasmobranchii,Myliobatiformes,"Myliobatidae Bonaparte, 1835"
NEW_SPECIES,BM-SPECIES-000702,MBRIS:척추동물:704,긴꼬리흰가오리,Plesiobatis daviesi,Plesiobatis daviesi,plesiobatis-daviesi,INSERT,draft,pending,25,C,척추동물,Elasmobranchii,Myliobatiformes,"Plesiobatidae Nishida, 1990"
NEW_SPECIES,BM-SPECIES-000703,MBRIS:척추동물:705,박쥐가오리,Aetobatus narutobiei,Aetobatus narutobiei,aetobatus-narutobiei,INSERT,draft,pending,25,C,척추동물,Elasmobranchii,Myliobatiformes,"Aetobatidae Agassiz, 1858"
NEW_SPECIES,BM-SPECIES-000704,MBRIS:척추동물:706,매끈꼬리쥐가오리,Mobula thurstoni,Mobula thurstoni,mobula-thurstoni,INSERT,draft,pending,25,C,척추동물,Elasmobranchii,Myliobatiformes,"Mobulidae Gill, 1893"
NEW_SPECIES,BM-SPECIES-000705,MBRIS:척추동물:707,쥐가오리,Mobula mobular,Mobula mobular,mobula-mobular,INSERT,draft,pending,25,C,척추동물,Elasmobranchii,Myliobatiformes,"Mobulidae Gill, 1893"
NEW_SPECIES,BM-SPECIES-000706,MBRIS:척추동물:708,가시비늘상어,Echinorhinus cookei,Echinorhinus cookei,echinorhinus-cookei,INSERT,draft,pending,25,C,척추동물,Elasmobranchii,Echinorhiniformes,"Echinorhinidae Gill, 1862"
NEW_SPECIES,BM-SPECIES-000707,MBRIS:척추동물:709,칼상어,Acipenser dabryanus,Acipenser dabryanus,acipenser-dabryanus,INSERT,draft,pending,25,C,척추동물,Chondrostei,Acipenseriformes,"Acipenseridae Bonaparte, 1831"
NEW_SPECIES,BM-SPECIES-000708,MBRIS:척추동물:710,철갑상어,Acipenser sinensis,Acipenser sinensis,acipenser-sinensis,INSERT,draft,pending,25,C,척추동물,Chondrostei,Acipenseriformes,"Acipenseridae Bonaparte, 1831"
NEW_SPECIES,BM-SPECIES-000709,MBRIS:척추동물:711,용상어,Acipenser mikadoi,Acipenser mikadoi,acipenser-mikadoi,INSERT,draft,pending,25,C,척추동물,Chondrostei,Acipenseriformes,"Acipenseridae Bonaparte, 1831"
NEW_SPECIES,BM-SPECIES-000711,MBRIS:척추동물:713,묵꾀장어,Eptatretus walkeri,Eptatretus walkeri,eptatretus-walkeri,INSERT,draft,pending,25,C,척추동물,Myxini,Myxiniformes,"Myxinidae Rafinesque, 1815"
NEW_SPECIES,BM-SPECIES-000712,MBRIS:척추동물:714,흰줄왜먹장어,Eptatretus wandoensis,Eptatretus wandoensis,eptatretus-wandoensis,INSERT,draft,pending,25,C,척추동물,Myxini,Myxiniformes,"Myxinidae Rafinesque, 1815"
NEW_SPECIES,BM-SPECIES-000713,MBRIS:척추동물:715,칠성장어,Lethenteron camtschaticum,Lethenteron camtschaticum,lethenteron-camtschaticum,INSERT,draft,pending,25,C,척추동물,Petromyzonti,Petromyzontiformes,"Petromyzontidae Bonaparte, 1831"
NEW_SPECIES,BM-SPECIES-000714,MBRIS:척추동물:716,걸장어,Macrognathus aculeatus,Macrognathus aculeatus,macrognathus-aculeatus,INSERT,draft,pending,25,C,척추동물,Teleostei,Synbranchiformes,"Mastacembelidae Swainson, 1839"
NEW_SPECIES,BM-SPECIES-000715,MBRIS:척추동물:717,앨퉁이,Maurolicus japonicus,Maurolicus japonicus,maurolicus-japonicus,INSERT,draft,pending,25,C,척추동물,Teleostei,Stomiiformes,"Sternoptychidae Duméril, 1805"
NEW_SPECIES,BM-SPECIES-000716,MBRIS:척추동물:718,긴앨퉁이,Polymetme elongata,Polymetme elongata,polymetme-elongata,INSERT,draft,pending,25,C,척추동물,Teleostei,Stomiiformes,"Phosichthyidae Weitzman, 1974"
NEW_SPECIES,BM-SPECIES-000717,MBRIS:척추동물:719,솔니앨퉁이,Sigmops gracilis,Sigmops gracilis,sigmops-gracilis,INSERT,draft,pending,25,C,척추동물,Teleostei,Stomiiformes,"Gonostomatidae Cocco, 1838"
NEW_SPECIES,BM-SPECIES-000718,MBRIS:척추동물:720,갈색띠돔,Coradion altivelis,Coradion altivelis,coradion-altivelis,INSERT,draft,pending,25,C,척추동물,Teleostei,Acanthuriformes,"Chaetodontidae Rafinesque, 1815"
NEW_SPECIES,BM-SPECIES-000719,MBRIS:척추동물:721,세동가리돔,Roa modesta,Roa modesta,roa-modesta,INSERT,draft,pending,25,C,척추동물,Teleostei,Acanthuriformes,"Chaetodontidae Rafinesque, 1815"
NEW_SPECIES,BM-SPECIES-000720,MBRIS:척추동물:722,짧은입두동가리돔,Heniochus diphreutes,Heniochus diphreutes,heniochus-diphreutes,INSERT,draft,pending,25,C,척추동물,Teleostei,Acanthuriformes,"Chaetodontidae Rafinesque, 1815"
NEW_SPECIES,BM-SPECIES-000721,MBRIS:척추동물:723,돛대돔,Heniochus chrysostomus,Heniochus chrysostomus,heniochus-chrysostomus,INSERT,draft,pending,25,C,척추동물,Teleostei,Acanthuriformes,"Chaetodontidae Rafinesque, 1815"
NEW_SPECIES,BM-SPECIES-000722,MBRIS:척추동물:724,두동가리돔,Heniochus acuminatus,Heniochus acuminatus,heniochus-acuminatus,INSERT,draft,pending,25,C,척추동물,Teleostei,Acanthuriformes,"Chaetodontidae Rafinesque, 1815"
NEW_SPECIES,BM-SPECIES-000723,MBRIS:척추동물:725,나비돔,Chaetodon nippon,Chaetodon nippon,chaetodon-nippon,INSERT,draft,pending,25,C,척추동물,Teleostei,Acanthuriformes,"Chaetodontidae Rafinesque, 1815"
NEW_SPECIES,BM-SPECIES-000724,MBRIS:척추동물:726,줄나비고기,Chaetodon lineolatus,Chaetodon lineolatus,chaetodon-lineolatus,INSERT,draft,pending,25,C,척추동물,Teleostei,Acanthuriformes,"Chaetodontidae Rafinesque, 1815"
NEW_SPECIES,BM-SPECIES-000725,MBRIS:척추동물:727,황줄나비고기,Chaetodon vagabundus,Chaetodon vagabundus,chaetodon-vagabundus,INSERT,draft,pending,25,C,척추동물,Teleostei,Acanthuriformes,"Chaetodontidae Rafinesque, 1815"
NEW_SPECIES,BM-SPECIES-000726,MBRIS:척추동물:728,부전나비고기,Chaetodon adiergastos,Chaetodon adiergastos,chaetodon-adiergastos,INSERT,draft,pending,25,C,척추동물,Teleostei,Acanthuriformes,"Chaetodontidae Rafinesque, 1815"
NEW_SPECIES,BM-SPECIES-000727,MBRIS:척추동물:729,가시나비고기,Chaetodon auriga,Chaetodon auriga,chaetodon-auriga,INSERT,draft,pending,25,C,척추동물,Teleostei,Acanthuriformes,"Chaetodontidae Rafinesque, 1815"
NEW_SPECIES,BM-SPECIES-000728,MBRIS:척추동물:730,룰나비고기,Chaetodon lunula,Chaetodon lunula,chaetodon-lunula,INSERT,draft,pending,25,C,척추동물,Teleostei,Acanthuriformes,"Chaetodontidae Rafinesque, 1815"
NEW_SPECIES,BM-SPECIES-000729,MBRIS:척추동물:731,나비고기,Chaetodon auripes,Chaetodon auripes,chaetodon-auripes,INSERT,draft,pending,25,C,척추동물,Teleostei,Acanthuriformes,"Chaetodontidae Rafinesque, 1815"
NEW_SPECIES,BM-SPECIES-000730,MBRIS:척추동물:732,꼬리줄나비고기,Chaetodon wiebeli,Chaetodon wiebeli,chaetodon-wiebeli,INSERT,draft,pending,25,C,척추동물,Teleostei,Acanthuriformes,"Chaetodontidae Rafinesque, 1815"
NEW_SPECIES,BM-SPECIES-000731,MBRIS:척추동물:733,흑점나비고기,Chaetodon speculum,Chaetodon speculum,chaetodon-speculum,INSERT,draft,pending,25,C,척추동물,Teleostei,Acanthuriformes,"Chaetodontidae Rafinesque, 1815"
NEW_SPECIES,BM-SPECIES-000732,MBRIS:척추동물:734,노랑점나비고기,Chaetodon selene,Chaetodon selene,chaetodon-selene,INSERT,draft,pending,25,C,척추동물,Teleostei,Acanthuriformes,"Chaetodontidae Rafinesque, 1815"
NEW_SPECIES,BM-SPECIES-000733,MBRIS:척추동물:735,작은점나비고기,Chaetodon citrinellus,Chaetodon citrinellus,chaetodon-citrinellus,INSERT,draft,pending,25,C,척추동물,Teleostei,Acanthuriformes,"Chaetodontidae Rafinesque, 1815"
NEW_SPECIES,BM-SPECIES-000734,MBRIS:척추동물:736,검은등나비고기,Chaetodon melannotus,Chaetodon melannotus,chaetodon-melannotus,INSERT,draft,pending,25,C,척추동물,Teleostei,Acanthuriformes,"Chaetodontidae Rafinesque, 1815"
NEW_SPECIES,BM-SPECIES-000735,MBRIS:척추동물:737,노랑점주둥치,Photopectoralis bindus,Photopectoralis bindus,photopectoralis-bindus,INSERT,draft,pending,25,C,척추동물,Teleostei,Acanthuriformes,"Leiognathidae Gill, 1893"
NEW_SPECIES,BM-SPECIES-000736,MBRIS:척추동물:738,줄주둥치,Equulites lineolatus,Equulites lineolatus,equulites-lineolatus,INSERT,draft,pending,25,C,척추동물,Teleostei,Acanthuriformes,"Leiognathidae Gill, 1893"
NEW_SPECIES,BM-SPECIES-000737,MBRIS:척추동물:739,왜주둥치,Equulites elongatus,Equulites elongatus,equulites-elongatus,INSERT,draft,pending,25,C,척추동물,Teleostei,Acanthuriformes,"Leiognathidae Gill, 1893"
NEW_SPECIES,BM-SPECIES-000738,MBRIS:척추동물:740,점주둥치,Equulites rivulatus,Equulites rivulatus,equulites-rivulatus,INSERT,draft,pending,25,C,척추동물,Teleostei,Acanthuriformes,"Leiognathidae Gill, 1893"
NEW_SPECIES,BM-SPECIES-000739,MBRIS:척추동물:741,주둥치,Nuchequula nuchalis,Nuchequula nuchalis,nuchequula-nuchalis,INSERT,draft,pending,25,C,척추동물,Teleostei,Acanthuriformes,"Leiognathidae Gill, 1893"
NEW_SPECIES,BM-SPECIES-000740,MBRIS:척추동물:742,줄무늬주둥치,Aurigequula fasciata,Aurigequula fasciata,aurigequula-fasciata,INSERT,draft,pending,25,C,척추동물,Teleostei,Acanthuriformes,"Leiognathidae Gill, 1893"
NEW_SPECIES,BM-SPECIES-000741,MBRIS:척추동물:743,검은청줄돔,Chaetodontoplus melanosoma,Chaetodontoplus melanosoma,chaetodontoplus-melanosoma,INSERT,draft,pending,25,C,척추동물,Teleostei,Acanthuriformes,"Pomacanthidae Jordan & Evermann, 1898"
NEW_SPECIES,BM-SPECIES-000742,MBRIS:척추동물:744,청줄돔,Chaetodontoplus septentrionalis,Chaetodontoplus septentrionalis,chaetodontoplus-septentrionalis,INSERT,draft,pending,25,C,척추동물,Teleostei,Acanthuriformes,"Pomacanthidae Jordan & Evermann, 1898"
NEW_SPECIES,BM-SPECIES-000743,MBRIS:척추동물:745,옹달샘돔,Pomacanthus imperator,Pomacanthus imperator,pomacanthus-imperator,INSERT,draft,pending,25,C,척추동물,Teleostei,Acanthuriformes,"Pomacanthidae Jordan & Evermann, 1898"
NEW_SPECIES,BM-SPECIES-000744,MBRIS:척추동물:746,무지개옥돔,Hoplolatilus chlupatyi,Hoplolatilus chlupatyi,hoplolatilus-chlupatyi,INSERT,draft,pending,25,C,척추동물,Teleostei,Acanthuriformes,"Malacanthidae Poey, 1861"
NEW_SPECIES,BM-SPECIES-000745,MBRIS:척추동물:747,노랑벤자리,Callanthias japonicus,Callanthias japonicus,callanthias-japonicus,INSERT,draft,pending,25,C,척추동물,Teleostei,Acanthuriformes,"Callanthiidae Ogilby, 1899"
NEW_SPECIES,BM-SPECIES-000746,MBRIS:척추동물:748,홍갈치,Cepola schlegelii,Cepola schlegelii,cepola-schlegelii,INSERT,draft,pending,25,C,척추동물,Teleostei,Acanthuriformes,"Cepolidae Rafinesque, 1815"
NEW_SPECIES,BM-SPECIES-000747,MBRIS:척추동물:749,남방홍갈치,Acanthocepola indica,Acanthocepola indica,acanthocepola-indica,INSERT,draft,pending,25,C,척추동물,Teleostei,Acanthuriformes,"Cepolidae Rafinesque, 1815"
NEW_SPECIES,BM-SPECIES-000748,MBRIS:척추동물:750,점줄홍갈치,Acanthocepola krusensternii,Acanthocepola krusensternii,acanthocepola-krusensternii,INSERT,draft,pending,25,C,척추동물,Teleostei,Acanthuriformes,"Cepolidae Rafinesque, 1815"
NEW_SPECIES,BM-SPECIES-000749,MBRIS:척추동물:751,먹점홍갈치,Acanthocepola limbata,Acanthocepola limbata,acanthocepola-limbata,INSERT,draft,pending,25,C,척추동물,Teleostei,Acanthuriformes,"Cepolidae Rafinesque, 1815"
NEW_SPECIES,BM-SPECIES-000750,MBRIS:척추동물:752,새눈치,Acanthopagrus latus,Acanthopagrus latus,acanthopagrus-latus,INSERT,draft,pending,25,C,척추동물,Teleostei,Acanthuriformes,"Sparidae Rafinesque, 1818"
NEW_SPECIES,BM-SPECIES-000754,MBRIS:척추동물:756,실붉돔,Argyrops bleekeri,Argyrops bleekeri,argyrops-bleekeri,INSERT,draft,pending,25,C,척추동물,Teleostei,Acanthuriformes,"Sparidae Rafinesque, 1818"
NEW_SPECIES,BM-SPECIES-000756,MBRIS:척추동물:758,녹줄돔,Evynnis cardinalis,Evynnis cardinalis,evynnis-cardinalis,INSERT,draft,pending,25,C,척추동물,Teleostei,Acanthuriformes,"Sparidae Rafinesque, 1818"
NEW_SPECIES,BM-SPECIES-000758,MBRIS:척추동물:760,줄갈돔,Lethrinus genivittatus,Lethrinus genivittatus,lethrinus-genivittatus,INSERT,draft,pending,25,C,척추동물,Teleostei,Acanthuriformes,"Lethrinidae Bonaparte, 1831"
NEW_SPECIES,BM-SPECIES-000759,MBRIS:척추동물:761,점갈돔,Lethrinus harak,Lethrinus harak,lethrinus-harak,INSERT,draft,pending,25,C,척추동물,Teleostei,Acanthuriformes,"Lethrinidae Bonaparte, 1831"
NEW_SPECIES,BM-SPECIES-000762,MBRIS:척추동물:764,까치돔,Gymnocranius griseus,Gymnocranius griseus,gymnocranius-griseus,INSERT,draft,pending,25,C,척추동물,Teleostei,Acanthuriformes,"Lethrinidae Bonaparte, 1831"
NEW_SPECIES,BM-SPECIES-000763,MBRIS:척추동물:765,백미돔,Lobotes surinamensis,Lobotes surinamensis,lobotes-surinamensis,INSERT,draft,pending,25,C,척추동물,Teleostei,Acanthuriformes,"Lobotidae Gill, 1861"
NEW_SPECIES,BM-SPECIES-000765,MBRIS:척추동물:767,꼽새돔,Hapalogenys sennin,Hapalogenys sennin,hapalogenys-sennin,INSERT,draft,pending,25,C,척추동물,Teleostei,Acanthuriformes,"Lobotidae Gill, 1861"
NEW_SPECIES,BM-SPECIES-000767,MBRIS:척추동물:769,눈퉁군펭선,Hapalogenys kishinouyei,Hapalogenys kishinouyei,hapalogenys-kishinouyei,INSERT,draft,pending,25,C,척추동물,Teleostei,Acanthuriformes,"Lobotidae Gill, 1861"
NEW_SPECIES,BM-SPECIES-000768,MBRIS:척추동물:770,실퉁돔,Symphorus nematophorus,Symphorus nematophorus,symphorus-nematophorus,INSERT,draft,pending,25,C,척추동물,Teleostei,Acanthuriformes,"Lutjanidae Gill, 1861"
NEW_SPECIES,BM-SPECIES-000769,MBRIS:척추동물:771,꼬리돔,Etelis carbunculus,Etelis carbunculus,etelis-carbunculus,INSERT,draft,pending,25,C,척추동물,Teleostei,Acanthuriformes,"Lutjanidae Gill, 1861"
NEW_SPECIES,BM-SPECIES-000770,MBRIS:척추동물:772,진홍퉁돔,Lutjanus malabaricus,Lutjanus malabaricus,lutjanus-malabaricus,INSERT,draft,pending,25,C,척추동물,Teleostei,Acanthuriformes,"Lutjanidae Gill, 1861"
NEW_SPECIES,BM-SPECIES-000771,MBRIS:척추동물:773,동갈퉁돔,Lutjanus vitta,Lutjanus vitta,lutjanus-vitta,INSERT,draft,pending,25,C,척추동물,Teleostei,Acanthuriformes,"Lutjanidae Gill, 1861"
NEW_SPECIES,BM-SPECIES-000772,MBRIS:척추동물:774,붉은퉁돔,Lutjanus argentimaculatus,Lutjanus argentimaculatus,lutjanus-argentimaculatus,INSERT,draft,pending,25,C,척추동물,Teleostei,Acanthuriformes,"Lutjanidae Gill, 1861"
NEW_SPECIES,BM-SPECIES-000773,MBRIS:척추동물:775,육선점퉁돔,Lutjanus fulviflamma,Lutjanus fulviflamma,lutjanus-fulviflamma,INSERT,draft,pending,25,C,척추동물,Teleostei,Acanthuriformes,"Lutjanidae Gill, 1861"
NEW_SPECIES,BM-SPECIES-000774,MBRIS:척추동물:776,오선퉁돔,Lutjanus quinquelineatus,Lutjanus quinquelineatus,lutjanus-quinquelineatus,INSERT,draft,pending,25,C,척추동물,Teleostei,Acanthuriformes,"Lutjanidae Gill, 1861"
NEW_SPECIES,BM-SPECIES-000775,MBRIS:척추동물:777,점퉁돔,Lutjanus russellii,Lutjanus russellii,lutjanus-russellii,INSERT,draft,pending,25,C,척추동물,Teleostei,Acanthuriformes,"Lutjanidae Gill, 1861"
NEW_SPECIES,BM-SPECIES-000776,MBRIS:척추동물:778,무늬퉁돔,Lutjanus monostigma,Lutjanus monostigma,lutjanus-monostigma,INSERT,draft,pending,25,C,척추동물,Teleostei,Acanthuriformes,"Lutjanidae Gill, 1861"
NEW_SPECIES,BM-SPECIES-000777,MBRIS:척추동물:779,물퉁돔,Lutjanus rivulatus,Lutjanus rivulatus,lutjanus-rivulatus,INSERT,draft,pending,25,C,척추동물,Teleostei,Acanthuriformes,"Lutjanidae Gill, 1861"
NEW_SPECIES,BM-SPECIES-000778,MBRIS:척추동물:780,흰점퉁돔,Lutjanus stellatus,Lutjanus stellatus,lutjanus-stellatus,INSERT,draft,pending,25,C,척추동물,Teleostei,Acanthuriformes,"Lutjanidae Gill, 1861"
NEW_SPECIES,BM-SPECIES-000779,MBRIS:척추동물:781,점줄퉁돔,Lutjanus ophuysenii,Lutjanus ophuysenii,lutjanus-ophuysenii,INSERT,draft,pending,25,C,척추동물,Teleostei,Acanthuriformes,"Lutjanidae Gill, 1861"
NEW_SPECIES,BM-SPECIES-000780,MBRIS:척추동물:782,조니퉁돔,Lutjanus johnii,Lutjanus johnii,lutjanus-johnii,INSERT,draft,pending,25,C,척추동물,Teleostei,Acanthuriformes,"Lutjanidae Gill, 1861"
NEW_SPECIES,BM-SPECIES-000781,MBRIS:척추동물:783,노랑퉁돔,Lutjanus xanthopinnis,Lutjanus xanthopinnis,lutjanus-xanthopinnis,INSERT,draft,pending,25,C,척추동물,Teleostei,Acanthuriformes,"Lutjanidae Gill, 1861"
NEW_SPECIES,BM-SPECIES-000782,MBRIS:척추동물:784,자붉돔,Pristipomoides sieboldii,Pristipomoides sieboldii,pristipomoides-sieboldii,INSERT,draft,pending,25,C,척추동물,Teleostei,Acanthuriformes,"Lutjanidae Gill, 1861"
NEW_SPECIES,BM-SPECIES-000783,MBRIS:척추동물:785,세줄가는돔,Pterocaesio trilineata,Pterocaesio trilineata,pterocaesio-trilineata,INSERT,draft,pending,25,C,척추동물,Teleostei,Acanthuriformes,"Lutjanidae Gill, 1861"
NEW_SPECIES,BM-SPECIES-000784,MBRIS:척추동물:786,황등어,Paracaesio xanthurus,Paracaesio xanthurus,paracaesio-xanthurus,INSERT,draft,pending,25,C,척추동물,Teleostei,Acanthuriformes,"Lutjanidae Gill, 1861"
NEW_SPECIES,BM-SPECIES-000785,MBRIS:척추동물:787,녹색퉁돔,Aprion virescens,Aprion virescens,aprion-virescens,INSERT,draft,pending,25,C,척추동물,Teleostei,Acanthuriformes,"Lutjanidae Gill, 1861"
NEW_SPECIES,BM-SPECIES-000786,MBRIS:척추동물:788,납작돔,Scatophagus argus,Scatophagus argus,scatophagus-argus,INSERT,draft,pending,25,C,척추동물,Teleostei,Acanthuriformes,"Scatophagidae Gill, 1883"
NEW_SPECIES,BM-SPECIES-000787,MBRIS:척추동물:789,깃대돔,Zanclus cornutus,Zanclus cornutus,zanclus-cornutus,INSERT,draft,pending,25,C,척추동물,Teleostei,Acanthuriformes,"Zanclidae Bleeker, 1876"
NEW_SPECIES,BM-SPECIES-000788,MBRIS:척추동물:790,비늘게레치,Gerres japonicus,Gerres japonicus,gerres-japonicus,INSERT,draft,pending,25,C,척추동물,Teleostei,Acanthuriformes,"Gerreidae Bleeker, 1859"
NEW_SPECIES,BM-SPECIES-000789,MBRIS:척추동물:791,게레치,Gerres oyena,Gerres oyena,gerres-oyena,INSERT,draft,pending,25,C,척추동물,Teleostei,Acanthuriformes,"Gerreidae Bleeker, 1859"
NEW_SPECIES,BM-SPECIES-000790,MBRIS:척추동물:792,청황돔,Diagramma pictum,Diagramma pictum,diagramma-pictum,INSERT,draft,pending,25,C,척추동물,Teleostei,Acanthuriformes,"Haemulidae Gill, 1885"
NEW_SPECIES,BM-SPECIES-000791,MBRIS:척추동물:793,하스돔,Pomadasys argenteus,Pomadasys argenteus,pomadasys-argenteus,INSERT,draft,pending,25,C,척추동물,Teleostei,Acanthuriformes,"Haemulidae Gill, 1885"
NEW_SPECIES,BM-SPECIES-000793,MBRIS:척추동물:795,어름돔,Plectorhinchus cinctus,Plectorhinchus cinctus,plectorhinchus-cinctus,INSERT,draft,pending,25,C,척추동물,Teleostei,Acanthuriformes,"Haemulidae Gill, 1885"
NEW_SPECIES,BM-SPECIES-000794,MBRIS:척추동물:796,추사어름돔,Plectorhinchus vittatus,Plectorhinchus vittatus,plectorhinchus-vittatus,INSERT,draft,pending,25,C,척추동물,Teleostei,Acanthuriformes,"Haemulidae Gill, 1885"
NEW_SPECIES,BM-SPECIES-000795,MBRIS:척추동물:797,뿔돔,Cookeolus japonicus,Cookeolus japonicus,cookeolus-japonicus,INSERT,draft,pending,25,C,척추동물,Teleostei,Acanthuriformes,"Priacanthidae Günther, 1859"
NEW_SPECIES,BM-SPECIES-000796,MBRIS:척추동물:798,홍옥치,Priacanthus hamrur,Priacanthus hamrur,priacanthus-hamrur,INSERT,draft,pending,25,C,척추동물,Teleostei,Acanthuriformes,"Priacanthidae Günther, 1859"
NEW_SPECIES,BM-SPECIES-000797,MBRIS:척추동물:799,홍치,Priacanthus macracanthus,Priacanthus macracanthus,priacanthus-macracanthus,INSERT,draft,pending,25,C,척추동물,Teleostei,Acanthuriformes,"Priacanthidae Günther, 1859"
NEW_SPECIES,BM-SPECIES-000798,MBRIS:척추동물:800,큰눈홍치,Heteropriacanthus carolinus,Heteropriacanthus carolinus,heteropriacanthus-carolinus,INSERT,draft,pending,25,C,척추동물,Teleostei,Acanthuriformes,"Priacanthidae Günther, 1859"
NEW_SPECIES,BM-SPECIES-000799,MBRIS:척추동물:801,둥글돔,Pristigenys niphonia,Pristigenys niphonia,pristigenys-niphonia,INSERT,draft,pending,25,C,척추동물,Teleostei,Acanthuriformes,"Priacanthidae Günther, 1859"
NEW_SPECIES,BM-SPECIES-000801,MBRIS:척추동물:803,관독가시치,Siganus canaliculatus,Siganus canaliculatus,siganus-canaliculatus,INSERT,draft,pending,25,C,척추동물,Teleostei,Acanthuriformes,"Siganidae Richardson, 1837"
NEW_SPECIES,BM-SPECIES-000802,MBRIS:척추동물:804,두줄독가시치,Siganus virgatus,Siganus virgatus,siganus-virgatus,INSERT,draft,pending,25,C,척추동물,Teleostei,Acanthuriformes,"Siganidae Richardson, 1837"
NEW_SPECIES,BM-SPECIES-000803,MBRIS:척추동물:805,선홍치,Erythrocles schlegelii,Erythrocles schlegelii,erythrocles-schlegelii,INSERT,draft,pending,25,C,척추동물,Teleostei,Acanthuriformes,"Emmelichthyidae Poey, 1867"
NEW_SPECIES,BM-SPECIES-000804,MBRIS:척추동물:806,양초선홍치,Emmelichthys struhsakeri,Emmelichthys struhsakeri,emmelichthys-struhsakeri,INSERT,draft,pending,25,C,척추동물,Teleostei,Acanthuriformes,"Emmelichthyidae Poey, 1867"
NEW_SPECIES,BM-SPECIES-000805,MBRIS:척추동물:807,초승제비활치,Platax boersii,Platax boersii,platax-boersii,INSERT,draft,pending,25,C,척추동물,Teleostei,Acanthuriformes,"Ephippidae Bleeker, 1859"
NEW_SPECIES,BM-SPECIES-000806,MBRIS:척추동물:808,남방제비활치,Platax orbicularis,Platax orbicularis,platax-orbicularis,INSERT,draft,pending,25,C,척추동물,Teleostei,Acanthuriformes,"Ephippidae Bleeker, 1859"
NEW_SPECIES,BM-SPECIES-000807,MBRIS:척추동물:809,제비활치,Platax pinnatus,Platax pinnatus,platax-pinnatus,INSERT,draft,pending,25,C,척추동물,Teleostei,Acanthuriformes,"Ephippidae Bleeker, 1859"
NEW_SPECIES,BM-SPECIES-000808,MBRIS:척추동물:810,깃털제비활치,Platax teira,Platax teira,platax-teira,INSERT,draft,pending,25,C,척추동물,Teleostei,Acanthuriformes,"Ephippidae Bleeker, 1859"
NEW_SPECIES,BM-SPECIES-000809,MBRIS:척추동물:811,양쥐돔,Acanthurus nigricauda,Acanthurus nigricauda,acanthurus-nigricauda,INSERT,draft,pending,25,C,척추동물,Teleostei,Acanthuriformes,"Acanthuridae Bonaparte, 1835"
NEW_SPECIES,BM-SPECIES-000810,MBRIS:척추동물:812,노랑꼬리쥐돔,Acanthurus dussumieri,Acanthurus dussumieri,acanthurus-dussumieri,INSERT,draft,pending,25,C,척추동물,Teleostei,Acanthuriformes,"Acanthuridae Bonaparte, 1835"
NEW_SPECIES,BM-SPECIES-000811,MBRIS:척추동물:813,노랑무늬양쥐돔,Acanthurus xanthopterus,Acanthurus xanthopterus,acanthurus-xanthopterus,INSERT,draft,pending,25,C,척추동물,Teleostei,Acanthuriformes,"Acanthuridae Bonaparte, 1835"
NEW_SPECIES,BM-SPECIES-000812,MBRIS:척추동물:814,쥐돔,Prionurus scalprum,Prionurus scalprum,prionurus-scalprum,INSERT,draft,pending,25,C,척추동물,Teleostei,Acanthuriformes,"Acanthuridae Bonaparte, 1835"
NEW_SPECIES,BM-SPECIES-000813,MBRIS:척추동물:815,남방표문쥐치,Naso hexacanthus,Naso hexacanthus,naso-hexacanthus,INSERT,draft,pending,25,C,척추동물,Teleostei,Acanthuriformes,"Acanthuridae Bonaparte, 1835"
NEW_SPECIES,BM-SPECIES-000814,MBRIS:척추동물:816,큰코표문쥐치,Naso vlamingii,Naso vlamingii,naso-vlamingii,INSERT,draft,pending,25,C,척추동물,Teleostei,Acanthuriformes,"Acanthuridae Bonaparte, 1835"
NEW_SPECIES,BM-SPECIES-000815,MBRIS:척추동물:817,큰뿔표문쥐치,Naso brevirostris,Naso brevirostris,naso-brevirostris,INSERT,draft,pending,25,C,척추동물,Teleostei,Acanthuriformes,"Acanthuridae Bonaparte, 1835"
NEW_SPECIES,BM-SPECIES-000816,MBRIS:척추동물:818,제주표문쥐치,Naso lituratus,Naso lituratus,naso-lituratus,INSERT,draft,pending,25,C,척추동물,Teleostei,Acanthuriformes,"Acanthuridae Bonaparte, 1835"
NEW_SPECIES,BM-SPECIES-000817,MBRIS:척추동물:819,표문쥐치,Naso unicornis,Naso unicornis,naso-unicornis,INSERT,draft,pending,25,C,척추동물,Teleostei,Acanthuriformes,"Acanthuridae Bonaparte, 1835"
NEW_SPECIES,BM-SPECIES-000819,MBRIS:척추동물:821,별보리멸,Sillago aeolus,Sillago aeolus,sillago-aeolus,INSERT,draft,pending,25,C,척추동물,Teleostei,Acanthuriformes,"Sillaginidae Richardson, 1846"
NEW_SPECIES,BM-SPECIES-000820,MBRIS:척추동물:822,북방점보리멸,Sillago sinica,Sillago sinica,sillago-sinica,INSERT,draft,pending,25,C,척추동물,Teleostei,Acanthuriformes,"Sillaginidae Richardson, 1846"
NEW_SPECIES,BM-SPECIES-000821,MBRIS:척추동물:823,점보리멸,Sillago parvisquamis,Sillago parvisquamis,sillago-parvisquamis,INSERT,draft,pending,25,C,척추동물,Teleostei,Acanthuriformes,"Sillaginidae Richardson, 1846"
NEW_SPECIES,BM-SPECIES-000822,MBRIS:척추동물:824,청보리멸,Sillago japonica,Sillago japonica,sillago-japonica,INSERT,draft,pending,25,C,척추동물,Teleostei,Acanthuriformes,"Sillaginidae Richardson, 1846"
NEW_SPECIES,BM-SPECIES-000823,MBRIS:척추동물:825,등흑점옥두어,Branchiostegus argentatus,Branchiostegus argentatus,branchiostegus-argentatus,INSERT,draft,pending,25,C,척추동물,Teleostei,Acanthuriformes,"Latilidae Gill, 1862"
NEW_SPECIES,BM-SPECIES-000824,MBRIS:척추동물:826,옥두어,Branchiostegus albus,Branchiostegus albus,branchiostegus-albus,INSERT,draft,pending,25,C,척추동물,Teleostei,Acanthuriformes,"Latilidae Gill, 1862"
NEW_SPECIES,BM-SPECIES-000826,MBRIS:척추동물:828,황옥돔,Branchiostegus auratus,Branchiostegus auratus,branchiostegus-auratus,INSERT,draft,pending,25,C,척추동물,Teleostei,Acanthuriformes,"Latilidae Gill, 1862"
NEW_SPECIES,BM-SPECIES-000827,MBRIS:척추동물:829,병치돔,Antigonia capros,Antigonia capros,antigonia-capros,INSERT,draft,pending,25,C,척추동물,Teleostei,Acanthuriformes,"Antigoniidae Jordan & Evermann, 1898"
NEW_SPECIES,BM-SPECIES-000828,MBRIS:척추동물:830,노랑줄돔,Pentapodus nagasakiensis,Pentapodus nagasakiensis,pentapodus-nagasakiensis,INSERT,draft,pending,25,C,척추동물,Teleostei,Acanthuriformes,"Nemipteridae Regan, 1913"
NEW_SPECIES,BM-SPECIES-000829,MBRIS:척추동물:831,네동가리,Parascolopsis inermis,Parascolopsis inermis,parascolopsis-inermis,INSERT,draft,pending,25,C,척추동물,Teleostei,Acanthuriformes,"Nemipteridae Regan, 1913"
NEW_SPECIES,BM-SPECIES-000830,MBRIS:척추동물:832,긴실꼬리돔,Nemipterus bathybius,Nemipterus bathybius,nemipterus-bathybius,INSERT,draft,pending,25,C,척추동물,Teleostei,Acanthuriformes,"Nemipteridae Regan, 1913"
NEW_SPECIES,BM-SPECIES-000831,MBRIS:척추동물:833,실꼬리돔,Nemipterus virgatus,Nemipterus virgatus,nemipterus-virgatus,INSERT,draft,pending,25,C,척추동물,Teleostei,Acanthuriformes,"Nemipteridae Regan, 1913"
NEW_SPECIES,BM-SPECIES-000832,MBRIS:척추동물:834,황줄실꼬리돔,Nemipterus japonicus,Nemipterus japonicus,nemipterus-japonicus,INSERT,draft,pending,25,C,척추동물,Teleostei,Acanthuriformes,"Nemipteridae Regan, 1913"
NEW_SPECIES,BM-SPECIES-000833,MBRIS:척추동물:835,흑조기,Atrobucca nibe,Atrobucca nibe,atrobucca-nibe,INSERT,draft,pending,25,C,척추동물,Teleostei,Acanthuriformes,"Sciaenidae Cuvier, 1829"
NEW_SPECIES,BM-SPECIES-000834,MBRIS:척추동물:836,황강달이,Collichthys lucidus,Collichthys lucidus,collichthys-lucidus,INSERT,draft,pending,25,C,척추동물,Teleostei,Acanthuriformes,"Sciaenidae Cuvier, 1829"
NEW_SPECIES,BM-SPECIES-000835,MBRIS:척추동물:837,눈강달이,Collichthys niveatus,Collichthys niveatus,collichthys-niveatus,INSERT,draft,pending,25,C,척추동물,Teleostei,Acanthuriformes,"Sciaenidae Cuvier, 1829"
NEW_SPECIES,BM-SPECIES-000836,MBRIS:척추동물:838,민태,Johnius grypotus,Johnius grypotus,johnius-grypotus,INSERT,draft,pending,25,C,척추동물,Teleostei,Acanthuriformes,"Sciaenidae Cuvier, 1829"
NEW_SPECIES,BM-SPECIES-000837,MBRIS:척추동물:839,수조기,Nibea albiflora,Nibea albiflora,nibea-albiflora,INSERT,draft,pending,25,C,척추동물,Teleostei,Acanthuriformes,"Sciaenidae Cuvier, 1829"
NEW_SPECIES,BM-SPECIES-000838,MBRIS:척추동물:840,동갈민어,Nibea mitsukurii,Nibea mitsukurii,nibea-mitsukurii,INSERT,draft,pending,25,C,척추동물,Teleostei,Acanthuriformes,"Sciaenidae Cuvier, 1829"
NEW_SPECIES,BM-SPECIES-000844,MBRIS:척추동물:846,점성어,Sciaenops ocellatus,Sciaenops ocellatus,sciaenops-ocellatus,INSERT,draft,pending,25,C,척추동물,Teleostei,Acanthuriformes,"Sciaenidae Cuvier, 1829"
NEW_SPECIES,BM-SPECIES-000845,MBRIS:척추동물:847,꼬리치,Ateleopus japonicus,Ateleopus japonicus,ateleopus-japonicus,INSERT,draft,pending,25,C,척추동물,Teleostei,Ateleopodiformes,"Ateleopodidae Bonaparte, 1850"
NEW_SPECIES,BM-SPECIES-000846,MBRIS:척추동물:848,히메치,Hime japonica,Hime japonica,hime-japonica,INSERT,draft,pending,25,C,척추동물,Teleostei,Aulopiformes,"Aulopidae Bonaparte, 1831"
NEW_SPECIES,BM-SPECIES-000847,MBRIS:척추동물:849,긴촉수매퉁이,Bathypterois guentheri,Bathypterois guentheri,bathypterois-guentheri,INSERT,draft,pending,25,C,척추동물,Teleostei,Aulopiformes,"Ipnopidae Gill, 1884"
NEW_SPECIES,BM-SPECIES-000848,MBRIS:척추동물:850,남방점화살치,Lestrolepis intermedia,Lestrolepis intermedia,lestrolepis-intermedia,INSERT,draft,pending,25,C,척추동물,Teleostei,Aulopiformes,"Paralepididae Bonaparte, 1835"
NEW_SPECIES,BM-SPECIES-000849,MBRIS:척추동물:851,점화살치,Lestrolepis japonica,Lestrolepis japonica,lestrolepis-japonica,INSERT,draft,pending,25,C,척추동물,Teleostei,Aulopiformes,"Paralepididae Bonaparte, 1835"
NEW_SPECIES,BM-SPECIES-000850,MBRIS:척추동물:852,화살치,Lestidium prolixum,Lestidium prolixum,lestidium-prolixum,INSERT,draft,pending,25,C,척추동물,Teleostei,Aulopiformes,"Paralepididae Bonaparte, 1835"
NEW_SPECIES,BM-SPECIES-000851,MBRIS:척추동물:853,물천구,Harpadon nehereus,Harpadon nehereus,harpadon-nehereus,INSERT,draft,pending,25,C,척추동물,Teleostei,Aulopiformes,"Synodontidae Gill, 1861"
NEW_SPECIES,BM-SPECIES-000852,MBRIS:척추동물:854,날매퉁이,Saurida elongata,Saurida elongata,saurida-elongata,INSERT,draft,pending,25,C,척추동물,Teleostei,Aulopiformes,"Synodontidae Gill, 1861"
NEW_SPECIES,BM-SPECIES-000853,MBRIS:척추동물:855,매퉁이,Saurida macrolepis,Saurida macrolepis,saurida-macrolepis,INSERT,draft,pending,25,C,척추동물,Teleostei,Aulopiformes,"Synodontidae Gill, 1861"
NEW_SPECIES,BM-SPECIES-000854,MBRIS:척추동물:856,툼빌매퉁이,Saurida wanieso,Saurida wanieso,saurida-wanieso,INSERT,draft,pending,25,C,척추동물,Teleostei,Aulopiformes,"Synodontidae Gill, 1861"
NEW_SPECIES,BM-SPECIES-000855,MBRIS:척추동물:857,잔비늘매퉁이,Saurida eso,Saurida eso,saurida-eso,INSERT,draft,pending,25,C,척추동물,Teleostei,Aulopiformes,"Synodontidae Gill, 1861"
NEW_SPECIES,BM-SPECIES-000856,MBRIS:척추동물:858,수다꽃동멸,Synodus macrops,Synodus macrops,synodus-macrops,INSERT,draft,pending,25,C,척추동물,Teleostei,Aulopiformes,"Synodontidae Gill, 1861"
NEW_SPECIES,BM-SPECIES-000857,MBRIS:척추동물:859,꽃동멸,Synodus variegatus,Synodus variegatus,synodus-variegatus,INSERT,draft,pending,25,C,척추동물,Teleostei,Aulopiformes,"Synodontidae Gill, 1861"
NEW_SPECIES,BM-SPECIES-000858,MBRIS:척추동물:860,모래꽃동멸,Synodus fuscus,Synodus fuscus,synodus-fuscus,INSERT,draft,pending,25,C,척추동물,Teleostei,Aulopiformes,"Synodontidae Gill, 1861"
NEW_SPECIES,BM-SPECIES-000859,MBRIS:척추동물:861,주홍꽃동멸,Synodus hoshinonis,Synodus hoshinonis,synodus-hoshinonis,INSERT,draft,pending,25,C,척추동물,Teleostei,Aulopiformes,"Synodontidae Gill, 1861"
NEW_SPECIES,BM-SPECIES-000860,MBRIS:척추동물:862,카이야꽃동멸,Synodus kaianus,Synodus kaianus,synodus-kaianus,INSERT,draft,pending,25,C,척추동물,Teleostei,Aulopiformes,"Synodontidae Gill, 1861"
NEW_SPECIES,BM-SPECIES-000861,MBRIS:척추동물:863,황매퉁이,Trachinocephalus trachinus,Trachinocephalus trachinus,trachinocephalus-trachinus,INSERT,draft,pending,25,C,척추동물,Teleostei,Aulopiformes,"Synodontidae Gill, 1861"
NEW_SPECIES,BM-SPECIES-000862,MBRIS:척추동물:864,첨문파랑눈매퉁이,Chlorophthalmus acutifrons,Chlorophthalmus acutifrons,chlorophthalmus-acutifrons,INSERT,draft,pending,25,C,척추동물,Teleostei,Aulopiformes,"Chlorophthalmidae Garman, 1899"
NEW_SPECIES,BM-SPECIES-000863,MBRIS:척추동물:865,파랑눈매퉁이,Chlorophthalmus albatrossis,Chlorophthalmus albatrossis,chlorophthalmus-albatrossis,INSERT,draft,pending,25,C,척추동물,Teleostei,Aulopiformes,"Chlorophthalmidae Garman, 1899"
NEW_SPECIES,BM-SPECIES-000864,MBRIS:척추동물:866,검은꼬리파랑눈매퉁이,Chlorophthalmus nigromarginatus,Chlorophthalmus nigromarginatus,chlorophthalmus-nigromarginatus,INSERT,draft,pending,25,C,척추동물,Teleostei,Aulopiformes,"Chlorophthalmidae Garman, 1899"
NEW_SPECIES,BM-SPECIES-000865,MBRIS:척추동물:867,눈방울매퉁이,Scopelarchoides danae,Scopelarchoides danae,scopelarchoides-danae,INSERT,draft,pending,25,C,척추동물,Teleostei,Aulopiformes,Scopelarchidae
NEW_SPECIES,BM-SPECIES-000866,MBRIS:척추동물:868,물동갈치,Ablennes hians,Ablennes hians,ablennes-hians,INSERT,draft,pending,25,C,척추동물,Teleostei,Beloniformes,"Belonidae Bonaparte, 1835"
NEW_SPECIES,BM-SPECIES-000868,MBRIS:척추동물:870,항알치,Tylosurus melanotus,Tylosurus melanotus,tylosurus-melanotus,INSERT,draft,pending,25,C,척추동물,Teleostei,Beloniformes,"Belonidae Bonaparte, 1835"
NEW_SPECIES,BM-SPECIES-000869,MBRIS:척추동물:871,꽁치아재비,Tylosurus crocodilus,Tylosurus crocodilus,tylosurus-crocodilus,INSERT,draft,pending,25,C,척추동물,Teleostei,Beloniformes,"Belonidae Bonaparte, 1835"
NEW_SPECIES,BM-SPECIES-000870,MBRIS:척추동물:872,새날치,Cypselurus poecilopterus,Cypselurus poecilopterus,cypselurus-poecilopterus,INSERT,draft,pending,25,C,척추동물,Teleostei,Beloniformes,"Exocoetidae Risso, 1827"
NEW_SPECIES,BM-SPECIES-000871,MBRIS:척추동물:873,제비날치,Cypselurus hiraii,Cypselurus hiraii,cypselurus-hiraii,INSERT,draft,pending,25,C,척추동물,Teleostei,Beloniformes,"Exocoetidae Risso, 1827"
NEW_SPECIES,BM-SPECIES-000872,MBRIS:척추동물:874,전력날치,Cheilopogon doederleinii,Cheilopogon doederleinii,cheilopogon-doederleinii,INSERT,draft,pending,25,C,척추동물,Teleostei,Beloniformes,"Exocoetidae Risso, 1827"
NEW_SPECIES,BM-SPECIES-000873,MBRIS:척추동물:875,날치,Cheilopogon agoo,Cheilopogon agoo,cheilopogon-agoo,INSERT,draft,pending,25,C,척추동물,Teleostei,Beloniformes,"Exocoetidae Risso, 1827"
NEW_SPECIES,BM-SPECIES-000874,MBRIS:척추동물:876,기점날치,Cheilopogon cyanopterus,Cheilopogon cyanopterus,cheilopogon-cyanopterus,INSERT,draft,pending,25,C,척추동물,Teleostei,Beloniformes,"Exocoetidae Risso, 1827"
NEW_SPECIES,BM-SPECIES-000875,MBRIS:척추동물:877,태안큰날치,Cheilopogon japonicus,Cheilopogon japonicus,cheilopogon-japonicus,INSERT,draft,pending,25,C,척추동물,Teleostei,Beloniformes,"Exocoetidae Risso, 1827"
NEW_SPECIES,BM-SPECIES-000876,MBRIS:척추동물:878,가는매날치,Hirundichthys oxycephalus,Hirundichthys oxycephalus,hirundichthys-oxycephalus,INSERT,draft,pending,25,C,척추동물,Teleostei,Beloniformes,"Exocoetidae Risso, 1827"
NEW_SPECIES,BM-SPECIES-000877,MBRIS:척추동물:879,매날치,Hirundichthys rondeletii,Hirundichthys rondeletii,hirundichthys-rondeletii,INSERT,draft,pending,25,C,척추동물,Teleostei,Beloniformes,"Exocoetidae Risso, 1827"
NEW_SPECIES,BM-SPECIES-000878,MBRIS:척추동물:880,상날치,Exocoetus volitans,Exocoetus volitans,exocoetus-volitans,INSERT,draft,pending,25,C,척추동물,Teleostei,Beloniformes,"Exocoetidae Risso, 1827"
NEW_SPECIES,BM-SPECIES-000879,MBRIS:척추동물:881,멘토황날치,Parexocoetus mento,Parexocoetus mento,parexocoetus-mento,INSERT,draft,pending,25,C,척추동물,Teleostei,Beloniformes,"Exocoetidae Risso, 1827"
NEW_SPECIES,BM-SPECIES-000880,MBRIS:척추동물:882,황날치,Parexocoetus brachypterus,Parexocoetus brachypterus,parexocoetus-brachypterus,INSERT,draft,pending,25,C,척추동물,Teleostei,Beloniformes,"Exocoetidae Risso, 1827"
NEW_SPECIES,BM-SPECIES-000882,MBRIS:척추동물:884,살공치,Hyporhamphus quoyi,Hyporhamphus quoyi,hyporhamphus-quoyi,INSERT,draft,pending,25,C,척추동물,Teleostei,Beloniformes,"Hemiramphidae Gill, 1859"
NEW_SPECIES,BM-SPECIES-000883,MBRIS:척추동물:885,줄공치,Hyporhamphus intermedius,Hyporhamphus intermedius,hyporhamphus-intermedius,INSERT,draft,pending,25,C,척추동물,Teleostei,Beloniformes,"Hemiramphidae Gill, 1859"
NEW_SPECIES,BM-SPECIES-000885,MBRIS:척추동물:887,검무늬학공치,Hemiramphus far,Hemiramphus far,hemiramphus-far,INSERT,draft,pending,25,C,척추동물,Teleostei,Beloniformes,"Hemiramphidae Gill, 1859"
NEW_SPECIES,BM-SPECIES-000886,MBRIS:척추동물:888,날공치,Oxyporhamphus micropterus,Oxyporhamphus micropterus,oxyporhamphus-micropterus,INSERT,draft,pending,25,C,척추동물,Teleostei,Beloniformes,"Hemiramphidae Gill, 1859"
NEW_SPECIES,BM-SPECIES-000887,MBRIS:척추동물:889,금눈돔,Beryx decadactylus,Beryx decadactylus,beryx-decadactylus,INSERT,draft,pending,25,C,척추동물,Teleostei,Beryciformes,"Berycidae Lowe, 1839"
NEW_SPECIES,BM-SPECIES-000888,MBRIS:척추동물:890,도화돔,Ostichthys japonicus,Ostichthys japonicus,ostichthys-japonicus,INSERT,draft,pending,25,C,척추동물,Teleostei,Beryciformes,"Holocentridae Bonaparte, 1833"
NEW_SPECIES,BM-SPECIES-000889,MBRIS:척추동물:891,흰줄도화돔,Ostichthys kaianus,Ostichthys kaianus,ostichthys-kaianus,INSERT,draft,pending,25,C,척추동물,Teleostei,Beryciformes,"Holocentridae Bonaparte, 1833"
NEW_SPECIES,BM-SPECIES-000890,MBRIS:척추동물:892,얼게돔,Sargocentron spinosissimum,Sargocentron spinosissimum,sargocentron-spinosissimum,INSERT,draft,pending,25,C,척추동물,Teleostei,Beryciformes,"Holocentridae Bonaparte, 1833"
NEW_SPECIES,BM-SPECIES-000891,MBRIS:척추동물:893,비늘적투어,Myripristis botche,Myripristis botche,myripristis-botche,INSERT,draft,pending,25,C,척추동물,Teleostei,Beryciformes,"Holocentridae Bonaparte, 1833"
NEW_SPECIES,BM-SPECIES-000892,MBRIS:척추동물:894,적투어,Myripristis murdjan,Myripristis murdjan,myripristis-murdjan,INSERT,draft,pending,25,C,척추동물,Teleostei,Beryciformes,"Holocentridae Bonaparte, 1833"
NEW_SPECIES,BM-SPECIES-000893,MBRIS:척추동물:895,무늬얼게돔,Neoniphon sammara,Neoniphon sammara,neoniphon-sammara,INSERT,draft,pending,25,C,척추동물,Teleostei,Beryciformes,"Holocentridae Bonaparte, 1833"
NEW_SPECIES,BM-SPECIES-000894,MBRIS:척추동물:896,가고시마샛멸,Argentina kagoshimae,Argentina kagoshimae,argentina-kagoshimae,INSERT,draft,pending,25,C,척추동물,Teleostei,Argentiniformes,"Argentinidae Bonaparte, 1846"
NEW_SPECIES,BM-SPECIES-000895,MBRIS:척추동물:897,샛멸,Glossanodon semifasciatus,Glossanodon semifasciatus,glossanodon-semifasciatus,INSERT,draft,pending,25,C,척추동물,Teleostei,Argentiniformes,"Argentinidae Bonaparte, 1846"
NEW_SPECIES,BM-SPECIES-000896,MBRIS:척추동물:898,검은뺨샛멸,Lipolagus ochotensis,Lipolagus ochotensis,lipolagus-ochotensis,INSERT,draft,pending,25,C,척추동물,Teleostei,Argentiniformes,"Bathylagidae Gill, 1884"
NEW_SPECIES,BM-SPECIES-000897,MBRIS:척추동물:899,여을멸,Albula argentea,Albula argentea,albula-argentea,INSERT,draft,pending,25,C,척추동물,Teleostei,Albuliformes,"Albulidae Bleeker, 1849"
NEW_SPECIES,BM-SPECIES-000898,MBRIS:척추동물:900,황줄뺨여을멸,Albula koreana,Albula koreana,albula-koreana,INSERT,draft,pending,25,C,척추동물,Teleostei,Albuliformes,"Albulidae Bleeker, 1849"
NEW_SPECIES,BM-SPECIES-000899,MBRIS:척추동물:901,남방여을멸,Albula glossodonta,Albula glossodonta,albula-glossodonta,INSERT,draft,pending,25,C,척추동물,Teleostei,Albuliformes,"Albulidae Bleeker, 1849"
NEW_SPECIES,BM-SPECIES-000901,MBRIS:척추동물:903,갈창갯장어,Muraenesox bagio,Muraenesox bagio,muraenesox-bagio,INSERT,draft,pending,25,C,척추동물,Teleostei,Anguilliformes,"Muraenesocidae Kaup, 1859"
NEW_SPECIES,BM-SPECIES-000902,MBRIS:척추동물:904,물붕장어,Oxyconger leptognathus,Oxyconger leptognathus,oxyconger-leptognathus,INSERT,draft,pending,25,C,척추동물,Teleostei,Anguilliformes,"Muraenesocidae Kaup, 1859"
NEW_SPECIES,BM-SPECIES-000903,MBRIS:척추동물:905,오리주둥이장어,Nettenchelys gephyra,Nettenchelys gephyra,nettenchelys-gephyra,INSERT,draft,pending,25,C,척추동물,Teleostei,Anguilliformes,"Nettastomatidae Kaup, 1859"
NEW_SPECIES,BM-SPECIES-000904,MBRIS:척추동물:906,줄오리주둥이장어,Saurenchelys stylura,Saurenchelys stylura,saurenchelys-stylura,INSERT,draft,pending,25,C,척추동물,Teleostei,Anguilliformes,"Nettastomatidae Kaup, 1859"
NEW_SPECIES,BM-SPECIES-000905,MBRIS:척추동물:907,납작오리주둥이장어,Saurenchelys lateromaculata,Saurenchelys lateromaculata,saurenchelys-lateromaculata,INSERT,draft,pending,25,C,척추동물,Teleostei,Anguilliformes,"Nettastomatidae Kaup, 1859"
NEW_SPECIES,BM-SPECIES-000906,MBRIS:척추동물:908,긴꼬리장어,Dysomma anguillare,Dysomma anguillare,dysomma-anguillare,INSERT,draft,pending,25,C,척추동물,Teleostei,Anguilliformes,"Synaphobranchidae Johnson, 1862"
NEW_SPECIES,BM-SPECIES-000907,MBRIS:척추동물:909,테붕장어,Bathycongrus retrotinctus,Bathycongrus retrotinctus,bathycongrus-retrotinctus,INSERT,draft,pending,25,C,척추동물,Teleostei,Anguilliformes,"Congridae Kaup, 1856"
NEW_SPECIES,BM-SPECIES-000909,MBRIS:척추동물:911,은붕장어,Gnathophis heterognathos,Gnathophis heterognathos,gnathophis-heterognathos,INSERT,draft,pending,25,C,척추동물,Teleostei,Anguilliformes,"Congridae Kaup, 1856"
NEW_SPECIES,BM-SPECIES-000910,MBRIS:척추동물:912,검은꼬리붕장어,Rhynchoconger ectenurus,Rhynchoconger ectenurus,rhynchoconger-ectenurus,INSERT,draft,pending,25,C,척추동물,Teleostei,Anguilliformes,"Congridae Kaup, 1856"
NEW_SPECIES,BM-SPECIES-000911,MBRIS:척추동물:913,애붕장어,Uroconger lepturus,Uroconger lepturus,uroconger-lepturus,INSERT,draft,pending,25,C,척추동물,Teleostei,Anguilliformes,"Congridae Kaup, 1856"
NEW_SPECIES,BM-SPECIES-000912,MBRIS:척추동물:914,꾀붕장어,Ariosoma anago,Ariosoma anago,ariosoma-anago,INSERT,draft,pending,25,C,척추동물,Teleostei,Anguilliformes,"Congridae Kaup, 1856"
NEW_SPECIES,BM-SPECIES-000913,MBRIS:척추동물:915,눈테붕장어,Ariosoma meeki,Ariosoma meeki,ariosoma-meeki,INSERT,draft,pending,25,C,척추동물,Teleostei,Anguilliformes,"Congridae Kaup, 1856"
NEW_SPECIES,BM-SPECIES-000914,MBRIS:척추동물:916,먹붕장어,Ariosoma anagoides,Ariosoma anagoides,ariosoma-anagoides,INSERT,draft,pending,25,C,척추동물,Teleostei,Anguilliformes,"Congridae Kaup, 1856"
NEW_SPECIES,BM-SPECIES-000915,MBRIS:척추동물:917,큰흰붕장어,Ariosoma majus,Ariosoma majus,ariosoma-majus,INSERT,draft,pending,25,C,척추동물,Teleostei,Anguilliformes,"Congridae Kaup, 1856"
NEW_SPECIES,BM-SPECIES-000916,MBRIS:척추동물:918,흰붕장어,Ariosoma shiroanago,Ariosoma shiroanago,ariosoma-shiroanago,INSERT,draft,pending,25,C,척추동물,Teleostei,Anguilliformes,"Congridae Kaup, 1856"
NEW_SPECIES,BM-SPECIES-000917,MBRIS:척추동물:919,자바다뱀장어,Brachysomophis porphyreus,Brachysomophis porphyreus,brachysomophis-porphyreus,INSERT,draft,pending,25,C,척추동물,Teleostei,Anguilliformes,"Ophichthidae Günther, 1870"
NEW_SPECIES,BM-SPECIES-000918,MBRIS:척추동물:920,갯바다뱀장어,Muraenichthys gymnopterus,Muraenichthys gymnopterus,muraenichthys-gymnopterus,INSERT,draft,pending,25,C,척추동물,Teleostei,Anguilliformes,"Ophichthidae Günther, 1870"
NEW_SPECIES,BM-SPECIES-000919,MBRIS:척추동물:921,날붕장어,Echelus uropterus,Echelus uropterus,echelus-uropterus,INSERT,draft,pending,25,C,척추동물,Teleostei,Anguilliformes,"Ophichthidae Günther, 1870"
NEW_SPECIES,BM-SPECIES-000920,MBRIS:척추동물:922,돌기바다뱀장어,Pisodonophis cancrivorus,Pisodonophis cancrivorus,pisodonophis-cancrivorus,INSERT,draft,pending,25,C,척추동물,Teleostei,Anguilliformes,"Ophichthidae Günther, 1870"
NEW_SPECIES,BM-SPECIES-000921,MBRIS:척추동물:923,바다뱀장어,Ophisurus macrorhynchos,Ophisurus macrorhynchos,ophisurus-macrorhynchos,INSERT,draft,pending,25,C,척추동물,Teleostei,Anguilliformes,"Ophichthidae Günther, 1870"
NEW_SPECIES,BM-SPECIES-000922,MBRIS:척추동물:924,제주바다뱀장어,Ophichthus asakusae,Ophichthus asakusae,ophichthus-asakusae,INSERT,draft,pending,25,C,척추동물,Teleostei,Anguilliformes,"Ophichthidae Günther, 1870"
NEW_SPECIES,BM-SPECIES-000923,MBRIS:척추동물:925,갈바다뱀장어,Ophichthus urolophus,Ophichthus urolophus,ophichthus-urolophus,INSERT,draft,pending,25,C,척추동물,Teleostei,Anguilliformes,"Ophichthidae Günther, 1870"
NEW_SPECIES,BM-SPECIES-000924,MBRIS:척추동물:926,까치바다뱀장어,Ophichthus lithinus,Ophichthus lithinus,ophichthus-lithinus,INSERT,draft,pending,25,C,척추동물,Teleostei,Anguilliformes,"Ophichthidae Günther, 1870"
NEW_SPECIES,BM-SPECIES-000925,MBRIS:척추동물:927,상주바다뱀장어,Ophichthus sangjuensis,Ophichthus sangjuensis,ophichthus-sangjuensis,INSERT,draft,pending,25,C,척추동물,Teleostei,Anguilliformes,"Ophichthidae Günther, 1870"
NEW_SPECIES,BM-SPECIES-000926,MBRIS:척추동물:928,돛바다뱀장어,Ophichthus altipennis,Ophichthus altipennis,ophichthus-altipennis,INSERT,draft,pending,25,C,척추동물,Teleostei,Anguilliformes,"Ophichthidae Günther, 1870"
NEW_SPECIES,BM-SPECIES-000927,MBRIS:척추동물:929,물방울바다뱀장어,Ophichthus erabo,Ophichthus erabo,ophichthus-erabo,INSERT,draft,pending,25,C,척추동물,Teleostei,Anguilliformes,"Ophichthidae Günther, 1870"
NEW_SPECIES,BM-SPECIES-000928,MBRIS:척추동물:930,둥근바다뱀장어,Ophichthus rotundus,Ophichthus rotundus,ophichthus-rotundus,INSERT,draft,pending,25,C,척추동물,Teleostei,Anguilliformes,"Ophichthidae Günther, 1870"
NEW_SPECIES,BM-SPECIES-000929,MBRIS:척추동물:931,동해바다뱀장어,Scolecenchelys aoki,Scolecenchelys aoki,scolecenchelys-aoki,INSERT,draft,pending,25,C,척추동물,Teleostei,Anguilliformes,"Ophichthidae Günther, 1870"
NEW_SPECIES,BM-SPECIES-000930,MBRIS:척추동물:932,가는바다뱀장어,Scolecenchelys fuscogularis,Scolecenchelys fuscogularis,scolecenchelys-fuscogularis,INSERT,draft,pending,25,C,척추동물,Teleostei,Anguilliformes,"Ophichthidae Günther, 1870"
NEW_SPECIES,BM-SPECIES-000931,MBRIS:척추동물:933,나망곰치,Gymnothorax minor,Gymnothorax minor,gymnothorax-minor,INSERT,draft,pending,25,C,척추동물,Teleostei,Anguilliformes,"Muraenidae Rafinesque, 1815"
NEW_SPECIES,BM-SPECIES-000932,MBRIS:척추동물:934,백설곰치,Gymnothorax prionodon,Gymnothorax prionodon,gymnothorax-prionodon,INSERT,draft,pending,25,C,척추동물,Teleostei,Anguilliformes,"Muraenidae Rafinesque, 1815"
NEW_SPECIES,BM-SPECIES-000933,MBRIS:척추동물:935,가지굴,Gymnothorax albimarginatus,Gymnothorax albimarginatus,gymnothorax-albimarginatus,INSERT,draft,pending,25,C,척추동물,Teleostei,Anguilliformes,"Muraenidae Rafinesque, 1815"
NEW_SPECIES,BM-SPECIES-000934,MBRIS:척추동물:936,검은점곰치,Gymnothorax isingteena,Gymnothorax isingteena,gymnothorax-isingteena,INSERT,draft,pending,25,C,척추동물,Teleostei,Anguilliformes,"Muraenidae Rafinesque, 1815"
NEW_SPECIES,BM-SPECIES-000936,MBRIS:척추동물:938,그물눈곰치,Gymnothorax pseudothyrsoideus,Gymnothorax pseudothyrsoideus,gymnothorax-pseudothyrsoideus,INSERT,draft,pending,25,C,척추동물,Teleostei,Anguilliformes,"Muraenidae Rafinesque, 1815"
NEW_SPECIES,BM-SPECIES-000937,MBRIS:척추동물:939,별꽃곰치,Echidna nebulosa,Echidna nebulosa,echidna-nebulosa,INSERT,draft,pending,25,C,척추동물,Teleostei,Anguilliformes,"Muraenidae Rafinesque, 1815"
NEW_SPECIES,BM-SPECIES-000938,MBRIS:척추동물:940,알락곰치,Enchelycore pardalis,Enchelycore pardalis,enchelycore-pardalis,INSERT,draft,pending,25,C,척추동물,Teleostei,Anguilliformes,"Muraenidae Rafinesque, 1815"
NEW_SPECIES,BM-SPECIES-000939,MBRIS:척추동물:941,서망곰치,Strophidon dorsalis,Strophidon dorsalis,strophidon-dorsalis,INSERT,draft,pending,25,C,척추동물,Teleostei,Anguilliformes,"Muraenidae Rafinesque, 1815"
NEW_SPECIES,BM-SPECIES-000940,MBRIS:척추동물:942,가는곰치,Strophidon sathete,Strophidon sathete,strophidon-sathete,INSERT,draft,pending,25,C,척추동물,Teleostei,Anguilliformes,"Muraenidae Rafinesque, 1815"
NEW_SPECIES,BM-SPECIES-000941,MBRIS:척추동물:943,네눈가는곰치,Strophidon tetraporus,Strophidon tetraporus,strophidon-tetraporus,INSERT,draft,pending,25,C,척추동물,Teleostei,Anguilliformes,"Muraenidae Rafinesque, 1815"
NEW_SPECIES,BM-SPECIES-000942,MBRIS:척추동물:944,무태장어,Anguilla marmorata,Anguilla marmorata,anguilla-marmorata,INSERT,draft,pending,25,C,척추동물,Teleostei,Anguilliformes,"Anguillidae Rafinesque, 1810"
NEW_SPECIES,BM-SPECIES-000943,MBRIS:척추동물:945,뱀장어,Anguilla japonica,Anguilla japonica,anguilla-japonica,INSERT,draft,pending,25,C,척추동물,Teleostei,Anguilliformes,"Anguillidae Rafinesque, 1810"
NEW_SPECIES,BM-SPECIES-000944,MBRIS:척추동물:946,국수뱅어,Salanx ariakensis,Salanx ariakensis,salanx-ariakensis,INSERT,draft,pending,25,C,척추동물,Teleostei,Osmeriformes,"Salangidae Bleeker, 1859"
NEW_SPECIES,BM-SPECIES-000945,MBRIS:척추동물:947,벚꽃뱅어,Salanx prognathus,Salanx prognathus,salanx-prognathus,INSERT,draft,pending,25,C,척추동물,Teleostei,Osmeriformes,"Salangidae Bleeker, 1859"
NEW_SPECIES,BM-SPECIES-000946,MBRIS:척추동물:948,뱅어,Salangichthys microdon,Salangichthys microdon,salangichthys-microdon,INSERT,draft,pending,25,C,척추동물,Teleostei,Osmeriformes,"Salangidae Bleeker, 1859"
NEW_SPECIES,BM-SPECIES-000947,MBRIS:척추동물:949,실뱅어,Neosalanx hubbsi,Neosalanx hubbsi,neosalanx-hubbsi,INSERT,draft,pending,25,C,척추동물,Teleostei,Osmeriformes,"Salangidae Bleeker, 1859"
NEW_SPECIES,BM-SPECIES-000948,MBRIS:척추동물:950,도화뱅어,Neosalanx anderssoni,Neosalanx anderssoni,neosalanx-anderssoni,INSERT,draft,pending,25,C,척추동물,Teleostei,Osmeriformes,"Salangidae Bleeker, 1859"
NEW_SPECIES,BM-SPECIES-000949,MBRIS:척추동물:951,젓뱅어,Neosalanx jordani,Neosalanx jordani,neosalanx-jordani,INSERT,draft,pending,25,C,척추동물,Teleostei,Osmeriformes,"Salangidae Bleeker, 1859"
NEW_SPECIES,BM-SPECIES-000950,MBRIS:척추동물:952,붕퉁뱅어,Protosalanx chinensis,Protosalanx chinensis,protosalanx-chinensis,INSERT,draft,pending,25,C,척추동물,Teleostei,Osmeriformes,"Salangidae Bleeker, 1859"
NEW_SPECIES,BM-SPECIES-000951,MBRIS:척추동물:953,열빙어,Mallotus villosus,Mallotus villosus,mallotus-villosus,INSERT,draft,pending,25,C,척추동물,Teleostei,Osmeriformes,"Osmeridae Regan, 1913"
NEW_SPECIES,BM-SPECIES-000952,MBRIS:척추동물:954,바다빙어,Osmerus mordax,Osmerus mordax,osmerus-mordax,INSERT,draft,pending,25,C,척추동물,Teleostei,Osmeriformes,"Osmeridae Regan, 1913"
NEW_SPECIES,BM-SPECIES-000953,MBRIS:척추동물:955,날빙어,Hypomesus japonicus,Hypomesus japonicus,hypomesus-japonicus,INSERT,draft,pending,25,C,척추동물,Teleostei,Osmeriformes,"Osmeridae Regan, 1913"
NEW_SPECIES,BM-SPECIES-000954,MBRIS:척추동물:956,빙어,Hypomesus nipponensis,Hypomesus nipponensis,hypomesus-nipponensis,INSERT,draft,pending,25,C,척추동물,Teleostei,Osmeriformes,"Osmeridae Regan, 1913"
NEW_SPECIES,BM-SPECIES-000955,MBRIS:척추동물:957,은어,Plecoglossus altivelis,Plecoglossus altivelis,plecoglossus-altivelis,INSERT,draft,pending,25,C,척추동물,Teleostei,Osmeriformes,"Plecoglossidae Bleeker, 1859"
NEW_SPECIES,BM-SPECIES-000956,MBRIS:척추동물:958,백조어,Chanodichthys erythropterus,Chanodichthys erythropterus,chanodichthys-erythropterus,INSERT,draft,pending,25,C,척추동물,Teleostei,Cypriniformes,"Xenocyprididae Günther, 1868"
NEW_SPECIES,BM-SPECIES-000957,MBRIS:척추동물:959,대황어,Pseudaspius brandtii,Pseudaspius brandtii,pseudaspius-brandtii,INSERT,draft,pending,25,C,척추동물,Teleostei,Cypriniformes,"Leuciscidae Bonaparte, 1835"
NEW_SPECIES,BM-SPECIES-000959,MBRIS:척추동물:961,유령실고기,Solenostomus cyanopterus,Solenostomus cyanopterus,solenostomus-cyanopterus,INSERT,draft,pending,25,C,척추동물,Teleostei,Syngnathiformes,"Solenostomidae Nardo, 1843"
NEW_SPECIES,BM-SPECIES-000960,MBRIS:척추동물:962,민양태,Draculo mirabilis,Draculo mirabilis,draculo-mirabilis,INSERT,draft,pending,25,C,척추동물,Teleostei,Syngnathiformes,"Callionymidae Bonaparte, 1831"
NEW_SPECIES,BM-SPECIES-000961,MBRIS:척추동물:963,춤양태,Repomucenus huguenini,Repomucenus huguenini,repomucenus-huguenini,INSERT,draft,pending,25,C,척추동물,Teleostei,Syngnathiformes,"Callionymidae Bonaparte, 1831"
NEW_SPECIES,BM-SPECIES-000962,MBRIS:척추동물:964,참주걱양태,Repomucenus sagitta,Repomucenus sagitta,repomucenus-sagitta,INSERT,draft,pending,25,C,척추동물,Teleostei,Syngnathiformes,"Callionymidae Bonaparte, 1831"
NEW_SPECIES,BM-SPECIES-000963,MBRIS:척추동물:965,망토돛양태,Repomucenus virgis,Repomucenus virgis,repomucenus-virgis,INSERT,draft,pending,25,C,척추동물,Teleostei,Syngnathiformes,"Callionymidae Bonaparte, 1831"
NEW_SPECIES,BM-SPECIES-000964,MBRIS:척추동물:966,꽃돛양태,Repomucenus ornatipinnis,Repomucenus ornatipinnis,repomucenus-ornatipinnis,INSERT,draft,pending,25,C,척추동물,Teleostei,Syngnathiformes,"Callionymidae Bonaparte, 1831"
NEW_SPECIES,BM-SPECIES-000965,MBRIS:척추동물:967,강주걱양태,Repomucenus olidus,Repomucenus olidus,repomucenus-olidus,INSERT,draft,pending,25,C,척추동물,Teleostei,Syngnathiformes,"Callionymidae Bonaparte, 1831"
NEW_SPECIES,BM-SPECIES-000966,MBRIS:척추동물:968,연지알롱양태,Neosynchiropus ijimai,Neosynchiropus ijimai,neosynchiropus-ijimai,INSERT,draft,pending,25,C,척추동물,Teleostei,Syngnathiformes,"Callionymidae Bonaparte, 1831"
NEW_SPECIES,BM-SPECIES-000967,MBRIS:척추동물:969,알롱양태,Neosynchiropus morrisoni,Neosynchiropus morrisoni,neosynchiropus-morrisoni,INSERT,draft,pending,25,C,척추동물,Teleostei,Syngnathiformes,"Callionymidae Bonaparte, 1831"
NEW_SPECIES,BM-SPECIES-000968,MBRIS:척추동물:970,네점알롱양태,Neosynchiropus ocellatus,Neosynchiropus ocellatus,neosynchiropus-ocellatus,INSERT,draft,pending,25,C,척추동물,Teleostei,Syngnathiformes,"Callionymidae Bonaparte, 1831"
NEW_SPECIES,BM-SPECIES-000969,MBRIS:척추동물:971,남방돛양태,Bathycallionymus kaianus,Bathycallionymus kaianus,bathycallionymus-kaianus,INSERT,draft,pending,25,C,척추동물,Teleostei,Syngnathiformes,"Callionymidae Bonaparte, 1831"
NEW_SPECIES,BM-SPECIES-000970,MBRIS:척추동물:972,돛양태,Callionymus lunatus,Callionymus lunatus,callionymus-lunatus,INSERT,draft,pending,25,C,척추동물,Teleostei,Syngnathiformes,"Callionymidae Bonaparte, 1831"
NEW_SPECIES,BM-SPECIES-000971,MBRIS:척추동물:973,참돛양태,Callionymus koreanus,Callionymus koreanus,callionymus-koreanus,INSERT,draft,pending,25,C,척추동물,Teleostei,Syngnathiformes,"Callionymidae Bonaparte, 1831"
NEW_SPECIES,BM-SPECIES-000972,MBRIS:척추동물:974,동갈양태,Callionymus curvicornis,Callionymus curvicornis,callionymus-curvicornis,INSERT,draft,pending,25,C,척추동물,Teleostei,Syngnathiformes,"Callionymidae Bonaparte, 1831"
NEW_SPECIES,BM-SPECIES-000973,MBRIS:척추동물:975,흰점양태,Callionymus leucopoecilus,Callionymus leucopoecilus,callionymus-leucopoecilus,INSERT,draft,pending,25,C,척추동물,Teleostei,Syngnathiformes,"Callionymidae Bonaparte, 1831"
NEW_SPECIES,BM-SPECIES-000974,MBRIS:척추동물:976,꽁지양태,Callionymus japonicus,Callionymus japonicus,callionymus-japonicus,INSERT,draft,pending,25,C,척추동물,Teleostei,Syngnathiformes,"Callionymidae Bonaparte, 1831"
NEW_SPECIES,BM-SPECIES-000975,MBRIS:척추동물:977,날돛양태,Callionymus beniteguri,Callionymus beniteguri,callionymus-beniteguri,INSERT,draft,pending,25,C,척추동물,Teleostei,Syngnathiformes,"Callionymidae Bonaparte, 1831"
NEW_SPECIES,BM-SPECIES-000976,MBRIS:척추동물:978,실양태,Callionymus valenciennei,Callionymus valenciennei,callionymus-valenciennei,INSERT,draft,pending,25,C,척추동물,Teleostei,Syngnathiformes,"Callionymidae Bonaparte, 1831"
NEW_SPECIES,BM-SPECIES-000977,MBRIS:척추동물:979,도화양태,Synchiropus altivelis,Synchiropus altivelis,synchiropus-altivelis,INSERT,draft,pending,25,C,척추동물,Teleostei,Syngnathiformes,"Callionymidae Bonaparte, 1831"
NEW_SPECIES,BM-SPECIES-000978,MBRIS:척추동물:980,주름돛양태,Diplogrammus xenicus,Diplogrammus xenicus,diplogrammus-xenicus,INSERT,draft,pending,25,C,척추동물,Teleostei,Syngnathiformes,"Callionymidae Bonaparte, 1831"
NEW_SPECIES,BM-SPECIES-000979,MBRIS:척추동물:981,대주둥치,Macroramphosus sagifue,Macroramphosus sagifue,macroramphosus-sagifue,INSERT,draft,pending,25,C,척추동물,Teleostei,Syngnathiformes,"Centriscidae Bonaparte, 1831"
NEW_SPECIES,BM-SPECIES-000980,MBRIS:척추동물:982,쭉지성대,Dactyloptena orientalis,Dactyloptena orientalis,dactyloptena-orientalis,INSERT,draft,pending,25,C,척추동물,Teleostei,Syngnathiformes,"Dactylopteridae Gill, 1861"
NEW_SPECIES,BM-SPECIES-000981,MBRIS:척추동물:983,별쭉지성대,Dactyloptena peterseni,Dactyloptena peterseni,dactyloptena-peterseni,INSERT,draft,pending,25,C,척추동물,Teleostei,Syngnathiformes,"Dactylopteridae Gill, 1861"
NEW_SPECIES,BM-SPECIES-000982,MBRIS:척추동물:984,실고기,Syngnathus schlegeli,Syngnathus schlegeli,syngnathus-schlegeli,INSERT,draft,pending,25,C,척추동물,Teleostei,Syngnathiformes,"Syngnathidae Bonaparte, 1831"
NEW_SPECIES,BM-SPECIES-000983,MBRIS:척추동물:985,별실고기,Halicampus punctatus,Halicampus punctatus,halicampus-punctatus,INSERT,draft,pending,25,C,척추동물,Teleostei,Syngnathiformes,"Syngnathidae Bonaparte, 1831"
NEW_SPECIES,BM-SPECIES-000984,MBRIS:척추동물:986,띠거물가시치,Halicampus boothae,Halicampus boothae,halicampus-boothae,INSERT,draft,pending,25,C,척추동물,Teleostei,Syngnathiformes,"Syngnathidae Bonaparte, 1831"
NEW_SPECIES,BM-SPECIES-000985,MBRIS:척추동물:987,부채꼬리실고기,Doryrhamphus japonicus,Doryrhamphus japonicus,doryrhamphus-japonicus,INSERT,draft,pending,25,C,척추동물,Teleostei,Syngnathiformes,"Syngnathidae Bonaparte, 1831"
NEW_SPECIES,BM-SPECIES-000986,MBRIS:척추동물:988,산호해마,Hippocampus mohnikei,Hippocampus mohnikei,hippocampus-mohnikei,INSERT,draft,pending,25,C,척추동물,Teleostei,Syngnathiformes,"Syngnathidae Bonaparte, 1831"
NEW_SPECIES,BM-SPECIES-000987,MBRIS:척추동물:989,해마,Hippocampus haema,Hippocampus haema,hippocampus-haema,INSERT,draft,pending,25,C,척추동물,Teleostei,Syngnathiformes,"Syngnathidae Bonaparte, 1831"
NEW_SPECIES,BM-SPECIES-000988,MBRIS:척추동물:990,가시해마,Hippocampus histrix,Hippocampus histrix,hippocampus-histrix,INSERT,draft,pending,25,C,척추동물,Teleostei,Syngnathiformes,"Syngnathidae Bonaparte, 1831"
NEW_SPECIES,BM-SPECIES-000989,MBRIS:척추동물:991,복해마,Hippocampus kuda,Hippocampus kuda,hippocampus-kuda,INSERT,draft,pending,25,C,척추동물,Teleostei,Syngnathiformes,"Syngnathidae Bonaparte, 1831"
NEW_SPECIES,BM-SPECIES-000990,MBRIS:척추동물:992,점해마,Hippocampus trimaculatus,Hippocampus trimaculatus,hippocampus-trimaculatus,INSERT,draft,pending,25,C,척추동물,Teleostei,Syngnathiformes,"Syngnathidae Bonaparte, 1831"
NEW_SPECIES,BM-SPECIES-000991,MBRIS:척추동물:993,흰점실고기,Hippichthys penicillus,Hippichthys penicillus,hippichthys-penicillus,INSERT,draft,pending,25,C,척추동물,Teleostei,Syngnathiformes,"Syngnathidae Bonaparte, 1831"
NEW_SPECIES,BM-SPECIES-000992,MBRIS:척추동물:994,줄무늬실고기,Hippichthys spicifer,Hippichthys spicifer,hippichthys-spicifer,INSERT,draft,pending,25,C,척추동물,Teleostei,Syngnathiformes,"Syngnathidae Bonaparte, 1831"
NEW_SPECIES,BM-SPECIES-000993,MBRIS:척추동물:995,풀해마,Urocampus nanus,Urocampus nanus,urocampus-nanus,INSERT,draft,pending,25,C,척추동물,Teleostei,Syngnathiformes,"Syngnathidae Bonaparte, 1831"
NEW_SPECIES,BM-SPECIES-000994,MBRIS:척추동물:996,등흰점실고기,Festucalex erythraeus,Festucalex erythraeus,festucalex-erythraeus,INSERT,draft,pending,25,C,척추동물,Teleostei,Syngnathiformes,"Syngnathidae Bonaparte, 1831"
NEW_SPECIES,BM-SPECIES-000995,MBRIS:척추동물:997,거물가시치,Trachyrhamphus serratus,Trachyrhamphus serratus,trachyrhamphus-serratus,INSERT,draft,pending,25,C,척추동물,Teleostei,Syngnathiformes,"Syngnathidae Bonaparte, 1831"
NEW_SPECIES,BM-SPECIES-000996,MBRIS:척추동물:998,짧은꼬리실고기,Microphis brachyurus,Microphis brachyurus,microphis-brachyurus,INSERT,draft,pending,25,C,척추동물,Teleostei,Syngnathiformes,"Syngnathidae Bonaparte, 1831"
NEW_SPECIES,BM-SPECIES-000997,MBRIS:척추동물:999,잘피실고기,Syngnathoides biaculeatus,Syngnathoides biaculeatus,syngnathoides-biaculeatus,INSERT,draft,pending,25,C,척추동물,Teleostei,Syngnathiformes,"Syngnathidae Bonaparte, 1831"
NEW_SPECIES,BM-SPECIES-000998,MBRIS:척추동물:1000,홍대치,Fistularia petimba,Fistularia petimba,fistularia-petimba,INSERT,draft,pending,25,C,척추동물,Teleostei,Syngnathiformes,"Fistulariidae Stark, 1828"
NEW_SPECIES,BM-SPECIES-000999,MBRIS:척추동물:1001,청대치,Fistularia commersonii,Fistularia commersonii,fistularia-commersonii,INSERT,draft,pending,25,C,척추동물,Teleostei,Syngnathiformes,"Fistulariidae Stark, 1828"
NEW_SPECIES,BM-SPECIES-001000,MBRIS:척추동물:1002,큰점촉수,Parupeneus pleurostigma,Parupeneus pleurostigma,parupeneus-pleurostigma,INSERT,draft,pending,25,C,척추동물,Teleostei,Syngnathiformes,"Mullidae Rafinesque, 1815"
NEW_SPECIES,BM-SPECIES-001001,MBRIS:척추동물:1003,인디안촉수,Parupeneus indicus,Parupeneus indicus,parupeneus-indicus,INSERT,draft,pending,25,C,척추동물,Teleostei,Syngnathiformes,"Mullidae Rafinesque, 1815"
NEW_SPECIES,BM-SPECIES-001002,MBRIS:척추동물:1004,오점촉수,Parupeneus multifasciatus,Parupeneus multifasciatus,parupeneus-multifasciatus,INSERT,draft,pending,25,C,척추동물,Teleostei,Syngnathiformes,"Mullidae Rafinesque, 1815"
NEW_SPECIES,BM-SPECIES-001003,MBRIS:척추동물:1005,금줄촉수,Parupeneus ciliatus,Parupeneus ciliatus,parupeneus-ciliatus,INSERT,draft,pending,25,C,척추동물,Teleostei,Syngnathiformes,"Mullidae Rafinesque, 1815"
NEW_SPECIES,BM-SPECIES-001004,MBRIS:척추동물:1006,점촉수,Parupeneus heptacantha,Parupeneus heptacantha,parupeneus-heptacantha,INSERT,draft,pending,25,C,척추동물,Teleostei,Syngnathiformes,"Mullidae Rafinesque, 1815"
NEW_SPECIES,BM-SPECIES-001005,MBRIS:척추동물:1007,두줄촉수,Parupeneus spilurus,Parupeneus spilurus,parupeneus-spilurus,INSERT,draft,pending,25,C,척추동물,Teleostei,Syngnathiformes,"Mullidae Rafinesque, 1815"
NEW_SPECIES,BM-SPECIES-001006,MBRIS:척추동물:1008,주황촉수,Parupeneus chrysopleuron,Parupeneus chrysopleuron,parupeneus-chrysopleuron,INSERT,draft,pending,25,C,척추동물,Teleostei,Syngnathiformes,"Mullidae Rafinesque, 1815"
NEW_SPECIES,BM-SPECIES-001007,MBRIS:척추동물:1009,노랑촉수,Upeneus japonicus,Upeneus japonicus,upeneus-japonicus,INSERT,draft,pending,25,C,척추동물,Teleostei,Syngnathiformes,"Mullidae Rafinesque, 1815"
NEW_SPECIES,BM-SPECIES-001008,MBRIS:척추동물:1010,검은줄촉수,Upeneus tragula,Upeneus tragula,upeneus-tragula,INSERT,draft,pending,25,C,척추동물,Teleostei,Syngnathiformes,"Mullidae Rafinesque, 1815"
NEW_SPECIES,BM-SPECIES-001009,MBRIS:척추동물:1011,노랑줄촉수,Upeneus moluccensis,Upeneus moluccensis,upeneus-moluccensis,INSERT,draft,pending,25,C,척추동물,Teleostei,Syngnathiformes,"Mullidae Rafinesque, 1815"
NEW_SPECIES,BM-SPECIES-001010,MBRIS:척추동물:1012,먹줄촉수,Upeneus sulphureus,Upeneus sulphureus,upeneus-sulphureus,INSERT,draft,pending,25,C,척추동물,Teleostei,Syngnathiformes,"Mullidae Rafinesque, 1815"
NEW_SPECIES,BM-SPECIES-001011,MBRIS:척추동물:1013,줄무늬꼬리촉수,Upeneus subvittatus,Upeneus subvittatus,upeneus-subvittatus,INSERT,draft,pending,25,C,척추동물,Teleostei,Syngnathiformes,"Mullidae Rafinesque, 1815"
NEW_SPECIES,BM-SPECIES-001013,MBRIS:척추동물:1015,바다동자개,Arius maculatus,Arius maculatus,arius-maculatus,INSERT,draft,pending,25,C,척추동물,Teleostei,Siluriformes,"Ariidae Bleeker, 1858"
NEW_SPECIES,BM-SPECIES-001014,MBRIS:척추동물:1016,방패바다동자개,Plicofollis nella,Plicofollis nella,plicofollis-nella,INSERT,draft,pending,25,C,척추동물,Teleostei,Siluriformes,"Ariidae Bleeker, 1858"
NEW_SPECIES,BM-SPECIES-001015,MBRIS:척추동물:1017,발광멸,Aldrovandia affinis,Aldrovandia affinis,aldrovandia-affinis,INSERT,draft,pending,25,C,척추동물,Teleostei,Notacanthiformes,"Halosauridae Günther, 1868"
NEW_SPECIES,BM-SPECIES-001016,MBRIS:척추동물:1018,그물메기,Neobythites sivicola,Neobythites sivicola,neobythites-sivicola,INSERT,draft,pending,25,C,척추동물,Teleostei,Ophidiiformes,"Ophidiidae Rafinesque, 1810"
NEW_SPECIES,BM-SPECIES-001017,MBRIS:척추동물:1019,제주바다메기,Ophidion asiro,Ophidion asiro,ophidion-asiro,INSERT,draft,pending,25,C,척추동물,Teleostei,Ophidiiformes,"Ophidiidae Rafinesque, 1810"
NEW_SPECIES,BM-SPECIES-001019,MBRIS:척추동물:1021,동갈메기,Sirembo imberbis,Sirembo imberbis,sirembo-imberbis,INSERT,draft,pending,25,C,척추동물,Teleostei,Ophidiiformes,"Ophidiidae Rafinesque, 1810"
NEW_SPECIES,BM-SPECIES-001020,MBRIS:척추동물:1022,수염첨치,Brotula multibarbata,Brotula multibarbata,brotula-multibarbata,INSERT,draft,pending,25,C,척추동물,Teleostei,Ophidiiformes,"Brotulidae Swainson, 1838"
NEW_SPECIES,BM-SPECIES-001021,MBRIS:척추동물:1023,물멸,Chirocentrus dorab,Chirocentrus dorab,chirocentrus-dorab,INSERT,draft,pending,25,C,척추동물,Teleostei,Clupeiformes,"Chirocentridae Bleeker, 1849"
NEW_SPECIES,BM-SPECIES-001023,MBRIS:척추동물:1025,풀반댕이,Thryssa adelae,Thryssa adelae,thryssa-adelae,INSERT,draft,pending,25,C,척추동물,Teleostei,Clupeiformes,"Engraulidae Gill, 1861"
NEW_SPECIES,BM-SPECIES-001024,MBRIS:척추동물:1026,청멸,Thryssa kammalensis,Thryssa kammalensis,thryssa-kammalensis,INSERT,draft,pending,25,C,척추동물,Teleostei,Clupeiformes,"Engraulidae Gill, 1861"
NEW_SPECIES,BM-SPECIES-001025,MBRIS:척추동물:1027,풀반지,Thryssa hamiltonii,Thryssa hamiltonii,thryssa-hamiltonii,INSERT,draft,pending,25,C,척추동물,Teleostei,Clupeiformes,"Engraulidae Gill, 1861"
NEW_SPECIES,BM-SPECIES-001026,MBRIS:척추동물:1028,반지,Setipinna tenuifilis,Setipinna tenuifilis,setipinna-tenuifilis,INSERT,draft,pending,25,C,척추동물,Teleostei,Clupeiformes,"Engraulidae Gill, 1861"
NEW_SPECIES,BM-SPECIES-001027,MBRIS:척추동물:1029,싱어,Coilia mystus,Coilia mystus,coilia-mystus,INSERT,draft,pending,25,C,척추동물,Teleostei,Clupeiformes,"Engraulidae Gill, 1861"
NEW_SPECIES,BM-SPECIES-001028,MBRIS:척추동물:1030,웅어,Coilia nasus,Coilia nasus,coilia-nasus,INSERT,draft,pending,25,C,척추동물,Teleostei,Clupeiformes,"Engraulidae Gill, 1861"
NEW_SPECIES,BM-SPECIES-001031,MBRIS:척추동물:1033,눈퉁멸,Etrumeus micropus,Etrumeus micropus,etrumeus-micropus,INSERT,draft,pending,25,C,척추동물,Teleostei,Clupeiformes,"Dussumieriidae Gill, 1861"
NEW_SPECIES,BM-SPECIES-001032,MBRIS:척추동물:1034,조선전어,Clupanodon thrissa,Clupanodon thrissa,clupanodon-thrissa,INSERT,draft,pending,25,C,척추동물,Teleostei,Clupeiformes,"Dorosomatidae Gill, 1861"
NEW_SPECIES,BM-SPECIES-001033,MBRIS:척추동물:1035,대전어,Nematalosa japonica,Nematalosa japonica,nematalosa-japonica,INSERT,draft,pending,25,C,척추동물,Teleostei,Clupeiformes,"Dorosomatidae Gill, 1861"
NEW_SPECIES,BM-SPECIES-001034,MBRIS:척추동물:1036,바리밴댕이,Sardinella lemuru,Sardinella lemuru,sardinella-lemuru,INSERT,draft,pending,25,C,척추동물,Teleostei,Clupeiformes,"Dorosomatidae Gill, 1861"
NEW_SPECIES,BM-SPECIES-001035,MBRIS:척추동물:1037,밴댕이,Sardinella zunasi,Sardinella zunasi,sardinella-zunasi,INSERT,draft,pending,25,C,척추동물,Teleostei,Clupeiformes,"Dorosomatidae Gill, 1861"
NEW_SPECIES,BM-SPECIES-001036,MBRIS:척추동물:1038,이와치,Sardinella jussieu,Sardinella jussieu,sardinella-jussieu,INSERT,draft,pending,25,C,척추동물,Teleostei,Clupeiformes,"Dorosomatidae Gill, 1861"
NEW_SPECIES,BM-SPECIES-001038,MBRIS:척추동물:1040,납작전어,Tenualosa reevesii,Tenualosa reevesii,tenualosa-reevesii,INSERT,draft,pending,25,C,척추동물,Teleostei,Clupeiformes,"Dorosomatidae Gill, 1861"
NEW_SPECIES,BM-SPECIES-001039,MBRIS:척추동물:1041,샛줄멸,Spratelloides gracilis,Spratelloides gracilis,spratelloides-gracilis,INSERT,draft,pending,25,C,척추동물,Teleostei,Clupeiformes,"Spratelloididae Jordan, 1925"
NEW_SPECIES,BM-SPECIES-001041,MBRIS:척추동물:1043,돌대구,Physiculus japonicus,Physiculus japonicus,physiculus-japonicus,INSERT,draft,pending,25,C,척추동물,Teleostei,Gadiformes,"Moridae Moreau, 1881"
NEW_SPECIES,BM-SPECIES-001042,MBRIS:척추동물:1044,놀락민태,Lotella phycis,Lotella phycis,lotella-phycis,INSERT,draft,pending,25,C,척추동물,Teleostei,Gadiformes,"Moridae Moreau, 1881"
NEW_SPECIES,BM-SPECIES-001043,MBRIS:척추동물:1045,민수염대구,Gadella jordani,Gadella jordani,gadella-jordani,INSERT,draft,pending,25,C,척추동물,Teleostei,Gadiformes,"Moridae Moreau, 1881"
NEW_SPECIES,BM-SPECIES-001044,MBRIS:척추동물:1046,짧은수염대구,Guttigadus nana,Guttigadus nana,guttigadus-nana,INSERT,draft,pending,25,C,척추동물,Teleostei,Gadiformes,"Moridae Moreau, 1881"
NEW_SPECIES,BM-SPECIES-001045,MBRIS:척추동물:1047,큰눈긴가시민태,Coryphaenoides marginatus,Coryphaenoides marginatus,coryphaenoides-marginatus,INSERT,draft,pending,25,C,척추동물,Teleostei,Gadiformes,"Macrouridae Bonaparte, 1831"
NEW_SPECIES,BM-SPECIES-001046,MBRIS:척추동물:1048,작은눈긴가시민태,Coryphaenoides microps,Coryphaenoides microps,coryphaenoides-microps,INSERT,draft,pending,25,C,척추동물,Teleostei,Gadiformes,"Macrouridae Bonaparte, 1831"
NEW_SPECIES,BM-SPECIES-001047,MBRIS:척추동물:1049,무줄비늘치,Coelorinchus longissimus,Coelorinchus longissimus,coelorinchus-longissimus,INSERT,draft,pending,25,C,척추동물,Teleostei,Gadiformes,"Macrouridae Bonaparte, 1831"
NEW_SPECIES,BM-SPECIES-001048,MBRIS:척추동물:1050,긴팔꼬리민태,Coelorinchus macrochir,Coelorinchus macrochir,coelorinchus-macrochir,INSERT,draft,pending,25,C,척추동물,Teleostei,Gadiformes,"Macrouridae Bonaparte, 1831"
NEW_SPECIES,BM-SPECIES-001049,MBRIS:척추동물:1051,타이완꼬리민태,Coelorinchus formosanus,Coelorinchus formosanus,coelorinchus-formosanus,INSERT,draft,pending,25,C,척추동물,Teleostei,Gadiformes,"Macrouridae Bonaparte, 1831"
NEW_SPECIES,BM-SPECIES-001050,MBRIS:척추동물:1052,줄비늘치,Coelorinchus multispinulosus,Coelorinchus multispinulosus,coelorinchus-multispinulosus,INSERT,draft,pending,25,C,척추동물,Teleostei,Gadiformes,"Macrouridae Bonaparte, 1831"
NEW_SPECIES,BM-SPECIES-001051,MBRIS:척추동물:1053,꼬리민태,Coelorinchus japonicus,Coelorinchus japonicus,coelorinchus-japonicus,INSERT,draft,pending,25,C,척추동물,Teleostei,Gadiformes,"Macrouridae Bonaparte, 1831"
NEW_SPECIES,BM-SPECIES-001052,MBRIS:척추동물:1054,꺼끌머리민태,Ventrifossa garmani,Ventrifossa garmani,ventrifossa-garmani,INSERT,draft,pending,25,C,척추동물,Teleostei,Gadiformes,"Macrouridae Bonaparte, 1831"
NEW_SPECIES,BM-SPECIES-001053,MBRIS:척추동물:1055,대서양날개멸,Bregmaceros atlanticus,Bregmaceros atlanticus,bregmaceros-atlanticus,INSERT,draft,pending,25,C,척추동물,Teleostei,Gadiformes,"Bregmacerotidae Gill, 1872"
NEW_SPECIES,BM-SPECIES-001054,MBRIS:척추동물:1056,날개멸,Bregmaceros japonicus,Bregmaceros japonicus,bregmaceros-japonicus,INSERT,draft,pending,25,C,척추동물,Teleostei,Gadiformes,"Bregmacerotidae Gill, 1872"
NEW_SPECIES,BM-SPECIES-001055,MBRIS:척추동물:1057,태평양날개멸,Bregmaceros nectabanus,Bregmaceros nectabanus,bregmaceros-nectabanus,INSERT,draft,pending,25,C,척추동물,Teleostei,Gadiformes,"Bregmacerotidae Gill, 1872"
NEW_SPECIES,BM-SPECIES-001058,MBRIS:척추동물:1060,빨간대구,Eleginus gracilis,Eleginus gracilis,eleginus-gracilis,INSERT,draft,pending,25,C,척추동물,Teleostei,Gadiformes,"Gadidae Rafinesque, 1810"
NEW_SPECIES,BM-SPECIES-001059,MBRIS:척추동물:1061,수염대구,Gaidropsarus pacificus,Gaidropsarus pacificus,gaidropsarus-pacificus,INSERT,draft,pending,25,C,척추동물,Teleostei,Gadiformes,"Gaidropsaridae Jordan & Evermann, 1898"
NEW_SPECIES,BM-SPECIES-001060,MBRIS:척추동물:1062,나방줄고기,Eurypegasus draconis,Eurypegasus draconis,eurypegasus-draconis,INSERT,draft,pending,25,C,척추동물,Teleostei,Gasterosteiformes,"Pegasidae Bonaparte, 1831"
NEW_SPECIES,BM-SPECIES-001061,MBRIS:척추동물:1063,갯농어,Chanos chanos,Chanos chanos,chanos-chanos,INSERT,draft,pending,25,C,척추동물,Teleostei,Gonorynchiformes,"Chanidae Günther, 1868"
NEW_SPECIES,BM-SPECIES-001062,MBRIS:척추동물:1064,압치,Gonorynchus abbreviatus,Gonorynchus abbreviatus,gonorynchus-abbreviatus,INSERT,draft,pending,25,C,척추동물,Teleostei,Gonorynchiformes,"Gonorynchidae Richardson, 1848"
NEW_SPECIES,BM-SPECIES-001063,MBRIS:척추동물:1065,미올비늘치,Neoscopelus microchir,Neoscopelus microchir,neoscopelus-microchir,INSERT,draft,pending,25,C,척추동물,Teleostei,Myctophiformes,"Neoscopelidae Jordan, 1901"
NEW_SPECIES,BM-SPECIES-001064,MBRIS:척추동물:1066,샛비늘치,Myctophum nitidulum,Myctophum nitidulum,myctophum-nitidulum,INSERT,draft,pending,25,C,척추동물,Teleostei,Myctophiformes,"Myctophidae Gill, 1893"
NEW_SPECIES,BM-SPECIES-001065,MBRIS:척추동물:1067,얼비늘치,Dasyscopelus asper,Dasyscopelus asper,dasyscopelus-asper,INSERT,draft,pending,25,C,척추동물,Teleostei,Myctophiformes,"Myctophidae Gill, 1893"
NEW_SPECIES,BM-SPECIES-001066,MBRIS:척추동물:1068,동방샛비늘치,Dasyscopelus orientalis,Dasyscopelus orientalis,dasyscopelus-orientalis,INSERT,draft,pending,25,C,척추동물,Teleostei,Myctophiformes,"Myctophidae Gill, 1893"
NEW_SPECIES,BM-SPECIES-001067,MBRIS:척추동물:1069,갈마니샛비늘치,Diaphus garmani,Diaphus garmani,diaphus-garmani,INSERT,draft,pending,25,C,척추동물,Teleostei,Myctophiformes,"Myctophidae Gill, 1893"
NEW_SPECIES,BM-SPECIES-001068,MBRIS:척추동물:1070,금코샛비늘치,Diaphus chrysorhynchus,Diaphus chrysorhynchus,diaphus-chrysorhynchus,INSERT,draft,pending,25,C,척추동물,Teleostei,Myctophiformes,"Myctophidae Gill, 1893"
NEW_SPECIES,BM-SPECIES-001069,MBRIS:척추동물:1071,가는샛비늘치,Diaphus suborbitalis,Diaphus suborbitalis,diaphus-suborbitalis,INSERT,draft,pending,25,C,척추동물,Teleostei,Myctophiformes,"Myctophidae Gill, 1893"
NEW_SPECIES,BM-SPECIES-001070,MBRIS:척추동물:1072,귤코샛비늘치,Diaphus watasei,Diaphus watasei,diaphus-watasei,INSERT,draft,pending,25,C,척추동물,Teleostei,Myctophiformes,"Myctophidae Gill, 1893"
NEW_SPECIES,BM-SPECIES-001071,MBRIS:척추동물:1073,등점샛비늘치,Notoscopelus japonicus,Notoscopelus japonicus,notoscopelus-japonicus,INSERT,draft,pending,25,C,척추동물,Teleostei,Myctophiformes,"Myctophidae Gill, 1893"
NEW_SPECIES,BM-SPECIES-001072,MBRIS:척추동물:1074,깃비늘치,Benthosema pterotum,Benthosema pterotum,benthosema-pterotum,INSERT,draft,pending,25,C,척추동물,Teleostei,Myctophiformes,"Myctophidae Gill, 1893"
NEW_SPECIES,BM-SPECIES-001073,MBRIS:척추동물:1075,북태평양샛비늘치,Lampanyctus fernae,Lampanyctus fernae,lampanyctus-fernae,INSERT,draft,pending,25,C,척추동물,Teleostei,Myctophiformes,"Myctophidae Gill, 1893"
NEW_SPECIES,BM-SPECIES-001074,MBRIS:척추동물:1076,날개샛비늘치,Lampanyctus alatus,Lampanyctus alatus,lampanyctus-alatus,INSERT,draft,pending,25,C,척추동물,Teleostei,Myctophiformes,"Myctophidae Gill, 1893"
NEW_SPECIES,BM-SPECIES-001075,MBRIS:척추동물:1077,홍점샛비늘치,Symbolophorus rufinus,Symbolophorus rufinus,symbolophorus-rufinus,INSERT,draft,pending,25,C,척추동물,Teleostei,Myctophiformes,"Myctophidae Gill, 1893"
NEW_SPECIES,BM-SPECIES-001076,MBRIS:척추동물:1078,당멸치,Elops hawaiensis,Elops hawaiensis,elops-hawaiensis,INSERT,draft,pending,25,C,척추동물,Teleostei,Elopiformes,"Elopidae Valenciennes, 1847"
NEW_SPECIES,BM-SPECIES-001077,MBRIS:척추동물:1079,풀잉어,Megalops cyprinoides,Megalops cyprinoides,megalops-cyprinoides,INSERT,draft,pending,25,C,척추동물,Teleostei,Elopiformes,"Megalopidae Jordan & Gilbert, 1883"
NEW_SPECIES,BM-SPECIES-001078,MBRIS:척추동물:1080,송곳횟대,Taurocottus bergii,Taurocottus bergii,taurocottus-bergii,INSERT,draft,pending,25,C,척추동물,Teleostei,Perciformes,"Psychrolutidae Günther, 1861"
NEW_SPECIES,BM-SPECIES-001079,MBRIS:척추동물:1081,꼬마횟대,Cottiusculus gonez,Cottiusculus gonez,cottiusculus-gonez,INSERT,draft,pending,25,C,척추동물,Teleostei,Perciformes,"Psychrolutidae Günther, 1861"
NEW_SPECIES,BM-SPECIES-001080,MBRIS:척추동물:1082,점줄횟대,Cottiusculus nihonkaiensis,Cottiusculus nihonkaiensis,cottiusculus-nihonkaiensis,INSERT,draft,pending,25,C,척추동물,Teleostei,Perciformes,"Psychrolutidae Günther, 1861"
NEW_SPECIES,BM-SPECIES-001081,MBRIS:척추동물:1083,물수배기,Psychrolutes paradoxus,Psychrolutes paradoxus,psychrolutes-paradoxus,INSERT,draft,pending,25,C,척추동물,Teleostei,Perciformes,"Psychrolutidae Günther, 1861"
NEW_SPECIES,BM-SPECIES-001082,MBRIS:척추동물:1084,민무늬물수배기,Psychrolutes pustulosus,Psychrolutes pustulosus,psychrolutes-pustulosus,INSERT,draft,pending,25,C,척추동물,Teleostei,Perciformes,"Psychrolutidae Günther, 1861"
NEW_SPECIES,BM-SPECIES-001083,MBRIS:척추동물:1085,띠좀횟대,Pseudoblennius zonostigma,Pseudoblennius zonostigma,pseudoblennius-zonostigma,INSERT,draft,pending,25,C,척추동물,Teleostei,Perciformes,"Psychrolutidae Günther, 1861"
NEW_SPECIES,BM-SPECIES-001085,MBRIS:척추동물:1087,돌망둑이,Pseudoblennius marmoratus,Pseudoblennius marmoratus,pseudoblennius-marmoratus,INSERT,draft,pending,25,C,척추동물,Teleostei,Perciformes,"Psychrolutidae Günther, 1861"
NEW_SPECIES,BM-SPECIES-001087,MBRIS:척추동물:1089,무늬줄가시횟대,Icelus stenosomus,Icelus stenosomus,icelus-stenosomus,INSERT,draft,pending,25,C,척추동물,Teleostei,Perciformes,"Psychrolutidae Günther, 1861"
NEW_SPECIES,BM-SPECIES-001088,MBRIS:척추동물:1090,줄가시횟대,Icelus cataphractus,Icelus cataphractus,icelus-cataphractus,INSERT,draft,pending,25,C,척추동물,Teleostei,Perciformes,"Psychrolutidae Günther, 1861"
NEW_SPECIES,BM-SPECIES-001089,MBRIS:척추동물:1091,흑점줄가시횟대,Icelus ochotensis,Icelus ochotensis,icelus-ochotensis,INSERT,draft,pending,25,C,척추동물,Teleostei,Perciformes,"Psychrolutidae Günther, 1861"
NEW_SPECIES,BM-SPECIES-001090,MBRIS:척추동물:1092,민줄가시횟대,Icelus rastrinoides,Icelus rastrinoides,icelus-rastrinoides,INSERT,draft,pending,25,C,척추동물,Teleostei,Perciformes,"Psychrolutidae Günther, 1861"
NEW_SPECIES,BM-SPECIES-001091,MBRIS:척추동물:1093,알롱횟대,Furcina ishikawae,Furcina ishikawae,furcina-ishikawae,INSERT,draft,pending,25,C,척추동물,Teleostei,Perciformes,"Psychrolutidae Günther, 1861"
NEW_SPECIES,BM-SPECIES-001092,MBRIS:척추동물:1094,무늬횟대,Furcina osimae,Furcina osimae,furcina-osimae,INSERT,draft,pending,25,C,척추동물,Teleostei,Perciformes,"Psychrolutidae Günther, 1861"
NEW_SPECIES,BM-SPECIES-001093,MBRIS:척추동물:1095,뿔횟대,Enophrys diceraus,Enophrys diceraus,enophrys-diceraus,INSERT,draft,pending,25,C,척추동물,Teleostei,Perciformes,"Psychrolutidae Günther, 1861"
NEW_SPECIES,BM-SPECIES-001094,MBRIS:척추동물:1096,엄지횟대,Artediellus fuscimentus,Artediellus fuscimentus,artediellus-fuscimentus,INSERT,draft,pending,25,C,척추동물,Teleostei,Perciformes,"Psychrolutidae Günther, 1861"
NEW_SPECIES,BM-SPECIES-001095,MBRIS:척추동물:1097,털수배기,Eurymen gyrinus,Eurymen gyrinus,eurymen-gyrinus,INSERT,draft,pending,25,C,척추동물,Teleostei,Perciformes,"Psychrolutidae Günther, 1861"
NEW_SPECIES,BM-SPECIES-001096,MBRIS:척추동물:1098,빨간횟대,Alcichthys elongatus,Alcichthys elongatus,alcichthys-elongatus,INSERT,draft,pending,25,C,척추동물,Teleostei,Perciformes,"Psychrolutidae Günther, 1861"
NEW_SPECIES,BM-SPECIES-001097,MBRIS:척추동물:1099,창치,Vellitor centropomus,Vellitor centropomus,vellitor-centropomus,INSERT,draft,pending,25,C,척추동물,Teleostei,Perciformes,"Psychrolutidae Günther, 1861"
NEW_SPECIES,BM-SPECIES-001098,MBRIS:척추동물:1100,상어횟대,Ricuzenius pinetorum,Ricuzenius pinetorum,ricuzenius-pinetorum,INSERT,draft,pending,25,C,척추동물,Teleostei,Perciformes,"Psychrolutidae Günther, 1861"
NEW_SPECIES,BM-SPECIES-001099,MBRIS:척추동물:1101,주먹물수배기,Malacocottus gibber,Malacocottus gibber,malacocottus-gibber,INSERT,draft,pending,25,C,척추동물,Teleostei,Perciformes,"Psychrolutidae Günther, 1861"
NEW_SPECIES,BM-SPECIES-001100,MBRIS:척추동물:1102,얼룩수배기,Malacocottus zonurus,Malacocottus zonurus,malacocottus-zonurus,INSERT,draft,pending,25,C,척추동물,Teleostei,Perciformes,"Psychrolutidae Günther, 1861"
NEW_SPECIES,BM-SPECIES-001101,MBRIS:척추동물:1103,두줄비늘횟대,Icelinus japonicus,Icelinus japonicus,icelinus-japonicus,INSERT,draft,pending,25,C,척추동물,Teleostei,Perciformes,"Psychrolutidae Günther, 1861"
NEW_SPECIES,BM-SPECIES-001102,MBRIS:척추동물:1104,고무꺽정이,Dasycottus setiger,Dasycottus setiger,dasycottus-setiger,INSERT,draft,pending,25,C,척추동물,Teleostei,Perciformes,"Psychrolutidae Günther, 1861"
NEW_SPECIES,BM-SPECIES-001103,MBRIS:척추동물:1105,가시횟대,Gymnocanthus intermedius,Gymnocanthus intermedius,gymnocanthus-intermedius,INSERT,draft,pending,25,C,척추동물,Teleostei,Perciformes,"Psychrolutidae Günther, 1861"
NEW_SPECIES,BM-SPECIES-001105,MBRIS:척추동물:1107,밑횟대,Gymnocanthus pistilliger,Gymnocanthus pistilliger,gymnocanthus-pistilliger,INSERT,draft,pending,25,C,척추동물,Teleostei,Perciformes,"Psychrolutidae Günther, 1861"
NEW_SPECIES,BM-SPECIES-001106,MBRIS:척추동물:1108,고려실횟대,Porocottus leptosomus,Porocottus leptosomus,porocottus-leptosomus,INSERT,draft,pending,25,C,척추동물,Teleostei,Perciformes,"Psychrolutidae Günther, 1861"
NEW_SPECIES,BM-SPECIES-001107,MBRIS:척추동물:1109,실횟대,Porocottus allisi,Porocottus allisi,porocottus-allisi,INSERT,draft,pending,25,C,척추동물,Teleostei,Perciformes,"Psychrolutidae Günther, 1861"
NEW_SPECIES,BM-SPECIES-001108,MBRIS:척추동물:1110,베로치,Bero elegans,Bero elegans,bero-elegans,INSERT,draft,pending,25,C,척추동물,Teleostei,Perciformes,"Psychrolutidae Günther, 1861"
NEW_SPECIES,BM-SPECIES-001109,MBRIS:척추동물:1111,올꺽정이,Myoxocephalus jaok,Myoxocephalus jaok,myoxocephalus-jaok,INSERT,draft,pending,25,C,척추동물,Teleostei,Perciformes,"Psychrolutidae Günther, 1861"
NEW_SPECIES,BM-SPECIES-001110,MBRIS:척추동물:1112,살꺽정이,Myoxocephalus polyacanthocephalus,Myoxocephalus polyacanthocephalus,myoxocephalus-polyacanthocephalus,INSERT,draft,pending,25,C,척추동물,Teleostei,Perciformes,"Psychrolutidae Günther, 1861"
NEW_SPECIES,BM-SPECIES-001111,MBRIS:척추동물:1113,개구리꺽정이,Myoxocephalus stelleri,Myoxocephalus stelleri,myoxocephalus-stelleri,INSERT,draft,pending,25,C,척추동물,Teleostei,Perciformes,"Psychrolutidae Günther, 1861"
NEW_SPECIES,BM-SPECIES-001112,MBRIS:척추동물:1114,민가시꺽정이,Ocynectes modestus,Ocynectes modestus,ocynectes-modestus,INSERT,draft,pending,25,C,척추동물,Teleostei,Perciformes,"Psychrolutidae Günther, 1861"
NEW_SPECIES,BM-SPECIES-001113,MBRIS:척추동물:1115,가시꺽정이,Ocynectes maschalis,Ocynectes maschalis,ocynectes-maschalis,INSERT,draft,pending,25,C,척추동물,Teleostei,Perciformes,"Psychrolutidae Günther, 1861"
NEW_SPECIES,BM-SPECIES-001114,MBRIS:척추동물:1116,골판횟대,Triglops scepticus,Triglops scepticus,triglops-scepticus,INSERT,draft,pending,25,C,척추동물,Teleostei,Perciformes,"Psychrolutidae Günther, 1861"
NEW_SPECIES,BM-SPECIES-001115,MBRIS:척추동물:1117,졸단횟대,Triglops jordani,Triglops jordani,triglops-jordani,INSERT,draft,pending,25,C,척추동물,Teleostei,Perciformes,"Psychrolutidae Günther, 1861"
NEW_SPECIES,BM-SPECIES-001116,MBRIS:척추동물:1118,눈퉁횟대,Triglops pingelii,Triglops pingelii,triglops-pingelii,INSERT,draft,pending,25,C,척추동물,Teleostei,Perciformes,"Psychrolutidae Günther, 1861"
NEW_SPECIES,BM-SPECIES-001117,MBRIS:척추동물:1119,바닥가시치,Bathymaster derjugini,Bathymaster derjugini,bathymaster-derjugini,INSERT,draft,pending,25,C,척추동물,Teleostei,Perciformes,"Bathymasteridae Jordan & Gilbert, 1883"
NEW_SPECIES,BM-SPECIES-001118,MBRIS:척추동물:1120,가시양태,Hoplichthys langsdorfii,Hoplichthys langsdorfii,hoplichthys-langsdorfii,INSERT,draft,pending,25,C,척추동물,Teleostei,Perciformes,"Hoplichthyidae Kaup, 1873"
NEW_SPECIES,BM-SPECIES-001119,MBRIS:척추동물:1121,외가시양태,Hoplichthys gilberti,Hoplichthys gilberti,hoplichthys-gilberti,INSERT,draft,pending,25,C,척추동물,Teleostei,Perciformes,"Hoplichthyidae Kaup, 1873"
NEW_SPECIES,BM-SPECIES-001120,MBRIS:척추동물:1122,노랑댕이,Hypoptychus dybowskii,Hypoptychus dybowskii,hypoptychus-dybowskii,INSERT,draft,pending,25,C,척추동물,Teleostei,Perciformes,"Hypoptychidae Steindachner, 1880"
NEW_SPECIES,BM-SPECIES-001121,MBRIS:척추동물:1123,실비늘치,Aulichthys japonicus,Aulichthys japonicus,aulichthys-japonicus,INSERT,draft,pending,25,C,척추동물,Teleostei,Perciformes,"Hypoptychidae Steindachner, 1880"
NEW_SPECIES,BM-SPECIES-001122,MBRIS:척추동물:1124,황줄베도라치,Rhodymenichthys dolichogaster,Rhodymenichthys dolichogaster,rhodymenichthys-dolichogaster,INSERT,draft,pending,25,C,척추동물,Teleostei,Perciformes,"Pholidae Gill, 1893"
NEW_SPECIES,BM-SPECIES-001124,MBRIS:척추동물:1126,흰베도라치,Pholis fangi,Pholis fangi,pholis-fangi,INSERT,draft,pending,25,C,척추동물,Teleostei,Perciformes,"Pholidae Gill, 1893"
NEW_SPECIES,BM-SPECIES-001125,MBRIS:척추동물:1127,오색베도라치,Pholis ornata,Pholis ornata,pholis-ornata,INSERT,draft,pending,25,C,척추동물,Teleostei,Perciformes,"Pholidae Gill, 1893"
NEW_SPECIES,BM-SPECIES-001126,MBRIS:척추동물:1128,점베도라치,Pholis crassispina,Pholis crassispina,pholis-crassispina,INSERT,draft,pending,25,C,척추동물,Teleostei,Perciformes,"Pholidae Gill, 1893"
NEW_SPECIES,BM-SPECIES-001127,MBRIS:척추동물:1129,줄가시치,Eulophias koreanus,Eulophias koreanus,eulophias-koreanus,INSERT,draft,pending,25,C,척추동물,Teleostei,Perciformes,"Eulophiidae Smith, 1902"
NEW_SPECIES,BM-SPECIES-001128,MBRIS:척추동물:1130,뚝지,Aptocyclus ventricosus,Aptocyclus ventricosus,aptocyclus-ventricosus,INSERT,draft,pending,25,C,척추동물,Teleostei,Perciformes,"Cyclopteridae Bonaparte, 1831"
NEW_SPECIES,BM-SPECIES-001129,MBRIS:척추동물:1131,도치,Eumicrotremus taranetzi,Eumicrotremus taranetzi,eumicrotremus-taranetzi,INSERT,draft,pending,25,C,척추동물,Teleostei,Perciformes,"Cyclopteridae Bonaparte, 1831"
NEW_SPECIES,BM-SPECIES-001130,MBRIS:척추동물:1132,긴꼬리엄지도치,Eumicrotremus jindoensis,Eumicrotremus jindoensis,eumicrotremus-jindoensis,INSERT,draft,pending,25,C,척추동물,Teleostei,Perciformes,"Cyclopteridae Bonaparte, 1831"
NEW_SPECIES,BM-SPECIES-001131,MBRIS:척추동물:1133,엄지도치,Eumicrotremus uenoi,Eumicrotremus uenoi,eumicrotremus-uenoi,INSERT,draft,pending,25,C,척추동물,Teleostei,Perciformes,"Cyclopteridae Bonaparte, 1831"
NEW_SPECIES,BM-SPECIES-001132,MBRIS:척추동물:1134,골린어,Eumicrotremus pacificus,Eumicrotremus pacificus,eumicrotremus-pacificus,INSERT,draft,pending,25,C,척추동물,Teleostei,Perciformes,"Cyclopteridae Bonaparte, 1831"
NEW_SPECIES,BM-SPECIES-001133,MBRIS:척추동물:1135,우릉성치,Eumicrotremus asperrimus,Eumicrotremus asperrimus,eumicrotremus-asperrimus,INSERT,draft,pending,25,C,척추동물,Teleostei,Perciformes,"Cyclopteridae Bonaparte, 1831"
NEW_SPECIES,BM-SPECIES-001134,MBRIS:척추동물:1136,꼬마도치,Eumicrotremus bergi,Eumicrotremus bergi,eumicrotremus-bergi,INSERT,draft,pending,25,C,척추동물,Teleostei,Perciformes,"Cyclopteridae Bonaparte, 1831"
NEW_SPECIES,BM-SPECIES-001136,MBRIS:척추동물:1138,별성대,Satyrichthys rieffeli,Satyrichthys rieffeli,satyrichthys-rieffeli,INSERT,draft,pending,25,C,척추동물,Teleostei,Perciformes,"Triglidae Rafinesque, 1815"
NEW_SPECIES,BM-SPECIES-001137,MBRIS:척추동물:1139,기점별성대,Satyrichthys welchi,Satyrichthys welchi,satyrichthys-welchi,INSERT,draft,pending,25,C,척추동물,Teleostei,Perciformes,"Triglidae Rafinesque, 1815"
NEW_SPECIES,BM-SPECIES-001138,MBRIS:척추동물:1140,밑달갱이,Lepidotrigla abyssalis,Lepidotrigla abyssalis,lepidotrigla-abyssalis,INSERT,draft,pending,25,C,척추동물,Teleostei,Perciformes,"Triglidae Rafinesque, 1815"
NEW_SPECIES,BM-SPECIES-001139,MBRIS:척추동물:1141,고지달재,Lepidotrigla kanagashira,Lepidotrigla kanagashira,lepidotrigla-kanagashira,INSERT,draft,pending,25,C,척추동물,Teleostei,Perciformes,"Triglidae Rafinesque, 1815"
NEW_SPECIES,BM-SPECIES-001140,MBRIS:척추동물:1142,가시달강어,Lepidotrigla japonica,Lepidotrigla japonica,lepidotrigla-japonica,INSERT,draft,pending,25,C,척추동물,Teleostei,Perciformes,"Triglidae Rafinesque, 1815"
NEW_SPECIES,BM-SPECIES-001141,MBRIS:척추동물:1143,쌍뿔달재,Lepidotrigla alata,Lepidotrigla alata,lepidotrigla-alata,INSERT,draft,pending,25,C,척추동물,Teleostei,Perciformes,"Triglidae Rafinesque, 1815"
NEW_SPECIES,BM-SPECIES-001142,MBRIS:척추동물:1144,달강어,Lepidotrigla microptera,Lepidotrigla microptera,lepidotrigla-microptera,INSERT,draft,pending,25,C,척추동물,Teleostei,Perciformes,"Triglidae Rafinesque, 1815"
NEW_SPECIES,BM-SPECIES-001143,MBRIS:척추동물:1145,꼬마달재,Lepidotrigla guentheri,Lepidotrigla guentheri,lepidotrigla-guentheri,INSERT,draft,pending,25,C,척추동물,Teleostei,Perciformes,"Triglidae Rafinesque, 1815"
NEW_SPECIES,BM-SPECIES-001144,MBRIS:척추동물:1146,히메성대,Lepidotrigla hime,Lepidotrigla hime,lepidotrigla-hime,INSERT,draft,pending,25,C,척추동물,Teleostei,Perciformes,"Triglidae Rafinesque, 1815"
NEW_SPECIES,BM-SPECIES-001145,MBRIS:척추동물:1147,긴머리달재,Lepidotrigla longifaciata,Lepidotrigla longifaciata,lepidotrigla-longifaciata,INSERT,draft,pending,25,C,척추동물,Teleostei,Perciformes,"Triglidae Rafinesque, 1815"
NEW_SPECIES,BM-SPECIES-001146,MBRIS:척추동물:1148,뿔성대,Lepidotrigla smithii,Lepidotrigla smithii,lepidotrigla-smithii,INSERT,draft,pending,25,C,척추동물,Teleostei,Perciformes,"Triglidae Rafinesque, 1815"
NEW_SPECIES,BM-SPECIES-001147,MBRIS:척추동물:1149,긴뿔밑성대,Pterygotrigla multiocellata,Pterygotrigla multiocellata,pterygotrigla-multiocellata,INSERT,draft,pending,25,C,척추동물,Teleostei,Perciformes,"Triglidae Rafinesque, 1815"
NEW_SPECIES,BM-SPECIES-001148,MBRIS:척추동물:1150,밑성대,Pterygotrigla hemisticta,Pterygotrigla hemisticta,pterygotrigla-hemisticta,INSERT,draft,pending,25,C,척추동물,Teleostei,Perciformes,"Triglidae Rafinesque, 1815"
NEW_SPECIES,BM-SPECIES-001149,MBRIS:척추동물:1151,황성대,Peristedion orientale,Peristedion orientale,peristedion-orientale,INSERT,draft,pending,25,C,척추동물,Teleostei,Perciformes,"Triglidae Rafinesque, 1815"
NEW_SPECIES,BM-SPECIES-001150,MBRIS:척추동물:1152,남방황성대,Peristedion liorhynchus,Peristedion liorhynchus,peristedion-liorhynchus,INSERT,draft,pending,25,C,척추동물,Teleostei,Perciformes,"Triglidae Rafinesque, 1815"
NEW_SPECIES,BM-SPECIES-001151,MBRIS:척추동물:1153,퉁쏠치,Erosa erosa,Erosa erosa,erosa-erosa,INSERT,draft,pending,25,C,척추동물,Teleostei,Perciformes,"Synanceiidae Swainson, 1839"
NEW_SPECIES,BM-SPECIES-001152,MBRIS:척추동물:1154,풀미역치,Erisphex pottii,Erisphex pottii,erisphex-pottii,INSERT,draft,pending,25,C,척추동물,Teleostei,Perciformes,"Synanceiidae Swainson, 1839"
NEW_SPECIES,BM-SPECIES-001154,MBRIS:척추동물:1156,일지말락쏠치,Minous monodactylus,Minous monodactylus,minous-monodactylus,INSERT,draft,pending,25,C,척추동물,Teleostei,Perciformes,"Synanceiidae Swainson, 1839"
NEW_SPECIES,BM-SPECIES-001155,MBRIS:척추동물:1157,말락쏠치,Minous pusillus,Minous pusillus,minous-pusillus,INSERT,draft,pending,25,C,척추동물,Teleostei,Perciformes,"Synanceiidae Swainson, 1839"
NEW_SPECIES,BM-SPECIES-001156,MBRIS:척추동물:1158,제주쏠치,Minous quincarinatus,Minous quincarinatus,minous-quincarinatus,INSERT,draft,pending,25,C,척추동물,Teleostei,Perciformes,"Synanceiidae Swainson, 1839"
NEW_SPECIES,BM-SPECIES-001158,MBRIS:척추동물:1160,큰미역치,Snyderina yamanokami,Snyderina yamanokami,snyderina-yamanokami,INSERT,draft,pending,25,C,척추동물,Teleostei,Perciformes,"Synanceiidae Swainson, 1839"
NEW_SPECIES,BM-SPECIES-001159,MBRIS:척추동물:1161,돛치,Cocotropus masudai,Cocotropus masudai,cocotropus-masudai,INSERT,draft,pending,25,C,척추동물,Teleostei,Perciformes,"Synanceiidae Swainson, 1839"
NEW_SPECIES,BM-SPECIES-001160,MBRIS:척추동물:1162,벌감펭,Apistus carinatus,Apistus carinatus,apistus-carinatus,INSERT,draft,pending,25,C,척추동물,Teleostei,Perciformes,"Synanceiidae Swainson, 1839"
NEW_SPECIES,BM-SPECIES-001162,MBRIS:척추동물:1164,단기임연수어,Pleurogrammus monopterygius,Pleurogrammus monopterygius,pleurogrammus-monopterygius,INSERT,draft,pending,25,C,척추동물,Teleostei,Perciformes,"Hexagrammidae Jordan, 1888"
NEW_SPECIES,BM-SPECIES-001163,MBRIS:척추동물:1165,줄노래미,Hexagrammos octogrammus,Hexagrammos octogrammus,hexagrammos-octogrammus,INSERT,draft,pending,25,C,척추동물,Teleostei,Perciformes,"Hexagrammidae Jordan, 1888"
NEW_SPECIES,BM-SPECIES-001167,MBRIS:척추동물:1169,꺽정이,Trachidermus fasciatus,Trachidermus fasciatus,trachidermus-fasciatus,INSERT,draft,pending,25,C,척추동물,Teleostei,Perciformes,"Cottidae Bonaparte, 1831"
NEW_SPECIES,BM-SPECIES-001168,MBRIS:척추동물:1170,송곳니베도라치,Bryozoichthys lysimus,Bryozoichthys lysimus,bryozoichthys-lysimus,INSERT,draft,pending,25,C,척추동물,Teleostei,Perciformes,"Stichaeidae Gill, 1864"
NEW_SPECIES,BM-SPECIES-001169,MBRIS:척추동물:1171,괴도라치,Chirolophis japonicus,Chirolophis japonicus,chirolophis-japonicus,INSERT,draft,pending,25,C,척추동물,Teleostei,Perciformes,"Stichaeidae Gill, 1864"
NEW_SPECIES,BM-SPECIES-001170,MBRIS:척추동물:1172,작은괴도라치,Chirolophis saitonis,Chirolophis saitonis,chirolophis-saitonis,INSERT,draft,pending,25,C,척추동물,Teleostei,Perciformes,"Stichaeidae Gill, 1864"
NEW_SPECIES,BM-SPECIES-001171,MBRIS:척추동물:1173,왜도라치,Chirolophis wui,Chirolophis wui,chirolophis-wui,INSERT,draft,pending,25,C,척추동물,Teleostei,Perciformes,"Stichaeidae Gill, 1864"
NEW_SPECIES,BM-SPECIES-001172,MBRIS:척추동물:1174,꽃송이괴도라치,Chirolophis snyderi,Chirolophis snyderi,chirolophis-snyderi,INSERT,draft,pending,25,C,척추동물,Teleostei,Perciformes,"Stichaeidae Gill, 1864"
NEW_SPECIES,BM-SPECIES-001173,MBRIS:척추동물:1175,가는벼슬베도라치,Alectrias alectrolophus,Alectrias alectrolophus,alectrias-alectrolophus,INSERT,draft,pending,25,C,척추동물,Teleostei,Perciformes,"Stichaeidae Gill, 1864"
NEW_SPECIES,BM-SPECIES-001174,MBRIS:척추동물:1176,벼슬베도라치,Alectrias benjamini,Alectrias benjamini,alectrias-benjamini,INSERT,draft,pending,25,C,척추동물,Teleostei,Perciformes,"Stichaeidae Gill, 1864"
NEW_SPECIES,BM-SPECIES-001175,MBRIS:척추동물:1177,세줄베도라치,Ernogrammus hexagrammus,Ernogrammus hexagrammus,ernogrammus-hexagrammus,INSERT,draft,pending,25,C,척추동물,Teleostei,Perciformes,"Stichaeidae Gill, 1864"
NEW_SPECIES,BM-SPECIES-001176,MBRIS:척추동물:1178,일곱줄베도라치,Ernogrammus zhirmunskii,Ernogrammus zhirmunskii,ernogrammus-zhirmunskii,INSERT,draft,pending,25,C,척추동물,Teleostei,Perciformes,"Stichaeidae Gill, 1864"
NEW_SPECIES,BM-SPECIES-001177,MBRIS:척추동물:1179,큰줄베도라치,Stichaeopsis epallax,Stichaeopsis epallax,stichaeopsis-epallax,INSERT,draft,pending,25,C,척추동물,Teleostei,Perciformes,"Stichaeidae Gill, 1864"
NEW_SPECIES,BM-SPECIES-001178,MBRIS:척추동물:1180,큰눈장갱이,Dinogunellus nozawae,Dinogunellus nozawae,dinogunellus-nozawae,INSERT,draft,pending,25,C,척추동물,Teleostei,Perciformes,"Stichaeidae Gill, 1864"
NEW_SPECIES,BM-SPECIES-001179,MBRIS:척추동물:1181,장갱이,Dinogunellus grigorjewi,Dinogunellus grigorjewi,dinogunellus-grigorjewi,INSERT,draft,pending,25,C,척추동물,Teleostei,Perciformes,"Stichaeidae Gill, 1864"
NEW_SPECIES,BM-SPECIES-001180,MBRIS:척추동물:1182,귀신장갱이,Cryptacanthodes bergi,Cryptacanthodes bergi,cryptacanthodes-bergi,INSERT,draft,pending,25,C,척추동물,Teleostei,Perciformes,"Cryptacanthodidae Gill, 1861"
NEW_SPECIES,BM-SPECIES-001181,MBRIS:척추동물:1183,문자갈치,Davidijordania poecilimon,Davidijordania poecilimon,davidijordania-poecilimon,INSERT,draft,pending,25,C,척추동물,Teleostei,Perciformes,"Zoarcidae Swainson, 1839"
NEW_SPECIES,BM-SPECIES-001182,MBRIS:척추동물:1184,자갈치,Gymnelopsis brashnikovi,Gymnelopsis brashnikovi,gymnelopsis-brashnikovi,INSERT,draft,pending,25,C,척추동물,Teleostei,Perciformes,"Zoarcidae Swainson, 1839"
NEW_SPECIES,BM-SPECIES-001183,MBRIS:척추동물:1185,칠성갈치,Petroschmidtia toyamensis,Petroschmidtia toyamensis,petroschmidtia-toyamensis,INSERT,draft,pending,25,C,척추동물,Teleostei,Perciformes,"Zoarcidae Swainson, 1839"
NEW_SPECIES,BM-SPECIES-001184,MBRIS:척추동물:1186,사도먹갈치,Petroschmidtia teraoi,Petroschmidtia teraoi,petroschmidtia-teraoi,INSERT,draft,pending,25,C,척추동물,Teleostei,Perciformes,"Zoarcidae Swainson, 1839"
NEW_SPECIES,BM-SPECIES-001185,MBRIS:척추동물:1187,벌레문치,Lycodes tanakae,Lycodes tanakae,lycodes-tanakae,INSERT,draft,pending,25,C,척추동물,Teleostei,Perciformes,"Zoarcidae Swainson, 1839"
NEW_SPECIES,BM-SPECIES-001186,MBRIS:척추동물:1188,북갈치,Lycodes pectoralis,Lycodes pectoralis,lycodes-pectoralis,INSERT,draft,pending,25,C,척추동물,Teleostei,Perciformes,"Zoarcidae Swainson, 1839"
NEW_SPECIES,BM-SPECIES-001187,MBRIS:척추동물:1189,굴곡무늬치,Lycodes sigmatoides,Lycodes sigmatoides,lycodes-sigmatoides,INSERT,draft,pending,25,C,척추동물,Teleostei,Perciformes,"Zoarcidae Swainson, 1839"
NEW_SPECIES,BM-SPECIES-001189,MBRIS:척추동물:1191,무늬가시치,Lycodes japonicus,Lycodes japonicus,lycodes-japonicus,INSERT,draft,pending,25,C,척추동물,Teleostei,Perciformes,"Zoarcidae Swainson, 1839"
NEW_SPECIES,BM-SPECIES-001190,MBRIS:척추동물:1192,청자갈치,Bothrocara hollandi,Bothrocara hollandi,bothrocara-hollandi,INSERT,draft,pending,25,C,척추동물,Teleostei,Perciformes,"Zoarcidae Swainson, 1839"
NEW_SPECIES,BM-SPECIES-001191,MBRIS:척추동물:1193,무점등가시치,Zoarces elongatus,Zoarces elongatus,zoarces-elongatus,INSERT,draft,pending,25,C,척추동물,Teleostei,Perciformes,"Zoarcidae Swainson, 1839"
NEW_SPECIES,BM-SPECIES-001193,MBRIS:척추동물:1195,얼룩가시치,Neozoarces pulcher,Neozoarces pulcher,neozoarces-pulcher,INSERT,draft,pending,25,C,척추동물,Teleostei,Perciformes,"Neozoarcidae Jordan & Snyder, 1902"
NEW_SPECIES,BM-SPECIES-001194,MBRIS:척추동물:1196,민베도라치,Zoarchias major,Zoarchias major,zoarchias-major,INSERT,draft,pending,25,C,척추동물,Teleostei,Perciformes,"Neozoarcidae Jordan & Snyder, 1902"
NEW_SPECIES,BM-SPECIES-001195,MBRIS:척추동물:1197,우베도라치,Zoarchias uchidai,Zoarchias uchidai,zoarchias-uchidai,INSERT,draft,pending,25,C,척추동물,Teleostei,Perciformes,"Neozoarcidae Jordan & Snyder, 1902"
NEW_SPECIES,BM-SPECIES-001196,MBRIS:척추동물:1198,큰은대구,Erilepis zonifer,Erilepis zonifer,erilepis-zonifer,INSERT,draft,pending,25,C,척추동물,Teleostei,Perciformes,"Anoplopomatidae Jordan & Gilbert, 1883"
NEW_SPECIES,BM-SPECIES-001197,MBRIS:척추동물:1199,꼬리점눈퉁이,Bembrops caudimacula,Bembrops caudimacula,bembrops-caudimacula,INSERT,draft,pending,25,C,척추동물,Teleostei,Perciformes,"Bembropidae Regan, 1913"
NEW_SPECIES,BM-SPECIES-001198,MBRIS:척추동물:1200,줄굽은눈퉁이,Bembrops curvatura,Bembrops curvatura,bembrops-curvatura,INSERT,draft,pending,25,C,척추동물,Teleostei,Perciformes,"Bembropidae Regan, 1913"
NEW_SPECIES,BM-SPECIES-001199,MBRIS:척추동물:1201,무늬바리,Plectropomus leopardus,Plectropomus leopardus,plectropomus-leopardus,INSERT,draft,pending,25,C,척추동물,Teleostei,Perciformes,"Epinephelidae Bleeker, 1874"
NEW_SPECIES,BM-SPECIES-001200,MBRIS:척추동물:1202,홍바리,Epinephelus fasciatus,Epinephelus fasciatus,epinephelus-fasciatus,INSERT,draft,pending,25,C,척추동물,Teleostei,Perciformes,"Epinephelidae Bleeker, 1874"
NEW_SPECIES,BM-SPECIES-001201,MBRIS:척추동물:1203,마라바리,Epinephelus radiatus,Epinephelus radiatus,epinephelus-radiatus,INSERT,draft,pending,25,C,척추동물,Teleostei,Perciformes,"Epinephelidae Bleeker, 1874"
NEW_SPECIES,BM-SPECIES-001202,MBRIS:척추동물:1204,도도바리,Epinephelus awoara,Epinephelus awoara,epinephelus-awoara,INSERT,draft,pending,25,C,척추동물,Teleostei,Perciformes,"Epinephelidae Bleeker, 1874"
NEW_SPECIES,BM-SPECIES-001203,MBRIS:척추동물:1205,대문바리,Epinephelus areolatus,Epinephelus areolatus,epinephelus-areolatus,INSERT,draft,pending,25,C,척추동물,Teleostei,Perciformes,"Epinephelidae Bleeker, 1874"
NEW_SPECIES,BM-SPECIES-001206,MBRIS:척추동물:1208,종대우럭,Epinephelus latifasciatus,Epinephelus latifasciatus,epinephelus-latifasciatus,INSERT,draft,pending,25,C,척추동물,Teleostei,Perciformes,"Epinephelidae Bleeker, 1874"
NEW_SPECIES,BM-SPECIES-001207,MBRIS:척추동물:1209,알락우럭,Epinephelus quoyanus,Epinephelus quoyanus,epinephelus-quoyanus,INSERT,draft,pending,25,C,척추동물,Teleostei,Perciformes,"Epinephelidae Bleeker, 1874"
NEW_SPECIES,BM-SPECIES-001208,MBRIS:척추동물:1210,볼줄바리,Epinephelus heniochus,Epinephelus heniochus,epinephelus-heniochus,INSERT,draft,pending,25,C,척추동물,Teleostei,Perciformes,"Epinephelidae Bleeker, 1874"
NEW_SPECIES,BM-SPECIES-001209,MBRIS:척추동물:1211,점줄우럭,Epinephelus epistictus,Epinephelus epistictus,epinephelus-epistictus,INSERT,draft,pending,25,C,척추동물,Teleostei,Perciformes,"Epinephelidae Bleeker, 1874"
NEW_SPECIES,BM-SPECIES-001210,MBRIS:척추동물:1212,닻줄바리,Epinephelus poecilonotus,Epinephelus poecilonotus,epinephelus-poecilonotus,INSERT,draft,pending,25,C,척추동물,Teleostei,Perciformes,"Epinephelidae Bleeker, 1874"
NEW_SPECIES,BM-SPECIES-001211,MBRIS:척추동물:1213,대왕바리,Epinephelus lanceolatus,Epinephelus lanceolatus,epinephelus-lanceolatus,INSERT,draft,pending,25,C,척추동물,Teleostei,Perciformes,"Epinephelidae Bleeker, 1874"
NEW_SPECIES,BM-SPECIES-001212,MBRIS:척추동물:1214,구실우럭,Epinephelus japonicus,Epinephelus japonicus,epinephelus-japonicus,INSERT,draft,pending,25,C,척추동물,Teleostei,Perciformes,"Epinephelidae Bleeker, 1874"
NEW_SPECIES,BM-SPECIES-001213,MBRIS:척추동물:1215,별우럭,Epinephelus trimaculatus,Epinephelus trimaculatus,epinephelus-trimaculatus,INSERT,draft,pending,25,C,척추동물,Teleostei,Perciformes,"Epinephelidae Bleeker, 1874"
NEW_SPECIES,BM-SPECIES-001214,MBRIS:척추동물:1216,날바리,Triso dermopterus,Triso dermopterus,triso-dermopterus,INSERT,draft,pending,25,C,척추동물,Teleostei,Perciformes,"Epinephelidae Bleeker, 1874"
NEW_SPECIES,BM-SPECIES-001216,MBRIS:척추동물:1218,금강바리,Pseudanthias squamipinnis,Pseudanthias squamipinnis,pseudanthias-squamipinnis,INSERT,draft,pending,25,C,척추동물,Teleostei,Perciformes,"Anthiadidae Poey, 1861"
NEW_SPECIES,BM-SPECIES-001217,MBRIS:척추동물:1219,장미돔,Pseudanthias elongatus,Pseudanthias elongatus,pseudanthias-elongatus,INSERT,draft,pending,25,C,척추동물,Teleostei,Perciformes,"Anthiadidae Poey, 1861"
NEW_SPECIES,BM-SPECIES-001218,MBRIS:척추동물:1220,우각바리,Zalanthias azumanus,Zalanthias azumanus,zalanthias-azumanus,INSERT,draft,pending,25,C,척추동물,Teleostei,Perciformes,"Anthiadidae Poey, 1861"
NEW_SPECIES,BM-SPECIES-001219,MBRIS:척추동물:1221,붉벤자리,Caprodon schlegelii,Caprodon schlegelii,caprodon-schlegelii,INSERT,draft,pending,25,C,척추동물,Teleostei,Perciformes,"Anthiadidae Poey, 1861"
NEW_SPECIES,BM-SPECIES-001220,MBRIS:척추동물:1222,꽃자리,Caprodon longimanus,Caprodon longimanus,caprodon-longimanus,INSERT,draft,pending,25,C,척추동물,Teleostei,Perciformes,"Anthiadidae Poey, 1861"
NEW_SPECIES,BM-SPECIES-001221,MBRIS:척추동물:1223,꽃돔,Sacura margaritacea,Sacura margaritacea,sacura-margaritacea,INSERT,draft,pending,25,C,척추동물,Teleostei,Perciformes,"Anthiadidae Poey, 1861"
NEW_SPECIES,BM-SPECIES-001222,MBRIS:척추동물:1224,연붉돔,Sayonara japonica,Sayonara japonica,sayonara-japonica,INSERT,draft,pending,25,C,척추동물,Teleostei,Perciformes,"Anthiadidae Poey, 1861"
NEW_SPECIES,BM-SPECIES-001223,MBRIS:척추동물:1225,가시우럭,Liopropoma japonicum,Liopropoma japonicum,liopropoma-japonicum,INSERT,draft,pending,25,C,척추동물,Teleostei,Perciformes,"Liopropomatidae Poey, 1867"
NEW_SPECIES,BM-SPECIES-001224,MBRIS:척추동물:1226,단줄우럭,Liopropoma latifasciatum,Liopropoma latifasciatum,liopropoma-latifasciatum,INSERT,draft,pending,25,C,척추동물,Teleostei,Perciformes,"Liopropomatidae Poey, 1867"
NEW_SPECIES,BM-SPECIES-001225,MBRIS:척추동물:1227,황줄바리,Aulacocephalus temminckii,Aulacocephalus temminckii,aulacocephalus-temminckii,INSERT,draft,pending,25,C,척추동물,Teleostei,Perciformes,"Liopropomatidae Poey, 1867"
NEW_SPECIES,BM-SPECIES-001226,MBRIS:척추동물:1228,두줄벤자리,Diploprion bifasciatus,Diploprion bifasciatus,diploprion-bifasciatus,INSERT,draft,pending,25,C,척추동물,Teleostei,Perciformes,"Liopropomatidae Poey, 1867"
NEW_SPECIES,BM-SPECIES-001228,MBRIS:척추동물:1230,큰눈등가시치,Anisarchus macrops,Anisarchus macrops,anisarchus-macrops,INSERT,draft,pending,25,C,척추동물,Teleostei,Perciformes,"Lumpenidae Jordan & Evermann, 1898"
NEW_SPECIES,BM-SPECIES-001229,MBRIS:척추동물:1231,가시베도라치,Lumpenella longirostris,Lumpenella longirostris,lumpenella-longirostris,INSERT,draft,pending,25,C,척추동물,Teleostei,Perciformes,"Lumpenidae Jordan & Evermann, 1898"
NEW_SPECIES,BM-SPECIES-001230,MBRIS:척추동물:1232,등점꼬마베도라치,Lumpenopsis pavlenkoi,Lumpenopsis pavlenkoi,lumpenopsis-pavlenkoi,INSERT,draft,pending,25,C,척추동물,Teleostei,Perciformes,"Lumpenidae Jordan & Evermann, 1898"
NEW_SPECIES,BM-SPECIES-001231,MBRIS:척추동물:1233,장어베도라치,Lumpenus sagitta,Lumpenus sagitta,lumpenus-sagitta,INSERT,draft,pending,25,C,척추동물,Teleostei,Perciformes,"Lumpenidae Jordan & Evermann, 1898"
NEW_SPECIES,BM-SPECIES-001232,MBRIS:척추동물:1234,둥근점육점날개,Opisthocentrus tenuis,Opisthocentrus tenuis,opisthocentrus-tenuis,INSERT,draft,pending,25,C,척추동물,Teleostei,Perciformes,"Opisthocentridae Jordan & Evermann, 1898"
NEW_SPECIES,BM-SPECIES-001233,MBRIS:척추동물:1235,육점날개,Opisthocentrus zonope,Opisthocentrus zonope,opisthocentrus-zonope,INSERT,draft,pending,25,C,척추동물,Teleostei,Perciformes,"Opisthocentridae Jordan & Evermann, 1898"
NEW_SPECIES,BM-SPECIES-001234,MBRIS:척추동물:1236,참육점날개,Opisthocentrus ocellatus,Opisthocentrus ocellatus,opisthocentrus-ocellatus,INSERT,draft,pending,25,C,척추동물,Teleostei,Perciformes,"Opisthocentridae Jordan & Evermann, 1898"
NEW_SPECIES,BM-SPECIES-001235,MBRIS:척추동물:1237,얼룩괴도라치,Askoldia variegata,Askoldia variegata,askoldia-variegata,INSERT,draft,pending,25,C,척추동물,Teleostei,Perciformes,"Opisthocentridae Jordan & Evermann, 1898"
NEW_SPECIES,BM-SPECIES-001236,MBRIS:척추동물:1238,황점베도라치,Dictyosoma rubrimaculatum,Dictyosoma rubrimaculatum,dictyosoma-rubrimaculatum,INSERT,draft,pending,25,C,척추동물,Teleostei,Perciformes,"Cebidichthyidae Gill, 1862"
NEW_SPECIES,BM-SPECIES-001237,MBRIS:척추동물:1239,민그물베도라치,Dictyosoma tongyeongensis,Dictyosoma tongyeongensis,dictyosoma-tongyeongensis,INSERT,draft,pending,25,C,척추동물,Teleostei,Perciformes,"Cebidichthyidae Gill, 1862"
NEW_SPECIES,BM-SPECIES-001238,MBRIS:척추동물:1240,그물베도라치,Dictyosoma temminckii,Dictyosoma temminckii,dictyosoma-temminckii,INSERT,draft,pending,25,C,척추동물,Teleostei,Perciformes,"Cebidichthyidae Gill, 1862"
NEW_SPECIES,BM-SPECIES-001239,MBRIS:척추동물:1241,가시미끈우럭,Pseudogramma polyacantha,Pseudogramma polyacantha,pseudogramma-polyacantha,INSERT,draft,pending,25,C,척추동물,Teleostei,Perciformes,"Grammistidae Bleeker, 1857"
NEW_SPECIES,BM-SPECIES-001240,MBRIS:척추동물:1242,별각시돔,Chelidoperca pleurospilus,Chelidoperca pleurospilus,chelidoperca-pleurospilus,INSERT,draft,pending,25,C,척추동물,Teleostei,Perciformes,"Serranidae Swainson, 1839"
NEW_SPECIES,BM-SPECIES-001241,MBRIS:척추동물:1243,각시돔,Chelidoperca hirundinacea,Chelidoperca hirundinacea,chelidoperca-hirundinacea,INSERT,draft,pending,25,C,척추동물,Teleostei,Perciformes,"Serranidae Swainson, 1839"
NEW_SPECIES,BM-SPECIES-001242,MBRIS:척추동물:1244,빨간양태,Bembras japonica,Bembras japonica,bembras-japonica,INSERT,draft,pending,25,C,척추동물,Teleostei,Perciformes,"Bembridae Kaup, 1873"
NEW_SPECIES,BM-SPECIES-001243,MBRIS:척추동물:1245,눈양태,Parabembras curta,Parabembras curta,parabembras-curta,INSERT,draft,pending,25,C,척추동물,Teleostei,Perciformes,"Bembridae Kaup, 1873"
NEW_SPECIES,BM-SPECIES-001244,MBRIS:척추동물:1246,에보시감펭,Ebosia bleekeri,Ebosia bleekeri,ebosia-bleekeri,INSERT,draft,pending,25,C,척추동물,Teleostei,Perciformes,"Scorpaenidae Risso, 1827"
NEW_SPECIES,BM-SPECIES-001248,MBRIS:척추동물:1250,주홍감펭,Scorpaenodes evides,Scorpaenodes evides,scorpaenodes-evides,INSERT,draft,pending,25,C,척추동물,Teleostei,Perciformes,"Scorpaenidae Risso, 1827"
NEW_SPECIES,BM-SPECIES-001249,MBRIS:척추동물:1251,놀락감펭,Scorpaenopsis diabolus,Scorpaenopsis diabolus,scorpaenopsis-diabolus,INSERT,draft,pending,25,C,척추동물,Teleostei,Perciformes,"Scorpaenidae Risso, 1827"
NEW_SPECIES,BM-SPECIES-001250,MBRIS:척추동물:1252,쏠치우럭,Scorpaenopsis neglecta,Scorpaenopsis neglecta,scorpaenopsis-neglecta,INSERT,draft,pending,25,C,척추동물,Teleostei,Perciformes,"Scorpaenidae Risso, 1827"
NEW_SPECIES,BM-SPECIES-001251,MBRIS:척추동물:1253,쑥감펭,Scorpaenopsis cirrosa,Scorpaenopsis cirrosa,scorpaenopsis-cirrosa,INSERT,draft,pending,25,C,척추동물,Teleostei,Perciformes,"Scorpaenidae Risso, 1827"
NEW_SPECIES,BM-SPECIES-001252,MBRIS:척추동물:1254,청회볼락,Sebastes glaucus,Sebastes glaucus,sebastes-glaucus,INSERT,draft,pending,25,C,척추동물,Teleostei,Perciformes,"Scorpaenidae Risso, 1827"
NEW_SPECIES,BM-SPECIES-001253,MBRIS:척추동물:1255,탁자볼락,Sebastes taczanowskii,Sebastes taczanowskii,sebastes-taczanowskii,INSERT,draft,pending,25,C,척추동물,Teleostei,Perciformes,"Scorpaenidae Risso, 1827"
NEW_SPECIES,BM-SPECIES-001254,MBRIS:척추동물:1256,좀볼락,Sebastes minor,Sebastes minor,sebastes-minor,INSERT,draft,pending,25,C,척추동물,Teleostei,Perciformes,"Scorpaenidae Risso, 1827"
EXISTING_LINK,BM-SPECIES-000557,MBRIS:척추동물:559,기름가자미,Glyptocephalus stelleri,Glyptocephalus stelleri,,INSERT_SPECIES_SOURCE_RELATION_IF_ABSENT,UNCHANGED,UNCHANGED,,,,,,
EXISTING_LINK,BM-SPECIES-000841,MBRIS:척추동물:843,참조기,Larimichthys polyactis,Larimichthys polyactis,,INSERT_SPECIES_SOURCE_RELATION_IF_ABSENT,UNCHANGED,UNCHANGED,,,,,,
