공간정보일련번호,공간정보,포인트지역명,포인트명,수심범위내용,주원료내용,조수물때내용,낚시방법대상내용,갯바위낚시포인트도분초위도,갯바위낚시포인트경도,행정구역명
300,POINT (879836.679920866 1630479.07465587),장산도,차돌이,2.1~5.0,암,조금 전후,▶감성돔 - 릴찌/ 장대/ 원투 ▶농어 - 루어/ 릴찌 ▶붕장어 - 원투,34-39-41.6N,,전라남도 신안군
301,POINT (874185.5313562091 1597038.32569831),진도 남서부,백미도 부근 갯바위,2.4~3.2,암,초들물~중날물,▶벵에돔 - 목줄/ 장대/ 부력/ 잠수 ▶갑오징어 - 에깅 ▶볼락 - 릴찌/ 장대/ 루어▶부시리 - 부력/ 잠수/ 지깅 ▶농어 - 루어/ 릴찌 ▶노래미 - 루어/ 릴찌/ 장대/ 원투,34-21-33.8N,,전라남도 진도군
302,POINT (863405.5991566869 1589718.07776419),상조도·하조도·관매도,하조도 물치끝(낚시배 이용),0.1~3.,암,초들물~중날물,▶감성돔 - 릴찌/ 장대/ 원투 ▶참돔 - 부력/ 잠수 ▶노래미 - 루어/ 릴찌/ 장대/ 원투▶돌돔 - 원투/ 민장대/ 릴찌 ▶도다리 - 원투 ▶우럭 - 릴찌/ 원투,34-17-31.3N,,전라남도 진도군
303,POINT (777428.42998948 1567069.88749999),가거도,노랑섭날 갯바위,3.0~9.7,암,초들물~중날물,▶감성돔 - 릴찌/ 장대/ 원투 ▶노래미 - 루어/ 릴찌/ 장대/ 원투 ▶참돔 - 릴찌 ▶농어 - 루어▶볼락 - 릴찌/ 장대/ 루어 ▶우럭 - 루어/ 릴찌/ 장대/ 원투 ▶돌돔 - 릴찌 ▶부시리 - 루어,34-04-23.1N,,전라남도 신안군
304,POINT (777065.1928965121 1571992.35865861),가거도,대국흘도 갯바위,6.0~11.6,암,초들물~중날물,▶감성돔 - 릴찌/ 장대/ 원투 ▶노래미 - 루어/ 릴찌/ 장대/ 원투 ▶참돔 - 릴찌 ▶농어 - 루어▶볼락 - 릴찌/ 장대/ 루어 ▶우럭 - 루어/ 릴찌/ 장대/ 원투 ▶돌돔 - 릴찌 ▶부시리 - 루어,34-07-02.5N,,전라남도 신안군
305,POINT (921179.312646607 1592937.55295865),완도,칠암각 갯바위,3.6~4.6,펄/ 조개껍질,초들물~중날물,▶숭어 - 릴찌/ 장대/ 홀치기▶우럭 - 릴찌/ 원투▶농어 - 루어/ 릴찌▶감성돔 - 릴찌/ 장대/ 원투▶참돔 - 부력/ 잠수▶붕장어 - 원투,34-19-37.4N,,전라남도 완도군
306,POINT (957422.855566604 1603932.71223452),금당도,육산리 해변,1.2~1.6,모래,초들물~중날물,▶감성돔 - 릴찌/ 장대/ 원투▶볼락 - 릴찌/ 장대/ 루어▶노래미 - 루어/ 릴찌/ 장대/ 원투▶농어 - 루어/ 릴찌▶도다리 - 원투▶학공치 - 릴찌/ 장대,34-25-42.0N,,전라남도 완도군
307,POINT (974629.991306861 1581123.06242902),초도,내항도,0.1~2.5,펄,초들물~중날물,▶참돔 - 부력/ 잠수▶뱅어돔 - 목줄/ 장대/ 부력/ 잠수▶볼락 - 릴찌/ 장대/ 루어▶감성돔 - 릴찌/ 장대/ 원투▶돌돔 - 민장대/ 릴찌/ 원투▶농어 - 루어/ 릴찌,34-13-23.5N,,전라남도 여수시
308,POINT (1053045.64399178 1655112.44073292),남해도 동부·신수도·창선도,신수도 남쪽 갯바위(구 초소),0.2~0.6,암,초들물~중날물,▶볼락 - 릴찌/ 장대/ 루어 ▶갑오징어 - 에깅 ▶노래미 - 루어/ 릴찌/ 장대/ 원투 ▶우럭 - 릴찌/ 원투,34-53-21.7N,,경상남도 사천시
309,POINT (1063648.21653941 1632747.31907966),두미도,용머리,0.4~3.0,펄,상관없음,▶감성돔 - 릴찌/ 장대/ 원투▶벵에돔 - 목줄/ 장대/ 부력/ 잠수▶노래미 - 루어/ 릴찌/ 장대/ 원투▶참돔 - 부력/ 잠수▶농어 - 루어/ 릴찌▶볼락 - 릴찌/ 장대/ 루어,34-41-13.5N,,경상남도 통영시
310,POINT (1295738.66635058 1954258.67637407),울릉도,코끼리바위 갯바위,3.5~5.0,암,들물~초썰물,▶벵에돔 - 목줄/ 장대/ 부력/ 잠수▶참돔 - 부력/ 잠수,37-32-24.9N,,경상북도 울릉군
311,POINT (873370.8222709581 1855829.90043873),가의도,북측 끝단 갯바위,4.0~7.0,펄/ 모래,상관없음,▶우럭 - 릴찌/ 원투▶노래미 - 루어/ 릴찌/ 장대/ 원투▶고등어 - 루어/ 릴찌/ 장대▶광어 - 릴찌/ 원투▶주꾸미 - 릴찌/ 원투/ 장대▶학공치 - 릴찌/ 장대,36-41-31.3N,,충청남도 태안군
312,POINT (932194.361904479 1579935.30251934),청산도·대모도, 대모도 북곧말 갯바위,2.7m~5m,펄/ 모래/ 조개껍질,4물~사리,▶감성돔 - 릴찌/ 장대/ 원투 ▶농어 - 루어/ 릴찌 ▶우럭 - 릴찌/ 원투 ▶노래미 - 루어/ 릴찌/ 장대/ 원투 ▶볼락 - 루어/ 릴찌/ 장대,34-12-38.1N,,전라남도 완도군
313,POINT (908756.0416991861 1503476.64108392),제주도 북서부,라마다호텔 앞 해안도로 좌측,1.5~2.0,암,들물/썰물,▶노래미 - 루어/ 릴찌/ 장대/ 원투▶벵에돔 - 목줄/ 장대/ 부력/ 잠수▶한치 - 루어/ 원투▶돌돔 - 민장대/ 릴찌/ 원투▶참돔 - 릴찌/ 장대/ 원투/ 부력/ 잠수,33-31-09.5N,,제주특별자치도 제주시
314,POINT (911329.395846517 1472270.06057216),제주도 남부,황우리해안 갯바위,0.6~7.9,암,초들물~중날물,▶벵에돔 - 목줄/ 장대/ 부력/ 잠수▶한치 - 루어/ 원투▶노래미 - 루어/ 릴찌/ 장대/ 원투▶독가시치 - 목줄/ 장대/ 부력/ 잠수▶부시리 - 부력/ 잠수/ 지깅▶우럭 - 릴찌/ 원투,33-14-17.1N,,제주특별자치도 서귀포시
315,POINT (787789.981620714 1635112.24407751),홍도,도달바위 인근,2.9~4.5m,암,사리 전후/ 초들물/ 만조 전후,▶ 참돔 - 부력/ 잠수▶ 돌돔 - 릴찌/ 장대/ 원투▶ 감성돔 - 릴찌/ 장대/ 원투▶ 우럭 - 릴찌/ 원투▶ 농어 - 루어/ 릴찌,34-41-18.119N,,전라남도 신안군
316,POINT (812322.786997861 1581779.42946034),만재도,외마도 상단,10.5~14m,암,조금 전후,▶ 돌돔 - 릴찌/ 장대/ 원투▶ 참돔 - 부력/ 잠수▶ 감성돔 - 릴찌/ 장대/ 원투▶ 우럭 - 릴찌/ 원투▶ 광어 - 릴찌/ 원투▶ 농어 - 루어/ 릴찌▶ 볼락 - 릴찌/ 장대/ 루어▶ 문어 - 루어,34-12-45.000N,,전라남도 신안군
317,POINT (872531.0831436851 1585767.81736039),독거군도 부근,죽항 담추서,3.9~8.2m,조개껍질,조금 전후,▶ 참돔 - 부력/ 잠수▶ 감성돔 - 릴찌/ 장대/ 원투▶ 돌돔 - 릴찌/ 장대/ 원투▶ 광어-릴찌/ 원투▶ 농어 - 루어/ 릴찌,34-15-27.265N,,전라남도 진도군
318,POINT (962521.0852976781 1622563.06943012),득량만 부근,득량도 좌측,1.8~3.5m,펄,4물~12물/ 들물,▶ 감성돔 - 릴찌/ 장대/ 원투▶ 농어 - 루어/ 릴찌▶ 우럭 - 릴찌/ 원투▶ 노래미 - 루어/ 릴찌/ 장대/ 원투▶ 도다리 - 원투▶ 학공치 - 릴찌/  장대,34-35-47.538N,,전라남도 고흥군
415,POINT (876793.02239707 1631711.60214478),장산도,발막금,0.1~2.0,자갈,조금 전후,▶감성돔 - 릴찌/ 장대/ 원투 ▶농어 - 루어/ 릴찌 ▶붕장어 - 원투,34-40-20.3N,,전라남도 신안군
11,POINT (889461.300453403 1909893.4104374),이작도·승봉도,대이작도 오형제바위,3m~5m,펄/ 모래,조금 전·후,▶넙치 - 루어/ 원투 ▶농어 - 루어/ 릴찌 ▶우럭 - 릴찌/ 원투,37-10-52.6N,,인천광역시 옹진군
1,POINT (995751.214631793 1616628.36812734),나로도,내나로도 구룡마을 갯바위,1.5m~2.4m,펄,초들물~만조,▶감성돔 - 릴찌/ 장대/ 원투 ▶농어 - 루어/ 릴찌▶볼락 - 루어/ 릴찌/ 장대 ▶우럭 - 릴찌/ 원투,34-32-37.3N,,전라남도 고흥군
2,POINT (881330.922569344 1491841.76728277),제주도 서부·차귀도·비양도,비양도 북측 큰여,0.1~1.6,모래/ 조개껍질,들물/썰물,▶감성돔 - 릴찌/ 장대/ 원투▶벤자리 - 릴찌/ 민장대▶삼치 - 루어/ 릴찌▶방어 - 부력/ 잠수/ 지깅▶벵에돔 - 목줄/ 장대/ 부력/ 잠수▶한치 - 루어/ 원투,33-24-42.1N,,제주특별자치도 제주시
3,POINT (907871.036256252 1503198.60694467),제주도 북서부,용두암 낚시터,0~4.5,암,들물/썰물,▶감성돔 - 릴찌/ 장대/ 원투▶농어 - 루어/ 릴찌▶돌돔 - 민장대/ 릴찌/ 원투▶벵에돔 - 목줄/ 장대/ 부력/ 잠수▶참돔 - 부력/ 잠수▶고등어 - 루어/ 릴찌/ 장대▶독가시치 - 목줄/ 장대/ 부력/ 잠수▶부시리 - 부력/ 잠수/ 지깅,33-31-00.2N,,제주특별자치도 제주시
4,POINT (946930.004446574 1493800.32258011),제주도 동부,방두곶 좌측 갯바위,0.9~4.1,암,들물/날물,▶참돔 - 부력/ 잠수 ▶돌돔 - 민장대/ 릴찌/ 원투 ▶볼락 - 루어/ 릴찌/ 장대▶벵에돔 - 목줄/ 장대/ 부력/ 잠수 ▶무늬오징어 - 에깅 ▶독가시치 - 목줄/ 장대/ 부력/ 잠수,33-26-04.6N,,제주특별자치도 서귀포시
5,POINT (922103.864025046 1472245.67000376),제주도 남동부,가막코지 갯바위,0.2~1.2,암,들물/날물,▶참돔 - 부력/ 잠수 ▶돌돔 - 민장대/ 릴찌/ 원투 ▶다금바리 - 원투▶벵에돔 - 목줄/ 장대/ 부력/ 잠수 ▶부시리 - 부력/ 잠수/ 지깅,33-14-19.3N,,제주특별자치도 서귀포시
6,POINT (753006.892115453 1982245.89821003),대청도·소청도,대청도 기름아가리(기름바다),1.9m~2.4m,모래,사리 전후 ,▶넙치 - 루어/ 원투 ▶노래미 - 루어/ 릴찌/ 장대/ 원투▶농어 - 루어/ 릴찌 ▶삼치 - 루어/ 릴찌▶쏨뱅이 - 루어/ 릴찌 ▶우럭 - 루어/ 릴찌,37-48-23.6N,,인천광역시 옹진군
7,POINT (751765.590655716 1984026.67393515),대청도·소청도,대청도 지두리해변 갯바위,1.4m~2m,모래/ 조개껍질,사리 전후 ,▶넙치 - 루어/ 원투 ▶노래미 - 루어/ 릴찌/ 장대/ 원투▶농어 - 루어/ 릴찌 ▶쏨뱅이 - 루어/ 릴찌▶우럭 - 루어/ 릴찌,37-49-20.1N,,인천광역시 옹진군
8,POINT (892909.259514525 1919573.42260192),자월도,마바위,1.2m~1.9m,모래,들물/ 날물,▶넙치 - 루어/ 원투 ▶우럭 - 릴찌/ 원투,37-16-08.1N,,인천광역시 옹진군
9,POINT (896266.725303098 1916976.03679501),자월도,분모골,1.3m~3m,조개껍질/ 펄,들물,▶넙치 - 루어/ 원투 ▶우럭 - 릴찌/ 원투,37-14-45.2N,,인천광역시 옹진군
10,POINT (892688.256296221 1918087.49335332),자월도,항도(목섬) 부근,1.2m~2m,모래,들물,▶노래미 - 루어/ 릴찌/ 장대/ 원투 ▶우럭 - 릴찌/ 원투,37-15-19.8N,,인천광역시 옹진군
12,POINT (891072.843291799 1907499.04096221),이작도·승봉도,대이작도 토끼바위 부근,3m~5m,펄/ 모래,조금 전·후,▶넙치 - 루어/ 원투 ▶농어 - 루어/ 릴찌 ▶우럭 - 릴찌/ 원투,37-09-35.6N,,인천광역시 옹진군
13,POINT (865422.737516932 1911707.81427143),백아도·굴업도,굴업도 해수욕장 북쪽 갯바위,1.8m~2.5m,가는 모래,들물,▶넙치 - 루어/ 원투 ▶노래미 - 루어/ 릴찌/ 장대/ 원투▶농어 - 루어/ 릴찌 ▶붕장어 - 원투▶우럭 - 릴찌/ 원투,37-11-40.1N,,인천광역시 옹진군
14,POINT (915509.834751902 1895528.52916174),입파도·국화도,국화도 도지섬 부근,2.3m~4m,펄,조금 전·후,▶노래미 - 루어/ 릴찌/ 장대/ 원투 ▶도다리 - 원투▶우럭 - 루어/ 릴찌,37-03-16.3N,,경기도 화성시
15,POINT (906585.8908778 1894485.16468862),풍도·난지도,대난지도 도끝이 부근,1.7m~3m,펄,만조/ 간조 전·후,▶넙치 - 루어/ 원투 ▶농어 - 루어/ 릴찌▶도다리 - 원투 ▶붕장어 - 원투▶우럭 - 릴찌/ 원투,37-02-39.4N,,충청남도 당진시
16,POINT (899928.730172499 1819858.70555925),원산도·삽시도,원산도 개간지,1.8m~2.3m,자갈,들물 전·후,▶감성돔 - 릴찌/ 장대/ 원투 ▶갑오징어 - 에깅▶넙치 - 루어/ 원투 ▶노래미 - 루어/ 릴찌/ 장대/ 원투▶농어 - 루어/ 릴찌 ▶우럭 - 릴찌/ 원투 ▶주꾸미 - 루어,36-22-15.5N,,충청남도 보령시
17,POINT (895875.968474566 1815262.21631789),원산도·삽시도,삽시도 촛대바위,3m~3.4m,모래/ 조개껍질,조금 전·후,▶감성돔 - 릴찌/ 장대/ 원투 ▶갑오징어 - 에깅 ▶넙치 - 루어/ 원투▶농어 - 루어/ 릴찌 ▶우럭 - 릴찌/ 원투 ▶주꾸미 - 루어,36-19-44.8N,,충청남도 보령시
18,POINT (888440.847813639 1811650.21673777),호도·녹도·외연도,호도 안통,2.2m~3m,펄,초들물,▶넙치 - 루어/ 원투 ▶노래미 - 루어/ 릴찌/ 장대/ 원투▶농어 - 루어/ 릴찌 ▶우럭 - 릴찌/ 원투,36-17-44.6N,,충청남도 보령시
19,POINT (862037.154170068 1793212.61353989),어청도·연도,어청도 등대 부근,3.8m~5.2m,펄,들물/ 날물,▶감성돔 - 릴찌/ 장대/ 원투 ▶갑오징어 - 에깅▶넙치 - 루어/ 원투 ▶농어 - 루어/ 릴찌▶방어 - 부력/ 잠수/ 지깅 ▶우럭 - 릴찌/ 원투,36-07-34.1N,,전라북도 군산시
20,POINT (905767.137421074 1749242.21575857),십이동파도·비안도,비안도 제방,1.5m~2m,조개껍질,들물 전·후,▶넙치 - 루어/ 원투 ▶노래미 - 루어/ 릴찌/ 장대/ 원투▶농어 - 루어/ 릴찌 ▶붕장어 - 원투▶우럭 - 릴찌/ 원투,35-44-06.0N,,전라북도 군산시
21,POINT (892934.5433078881 1762789.34253863),말도·방축도,말도 단도 부근,6.4m~8m,모래/ 조개껍질,들물/ 썰물 전·후,▶감성돔 - 릴찌/ 장대/ 원투 ▶노래미 - 루어/ 릴찌/ 장대/ 원투▶넙치 - 루어/ 원투 ▶도다리 - 원투 ▶우럭 - 릴찌/ 원투,35-51-20.9N,,전라북도 군산시
22,POINT (904064.9120598381 1756535.5821118),선유도·무녀도·장자도·신시도,무녀도 구마을 백사장 부근,1.6m~1.9m,모래/ 펄,들물 전·후,▶넙치 - 루어/ 원투 ▶노래미 - 루어/ 릴찌/ 장대/ 원투▶농어 - 루어/ 릴찌 ▶붕장어 - 원투▶우럭 - 릴찌/ 원투,35-48-02.1N,,전라북도 군산시
23,POINT (875950.023717944 1738709.17693462),왕등도·위도,하왕등도 코구렁,6m~10m,펄/ 모래/ 조개껍질,조금 전·후,▶감성돔 - 릴찌/ 장대/ 원투 ▶넙치 - 루어/ 원투▶농어 - 루어/ 릴찌 ▶붕장어 - 원투▶우럭 - 릴찌/ 원투 ▶참돔 - 부력/ 잠수,35-38-12.3N,,전라북도 부안군
24,POINT (887498.5930350929 1734278.62849693),왕등도·위도,위도 모여 부근,8m~12m,펄,중썰물~끝썰물,▶넙치 - 루어/ 원투 ▶노래미-루어/ 릴찌/ 장대/ 원투▶농어 - 루어/ 릴찌 ▶숭어 - 릴찌/ 장대/ 훌치기▶우럭 - 릴찌/ 원투,35-35-53.5N,,전라북도 부안군
25,POINT (860146.812601792 1646101.86994771),비금도·도초도,비금도 계남서 부근,1.7m~3m,펄,초들물~중들물,▶감성돔 - 릴찌/ 장대/ 원투 ▶농어 - 루어/ 릴찌▶돌돔 - 릴찌/ 장대/ 원투 ▶볼락 - 루어/ 릴찌/ 장대▶붕장어 - 원투 ▶우럭 - 릴찌/ 원투 ▶참돔 - 부력/ 잠수,34-47-59.6N,,전라남도 신안군
26,POINT (1023238.54510067 1611993.03815075),금오도·안도,금오도 학동마을 이장바위,2m~2.3m,펄,9물~13물/ 날물 전·후,▶감성돔 - 릴찌/ 장대/ 원투 ▶갑오징어 - 에깅▶농어 - 루어/ 릴찌 ▶벵에돔 - 목줄/ 장대/ 부력/ 잠수▶볼락 - 루어/ 릴찌/ 장대 ▶학공치 - 릴찌/ 장대,34-30-05.9N,,전라남도 여수시
27,POINT (1029482.38723536 1609186.18361052),금오도·안도,안도 벼락바위,3.3m~4m,바위,9물~13물/ 날물 전·후,▶감성돔 - 릴찌/ 장대/ 원투 ▶무늬오징어 - 릴찌/ 에깅 ▶부시리 - 부력/ 잠수/ 지깅▶벵에돔 - 목줄/ 장대/ 부력/ 잠수 ▶볼락 - 루어/ 릴찌/ 장대 ▶참돔 - 부력/ 잠수,34-28-34.2N,,전라남도 여수시
28,POINT (1062445.96181679 1648280.45297576),사량도,상사량도 한탄여 부근,7m~9m,자갈/ 조개껍질,7물~12물,▶감성돔 - 릴찌/ 장대/ 원투 ▶볼락 - 루어/ 릴찌/ 장대▶농어 - 루어/ 릴찌 ▶우럭 - 릴찌/ 원투 ▶참돔 - 부력/ 잠수,34-49-38.0N,,경상남도 통영시
29,POINT (1061055.17982414 1649996.2142461),사량도,상사량도 옥바위 부근,6.5m~8.1m,펄/ 모래,13물~6물,▶감성돔 - 릴찌/ 장대/ 원투 ▶농어 - 루어/ 릴찌▶노래미 - 루어/ 릴찌/ 장대/ 원투 ▶붕장어 - 원투,34-50-34.0N,,경상남도 통영시
30,POINT (1067261.22946751 1628946.93844472),욕지도,대송끝 곶부리,2.8m~4m,펄/ 모래/ 조개껍질,5물~11물,▶감성돔 - 릴찌/ 장대/ 원투 ▶농어 - 루어/ 릴찌▶무늬오징어 - 릴찌/ 에깅 ▶볼락 - 루어/ 릴찌/ 장대▶벵에돔 - 목줄/ 장대/ 부력/ 잠수 ▶참돔 - 부력/ 잠수,34-39-09.3N,,경상남도 통영시
31,POINT (1071489.3106095 1627007.15158561),욕지도,야포마을 갯바위,1.1m~1.5m,펄,5물~11물,▶감성돔 - 릴찌/ 장대/ 원투 ▶농어 - 루어/ 릴찌▶무늬오징어 - 릴찌/ 에깅 ▶볼락 - 루어/ 릴찌/ 장대▶벵에돔 - 목줄/ 장대/ 부력/ 잠수 ▶참돔 - 부력/ 잠수,34-38-05.3N,,경상남도 통영시
32,POINT (1070828.50779776 1625520.32047653),욕지도,낮은목 부근 갯바위,6m~7.7m,바위,5물~11물,▶감성돔 - 릴찌/ 장대/ 원투 ▶고등어 - 장대/ 릴찌/ 루어▶도다리 - 원투 ▶전갱이 - 루어/ 릴찌/ 장대▶볼락 - 루어/ 릴찌/ 장대 ▶참돔 - 부력/ 잠수,34-37-17.2N,,경상남도 통영시
33,POINT (1066794.21781635 1626642.40099867),욕지도,총바위 부근,7.1m~7.6m,펄,5물~11물,▶감성돔 - 릴찌/ 장대/ 원투 ▶농어 - 루어/ 릴찌▶무늬오징어 - 릴찌/ 에깅 ▶볼락 - 루어/ 릴찌/ 장대▶벵에돔 - 목줄/ 장대/ 부력/ 잠수 ▶참돔 - 부력/ 잠수,34-37-54.6N,,경상남도 통영시
34,POINT (1076414.98815 1647391.11620964),미륵도,풍화리 남서측 곶부리,1.9m~2.6m,펄,조금 전·후,▶감성돔 - 릴찌/ 장대/ 원투 ▶농어 - 루어/ 릴찌▶노래미 - 루어/ 릴찌/ 장대/ 원투 ▶우럭 - 릴찌/ 원투▶볼락 - 루어/ 릴찌/ 장대 ▶쥐치 - 카드/ 훌치기,34-49-05.7N,,경상남도 통영시
35,POINT (1087217.21514976 1634871.73076987),비진도·매물도,비진도 노루여 들머리 부근,7.5m~8.2m,펄,조금 전·후,▶감성돔 - 릴찌/ 장대/ 원투 ▶농어 - 루어/ 릴찌▶무늬오징어 - 릴찌/ 에깅 ▶볼락 - 루어/ 릴찌/ 장대▶벵에돔 - 목줄/ 장대/ 부력/ 잠수 ▶참돔 - 부력/ 잠수,34-42-16.2N,,경상남도 통영시
36,POINT (1099479.89307714 1627854.56621773),비진도·매물도,대매물도 동섬치,2.6m~4.7m,펄/ 모래,조금 전·후,▶감성돔 - 릴찌/ 장대/ 원투 ▶농어 - 루어/ 릴찌▶돌돔 - 릴찌/ 장대/ 원투 ▶볼락 - 루어/ 릴찌/ 장대,34-38-24.4N,,경상남도 통영시
37,POINT (1097680.93874361 1627012.79358676),비진도·매물도,대매물도 촛대바위 부근,5.1m~5.8m,펄,조금 전·후,▶감성돔 - 릴찌/ 장대/ 원투 ▶돌돔 - 릴찌/ 장대/ 원투▶볼락 - 루어/ 릴찌/ 장대 ▶참돔 - 부력/ 잠수,34-37-57.7N,,경상남도 통영시
38,POINT (1095857.18302094 1626568.54633374),비진도·매물도,소매물도 마을 서측 갯바위,2.6m~3.5m,펄/ 조개껍질,조금 전·후,▶감성돔 - 릴찌/ 장대/ 원투 ▶농어 - 루어/ 릴찌▶볼락 - 루어/ 릴찌/ 장대 ▶참돔 - 부력/ 잠수,34-37-43.9N,,경상남도 통영시
39,POINT (1111456.03532825 1657988.25886347),거제도 북동부,덕포 초소밑 갯바위,1.5m~2m,바위,조금 전·후,▶감성돔 - 릴찌/ 장대/ 원투 ▶농어 - 루어/ 릴찌▶벵에돔 - 목줄/ 장대/ 부력/ 잠수 ▶볼락 - 루어/ 릴찌/ 장대,34-54-38.0N,,경상남도 거제시
40,POINT (1113273.77743647 1653028.42926986),거제도 북동부,장승포 나래바위,2.4m~3.1m,펄,조금 전·후,▶감성돔 - 릴찌/ 장대/ 원투 ▶농어 - 루어/ 릴찌▶벵에돔 - 목줄/ 장대/ 부력/ 잠수 ▶볼락 - 루어/ 릴찌/ 장대,34-51-56.3N,,경상남도 거제시
41,POINT (842831.847245391 1957598.05078169),연평도,얼굴바위 앞,1.5~2.4,암,12물~4물,▶광어 - 릴찌/ 원투▶우럭 - 릴찌/ 원투▶숭어 - 릴찌/ 장대/ 홀치기▶간재미 - 원투▶농어 - 루어/ 릴찌▶노래미 - 루어/ 릴찌/ 장대/ 원투,37-36-15.8N,,인천광역시 옹진군
42,POINT (842756.190263987 1962008.60493021),연평도,모이도 갯바위,0.2~0.9,암,12물~4물,▶광어 - 릴찌/ 원투▶우럭 - 릴찌/ 원투▶숭어 - 릴찌/ 장대/ 홀치기▶간재미 - 원투▶농어 - 루어/ 릴찌▶노래미 - 루어/ 릴찌/ 장대/ 원투,37-38-38.8N,,인천광역시 옹진군
43,POINT (906320.225625378 1944868.8635331),영종도·용유도,모래 채집장 ,-1.3~2.0,펄,들물/ 날물,▶숭어 - 릴찌/ 장대/ 홀치기▶우럭 - 릴찌/ 원투▶광어 - 릴찌/ 원투▶노래미 - 루어/ 릴찌/ 장대/ 원투▶삼치 - 루어/ 릴찌▶붕장어 - 원투,37-29-54.0N,,인천광역시 중구
44,POINT (903964.035505238 1936246.87087603),영종도·용유도,잠진도 연륙교,-0.5~-0.8,바위,들물,▶우럭 - 릴찌/ 원투▶광어 - 릴찌/ 원투▶숭어 - 릴찌/ 장대/ 홀치기▶농어 - 루어/ 릴찌▶노래미 - 루어/ 릴찌/ 장대/ 원투▶삼치 - 루어/ 릴찌,37-25-13.4N,,인천광역시 중구
45,POINT (895314.75173163 1834394.7276249),안면도 북부,할미할아비 바위,-3.5~-3.7,모래/ 펄,초들물~중날물,▶우럭 - 릴찌/ 원투▶노래미 - 루어/ 릴찌/ 장대/ 원투▶학공치 - 릴찌/ 장대▶광어 - 릴찌/ 원투▶숭어 - 릴찌/ 장대/ 홀치기▶도다리 - 원투,36-30-05.4N,,충청남도 태안군
46,POINT (895343.9148982661 1827355.43715835),안면도 남 부,망재,0.4~0.9,모래/ 펄,중들물~중날물,▶우럭 - 릴찌/ 원투▶노래미 - 루어/ 릴찌/ 장대/ 원투▶학공치 - 릴찌/ 장대▶광어 - 릴찌/ 원투▶숭어 - 릴찌/ 장대/ 홀치기▶도다리 - 원투,36-26-17.0N,,충청남도 태안군
47,POINT (897995.9364979761 1824824.4050581),안면도 남 부,장삼포 해변 남측 갯바위,0.4~0.9,모래/ 펄,중들물~중날물,▶우럭 - 릴찌/ 원투▶노래미 - 루어/ 릴찌/ 장대/ 원투▶학공치 - 릴찌/ 장대▶광어 - 릴찌/ 원투▶숭어 - 릴찌/ 장대/ 홀치기▶도다리 - 원투,36-24-55.9N,,충청남도 태안군
48,POINT (904133.43172164 1822815.82815075),안면도 남 부,소도 갯바위,0.3~1.8,모래,중들물~중날물,▶숭어 - 릴찌/ 장대/ 홀치기▶노래미 - 루어/ 릴찌/ 장대/ 원투▶삼치 - 루어/ 릴찌▶붕장어 - 원투▶주꾸미 - 릴찌/ 원투,36-23-53.0N,,충청남도 보령시
121,POINT (1000966.96521767 1640326.84820612),순천만 부근,소여자도 갯바위,0.4~1.1m,펄,초들물,▶ 붕장어 - 원투▶ 망둑어 - 원투▶ 짱뚱어 - 훌치기▶ 숭어 - 릴찌/ 장대/ 훌치기,34-45-26.693N,,전라남도 여수시
49,POINT (873241.83258741 1853654.80655329),가의도,동남측 첫번째 곶부리,2.2~5.0,암,상관없음,▶우럭 - 릴찌/ 원투▶노래미 - 루어/ 릴찌/ 장대/ 원투▶고등어 - 루어/ 릴찌/ 장대▶광어 - 릴찌/ 원투▶주꾸미 - 릴찌/ 원투/ 장대▶학공치 - 릴찌/ 장대,36-40-20.67N,,충청남도 태안군
50,POINT (914214.495321775 1782363.9661464),개야도,작은철탑부근 묘지 아래 갯바위,1.4~2.0,모래/ 펄,초들물~중날물,▶망농어 - 루어/ 릴찌▶부세 - 릴찌/ 원투▶감성돔 - 릴찌/ 장대/ 원투▶백조기 - 릴찌/ 원투,36-02-03.7N,,전라북도 군산시
51,POINT (912205.509908001 1782941.5779179),개야도,치섬 북측 갯바위,1.2~2.0,모래/ 펄,초들물~중날물,▶농어 - 루어/ 릴찌▶부세 - 릴찌/ 원투▶감성돔 - 릴찌/ 장대/ 원투▶백조기 - 릴찌/ 원투,36-02-21.8N,,전라북도 군산시
52,POINT (913580.6750630371 1782810.82816669),개야도,작은 철탑 북측 갯바위,0~0.4,암,초들물~중날물,▶농어 - 루어/ 릴찌▶부세 - 릴찌/ 원투▶감성돔 - 릴찌/ 장대/ 원투▶백조기 - 릴찌/ 원투,36-02-18.0N,,전라북도 군산시
53,POINT (913490.4371574541 1783557.42140089),개야도,장구섬 서측 갯바위,0~1.0,암,초들물~중날물,▶농어 - 루어/ 릴찌▶부세 - 릴찌/ 원투▶감성돔 - 릴찌/ 장대/ 원투▶백조기 - 릴찌/ 원투,36-02-42.2N,,전라북도 군산시
54,POINT (864358.7693147 1708220.93222873),안마도·석만도,장재여 부근 갯바위,13.9~14.0,암,들물/날물,▶붕장어 - 원투▶우럭 - 릴찌/ 원투▶민어 - 루어/ 지깅/ 원투▶광어 - 릴찌/ 원투▶농어 - 루어/ 릴찌▶노래미 - 루어/ 릴찌/ 장대/ 원투,35-21-37.5N,,전라남도 영광군
55,POINT (877497.729673921 1699472.0345245),송이도,검은바위 갯바위,1.4~1.5,암,들물/날물,▶감성돔 - 릴찌/ 장대/ 원투▶민어 - 루어/ 지깅/ 원투▶숭어 - 릴찌/ 장대/ 홀치기▶농어 - 루어/ 릴찌▶붕장어 - 원투▶우럭 - 릴찌/ 원투,35-16-59.7N,,전라남도 영광군
56,POINT (919647.849692841 1572857.00060649),노화도·보길도·소안도,소안도 돈암각 부근 갯바위,5.5m~6.1m,펄,사리 전·후,▶감성돔 - 릴찌/ 장대/ 원투 ▶농어 - 루어/ 릴찌▶노래미 - 장대/ 루어/ 릴찌/ 원투 ▶우럭 - 릴찌/ 원투▶볼락 - 루어/ 릴찌/ 장대 ▶학공치 - 릴찌/ 장대,34-08-45.1N,,전라남도 완도군
57,POINT (934423.34410802 1594908.32165253),신지도,송곡리 호안로 갯바위,1.5m~2.1m,펄/ 모래,사리 전·후,▶감성돔 - 릴찌/ 장대/ 원투 ▶넙치 - 루어/ 원투▶농어 - 루어/ 릴찌 ▶숭어 - 릴찌/ 장대/ 훌치기▶우럭 - 릴찌/ 원투 ▶참돔 - 부력/ 잠수,34-20-44.7N,,전라남도 완도군
58,POINT (944709.1473691 1594413.60728504),신지도,덕구미 부근,8.5m~9m,펄/ 조개껍질,사리 전·후,▶감성돔 - 릴찌/ 장대/ 원투 ▶농어 - 루어/ 릴찌 ▶숭어 - 릴찌/ 장대/ 훌치기 ▶볼락 - 루어/ 릴찌/ 장대 ▶우럭 - 릴찌/ 원투 ▶참돔 - 부력/ 잠수,34-20-30.8N,,전라남도 완도군
59,POINT (941649.881462589 1591407.36189013),신지도,가인항 양식장 부근 갯바위,4.6m~5m,펄,사리 전·후,▶감성돔 - 릴찌/ 장대/ 원투 ▶갑오징어 - 에깅 ▶볼락 - 루어/ 릴찌/ 장대 ▶우럭 - 릴찌/ 원투 ▶참돔 - 부력/ 잠수 ▶학공치 - 릴찌/ 장대,34-18-52.6N,,전라남도 완도군
60,POINT (939194.820269568 1590797.70163643),신지도,월양항 부근 제방,1.8m~2.5m,펄/ 조개껍질,사리 전·후,▶농어 - 루어/ 릴찌 ▶볼락 - 루어/ 릴찌/ 장대 ▶숭어 - 릴찌/ 장대/ 훌치기 ▶우럭 - 릴찌/ 원투 ▶전갱이 - 루어/ 릴찌/ 장대 ▶학공치 - 릴찌/ 장대,34-18-32.3N,,전라남도 완도군
61,POINT (946531.9576873591 1577125.9499635),청산도·대모도,청산도 항도 제방 부근 갯바위,8.5m~8.7m,자갈,4물~사리,▶감성돔 - 릴찌/ 장대/ 원투 ▶넙치 - 루어/ 원투▶농어 - 루어/ 릴찌 ▶도다리 - 원투 ▶우럭 - 릴찌/ 원투▶볼락 - 루어/ 릴찌/ 장대 ▶참돔 - 부력/ 잠수,34-11-09.9N,,전라남도 완도군
62,POINT (945459.9345764881 1573241.82641123),청산도·대모도,청산도 노랑바위,8.2m~10.3m,펄,4물~사리,▶감성돔 - 릴찌/ 장대/ 원투 ▶농어 - 루어/ 릴찌 ▶돌돔 - 릴찌/ 장대/ 원투 ▶볼락 - 루어/ 릴찌/ 장대 ▶우럭 - 릴찌/ 원투 ▶참돔 - 부력/ 잠수,34-09-03.6N,,전라남도 완도군
63,POINT (963449.506809163 1605379.45893283),거금도,우두마을 곶부리,2m~3.5m,펄,초들물,▶감성돔 - 릴찌/ 장대/ 원투 ▶넙치 - 루어/ 원투▶도다리 - 원투 ▶노래미 - 루어/ 릴찌/ 장대/ 원투▶붕장어 - 원투 ▶양태 - 릴찌 ▶우럭 - 릴찌/ 원투,34-26-29.8N,,전라남도 고흥군
359,POINT (888966.99032482 1908691.65413065),이작도·승봉도, 대이작도 유곶 부근,3m~5m,펄/ 모래,조금 전·후,▶넙치 - 루어/ 원투 ▶농어 - 루어/ 릴찌 ▶우럭 - 릴찌/ 원투,37-10-13.4N,,인천광역시 옹진군
64,POINT (950489.3262000331 1590691.04947111),금일도·생일도,금곡 해수욕장 북측 갯바위,3.0~3.9,모래/ 조개껍질,초들물~중날물,▶감성돔 - 릴찌/ 장대/ 원투 ▶숭어 - 릴찌/ 장대/ 훌치기 ▶우럭 - 릴찌/ 원투 ▶노래미 - 루어/ 릴찌/ 장대/ 원투▶농어 - 루어/ 릴찌 ▶학공치 - 릴찌/ 장대 ▶볼락 - 루어/ 릴찌/ 장대 ▶붕장어 - 원투,34-18-31.0N,,전라남도 완도군
65,POINT (955295.150292322 1591874.2881646),금일도·생일도,생일도 목섬,0.1~1.2,암,초들물~중날물,▶감성돔 - 릴찌/ 장대/ 원투 ▶숭어 - 릴찌/ 장대/ 훌치기 ▶우럭 - 릴찌/ 원투 ▶노래미 - 루어/ 릴찌/ 장대/ 원투▶농어 - 루어/ 릴찌 ▶학공치 - 릴찌/ 장대 ▶볼락 - 루어/ 릴찌/ 장대 ▶붕장어 - 원투,34-19-10.2N,,전라남도 완도군
66,POINT (974413.895380039 1579753.00916527),초도,외항도,9.2~10.0,펄,초들물~중날물,▶참돔 - 부력/ 잠수▶뱅어돔 - 목줄/ 장대/ 부력/ 잠수▶볼락 - 릴찌/ 장대/ 루어▶감성돔 - 릴찌/ 장대/ 원투▶돌돔 - 민장대/ 릴찌/ 원투▶농어 - 루어/ 릴찌,34-12-39.0N,,전라남도 여수시
67,POINT (1026185.54685052 1633901.71217954),돌산도,월전포 동측 갯바위,0~0.4,펄,초들물~중날물,▶참돔 - 부력/ 잠수▶농어 - 루어/ 릴찌▶노래미 - 루어/ 릴찌/ 장대/ 원투▶볼락 - 릴찌/ 장대/ 루어▶우럭 - 릴찌/ 원투▶붕장어 - 원투,34-41-56.9N,,전라남도 여수시
68,POINT (1030610.65457447 1644299.28474804),남해도 북부,서상리 갯바위,0.5~1.0,암,초들물~중날물,▶참돔 - 부력/ 잠수▶농어 - 루어/ 릴찌▶노래미 - 루어/ 릴찌/ 장대/ 원투▶볼락 - 릴찌/ 장대/ 루어▶우럭 - 릴찌/ 원투,34-47-34.0N,,경상남도 남해군
69,POINT (1061990.38716906 1633700.22553317),두미도,의자여,2.0~5.0,펄,상관없음,▶감성돔 - 릴찌/ 장대/ 원투▶벵에돔 - 목줄/ 장대/ 부력/ 잠수▶노래미 - 루어/ 릴찌/ 장대/ 원투▶참돔 - 부력/ 잠수▶농어 - 루어/ 릴찌▶볼락 - 릴찌/ 장대/ 루어,34-41-44.8N,,경상남도 통영시
416,POINT (862704.423013941 1628391.63220891),개도·하의도·신의도,개도 서측 갯바위,0~4.0,펄,조금 전후,▶농어 - 루어/ 릴찌▶붕장어 - 원투▶감성돔 - 릴찌/ 장대/ 원투,34-38-26.1N,,전라남도 신안군
70,POINT (1061841.42526986 1635424.31233815),두미도,등대포인트,3.3~5.0,펄,상관없음,▶감성돔 - 릴찌/ 장대/ 원투▶벵에돔 - 목줄/ 장대/ 부력/ 잠수▶노래미 - 루어/ 릴찌/ 장대/ 원투▶참돔 - 부력/ 잠수▶농어 - 루어/ 릴찌▶볼락 - 릴찌/ 장대/ 루어,34-42-40.8N,,경상남도 통영시
71,POINT (1291113.50812326 1951357.09075407),울릉도,태하 갯바위,5.0~9.5,암,조금 전후,▶농어 - 루어/ 릴찌▶부시리 - 부력/ 잠수/ 지깅▶방어 - 부력/ 잠수/ 지깅▶벵에돔 - 목줄/ 장대/ 부력/ 잠수,37-30-56.2N,,경상북도 울릉군
72,POINT (1299751.62860427 1955180.62754811),울릉도,딴바위 갯바위,3.9~4.6,암,조금 전후,▶감성돔 - 릴찌/ 장대/ 원투▶부시리 - 부력/ 잠수/ 지깅▶벵에돔 - 목줄/ 장대/ 부력/ 잠수,37-32-50.1N,,경상북도 울릉군
73,POINT (888470.618931641 1553221.44978466),추자도,대서리 갯바위,2.8~5.0,암,들물/썰물,▶감성돔 - 릴찌/ 장대/ 원투▶돌돔 - 민장대/ 릴찌/ 원투▶자리돔 - 장대/ 카드▶농어 - 루어/ 릴찌▶볼락 - 루어/ 릴찌/ 장대▶참돔 - 부력/ 잠수,33-57-57.4N,,제주특별자치도 제주시
74,POINT (1086591.02416359 1675548.33536443),당항포 부근,해상펜션 앞,0.3~0.5m,모래,초들물~중날물,▶ 도다리 - 원투▶ 노래미 - 루어/ 릴찌/ 장대/ 원투▶ 볼락 - 릴찌/ 장대/ 루어▶ 감성돔 - 릴찌/ 장대/ 원투▶ 갑오징어 - 에깅,35-04-16.711N,,경상남도 고성군
75,POINT (1094972.03941082 1678993.03808975),진해항 부근,삼우골 서측,0.6~1.1m,펄,초들물~중날물,▶ 도다리 - 원투▶ 노래미 - 루어/ 릴찌/ 장대/ 원투▶ 볼락 - 릴찌/ 장대/ 루어▶ 감성돔 - 릴찌/ 장대/ 원투▶ 갑오징어 - 에깅,35-06-05.799N,,경상남도 창원시
76,POINT (1152770.18007383 1685716.76048176),수영만 부근,고두말 근처바위,0.3~0.1m,암,6물~8물,▶ 붕장어 - 원투▶ 참돔 - 부력/ 잠수▶ 노래미 - 루어/ 릴찌/ 장대/ 원투▶ 도다리 - 원투▶ 숭어 - 릴찌/ 장대/ 훌치기▶ 전어 - 장대▶ 부시리 - 부력/ 잠수/ 지깅,35-09-18.385N,,부산광역시 해운대구
77,POINT (758252.634240712 1977896.87395717),대청도·소청도,소청도 예동항 동쪽 갯바위,3.6m~4.1m,펄/ 가는 모래,사리 전후 ,▶넙치 - 루어/ 원투 ▶노래미 - 루어/ 릴찌/ 장대/ 원투▶농어 - 루어/ 릴찌 ▶삼치 - 루어/ 릴찌▶쏨뱅이 - 루어/ 릴찌 ▶우럭 - 루어/ 릴찌,37-46-07.7N,,인천광역시 옹진군
360,POINT (893774.4231464571 1908891.60549233),이작도·승봉도,승봉도 부채바위,1m~1.8m,펄,초들물~중들물,▶넙치 - 루어/ 원투 ▶노래미 - 루어/ 릴찌/ 장대/ 원투▶농어 - 루어/ 릴찌 ▶우럭 - 릴찌/ 원투,37-10-21.9N,,인천광역시 옹진군
78,POINT (881051.3130736441 1914785.86249838),덕적도·소야도,소야도 뒷장불,1.2m~1.5m,모래,모래,▶노래미 - 루어/ 릴찌/ 장대/ 원투 ▶농어 - 루어/ 릴찌▶붕장어 - 원투 ▶숭어 - 릴찌/ 장대/ 훌치기▶우럭 - 루어/ 릴찌,37-13-27.6N,,인천광역시 옹진군
79,POINT (886307.121365246 1910638.21280735),이작도·승봉도,소이작도 돌살부리 부근,1.2m~1.8m,펄,조금 전·후,▶넙치 - 루어/ 원투 ▶노래미 - 루어/ 릴찌/ 장대/ 원투▶농어 - 루어/ 릴찌 ▶우럭 - 릴찌/ 원투,37-11-15.4N,,인천광역시 옹진군
80,POINT (885978.528510267 1910047.76628095),이작도·승봉도,소이작도 간뿌리 부근,1.1m~1.8m,가는 모래,조금 전·후,▶넙치 - 루어/ 원투 ▶노래미 - 루어/ 릴찌/ 장대/ 원투,37-10-56.1N,,인천광역시 옹진군
81,POINT (877016.135936137 1910066.10763235),문갑도·선갑도,문갑도 문갑해수욕장 갯바위,2.2m~4.7m,가는 모래,사리 전·후,▶넙치 - 루어/ 원투 ▶노래미 - 루어/ 릴찌/ 장대/ 원투 ▶농어 - 루어/ 릴찌 ▶우럭 - 릴찌/ 원투,37-10-52.6N,,인천광역시 옹진군
82,POINT (863832.4655653529 1899513.75538626),백아도·굴업도,백아도 기차바위 부근,2.3m~3.8m,펄,사리 전·후,▶넙치 - 루어/ 원투 ▶노래미 - 루어/ 릴찌/ 장대/ 원투▶농어 - 루어/ 릴찌 ▶붕장어 - 원투▶우럭 - 릴찌/ 원투,37-05-03.7N,,인천광역시 옹진군
83,POINT (913473.3229798841 1917992.30547977),영흥도·선재도·대부도·구봉도,신지도 대량곶 부근 갯바위,1.8m~2.5m,펄,들물/ 날물,▶노래미 - 루어/ 릴찌/ 장대/ 원투 ▶망둑어 - 원투▶붕장어 - 원투 ▶양태 - 루어/ 릴찌 ▶우럭 - 루어/ 릴찌,37-15-24.5N,,인천광역시 옹진군
84,POINT (885019.546228291 1779101.61980048),십이동파도·비안도,십이동파도 땅콩여,9m~18m,펄/ 모래,12물~3물,▶감성돔 - 릴찌/ 장대/ 원투 ▶넙치 - 루어/ 원투▶돌돔 - 릴찌/ 장대/ 원투 ▶노래미 - 루어/ 릴찌/ 장대/ 원투▶농어 - 루어/ 릴찌 ▶우럭 - 릴찌/ 원투 ▶참돔 - 부력/ 잠수,36-00-07.0N,,전라북도 군산시
85,POINT (884748.524309801 1777530.40900452),십이동파도·비안도,십이동파도 등대섬 덜컥바위,19.7m~21m,펄/ 모래,12물~3물,▶감성돔 - 원투 ▶갑오징어 - 에깅▶넙치 - 루어/ 원투 ▶노래미 - 루어/ 릴찌/ 장대/ 원투▶농어 - 루어/ 릴찌 ▶우럭 - 릴찌/ 원투 ▶참돔 - 부력/ 잠수,35-59-15.9N,,전라북도 군산시
86,POINT (893086.560823873 1763120.3079972),말도·방축도,말도 등대 부근 갯바위,11.8m~13m,모래/ 조개껍질,썰물 전·후,▶감성돔 - 릴찌/ 장대/ 원투 ▶노래미 - 루어/ 릴찌/ 장대/ 원투▶넙치 - 루어/ 원투 ▶도다리 - 원투 ▶우럭 - 릴찌/ 원투,35-51-31.7N,,전라북도 군산시
87,POINT (899469.036466492 1762755.67658416),말도·방축도,방축도 북동쪽 곶부리,6.7m~8m,가는 모래,중들물~만조시,▶감성돔 - 릴찌/ 장대/ 원투 ▶넙치 - 루어/ 원투▶농어 - 루어/ 릴찌 ▶우럭 - 릴찌/ 원투▶부시리 - 부력/ 잠수/ 지깅 ▶참돔 - 부력/ 잠수,35-51-22.3N,,전라북도 군산시
88,POINT (902008.404040951 1756709.10540755),선유도·무녀도·장자도·신시도,무녀도 남들포인트,2m~2.5m,가는 모래,들물 전·후,▶넙치 - 루어/ 원투 ▶노래미 - 루어/ 릴찌/ 장대/ 원투▶농어 - 루어/ 릴찌 ▶붕장어 - 원투▶우럭 - 릴찌/ 원투,35-48-07.0N,,전라북도 군산시
89,POINT (885432.146318302 1464088.09176388),제주도 남서부·가파도·마라도,가파도 남측 갯바위,1.5~2.0,암,들물/썰물,▶벵에돔 - 목줄/ 장대/ 잠수 ▶농어 - 루어/ 릴찌 ▶자리돔 - 민장대/ 릴찌 ▶볼락 - 루어/ 릴찌/ 장대▶한치 - 루어/ 원투 ▶참돔 - 부력/ 잠수 ▶부시리 - 부력/ 잠수/ 지깅,33-09-42.7N,,제주특별자치도 서귀포시
90,POINT (885147.570432543 1458608.6281123),제주도 남서부·가파도·마라도,장군바위 부근 갯바위,2.5~6.8,암,들물/썰물,▶벵에돔 - 목줄/ 장대/ 잠수▶농어 - 루어/ 릴찌▶자리돔 - 민장대/ 릴찌▶볼락 - 루어/ 릴찌/ 장대▶한치 - 루어/ 원투▶참돔 - 부력/ 잠수▶부시리 - 부력/ 잠수/ 지깅,33-06-44.7N,,제주특별자치도 서귀포시
91,POINT (787855.513865675 1632811.54322659),홍도,병풍바위 우측,2.9~3.7m,암,사리 전후/ 초들물/ 만조 전후,▶ 참돔 - 부력/ 잠수▶ 돌돔 - 릴찌/ 장대/ 원투▶ 감성돔 - 릴찌/ 장대/ 원투▶ 우럭 - 릴찌/ 원투▶ 농어 - 루어/ 릴찌,34-40-03.538N,,전라남도 신안군
92,POINT (787307.388937736 1634511.24040275),홍도,주전자바위 인근,12.1~13.5m,암,사리 전후/ 초들물/ 만조 전후,▶ 참돔 - 부력/ 잠수▶ 돌돔 - 릴찌/ 장대/ 원투▶ 감성돔 - 릴찌/ 장대/ 원투▶ 우럭 - 릴찌/ 원투▶ 농어 - 루어/ 릴찌,34-40-58.263N,,전라남도 신안군
361,POINT (862390.887473997 1898498.27451396),백아도·굴업도, 백아도 목가지 부근,2.1m~3m,바위,사리 전·후,▶넙치 - 루어/ 원투 ▶노래미 - 루어/ 릴찌/ 장대/ 원투▶농어 - 루어/ 릴찌 ▶붕장어 - 원투▶우럭 - 릴찌/ 원투,37-04-30.0N,,인천광역시 옹진군
93,POINT (789330.4845152589 1637539.65311479),홍도,석화굴 인근,1.1~15.2m,암,사리 전후/ 초들물/ 만조 전후,▶ 참돔 - 부력/ 잠수▶ 돌돔 - 릴찌/ 장대/ 원투▶ 감성돔 - 릴찌/ 장대/ 원투▶ 우럭 - 릴찌/ 원투▶ 농어 - 루어/ 릴찌,34-42-38.006N,,전라남도 신안군
94,POINT (790491.691557226 1635836.35756348),홍도,공작새바위 하단,3.6~4.9m,암,사리 전후/ 초들물/ 만조 전후,▶ 참돔 - 부력/ 잠수▶ 돌돔 - 릴찌/ 장대/ 원투▶ 감성돔 - 릴찌/ 장대/ 원투▶ 우럭 - 릴찌/ 원투▶ 농어 - 루어/ 릴찌,34-41-43.613N,,전라남도 신안군
95,POINT (814126.878321283 1580950.37649717),만재도,남대문 부근,8~9.5m,암,조금 전후,▶ 돌돔 - 릴찌/ 장대/ 원투▶ 참돔 - 부력/ 잠수▶ 감성돔 - 릴찌/ 장대/ 원투▶ 우럭 - 릴찌/ 원투▶ 광어 - 릴찌/ 원투▶ 농어 - 루어/ 릴찌▶ 볼락 - 릴찌/ 장대/ 루어▶ 문어 - 루어,34-12-19.265N,,전라남도 신안군
96,POINT (813194.0842693531 1581998.46258207),만재도,등대 밑 부근,10.5~14m,암,조금 전후,▶ 돌돔 - 릴찌/ 장대/ 원투▶ 참돔 - 부력/ 잠수▶ 감성돔 - 릴찌/ 장대/ 원투▶ 우럭 - 릴찌/ 원투▶ 광어 - 릴찌/ 원투▶ 농어 - 루어/ 릴찌▶ 볼락 - 릴찌/ 장대/ 루어▶ 문어 - 루어,34-12-52.671N,,전라남도 신안군
97,POINT (896424.60512065 1652534.5138773),목포 부근,솔섬,0.2~0.3m,펄,사리 전후/ 초들물~중날물,▶ 감성돔 - 릴찌/ 장대/ 원투▶ 붕장어 - 원투▶ 우럭 - 릴찌/ 원투▶ 노래미 - 루어/ 릴찌/ 장대/ 원투▶ 농어 - 루어/ 릴찌▶ 볼락 - 릴찌/ 장대/ 루어,34-51-43.995N,,전라남도 신안군
98,POINT (895647.973942354 1647162.14821263),목포 부근,정주도,-3.2~6.6m,펄,사리 전후/ 초들물~중날물,▶ 감성돔 - 릴찌/ 장대/ 원투▶ 붕장어 - 원투▶ 우럭 - 릴찌/ 원투▶ 노래미 - 루어/ 릴찌/ 장대/ 원투▶ 농어 - 루어/ 릴찌▶ 볼락 - 릴찌/ 장대/ 루어,34-48-49.337N,,전라남도 목포시
99,POINT (887824.6483705681 1636565.70024233),화원 부근,월래경로당 앞,-1.2~3m,펄,조금 전후/ 초들물~중날물,▶ 감성돔 - 릴찌/ 장대/ 원투▶ 붕장어 - 원투▶ 농어 - 루어/ 릴찌,34-43-02.417N,,전라남도 해남군
100,POINT (884827.614584755 1634761.88624471),화원 부근,시하도,-3.1~4.4m,암,조금 전후/ 초들물~중날물,▶ 감성돔 - 릴찌/ 장대/ 원투▶ 붕장어 - 원투▶ 농어 - 루어/ 릴찌,34-42-02.671N,,전라남도 해남군
101,POINT (887091.7726675 1628604.00651836),화원 부근,석호앞들,-0.4~0.3m,펄,조금 전후/ 초들물~중날물,▶ 감성돔 - 릴찌/ 장대/ 원투▶ 붕장어 - 원투▶ 농어 - 루어/ 릴찌,34-38-43.714N,,전라남도 해남군
102,POINT (855069.4446294161 1585374.25292627),거차수도 부근,상하죽도 교량 부근,0.3~0.9m,암,10물~5물,▶ 참돔 - 부력/ 잠수▶ 감성돔 - 릴찌/ 장대/ 원투▶ 돌돔 - 릴찌/ 장대/ 원투▶ 우럭 - 릴찌/ 원투▶ 농어 - 루어/ 릴찌▶ 부시리 - 부력/ 잠수/ 지깅,34-15-06.254N,,전라남도 진도군
103,POINT (855114.797362196 1583671.38593077),거차수도 부근,동거차 수영장,1.9~3.2m,암,10물~5물,▶ 참돔 - 부력/ 잠수▶ 감성돔 - 릴찌/ 장대/ 원투▶ 돌돔 - 릴찌/ 장대/ 원투▶ 우럭 - 릴찌/ 원투▶ 농어 - 루어/ 릴찌▶ 부시리 - 부력/ 잠수/ 지깅,34-14-11.011N,,전라남도 진도군
104,POINT (877551.995295116 1582813.09726576),독거군도 부근,간암여,17.6~23.5m,암,조금~3물,▶ 참돔 - 부력/ 잠수▶ 감성돔 - 릴찌/ 장대/ 원투▶ 돌돔 - 릴찌/ 장대/ 원투▶ 광어-릴찌/ 원투▶ 농어 - 루어/ 릴찌,34-13-53.534N,,전라남도 진도군
105,POINT (891744.51270415 1549175.19489298),추자군도,오리똥여 부근,2.1~6.9m,암,11물~5물/ 정조전후,▶ 감성돔 - 릴찌/ 장대/ 원투▶ 벵에돔 - 목줄/ 장대/ 부력/ 잠수▶ 참돔 - 부력/ 잠수▶ 돌돔 - 민장대/ 릴찌/ 원투▶ 볼락 - 릴찌/ 장대/ 루어▶ 부시리 - 부력/ 잠수/ 지깅,33-55-47.285N,,제주특별자치도 제주시
106,POINT (889978.363417827 1554097.40757233),추자군도,염도 우측,0.4~1.9m,암,11물~5물/ 정조전후,▶ 감성돔 - 릴찌/ 장대/ 원투▶ 벵에돔 - 목줄/ 장대/ 부력/ 잠수▶ 참돔 - 부력/ 잠수▶ 돌돔 - 민장대/ 릴찌/ 원투▶ 볼락 - 릴찌/ 장대/ 루어▶ 부시리 - 부력/ 잠수/ 지깅,33-58-26.407N,,제주특별자치도 제주시
1003,POINT (1175855.53370821 1722882.20494695),소바위,울산소바위,0.1m~1.8m,모래/ 바위,,▶감성돔-장대/ 릴찌▶볼락-루어/ 릴찌▶전갱이-루어▶숭어-원투/ 릴찌,35-29-10.5N,129-26-18.8E,울산광역시 동구
122,POINT (1012502.61872782 1636067.74964057),여수엑스포 부근,용주마을 부근,1.3~3.4m,펄,조금,▶ 벵에돔 - 목줄/ 장대/ 부력/ 잠수▶ 참돔 - 부력/ 잠수▶ 돌돔 - 릴찌/ 장대/ 원투▶ 감성돔 - 릴찌/ 장대/ 원투▶ 농어 - 루어/ 릴찌,34-43-08.151N,,전라남도 여수시
107,POINT (891114.713927435 1555387.91765846),추자군도,추포도 남측 갯바위,3.0~17.1m,암,11물~5물/ 정조전후,▶ 감성돔 - 릴찌/ 장대/ 원투▶ 벵에돔 - 목줄/ 장대/ 부력/ 잠수▶ 참돔 - 부력/ 잠수▶ 돌돔 - 민장대/ 릴찌/ 원투▶ 볼락 - 릴찌/ 장대/ 루어▶ 부시리 - 부력/ 잠수/ 지깅,33-59-08.725N,,제주특별자치도 제주시
108,POINT (908817.664917744 1589973.54375605),해남반도 부근,양도,0.5~3.1m,암,사리 전후,▶ 감성돔 - 릴찌/ 장대/ 원투▶ 고등어 - 장대/ 릴찌/ 루어▶ 볼락 - 릴찌/ 장대/ 루어▶ 노래미 - 루어/ 릴찌/ 장대/ 원투▶ 숭어 - 릴찌/ 장대/ 훌치기▶ 우럭 - 릴찌/ 원투▶ 농어 - 루어/ 릴찌▶ 돌돔 - 릴찌/ 장대/ 원투,34-17-57.534N,,전라남도 완도군
109,POINT (926217.398283629 1605245.07671721),완도 부근,방산리 해안,-0.8~-0.7m,펄,들물,▶ 감성돔 - 릴찌/ 장대/ 원투▶ 농어 - 루어/ 릴찌▶ 도다리 - 원투▶ 숭어 - 릴찌/ 장대/ 훌치기▶ 노래미 - 루어/ 릴찌/ 장대▶ 학공치 - 릴찌/ 장대,34-26-18.273N,,전라남도 해남군
110,POINT (926543.917483328 1602476.91793942),완도 부근,고마도 서측 해안,-0.7~-0.5m,펄,들물,▶ 감성돔 - 릴찌/ 장대/ 원투▶ 농어 - 루어/ 릴찌▶ 도다리 - 원투▶ 숭어 - 릴찌/ 장대/ 훌치기▶ 노래미 - 루어/ 릴찌/ 장대▶ 학공치 - 릴찌/ 장대,34-24-48.495N,,전라남도 완도군
111,POINT (934833.63115763 1615888.69548965),강진만 부근,가우도 출렁다리 근처,0~2m,펄,들물,▶ 감성돔 - 릴찌/ 장대/ 원투▶ 숭어 - 릴찌/ 장대/ 훌치기▶ 도다리 - 원투▶ 망둥어 - 릴찌/ 장대▶ 붕장어 - 원투,34-32-05.885N,,전라남도 강진군
112,POINT (934207.506901802 1615377.63218934),강진만 부근,가우도 남측 갯바위,0~2m,펄,들물,▶ 감성돔 - 릴찌/ 장대/ 원투▶ 숭어 - 릴찌/ 장대/ 훌치기▶ 도다리 - 원투▶ 망둥어 - 릴찌/ 장대▶ 붕장어 - 원투,34-31-49.151N,,전라남도 강진군
113,POINT (954357.6001871789 1618279.72839433),득량만 부근,장환마을하단,1~1.4m,펄,4물~12물/ 들물,▶ 감성돔 - 릴찌/ 장대/ 원투▶ 농어 - 루어/ 릴찌▶ 우럭 - 릴찌/ 원투▶ 노래미 - 루어/ 릴찌/ 장대/ 원투▶ 도다리 - 원투▶ 학공치 - 릴찌/  장대,34-33-27.294N,,전라남도 장흥군
114,POINT (967306.31187402 1621590.18475359),득량만 부근,신흥 부근,1.2~1.9m,펄,4물~12물/ 들물,▶ 감성돔 - 릴찌/ 장대/ 원투▶ 농어 - 루어/ 릴찌▶ 우럭 - 릴찌/ 원투▶ 노래미 - 루어/ 릴찌/ 장대/ 원투▶ 도다리 - 원투▶ 학공치 - 릴찌/  장대,34-35-16.543N,,전라남도 고흥군
115,POINT (964262.6939178271 1622543.27236432),득량만 부근,득량도 우측하단끝,1.4~3.1m,펄,4물~12물/ 들물,▶ 감성돔 - 릴찌/ 장대/ 원투▶ 농어 - 루어/ 릴찌▶ 우럭 - 릴찌/ 원투▶ 노래미 - 루어/ 릴찌/ 장대/ 원투▶ 도다리 - 원투▶ 학공치 - 릴찌/  장대,34-35-47.119N,,전라남도 고흥군
116,POINT (967628.083008188 1633286.93252762),고흥호 부근,연동부근해안,0.1~0.2m,펄,들물,▶ 감성돔 - 릴찌/ 장대/ 원투▶ 농어 - 루어/ 릴찌▶ 도다리 - 원투▶ 숭어 - 릴찌/ 장대/ 훌치기▶ 붕장어 - 원투▶ 학공치 - 릴찌/  장대,34-41-36.304N,,전라남도 보성군
117,POINT (991460.1587466181 1613124.50312517),거금수도 부근,달금골 동측,0.5~2.7m,펄,초들물~만조,▶ 감성돔 - 릴찌/ 장대/ 원투▶ 숭어 - 릴찌/ 장대/ 훌치기▶ 우럭 - 릴찌/ 원투▶ 노래미 - 루어/ 릴찌/ 장대/ 원투▶ 농어 - 루어/ 릴찌▶ 볼락 - 릴찌/ 장대/ 루어,34-30-43.450N,,전라남도 고흥군
118,POINT (1004767.63979414 1625912.80611522),낭도 부근,둔병도 동측,4.1~11.3m,암,조금 전후/ 5물~8물,▶ 감성돔 - 릴찌/ 장대/ 원투▶ 붕장어 - 원투▶ 농어 - 루어/ 릴찌▶ 숭어 - 릴찌/ 장대/ 훌치기,34-37-38.711N,,전라남도 여수시
119,POINT (1008608.12770183 1622553.17630673),낭도 부근,상화도 서측,1.2~8.5m,모래/ 조개껍질,조금 전후/ 13~5물,▶ 감성돔 - 릴찌/ 장대/ 원투▶ 붕장어 - 원투▶ 농어 - 루어/ 릴찌▶ 숭어 - 릴찌/ 장대/ 훌치기,34-35-49.551N,,전라남도 여수시
120,POINT (1007489.80924999 1638979.21617942),순천만 부근,이천리갯바위 끝,0.2~1m,펄,초들물,▶ 붕장어 - 원투▶ 망둑어 - 원투▶ 짱뚱어 - 훌치기▶ 숭어 - 릴찌/ 장대/ 훌치기,34-44-42.846N,,전라남도 여수시
123,POINT (1034899.05543797 1661787.43184534),광양만 부근,한려주유소 앞,0.1~6.5m,암,5물~10물,▶ 붕장어 - 원투▶ 망둥어 - 릴찌/ 장대▶ 숭어 - 릴찌/ 장대/ 훌치기▶ 감성돔 - 릴찌/ 장대/ 원투▶ 농어 - 루어/ 릴찌▶ 노래미 - 루어/ 릴찌/ 장대/ 원투▶ 볼락 - 릴찌/ 장대/ 루어▶ 도다리 - 원투,34-57-01.217N,,경상남도 하동군
124,POINT (1028462.83304254 1652048.93855153),광양만 부근,유포마을 부근,0~3.1m,펄/ 모래,5물~10물,▶ 붕장어 - 원투▶ 망둥어 - 릴찌/ 장대▶ 숭어 - 릴찌/ 장대/ 훌치기▶ 감성돔 - 릴찌/ 장대/ 원투▶ 농어 - 루어/ 릴찌▶ 노래미 - 루어/ 릴찌/ 장대/ 원투▶ 볼락 - 릴찌/ 장대/ 루어▶ 도다리 - 원투,34-51-45.803N,,경상남도 남해군
125,POINT (986040.036022932 1587917.40721301),손죽열도 부근,손죽 서측,9.1~12.7m,펄,사리 전후/ 10~5물,▶ 감성돔 - 릴찌/ 장대/ 원투▶ 참돔 - 부력/ 잠수▶ 돌돔 - 릴찌/ 장대/ 원투▶ 우럭 - 릴찌/ 원투▶ 노래미 - 루어/ 릴찌/ 장대/ 원투▶ 농어 - 루어/ 릴찌▶ 숭어 - 릴찌/ 장대/ 훌치기▶ 삼치 - 루어/ 릴찌▶ 문어 - 루어,34-17-04.866N,,전라남도 여수시
144,POINT (778346.9331441231 1566857.12986914),가거도,목난개 갯바위,4.5~7.6,암,초들물~중날물,▶부시리 - 루어▶노래미 - 루어/ 릴찌/ 장대/ 원투▶농어 - 루어▶볼락 - 릴찌/ 장대/ 루어▶우럭 - 루어/ 릴찌/ 장대/ 원투,34-04-16.9N,,전라남도 신안군
126,POINT (991050.281058701 1588516.23751521),손죽열도 부근,소거문 동측,6.8~9.9m,펄,사리 전후/ 10~5물,▶ 감성돔 - 릴찌/ 장대/ 원투▶ 참돔 - 부력/ 잠수▶ 돌돔 - 릴찌/ 장대/ 원투▶ 우럭 - 릴찌/ 원투▶ 노래미 - 루어/ 릴찌/ 장대/ 원투▶ 농어 - 루어/ 릴찌▶ 숭어 - 릴찌/ 장대/ 훌치기▶ 삼치 - 루어/ 릴찌▶ 문어 - 루어,34-17-24.507N,,전라남도 여수시
127,POINT (995236.682955669 1584875.13006683),간수제도,소평도 서측 홈통,12.6~18.3m,암,사리 전후/ 초들물,▶ 감성돔 - 릴찌/ 장대/ 원투▶ 참돔 - 부력/ 잠수▶ 돌돔 - 릴찌/ 장대/ 원투▶ 우럭 - 릴찌/ 원투▶ 노래미 - 루어/ 릴찌/ 장대/ 원투▶ 농어 - 루어/ 릴찌▶ 숭어 - 릴찌/ 장대/ 훌치기▶ 삼치 - 루어/ 릴찌▶ 문어 - 루어,34-15-26.392N,,전라남도 여수시
128,POINT (989488.529338059 1562644.06291326),대삼부도,첫곶부리 갯바위,12.3~19.6m,암,10물~13물,▶ 벵에돔 - 목줄/ 장대/ 부력/ 잠수▶ 참돔 - 부력/ 잠수▶ 돌돔 - 릴찌/ 장대/ 원투▶ 감성돔 - 릴찌/ 장대/ 원투▶ 농어 - 루어/ 릴찌,34-03-24.459N,,전라남도 여수시
129,POINT (876694.932267011 1698043.93482751),송이도,민머리,-0.4~0.4,펄,5물~9물,▶볼락 - 릴찌/ 장대/ 루어▶고등어 - 루어/ 릴찌/ 장대▶벵에돔 - 목줄/ 장대/ 잠수▶볼락 - 릴찌/ 장대/ 루어▶고등어 - 루어/ 릴찌/ 장대▶벵에돔 - 목줄/ 장대/ 부력,35-16-13.0N,,전라남도 영광군
130,POINT (872596.842676347 1682665.7637206),임자도·사옥도,어유미도,1.4~5.0,모래,초들물~중날물,▶감성돔 - 릴찌/ 장대/ 원투▶노래미 - 루어/ 릴찌/ 장대/ 원투▶민어 - 루어/ 릴찌▶붕장어 - 원투▶우럭 - 릴찌/ 원투▶광어 - 릴찌/ 원투▶농어 - 루어/ 릴찌▶백조기 - 릴찌/ 원투▶숭어 - 릴찌/ 장대/ 훌치기,35-07-52.1N,,전라남도 신안군
131,POINT (890030.8398732541 1660060.46921908),고이도·매화도·선도·증도,대식도 갯바위,0.4~1.9,모래,초들물~중날물,▶감성돔 - 릴찌/ 장대/ 원투 ▶노래미 - 루어/ 릴찌/ 장대/ 원투 ▶광어 - 릴찌/ 원투 ▶숭어 - 릴찌/ 장대/ 훌치기▶우럭 - 릴찌/ 원투 ▶붕장어 - 원투 ▶도다리 - 원투 ▶농어 - 루어/ 릴찌,34-55-45.8N,,전라남도 신안군
132,POINT (888044.0748037421 1664621.8698204),고이도·매화도·선도·증도,고이도 북측 끝단여,0~2.0,펄/ 모래,초들물~중날물,▶감성돔 - 릴찌/ 장대/ 원투 ▶노래미 - 루어/ 릴찌/ 장대/ 원투 ▶광어 - 릴찌/ 원투 ▶숭어 - 릴찌/ 장대/ 훌치기▶우럭 - 릴찌/ 원투 ▶붕장어 - 원투 ▶도다리 - 원투 ▶농어 - 루어/ 릴찌,34-58-13.1N,,전라남도 신안군
133,POINT (873634.7018212761 1670091.48997912),고이도·매화도·선도·증도,나룻구지,0.8~1.7,펄/ 모래,초들물~중날물,▶감성돔 - 릴찌/ 장대/ 원투 ▶노래미 - 루어/ 릴찌/ 장대/ 원투 ▶광어 - 릴찌/ 원투 ▶숭어 - 릴찌/ 장대/ 훌치기▶우럭 - 릴찌/ 원투 ▶붕장어 - 원투 ▶도다리 - 원투 ▶농어 - 루어/ 릴찌,35-01-04.5N,,전라남도 신안군
134,POINT (875211.993938071 1664018.01935032),고이도·매화도·선도·증도,오징어바위,1.1~1.4,펄,초들물~중날물,▶감성돔 - 릴찌/ 장대/ 원투 ▶노래미 - 루어/ 릴찌/ 장대/ 원투 ▶광어 - 릴찌/ 원투 ▶숭어 - 릴찌/ 장대/ 훌치기▶우럭 - 릴찌/ 원투 ▶붕장어 - 원투 ▶도다리 - 원투 ▶농어 - 루어/ 릴찌,34-57-48.1N,,전라남도 신안군
166,POINT (901407.393494027 1757063.98227585),선유도·무녀도·장자도·신시도,선유도 남도 갯바위,3m~4.2m,가는 모래,조금 전·후,▶넙치 - 루어/ 원투 ▶노래미 - 루어/ 릴찌/ 장대/ 원투▶농어 - 루어/ 릴찌 ▶붕장어 - 원투▶우럭 - 릴찌/ 원투,35-48-18.3N,,전라북도 군산시
135,POINT (875648.2275662259 1641562.06924907),안좌도·팔금도,우이산 철탑 아래,-1.1~0,펄/ 모래,초들물~중날물,▶볼락 - 릴찌/ 장대/ 루어▶고등어 - 루어/ 릴찌/ 장대▶볼락 - 릴찌/ 장대/ 루어▶고등어 - 루어/ 릴찌/ 장대,34-45-39.5N,,전라남도 신안군
136,POINT (844426.48932496 1626163.74477996),우이도,소래등대 밑,4.4~5.0,암,조금 전후,▶감성돔 - 릴찌/ 장대/ 원투 ▶노래미 - 루어/ 릴찌/ 장대/ 원투▶농어 - 루어/ 릴찌 ▶우럭 - 릴찌/ 원투▶붕장어 - 원투,34-37-4.4N,,전라남도 신안군
137,POINT (850470.1502879891 1625586.36914063),우이도,송도 남측 갯바위,1.5~5.4,자갈,조금 전후,▶노래미 - 루어/ 릴찌/ 장대/ 원투 ▶농어 - 루어/ 릴찌▶붕장어 - 원투,34-36-48.9N,,전라남도 신안군
138,POINT (881219.608858585 1627552.64931892),장산도,진섬 갯바위,-1.2~-0.9,자갈,조금 전후,▶감성돔 - 릴찌/ 장대/ 원투 ▶농어 - 루어/ 릴찌 ▶붕장어 - 원투,34-38-07.2N,,전라남도 신안군
139,POINT (872680.691510224 1629222.3777772),장산도,가세 섬,-1.9~2.9,펄/ 모래,조금 전후,▶감성돔 - 릴찌/ 장대/ 원투 ▶농어 - 루어/ 릴찌 ▶붕장어 - 원투,34-38-57.7N,,전라남도 신안군
140,POINT (864968.015221125 1616489.24393065),개도·하의도·신의도,깊은기미,0~6.4,펄/ 모래,조금 전후,▶농어 - 루어/ 릴찌▶붕장어 - 원투▶감성돔 - 릴찌/ 장대/ 원투,34-32-00.9N,,전라남도 신안군
141,POINT (867047.993577029 1592945.73590764),상조도·하조도·관매도,당도 안통,0~0.2,암,초들물~중날물,▶감성돔 - 릴찌/ 장대/ 원투 ▶참돔 - 부력/ 잠수 ▶노래미 - 루어/ 릴찌/ 장대/ 원투▶돌돔 - 원투/ 민장대/ 릴찌 ▶도다리 - 원투 ▶우럭 - 릴찌/ 원투,34-19-17.8N,,전라남도 진도군
142,POINT (868058.4334377011 1583630.95255501),상조도·하조도·관매도,장산넘어 어장줄 자리,0.5~3.7,펄,초들물~중날물,▶감성돔 - 릴찌/ 장대/ 원투▶돌돔 - 원투/ 민장대/ 릴찌▶참돔 - 부력/ 잠수 ▶도다리 - 원투▶노래미 - 루어/ 릴찌/ 장대/ 원투 ▶우럭 - 릴찌/ 원투,34-14-15.9N,,전라남도 진도군
143,POINT (780194.687200477 1564575.88758163),가거도,큰여,10.6~16.9,펄,초들물~중날물,▶감성돔 - 릴찌/ 장대/ 원투▶노래미 - 루어/ 릴찌/ 장대/ 원투▶농어 - 루어▶학공치 - 릴찌/ 장대▶볼락 - 릴찌/ 장대/ 루어▶우럭 - 루어/ 릴찌/ 장대/ 원투▶부시리 - 루어,34-03-04.3N,,전라남도 신안군
145,POINT (782451.778251556 1564871.93197447),가거도,물성밑 갯바위,3.8~4.2,암,초들물~중날물,▶감성돔 - 릴찌/ 장대/ 원투 ▶노래미 - 루어/ 릴찌/ 장대/ 원투 ▶참돔 - 릴찌 ▶농어 - 루어▶볼락 - 릴찌/ 장대/ 루어 ▶우럭 - 루어/ 릴찌/ 장대/ 원투 ▶돌돔 - 릴찌 ▶부시리 - 루어,34-03-15.6N,,전라남도 신안군
146,POINT (914666.627176799 1900329.43458265),입파도·국화도,입파도 동남측 돌출부,1.2m~2m,모래,조금 전·후,▶넙치 - 루어/ 원투 ▶노래미 - 루어/ 릴찌/ 장대/ 원투▶도다리 - 원투 ▶붕장어 - 원투▶우럭 - 릴찌/ 원투,37-05-51.8N,,경기도 화성시
147,POINT (888977.59484771 1811288.93222997),호도·녹도·외연도,호도해수욕장 갯바위,1.5m~2.2m,바위,초들물,▶넙치 - 루어/ 원투 ▶노래미 - 루어/ 릴찌/ 장대/ 원투▶농어 - 루어/ 릴찌 ▶우럭 - 릴찌/ 원투,36-17-33.1N,,충청남도 보령시
148,POINT (886396.819704532 1776972.73138135),십이동파도·비안도,십이동파도 똥섬,7.6m~8.1m,펄/ 조개껍질,12물~3물,▶감성돔 - 릴찌/ 장대/ 원투 ▶갑오징어 - 에깅▶넙치 - 루어/ 원투 ▶노래미 - 루어/ 릴찌/ 장대/ 원투▶농어 - 루어/ 릴찌 ▶우럭 - 릴찌/ 원투 ▶참돔 - 부력/ 잠수,35-58-58.5N,,전라북도 군산시
149,POINT (889146.138819432 1736227.04554529),왕등도·위도,위도 용멀 갯바위,9.7m~12m,펄,중썰물~끝썰물,▶넙치 - 루어/ 원투 ▶노래미-루어/ 릴찌/ 장대/ 원투▶농어 - 루어/ 릴찌 ▶숭어 - 릴찌/ 장대/ 훌치기▶우럭 - 릴찌/ 원투,35-36-57.4N,,전라북도 부안군
150,POINT (897168.869401481 1961810.03429604),석모도,민머루해수욕장 앞 갯바위,0~2.0,펄/ 모래,초들물~중날물,▶농어 - 루어/ 릴찌▶숭어 - 릴찌/ 장대/ 홀치기▶우럭 - 릴찌/ 원투▶망둥어 - 릴찌/ 장대,37-39-00.1N,,인천광역시 강화군
151,POINT (911091.091133847 1782623.08856586),개야도,에게이 서측 갯바위,1.3~1.7,모래/ 펄,초들물~중날물,▶농어 - 루어/ 릴찌▶부세 - 릴찌/ 원투▶감성돔 - 릴찌/ 장대/ 원투▶백조기 - 릴찌/ 원투,36-02-11.1N,,전라북도 군산시
152,POINT (941038.619502367 1578742.05679526),청산도·대모도,대모도 동리말 갯바위,14.6m~16m,펄/ 모래,사리 전·후,▶감성돔 - 릴찌/ 장대/ 원투 ▶농어 - 루어/ 릴찌 ▶우럭 - 릴찌/ 원투 ▶노래미 - 루어/ 릴찌/ 장대/ 원투▶볼락 - 루어/ 릴찌/ 장대,34-12-01.3N,,전라남도 완도군
153,POINT (896438.426293693 1652018.32379387),목포 부근,삼호제 북측,0.2~0.3m,펄,사리 전후/ 초들물~중날물,▶ 감성돔 - 릴찌/ 장대/ 원투▶ 붕장어 - 원투▶ 우럭 - 릴찌/ 원투▶ 노래미 - 루어/ 릴찌/ 장대/ 원투▶ 농어 - 루어/ 릴찌▶ 볼락 - 릴찌/ 장대/ 루어,34-51-27.246N,,전라남도 신안군
154,POINT (1005285.1094438 1624754.26270847),낭도 부근,낭도산 남측,4.3~8.1m,펄/ 조개껍질,조금 전후/ 5물~8물,▶ 감성돔 - 릴찌/ 장대/ 원투▶ 붕장어 - 원투▶ 농어 - 루어/ 릴찌▶ 숭어 - 릴찌/ 장대/ 훌치기,34-37-01.090N,,전라남도 여수시
155,POINT (989644.42388204 1562437.50113909),대삼부도,덜섬사이 골창여,1~14.5m,암,10물~13물,▶ 벵에돔 - 목줄/ 장대/ 부력/ 잠수▶ 참돔 - 부력/ 잠수▶ 돌돔 - 릴찌/ 장대/ 원투▶ 감성돔 - 릴찌/ 장대/ 원투▶ 농어 - 루어/ 릴찌,34-03-17.758N,,전라남도 여수시
156,POINT (882398.8011595111 1658949.5238973),고이도·매화도·선도·증도,마당여 갯바위,0~2.5,모래/ 조개껍질,초들물~중날물,▶감성돔 - 릴찌/ 장대/ 원투 ▶노래미 - 루어/ 릴찌/ 장대/ 원투 ▶광어 - 릴찌/ 원투 ▶숭어 - 릴찌/ 장대/ 훌치기▶우럭 - 릴찌/ 원투 ▶붕장어 - 원투 ▶도다리 - 원투 ▶농어 - 루어/ 릴찌,34-55-06.7N,,전라남도 신안군
157,POINT (864025.095243889 1596965.1307359),상조도·하조도·관매도,옥도 동쪽 곶부리,1.7~4.6,자갈/ 모래,초들물~중날물,▶감성돔 - 릴찌/ 장대/ 원투 ▶참돔 - 부력/ 잠수 ▶노래미 - 루어/ 릴찌/ 장대/ 원투▶돌돔 - 원투/ 민장대/ 릴찌 ▶도다리 - 원투 ▶우럭 - 릴찌/ 원투,34-21-26.8N,,전라남도 진도군
158,POINT (1064042.94356394 1633067.34561241),두미도,얼굴바위,3.0~5.0,펄,상관없음,▶감성돔 - 릴찌/ 장대/ 원투▶벵에돔 - 목줄/ 장대/ 부력/ 잠수▶노래미 - 루어/ 릴찌/ 장대/ 원투▶참돔 - 부력/ 잠수▶농어 - 루어/ 릴찌▶볼락 - 릴찌/ 장대/ 루어,34-41-23.8N,,경상남도 통영시
159,POINT (877918.415703962 1913434.43980844),덕적도·소야도,덕적도 큰이마/ 작은이마,1.2m~1.6m,가는 모래,가는 모래,▶넙치 - 루어/ 원투 ▶노래미 - 루어/ 릴찌/ 장대/ 원투▶농어 - 루어/ 릴찌 ▶붕장어 - 원투 ▶우럭 - 루어/ 릴찌,37-12-42.3N,,인천광역시 옹진군
160,POINT (900629.101608164 1757944.73476583),선유도·무녀도·장자도·신시도,장자도 연륙교 부근,1.7m~2.5m,모래/ 펄,조금 전·후,▶넙치 - 루어/ 원투 ▶노래미 - 루어/ 릴찌/ 장대/ 원투▶농어 - 루어/ 릴찌 ▶붕장어 - 원투▶우럭 - 릴찌/ 원투,35-48-46.6N,,전라북도 군산시
161,POINT (865628.356844728 1705502.34025806),안마도·석만도,쌀썩은여 갯바위,0.1~0.3,암,들물/날물,▶붕장어 - 원투▶우럭 - 릴찌/ 원투▶노래미 - 루어/ 릴찌/ 장대/ 원투▶농어 - 루어/ 릴찌▶민어 - 루어/ 지깅/ 원투▶광어 - 릴찌/ 원투,35-20-09.9N,,전라남도 영광군
162,POINT (988143.042012915 1588193.77964193),손죽열도 부근,손죽 동측,14.9~15.4m,펄,사리 전후/ 10~5물,▶ 감성돔 - 릴찌/ 장대/ 원투▶ 참돔 - 부력/ 잠수▶ 돌돔 - 릴찌/ 장대/ 원투▶ 우럭 - 릴찌/ 원투▶ 노래미 - 루어/ 릴찌/ 장대/ 원투▶ 농어 - 루어/ 릴찌▶ 숭어 - 릴찌/ 장대/ 훌치기▶ 삼치 - 루어/ 릴찌▶ 문어 - 루어,34-17-13.933N,,전라남도 여수시
163,POINT (990523.4541547961 1562622.14657452),대삼부도,동측 갯바위,0.4~0.6m,암,10물~13물,▶ 벵에돔 - 목줄/ 장대/ 부력/ 잠수▶ 참돔 - 부력/ 잠수▶ 돌돔 - 릴찌/ 장대/ 원투▶ 감성돔 - 릴찌/ 장대/ 원투▶ 농어 - 루어/ 릴찌,34-03-23.783N,,전라남도 여수시
164,POINT (880020.601944241 1913724.74322216),덕적도·소야도,덕적도 밭지름해수욕장 갯바위,1.7m~1.9m,펄/ 모래,모래/ 펄,▶넙치 - 루어/ 원투 ▶노래미 - 루어/ 릴찌/ 장대/ 원투▶농어 - 루어/ 릴찌 ▶붕장어 - 원투▶우럭 - 루어/ 릴찌,37-12-52.7N,,인천광역시 옹진군
165,POINT (904491.870832838 1787277.7522353),어청도·연도,연도 자갈밭,1.9m~2.3m,자갈,초들물,▶넙치 - 루어/ 원투 ▶농어 - 루어/ 릴찌▶보구치 - 원투 ▶우럭 - 릴찌/ 원투▶장대 - 루어/ 릴찌,36-04-39.9N,,전라북도 군산시
167,POINT (1027230.51625342 1609875.44411695),금오도·안도,안도 서고지 북쪽 제방 끝,3.1m~5m,펄,9물~13물/ 날물 전·후,▶감성돔 - 릴찌/ 장대/ 원투 ▶무늬오징어 - 릴찌/ 에깅 ▶부시리 - 부력/ 잠수/ 지깅▶벵에돔 - 목줄/ 장대/ 부력/ 잠수 ▶볼락 - 루어/ 릴찌/ 장대 ▶참돔 - 부력/ 잠수,34-28-56.8N,,전라남도 여수시
168,POINT (918523.8842228471 1573196.26659979),노화도·보길도·소안도,보길도 동쪽 곶부리,5.7m~8m,펄/ 모래,사리 전·후,▶감성돔 - 릴찌/ 장대/ 원투 ▶농어 - 루어/ 릴찌▶돌돔 - 릴찌/ 장대/ 원투 ▶볼락 - 루어/ 릴찌/ 장대▶우럭 - 릴찌/ 원투 ▶참돔 - 부력/ 잠수,34-08-55.8N,,전라남도 완도군
169,POINT (898689.0547678251 1824455.69336044),안면도 남 부,장곳 갯바위,0.4~0.9,모래,중들물~중날물,▶우럭 - 릴찌/ 원투▶노래미 - 루어/ 릴찌/ 장대/ 원투▶학공치 - 릴찌/ 장대▶광어 - 릴찌/ 원투▶숭어 - 릴찌/ 장대/ 홀치기▶도다리 - 원투,36-24-44.2N,,충청남도 태안군
170,POINT (858199.681265666 1631069.64060122),비금도·도초도,시목해수욕장 부근 갯바위,2.1m~3m,펄/ 조개껍질,초들물~중들물,▶ 감성돔 - 릴찌/ 장대/ 원투 ▶ 농어 - 루어/ 릴찌 ▶ 돌돔 - 릴찌/ 장대/ 원투▶ 볼락 - 루어/ 릴찌/ 장대 ▶ 붕장어 - 원투 ▶ 참돔 - 부력/ 잠수,34-39-50.8N,,전라남도 신안군
171,POINT (1095957.34732031 1625996.5611333),비진도·매물도,소매물도 남쪽 취끝,3.4m~4.1m,펄/ 조개껍질,조금 전·후,▶감성돔 - 릴찌/ 장대/ 원투 ▶볼락 - 루어/ 릴찌/ 장대▶우럭 - 릴찌/ 원투 ▶벵에돔 - 목줄/ 장대/ 부력/ 잠수,34-37-25.3N,,경상남도 통영시
172,POINT (913013.867902786 1782437.41643952),개야도,개야 사수건 등대,2.0~4.0,모래/ 펄,초들물~중날물,▶망농어 - 루어/ 릴찌▶부세 - 릴찌/ 원투▶감성돔 - 릴찌/ 장대/ 원투▶백조기 - 릴찌/ 원투,36-02-05.7N,,전라북도 군산시
173,POINT (935039.61675889 1591675.81241173),신지도,무인등대 부근,14.3m~6m,펄,사리 전·후,▶감성돔 - 릴찌/ 장대/ 원투 ▶농어 - 루어/ 릴찌▶숭어 - 릴찌/ 장대/ 훌치기 ▶볼락 - 루어/ 릴찌/ 장대▶우럭 - 릴찌/ 원투 ▶참돔 - 부력/ 잠수,34-18-59.9N,,전라남도 완도군
174,POINT (983658.220114439 1557066.54094773),여서도·거문도,거문도 배치바위 부근,16m~20m,바위,들물/ 날물 전·후,▶감성돔 - 릴찌/ 장대/ 원투 ▶돌돔 - 릴찌/ 장대/ 원투▶농어 - 루어/ 릴찌 ▶벵에돔 - 목줄/ 장대/ 부력/ 잠수,34-00-23.1N,,전라남도 여수시
175,POINT (950704.13204355 1500669.87400266),제주도 북동부·우도,검멀레해수욕장 좌측갯바위,1.4~2.0,암,들물/날물,▶참돔 - 부력/ 잠수 ▶돌돔 - 민장대/ 릴찌/ 원투 ▶볼락 - 루어/ 릴찌/ 장대▶벵에돔 - 목줄/ 장대/ 부력/ 잠수 ▶무늬오징어 - 에깅 ▶독가시치 - 목줄/ 장대/ 부력/ 잠수,33-29-48.3N,,제주특별자치도 제주시
176,POINT (945777.22906534 1493603.45263265),제주도 동부,신양포구 갯바위,0~0.8,암,들물/날물,▶참돔 - 부력/ 잠수 ▶돌돔 - 민장대/ 릴찌/ 원투 ▶볼락 - 루어/ 릴찌/ 장대▶벵에돔 - 목줄/ 장대/ 부력/ 잠수 ▶무늬오징어 - 에깅 ▶독가시치 - 목줄/ 장대/ 부력/ 잠수,33-25-58.0N,,제주특별자치도 서귀포시
177,POINT (896588.689361733 1472255.27755255),제주도 남부,논짓물 주변,5.0~10.0,모래,초들물~중날물,▶벵에돔 - 목줄/ 장대/ 부력/ 잠수▶한치 - 루어/ 원투▶노래미 - 루어/ 릴찌/ 장대/ 원투▶독가시치 - 목줄/ 장대/ 부력/ 잠수▶부시리 - 부력/ 잠수/ 지깅▶우럭 - 릴찌/ 원투,33-14-11.9N,,제주특별자치도 서귀포시
178,POINT (887386.072686846 1469070.73043592),제주도 남서부·가파도·마라도,산이물,0.4~2.2,자갈,들물/썰물,▶벵에돔 - 목줄/ 장대/ 잠수▶농어 - 루어/ 릴찌▶자리돔 - 민장대/ 릴찌▶볼락 - 루어/ 릴찌/ 장대▶한치 - 루어/ 원투▶참돔 - 부력/ 잠수▶부시리 - 부력/ 잠수/ 지깅,33-12-25.2N,,제주특별자치도 서귀포시
179,POINT (886249.755800684 1464663.77778819),제주도 남서부·가파도·마라도,가파도 제단 밑 갯바위,0.2~0.5,암,들물/썰물,▶벵에돔 - 목줄/ 장대/ 잠수 ▶농어 - 루어/ 릴찌 ▶자리돔 - 민장대/ 릴찌 ▶볼락 - 루어/ 릴찌/ 장대▶한치 - 루어/ 원투 ▶참돔 - 부력/ 잠수 ▶부시리 - 부력/ 잠수/ 지깅,33-10-01.7N,,제주특별자치도 서귀포시
180,POINT (875631.956127229 1581688.96441381),독거군도 부근,화단도,0.5~18.2m,암,조금~3물,▶ 참돔 - 부력/ 잠수▶ 감성돔 - 릴찌/ 장대/ 원투▶ 돌돔 - 릴찌/ 장대/ 원투▶ 광어-릴찌/ 원투▶ 농어 - 루어/ 릴찌,34-13-16.227N,,전라남도 진도군
181,POINT (890603.902278639 1550400.70092697),추자군도,신양리 갯바위,2.5~2.2m,암,11물~5물/ 정조전후,▶ 감성돔 - 릴찌/ 장대/ 원투▶ 벵에돔 - 목줄/ 장대/ 부력/ 잠수▶ 참돔 - 부력/ 잠수▶ 돌돔 - 민장대/ 릴찌/ 원투▶ 볼락 - 릴찌/ 장대/ 루어▶ 부시리 - 부력/ 잠수/ 지깅,33-56-26.642N,,제주특별자치도 제주시
182,POINT (981602.494639589 1605204.88058352),거금수도 부근,지죽도 북측,2.1~9m,펄/ 조개껍질,초들물~만조,▶ 감성돔 - 릴찌/ 장대/ 원투▶ 숭어 - 릴찌/ 장대/ 훌치기▶ 우럭 - 릴찌/ 원투▶ 노래미 - 루어/ 릴찌/ 장대/ 원투▶ 농어 - 루어/ 릴찌▶ 볼락 - 릴찌/ 장대/ 루어,34-26-25.872N,,전라남도 고흥군
183,POINT (1003548.03468251 1623323.39476125),낭도 부근,낭도 터미널 앞,1.1~1.8m,암,조금 전후/ 5물~8물,▶ 감성돔 - 릴찌/ 장대/ 원투▶ 붕장어 - 원투▶ 농어 - 루어/ 릴찌▶ 숭어 - 릴찌/ 장대/ 훌치기,34-36-14.664N,,전라남도 여수시
184,POINT (960951.9940296 1578147.2014857),황제도,알매섬,3.1~8.2m,암,사리를 피한 물때/ 1~3물/ 9~13물,▶ 감성돔 - 릴찌/ 장대/ 원투▶ 참돔 - 부력/ 잠수▶ 돌돔 - 릴찌/ 장대/ 원투▶ 농어 - 루어/ 릴찌▶ 광어 - 릴찌/ 원투▶ 볼락 - 릴찌/ 장대/ 루어,34-11-45.361N,,전라남도 완도군
185,POINT (990156.020336866 1587653.41581932),손죽열도 부근,소거문 해안,8.4~10.4m,펄,사리 전후/ 10~5물,▶ 감성돔 - 릴찌/ 장대/ 원투▶ 참돔 - 부력/ 잠수▶ 돌돔 - 릴찌/ 장대/ 원투▶ 우럭 - 릴찌/ 원투▶ 노래미 - 루어/ 릴찌/ 장대/ 원투▶ 농어 - 루어/ 릴찌▶ 숭어 - 릴찌/ 장대/ 훌치기▶ 삼치 - 루어/ 릴찌▶ 문어 - 루어,34-16-56.465N,,전라남도 여수시
186,POINT (989319.611510448 1562997.8643005),대삼부도,노루섬 갯바위,0.6~14.3m,암,10물~13물,▶ 벵에돔 - 목줄/ 장대/ 부력/ 잠수▶ 참돔 - 부력/ 잠수▶ 돌돔 - 릴찌/ 장대/ 원투▶ 감성돔 - 릴찌/ 장대/ 원투▶ 농어 - 루어/ 릴찌,34-03-35.940N,,전라남도 여수시
187,POINT (864472.737668353 1619935.14238884),개도·하의도·신의도,파장여,4.3~6.1,펄/ 자갈,조금 전후,▶농어 - 루어/ 릴찌▶붕장어 - 원투▶감성돔 - 릴찌/ 장대/ 원투,34-33-52.5N,,전라남도 신안군
188,POINT (866992.1047536819 1587466.52627331),상조도·하조도·관매도,수옥도 갯바위,0.8~1.6,자갈/ 조개껍질,초들물~중날물,▶감성돔 - 릴찌/ 장대/ 원투 ▶참돔 - 부력/ 잠수 ▶노래미 - 루어/ 릴찌/ 장대/ 원투▶돌돔 - 원투/ 민장대/ 릴찌 ▶도다리 - 원투 ▶우럭 - 릴찌/ 원투,34-16-19.9N,,전라남도 진도군
189,POINT (777016.563004364 1567335.4832291),가거도,성건여,1.3~5.2,암,초들물~중날물,▶감성돔 - 릴찌/ 장대/ 원투 ▶노래미 - 루어/ 릴찌/ 장대/ 원투 ▶참돔 - 릴찌 ▶농어 - 루어▶볼락 - 릴찌/ 장대/ 루어 ▶우럭 - 루어/ 릴찌/ 장대/ 원투 ▶돌돔 - 릴찌 ▶부시리 - 루어,34-04-31.4N,,전라남도 신안군
190,POINT (1029599.94729785 1647240.83473862),남해도 북부,여계마을 해안 갯바위,0.2~1.3,암,초들물~중날물,▶참돔 - 부력/ 잠수▶농어 - 루어/ 릴찌▶노래미 - 루어/ 릴찌/ 장대/ 원투▶볼락 - 릴찌/ 장대/ 루어▶우럭 - 릴찌/ 원투,34-49-9.6N,,경상남도 남해군
191,POINT (1053251.38159448 1655960.78833515),남해도 동부·신수도·창선도,잘푸여 갯바위,0.5~1.0,암,초들물~중날물,▶볼락 - 릴찌/ 장대/ 루어 ▶갑오징어 - 에깅 ▶노래미 - 루어/ 릴찌/ 장대/ 원투 ▶우럭 - 릴찌/ 원투,34-53-49.2N,,경상남도 사천시
192,POINT (1090500.99062462 1638061.18090895),한산도·용초도,용머리,4.6~6.2,모래,초들물~중날물,▶참돔 - 부력/ 잠수▶감성돔 - 릴찌/ 장대/ 원투▶노래미 - 루어/ 릴찌/ 장대/ 원투▶볼락 - 릴찌/ 장대/ 루어,34-43-58.7N,,경상남도 통영시
193,POINT (889379.2124204839 1551457.93626172),추자도,하추자도 양식장 앞 해안,5.4~8.0,암,들물/썰물,▶감성돔 - 릴찌/ 장대/ 원투▶돌돔 - 민장대/ 릴찌/ 원투▶자리돔 - 장대/ 카드▶농어 - 루어/ 릴찌▶볼락 - 루어/ 릴찌/ 장대▶참돔 - 부력/ 잠수,33-57-00.5N,,제주특별자치도 제주시
194,POINT (1075811.49555588 1662603.61734775),자란만 부근,오토캠핑장 앞,0.5~0.8m,펄,13물~6물,▶ 갑오징어 - 에깅▶ 감성돔 - 릴찌/ 장대/ 원투▶ 노래미 - 루어/ 릴찌/ 장대/ 원투▶ 벵에돔 - 목줄/ 장대/ 부력/ 잠수▶ 참돔 - 부력/ 잠수▶ 볼락 - 릴찌/ 장대/ 루어▶ 농어 - 루어/ 릴찌▶ 붕장어 - 원투▶ 우럭 - 릴찌/ 원투,34-57-19.660N,,경상남도 고성군
195,POINT (1078624.52811506 1627749.90411084),연화도 부근,한숨자리 인근,3.9~8.4m,암,초들물/ 초날물/ 5물~6물/ 조금,▶ 참돔 - 부력/ 잠수▶ 감성돔 - 릴찌/ 장대/ 원투▶ 볼락 - 릴찌/ 장대/ 루어▶ 벵에돔 - 목줄/ 장대/ 부력/ 잠수▶ 농어 - 루어/ 릴찌,34-38-27.529N,,경상남도 통영시
196,POINT (1063291.66284312 1619671.28345257),갈도 부근,빗바위 근처,11.6~11.8m,모래/ 조개껍질,2물~8물/ 사리 전후,▶ 감성돔 - 릴찌/ 장대/ 원투▶ 돌돔 - 릴찌/ 장대/ 원투▶ 볼락 - 릴찌/ 장대/ 루어 ▶ 무늬오징어 - 릴찌/ 에깅,34-34-09.100N,,경상남도 통영시
197,POINT (1088098.59175512 1657526.49711493),진해만 부근,지도 서측 해안길 끝,3.5~4.4m,암,조금 전후,▶ 감성돔 - 릴찌/  장대/  원투▶ 넙치 - 루어/  원투▶ 도다리 - 원투▶ 볼락 - 릴찌/  장대/  루어▶ 붕장어 - 원투▶ 우럭 - 릴찌/  원투▶ 학공치 - 릴찌/  장대▶ 노래미 - 루어/  릴찌/  장대/  원투▶ 농어 - 루어/  릴찌▶ 고등어 - 장대/  릴찌/  루어,34-54-31.284N,,경상남도 통영시
198,POINT (914768.0888438261 1901820.08187284),입파도·국화도,입파도 북동측 끝단,2.2m~4.1m,모래,조금 전·후,▶넙치 - 루어/ 원투 ▶노래미 - 루어/ 릴찌/ 장대/ 원투▶도다리 - 원투 ▶붕장어 - 원투▶우럭 - 릴찌/ 원투,37-06-40.2N,,경기도 화성시
199,POINT (901793.567536748 1901545.05861896),풍도·난지도,풍도 남쪽 마을 부근,1.3m~2.1m,펄/ 자갈,사리 전·후,▶넙치 - 루어/ 원투 ▶노래미 - 루어/ 릴찌/ 장대/ 원투▶농어 - 루어/ 릴찌 ▶붕장어 - 원투▶우럭 - 릴찌/ 원투,37-06-26.7N,,경기도 안산시
200,POINT (902058.817799404 1819128.65828158),원산도·삽시도,원산도 용뿌리 갯바위,1.1m~1.6m,펄/ 모래,들물 전·후,▶감성돔 - 릴찌/ 장대/ 원투 ▶갑오징어 - 에깅▶넙치 - 루어/ 원투 ▶노래미 - 루어/ 릴찌/ 장대/ 원투▶농어 - 루어/ 릴찌 ▶우럭 - 릴찌/ 원투 ▶주꾸미 - 루어,36-21-52.6N,,충청남도 보령시
201,POINT (871580.229800117 1804362.81415536),호도·녹도·외연도,외연도 서측 갯바위,1.6m~3m,자갈/ 펄,조금 전·후,▶감성돔 - 릴찌/ 장대/ 원투 ▶갑오징어 - 에깅▶넙치 - 루어/ 원투 ▶노래미 - 루어/ 릴찌/ 장대/ 원투▶농어 - 루어/ 릴찌 ▶우럭 - 릴찌/ 원투▶참돔 - 부력/ 잠수,36-13-40.6N,,충청남도 보령시
202,POINT (862504.163556876 1791744.3306059),어청도·연도,어청도 불탄서 부근,3.4m~5m,바위,들물/ 날물,▶감성돔 - 릴찌/ 장대/ 원투 ▶넙치 - 루어/ 원투▶농어 - 루어/ 릴찌 ▶돌돔 - 릴찌/ 장대/ 원투▶방어 - 부력/ 잠수/ 지깅 ▶우럭 - 릴찌/ 원투,36-06-46.7N,,전라북도 군산시
203,POINT (904576.635663107 1759990.45326608),선유도·무녀도·장자도·신시도,신시도 북단 곶부리,2.7m~4m,모래/ 펄,들물 전·후,▶넙치 - 루어/ 원투 ▶노래미 - 루어/ 릴찌/ 장대/ 원투▶농어 - 루어/ 릴찌 ▶도다리 - 원투▶우럭 - 릴찌/ 원투,35-49-54.4N,,전라북도 군산시
204,POINT (1018099.93444937 1616038.25613606),금오도·안도,금오도 용두 갯바위,17m~19m,펄,9물~13물/ 날물 전·후,▶감성돔 - 릴찌/ 장대/ 원투 ▶도다리 - 원투 ▶노래미 - 루어/ 릴찌/ 장대/ 원투▶붕장어 - 원투 ▶벵에돔 - 목줄/ 장대/ 부력/ 잠수 ▶볼락 - 루어/ 릴찌/ 장대,34-32-17.6N,,전라남도 여수시
205,POINT (1066496.03753739 1645354.61683595),사량도,하사량도 말목섬 부근,2.8m~3.6m,조개껍질/ 모래/ 펄,13물~6물,▶감성돔 - 릴찌/ 장대/ 원투 ▶농어 - 루어/ 릴찌▶노래미 - 루어/ 릴찌/ 장대/ 원투 ▶우럭 - 릴찌/ 원투▶볼락 - 루어/ 릴찌/ 장대 ▶붕장어 - 원투,34-48-02.1N,,경상남도 통영시
206,POINT (1067981.73192761 1624436.16965301),욕지도,양판구미 일대,12m~15m,펄,5물~11물,▶감성돔 - 릴찌/ 장대/ 원투 ▶농어 - 루어/ 릴찌▶무늬오징어 - 릴찌/ 에깅 ▶볼락 - 루어/ 릴찌/ 장대▶벵에돔 - 목줄/ 장대/ 부력/ 잠수 ▶참돔 - 부력/ 잠수,34-36-42.7N,,경상남도 통영시
207,POINT (1085480.50274133 1643527.71260149),미륵도,매암말 부근 갯바위,3.5m~4.1m,바위,조금 전·후,▶고등어 - 루어/ 릴찌/ 장대 ▶감성돔 - 릴찌/ 장대/ 원투▶노래미 - 루어/ 릴찌/ 장대/ 원투 ▶도다리 - 원투▶볼락 - 루어/ 릴찌/ 장대 ▶참돔 - 부력/ 잠수,34-46-57.7N,,경상남도 통영시
208,POINT (1104014.26320348 1635582.09400887),거제도 남부,여차 남쪽끝 갯바위,8.5m~10m,바위,조금 전·후,▶ 감성돔 - 릴찌/ 장대/ 원투 ▶ 농어 - 루어/ 릴찌 ▶ 벵에돔 - 목줄/ 장대/ 부력/ 잠수 ▶ 우럭 - 릴찌/ 원투 ▶ 볼락 - 루어/ 릴찌/ 장대 ▶ 참돔 - 부력/ 잠수,34-42-33.6N,,경상남도 거제시
209,POINT (1111120.13368952 1645703.01753106),거제도 남부,예구마을 제방 끝 갯바위,1m~1.4m,펄,조금 전·후,▶감성돔 - 릴찌/ 장대/ 원투 ▶고등어 - 루어/ 릴찌/ 장대 ▶농어 - 루어/ 릴찌▶벵에돔 - 목줄/ 장대/ 부력/ 잠수 ▶학공치 - 릴찌/ 장대 ▶볼락 - 루어/ 릴찌/ 장대 ▶참돔 - 부력/ 잠수,34-47-59.4N,,경상남도 거제시
210,POINT (903191.607372733 1948245.9098747),시도,조각공원 서측 갯바위,-1.7~-1.5,펄,초들물~중날물,▶광어 - 릴찌/ 원투▶삼치 - 루어/ 릴찌▶주꾸미 - 릴찌/ 원투/ 장대▶노래미 - 루어/ 릴찌/ 장대/ 원투▶붕장어 - 원투,37-31-42.4N,,인천광역시 옹진군
211,POINT (906430.235819663 1936292.81825295),영종도·용유도,영종도 남측제방 초소,-3.1~-0.5,펄,들물,▶숭어 - 릴찌/ 장대/ 홀치기▶노래미 - 루어/ 릴찌/ 장대/ 원투▶삼치 - 루어/ 릴찌▶붕장어 - 원투▶주꾸미 - 릴찌/ 원투,37-25-15.8N,,인천광역시 중구
212,POINT (989791.902153556 1563121.46566292),대삼부도,동굴 우측,0.2~0.8m,암,10물~13물,▶ 벵에돔 - 목줄/ 장대/ 부력/ 잠수▶ 참돔 - 부력/ 잠수▶ 돌돔 - 릴찌/ 장대/ 원투▶ 감성돔 - 릴찌/ 장대/ 원투▶ 농어 - 루어/ 릴찌,34-03-39.970N,,전라남도 여수시
213,POINT (1048790.30685931 1661923.41589396),진주만 부근,산분령 유료낚시터,2.0~4.0m,암,13물-4물/ 초들물,▶ 감성돔 - 릴찌/ 장대/ 원투▶ 노래미 - 루어/ 릴찌/ 장대/ 원투▶ 볼락 - 릴찌/ 장대/ 루어▶ 농어 - 루어/ 릴찌▶ 도다리 - 원투▶ 갑오징어 - 에깅,34-57-03.565N,,경상남도 사천시
214,POINT (1048743.40798932 1660156.03519785),진주만 부근,산분령 앞 마동도,0.1~2.2m,암,13물-4물/ 초들물,▶ 감성돔 - 릴찌/ 장대/ 원투▶ 노래미 - 루어/ 릴찌/ 장대/ 원투▶ 볼락 - 릴찌/ 장대/ 루어▶ 농어 - 루어/ 릴찌▶ 도다리 - 원투▶ 갑오징어 - 에깅,34-56-06.201N,,경상남도 사천시
215,POINT (1073137.48378147 1639974.10405923),추도 부근,구들빗등,4.3~4.5m,암,6물~8물,▶ 볼락 - 릴찌/ 장대/ 루어▶ 우럭 - 릴찌/ 원투▶ 주꾸미 - 릴찌/ 원투▶ 광어 - 릴찌/ 원투▶ 감성돔 - 릴찌/ 장대/ 원투▶ 벵에돔 - 목줄/ 장대/ 부력/ 잠수▶ 참돔 - 부력/ 잠수,34-45-05.805N,,경상남도 통영시
216,POINT (1072272.24418543 1639886.95377688),추도 부근,북바위 근처,0.5~1.5m,암,6물~8물,▶ 볼락 - 릴찌/ 장대/ 루어▶ 우럭 - 릴찌/ 원투▶ 주꾸미 - 릴찌/ 원투▶ 광어 - 릴찌/ 원투▶ 감성돔 - 릴찌/ 장대/ 원투▶ 벵에돔 - 목줄/ 장대/ 부력/ 잠수▶ 참돔 - 부력/ 잠수,34-45-03.198N,,경상남도 통영시
217,POINT (1079002.02503858 1628581.37994704),연화도 부근,십리골마을 동측 갯바위,9.7~15.8m,암,초들물/ 초날물/ 5물~6물/ 조금,▶ 참돔 - 부력/ 잠수▶ 감성돔 - 릴찌/ 장대/ 원투▶ 볼락 - 릴찌/ 장대/ 루어▶ 벵에돔 - 목줄/ 장대/ 부력/ 잠수▶ 농어 - 루어/ 릴찌,34-38-54.415N,,경상남도 통영시
218,POINT (1079524.80147557 1627530.59921432),연화도 부근,소쿠리강정 갯바위,7.9~10.7m,암,초들물/ 초날물/ 5물~6물/ 조금,▶ 참돔 - 부력/ 잠수▶ 감성돔 - 릴찌/ 장대/ 원투▶ 볼락 - 릴찌/ 장대/ 루어▶ 벵에돔 - 목줄/ 장대/ 부력/ 잠수▶ 농어 - 루어/ 릴찌,34-38-20.160N,,경상남도 통영시
219,POINT (1063201.6541356 1619636.22996081),갈도 부근,붉은바위,11.6~11.8m,모래/ 조개껍질,2물~8물/ 사리 전후,▶ 감성돔 - 릴찌/ 장대/ 원투▶ 돌돔 - 릴찌/ 장대/ 원투▶ 볼락 - 릴찌/ 장대/ 루어 ▶ 무늬오징어 - 릴찌/ 에깅,34-34-07.982N,,경상남도 통영시
220,POINT (1062311.59510793 1618469.88733551),갈도 부근,귀신여,14.5~15.9m,암,2물~8물/ 사리 전후,▶ 감성돔 - 릴찌/ 장대/ 원투▶ 돌돔 - 릴찌/ 장대/ 원투▶ 볼락 - 릴찌/ 장대/ 루어 ▶ 무늬오징어 - 릴찌/ 에깅,34-33-30.315N,,경상남도 통영시
221,POINT (878252.440152977 1586125.5496716),독거군도 부근,구도 남단,3.3~11.7m,암,조금~4물,▶ 참돔 - 부력/ 잠수▶ 감성돔 - 릴찌/ 장대/ 원투▶ 돌돔 - 릴찌/ 장대/ 원투▶ 광어-릴찌/ 원투▶ 농어 - 루어/ 릴찌,34-15-41.346N,,전라남도 진도군
222,POINT (989594.799105606 1563256.98470202),대삼부도,북동쪽 홈통,0.3~0.8m,암,10물~13물,▶ 벵에돔 - 목줄/ 장대/ 부력/ 잠수▶ 참돔 - 부력/ 잠수▶ 돌돔 - 릴찌/ 장대/ 원투▶ 감성돔 - 릴찌/ 장대/ 원투▶ 농어 - 루어/ 릴찌,34-03-44.363N,,전라남도 여수시
223,POINT (1026192.67298899 1604078.08822338),연도,절리서 근처 갯바위,1.1~1.5m,암,초들물/ 초날물/ 조금 전·후,▶ 참돔 - 부력/ 잠수▶ 감성돔 - 릴찌/ 장대/ 원투▶ 볼락 - 릴찌/ 장대/ 루어▶ 농어/  삼치 - 루어/ 릴찌▶ 돌돔 - 민장대/ 릴찌/ 원투▶ 갑오징어 - 에깅,34-25-48.684N,,전라남도 여수시
224,POINT (1073850.69963615 1639965.23048883),추도 부근,농바위 끝,3.6~6.3m,암,6물~8물,▶ 볼락 - 릴찌/ 장대/ 루어▶ 우럭 - 릴찌/ 원투▶ 주꾸미 - 릴찌/ 원투▶ 광어 - 릴찌/ 원투▶ 감성돔 - 릴찌/ 장대/ 원투▶ 벵에돔 - 목줄/ 장대/ 부력/ 잠수▶ 참돔 - 부력/ 잠수,34-45-05.332N,,경상남도 통영시
225,POINT (751518.590669706 1983062.15610928),대청도·소청도,대청도 사탄동해변 갯바위,1.7m~2.2m,모래/ 조개껍질,사리 전후 ,▶넙치 - 루어/ 원투 ▶노래미 - 루어/ 릴찌/ 장대/ 원투▶농어 - 루어/ 릴찌 ▶우럭 - 루어/ 릴찌,37-48-48.6N,,인천광역시 옹진군
226,POINT (888209.827564951 1909441.43175941),이작도·승봉도,소이작도 해군기지 부근,1.5m~2m,펄/ 모래,조금 전·후,▶노래미 - 루어/ 릴찌/ 장대/ 원투 ▶우럭 - 릴찌/ 원투,37-10-37.4N,,인천광역시 옹진군
227,POINT (780741.718035 1566805.47359158),가거도,복여,4.0~4.1,암,초들물~중날물,▶감성돔 - 릴찌/ 장대/ 원투 ▶노래미 - 루어/ 릴찌/ 장대/ 원투 ▶참돔 - 릴찌 ▶농어 - 루어▶볼락 - 릴찌/ 장대/ 루어 ▶우럭 - 루어/ 릴찌/ 장대/ 원투 ▶돌돔 - 릴찌 ▶부시리 - 루어,35-04-17.2N,,전라남도 신안군
228,POINT (922042.8147898121 1907503.65352464),제부도, 제부도 소방서 앞,1m~1.3m,펄,들물/ 날물,▶넙치 - 루어/ 원투 ▶노래미 - 루어/ 릴찌/ 장대/ 원투▶망둑어 - 원투,37-09-46.9N,,경기도 화성시
229,POINT (900478.336334196 1901378.62463682),풍도·난지도, 풍도 채석장 남측,4m~6m,바위,사리 전·후,▶넙치 - 루어/ 원투 ▶노래미 - 루어/ 릴찌/ 장대/ 원투▶농어 - 루어/ 릴찌 ▶붕장어 - 원투▶우럭 - 릴찌/ 원투,37-06-20.8N,,경기도 안산시
230,POINT (896019.702870824 1816228.16722447),원산도·삽시도, 삽시도 면삽지,2.1m~3.7m,모래/ 조개껍질,조금 전·후,▶감성돔 - 릴찌/ 장대/ 원투 ▶갑오징어 - 에깅 ▶넙치 - 루어/ 원투▶농어 - 루어/ 릴찌 ▶우럭 - 릴찌/ 원투 ▶주꾸미 - 루어,36-20-16.2N,,충청남도 보령시
231,POINT (864530.6799585581 1792282.89788326),어청도·연도, 어청도 한우담 부근,1.8m~3m,모래,들물/ 날물,▶감성돔 - 릴찌/ 장대/ 원투 ▶갑오징어 - 에깅▶넙치 - 루어/ 원투 ▶농어 - 루어/ 릴찌▶방어 - 부력/ 잠수/ 지깅 ▶우럭 - 릴찌/ 원투,36-07-05.2N,,전라북도 군산시
232,POINT (1079751.63619065 1648762.70118295),미륵도, 대양화 제방,1.1m~1.5m,펄,조금 전·후,▶감성돔 - 릴찌/ 장대/ 원투 ▶농어 - 루어/ 릴찌▶노래미 - 루어/ 릴찌/ 장대/ 원투 ▶우럭 - 릴찌/ 원투▶볼락 - 루어/ 릴찌/ 장대 ▶쥐치 - 카드/ 훌치기,34-49-49.3N,,경상남도 통영시
233,POINT (1096985.4998152 1627279.65901348),비진도·매물도,대매물도 설풍자리,5m~5.6m,펄/ 조개껍질,조금 전·후,▶감성돔 - 릴찌/ 장대/ 원투 ▶돌돔 - 릴찌/ 장대/ 원투▶벵에돔 - 목줄/ 장대/ 부력/ 잠수 ▶참돔 - 부력/ 잠수,34-38-06.6N,,경상남도 통영시
234,POINT (909188.622875525 1944877.12554022),영종도·용유도,삼목수문,-2.9~2.1,펄,들물/ 날물,▶숭어 - 릴찌/ 장대/ 홀치기▶우럭 - 릴찌/ 원투▶노래미 - 루어/ 릴찌/ 장대/ 원투▶삼치 - 루어/ 릴찌▶붕장어 - 원투,37-29-55.3N,,인천광역시 중구
235,POINT (939575.9580959621 1595585.12062878),신지도, 대곡리 남쪽 양식장 배수구 부근,1.2m~1.5m,펄,사리 전·후,▶감성돔 - 릴찌/ 장대/ 원투 ▶농어 - 루어/ 릴찌 ▶숭어 - 릴찌/ 장대/ 훌치기 ▶볼락 - 루어/ 릴찌/ 장대 ▶참돔 - 부력/ 잠수 ▶학공치 - 릴찌/ 장대,34-21-07.8N,,전라남도 완도군
236,POINT (884711.263193635 1464909.76080434),제주도 남서부·가파도·마라도,큰아끈여 갯바위,0.4~0.6,암,들물/썰물,▶벵에돔 - 목줄/ 장대/ 잠수 ▶농어 - 루어/ 릴찌 ▶자리돔 - 민장대/ 릴찌 ▶볼락 - 루어/ 릴찌/ 장대▶한치 - 루어/ 원투 ▶참돔 - 부력/ 잠수 ▶부시리 - 부력/ 잠수/ 지깅,33-10-09.1N,,제주특별자치도 서귀포시
237,POINT (812658.021101873 1581503.36374798),만재도,오동여 부근,10~16m,암,조금 전후,▶ 돌돔 - 릴찌/ 장대/ 원투▶ 참돔 - 부력/ 잠수▶ 감성돔 - 릴찌/ 장대/ 원투▶ 우럭 - 릴찌/ 원투▶ 광어 - 릴찌/ 원투▶ 농어 - 루어/ 릴찌▶ 볼락 - 릴찌/ 장대/ 루어▶ 문어 - 루어,34-12-36.260N,,전라남도 신안군
238,POINT (888210.768971169 1626902.02407425),화원 부근,증도리 북측,-0.1~0.6m,펄,조금 전후/ 초들물~중날물,▶ 감성돔 - 릴찌/ 장대/ 원투▶ 붕장어 - 원투▶ 농어 - 루어/ 릴찌,34-37-48.914N,,전라남도 해남군
239,POINT (855464.2112406059 1584667.36085451),거차수도 부근,동거차 상송도,2~3.4m,암,10물~5물,▶ 참돔 - 부력/ 잠수▶ 감성돔 - 릴찌/ 장대/ 원투▶ 돌돔 - 릴찌/ 장대/ 원투▶ 우럭 - 릴찌/ 원투▶ 농어 - 루어/ 릴찌▶ 부시리 - 부력/ 잠수/ 지깅,34-14-43.510N,,전라남도 진도군
240,POINT (878687.990081816 1585259.86831516),독거군도 부근,독거 동쪽 선창,12~12.3m,펄,조금~4물,▶ 참돔 - 부력/ 잠수▶ 감성돔 - 릴찌/ 장대/ 원투▶ 돌돔 - 릴찌/ 장대/ 원투▶ 광어-릴찌/ 원투▶ 농어 - 루어/ 릴찌,34-15-13.431N,,전라남도 진도군
241,POINT (892956.366001114 1551811.66811924),추자군도,신대산전망터 앞,1.1~2.1m,암,11물~5물/ 정조전후,▶ 감성돔 - 릴찌/ 장대/ 원투▶ 벵에돔 - 목줄/ 장대/ 부력/ 잠수▶ 참돔 - 부력/ 잠수▶ 돌돔 - 민장대/ 릴찌/ 원투▶ 볼락 - 릴찌/ 장대/ 루어▶ 부시리 - 부력/ 잠수/ 지깅,33-57-13.316N,,제주특별자치도 제주시
242,POINT (1006041.91905072 1624352.38350198),낭도 부근,낭도산 동측,10~17.5m,펄/ 조개껍질,조금 전후/ 5물~8물,▶ 감성돔 - 릴찌/ 장대/ 원투▶ 붕장어 - 원투▶ 농어 - 루어/ 릴찌▶ 숭어 - 릴찌/ 장대/ 훌치기,34-36-48.028N,,전라남도 여수시
243,POINT (961383.762811537 1577815.99738899),황제도,황제도 등대 밑,4.1~6.9m,암,사리를 피한 물때/ 1~3물/ 9~13물,▶ 감성돔 - 릴찌/ 장대/ 원투▶ 참돔 - 부력/ 잠수▶ 돌돔 - 릴찌/ 장대/ 원투▶ 농어 - 루어/ 릴찌▶ 광어 - 릴찌/ 원투▶ 볼락 - 릴찌/ 장대/ 루어,34-11-34.666N,,전라남도 완도군
244,POINT (988147.982053943 1589107.67021592),손죽열도 부근,잔거리 서측,2.9~9.6m,펄,사리 전후/ 10~5물,▶ 감성돔 - 릴찌/ 장대/ 원투▶ 참돔 - 부력/ 잠수▶ 돌돔 - 릴찌/ 장대/ 원투▶ 우럭 - 릴찌/ 원투▶ 노래미 - 루어/ 릴찌/ 장대/ 원투▶ 농어 - 루어/ 릴찌▶ 숭어 - 릴찌/ 장대/ 훌치기▶ 삼치 - 루어/ 릴찌▶ 문어 - 루어,34-17-43.604N,,전라남도 여수시
245,POINT (989365.0663912831 1562339.06703617),대삼부도,덜섬 끝바리 부근,0.1~13.8m,암,10물~13물,▶ 벵에돔 - 목줄/ 장대/ 부력/ 잠수▶ 참돔 - 부력/ 잠수▶ 돌돔 - 릴찌/ 장대/ 원투▶ 감성돔 - 릴찌/ 장대/ 원투▶ 농어 - 루어/ 릴찌,34-03-14.552N,,전라남도 여수시
246,POINT (780579.096904013 1564113.79777179),가거도,녹섬 갯바위,1.7~4.6,펄,초들물~중날물,▶농어 - 루어/ 장대/ 원투▶노래미 - 루어/ 릴찌/ 장대/ 원투▶돌돔 - 처박기/ 장대/ 원투/ 릴찌▶볼락 - 릴찌/ 장대/ 루어▶우럭 - 루어/ 릴찌/ 장대/ 원투,34-02-49.6N,,전라남도 신안군
247,POINT (777923.482689305 1571639.14134744),가거도,신여,7.5~14.2,암,초들물~중날물,▶감성돔 - 릴찌/ 장대/ 원투 ▶노래미 - 루어/ 릴찌/ 장대/ 원투 ▶참돔 - 릴찌 ▶농어 - 루어▶볼락 - 릴찌/ 장대/ 루어 ▶우럭 - 루어/ 릴찌/ 장대/ 원투 ▶돌돔 - 릴찌 ▶부시리 - 루어,34-06-51.7N,,전라남도 신안군
248,POINT (1301122.63744741 1955467.99340864),울릉도,삼선암 갯바위,2.0~3.1,암,조금 전후,▶벵에돔 - 목줄/ 장대/ 부력/ 잠수▶부시리 - 부력/ 잠수/ 지깅,37-32-57.8N,,경상북도 울릉군
249,POINT (1109025.5337496 1678680.90238329),진해항 부근,합포마을 남측,0.1~1.7m,펄,초들물~중날물,▶ 도다리 - 원투▶ 노래미 - 루어/ 릴찌/ 장대/ 원투▶ 볼락 - 릴찌/ 장대/ 루어▶ 감성돔 - 릴찌/ 장대/ 원투▶ 갑오징어 - 에깅,35-05-50.545N,,경상남도 창원시
250,POINT (753703.334178678 1982039.87056456),대청도·소청도, 대청도 독바위,7.6m~8m,모래,사리 전후 ,▶넙치 - 루어/ 원투 ▶노래미 - 루어/ 릴찌/ 장대/ 원투▶농어 - 루어/ 릴찌 ▶삼치 - 루어/ 릴찌▶쏨뱅이 - 루어/ 릴찌 ▶우럭 - 루어/ 릴찌,37-48-17.6N,,인천광역시 옹진군
251,POINT (881607.514226933 1915597.9340208),덕적도·소야도, 덕적도 정자바위,1.7m~2m,펄/ 모래,펄/ 모래,▶넙치 - 루어/ 원투 ▶노래미 - 루어/ 릴찌/ 장대/ 원투▶농어 - 루어/ 릴찌 ▶붕장어 - 원투▶우럭 - 루어/ 릴찌,37-13-54.2N,,인천광역시 옹진군
252,POINT (862768.361983157 1644974.57625874),비금도·도초도, 비금도 큰당두리 갯바위,1.4m~2.1m,펄/ 모래,초들물~중들물,▶감성돔 - 릴찌/ 장대/ 원투 ▶농어 - 루어/ 릴찌▶볼락 - 루어/ 릴찌/ 장대 ▶붕장어 - 원투 ▶우럭 - 릴찌/ 원투,34-47-24.3N,,전라남도 신안군
253,POINT (944697.543313054 1573800.71133217),청산도·대모도,청산도 장기미 해변길 갯바위,1.7m~2.3m,조개껍질/ 모래/ 펄,4물~사리,▶감성돔 - 릴찌/ 장대/ 원투 ▶농어 - 루어/ 릴찌 ▶돌돔 - 릴찌/ 장대/ 원투 ▶볼락 - 루어/ 릴찌/ 장대 ▶우럭 - 릴찌/ 원투 ▶참돔 - 부력/ 잠수,34-09-21.6N,,전라남도 완도군
282,POINT (885584.90363424 1631992.71690665),화원 부근,닭섬(*화원 마리나 포인트),1.6~3.4m,암,조금 전후/ 초들물~중날물,▶ 감성돔 - 릴찌/ 장대/ 원투▶ 붕장어 - 원투▶ 농어 - 루어/ 릴찌,34-40-33.099N,,전라남도 해남군
254,POINT (918639.076320057 1473576.81169737),제주도 남동부,쇠소깍 해수욕장 우측 갯바위,0.1~1.5,모래,들물/날물,▶참돔 - 부력/ 잠수 ▶돌돔 - 민장대/ 릴찌/ 원투 ▶다금바리 - 원투▶벵에돔 - 목줄/ 장대/ 부력/ 잠수 ▶부시리 - 부력/ 잠수/ 지깅,33-15-01.6N,,제주특별자치도 서귀포시
255,POINT (1004655.36963675 1623000.89164034),낭도 부근,낭도 해안,1~3m,암,조금 전후/ 5물~8물,▶ 감성돔 - 릴찌/ 장대/ 원투▶ 붕장어 - 원투▶ 농어 - 루어/ 릴찌▶ 숭어 - 릴찌/ 장대/ 훌치기,34-36-04.178N,,전라남도 여수시
256,POINT (967970.1778809091 1579005.89884922),황제도,소마도,5.4~22m,암,사리를 피한 물때/ 1~3물/ 9~13물,▶ 감성돔 - 릴찌/ 장대/ 원투▶ 참돔 - 부력/ 잠수▶ 돌돔 - 릴찌/ 장대/ 원투▶ 농어 - 루어/ 릴찌▶ 광어 - 릴찌/ 원투▶ 볼락 - 릴찌/ 장대/ 루어,34-12-14.102N,,전라남도 완도군
257,POINT (1052823.67950401 1650025.18673208),남해도 동부·신수도·창선도,모상개 돌섬,1.2~4.8,펄,초들물~중날물,▶참돔 - 부력/ 잠수 ▶농어 - 루어/ 릴찌 ▶노래미 - 루어/ 릴찌/ 장대/ 원투▶볼락 - 릴찌/ 장대/ 루어 ▶우럭 - 릴찌/ 원투,34-50-36.6N,,경상남도 남해군
258,POINT (1077248.6988679 1630251.67099794),연화도 부근,목섬 갯바위,6~7.1m,암,초들물/ 초날물/ 5물~6물/ 조금,▶ 참돔 - 부력/ 잠수▶ 감성돔 - 릴찌/ 장대/ 원투▶ 볼락 - 릴찌/ 장대/ 루어▶ 벵에돔 - 목줄/ 장대/ 부력/ 잠수▶ 농어 - 루어/ 릴찌,34-39-49.116N,,경상남도 통영시
259,POINT (905247.351790083 1748560.61435685),십이동파도·비안도,비안도 남쪽 직벽지대,5m~8m,모래/ 펄,들물 전·후,▶감성돔 - 릴찌/ 장대/ 원투 ▶갑오징어 - 에깅▶넙치 - 루어/ 원투 ▶노래미 - 루어/ 릴찌/ 장대/ 원투▶농어 - 루어/ 릴찌 ▶참돔 - 부력/ 잠수 ▶우럭 - 릴찌/ 원투,35-43-43.7N,,전라북도 군산시
299,POINT (845156.287043676 1623800.23431038),우이도,큰밭 갯바위,10.1~11.2,자갈/ 암,조금 전후,▶노래미 - 루어/ 릴찌/ 장대/ 원투 ▶우럭 - 릴찌/ 원투▶붕장어 - 원투,34-35-48.1N,,전라남도 신안군
260,POINT (990587.0532917121 1562496.94357666),대삼부도,쌍굴 근처 갯바위,0.6~0.7m,암,10물~13물,▶ 벵에돔 - 목줄/ 장대/ 부력/ 잠수▶ 참돔 - 부력/ 잠수▶ 돌돔 - 릴찌/ 장대/ 원투▶ 감성돔 - 릴찌/ 장대/ 원투▶ 농어 - 루어/ 릴찌,34-03-19.720N,,전라남도 여수시
261,POINT (1027973.74036372 1607512.4388744),연도,철탑밑 갯바위,2.3~3.6m,암,초들물/ 초날물/ 조금 전·후,▶ 참돔 - 부력/ 잠수▶ 감성돔 - 릴찌/ 장대/ 원투▶ 볼락 - 릴찌/ 장대/ 루어▶ 농어/  삼치 - 루어/ 릴찌▶ 돌돔 - 민장대/ 릴찌/ 원투▶ 갑오징어 - 에깅,34-27-40.013N,,전라남도 여수시
262,POINT (1028107.23500611 1601668.7021046),연도,소룡단 갯바위,0.2~1.6m,암,초들물/ 초날물/ 조금 전·후,▶ 참돔 - 부력/ 잠수▶ 감성돔 - 릴찌/ 장대/ 원투▶ 볼락 - 릴찌/ 장대/ 루어▶ 농어/  삼치 - 루어/ 릴찌▶ 돌돔 - 민장대/ 릴찌/ 원투▶ 갑오징어 - 에깅,34-24-30.281N,,전라남도 여수시
263,POINT (870262.2889560771 1853650.99853098),가의도,서측 끝단 갯바위,3.1~7.2,펄/ 모래,상관없음,▶우럭 - 릴찌/ 원투▶노래미 - 루어/ 릴찌/ 장대/ 원투▶고등어 - 루어/ 릴찌/ 장대▶광어 - 릴찌/ 원투▶주꾸미 - 릴찌/ 원투/ 장대▶학공치 - 릴찌/ 장대,36-40-19.1N,,충청남도 태안군
264,POINT (914595.9482766921 1782212.33781804),개야도,발전소 아래 갯바위,1.7~1.4,모래/ 펄,초들물~중날물,▶망농어 - 루어/ 릴찌▶부세 - 릴찌/ 원투▶감성돔 - 릴찌/ 장대/ 원투▶백조기 - 릴찌/ 원투,36-01-58.9N,,전라북도 군산시
265,POINT (911148.0881464471 1782567.0452336),개야도,에게이 등대 남측 갯바위,1.3~1.7,모래/ 펄,초들물~중날물,▶망농어 - 루어/ 릴찌▶부세 - 릴찌/ 원투▶감성돔 - 릴찌/ 장대/ 원투▶백조기 - 릴찌/ 원투,36-02-09.3N,,전라북도 군산시
266,POINT (913843.034680989 1783276.6231373),개야도,장골 갯바위,-0.2~-0.3,암,초들물~중날물,▶농어 - 루어/ 릴찌▶부세 - 릴찌/ 원투▶감성돔 - 릴찌/ 장대/ 원투▶백조기 - 릴찌/ 원투,36-02-33.2N,,전라북도 군산시
267,POINT (866469.714496642 1705363.4720546),안마도·석만도,쌀썩은여 좌측부근 갯바위,0.4~5.3,펄,들물/날물,▶광어 - 릴찌/ 원투▶우럭 - 릴찌/ 원투▶노래미 - 루어/ 릴찌/ 장대/ 원투▶삼치 - 루어/ 릴찌▶붕장어 - 원투,35-20-05.8N,,전라남도 영광군
283,POINT (855754.962288511 1583242.00881639),거차수도 부근,동거차 해수욕장,2.7~5m,암,10물~5물,▶ 참돔 - 부력/ 잠수▶ 감성돔 - 릴찌/ 장대/ 원투▶ 돌돔 - 릴찌/ 장대/ 원투▶ 우럭 - 릴찌/ 원투▶ 농어 - 루어/ 릴찌▶ 부시리 - 부력/ 잠수/ 지깅,34-13-57.396N,,전라남도 진도군
268,POINT (915172.7293901669 1573620.17730736),노화도·보길도·소안도,보길도 장항각 부근 갯바위,4.8m~5.4m,펄/ 모래,사리 전·후,▶감성돔 - 릴찌/ 장대/ 원투 ▶고등어 - 루어/ 릴찌▶노래미 - 루어/ 릴찌/ 장대/ 원투 ▶농어 - 루어/ 릴찌▶볼락 - 루어/ 릴찌/ 장대 ▶숭어 - 릴찌/ 장대/ 훌치기,34-09-08.6N,,전라남도 완도군
269,POINT (942259.972214929 1590870.68567851),신지도,도트럼끝 부근,2.8m~3.6m,펄,사리 전·후,▶감성돔 - 릴찌/ 장대/ 원투 ▶갑오징어 - 에깅 ▶볼락 - 루어/ 릴찌/ 장대 ▶우럭 - 릴찌/ 원투 ▶참돔 - 부력/ 잠수 ▶학공치 - 릴찌/ 장대,34-18-35.3N,,전라남도 완도군
270,POINT (940654.074131201 1573369.48054305),청산도·대모도,침몰선 갯바위 포인트,1.7m~2.3m,펄/ 조개껍질,4물~사리,▶감성돔 - 릴찌/ 장대/ 원투 ▶농어 - 루어/ 릴찌 ▶돌돔 - 릴찌/ 장대/ 원투 ▶볼락 - 루어/ 릴찌/ 장대 ▶우럭 - 릴찌/ 원투 ▶참돔 - 부력/ 잠수,34-09-06.8N,,전라남도 완도군
271,POINT (980841.7772232611 1563376.55001922),여서도·거문도,거문도 녹산곶 등대 부근,13.1m ~ 15.3m,침니/ 모래,들물/ 날물 전·후,▶감성돔 - 릴찌/ 장대/ 원투 ▶돌돔 - 릴찌/ 장대/ 원투▶벵에돔 - 목줄/ 장대/ 부력/ 잠수 ▶참돔 - 부력/ 잠수▶볼락 - 루어/ 릴찌/ 장대 ▶전갱이 - 루어/ 릴찌/ 장대,34-03-47.8N,,전라남도 여수시
272,POINT (996968.794797424 1614397.81522867),나로도,내나로도 덕흥해수욕장 갯바위,2m~3.4m,펄,초들물~만조,▶감성돔 - 릴찌/ 장대/ 원투 ▶농어 - 루어/ 릴찌▶볼락 - 루어/ 릴찌/ 장대 ▶숭어 - 릴찌/ 장대/ 훌치기,34-31-24.9N,,전라남도 고흥군
273,POINT (1000122.52431078 1602436.97721707),나로도,외나로도 부채바위,5.4m~6m,펄,초들물~만조,▶감성돔 - 릴찌/ 장대/ 원투 ▶농어 - 루어/ 릴찌▶볼락 - 루어/ 릴찌/ 장대 ▶숭어 - 릴찌/ 장대/ 훌치기,34-24-56.6N,,전라남도 고흥군
274,POINT (881205.4696241419 1491513.70256247),제주도 서부·차귀도·비양도,비양도 코끼리바위 부근 갯바위,0.1~0.9,모래/ 조개껍질,들물/썰물,▶감성돔 - 릴찌/ 장대/ 원투▶벤자리 - 릴찌/ 민장대▶삼치 - 루어/ 릴찌▶방어 - 부력/ 잠수/ 지깅▶벵에돔 - 목줄/ 장대/ 부력/ 잠수▶한치 - 루어/ 원투,33-24-31.4N,,제주특별자치도 제주시
275,POINT (950910.291096886 1502689.36379868),제주도 북동부·우도,비양도 등대부근,0~2.5,암,들물/날물,▶참돔 - 부력/ 잠수 ▶돌돔 - 민장대/ 릴찌/ 원투 ▶볼락 - 루어/ 릴찌/ 장대▶벵에돔 - 목줄/ 장대/ 부력/ 잠수 ▶무늬오징어 - 에깅 ▶독가시치 - 목줄/ 장대/ 부력/ 잠수,33-30-51.1N,,제주특별자치도 제주시
276,POINT (939290.4876125379 1482471.44612797),제주도 동부,표선해비치해수욕장 좌측 갯바위,0.4~2.0,모래,들물/날물,▶참돔 - 부력/ 잠수 ▶돌돔 - 민장대/ 릴찌/ 원투 ▶볼락 - 루어/ 릴찌/ 장대▶벵에돔 - 목줄/ 장대/ 부력/ 잠수 ▶무늬오징어 - 에깅 ▶독가시치 - 목줄/ 장대/ 부력/ 잠수,33-19-55.3N,,제주특별자치도 서귀포시
277,POINT (900562.91994517 1471850.43352941),제주도 남부,중문단지 축구장 밑 갯바위,10.5~14.6,암,초들물~중날물,▶벵에돔 - 목줄/ 장대/ 부력/ 잠수▶한치 - 루어/ 원투▶노래미 - 루어/ 릴찌/ 장대/ 원투▶독가시치 - 목줄/ 장대/ 부력/ 잠수▶부시리 - 부력/ 잠수/ 지깅▶우럭 - 릴찌/ 원투,33-14-00.1N,,제주특별자치도 서귀포시
278,POINT (887476.679794373 1468619.96947821),제주도 남서부·가파도·마라도,송악산 올레길 갯바위,0.4~2.2,자갈,들물/썰물,▶벵에돔 - 목줄/ 장대/ 잠수 ▶농어 - 루어/ 릴찌 ▶자리돔 - 민장대/ 릴찌 ▶볼락 - 루어/ 릴찌/ 장대▶한치 - 루어/ 원투 ▶참돔 - 부력/ 잠수 ▶부시리 - 부력/ 잠수/ 지깅,33-12-10.6N,,제주특별자치도 서귀포시
279,POINT (788955.6639314471 1633578.52154449),홍도,방구서 우측 부근,3.5~4.7m,암,사리 전후/ 초들물/ 만조 전후,▶ 참돔 - 부력/ 잠수▶ 돌돔 - 릴찌/ 장대/ 원투▶ 감성돔 - 릴찌/ 장대/ 원투▶ 우럭 - 릴찌/ 원투▶ 농어 - 루어/ 릴찌,34-40-29.236N,,전라남도 신안군
280,POINT (787571.598612341 1634945.43825445),홍도,단오도 우측,3~9.7,암,사리 전후/ 초들물/ 만조 전후,▶ 참돔 - 부력/ 잠수▶ 돌돔 - 릴찌/ 장대/ 원투▶ 감성돔 - 릴찌/ 장대/ 원투▶ 우럭 - 릴찌/ 원투▶ 농어 - 루어/ 릴찌,34-41-12.545N,,전라남도 신안군
281,POINT (814910.999587494 1580536.75595512),만재도,방군여 좌측,7~19m,암,조금 전후,▶ 돌돔 - 릴찌/ 장대/ 원투▶ 참돔 - 부력/ 잠수▶ 감성돔 - 릴찌/ 장대/ 원투▶ 우럭 - 릴찌/ 원투▶ 광어 - 릴찌/ 원투▶ 농어 - 루어/ 릴찌▶ 볼락 - 릴찌/ 장대/ 루어▶ 문어 - 루어,34-12-06.347N,,전라남도 신안군
284,POINT (893626.518569031 1557379.37937728),추자군도,횡간도 우측 끝,3.8~6.2m,거친모래/ 조개껍질,11물~5물/ 정조전후,▶ 감성돔 - 릴찌/ 장대/ 원투▶ 벵에돔 - 목줄/ 장대/ 부력/ 잠수▶ 참돔 - 부력/ 잠수▶ 돌돔 - 민장대/ 릴찌/ 원투▶ 볼락 - 릴찌/ 장대/ 루어▶ 부시리 - 부력/ 잠수/ 지깅,34-00-14.298N,,제주특별자치도 제주시
285,POINT (931188.245849289 1606551.08310307),강진만 부근,복도 갯바위,-3.4~1.2m,펄/ 모래,들물,▶ 감성돔 - 릴찌/ 장대/ 원투▶ 숭어 - 릴찌/ 장대/ 훌치기▶ 도다리 - 원투▶ 망둥어 - 릴찌/ 장대▶ 붕장어 - 원투,34-27-01.906N,,전라남도 강진군
286,POINT (933814.849919957 1616127.77602498),강진만 부근,가우도 북측 갯바위,0~2m,펄,들물,▶ 감성돔 - 릴찌/ 장대/ 원투▶ 숭어 - 릴찌/ 장대/ 훌치기▶ 도다리 - 원투▶ 망둥어 - 릴찌/ 장대▶ 붕장어 - 원투,34-32-13.412N,,전라남도 강진군
287,POINT (965024.741495716 1612310.7472632),득량만 부근,남생리 부근,0.3~0.6m,암,4물~12물/ 들물,▶ 감성돔 - 릴찌/ 장대/ 원투▶ 농어 - 루어/ 릴찌▶ 우럭 - 릴찌/ 원투▶ 노래미 - 루어/ 릴찌/ 장대/ 원투▶ 도다리 - 원투▶ 학공치 - 릴찌/  장대,34-30-15.020N,,전라남도 고흥군
288,POINT (993129.023053932 1613038.87441008),거금수도 부근,성두도 남측,0.9~2.8m,펄,초들물~만조,▶ 감성돔 - 릴찌/ 장대/ 원투▶ 숭어 - 릴찌/ 장대/ 훌치기▶ 우럭 - 릴찌/ 원투▶ 노래미 - 루어/ 릴찌/ 장대/ 원투▶ 농어 - 루어/ 릴찌▶ 볼락 - 릴찌/ 장대/ 루어,34-30-40.715N,,전라남도 고흥군
289,POINT (1005276.86976563 1623127.97690774),낭도 부근,낭도 해안가 옆,1~3m,암,조금 전후/ 5물~8물,▶ 감성돔 - 릴찌/ 장대/ 원투▶ 붕장어 - 원투▶ 농어 - 루어/ 릴찌▶ 숭어 - 릴찌/ 장대/ 훌치기,34-36-08.293N,,전라남도 여수시
290,POINT (1005372.34222734 1621747.37322966),낭도 부근,사도 해안길,0.7~5.9m,암,사리 전후/ 초날물,▶ 감성돔 - 릴찌/ 장대/ 원투▶ 붕장어 - 원투▶ 농어 - 루어/ 릴찌▶ 숭어 - 릴찌/ 장대/ 훌치기,34-35-23.470N,,전라남도 여수시
291,POINT (1022768.1008923 1642942.91220172),여수엑스포 부근,검은모래해변 부근,0.4~1.2m,암,조금,▶ 벵에돔 - 목줄/ 장대/ 부력/ 잠수▶ 참돔 - 부력/ 잠수▶ 돌돔 - 릴찌/ 장대/ 원투▶ 감성돔 - 릴찌/ 장대/ 원투▶ 농어 - 루어/ 릴찌,34-46-50.707N,,전라남도 여수시
292,POINT (960865.8533645059 1577240.09310227),황제도,황제도 남단,6.2~17.1m,암,사리를 피한 물때/ 1~3물/ 9~13물,▶ 감성돔 - 릴찌/ 장대/ 원투▶ 참돔 - 부력/ 잠수▶ 돌돔 - 릴찌/ 장대/ 원투▶ 농어 - 루어/ 릴찌▶ 광어 - 릴찌/ 원투▶ 볼락 - 릴찌/ 장대/ 루어,34-11-15.899N,,전라남도 완도군
293,POINT (986576.282517607 1588270.46454731),손죽열도 부근,손죽 해수욕장,2.4~2.8m,펄,사리 전후/ 10~5물,▶ 감성돔 - 릴찌/ 장대/ 원투▶ 참돔 - 부력/ 잠수▶ 돌돔 - 릴찌/ 장대/ 원투▶ 우럭 - 릴찌/ 원투▶ 노래미 - 루어/ 릴찌/ 장대/ 원투▶ 농어 - 루어/ 릴찌▶ 숭어 - 릴찌/ 장대/ 훌치기▶ 삼치 - 루어/ 릴찌▶ 문어 - 루어,34-17-16.354N,,전라남도 여수시
294,POINT (995312.624923498 1584790.88300931),간수제도,소평도 남서측,12.3~18.3m,암,사리 전후/ 초들물,▶ 감성돔 - 릴찌/ 장대/ 원투▶ 참돔 - 부력/ 잠수▶ 돌돔 - 릴찌/ 장대/ 원투▶ 우럭 - 릴찌/ 원투▶ 노래미 - 루어/ 릴찌/ 장대/ 원투▶ 농어 - 루어/ 릴찌▶ 숭어 - 릴찌/ 장대/ 훌치기▶ 삼치 - 루어/ 릴찌▶ 문어 - 루어,34-15-23.658N,,전라남도 여수시
295,POINT (989660.206936371 1562944.69438012),대삼부도,절밑 갯바위,2~4.7m,암,10물~13물,▶ 벵에돔 - 목줄/ 장대/ 부력/ 잠수▶ 참돔 - 부력/ 잠수▶ 돌돔 - 릴찌/ 장대/ 원투▶ 감성돔 - 릴찌/ 장대/ 원투▶ 농어 - 루어/ 릴찌,34-03-34.226N,,전라남도 여수시
296,POINT (876363.885840656 1700809.45667183),송이도,큰내기 우측 갯바위,0~2.0,암,들물/날물,▶감성돔 - 릴찌/ 장대/ 원투▶민어 - 루어/ 지깅/ 원투▶숭어 - 릴찌/ 장대/ 홀치기▶농어 - 루어/ 릴찌▶붕장어 - 원투▶우럭 - 릴찌/ 원투,35-17-42.6N,,전라남도 영광군
297,POINT (868511.7080038951 1674493.44232489),임자도·사옥도,고래미,2.0~2.8,암,초들물~중날물,▶감성돔 - 릴찌/ 장대/ 원투▶노래미 - 루어/ 릴찌/ 장대/ 원투▶민어 - 루어/ 릴찌▶붕장어 - 원투▶우럭 - 릴찌/ 원투▶광어 - 릴찌/ 원투▶농어 - 루어/ 릴찌▶백조기 - 릴찌/ 원투▶숭어 - 릴찌/ 장대/ 훌치기,35-03-25.0N,,전라남도 신안군
298,POINT (870787.148763501 1644519.3290606),안좌도·팔금도,사근마을 곶부리,0~4.1,펄,초들물~중날물,▶감성돔 - 릴찌/ 장대/ 원투▶숭어 - 릴찌/ 장대/ 홀치기▶농어 - 루어/ 릴찌,34-47-13.3N,,전라남도 신안군
319,POINT (1003775.94330089 1622431.59980914),낭도 부근,해안길 우측,2.6~4.9m,암,조금 전후/ 5물~8물,▶ 감성돔 - 릴찌/ 장대/ 원투▶ 붕장어 - 원투▶ 농어 - 루어/ 릴찌▶ 숭어 - 릴찌/ 장대/ 훌치기,34-35-45.709N,,전라남도 여수시
320,POINT (1005598.12525487 1642308.38545075),순천만 부근,궁항갯바위 부근,1.1~2.6m,펄,초들물,▶ 붕장어 - 원투▶ 망둑어 - 원투▶ 짱뚱어 - 훌치기▶ 숭어 - 릴찌/ 장대/ 훌치기,34-46-30.968N,,전라남도 여수시
321,POINT (787560.131259597 1633586.67159362),홍도,기둥바위 인근,1.3~4.5m,암,사리 전후/ 초들물/ 만조 전후,▶ 참돔 - 부력/ 잠수▶ 돌돔 - 릴찌/ 장대/ 원투▶ 감성돔 - 릴찌/ 장대/ 원투▶ 우럭 - 릴찌/ 원투▶ 농어 - 루어/ 릴찌,34-40-28.461N,,전라남도 신안군
322,POINT (789697.017821042 1638390.1722202),홍도,모도 우측 섬 부근,0.2~3m,암,사리 전후/ 초들물/ 만조 전후,▶ 참돔 - 부력/ 잠수▶ 돌돔 - 릴찌/ 장대/ 원투▶ 감성돔 - 릴찌/ 장대/ 원투▶ 우럭 - 릴찌/ 원투▶ 농어 - 루어/ 릴찌,34-43-05.867N,,전라남도 신안군
323,POINT (790481.177425018 1636246.29472729),홍도,공작새바위 상단,0.4~7.5m,암,사리 전후/ 초들물/ 만조 전후,▶ 참돔 - 부력/ 잠수▶ 돌돔 - 릴찌/ 장대/ 원투▶ 감성돔 - 릴찌/ 장대/ 원투▶ 우럭 - 릴찌/ 원투▶ 농어 - 루어/ 릴찌,34-41-56.903N,,전라남도 신안군
324,POINT (814767.095528364 1581159.80612521),만재도,국도 상단,7~10m,암,조금 전후,▶ 돌돔 - 릴찌/ 장대/ 원투▶ 참돔 - 부력/ 잠수▶ 감성돔 - 릴찌/ 장대/ 원투▶ 우럭 - 릴찌/ 원투▶ 광어 - 릴찌/ 원투▶ 농어 - 루어/ 릴찌▶ 볼락 - 릴찌/ 장대/ 루어▶ 문어 - 루어,34-12-26.471N,,전라남도 신안군
325,POINT (813621.4263846631 1580723.05622494),만재도,녹섬 우측,13~16m,암,조금 전후,▶ 돌돔 - 릴찌/ 장대/ 원투▶ 참돔 - 부력/ 잠수▶ 감성돔 - 릴찌/ 장대/ 원투▶ 우럭 - 릴찌/ 원투▶ 광어 - 릴찌/ 원투▶ 농어 - 루어/ 릴찌▶ 볼락 - 릴찌/ 장대/ 루어▶ 문어 - 루어,34-12-11.564N,,전라남도 신안군
326,POINT (914275.58380943 1902176.41660976),입파도·국화도, 입파도 북서측 끝단,1.4m~3m,모래,조금 전·후,▶넙치 - 루어/ 원투 ▶노래미 - 루어/ 릴찌/ 장대/ 원투▶도다리 - 원투 ▶붕장어 - 원투▶우럭 - 릴찌/ 원투,37-06-51.6N,,경기도 화성시
327,POINT (914511.5592734211 1899887.20086839),입파도·국화도, 입파도 남측 곶부리,3.7m~5m,모래,조금 전·후,▶넙치 - 루어/ 원투 ▶노래미 - 루어/ 릴찌/ 장대/ 원투▶도다리 - 원투 ▶붕장어 - 원투▶우럭 - 릴찌/ 원투,37-05-37.4N,,경기도 화성시
328,POINT (904075.7728143911 1895135.83922266),풍도·난지도, 대난지도 해수욕장 갯바위,1.5m~2.2m,모래,만조/ 간조 전·후,▶넙치 - 루어/ 원투 ▶농어 - 루어/ 릴찌▶도다리 - 원투 ▶붕장어 - 원투▶우럭 - 릴찌/ 원투,37-02-59.6N,,충청남도 당진시
329,POINT (905834.9732468739 1893830.857071),풍도·난지도,소난지도 서쪽 갯바위,1.5m~2.4m,바위,만조/ 간조 전·후,▶넙치 - 루어/ 원투 ▶농어 - 루어/ 릴찌▶도다리 - 원투 ▶붕장어 - 원투▶우럭 - 릴찌/ 원투,37-02-17.9N,,충청남도 당진시
330,POINT (896932.112216458 1817474.63945961),원산도·삽시도,삽시도 거멀너머해수욕장 부근,1.3m~2.2m,모래/ 조개껍질,조금 전·후,▶감성돔 - 릴찌/ 장대/ 원투 ▶갑오징어 - 에깅 ▶넙치 - 루어/ 원투▶농어 - 루어/ 릴찌 ▶우럭 - 릴찌/ 원투 ▶주꾸미 - 루어,36-20-57.0N,,충청남도 보령시
331,POINT (889101.348142589 1808276.41089308),호도·녹도·외연도, 녹도 동두말 부근,3m~5m,모래,초들물,▶감성돔 - 릴찌/ 장대/ 원투 ▶넙치 - 루어/ 원투▶노래미 - 루어/ 릴찌/ 장대/ 원투 ▶농어 - 루어/ 릴찌▶우럭 - 릴찌/ 원투,36-15-55.4N,,충청남도 보령시
332,POINT (863736.038113244 1792480.16925843),어청도·연도, 어청도 농배,3m~4.5m,펄,들물/ 날물,▶감성돔 - 릴찌/ 장대/ 원투 ▶갑오징어 - 에깅▶넙치 - 루어/ 원투 ▶노래미 - 루어/ 릴찌/ 장대/ 원투▶농어 - 루어/ 릴찌 ▶우럭 - 릴찌/ 원투,36-07-11.2N,,전라북도 군산시
333,POINT (863057.179322703 1791445.93737267),어청도·연도, 어청도 시목서 부근,3.7m~5m,바위,들물/ 날물,▶감성돔 - 릴찌/ 장대/ 원투 ▶넙치 - 루어/ 원투▶농어 - 루어/ 릴찌 ▶돌돔 - 릴찌/ 장대/ 원투▶방어 - 부력/ 잠수/ 지깅 ▶우럭 - 릴찌/ 원투,36-06-37.3N,,전라북도 군산시
334,POINT (886153.829260412 1776969.71139025),십이동파도·비안도, 십이동파도 벌린여,4.7m~6m,펄/ 조개껍질,12물~3물,▶감성돔 - 릴찌/ 장대/ 원투 ▶넙치 - 루어/ 원투▶돌돔 - 릴찌/ 장대/ 원투 ▶노래미 - 루어/ 릴찌/ 장대/ 원투▶농어 - 루어/ 릴찌 ▶우럭 - 릴찌/ 원투 ▶참돔 - 부력/ 잠수,35-58-58.3N,,전라북도 군산시
335,POINT (904105.216499585 1749820.83374713),십이동파도·비안도,비안도 북서쪽 떨어진여 부근,5.1m~5.6m,조개껍질,들물 전·후,▶감성돔 - 릴찌/ 장대/ 원투 ▶갑오징어 - 에깅▶넙치 - 루어/ 원투 ▶노래미 - 루어/ 릴찌/ 장대/ 원투▶농어 - 루어/ 릴찌 ▶참돔 - 부력/ 잠수 ▶우럭 - 릴찌/ 원투,35-44-24.2N,,전라북도 군산시
336,POINT (901251.136678307 1758806.7322044),선유도·무녀도·장자도·신시도, 선유도해수욕장 앞 갯바위,1.3m~1.8m,모래/ 펄,조금 전·후,▶넙치 - 루어/ 원투 ▶노래미 - 루어/ 릴찌/ 장대/ 원투▶농어 - 루어/ 릴찌 ▶붕장어 - 원투 ▶우럭 - 릴찌/ 원투,35-49-14.8N,,전라북도 군산시
337,POINT (874266.6803314361 1742067.18372023),왕등도·위도, 상왕등도 북쪽 끝바리,7m~10m,펄,조금 전·후,▶감성돔 - 릴찌/ 장대/ 원투 ▶넙치 - 루어/ 원투▶돌돔 - 릴찌/ 장대/ 원투▶붕장어 - 원투▶우럭 - 릴찌/ 원투 ▶참돔 - 부력/ 잠수,35-40-00.5N,,전라북도 부안군
338,POINT (873928.122905143 1740891.68577926),왕등도·위도, 상왕등도 터널바위,2.5m~5m,펄,조금 전·후,▶감성돔 - 릴찌/ 장대/ 원투 ▶넙치 - 루어/ 원투▶돌돔 - 릴찌/ 장대/ 원투 ▶붕장어 - 원투▶우럭 - 릴찌/ 원투 ▶참돔 - 부력/ 잠수,35-39-22.2N,,전라북도 부안군
339,POINT (887061.759377851 1731979.20460989),왕등도·위도,위도 철탑 부근,2.4m~3.3m,펄,중썰물~끝썰물,▶감성돔 - 릴찌/ 장대/ 원투 ▶넙치 - 루어/ 원투▶노래미 - 루어/ 릴찌/ 장대/ 원투 ▶농어 - 루어/ 릴찌▶숭어 - 릴찌/ 장대/ 훌치기 ▶우럭 - 릴찌/ 원투,35-34-38.7N,,전라북도 부안군
340,POINT (887659.1746235171 1733241.22766535),왕등도·위도,위도 미영금해수욕장 갯바위,2.7m~3.5m,펄,중썰물~끝썰물,▶넙치 - 루어/ 원투 ▶노래미-루어/ 릴찌/ 장대/ 원투▶농어 - 루어/ 릴찌 ▶숭어 - 릴찌/ 장대/ 훌치기▶우럭 - 릴찌/ 원투,35-35-19.9N,,전라북도 부안군
341,POINT (858450.3066794911 1644876.7899499),비금도·도초도, 비금도 명사십리해수욕장 갯바위,5.2m~6.1m,펄,날물,▶노래미 - 루어/ 릴찌/ 장대/ 원투 ▶농어 - 루어/ 릴찌▶돌돔 - 릴찌/ 장대/ 원투 ▶볼락 - 루어/ 릴찌/ 장대▶붕장어 - 원투 ▶우럭 - 릴찌/ 원투 ▶참돔 - 부력/ 잠수,34-47-19.0N,,전라남도 신안군
342,POINT (862662.0862835811 1643136.5694544),비금도·도초도,비금도 가산리 진골 갯바위,1.3m~1.7m,펄/ 모래,초들물~중들물,▶감성돔 - 릴찌/ 장대/ 원투 ▶농어 - 루어/ 릴찌▶돌돔 - 릴찌/ 장대/ 원투 ▶참돔 - 부력/ 잠수,34-46-24.6N,,전라남도 신안군
343,POINT (811185.40137422 1632744.12276925),흑산도·삼태도, 대흑산도 정촌리 홈통 부근,2.2m~3.7m,모래/ 조개껍질,들물,▶감성돔 - 릴찌/ 장대/ 원투 ▶농어 - 루어/ 릴찌▶돌돔 - 릴찌/ 장대/ 원투 ▶볼락 - 루어/ 릴찌/ 장대▶붕장어 - 원투 ▶참돔 - 부력/ 잠수 ▶학공치 - 장대/ 릴찌,34-40-17.8N,,전라남도 신안군
344,POINT (1021567.71441547 1612223.10400327),금오도·안도, 금오도 매봉산 직벽,28m~30m,펄,9물~13물/ 날물 전·후,▶감성돔 - 릴찌/ 장대/ 원투 ▶갑오징어 - 에깅▶농어 - 루어/ 릴찌 ▶벵에돔 - 목줄/ 장대/ 부력/ 잠수▶볼락 - 루어/ 릴찌/ 장대 ▶학공치 - 릴찌/ 장대,34-30-13.5N,,전라남도 여수시
345,POINT (1063068.67434542 1648229.26244147),사량도, 상사량도 염소자리,7m~8m,자갈,7물~12물,▶감성돔 - 릴찌/ 장대/ 원투 ▶볼락 - 루어/ 릴찌/ 장대▶농어 - 루어/ 릴찌 ▶우럭 - 릴찌/ 원투 ▶참돔 - 부력/ 잠수,34-49-36.2N,,경상남도 통영시
346,POINT (1062030.31240562 1649266.49990604),사량도, 상사량도 돈지항 부근 갯바위,7.5m~10m,조개껍질/ 펄,13물~6물,▶감성돔 - 릴찌/ 장대/ 원투 ▶농어 - 루어/ 릴찌▶노래미 - 루어/ 릴찌/ 장대/ 원투 ▶우럭 - 릴찌/ 원투▶볼락 - 루어/ 릴찌/ 장대 ▶붕장어 - 원투,34-50-10.1N,,경상남도 통영시
347,POINT (1046494.48349668 1672899.53109074),사천대교 부근,환덕리 묵곡천,-1.7~-2.1m,펄,초들물~중날물,▶ 참돔 - 부력/ 잠수▶ 농어 - 루어/ 릴찌▶ 우럭 - 릴찌/ 원투▶ 볼락 - 릴찌/ 장대/ 루어▶ 노래미 - 루어/ 릴찌/ 장대/ 원투▶ 붕장어 - 원투,35-03-00.255N,,경상남도 사천시
348,POINT (1049841.53470053 1659013.65234094),진주만 부근,초양도 남동측,5.7~10.4m,암,13물-4물/ 초들물,▶ 감성돔 - 릴찌/ 장대/ 원투▶ 노래미 - 루어/ 릴찌/ 장대/ 원투▶ 볼락 - 릴찌/ 장대/ 루어▶ 농어 - 루어/ 릴찌▶ 도다리 - 원투▶ 갑오징어 - 에깅,34-55-28.925N,,경상남도 사천시
349,POINT (1063184.87995003 1619292.70614727),갈도 부근,삼각여,3.4~8.4m,암,2물~8물/ 사리 전후,▶ 감성돔 - 릴찌/ 장대/ 원투▶ 돌돔 - 릴찌/ 장대/ 원투▶ 볼락 - 릴찌/ 장대/ 루어 ▶ 무늬오징어 - 릴찌/ 에깅,34-33-56.834N,,경상남도 통영시
350,POINT (1077999.39617125 1628927.55839993),연화도 부근,연화항 인근 갯바위,4.4~9.7m,암,초들물/ 초날물/ 5물~6물/ 조금,▶ 참돔 - 부력/ 잠수▶ 감성돔 - 릴찌/ 장대/ 원투▶ 볼락 - 릴찌/ 장대/ 루어▶ 벵에돔 - 목줄/ 장대/ 부력/ 잠수▶ 농어 - 루어/ 릴찌,34-39-05.929N,,경상남도 통영시
351,POINT (913409.148457006 1782673.85589081),개야도,사수건 철탑 갯바위,1.2~2.0,모래/ 펄,초들물~중날물,▶망농어 - 루어/ 릴찌▶부세 - 릴찌/ 원투▶감성돔 - 릴찌/ 장대/ 원투▶백조기 - 릴찌/ 원투,36-02-13.5N,,전라북도 군산시
352,POINT (920530.3277170131 1570298.96662178),노화도·보길도·소안도,소안도 농서 부근 갯바위,5.5m~6.3m,가는 모래/ 자갈,사리 전·후,▶감성돔 - 릴찌/ 장대/ 원투 ▶돌돔 - 릴찌/ 장대/ 원투▶농어 - 루어/ 릴찌 ▶벵에돔 - 목줄/ 장대/ 부력/ 잠수▶우럭 - 릴찌/ 원투 ▶ 참돔 - 부력/ 잠수,34-07-22.3N,,전라남도 완도군
353,POINT (999087.162655664 1612706.33262128),나로도, 내나로도 고막포 부근 갯바위,4.8m~5m,바위,간조~초들물,▶감성돔 - 릴찌/ 장대/ 원투 ▶농어 - 루어/ 릴찌▶도다리 - 원투 ▶볼락 - 루어/ 릴찌/ 장대▶숭어 - 릴찌/ 장대/ 훌치기 ▶학공치 - 릴찌/ 장대,34-30-30.0N,,전라남도 고흥군
354,POINT (990476.609304808 1589344.70321318),손죽열도 부근,소거문 북단,7.3~9.9m,암,사리 전후/ 10~5물,▶ 감성돔 - 릴찌/ 장대/ 원투▶ 참돔 - 부력/ 잠수▶ 돌돔 - 릴찌/ 장대/ 원투▶ 우럭 - 릴찌/ 원투▶ 노래미 - 루어/ 릴찌/ 장대/ 원투▶ 농어 - 루어/ 릴찌▶ 숭어 - 릴찌/ 장대/ 훌치기▶ 삼치 - 루어/ 릴찌▶ 문어 - 루어,34-17-51.386N,,전라남도 여수시
355,POINT (959616.966605161 1600778.00870708),금당도,금당도 목섬 철탑밑,0.4~4.2,암,초들물~중날물,▶감성돔 - 릴찌/ 장대/ 원투▶볼락 - 릴찌/ 장대/ 루어▶노래미 - 루어/ 릴찌/ 장대/ 원투▶농어 - 루어/ 릴찌▶도다리 - 원투▶학공치 - 릴찌/ 장대,34-23-59.9N,,전라남도 완도군
356,POINT (751972.751510308 1981400.70841705),대청도·소청도, 대청도 서풍받이 끝,3.7m~7m,바위,사리 전후 ,▶넙치 - 루어/ 원투 ▶노래미 - 루어/ 릴찌/ 장대/ 원투▶농어 - 루어/ 릴찌 ▶삼치 - 루어/ 릴찌▶쏨뱅이 - 루어/ 릴찌 ▶우럭 - 루어/ 릴찌,37-47-55.2N,,인천광역시 옹진군
357,POINT (895123.1710224941 1951796.14387051),장봉도, 채석장 부근,1.3m~3.7m,모래,조금 전·후/ 3물~5물,▶넙치 - 루어/ 원투 ▶노래미 - 루어/ 릴찌/ 장대/ 원투 ▶망둑어 - 원투 ▶숭어 - 릴찌/ 장대/ 훌치기 ▶붕장어 - 원투 ▶우럭 - 릴찌/ 원투,37-33-34.4N,,인천광역시 옹진군
358,POINT (876119.3814729931 1919329.88476371),덕적도·소야도, 덕적도 능동자갈마당 갯바위,2m~3m,모래,모래,▶넙치 - 루어/ 원투 ▶노래미 - 루어/ 릴찌/ 장대/ 원투▶농어 - 루어/ 릴찌 ▶붕장어 - 원투▶우럭 - 루어/ 릴찌,37-15-52.7N,,인천광역시 옹진군
362,POINT (866193.089790393 1911766.42313207),백아도·굴업도,굴업도 해수욕장 동쪽 갯바위,2.5m~3m,모래/ 펄,들물,▶넙치 - 루어/ 원투 ▶노래미 - 루어/ 릴찌/ 장대/ 원투▶농어 - 루어/ 릴찌 ▶붕장어 - 원투▶우럭 - 릴찌/ 원투,37-11-42.4N,,인천광역시 옹진군
363,POINT (890346.231592869 1551828.69195592),추자도,하추자도 오지박 입구,0~2.0,펄/ 모래,들물/썰물,▶감성돔 - 릴찌/ 장대/ 원투▶돌돔 - 민장대/ 릴찌/ 원투▶자리돔 - 장대/ 카드▶농어 - 루어/ 릴찌▶볼락 - 루어/ 릴찌/ 장대▶참돔 - 부력/ 잠수,33-57-12.9N,,제주특별자치도 제주시
364,POINT (889884.056471457 1908463.84654154),이작도·승봉도, 대이작도 작은풀안해수욕장 정자 부근,1.2m~1.9m,가는 모래,조금 전·후,▶넙치 - 루어/ 원투 ▶우럭 - 릴찌/ 원투,37-10-06.4N,,인천광역시 옹진군
365,POINT (897583.0598159641 1761714.23401203),말도·방축도,방축도 독립문바위,2.3m~3m,가는 모래,중들물~만조시,▶감성돔 - 릴찌/ 장대/ 원투 ▶넙치 - 루어/ 원투▶농어 - 루어/ 릴찌 ▶우럭 - 릴찌/ 원투▶부시리 - 부력/ 잠수/ 지깅 ▶참돔 - 부력/ 잠수,35-50-47.8N,,전라북도 군산시
366,POINT (979316.634616376 1562224.76909088),여서도·거문도,거문도 취곶 부근 갯바위,3.7m~5.1m,침니/ 모래,들물/ 날물 전·후,▶감성돔 - 릴찌/ 장대/ 원투 ▶돌돔 - 릴찌/ 장대/ 원투▶농어 - 루어/ 릴찌 ▶벵에돔 - 목줄/ 장대/ 부력/ 잠수▶볼락 - 루어/ 릴찌/ 장대 ▶참돔 - 부력/ 잠수,34-03-10.3N,,전라남도 여수시
367,POINT (868234.1232710769 1660889.86990482),자은도,상장고지단 갯바위,1.8~1.9,펄,초들물~중날,▶감성돔 - 릴찌/ 장대/ 원투 ▶숭어 - 릴찌/ 장대/ 훌치기 ▶농어 - 루어/ 릴찌,34-56-03.4N,,전라남도 신안군
368,POINT (867497.171600242 1624303.69299032),개도·하의도·신의도,거북바위,2.2~5.8,펄,조금 전후,▶농어 - 루어/ 릴찌▶붕장어 - 원투▶감성돔 - 릴찌/ 장대/ 원투,34-36-15.7N,,전라남도 신안군
369,POINT (895951.840348352 1815766.71639125),원산도·삽시도,삽시도 물망터,1.6m~2.5m,모래/ 조개껍질,조금 전·후,▶감성돔 - 릴찌/ 장대/ 원투 ▶갑오징어 - 에깅 ▶넙치 - 루어/ 원투▶농어 - 루어/ 릴찌 ▶우럭 - 릴찌/ 원투 ▶주꾸미 - 루어,36-20-01.2N,,충청남도 보령시
370,POINT (1050196.55665403 1659126.00152937),진주만 부근,삼천포대교 밑 갯바위,1.2~11.1m,암,13물-4물/ 초들물,▶ 감성돔 - 릴찌/ 장대/ 원투▶ 노래미 - 루어/ 릴찌/ 장대/ 원투▶ 볼락 - 릴찌/ 장대/ 루어▶ 농어 - 루어/ 릴찌▶ 도다리 - 원투▶ 갑오징어 - 에깅,34-55-32.509N,,경상남도 사천시
371,POINT (1063083.59748848 1618890.4793814),갈도 부근,똥여,3.4~13.8m,암,2물~8물/ 사리 전후,▶ 감성돔 - 릴찌/ 장대/ 원투▶ 돌돔 - 릴찌/ 장대/ 원투▶ 볼락 - 릴찌/ 장대/ 루어 ▶ 무늬오징어 - 릴찌/ 에깅,34-33-43.799N,,경상남도 통영시
372,POINT (896723.6663522 1918865.98640967),자월도, 떡바위,1.3m~2m,모래,들물/ 날물,▶넙치 - 루어/ 원투 ▶우럭 - 릴찌/ 원투,37-15-46.7N,,인천광역시 옹진군
373,POINT (884124.237477434 1912936.63350449),덕적도·소야도,소야도 대금두(진대끝) 부근,20m~25m,모래/ 펄,모래/ 펄,▶노래미 - 루어/ 릴찌/ 장대/ 원투 ▶농어 - 루어/ 릴찌▶붕장어 - 원투 ▶숭어 - 릴찌/ 장대/ 훌치기 ▶우럭 - 루어/ 릴찌,37-12-29.0N,,인천광역시 옹진군
374,POINT (861481.133804571 1899203.66195398),백아도·굴업도, 백아도 서쪽 곶부리,7.6m~8m,바위,사리 전·후,▶넙치 - 루어/ 원투 ▶노래미 - 루어/ 릴찌/ 장대/ 원투▶농어 - 루어/ 릴찌 ▶붕장어 - 원투▶우럭 - 릴찌/ 원투,37-04-52.4N,,인천광역시 옹진군
375,POINT (920303.731468503 1577416.54686372),노화도·보길도·소안도,소안도 산호도 부근 갯바위,11.6m~12.2m,펄,사리 전·후,▶감성돔 - 릴찌/ 장대/ 원투 ▶농어 - 루어/ 릴찌▶노래미 - 장대/ 루어/ 릴찌/ 원투 ▶우럭 - 릴찌/ 원투▶볼락 - 루어/ 릴찌/ 장대 ▶학공치 - 릴찌/ 장대,34-11-13.3N,,전라남도 완도군
376,POINT (967244.385857359 1603252.29709899),거금도, 공고지 갯바위,3.5m~6.4m,펄,초들물,▶감성돔 - 릴찌/ 장대/ 원투 ▶농어 - 루어/ 릴찌▶도다리 - 원투 ▶노래미 - 루어/ 릴찌/ 장대/ 원투▶볼락 - 루어/ 릴찌/ 장대 ▶우럭 - 릴찌/ 원투,34-25-21.2N,,전라남도 고흥군
377,POINT (979690.119430184 1563040.157281),여서도·거문도, 거문도 코바위,14m ~ 16m,모래/ 자갈,들물/ 날물 전·후,▶감성돔 - 릴찌/ 장대/ 원투 ▶돌돔 - 릴찌/ 장대/ 원투▶벵에돔 - 목줄/ 장대/ 부력/ 잠수 ▶참돔 - 부력/ 잠수▶볼락 - 루어/ 릴찌/ 장대 ▶전갱이 - 루어/ 릴찌/ 장대,34-03-36.8N,,전라남도 여수시
607,POINT (875441.0980454009 1738475.91317564),왕등도·위도, 하왕등도 오지바위,3.6m~6m,펄/ 모래/ 조개껍질,조금 전·후,▶감성돔 - 릴찌/ 장대/ 원투 ▶넙치 - 루어/ 원투▶돌돔 - 릴찌/ 장대/ 원투 ▶붕장어 - 원투▶우럭 - 릴찌/ 원투 ▶참돔 - 부력/ 잠수,35-38-04.5N,,전라북도 부안군
378,POINT (1000589.2766222 1608585.01107084),나로도,외나로도 창포골 갯바위,8m~10m,펄,간조~초들물,▶감성돔 - 릴찌/ 장대/ 원투 ▶농어 - 루어/ 릴찌▶볼락 - 루어/ 릴찌/ 장대▶숭어 - 릴찌/ 장대/ 훌치기,34-28-16.2N,,전라남도 고흥군
379,POINT (874662.503049869 1480808.41825574),제주도 서부·차귀도·비양도,차귀도 등측 갯바위,0.5~5.0,모래/ 조개껍질,들물/썰물,▶감성돔 - 릴찌/ 장대/ 원투▶벤자리 - 릴찌/ 민장대▶삼치 - 루어/ 릴찌▶방어 - 부력/ 잠수/ 지깅▶벵에돔 - 목줄/ 장대/ 부력/ 잠수▶한치 - 루어/ 원투,33-18-41.2N,,제주특별자치도 제주시
417,POINT (1067811.55417015 1644772.76137145),사량도,하사량도 레이더기지 부근 갯바위,4.8m~6.3m,펄,9물~13물,▶감성돔 - 릴찌/ 장대/ 원투 ▶농어 - 루어/ 릴찌▶벵에돔 - 목줄/ 장대/ 부력/ 잠수 ▶우럭 - 릴찌/ 원투▶볼락 - 루어/ 릴찌/ 장대 ▶참돔 - 부력/ 잠수,34-47-42.9N,,경상남도 통영시
380,POINT (928612.374112313 1508233.96432098),제주도 북부,김녕 목지코지 갯바위,3.6~6.5,펄/ 모래,들물/썰물,▶참돔 - 릴찌/ 장대/ 원투/ 부력/ 잠수▶돌돔 - 민장대/ 릴찌/ 원투▶한치 - 루어/ 원투▶벵에돔 - 목줄/ 장대/ 부력/ 잠수▶노래미 - 루어/ 릴찌/ 장대/ 원투,33-33-49.4N,,제주특별자치도 제주시
381,POINT (939786.1761497151 1504748.05673662),제주도 북동부·우도,동등 갯바위,1.5~10.0,암,들물/날물,▶참돔 - 부력/ 잠수 ▶돌돔 - 민장대/ 릴찌/ 원투 ▶볼락 - 루어/ 릴찌/ 장대▶벵에돔 - 목줄/ 장대/ 부력/ 잠수 ▶무늬오징어 - 에깅 ▶독가시치 - 목줄/ 장대/ 부력/ 잠수,33-31-58.7N,,제주특별자치도 제주시
382,POINT (949947.1149354749 1499986.97228076),제주도 북동부·우도,우두곶 우측 갯바위,2.3~2.4,암,들물/날물,▶참돔 - 부력/ 잠수 ▶돌돔 - 민장대/ 릴찌/ 원투 ▶볼락 - 루어/ 릴찌/ 장대▶벵에돔 - 목줄/ 장대/ 부력/ 잠수 ▶무늬오징어 - 에깅 ▶독가시치 - 목줄/ 장대/ 부력/ 잠수,33-29-26.0N,,제주특별자치도 제주시
383,POINT (947449.559153951 1492947.45576916),제주도 동부,방두곶 흰등대앞 갯바위,1.7~5.0,암,들물/날물,▶참돔 - 부력/ 잠수 ▶돌돔 - 민장대/ 릴찌/ 원투 ▶볼락 - 루어/ 릴찌/ 장대▶벵에돔 - 목줄/ 장대/ 부력/ 잠수 ▶무늬오징어 - 에깅 ▶독가시치 - 목줄/ 장대/ 부력/ 잠수,33-25-37.0N,,제주특별자치도 서귀포시
384,POINT (928404.220591576 1476583.02094839),제주도 남동부,태흥리 갯바위,1.9~3.8,암,들물/날물,▶참돔 - 부력/ 잠수 ▶돌돔 - 민장대/ 릴찌/ 원투 ▶다금바리 - 원투▶벵에돔 - 목줄/ 장대/ 부력/ 잠수 ▶부시리 - 부력/ 잠수/ 지깅,33-16-41.7N,,제주특별자치도 서귀포시
385,POINT (887765.674733359 1469879.5342902),제주도 남서부·가파도·마라도,송악산 낚시터,0.4~2.2,모래,들물/썰물,▶벵에돔 - 목줄/ 장대/ 잠수▶농어 - 루어/ 릴찌▶자리돔 - 민장대/ 릴찌▶볼락 - 루어/ 릴찌/ 장대▶한치 - 루어/ 원투▶참돔 - 부력/ 잠수▶부시리 - 부력/ 잠수/ 지깅,33-12-51.6N,,제주특별자치도 서귀포시
386,POINT (788110.47225239 1633351.30828967),홍도,상금리굴 인근,4.1~5.9m,암,사리 전후/ 초들물/ 만조 전후,▶ 참돔 - 부력/ 잠수▶ 돌돔 - 릴찌/ 장대/ 원투▶ 감성돔 - 릴찌/ 장대/ 원투▶ 우럭 - 릴찌/ 원투▶ 농어 - 루어/ 릴찌,34-40-21.237N,,전라남도 신안군
387,POINT (988717.2128130919 1637946.67895537),순천만 부근,신작 부근,0.1~0.9m,펄,초들물,▶ 붕장어 - 원투▶ 망둑어 - 원투▶ 짱뚱어 - 훌치기▶ 숭어 - 릴찌/ 장대/ 훌치기,34-44-09.200N,,전라남도 고흥군
388,POINT (1005422.3562155 1639307.05170473),순천만 부근,대운두도 부근,0.7~6.1m,펄,초들물,▶ 붕장어 - 원투▶ 망둑어 - 원투▶ 짱뚱어 - 훌치기▶ 숭어 - 릴찌/ 장대/ 훌치기,34-44-53.536N,,전라남도 여수시
389,POINT (1026770.6731709 1632439.64922628),여수엑스포 부근,혈서 상단,4.5~4.9m,펄,조금,▶ 벵에돔 - 목줄/ 장대/ 부력/ 잠수▶ 참돔 - 부력/ 잠수▶ 돌돔 - 릴찌/ 장대/ 원투▶ 감성돔 - 릴찌/ 장대/ 원투▶ 농어 - 루어/ 릴찌,34-41-09.381N,,전라남도 여수시
390,POINT (1023543.89045736 1644374.16022389),여수엑스포 부근,오천동해수욕장,8.4~9.9m,암,조금,▶ 벵에돔 - 목줄/ 장대/ 부력/ 잠수▶ 참돔 - 부력/ 잠수▶ 돌돔 - 릴찌/ 장대/ 원투▶ 감성돔 - 릴찌/ 장대/ 원투▶ 농어 - 루어/ 릴찌,34-47-37.107N,,전라남도 여수시
391,POINT (961540.754694507 1577422.63728329),황제도,땅콩여 동측,6.6~16m,모래/ 조개껍질,사리를 피한 물때/ 1~3물/ 9~13물,▶ 감성돔 - 릴찌/ 장대/ 원투▶ 참돔 - 부력/ 잠수▶ 돌돔 - 릴찌/ 장대/ 원투▶ 농어 - 루어/ 릴찌▶ 광어 - 릴찌/ 원투▶ 볼락 - 릴찌/ 장대/ 루어,34-11-21.916N,,전라남도 완도군
392,POINT (968082.008325806 1579156.47407768),황제도,장도 서측,5.2~10m,암,3~5물,▶ 감성돔 - 릴찌/ 장대/ 원투▶ 참돔 - 부력/ 잠수▶ 돌돔 - 릴찌/ 장대/ 원투▶ 농어 - 루어/ 릴찌▶ 광어 - 릴찌/ 원투▶ 볼락 - 릴찌/ 장대/ 루어,34-12-19.003N,,전라남도 완도군
393,POINT (970263.482729626 1579435.23719774),황제도,장도 동측,23~41m,펄,5~10물,▶ 감성돔 - 릴찌/ 장대/ 원투▶ 참돔 - 부력/ 잠수▶ 돌돔 - 릴찌/ 장대/ 원투▶ 농어 - 루어/ 릴찌▶ 광어 - 릴찌/ 원투▶ 볼락 - 릴찌/ 장대/ 루어,34-12-28.286N,,전라남도 완도군
394,POINT (987424.05588278 1588878.80871354),손죽열도 부근,반초섬 맞은편,2.5~2.8m,펄,사리 전후/ 10~5물,▶ 감성돔 - 릴찌/ 장대/ 원투▶ 참돔 - 부력/ 잠수▶ 돌돔 - 릴찌/ 장대/ 원투▶ 우럭 - 릴찌/ 원투▶ 노래미 - 루어/ 릴찌/ 장대/ 원투▶ 농어 - 루어/ 릴찌▶ 숭어 - 릴찌/ 장대/ 훌치기▶ 삼치 - 루어/ 릴찌▶ 문어 - 루어,34-17-36.143N,,전라남도 여수시
395,POINT (986304.3325619041 1589117.02397933),손죽열도 부근,손죽 등대 밑,8.6~26m,펄,사리 전후/ 10~5물,▶ 감성돔 - 릴찌/ 장대/ 원투▶ 참돔 - 부력/ 잠수▶ 돌돔 - 릴찌/ 장대/ 원투▶ 우럭 - 릴찌/ 원투▶ 노래미 - 루어/ 릴찌/ 장대/ 원투▶ 농어 - 루어/ 릴찌▶ 숭어 - 릴찌/ 장대/ 훌치기▶ 삼치 - 루어/ 릴찌▶ 문어 - 루어,34-17-43.826N,,전라남도 여수시
396,POINT (988994.139887577 1589127.95082612),손죽열도 부근,잔거리 홈통,9.6~15.3m,펄,사리 전후/ 10~5물,▶ 감성돔 - 릴찌/ 장대/ 원투▶ 참돔 - 부력/ 잠수▶ 돌돔 - 릴찌/ 장대/ 원투▶ 우럭 - 릴찌/ 원투▶ 노래미 - 루어/ 릴찌/ 장대/ 원투▶ 농어 - 루어/ 릴찌▶ 숭어 - 릴찌/ 장대/ 훌치기▶ 삼치 - 루어/ 릴찌▶ 문어 - 루어,34-17-44.296N,,전라남도 여수시
397,POINT (989660.43302407 1588220.13277838),손죽열도 부근,소거문 서측 인근,4.7~7.6m,펄,사리 전후/ 10~5물,▶ 감성돔 - 릴찌/ 장대/ 원투▶ 참돔 - 부력/ 잠수▶ 돌돔 - 릴찌/ 장대/ 원투▶ 우럭 - 릴찌/ 원투▶ 노래미 - 루어/ 릴찌/ 장대/ 원투▶ 농어 - 루어/ 릴찌▶ 숭어 - 릴찌/ 장대/ 훌치기▶ 삼치 - 루어/ 릴찌▶ 문어 - 루어,34-17-14.847N,,전라남도 여수시
398,POINT (989928.748812914 1587197.03349598),손죽열도 부근,소거문 서코지,10.4~20m,펄,사리 전후/ 10~5물,▶ 감성돔 - 릴찌/ 장대/ 원투▶ 참돔 - 부력/ 잠수▶ 돌돔 - 릴찌/ 장대/ 원투▶ 우럭 - 릴찌/ 원투▶ 노래미 - 루어/ 릴찌/ 장대/ 원투▶ 농어 - 루어/ 릴찌▶ 숭어 - 릴찌/ 장대/ 훌치기▶ 삼치 - 루어/ 릴찌▶ 문어 - 루어,34-16-41.640N,,전라남도 여수시
399,POINT (995446.00483675 1584808.03400188),간수제도,소평도 남측,18.3~20m,암,사리 전후/ 초들물,▶ 감성돔 - 릴찌/ 장대/ 원투▶ 참돔 - 부력/ 잠수▶ 돌돔 - 릴찌/ 장대/ 원투▶ 우럭 - 릴찌/ 원투▶ 노래미 - 루어/ 릴찌/ 장대/ 원투▶ 농어 - 루어/ 릴찌▶ 숭어 - 릴찌/ 장대/ 훌치기▶ 삼치 - 루어/ 릴찌▶ 문어 - 루어,34-15-24.217N,,전라남도 여수시
400,POINT (995874.103296426 1583710.03697108),간수제도,평도 우측 넓은 자리,12.3~16.5m,암,사리 전후/ 초들물,▶ 감성돔 - 릴찌/ 장대/ 원투▶ 참돔 - 부력/ 잠수▶ 돌돔 - 릴찌/ 장대/ 원투▶ 우럭 - 릴찌/ 원투▶ 노래미 - 루어/ 릴찌/ 장대/ 원투▶ 농어 - 루어/ 릴찌▶ 숭어 - 릴찌/ 장대/ 훌치기▶ 삼치 - 루어/ 릴찌▶ 문어 - 루어,34-14-48.575N,,전라남도 여수시
401,POINT (1002606.07912905 1585671.28266722),간수제도,광도 서측 홈통,18.2~18.5m,암,사리 전후/ 초들물,▶ 감성돔 - 릴찌/ 장대/ 원투▶ 참돔 - 부력/ 잠수▶ 돌돔 - 릴찌/ 장대/ 원투▶ 우럭 - 릴찌/ 원투▶ 노래미 - 루어/ 릴찌/ 장대/ 원투▶ 농어 - 루어/ 릴찌▶ 숭어 - 릴찌/ 장대/ 훌치기▶ 삼치 - 루어/ 릴찌▶ 문어 - 루어,34-15-52.268N,,전라남도 여수시
402,POINT (1002807.91927435 1585250.38669759),간수제도,광도 남측,18.2~18.5m,암,사리 전후/ 초들물,▶ 감성돔 - 릴찌/ 장대/ 원투▶ 참돔 - 부력/ 잠수▶ 돌돔 - 릴찌/ 장대/ 원투▶ 우럭 - 릴찌/ 원투▶ 노래미 - 루어/ 릴찌/ 장대/ 원투▶ 농어 - 루어/ 릴찌▶ 숭어 - 릴찌/ 장대/ 훌치기▶ 삼치 - 루어/ 릴찌▶ 문어 - 루어,34-15-38.601N,,전라남도 여수시
403,POINT (990498.99143967 1562514.55623214),대삼부도,구멍섬 갯바위,0.6~0.7m,암,10물~13물,▶ 벵에돔 - 목줄/ 장대/ 부력/ 잠수▶ 참돔 - 부력/ 잠수▶ 돌돔 - 릴찌/ 장대/ 원투▶ 감성돔 - 릴찌/ 장대/ 원투▶ 농어 - 루어/ 릴찌,34-03-20.289N,,전라남도 여수시
404,POINT (876449.534727016 1701344.45795919),송이도,큰매리 갯바위,2.0~5.0,암,들물/날물,▶감성돔 - 릴찌/ 장대/ 원투▶민어 - 루어/ 지깅/ 원투▶숭어 - 릴찌/ 장대/ 홀치기▶농어 - 루어/ 릴찌▶붕장어 - 원투▶우럭 - 릴찌/ 원투,35-18-00.0N,,전라남도 영광군
405,POINT (876501.703696792 1698881.65266667),송이도,이미 앞바다,-0.4~-0.2,펄,5물~9물,▶볼락 - 릴찌/ 장대/ 루어▶고등어 - 루어/ 릴찌/ 장대▶벵에돔 - 목줄/ 장대/ 잠수▶볼락 - 릴찌/ 장대/ 루어▶고등어 - 루어/ 릴찌/ 장대▶벵에돔 - 목줄/ 장대/ 부력,35-16-40.1N,,전라남도 영광군
406,POINT (870220.985675951 1674065.22372106),임자도·사옥도,옥섬,0.1~0.9,모래,초들물~중날물,▶감성돔 - 릴찌/ 장대/ 원투▶노래미 - 루어/ 릴찌/ 장대/ 원투▶민어 - 루어/ 릴찌▶붕장어 - 원투▶우럭 - 릴찌/ 원투▶광어 - 릴찌/ 원투▶농어 - 루어/ 릴찌▶백조기 - 릴찌/ 원투▶숭어 - 릴찌/ 장대/ 훌치기,35-03-11.9N,,전라남도 신안군
407,POINT (874678.4396622421 1672252.50322155),임자도·사옥도,외교도 등대포인트,0.6~2.0,암,초들물~중날물,▶감성돔 - 릴찌/ 장대/ 원투▶노래미 - 루어/ 릴찌/ 장대/ 원투▶민어 - 루어/ 릴찌▶붕장어 - 원투▶우럭 - 릴찌/ 원투▶광어 - 릴찌/ 원투▶농어 - 루어/ 릴찌▶백조기 - 릴찌/ 원투▶숭어 - 릴찌/ 장대/ 훌치기,35-02-15.1N,,전라남도 신안군
408,POINT (878553.4174685531 1670924.31231139),임자도·사옥도,증도대교 북단,2.8~5.0,암,초들물~중날물,▶감성돔 - 릴찌/ 장대/ 원투▶노래미 - 루어/ 릴찌/ 장대/ 원투▶민어 - 루어/ 릴찌▶붕장어 - 원투▶우럭 - 릴찌/ 원투▶광어 - 릴찌/ 원투▶농어 - 루어/ 릴찌▶백조기 - 릴찌/ 원투▶숭어 - 릴찌/ 장대/ 훌치기,35-01-33.7N,,전라남도 신안군
409,POINT (888205.916815803 1659816.4041841),고이도·매화도·선도·증도,소정섬 포인트,0.4~1.9,자갈,초들물~중날물,▶감성돔 - 릴찌/ 장대/ 원투 ▶노래미 - 루어/ 릴찌/ 장대/ 원투 ▶광어 - 릴찌/ 원투 ▶숭어 - 릴찌/ 장대/ 훌치기▶우럭 - 릴찌/ 원투 ▶붕장어 - 원투 ▶도다리 - 원투 ▶농어 - 루어/ 릴찌,34-55-37.2N,,전라남도 신안군
410,POINT (885654.51581357 1668635.47185304),고이도·매화도·선도·증도,부사도 갯바위,2.0~6.2,펄,초들물~중날물,▶감성돔 - 릴찌/ 장대/ 원투 ▶노래미 - 루어/ 릴찌/ 장대/ 원투 ▶광어 - 릴찌/ 원투 ▶숭어 - 릴찌/ 장대/ 훌치기▶우럭 - 릴찌/ 원투 ▶붕장어 - 원투 ▶도다리 - 원투 ▶농어 - 루어/ 릴찌,35-00-22.4N,,전라남도 신안군
411,POINT (874179.104977752 1667843.81166241),고이도·매화도·선도·증도,오산항,0~1.2,펄,초들물~중날물,▶감성돔 - 릴찌/ 장대/ 원투 ▶노래미 - 루어/ 릴찌/ 장대/ 원투 ▶광어 - 릴찌/ 원투 ▶숭어 - 릴찌/ 장대/ 훌치기▶우럭 - 릴찌/ 원투 ▶붕장어 - 원투 ▶도다리 - 원투 ▶농어 - 루어/ 릴찌,34-59-51.8N,,전라남도 신안군
412,POINT (894931.261715102 1656575.47464754),압해도,복용리해안 철탑 밑,1.7~2.1,펄,초들물~중날물,▶감성돔 - 릴찌/ 장대/ 원투 ▶노래미 - 루어/ 릴찌/ 장대/ 원투▶농어 - 루어/ 릴찌 ▶볼락 - 릴찌/ 장대/ 루어▶붕장어 - 원투 ▶우럭 - 릴찌/ 원투,34-53-54.6N,,전라남도 신안군
413,POINT (844997.6626872721 1626650.28711718),우이도,성촌,5.0~7.6,암,3물~5물,▶감성돔 - 릴찌/ 장대/ 원투 ▶노래미 - 루어/ 릴찌/ 장대/ 원투▶우럭 - 릴찌/ 원투,34-37-20.5N,,전라남도 신안군
414,POINT (849811.7477199819 1624734.21810702),우이도,딴목섬 갯바위,9.5~10.0,펄,조금 전후,▶감성돔 - 릴찌/ 장대/ 원투 ▶노래미 - 루어/ 릴찌/ 장대/ 원투▶농어 - 루어/ 릴찌 ▶우럭 - 릴찌/ 원투▶붕장어 - 원투,34-36-20.9N,,전라남도 신안군
418,POINT (1079067.50827777 1645019.8812407),미륵도,수암말(에름바우) 부근,1.2m~1.5m,펄,조금 전·후,▶고등어 - 루어/ 릴찌/ 장대 ▶감성돔 - 릴찌/ 장대/ 원투▶농어 - 루어/ 릴찌 ▶벵에돔 - 목줄/ 장대/ 부력/ 잠수▶볼락 - 루어/ 릴찌/ 장대 ▶참돔 - 부력/ 잠수,34-47-48.0N,,경상남도 통영시
419,POINT (1088591.96572131 1635309.98650095),비진도·매물도, 비진도 상투바위,8m~10m,펄/ 조개껍질,조금 전·후,▶감성돔 - 릴찌/ 장대/ 원투 ▶농어 - 루어/ 릴찌▶무늬오징어 - 릴찌/ 에깅 ▶볼락 - 루어/ 릴찌/ 장대▶벵에돔 - 목줄/ 장대/ 부력/ 잠수 ▶참돔 - 부력/ 잠수,34-42-30.0N,,경상남도 통영시
420,POINT (1102222.21997216 1635207.73530543),거제도 남부, 오포 흑산태,5.2m~6m,조개껍질,조금 전·후,▶ 감성돔 - 릴찌/ 장대/ 원투 ▶ 농어 - 루어/ 릴찌 ▶ 벵에돔 - 목줄/ 장대/ 부력/ 잠수 ▶ 우럭 - 릴찌/ 원투 ▶ 볼락 - 루어/ 릴찌/ 장대▶ 참돔 - 부력/ 잠수,34-42-22.1N,,경상남도 거제시
421,POINT (1104697.31898214 1640842.81631018),거제도 남부,오지막 해안 끝바리,6.8m~7.3m,펄,조금 전·후,▶감성돔 - 릴찌/ 장대/ 원투 ▶농어 - 루어/ 릴찌▶벵에돔 - 목줄/ 장대/ 부력/ 잠수 ▶우럭 - 릴찌/ 원투▶볼락 - 루어/ 릴찌/ 장대 ▶학공치 - 릴찌/ 장대,34-45-24.1N,,경상남도 거제시
422,POINT (1109039.54076782 1646057.04018432),거제도 남부,구조라해수욕장 호안로 갯바위,1.6m~2m,펄,조금 전·후,▶감성돔 - 릴찌/ 장대/ 원투 ▶고등어 - 루어/ 릴찌/ 장대 ▶농어 - 루어/ 릴찌▶벵에돔 - 목줄/ 장대/ 부력/ 잠수 ▶학공치 - 릴찌/ 장대 ▶볼락 - 루어/ 릴찌/ 장대 ▶참돔 - 부력/ 잠수,34-48-11.7N,,경상남도 거제시
423,POINT (843414.139559924 1958555.17504846),연평도,시노도 갯바위,0~6.3,모래,12물~4물,▶광어 - 릴찌/ 원투▶우럭 - 릴찌/ 원투▶숭어 - 릴찌/ 장대/ 홀치기▶간재미 - 원투▶농어 - 루어/ 릴찌▶노래미 - 루어/ 릴찌/ 장대/ 원투,37-36-47.2N,,인천광역시 옹진군
424,POINT (839678.032826861 1961568.17336038),연평도,구지도 북측 갯바위,1.2~5.0,암,12물~4물,▶광어 - 릴찌/ 원투▶우럭 - 릴찌/ 원투▶숭어 - 릴찌/ 장대/ 홀치기▶간재미 - 원투▶농어 - 루어/ 릴찌▶노래미 - 루어/ 릴찌/ 장대/ 원투,37-38-22.6N,,인천광역시 옹진군
425,POINT (903507.967143756 1948007.97443361),시도,조각공원 동측 갯바위,-1.7~-1.5,펄,초들물~중날물,▶광어 - 릴찌/ 원투▶삼치 - 루어/ 릴찌▶주꾸미 - 릴찌/ 원투/ 장대▶노래미 - 루어/ 릴찌/ 장대/ 원투▶ 붕장어 - 원투,37-31-34.8N,,인천광역시 옹진군
426,POINT (909232.174955682 1948865.07629997),시도,신도 동측 끝단 갯바위,-4.7~-1.3,펄/ 모래,초들물~중날물,▶숭어 - 릴찌/ 장대/ 홀치기                                 ▶우럭 - 릴찌/ 원투                                         ▶노래미 - 루어/ 릴찌/ 장대/ 원투                          ▶삼치 - 루어/ 릴찌                                          ▶주꾸미 - 릴찌/ 원투/ 장대                             ▶붕장어 - 원투 ,37-32-04.7N,,인천광역시 옹진군
427,POINT (908678.318223709 1946263.55833897),시도,신도 남측 끝단 갯바위,-3.2~-2.8,펄,초들물~중날물,▶숭어 - 릴찌/ 장대/ 홀치기                                 ▶우럭 - 릴찌/ 원투                                         ▶노래미 - 루어/ 릴찌/ 장대/ 원투                          ▶삼치 - 루어/ 릴찌                                          ▶주꾸미 - 릴찌/ 원투/ 장대                             ▶붕장어 - 원투 ,37-30-40.1N,,인천광역시 옹진군
428,POINT (899299.138747953 1940404.44300238),영종도·용유도,왕산 갯바위,-2.4~-1.1,펄,들물,▶감성돔 - 릴찌/ 장대/ 원투▶노래미 - 루어/ 릴찌/ 장대/ 원투▶삼치 - 루어/ 릴찌▶붕장어 - 원투▶주꾸미 - 릴찌/ 원투,37-27-26.5N,,인천광역시 중구
429,POINT (899615.335520287 1938911.86578128),영종도·용유도,을왕리 갯바위,-1.7~0.1,펄,들물,▶광어 - 릴찌/ 원투▶우럭 - 릴찌/ 원투▶노래미 - 루어/ 릴찌/ 장대/ 원투▶삼치 - 루어/ 릴찌▶붕장어 - 원투,37-26-38.2N,,인천광역시 중구
430,POINT (905765.271837197 1936402.01635873),영종도·용유도,영종도 남측수문,-0.5~-0.8,펄,들물/ 날물,▶숭어 - 릴찌/ 장대/ 홀치기▶노래미 - 루어/ 릴찌/ 장대/ 원투▶삼치 - 루어/ 릴찌▶붕장어 - 원투▶주꾸미 - 릴찌/ 원투,37-25-19.1N,,인천광역시 중구
431,POINT (894795.459116464 1835270.13382924),안면도 북부,방포해변 북측 갯바위,1.1~1.4,암,초들물~중날물,▶우럭 - 릴찌/ 원투▶노래미 - 루어/ 릴찌/ 장대/ 원투▶학공치 - 릴찌/ 장대▶광어 - 릴찌/ 원투▶숭어 - 릴찌/ 장대/ 홀치기▶도다리 - 원투,36-30-33.6N,,충청남도 태안군
432,POINT (895477.752652666 1827920.8743584),안면도 남 부,샛별 해수욕장 남측 갯바위,0.4~0.9,암,중들물~중날물,▶우럭 - 릴찌/ 원투▶노래미 - 루어/ 릴찌/ 장대/ 원투▶학공치 - 릴찌/ 장대▶광어 - 릴찌/ 원투▶숭어 - 릴찌/ 장대/ 홀치기▶도다리 - 원투,36-26-35.4N,,충청남도 태안군
433,POINT (904570.58949522 1830142.40411172),안면도 남 부,사도 갯바위,0.6~1.5,암,중들물~중날물,▶우럭 - 릴찌/ 원투▶광어 - 릴찌/ 원투▶숭어 - 릴찌/ 장대/ 홀치기▶농어 - 루어/ 릴찌▶노래미 - 루어/ 릴찌/ 장대/ 원투▶삼치 - 루어/ 릴찌,36-27-50.9N,,충청남도 태안군
434,POINT (873179.121703356 1855456.70018498),가의도,북측 갯바위,2.1~7.0,펄/ 모래,상관없음,▶우럭 - 릴찌/ 원투▶노래미 - 루어/ 릴찌/ 장대/ 원투▶고등어 - 루어/ 릴찌/ 장대▶광어 - 릴찌/ 원투▶주꾸미 - 릴찌/ 원투/ 장대▶학공치 - 릴찌/ 장대,36-41-19.1N,,충청남도 태안군
435,POINT (873988.152465291 1854766.66489172),가의도,코끼리 바위,1.3~2.4,암,상관없음,▶우럭 - 릴찌/ 원투▶노래미 - 루어/ 릴찌/ 장대/ 원투▶고등어 - 루어/ 릴찌/ 장대▶광어 - 릴찌/ 원투▶주꾸미 - 릴찌/ 원투/ 장대▶학공치 - 릴찌/ 장대,36-40-57.1N,,충청남도 태안군
436,POINT (912697.3385594111 1782569.97941763),개야도,죽도 동측 갯바위,1.2~1.5,암,초들물~중날물,▶망농어 - 루어/ 릴찌▶부세 - 릴찌/ 원투▶감성돔 - 릴찌/ 장대/ 원투▶백조기 - 릴찌/ 원투,36-02-09.9N,,전라북도 군산시
437,POINT (913910.75410197 1783547.12213793),개야도,장골 북측 갯바위,-0.3~-0.9,암,초들물~중날물,▶농어 - 루어/ 릴찌▶부세 - 릴찌/ 원투▶감성돔 - 릴찌/ 장대/ 원투▶백조기 - 릴찌/ 원투,36-02-42.0N,,전라북도 군산시
438,POINT (867487.563504326 1709317.57130826),안마도·석만도,우물밑 좌측 갯바위,6.2~6.8,펄,들물/날물,▶간재미 - 릴찌/ 장대/ 원투▶노래미 - 루어/ 릴찌/ 장대/ 원투▶붕장어 - 원투▶우럭 - 릴찌/ 원투▶민어 - 루어/ 지깅/ 원투▶광어 - 릴찌/ 원투,35-22-14.6N,,전라남도 영광군
439,POINT (877397.557703627 1700095.84874925),송이도,양골앞 갯바위,1.5~2.5,암,들물/날물,▶감성돔 - 릴찌/ 장대/ 원투▶민어 - 루어/ 지깅/ 원투▶숭어 - 릴찌/ 장대/ 홀치기▶농어 - 루어/ 릴찌▶붕장어 - 원투▶우럭 - 릴찌/ 원투,35-17-19.9N,,전라남도 영광군
440,POINT (796158.112750401 1606809.92339806),흑산도·삼태도,상태도 마을 앞 갯바위,5.1m~6.8m,바위,초날물~중날물,▶감성돔 - 릴찌/ 장대/ 원투 ▶농어 - 루어/ 릴찌▶돌돔 - 릴찌/ 장대/ 원투 ▶볼락 - 루어/ 릴찌/ 장대▶우럭 - 릴찌/ 원투 ▶열기 - 외줄 ▶참돔 - 부력/ 잠수,34-26-06.1N,,전라남도 신안군
441,POINT (913486.5773848561 1582679.7532553),노화도·보길도·소안도, 노화도 북쪽 목부분 홈통,8m~10,펄,사리 전·후,▶감성돔 - 릴찌/ 장대/ 원투 ▶농어 - 루어/ 릴찌▶숭어 - 릴찌/ 장대/ 훌치기 ▶우럭 - 릴찌/ 원투▶볼락 - 루어/ 릴찌/ 장대 ▶참돔 - 부력/ 잠수,34-14-02.2N,,전라남도 완도군
442,POINT (912999.440222949 1580361.58025669),노화도·보길도·소안도, 노화도 갈미각 부근 갯바위,3.8m~4.5m,펄,사리 전·후,▶감성돔 - 릴찌/ 장대/ 원투 ▶농어 - 루어/ 릴찌▶돌돔 - 릴찌/ 장대/ 원투 ▶볼락 - 루어/ 릴찌/ 장대▶우럭 - 릴찌/ 원투 ▶참돔 - 부력/ 잠수,34-12-46.8N,,전라남도 완도군
443,POINT (908231.751735046 1572237.49714131),노화도·보길도·소안도, 보길도 망월각 갯바위,6.3m~7m,바위,사리 전·후,▶감성돔 - 릴찌/ 장대/ 원투 ▶농어 - 루어/ 릴찌▶돌돔 - 릴찌/ 장대/ 원투 ▶볼락 - 루어/ 릴찌/ 장대▶벵에돔 - 목줄/ 장대/ 부력/ 잠수 ▶우럭 - 릴찌/ 원투,34-08-21.6N,,전라남도 완도군
444,POINT (924826.93499621 1576769.35801669),노화도·보길도·소안도, 소안도 청변각 갯바위(코바위),3.1m~5m,펄/ 모래/ 조개껍질,사리 전·후,▶감성돔 - 릴찌/ 장대/ 원투 ▶돌돔 - 릴찌/ 장대/ 원투▶농어 - 루어/ 릴찌 ▶벵에돔 - 목줄/ 장대/ 부력/ 잠수▶우럭 - 릴찌/ 원투 ▶참돔 - 부력/ 잠수,34-10-53.5N,,전라남도 완도군
445,POINT (924641.3205900181 1573092.91552257),노화도·보길도·소안도,소안도 밖고래여 부근,3.2m~3.8m,펄,사리 전·후,▶감성돔 - 릴찌/ 장대/ 원투 ▶돌돔 - 릴찌/ 장대/ 원투▶농어 - 루어/ 릴찌 ▶벵에돔 - 목줄/ 장대/ 부력/ 잠수▶우럭 - 릴찌/ 원투 ▶ 참돔 - 부력/ 잠수,34-08-54.1N,,전라남도 완도군
446,POINT (812911.9517427641 1581112.09405516),만재도,보건소 하단 부근,13~16m,암,조금 전후,▶ 돌돔 - 릴찌/ 장대/ 원투▶ 참돔 - 부력/ 잠수▶ 감성돔 - 릴찌/ 장대/ 원투▶ 우럭 - 릴찌/ 원투▶ 광어 - 릴찌/ 원투▶ 농어 - 루어/ 릴찌▶ 볼락 - 릴찌/ 장대/ 루어▶ 문어 - 루어,34-12-23.729N,,전라남도 신안군
461,POINT (974721.010031394 1628842.49449004),고흥호 부근,고흥만방조제,0.8~1.6m,펄,들물,▶ 감성돔 - 릴찌/ 장대/ 원투▶ 농어 - 루어/ 릴찌▶ 도다리 - 원투▶ 숭어 - 릴찌/ 장대/ 훌치기▶ 붕장어 - 원투▶ 학공치 - 릴찌/  장대,34-39-12.739N,,전라남도 고흥군
447,POINT (812561.212562686 1581070.27311649),만재도,내마도 하단 부근,10~16m,암,조금 전후,▶ 돌돔 - 릴찌/ 장대/ 원투▶ 참돔 - 부력/ 잠수▶ 감성돔 - 릴찌/ 장대/ 원투▶ 우럭 - 릴찌/ 원투▶ 광어 - 릴찌/ 원투▶ 농어 - 루어/ 릴찌▶ 볼락 - 릴찌/ 장대/ 루어▶ 문어 - 루어,34-12-22.145N,,전라남도 신안군
448,POINT (898229.66861952 1652336.41976307),목포 부근,우도,0.2~0.3m,펄,사리 전후/ 초들물~중날물,▶ 감성돔 - 릴찌/ 장대/ 원투▶ 붕장어 - 원투▶ 우럭 - 릴찌/ 원투▶ 노래미 - 루어/ 릴찌/ 장대/ 원투▶ 농어 - 루어/ 릴찌▶ 볼락 - 릴찌/ 장대/ 루어,34-51-38.222N,,전라남도 무안군
449,POINT (895911.983223239 1634208.75010814),목포 부근,금호바닷가펜션 부근,0.9~1.5m,펄,사리 전후/ 초들물~중날물,▶ 감성돔 - 릴찌/ 장대/ 원투▶ 붕장어 - 원투▶ 우럭 - 릴찌/ 원투▶ 노래미 - 루어/ 릴찌/ 장대/ 원투▶ 농어 - 루어/ 릴찌▶ 볼락 - 릴찌/ 장대/ 루어,34-41-48.997N,,전라남도 해남군
450,POINT (885731.155638115 1631170.61501968),화원 부근,고도,2.5~3.6m,암,조금 전후/ 초들물~중날물,▶ 감성돔 - 릴찌/ 장대/ 원투▶ 붕장어 - 원투▶ 농어 - 루어/ 릴찌,34-40-06.475N,,전라남도 해남군
451,POINT (889374.475411539 1627029.34237031),화원 부근,월낭산 서측,-0.1~0.6m,펄,조금 전후/ 초들물~중날물,▶ 감성돔 - 릴찌/ 장대/ 원투▶ 붕장어 - 원투▶ 농어 - 루어/ 릴찌,34-37-53.501N,,전라남도 해남군
452,POINT (854335.044041562 1586303.72974163),거차수도 부근,서거차 북쪽 홈통,1.8~4.1m,암,10물~5물,▶ 참돔 - 부력/ 잠수▶ 감성돔 - 릴찌/ 장대/ 원투▶ 돌돔 - 릴찌/ 장대/ 원투▶ 우럭 - 릴찌/ 원투▶ 농어 - 루어/ 릴찌▶ 부시리 - 부력/ 잠수/ 지깅,34-15-36.050N,,전라남도 진도군
453,POINT (854791.1392193671 1584539.7246431),거차수도 부근,상어여 갯바위,0.9~9.2m,암,10물~5물,▶ 참돔 - 부력/ 잠수▶ 감성돔 - 릴찌/ 장대/ 원투▶ 돌돔 - 릴찌/ 장대/ 원투▶ 우럭 - 릴찌/ 원투▶ 농어 - 루어/ 릴찌▶ 부시리 - 부력/ 잠수/ 지깅,34-14-39.030N,,전라남도 진도군
454,POINT (857626.824168 1584556.46433774),거차수도 부근,동거차 망도,2.7~12.8m,암,10물~5물,▶ 참돔 - 부력/ 잠수▶ 감성돔 - 릴찌/ 장대/ 원투▶ 돌돔 - 릴찌/ 장대/ 원투▶ 우럭 - 릴찌/ 원투▶ 농어 - 루어/ 릴찌▶ 부시리 - 부력/ 잠수/ 지깅,34-14-40.985N,,전라남도 진도군
455,POINT (847697.303857786 1581647.70833556),거차수도 부근,맹골 돔바위,1.5~1.9m,암,10물~5물,▶ 참돔 - 부력/ 잠수▶ 감성돔 - 릴찌/ 장대/ 원투▶ 돌돔 - 릴찌/ 장대/ 원투▶ 우럭 - 릴찌/ 원투▶ 농어 - 루어/ 릴찌▶ 부시리 - 부력/ 잠수/ 지깅,34-13-01.521N,,전라남도 진도군
456,POINT (875752.3484660829 1586685.18244881),독거군도 부근,슬도 북단,3.2~4.7m,암,조금~4물,▶ 참돔 - 부력/ 잠수▶ 감성돔 - 릴찌/ 장대/ 원투▶ 돌돔 - 릴찌/ 장대/ 원투▶ 광어-릴찌/ 원투▶ 농어 - 루어/ 릴찌,34-15-58.445N,,전라남도 진도군
457,POINT (877400.171492695 1586771.70239794),독거군도 부근,변도,7.7~26m,암,조금~4물,▶ 참돔 - 부력/ 잠수▶ 감성돔 - 릴찌/ 장대/ 원투▶ 돌돔 - 릴찌/ 장대/ 원투▶ 광어-릴찌/ 원투▶ 농어 - 루어/ 릴찌,34-16-01.958N,,전라남도 진도군
458,POINT (876972.156416107 1582389.02101129),독거군도 부근,초도,0.2~9.5m,암,조금~3물,▶ 참돔 - 부력/ 잠수▶ 감성돔 - 릴찌/ 장대/ 원투▶ 돌돔 - 릴찌/ 장대/ 원투▶ 광어-릴찌/ 원투▶ 농어 - 루어/ 릴찌,34-13-39.523N,,전라남도 진도군
459,POINT (889466.564151579 1551751.48351691),추자군도,추자대교,0.1~0.2m,암,11물~5물/ 정조전후,▶ 감성돔 - 릴찌/ 장대/ 원투▶ 벵에돔 - 목줄/ 장대/ 부력/ 잠수▶ 참돔 - 부력/ 잠수▶ 돌돔 - 민장대/ 릴찌/ 원투▶ 볼락 - 릴찌/ 장대/ 루어▶ 부시리 - 부력/ 잠수/ 지깅,33-57-10.062N,,제주특별자치도 제주시
460,POINT (891705.0453228741 1549778.07892059),추자군도,석죽머리 부근,0.1~1.8m,모래/ 조개껍질,11물~5물/ 정조전후,▶ 감성돔 - 릴찌/ 장대/ 원투▶ 벵에돔 - 목줄/ 장대/ 부력/ 잠수▶ 참돔 - 부력/ 잠수▶ 돌돔 - 민장대/ 릴찌/ 원투▶ 볼락 - 릴찌/ 장대/ 루어▶ 부시리 - 부력/ 잠수/ 지깅,33-56-06.841N,,제주특별자치도 제주시
490,POINT (892934.1915012731 1909151.91401249),이작도·승봉도,승봉도 소각장 부근,1.1m~1.9m,펄,초들물~중들물,▶넙치 - 루어/ 원투 ▶노래미 - 루어/ 릴찌/ 장대/ 원투▶농어 - 루어/ 릴찌 ▶우럭 - 릴찌/ 원투,37-10-30.0N,,인천광역시 옹진군
462,POINT (984291.989291149 1604620.66319766),거금수도 부근,소염도,2.1~3.5m,암,초들물~만조,▶ 감성돔 - 릴찌/ 장대/ 원투▶ 숭어 - 릴찌/ 장대/ 훌치기▶ 우럭 - 릴찌/ 원투▶ 노래미 - 루어/ 릴찌/ 장대/ 원투▶ 농어 - 루어/ 릴찌▶ 볼락 - 릴찌/ 장대/ 루어,34-26-07.065N,,전라남도 고흥군
463,POINT (989690.24846851 1612369.5865169),거금수도 부근,까치목골 앞,1.3~1.5m,펄,초들물~만조,▶ 감성돔 - 릴찌/ 장대/ 원투▶ 숭어 - 릴찌/ 장대/ 훌치기▶ 우럭 - 릴찌/ 원투▶ 노래미 - 루어/ 릴찌/ 장대/ 원투▶ 농어 - 루어/ 릴찌▶ 볼락 - 릴찌/ 장대/ 루어,34-30-18.883N,,전라남도 고흥군
464,POINT (979256.912741013 1598409.98744794),거금수도 부근,대바래섬 북측,1.9~9m,펄/ 모래,초들물~만조,▶ 감성돔 - 릴찌/ 장대/ 원투▶ 숭어 - 릴찌/ 장대/ 훌치기▶ 우럭 - 릴찌/ 원투▶ 노래미 - 루어/ 릴찌/ 장대/ 원투▶ 농어 - 루어/ 릴찌▶ 볼락 - 릴찌/ 장대/ 루어,34-22-45.111N,,전라남도 고흥군
465,POINT (1003718.22395533 1625453.55057742),낭도 부근,둔병도 남측,6.8~17.9m,암,조금 전후/ 5물~8물,▶ 감성돔 - 릴찌/ 장대/ 원투▶ 붕장어 - 원투▶ 농어 - 루어/ 릴찌▶ 숭어 - 릴찌/ 장대/ 훌치기,34-37-23.817N,,전라남도 여수시
466,POINT (1002362.27916275 1623165.70776207),낭도 부근,낭도 철탑 밑,1.6~6.3m,암,조금 전후/ 5물~8물,▶ 감성돔 - 릴찌/ 장대/ 원투▶ 붕장어 - 원투▶ 농어 - 루어/ 릴찌▶ 숭어 - 릴찌/ 장대/ 훌치기,34-36-09.557N,,전라남도 여수시
467,POINT (1006515.52729452 1621833.64590982),낭도 부근,추도 남측,3.8~6m,암,사리 전후/ 초날물,▶ 감성돔 - 릴찌/ 장대/ 원투▶ 붕장어 - 원투▶ 농어 - 루어/ 릴찌▶ 숭어 - 릴찌/ 장대/ 훌치기,34-35-26.247N,,전라남도 여수시
468,POINT (867104.558564868 1582227.1444361),상조도·하조도·관매도,형제도 앞,2.2~3.2,펄,초들물~중날물,▶감성돔 - 릴찌/ 장대/ 원투 ▶돌돔 - 원투/ 민장대/ 릴찌▶참돔 - 부력/ 잠수 ▶도다리 - 원투▶노래미 - 루어/ 릴찌/ 장대/ 원투 ▶우럭 - 릴찌/ 원투,34-13-29.9N,,전라남도 진도군
469,POINT (778061.53216285 1565957.52610081),가거도,간서 갯바위,5.7~13.7,암,초들물~중날물,▶감성돔 - 릴찌/ 장대/ 원투▶노래미 - 루어/ 릴찌/ 장대/ 원투▶농어 - 루어▶학공치 - 릴찌/ 장대▶우럭 - 루어/ 릴찌/ 장대/ 원투▶돌돔 - 릴찌▶부시리 - 루어,34-03-47.5N,,전라남도 신안군
470,POINT (778406.768364649 1569620.90921954),가거도,칼바위,4.0~7.8,암,초들물~중날물,▶감성돔 - 릴찌/ 장대/ 원투 ▶노래미 - 루어/ 릴찌/ 장대/ 원투 ▶참돔 - 릴찌 ▶농어 - 루어▶볼락 - 릴찌/ 장대/ 루어 ▶우럭 - 루어/ 릴찌/ 장대/ 원투 ▶돌돔 - 릴찌 ▶부시리 - 루어,34-05-46.6N,,전라남도 신안군
471,POINT (779645.923742693 1569092.45780025),가거도,장개다랑 갯바위,3.9~4.1,암,초들물~중날물,▶감성돔 - 릴찌/ 장대/ 원투 ▶노래미 - 루어/ 릴찌/ 장대/ 원투 ▶참돔 - 릴찌 ▶농어 - 루어▶볼락 - 릴찌/ 장대/ 루어 ▶우럭 - 루어/ 릴찌/ 장대/ 원투 ▶돌돔 - 릴찌 ▶부시리 - 루어,34-05-30.4N,,전라남도 신안군
472,POINT (782136.939695779 1564459.96196335),가거도,거북바위,2.2~5.0,펄,초들물~중날물,▶감성돔 - 릴찌/ 장대/ 원투 ▶노래미 - 루어/ 릴찌/ 장대/ 원투 ▶참돔 - 릴찌 ▶농어 - 루어▶볼락 - 릴찌/ 장대/ 루어 ▶우럭 - 루어/ 릴찌/ 장대/ 원투 ▶돌돔 - 릴찌 ▶부시리 - 루어,34-03-02.0N,,전라남도 신안군
1004,POINT (1175208.0370275 1721959.09278971),슬도,울산 슬도,0.5m~1.8m,모래/ 바위,,▶감성돔-장대/ 릴찌▶무늬오징어-루어/ 릴찌▶숭어-원투/ 릴찌▶전갱이-루어,35-28-41.0N,129-25-52.4E,울산광역시 동구
473,POINT (781748.139472246 1564179.17760034),가거도,큰납닥여,1.4~5.9,펄,초들물~중날물,▶감성돔 - 릴찌/ 장대/ 원투 ▶노래미 - 루어/ 릴찌/ 장대/ 원투 ▶참돔 - 릴찌 ▶농어 - 루어▶볼락 - 릴찌/ 장대/ 루어 ▶우럭 - 루어/ 릴찌/ 장대/ 원투 ▶돌돔 - 릴찌 ▶부시리 - 루어,34-02-52.6N,,전라남도 신안군
474,POINT (951064.352079944 1590189.02561801),금일도·생일도,금곡 해수욕장 남측 갯바위,4.2~5.0,암,초들물~중날물,▶감성돔 - 릴찌/ 장대/ 원투 ▶숭어 - 릴찌/ 장대/ 훌치기 ▶우럭 - 릴찌/ 원투 ▶노래미 - 루어/ 릴찌/ 장대/ 원투▶농어 - 루어/ 릴찌 ▶학공치 - 릴찌/ 장대 ▶볼락 - 루어/ 릴찌/ 장대 ▶붕장어 - 원투,34-18-14.8N,,전라남도 완도군
475,POINT (977587.486791716 1584275.706534),초도,수리망태,6.7~10.0,암,초들물~중날물,▶참돔 - 부력/ 잠수▶뱅어돔 - 목줄/ 장대/ 부력/ 잠수▶볼락 - 릴찌/ 장대/ 루어▶감성돔 - 릴찌/ 장대/ 원투▶돌돔 - 민장대/ 릴찌/ 원투▶농어 - 루어/ 릴찌,34-15-06.1N,,전라남도 여수시
476,POINT (977963.110981287 1581949.34587989),초도,오밖끝,1.6~4.4,암,초들물~중날물,▶참돔 - 부력/ 잠수▶뱅어돔 - 목줄/ 장대/ 부력/ 잠수▶볼락 - 릴찌/ 장대/ 루어▶감성돔 - 릴찌/ 장대/ 원투▶돌돔 - 민장대/ 릴찌/ 원투▶농어 - 루어/ 릴찌,34-13-50.6N,,전라남도 여수시
477,POINT (975760.434314821 1579971.2017032),초도,넙데기,6.4~8.4,조개껍질,초들물~중날물,▶참돔 - 부력/ 잠수▶뱅어돔 - 목줄/ 장대/ 부력/ 잠수▶볼락 - 릴찌/ 장대/ 루어▶감성돔 - 릴찌/ 장대/ 원투▶돌돔 - 민장대/ 릴찌/ 원투▶농어 - 루어/ 릴찌,34-12-46.2N,,전라남도 여수시
478,POINT (866674.5340865611 1612095.41443799),가사도,채석장 갯바위,2.1~3.3,암,5물~9물,▶감성돔 - 릴찌/ 장대/ 원투▶갑오징어 - 에깅▶우럭 - 릴찌/ 원투▶농어 - 루어/ 릴찌▶볼락 - 릴찌/ 장대/ 루어▶노래미 - 루어/ 릴찌/ 장대/ 원투,34-29-39.1N,,전라남도 진도군
479,POINT (864478.952439349 1595313.20042557),상조도·하조도·관매도,상조도 북측 철탑 아래,1.4~2.5,고운모래,초들물~중날물,▶감성돔 - 릴찌/ 장대/ 원투 ▶참돔 - 부력/ 잠수 ▶노래미 - 루어/ 릴찌/ 장대/ 원투▶돌돔 - 원투/ 민장대/ 릴찌 ▶도다리 - 원투 ▶우럭 - 릴찌/ 원투,34-20-33.4N,,전라남도 진도군
480,POINT (865588.609574051 1592681.29757805),상조도·하조도·관매도,조도대교 남단,1.2~4.1,자갈/ 조개껍질,초들물~중날물,▶감성돔 - 릴찌/ 장대/ 원투 ▶참돔 - 부력/ 잠수 ▶노래미 - 루어/ 릴찌/ 장대/ 원투▶돌돔 - 원투/ 민장대/ 릴찌 ▶도다리 - 원투 ▶우럭 - 릴찌/ 원투,34-19-08.5N,,전라남도 진도군
481,POINT (890588.1882869621 1554238.42682456),추자군도,검둥여,0.4~1.9m,암,11물~5물/ 정조전후,▶ 감성돔 - 릴찌/ 장대/ 원투▶ 벵에돔 - 목줄/ 장대/ 부력/ 잠수▶ 참돔 - 부력/ 잠수▶ 돌돔 - 민장대/ 릴찌/ 원투▶ 볼락 - 릴찌/ 장대/ 루어▶ 부시리 - 부력/ 잠수/ 지깅,33-58-31.214N,,제주특별자치도 제주시
482,POINT (907968.200446489 1596506.53206696),해남반도 부근,대성식품 길 끝,0.4~0.7m,펄,사리 전후,▶ 감성돔 - 릴찌/ 장대/ 원투▶ 고등어 - 장대/ 릴찌/ 루어▶ 볼락 - 릴찌/ 장대/ 루어▶ 노래미 - 루어/ 릴찌/ 장대/ 원투▶ 숭어 - 릴찌/ 장대/ 훌치기▶ 우럭 - 릴찌/ 원투▶ 농어 - 루어/ 릴찌▶ 돌돔 - 릴찌/ 장대/ 원투,34-21-29.334N,,전라남도 해남군
483,POINT (918841.0827197421 1594246.9603435),완도 부근,연초도 갯바위,-0.4~0.3m,펄,들물,▶ 감성돔 - 릴찌/ 장대/ 원투▶ 농어 - 루어/ 릴찌▶ 도다리 - 원투▶ 숭어 - 릴찌/ 장대/ 훌치기▶ 노래미 - 루어/ 릴찌/ 장대▶ 학공치 - 릴찌/ 장대,34-20-19.257N,,전라남도 해남군
484,POINT (927482.734147792 1602973.64765839),완도 부근,고마도 북측 해안,-0.8~-0.7m,펄,들물,▶ 감성돔 - 릴찌/ 장대/ 원투▶ 농어 - 루어/ 릴찌▶ 도다리 - 원투▶ 숭어 - 릴찌/ 장대/ 훌치기▶ 노래미 - 루어/ 릴찌/ 장대▶ 학공치 - 릴찌/ 장대,34-25-04.859N,,전라남도 완도군
485,POINT (930612.0544676711 1600866.7073638),완도 부근,사후도 동측 갯바위,-1.0~0.1m,펄,들물,▶ 감성돔 - 릴찌/ 장대/ 원투▶ 농어 - 루어/ 릴찌▶ 도다리 - 원투▶ 숭어 - 릴찌/ 장대/ 훌치기▶ 노래미 - 루어/ 릴찌/ 장대▶ 학공치 - 릴찌/ 장대,34-23-57.235N,,전라남도 완도군
486,POINT (932038.5528514581 1619758.31045752),강진만 부근,만덕호 갈대밭,0~2m,펄,들물,▶ 감성돔 - 릴찌/ 장대/ 원투▶ 숭어 - 릴찌/ 장대/ 훌치기▶ 도다리 - 원투▶ 망둥어 - 릴찌/ 장대▶ 붕장어 - 원투,34-34-10.851N,,전라남도 강진군
487,POINT (932492.244162518 1619521.73848215),강진만 부근,만덕호 우측,0~2m,펄,들물,▶ 감성돔 - 릴찌/ 장대/ 원투▶ 숭어 - 릴찌/ 장대/ 훌치기▶ 도다리 - 원투▶ 망둥어 - 릴찌/ 장대▶ 붕장어 - 원투,34-34-03.279N,,전라남도 강진군
488,POINT (876782.3285166811 1919008.78533348),덕적도·소야도, 덕적도 소재해변 갯바위,2.2m~5m,펄/ 모래,펄/ 모래,▶넙치 - 루어/ 원투 ▶노래미 - 루어/ 릴찌/ 장대/ 원투▶농어 - 루어/ 릴찌 ▶붕장어 - 원투▶우럭 - 루어/ 릴찌,37-15-42.6N,,인천광역시 옹진군
489,POINT (882789.11049949 1912135.22356324),덕적도·소야도,소야도 남서쪽 갯바위,1.3m~1.5m,모래,모래,▶노래미 - 루어/ 릴찌/ 장대/ 원투 ▶농어 - 루어/ 릴찌▶붕장어 - 원투 ▶숭어 - 릴찌/ 장대/ 훌치기 ▶우럭 - 루어/ 릴찌,37-12-02.4N,,인천광역시 옹진군
491,POINT (876151.8385278651 1910162.01220671),문갑도·선갑도, 문갑도 한월리해수욕장 갯바위,1.4m~1.7m,가는 모래,사리 전·후,▶넙치 - 루어/ 원투 ▶노래미 - 루어/ 릴찌/ 장대/ 원투 ▶농어 - 루어/ 릴찌 ▶우럭 - 릴찌/ 원투,37-10-55.3N,,인천광역시 옹진군
492,POINT (910381.1534915951 1920955.83514958),영흥도·선재도·대부도·구봉도, 영흥도 십리포해수욕장 갯바위,1.2m~2m,펄/ 모래,들물,▶넙치 - 루어/ 원투 ▶농어 - 루어/ 릴찌▶삼치 - 루어/ 릴찌 ▶우럭 - 루어/ 릴찌,37-16-59.6N,,인천광역시 옹진군
493,POINT (921705.6220133 1906785.61077107),제부도, 제부도 매(삼형제)바위 부근,1.1m~1.4m,펄,들물/ 날물,▶넙치 - 루어/ 원투 ▶망둑어 - 원투▶붕장어 - 원투 ▶숭어 - 릴찌/ 장대/ 훌치기 ▶우럭 - 릴찌/ 원투,37-09-23.5N,,경기도 화성시
494,POINT (885991.3382777441 1778152.11196528),십이동파도·비안도, 십이동파도 큰 쌍섬,7.5m~12m,펄/ 모래,12물~3물,▶감성돔 - 릴찌/ 장대/ 원투 ▶갑오징어 - 에깅▶넙치 - 루어/ 원투 ▶노래미 - 루어/ 릴찌/ 장대/ 원투▶농어 - 루어/ 릴찌 ▶우럭 - 릴찌/ 원투 ▶참돔 - 부력/ 잠수,35-59-36.6N,,전라북도 군산시
495,POINT (874612.15736446 1739637.01595804),왕등도·위도, 하왕등도 북쪽 갯바위,3.6m~5m,펄/ 모래/ 조개껍질,조금 전·후,▶감성돔 - 릴찌/ 장대/ 원투 ▶넙치 - 루어/ 원투▶돌돔 - 릴찌/ 장대/ 원투 ▶붕장어 - 원투▶우럭 - 릴찌/ 원투 ▶참돔 - 부력/ 잠수,35-38-41.8N,,전라북도 부안군
496,POINT (852877.850940613 1640437.56010022),비금도·도초도, 비금도 하누넘해수욕장 갯바위,3.3m~4.7m,모래,날물,▶노래미 - 루어/ 릴찌/ 장대/ 원투 ▶농어 - 루어/ 릴찌▶돌돔 - 릴찌/ 장대/ 원투 ▶볼락 - 루어/ 릴찌/ 장대▶붕장어 - 원투 ▶우럭 - 릴찌/ 원투 ▶참돔 - 부력/ 잠수,34-44-52.1N,,전라남도 신안군
497,POINT (854771.765583471 1633597.37147191),비금도·도초도,도초도 문바위 부근,3m~5.3m,모래/ 조개껍질,초들물~중들물,▶감성돔 - 릴찌/ 장대/ 원투 ▶돌돔 - 릴찌/ 장대/ 원투▶볼락 - 루어/ 릴찌/ 장대 ▶참돔 - 부력/ 잠수,34-41-11.1N,,전라남도 신안군
498,POINT (1110954.61511926 1663327.88909015),거제도 북동부, 흥남해수욕장 몽돌밭,1.1m~1.9m,펄,조금 전·후,▶감성돔 - 릴찌/ 장대/ 원투 ▶농어 - 루어/ 릴찌▶우럭 - 릴찌/ 원투 ▶전갱이 - 루어/ 릴찌/ 장대 ▶학공치 - 릴찌/ 장대,34-57-31.5N,,경상남도 거제시
499,POINT (870838.9598491981 1853198.43893939),가의도,남측 해변 동측 갯바위,2.8~4.1,암,상관없음,▶우럭 - 릴찌/ 원투▶노래미 - 루어/ 릴찌/ 장대/ 원투▶고등어 - 루어/ 릴찌/ 장대▶광어 - 릴찌/ 원투▶주꾸미 - 릴찌/ 원투/ 장대▶학공치 - 릴찌/ 장대,36-40-04.7N,,충청남도 태안군
500,POINT (912508.1627021821 1783175.8240028),개야도,죽도 북측 등대 부근 갯바위,0~2.3,모래/ 펄,초들물~중날물,▶농어 - 루어/ 릴찌▶부세 - 릴찌/ 원투▶감성돔 - 릴찌/ 장대/ 원투▶백조기 - 릴찌/ 원투,36-02-29.5N,,전라북도 군산시
501,POINT (946904.465492022 1576458.51587014),청산도·대모도,청산도 동촌리 갯바위,11.5m~13m,모래,4물~사리,▶감성돔 - 릴찌/ 장대/ 원투 ▶넙치 - 루어/ 원투▶농어 - 루어/ 릴찌 ▶도다리 - 원투 ▶우럭 - 릴찌/ 원투▶볼락 - 루어/ 릴찌/ 장대 ▶참돔 - 부력/ 잠수,34-10-48.3N,,전라남도 완도군
502,POINT (999221.409737696 1602042.74995816),나로도,외나로도 노랑바위,12.3m~14m,바위,초들물~만조,▶감성돔 - 릴찌/ 장대/ 원투 ▶농어 - 루어/ 릴찌▶볼락 - 루어/ 릴찌/ 장대 ▶숭어 - 릴찌/ 장대/ 훌치기,34-24-43.8N,,전라남도 고흥군
503,POINT (944739.519743278 1502232.90217717),제주도 북동부·우도,하도해수욕장 우측 갯바위,1.4~2.0,암,들물/날물,▶참돔 - 부력/ 잠수 ▶돌돔 - 민장대/ 릴찌/ 원투 ▶볼락 - 루어/ 릴찌/ 장대▶벵에돔 - 목줄/ 장대/ 부력/ 잠수 ▶무늬오징어 - 에깅 ▶독가시치 - 목줄/ 장대/ 부력/ 잠수,33-30-38.0N,,제주특별자치도 제주시
504,POINT (948794.658938876 1503584.11566846),제주도 북동부·우도,세배코지 갯바위,1.1~2.0,암,들물/날물,▶참돔 - 부력/ 잠수 ▶돌돔 - 민장대/ 릴찌/ 원투 ▶볼락 - 루어/ 릴찌/ 장대▶벵에돔 - 목줄/ 장대/ 부력/ 잠수 ▶무늬오징어 - 에깅 ▶독가시치 - 목줄/ 장대/ 부력/ 잠수,33-31-22.6N,,제주특별자치도 제주시
505,POINT (876233.741737428 1585960.64491285),독거군도 부근,슬도 선창 갯바위,1~4.7m,암,조금~4물,▶ 참돔 - 부력/ 잠수▶ 감성돔 - 릴찌/ 장대/ 원투▶ 돌돔 - 릴찌/ 장대/ 원투▶ 광어-릴찌/ 원투▶ 농어 - 루어/ 릴찌,34-15-35.135N,,전라남도 진도군
506,POINT (892893.869549618 1550986.01593836),추자군도,모정의 쉼터 부근,1.2~3.1m,암,11물~5물/ 정조전후,▶ 감성돔 - 릴찌/ 장대/ 원투▶ 벵에돔 - 목줄/ 장대/ 부력/ 잠수▶ 참돔 - 부력/ 잠수▶ 돌돔 - 민장대/ 릴찌/ 원투▶ 볼락 - 릴찌/ 장대/ 루어▶ 부시리 - 부력/ 잠수/ 지깅,33-56-46.491N,,제주특별자치도 제주시
507,POINT (891947.75001549 1558129.33802093),추자군도,횡간도 좌측 끝,2.3~2.4m,거친모래/ 조개껍질,11물~5물/ 정조전후,▶ 감성돔 - 릴찌/ 장대/ 원투▶ 벵에돔 - 목줄/ 장대/ 부력/ 잠수▶ 참돔 - 부력/ 잠수▶ 돌돔 - 민장대/ 릴찌/ 원투▶ 볼락 - 릴찌/ 장대/ 루어▶ 부시리 - 부력/ 잠수/ 지깅,34-00-38.025N,,제주특별자치도 제주시
508,POINT (976244.308574715 1602537.06315228),거금수도 부근,시산도 북측,0.5~2.9m,펄,초들물~만조,▶ 감성돔 - 릴찌/ 장대/ 원투▶ 숭어 - 릴찌/ 장대/ 훌치기▶ 우럭 - 릴찌/ 원투▶ 노래미 - 루어/ 릴찌/ 장대/ 원투▶ 농어 - 루어/ 릴찌▶ 볼락 - 릴찌/ 장대/ 루어,34-24-58.866N,,전라남도 고흥군
509,POINT (988392.1258479829 1589015.29972707),손죽열도 부근,잔거리 넓은 자리,2.9~9.6m,펄,사리 전후/ 10~5물,▶ 감성돔 - 릴찌/ 장대/ 원투▶ 참돔 - 부력/ 잠수▶ 돌돔 - 릴찌/ 장대/ 원투▶ 우럭 - 릴찌/ 원투▶ 노래미 - 루어/ 릴찌/ 장대/ 원투▶ 농어 - 루어/ 릴찌▶ 숭어 - 릴찌/ 장대/ 훌치기▶ 삼치 - 루어/ 릴찌▶ 문어 - 루어,34-17-40.615N,,전라남도 여수시
510,POINT (990738.9415007391 1589174.75700115),손죽열도 부근,소거문 계단,7.9~9.9m,펄,사리 전후/ 10~5물,▶ 감성돔 - 릴찌/ 장대/ 원투▶ 참돔 - 부력/ 잠수▶ 돌돔 - 릴찌/ 장대/ 원투▶ 우럭 - 릴찌/ 원투▶ 노래미 - 루어/ 릴찌/ 장대/ 원투▶ 농어 - 루어/ 릴찌▶ 숭어 - 릴찌/ 장대/ 훌치기▶ 삼치 - 루어/ 릴찌▶ 문어 - 루어,34-17-45.877N,,전라남도 여수시
511,POINT (989998.090590658 1562723.74271351),대삼부도,남측 직벽,0.3~8.2m,암,10물~13물,▶ 벵에돔 - 목줄/ 장대/ 부력/ 잠수▶ 참돔 - 부력/ 잠수▶ 돌돔 - 릴찌/ 장대/ 원투▶ 감성돔 - 릴찌/ 장대/ 원투▶ 농어 - 루어/ 릴찌,34-03-27.064N,,전라남도 여수시
512,POINT (872877.145416685 1667393.51066983),고이도·매화도·선도·증도,검산항,0.3~1.5,펄,초들물~중날물,▶감성돔 - 릴찌/ 장대/ 원투 ▶노래미 - 루어/ 릴찌/ 장대/ 원투 ▶광어 - 릴찌/ 원투 ▶숭어 - 릴찌/ 장대/ 훌치기▶우럭 - 릴찌/ 원투 ▶붕장어 - 원투 ▶도다리 - 원투 ▶농어 - 루어/ 릴찌,34-59-36.6N,,전라남도 신안군
513,POINT (879663.554572507 1667658.82766689),고이도·매화도·선도·증도,염산 선창,0~3.2,펄,초들물~중날물,▶감성돔 - 릴찌/ 장대/ 원투 ▶노래미 - 루어/ 릴찌/ 장대/ 원투 ▶광어 - 릴찌/ 원투 ▶숭어 - 릴찌/ 장대/ 훌치기▶우럭 - 릴찌/ 원투 ▶붕장어 - 원투 ▶도다리 - 원투 ▶농어 - 루어/ 릴찌,34-59-48.2N,,전라남도 신안군
514,POINT (1027450.92849516 1601801.4731879),연도,대룡단 갯바위,0.7~1.3m,암,초들물/ 초날물/ 조금 전·후,▶ 참돔 - 부력/ 잠수▶ 감성돔 - 릴찌/ 장대/ 원투▶ 볼락 - 릴찌/ 장대/ 루어▶ 농어/  삼치 - 루어/ 릴찌▶ 돌돔 - 민장대/ 릴찌/ 원투▶ 갑오징어 - 에깅,34-24-34.655N,,전라남도 여수시
515,POINT (1026542.29612832 1602153.77064843),연도,연도 대바위,1.3~3.1m,암,초들물/ 초날물/ 조금 전·후,▶ 참돔 - 부력/ 잠수▶ 감성돔 - 릴찌/ 장대/ 원투▶ 볼락 - 릴찌/ 장대/ 루어▶ 농어/  삼치 - 루어/ 릴찌▶ 돌돔 - 민장대/ 릴찌/ 원투▶ 갑오징어 - 에깅,34-24-46.178N,,전라남도 여수시
516,POINT (1027016.27042408 1606674.68535257),연도,역포 서측 갯바위,0.2~1.9m,암,초들물/ 초날물/ 조금 전·후,▶ 참돔 - 부력/ 잠수▶ 감성돔 - 릴찌/ 장대/ 원투▶ 볼락 - 릴찌/ 장대/ 루어▶ 농어/  삼치 - 루어/ 릴찌▶ 돌돔 - 민장대/ 릴찌/ 원투▶ 갑오징어 - 에깅,34-27-12.907N,,전라남도 여수시
517,POINT (1045427.18736633 1671190.45121936),사천대교 부근,조도마을 앞,-1.7~-2.2m,펄,초들물~중날물,▶ 참돔 - 부력/ 잠수▶ 농어 - 루어/ 릴찌▶ 우럭 - 릴찌/ 원투▶ 볼락 - 릴찌/ 장대/ 루어▶ 노래미 - 루어/ 릴찌/ 장대/ 원투▶ 붕장어 - 원투,35-02-04.951N,,경상남도 사천시
518,POINT (1048795.95687113 1669922.04350064),사천대교 부근,화곡관광농원 앞,0.1~3.4m,펄,초들물~중날물,▶ 참돔 - 부력/ 잠수▶ 농어 - 루어/ 릴찌▶ 우럭 - 릴찌/ 원투▶ 볼락 - 릴찌/ 장대/ 루어▶ 노래미 - 루어/ 릴찌/ 장대/ 원투▶ 붕장어 - 원투,35-01-23.211N,,경상남도 사천시
519,POINT (1049520.56933624 1668297.42751483),사천대교 부근,금문들 앞,0.1~1.5m,펄,초들물~중날물,▶ 참돔 - 부력/ 잠수▶ 농어 - 루어/ 릴찌▶ 우럭 - 릴찌/ 원투▶ 볼락 - 릴찌/ 장대/ 루어▶ 노래미 - 루어/ 릴찌/ 장대/ 원투▶ 붕장어 - 원투,35-00-30.347N,,경상남도 사천시
520,POINT (1059350.20920131 1656815.59740296),자란만 부근,상족암 유람선 뒷편,1.5~3.8m,암,13물~6물,▶ 갑오징어 - 에깅▶ 감성돔 - 릴찌/ 장대/ 원투▶ 노래미 - 루어/ 릴찌/ 장대/ 원투▶ 벵에돔 - 목줄/ 장대/ 부력/ 잠수▶ 참돔 - 부력/ 잠수▶ 볼락 - 릴찌/ 장대/ 루어▶ 농어 - 루어/ 릴찌▶ 붕장어 - 원투▶ 우럭 - 릴찌/ 원투,34-54-15.730N,,경상남도 고성군
521,POINT (1073998.56042628 1640445.02623915),추도 부근,오리바위 끝,2.3~6.7m,암,6물~8물,▶ 볼락 - 릴찌/ 장대/ 루어▶ 우럭 - 릴찌/ 원투▶ 주꾸미 - 릴찌/ 원투▶ 광어 - 릴찌/ 원투▶ 감성돔 - 릴찌/ 장대/ 원투▶ 벵에돔 - 목줄/ 장대/ 부력/ 잠수▶ 참돔 - 부력/ 잠수,34-45-20.868N,,경상남도 통영시
522,POINT (1071951.11279289 1640786.22553517),추도 부근,돌 무너진 자리,2.5~2.9m,암,6물~8물,▶ 볼락 - 릴찌/ 장대/ 루어▶ 우럭 - 릴찌/ 원투▶ 주꾸미 - 릴찌/ 원투▶ 광어 - 릴찌/ 원투▶ 감성돔 - 릴찌/ 장대/ 원투▶ 벵에돔 - 목줄/ 장대/ 부력/ 잠수▶ 참돔 - 부력/ 잠수,34-45-32.471N,,경상남도 통영시
523,POINT (1072686.92206684 1641236.11515767),추도 부근,연등 끝,3.1~5.0m,암,6물~8물,▶ 볼락 - 릴찌/ 장대/ 루어▶ 우럭 - 릴찌/ 원투▶ 주꾸미 - 릴찌/ 원투▶ 광어 - 릴찌/ 원투▶ 감성돔 - 릴찌/ 장대/ 원투▶ 벵에돔 - 목줄/ 장대/ 부력/ 잠수▶ 참돔 - 부력/ 잠수,34-45-46.887N,,경상남도 통영시
524,POINT (1080331.59109985 1628248.83630751),연화도 부근,막끝 갯바위,8.8~10.2m,암,초들물/ 초날물/ 5물~6물/ 조금,▶ 참돔 - 부력/ 잠수▶ 감성돔 - 릴찌/ 장대/ 원투▶ 볼락 - 릴찌/ 장대/ 루어▶ 벵에돔 - 목줄/ 장대/ 부력/ 잠수▶ 농어 - 루어/ 릴찌,34-38-43.248N,,경상남도 통영시
525,POINT (1077107.18678561 1629608.05787045),연화도 부근,아랫마을 갯바위,2.5~2.9m,암,초들물/ 초날물/ 5물~6물/ 조금,▶ 참돔 - 부력/ 잠수▶ 감성돔 - 릴찌/ 장대/ 원투▶ 볼락 - 릴찌/ 장대/ 루어▶ 벵에돔 - 목줄/ 장대/ 부력/ 잠수▶ 농어 - 루어/ 릴찌,34-39-28.262N,,경상남도 통영시
526,POINT (1078184.76386868 1629218.36570763),연화도 부근,반하도 갯바위,1.9~4.1m,암,초들물/ 초날물/ 5물~6물/ 조금,▶ 참돔 - 부력/ 잠수▶ 감성돔 - 릴찌/ 장대/ 원투▶ 볼락 - 릴찌/ 장대/ 루어▶ 벵에돔 - 목줄/ 장대/ 부력/ 잠수▶ 농어 - 루어/ 릴찌,34-39-15.318N,,경상남도 통영시
527,POINT (1062515.11090817 1618463.61854986),갈도 부근,미끄럼바위 근처,14.5~15.9m,암,2물~8물/ 사리 전후,▶ 감성돔 - 릴찌/ 장대/ 원투▶ 돌돔 - 릴찌/ 장대/ 원투▶ 볼락 - 릴찌/ 장대/ 루어 ▶ 무늬오징어 - 릴찌/ 에깅,34-33-30.067N,,경상남도 통영시
528,POINT (1062136.09055001 1618518.4278378),갈도 부근,너부렁여 근처,14.5~15.9m,암,2물~8물/ 사리 전후,▶ 감성돔 - 릴찌/ 장대/ 원투▶ 돌돔 - 릴찌/ 장대/ 원투▶ 볼락 - 릴찌/ 장대/ 루어 ▶ 무늬오징어 - 릴찌/ 에깅,34-33-31.929N,,경상남도 통영시
529,POINT (885192.70737193 1464435.89064504),제주도 남서부·가파도·마라도,냇골챙이 정자 아래 갯바위,0.4~1.5,암,들물/썰물,▶벵에돔 - 목줄/ 장대/ 잠수 ▶농어 - 루어/ 릴찌 ▶자리돔 - 민장대/ 릴찌 ▶볼락 - 루어/ 릴찌/ 장대▶한치 - 루어/ 원투 ▶참돔 - 부력/ 잠수 ▶부시리 - 부력/ 잠수/ 지깅,33-09-53.9N,,제주특별자치도 서귀포시
530,POINT (1028438.26817468 1603501.56279308),연도,연도 산태바위,0.2~1.6m,암,초들물/ 초날물/ 조금 전·후,▶ 참돔 - 부력/ 잠수▶ 감성돔 - 릴찌/ 장대/ 원투▶ 볼락 - 릴찌/ 장대/ 루어▶ 농어/  삼치 - 루어/ 릴찌▶ 돌돔 - 민장대/ 릴찌/ 원투▶ 갑오징어 - 에깅,34-25-29.753N,,전라남도 여수시
531,POINT (1027250.26367649 1602606.78642687),연도,덕포 갯바위,0.7~1.3m,암,초들물/ 초날물/ 조금 전·후,▶ 참돔 - 부력/ 잠수▶ 감성돔 - 릴찌/ 장대/ 원투▶ 볼락 - 릴찌/ 장대/ 루어▶ 농어/  삼치 - 루어/ 릴찌▶ 돌돔 - 민장대/ 릴찌/ 원투▶ 갑오징어 - 에깅,34-25-00.819N,,전라남도 여수시
547,POINT (1302353.95569686 1950205.76195784),울릉도,북저바위 갯바위,2.4~3.6,암,조금 전후,▶방어 - 부력/ 잠수/ 지깅▶부시리 - 부력/ 잠수/ 지깅▶농어 - 루어/ 릴찌▶볼락 - 릴찌/ 장대/ 루어,37-30-05.9N,,경상북도 울릉군
532,POINT (1059350.20920131 1656815.59740296),진주만 부근,상족암 유람선 갯바위,1.5~3.8m,암,13물-4물/ 초들물,▶ 감성돔 - 릴찌/ 장대/ 원투▶ 노래미 - 루어/ 릴찌/ 장대/ 원투▶ 볼락 - 릴찌/ 장대/ 루어▶ 농어 - 루어/ 릴찌▶ 도다리 - 원투▶ 갑오징어 - 에깅,34-54-15.730N,,경상남도 고성군
533,POINT (1071989.79229662 1640428.37606923),추도 부근,용두암 중앙,5.0~7.8m,암,6물~8물,▶ 볼락 - 릴찌/ 장대/ 루어▶ 우럭 - 릴찌/ 원투▶ 주꾸미 - 릴찌/ 원투▶ 광어 - 릴찌/ 원투▶ 감성돔 - 릴찌/ 장대/ 원투▶ 벵에돔 - 목줄/ 장대/ 부력/ 잠수▶ 참돔 - 부력/ 잠수,34-45-20.845N,,경상남도 통영시
534,POINT (1078470.52060632 1627533.32146079),연화도 부근,진강정 갯바위,3.9~7.9m,암,초들물/ 초날물/ 5물~6물/ 조금,▶ 참돔 - 부력/ 잠수▶ 감성돔 - 릴찌/ 장대/ 원투▶ 볼락 - 릴찌/ 장대/ 루어▶ 벵에돔 - 목줄/ 장대/ 부력/ 잠수▶ 농어 - 루어/ 릴찌,34-38-20.541N,,경상남도 통영시
535,POINT (879791.029333662 1916804.32127434),덕적도·소야도, 덕적도 목섬 부근,2m~2.4m,펄/ 모래,펄/ 모래,▶넙치 - 루어/ 원투 ▶노래미 - 루어/ 릴찌/ 장대/ 원투▶농어 - 루어/ 릴찌 ▶붕장어 - 원투▶우럭 - 루어/ 릴찌,37-14-32.5N,,인천광역시 옹진군
536,POINT (905103.8121378211 1918813.24632295),영흥도·선재도·대부도·구봉도, 영흥도 양로봉 갯바위(신노루),2.3m~4.1m,펄/ 모래,들물,▶넙치 - 루어/ 원투 ▶농어 - 루어/ 릴찌,37-15-48.2N,,인천광역시 옹진군
537,POINT (903138.6989159611 1818965.52091254),원산도·삽시도, 원산도해수욕장 서측 갯바위,1.9m~2.5m,펄/ 모래,들물 전·후,▶갑오징어 - 에깅 ▶넙치 - 루어/ 원투 ▶농어 - 루어/ 릴찌▶노래미 - 루어/ 릴찌/ 장대/ 원투 ▶우럭 - 릴찌/ 원투 ▶주꾸미 - 루어,36-21-47.7N,,충청남도 보령시
538,POINT (1065554.93471466 1646191.93228271),사량도,하사량도 은포마을 갯바위,5.9m~6.3m,펄,9물~13물,▶감성돔 - 릴찌/ 장대/ 원투 ▶농어 - 루어/ 릴찌▶벵에돔 - 목줄/ 장대/ 부력/ 잠수 ▶우럭 - 릴찌/ 원투▶볼락 - 루어/ 릴찌/ 장대 ▶참돔 - 부력/ 잠수,34-48-29.5N,,경상남도 통영시
539,POINT (1069313.63477607 1625471.87162991),욕지도,삼여(뽕나무강정) 부근 갯바위,7m~8m,바위,5물~11물,▶감성돔 - 릴찌/ 장대/ 원투 ▶농어 - 루어/ 릴찌▶무늬오징어 - 릴찌/ 에깅 ▶볼락 - 루어/ 릴찌/ 장대▶벵에돔 - 목줄/ 장대/ 부력/ 잠수 ▶참돔 - 부력/ 잠수,34-37-16.0N,,경상남도 통영시
540,POINT (1102998.94480035 1636054.38848748),거제도 남부, 여차항 몽돌해수욕장 갯바위,3.3m~5.1m,조개껍질,조금 전·후,▶ 감성돔 - 릴찌/ 장대/ 원투 ▶ 농어 - 루어/ 릴찌 ▶ 벵에돔 - 목줄/ 장대/ 부력/ 잠수 ▶ 우럭 - 릴찌/ 원투 ▶ 볼락 - 루어/ 릴찌/ 장대 ▶ 참돔 - 부력/ 잠수,34-42-49.3N,,경상남도 거제시
541,POINT (922791.103906962 1576071.21878682),노화도·보길도·소안도,소안도 비자리 해안갯바위,1.5m~2.2m,펄,사리 전·후,▶감성돔 - 릴찌/ 장대/ 원투 ▶농어 - 루어/ 릴찌▶노래미 - 루어/ 릴찌/ 장대/ 원투 ▶우럭 - 릴찌/ 원투▶볼락 - 루어/ 릴찌/ 장대 ▶학공치 - 릴찌/ 장대,34-10-30.3N,,전라남도 완도군
542,POINT (1052430.79744099 1654770.03826076),남해도 동부·신수도·창선도,신수도 남쪽 갯바위,1.0~2.7,암,초들물~중날물,▶볼락 - 릴찌/ 장대/ 루어 ▶갑오징어 - 에깅 ▶노래미 - 루어/ 릴찌/ 장대/ 원투 ▶우럭 - 릴찌/ 원투,34-53-10.7N,,경상남도 사천시
543,POINT (1036568.62971499 1636912.7020293),남해도 남부,가천 갯바위(다랭이마을),9.8~10.0,펄,초들물~중날물,▶참돔 - 부력/ 잠수▶농어 - 루어/ 릴찌▶노래미 - 루어/ 릴찌/ 장대/ 원투▶볼락 - 릴찌/ 장대/ 루어▶우럭 - 릴찌/ 원투,34-43-33.5N,,경상남도 남해군
544,POINT (1061211.92923436 1634452.82816424),두미도,고래등,39,펄,상관없음,▶감성돔 - 릴찌/ 장대/ 원투▶벵에돔 - 목줄/ 장대/ 부력/ 잠수▶노래미 - 루어/ 릴찌/ 장대/ 원투▶참돔 - 부력/ 잠수▶농어 - 루어/ 릴찌▶볼락 - 릴찌/ 장대/ 루어,34-42-09.4N,,경상남도 통영시
545,POINT (1061640.95437337 1633830.34379864),두미도,염소자리,3.4~5.0,펄,상관없음,▶감성돔 - 릴찌/ 장대/ 원투▶벵에돔 - 목줄/ 장대/ 부력/ 잠수▶노래미 - 루어/ 릴찌/ 장대/ 원투▶참돔 - 부력/ 잠수▶농어 - 루어/ 릴찌▶볼락 - 릴찌/ 장대/ 루어,34-41-49.1N,,경상남도 통영시
546,POINT (1089900.82189725 1638270.95450644),한산도·용초도,용두단,4.6~7.0,모래,조금 전후,▶볼락 - 릴찌/ 장대/ 루어▶고등어 - 루어/ 릴찌/ 장대▶벵에돔 - 목줄/ 장대/ 부력,34-44-05.7N,,경상남도 통영시
548,POINT (887736.046032015 1553399.56114308),추자도,상추자도 다무레미 앞 갯바위,2.7~5.0,암,들물/썰물,▶감성돔 - 릴찌/ 장대/ 원투▶돌돔 - 민장대/ 릴찌/ 원투▶자리돔 - 장대/ 카드▶농어 - 루어/ 릴찌▶볼락 - 루어/ 릴찌/ 장대▶참돔 - 부력/ 잠수,33-58-02.9N,,제주특별자치도 제주시
549,POINT (887808.235575743 1552776.42048374),추자도,상추자도 목개 해안,1.8~2.0,암,들물/썰물,▶감성돔 - 릴찌/ 장대/ 원투▶돌돔 - 민장대/ 릴찌/ 원투▶자리돔 - 장대/ 카드▶농어 - 루어/ 릴찌▶볼락 - 루어/ 릴찌/ 장대▶참돔 - 부력/ 잠수,33-57-42.7N,,제주특별자치도 제주시
550,POINT (875467.798102543 1479063.7703374),제주도 서부·차귀도·비양도,수월봉 갯바위,12~12.8,모래/ 조개껍질,들물/썰물,▶감성돔 - 릴찌/ 장대/ 원투▶벤자리 - 릴찌/ 민장대▶삼치 - 루어/ 릴찌▶방어 - 부력/ 잠수/ 지깅▶벵에돔 - 목줄/ 장대/ 부력/ 잠수▶한치 - 루어/ 원투,33-17-44.9N,,제주특별자치도 제주시
551,POINT (1108276.49599377 1676258.50113041),진해항 부근,초리도 서측,3.8~4.6m,펄,초들물~중날물,▶ 도다리 - 원투▶ 노래미 - 루어/ 릴찌/ 장대/ 원투▶ 볼락 - 릴찌/ 장대/ 루어▶ 감성돔 - 릴찌/ 장대/ 원투▶ 갑오징어 - 에깅,35-04-32.216N,,경상남도 창원시
552,POINT (866873.843132851 1585804.43319138),상조도·하조도·관매도,각흘도 갯바위(낚시배),0.2~4.1,암,초들물~중날물,▶감성돔 - 릴찌/ 장대/ 원투 ▶돌돔 - 원투/ 민장대/ 릴찌▶참돔 - 부력/ 잠수 ▶도다리 - 원투▶노래미 - 루어/ 릴찌/ 장대/ 원투 ▶우럭 - 릴찌/ 원투,34-15-25.9N,,전라남도 진도군
553,POINT (1035692.48328084 1661383.34925047),남해도 북부,수원늘 등대,0.0~3.3,암,초들물~중날물,▶참돔 - 부력/ 잠수▶농어 - 루어/ 릴찌▶노래미 - 루어/ 릴찌/ 장대/ 원투▶볼락 - 릴찌/ 장대/ 루어▶우럭 - 릴찌/ 원투,34-56-48.0N,,경상남도 남해군
554,POINT (1030929.30212231 1639470.3041168),남해도 남부,유구마을 해안 갯바위,0.6~1.6,암,초들물~중날물,▶참돔 - 부력/ 잠수▶농어 - 루어/ 릴찌▶노래미 - 루어/ 릴찌/ 장대/ 원투▶볼락 - 릴찌/ 장대/ 루어▶우럭 - 릴찌/ 원투,34-44-57.2N,,경상남도 남해군
555,POINT (1302124.90904984 1954809.79790963),울릉도,관음도 갯바위,2.2~3.3,암,조금 전후,▶벵에돔 - 목줄/ 장대/ 부력/ 잠수▶부시리 - 부력/ 잠수/ 지깅▶감성돔 - 릴찌/ 장대/ 원투,37-32-35.3N,,경상북도 울릉군
556,POINT (889483.270255549 1551795.5871575),추자도,추자대교 아래,2.0~3.2,펄/ 모래,들물/썰물,▶감성돔 - 릴찌/ 장대/ 원투▶돌돔 - 민장대/ 릴찌/ 원투▶자리돔 - 장대/ 카드▶농어 - 루어/ 릴찌▶볼락 - 루어/ 릴찌/ 장대▶참돔 - 부력/ 잠수,33-57-11.5N,,제주특별자치도 제주시
557,POINT (1080763.15375107 1627721.74481871),연화도 부근,진등끝 갯바위,5.9~8.2m,암,초들물/ 초날물/ 5물~6물/ 조금,▶ 참돔 - 부력/ 잠수▶ 감성돔 - 릴찌/ 장대/ 원투▶ 볼락 - 릴찌/ 장대/ 루어▶ 벵에돔 - 목줄/ 장대/ 부력/ 잠수▶ 농어 - 루어/ 릴찌,34-38-26.016N,,경상남도 통영시
558,POINT (1077425.52510948 1628719.59393224),연화도 부근,연화항 서측 끝,9.7~11.7m,암,초들물/ 초날물/ 5물~6물/ 조금,▶ 참돔 - 부력/ 잠수▶ 감성돔 - 릴찌/ 장대/ 원투▶ 볼락 - 릴찌/ 장대/ 루어▶ 벵에돔 - 목줄/ 장대/ 부력/ 잠수▶ 농어 - 루어/ 릴찌,34-38-59.335N,,경상남도 통영시
559,POINT (1062637.79502228 1618304.57272156),갈도 부근,매여,14.5~15.9m,암,2물~8물/ 사리 전후,▶ 감성돔 - 릴찌/ 장대/ 원투▶ 돌돔 - 릴찌/ 장대/ 원투▶ 볼락 - 릴찌/ 장대/ 루어 ▶ 무늬오징어 - 릴찌/ 에깅,34-33-24.877N,,경상남도 통영시
560,POINT (1070102.32799053 1628256.46601212),욕지도, 모개도 부근 갯바위,7.2m~10.1m,펄/ 모래,5물~11물,▶감성돔 - 릴찌/ 장대/ 원투 ▶넙치 - 루어/ 원투▶농어 - 루어/ 릴찌 ▶전갱이 - 루어/ 릴찌/ 장대▶볼락 - 루어/ 릴찌/ 장대 ▶참돔 - 부력/ 잠수,34-38-46.2N,,경상남도 통영시
561,POINT (1072225.96674054 1625601.98629424),욕지도, 노적마을 쇠고락 갯바위,4m~5m,바위,5물~11물,▶감성돔 - 릴찌/ 장대/ 원투 ▶농어 - 루어/ 릴찌▶무늬오징어 - 릴찌/ 에깅 ▶볼락 - 루어/ 릴찌/ 장대▶벵에돔 - 목줄/ 장대/ 부력/ 잠수 ▶참돔 - 부력/ 잠수,34-37-19.5N,,경상남도 통영시
605,POINT (886432.119060741 1778540.86247477),십이동파도·비안도, 십이동파도 사자섬,7.5m~12m,펄/ 모래,12물~3물,▶감성돔 - 릴찌/ 장대/ 원투 ▶갑오징어 - 에깅▶넙치 - 루어/ 원투 ▶노래미 - 루어/ 릴찌/ 장대/ 원투▶농어 - 루어/ 릴찌 ▶우럭 - 릴찌/ 원투 ▶참돔 - 부력/ 잠수,35-59-49.4N,,전라북도 군산시
562,POINT (1088540.12308145 1636997.73776669),비진도·매물도, 비진도 비둘기강정 부근 갯바위,3.6m~5.3m,펄/ 조개껍질,조금 전·후,▶감성돔 - 릴찌/ 장대/ 원투 ▶농어 - 루어/ 릴찌▶노래미 - 루어/ 릴찌/ 장대/ 원투 ▶우럭 - 릴찌/ 원투▶볼락 - 루어/ 릴찌/ 장대,34-43-24.8N,,경상남도 통영시
563,POINT (1098127.99147503 1627119.19743044),비진도·매물도,대매물도 수리바위,1.4m~2.1m,펄/ 모래,조금 전·후,▶감성돔 - 릴찌/ 장대/ 원투 ▶돌돔 - 릴찌/ 장대/ 원투▶볼락 - 루어/ 릴찌/ 장대 ▶우럭 - 릴찌/ 원투,34-38-01.0N,,경상남도 통영시
564,POINT (1098501.99384232 1635256.55930703),거제도 남부, 대포 계단바위,10m~16m,펄,조금 전·후,▶감성돔 - 릴찌/ 장대/ 원투 ▶돌돔 - 릴찌/ 장대/ 원투▶벵에돔 - 목줄/ 장대/ 부력/ 잠수 ▶우럭 - 릴찌/ 원투▶볼락 - 루어/ 릴찌/ 장대 ▶참돔 - 부력/ 잠수,34-42-25.0N,,경상남도 거제시
565,POINT (1106909.45081742 1646312.35986617),거제도 남부,망치마을 곶부리,2m~3.2m,펄,조금 전·후,▶감성돔 - 릴찌/ 장대/ 원투 ▶농어 - 루어/ 릴찌▶벵에돔 - 목줄/ 장대/ 부력/ 잠수 ▶우럭 - 릴찌/ 원투▶볼락 - 루어/ 릴찌/ 장대 ▶학공치 - 릴찌/ 장대,34-48-20.8N,,경상남도 거제시
566,POINT (906186.029812913 1950165.73749813),시도,수기해변 동측 갯바위,-0.5~-0.1,펄,초들물~중날물,▶우럭 - 릴찌/ 원투                                           ▶광어 - 릴찌/ 원투▶농어 - 루어/ 릴찌                                         ▶망둥어 - 릴찌/ 장대▶노래미 - 루어/ 릴찌/ 장대/ 원투                                 ▶삼치 - 루어/ 릴찌,37-32-45.8N,,인천광역시 옹진군
567,POINT (901027.0612844741 1937967.2114742),영종도·용유도,선녀바위,-0.5~-0.2,펄,들물,▶광어 - 릴찌/ 원투▶우럭 - 릴찌/ 원투▶노래미 - 루어/ 릴찌/ 장대/ 원투▶삼치 - 루어/ 릴찌▶붕장어 - 원투,37-26-08.1N,,인천광역시 중구
568,POINT (989526.597862483 1563309.85089787),대삼부도,북쪽 끝바리,0.3~0.8m,암,10물~13물,▶ 벵에돔 - 목줄/ 장대/ 부력/ 잠수▶ 참돔 - 부력/ 잠수▶ 돌돔 - 릴찌/ 장대/ 원투▶ 감성돔 - 릴찌/ 장대/ 원투▶ 농어 - 루어/ 릴찌,34-03-46.077N,,전라남도 여수시
569,POINT (1026975.03985906 1607395.67430679),연도,검등서 갯바위,2.3~2.9m,암,초들물/ 초날물/ 조금 전·후,▶ 참돔 - 부력/ 잠수▶ 감성돔 - 릴찌/ 장대/ 원투▶ 볼락 - 릴찌/ 장대/ 루어▶ 농어/  삼치 - 루어/ 릴찌▶ 돌돔 - 민장대/ 릴찌/ 원투▶ 갑오징어 - 에깅,34-27-36.318N,,전라남도 여수시
570,POINT (1029107.32949478 1606414.15361633),연도,배미말 갯바위,2.7~3.5m,암,초들물/ 초날물/ 조금 전·후,▶ 참돔 - 부력/ 잠수▶ 감성돔 - 릴찌/ 장대/ 원투▶ 볼락 - 릴찌/ 장대/ 루어▶ 농어/  삼치 - 루어/ 릴찌▶ 돌돔 - 민장대/ 릴찌/ 원투▶ 갑오징어 - 에깅,34-27-04.244N,,전라남도 여수시
571,POINT (915649.770352114 1895937.02820212),입파도·국화도,국화도 서쪽 곶부리,1.3m~2.1m,펄,조금 전·후,▶노래미 - 루어/ 릴찌/ 장대/ 원투 ▶도다리 - 원투▶우럭 - 루어/ 릴찌,37-03-29.6N,,경기도 화성시
572,POINT (1000627.50923379 1608966.9557601),나로도, 내나로도 등대 밑 갯바위,7m~9m,펄,간조~초들물,▶감성돔 - 릴찌/ 장대/ 원투 ▶농어 - 루어/ 릴찌▶도다리 - 원투 ▶볼락 - 릴찌/ 장대/ 루어▶볼락 - 루어/ 릴찌/ 장대 ▶학공치 - 릴찌/ 장대,34-28-28.6N,,전라남도 고흥군
573,POINT (870403.953260345 1586986.36021844),독거군도 부근,죽항 송도,6.1~8m,자갈/ 조개껍질,조금 전후,▶ 참돔 - 부력/ 잠수▶ 감성돔 - 릴찌/ 장대/ 원투▶ 돌돔 - 릴찌/ 장대/ 원투▶ 광어-릴찌/ 원투▶ 농어 - 루어/ 릴찌,34-16-05.868N,,전라남도 진도군
574,POINT (1023533.87567813 1662778.98826709),광양만 부근,배알도해수욕장 부근,0~2.0m,펄/ 모래,5물~10물,▶ 붕장어 - 원투▶ 망둥어 - 릴찌/ 장대▶ 숭어 - 릴찌/ 장대/ 훌치기▶ 감성돔 - 릴찌/ 장대/ 원투▶ 농어 - 루어/ 릴찌▶ 노래미 - 루어/ 릴찌/ 장대/ 원투▶ 볼락 - 릴찌/ 장대/ 루어▶ 도다리 - 원투,34-57-34.586N,,전라남도 광양시
575,POINT (1049067.93728934 1669529.83445919),사천대교 부근,법도 맞은편,0.1~1.5m,펄,초들물~중날물,▶ 참돔 - 부력/ 잠수▶ 농어 - 루어/ 릴찌▶ 우럭 - 릴찌/ 원투▶ 볼락 - 릴찌/ 장대/ 루어▶ 노래미 - 루어/ 릴찌/ 장대/ 원투▶ 붕장어 - 원투,35-01-10.432N,,경상남도 사천시
576,POINT (895864.340195415 1950239.43565514),장봉도, 진촌 서갯바위,1.2m~1.6m,모래/ 펄,조금 전·후/ 3물~5물,▶넙치 - 루어/ 원투 ▶노래미 - 루어/ 릴찌/ 장대/ 원투▶망둑어 - 원투 ▶숭어 - 릴찌/ 장대/ 훌치기 ▶우럭 - 릴찌/ 원투,37-32-44.2N,,인천광역시 옹진군
577,POINT (1068045.36421551 1628937.28103281),욕지도, 목가동섬,2.2m~3.3m,펄/ 모래/ 조개껍질,5물~11물,▶감성돔 - 릴찌/ 장대/ 원투 ▶고등어 - 루어/ 릴찌/ 장대▶노래미 - 루어/ 릴찌/ 장대/ 원투 ▶농어 - 루어/ 릴찌▶볼락 - 루어/ 릴찌/ 장대▶학공치 - 릴찌/ 장대,34-39-08.8N,,경상남도 통영시
578,POINT (1088763.16911716 1637871.73828558),비진도·매물도, 비진도 동북쪽 곶부리,3.2m~5m,펄/ 조개껍질,조금 전·후,▶감성돔 - 릴찌/ 장대/ 원투 ▶농어 - 루어/ 릴찌▶무늬오징어 - 릴찌/ 에깅 ▶볼락 - 루어/ 릴찌/ 장대▶벵에돔 - 목줄/ 장대/ 부력/ 잠수 ▶참돔 - 부력/ 잠수,34-43-53.1N,,경상남도 통영시
579,POINT (915164.281016465 1781454.96385008),개야도,작은여 등대 갯바위,1.3~4.3,모래/ 펄,날물,▶망농어 - 루어/ 릴찌▶부세 - 릴찌/ 원투▶감성돔 - 릴찌/ 장대/ 원투▶백조기 - 릴찌/ 원투,36-01-34.5N,,전라북도 군산시
580,POINT (867468.66425566 1706664.56341295),안마도·석만도,노랑여(옛멸터) 부근,3.8~5.2,펄,들물/날물,▶붕장어 - 원투▶우럭 - 릴찌/ 원투▶노래미 - 루어/ 릴찌/ 장대/ 원투▶농어 - 루어/ 릴찌▶민어 - 루어/ 지깅/ 원투▶광어 - 릴찌/ 원투,35-20-48.5N,,전라남도 영광군
581,POINT (895696.46394621 1827474.44919768),안면도 남 부,망재 곶부리,0.4~0.9,모래/ 펄,중들물~중날물,▶우럭 - 릴찌/ 원투▶노래미 - 루어/ 릴찌/ 장대/ 원투▶학공치 - 릴찌/ 장대▶광어 - 릴찌/ 원투▶숭어 - 릴찌/ 장대/ 홀치기▶도다리 - 원투,36-26-21.0N,,충청남도 태안군
582,POINT (872622.6985160761 1853427.57648856),가의도,동남측 두번째 곶부리,2.4~2.5,암,상관없음,▶우럭 - 릴찌/ 원투▶노래미 - 루어/ 릴찌/ 장대/ 원투▶고등어 - 루어/ 릴찌/ 장대▶광어 - 릴찌/ 원투▶주꾸미 - 릴찌/ 원투/ 장대▶학공치 - 릴찌/ 장대,36-40-13.0N,,충청남도 태안군
583,POINT (911953.782030491 1782546.59677308),개야도,죽도 서측 갯바위,0~1.9,모래/ 펄,초들물~중날물,▶농어 - 루어/ 릴찌▶부세 - 릴찌/ 원투▶감성돔 - 릴찌/ 장대/ 원투▶백조기 - 릴찌/ 원투,36-02-08.9N,,전라북도 군산시
584,POINT (913723.7805955181 1784382.7916941),개야도,안청강여 등대 갯바위,0~1.8,암,날물,▶농어 - 루어/ 릴찌▶부세 - 릴찌/ 원투▶감성돔 - 릴찌/ 장대/ 원투▶백조기 - 릴찌/ 원투,36-03-09.06N,,전라북도 군산시
602,POINT (915943.41625019 1897398.02202436),입파도·국화도, 국화도 매박섬(토끼섬),5m~5.2m,모래,조금 전·후,▶노래미 - 루어/ 릴찌/ 장대/ 원투 ▶도다리 - 원투▶우럭 - 루어/ 릴찌,37-04-17.1N,,경기도 화성시
585,POINT (868966.715666163 1709493.11297777),안마도·석만도,쎄지기 앞 갯바위,2.6~6.0,암,들물/날물,▶간재미 - 릴찌/ 장대/ 원투▶노래미 - 루어/ 릴찌/ 장대/ 원투▶붕장어 - 원투▶우럭 - 릴찌/ 원투▶민어 - 루어/ 지깅/ 원투▶광어 - 릴찌/ 원투,35-22-21.0N,,전라남도 영광군
586,POINT (866450.110758804 1708124.91585014),안마도·석만도,철탑 밑 갯바위,4.1~9.5,펄,들물/날물,▶붕장어 - 원투▶우럭 - 릴찌/ 원투▶민어 - 루어/ 지깅/ 원투▶광어 - 릴찌/ 원투▶농어 - 루어/ 릴찌▶노래미 - 루어/ 릴찌/ 장대/ 원투,35-21-35.4N,,전라남도 영광군
587,POINT (796823.6738230251 1602079.21211257),흑산도·삼태도,하태도 기둥바위 부근,6m~9m,바위,중들물~중날물,▶감성돔 - 릴찌/ 장대/ 원투 ▶농어 - 루어/ 릴찌▶돌돔 - 릴찌/ 장대/ 원투 ▶볼락 - 루어/ 릴찌/ 장대▶우럭 - 릴찌/ 원투 ▶열기 - 외줄 ▶참돔 - 부력/ 잠수,34-23-33.1N,,전라남도 신안군
588,POINT (919292.172549246 1574089.11644254),노화도·보길도·소안도, 보길도 글쓴바위 부근,6.3m~7m,바위,사리 전·후,▶감성돔 - 릴찌/ 장대/ 원투 ▶농어 - 루어/ 릴찌▶숭어 - 릴찌/ 장대/ 훌치기▶우럭 - 릴찌/ 원투▶볼락 - 루어/ 릴찌/ 장대 ▶참돔 - 부력/ 잠수,34-09-25.0N,,전라남도 완도군
589,POINT (909590.5757014721 1570770.36752831),노화도·보길도·소안도,보길도 보옥리 몽돌해안,2.1m~2.6m,조개껍질,사리 전·후,▶감성돔 - 릴찌/ 장대/ 원투 ▶농어 - 루어/ 릴찌▶돌돔 - 릴찌/ 장대/ 원투 ▶볼락 - 장대/ 릴찌/ 루어▶벵에돔 - 목줄/ 장대/ 부력/ 잠수 ▶우럭 - 릴찌/ 원투,34-07-34.4N,,전라남도 완도군
590,POINT (940624.27215592 1590492.80990911),신지도, 내동리 양식장 부근 갯바위,1.4m~1.8m,펄/ 조개껍질,사리 전·후,▶농어 - 루어/ 릴찌 ▶볼락 - 루어/ 릴찌/ 장대 ▶숭어 - 릴찌/ 장대/ 훌치기 ▶우럭 - 릴찌/ 원투 ▶전갱이 - 루어/ 릴찌/ 장대 ▶학공치 - 릴찌/ 장대,34-18-22.7N,,전라남도 완도군
606,POINT (893977.033548392 1763115.73348509),말도·방축도, 말도 북동쪽 곶부리,7m~10m,펄/ 모래,썰물 전·후,▶감성돔 - 릴찌/ 장대/ 원투 ▶넙치 - 루어/ 원투▶노래미 - 루어/ 릴찌/ 장대/ 원투 ▶도다리 - 원투▶우럭 - 릴찌/ 원투,35-51-31.9N,,전라북도 군산시
591,POINT (941038.619502367 1578742.05679526),청산도·대모도, 청산도 황산말 철탑 부근,1.9m~2.5m,조개껍질/ 펄,4물~사리,▶감성돔 - 릴찌/ 장대/ 원투 ▶넙치 - 루어/ 원투▶농어 - 루어/ 릴찌 ▶도다리 - 원투 ▶우럭 - 릴찌/ 원투▶볼락 - 루어/ 릴찌/ 장대 ▶참돔 - 부력/ 잠수,34-12-01.3N,,전라남도 완도군
592,POINT (945994.246137014 1573531.36168012),청산도·대모도,청산도 코바위,18.8~21m,조개껍질/ 펄/ 모래,4물~사리,▶감성돔 - 릴찌/ 장대/ 원투 ▶넙치 - 루어/ 원투▶농어 - 루어/ 릴찌 ▶도다리 - 원투 ▶우럭 - 릴찌/ 원투▶볼락 - 루어/ 릴찌/ 장대 ▶참돔 - 부력/ 잠수,34-09-13.1N,,전라남도 완도군
593,POINT (945997.1802857161 1555232.22206089),여서도·거문도, 여서도 등대 부근 갯바위,4.7m~6m,펄/ 모래/ 조개껍질,들물/ 날물 전·후,▶감성돔 - 릴찌/ 장대/ 원투 ▶돌돔 - 릴찌/ 장대/ 원투▶볼락 - 루어/ 릴찌/ 장대 ▶참돔 - 부력/ 잠수,33-59-19.0N,,전라남도 완도군
594,POINT (983481.35371319 1557137.68741788),여서도·거문도,거문도 선바위 부근,9m~14m,펄,들물/ 날물 전·후,▶감성돔 - 릴찌/ 장대/ 원투 ▶돌돔 - 릴찌/ 장대/ 원투▶벵에돔 - 목줄/ 장대/ 부력/ 잠수 ▶참돔 - 부력/ 잠수,34-00-25.4N,,전라남도 여수시
595,POINT (1020653.75354847 1617281.85032854),금오도·안도, 금오도 송고마을 갯바위,4.7m~8m,펄,9물~13물/ 날물 전·후,▶감성돔 - 릴찌/ 장대/ 원투 ▶도다리 - 원투 ▶노래미 - 루어/ 릴찌/ 장대/ 원투 ▶우럭 - 릴찌/ 원투▶볼락 - 루어/ 릴찌/ 장대 ▶붕장어 - 원투 ▶학공치 - 릴찌/ 장대,34-32-57.8N,,전라남도 여수시
596,POINT (875870.730110392 1479622.33272728),제주도 서부·차귀도·비양도,6.수월약수터 앞 갯바위,12~12.8,모래/ 조개껍질,들물/썰물,▶감성돔 - 릴찌/ 장대/ 원투▶벤자리 - 릴찌/ 민장대▶삼치 - 루어/ 릴찌▶방어 - 부력/ 잠수/ 지깅▶벵에돔 - 목줄/ 장대/ 부력/ 잠수▶한치 - 루어/ 원투,33-18-03.2N,,제주특별자치도 제주시
597,POINT (964038.1788121241 1609125.82765826),거금도,선촌항 부근 갯바위,1.1m~1.9m,펄,초들물,▶감성돔 - 릴찌/ 장대/ 원투 ▶넙치 - 루어/ 원투▶노래미 - 루어/ 릴찌/ 장대/ 원투 ▶농어 - 루어/ 릴찌▶도다리 - 원투 ▶우럭 - 릴찌/ 원투,34-28-31.5N,,전라남도 고흥군
598,POINT (877818.259627901 1586388.11905504),독거군도 부근,구도 북단,10.5~11.7m,암,조금~4물,▶ 참돔 - 부력/ 잠수▶ 감성돔 - 릴찌/ 장대/ 원투▶ 돌돔 - 릴찌/ 장대/ 원투▶ 광어-릴찌/ 원투▶ 농어 - 루어/ 릴찌,34-15-49.685N,,전라남도 진도군
599,POINT (904704.399298545 1604181.10493223),해남반도 부근,송평 해수욕장 죽도,2.7~3.1m,펄/ 조개껍질,사리 전후,▶ 감성돔 - 릴찌/ 장대/ 원투▶ 고등어 - 장대/ 릴찌/ 루어▶ 볼락 - 릴찌/ 장대/ 루어▶ 노래미 - 루어/ 릴찌/ 장대/ 원투▶ 숭어 - 릴찌/ 장대/ 훌치기▶ 우럭 - 릴찌/ 원투▶ 농어 - 루어/ 릴찌▶ 돌돔 - 릴찌/ 장대/ 원투,34-25-37.393N,,전라남도 해남군
600,POINT (1009802.37562856 1623325.59809334),낭도 부근,상화도 북측,3.6~8.9m,펄,조금 전후/ 13~5물,▶ 감성돔 - 릴찌/ 장대/ 원투▶ 붕장어 - 원투▶ 농어 - 루어/ 릴찌▶ 숭어 - 릴찌/ 장대/ 훌치기,34-36-14.589N,,전라남도 여수시
601,POINT (780700.70501445 1568571.5499738),가거도,빈지박 갯바위,2.3~5.0,암,초들물~중날물,▶감성돔 - 릴찌/ 장대/ 원투 ▶노래미 - 루어/ 릴찌/ 장대/ 원투 ▶참돔 - 릴찌 ▶농어 - 루어▶볼락 - 릴찌/ 장대/ 루어 ▶우럭 - 루어/ 릴찌/ 장대/ 원투 ▶돌돔 - 릴찌 ▶부시리 - 루어,34-05-14.3N,,전라남도 신안군
1005,POINT (1167624.26600432 1710676.04138036),대바위공원,대바위공원,0.1m~1.4m,바위     ,,▶노래미-루어/ 릴찌▶보리멸-원투/ 릴찌▶성대-원투▶숭어-원투/ 릴찌,35-22-39.9N,129-20-43.5E,울산광역시 울주군
603,POINT (888837.4317789121 1809497.09880568),호도·녹도·외연도, 녹도 북서쪽 갯바위,3.2m~5m,바위,초들물,▶감성돔 - 릴찌/ 장대/ 원투 ▶넙치 - 루어/ 원투▶노래미 - 루어/ 릴찌/ 장대/ 원투 ▶농어 - 루어/ 릴찌▶우럭 - 릴찌/ 원투,36-16-34.9N,,충청남도 보령시
604,POINT (904964.864503038 1787066.14573494),어청도·연도,연도 해녀막(멸치막),1.7m~2.2m,바위,초들물,▶넙치 - 루어/ 원투 ▶농어 - 루어/ 릴찌▶보구치 - 원투 ▶우럭 - 릴찌/ 원투▶장대 - 루어/ 릴찌,36-04-33.2N,,전라북도 군산시
608,POINT (852568.224969093 1639209.90011206),비금도·도초도, 비금도 성목골 부근 갯바위,2.5m~3m,펄/ 모래,날물,▶감성돔 - 릴찌/ 장대/ 원투 ▶농어 - 루어/ 릴찌▶돌돔 - 릴찌/ 장대/ 원투 ▶볼락 - 루어/ 릴찌/ 장대▶붕장어 - 원투 ▶우럭 - 릴찌/ 원투 ▶참돔 - 부력/ 잠수,34-44-12.1N,,전라남도 신안군
609,POINT (862213.815025441 1646813.23928314),비금도·도초도, 비금도 통섭바위 부근,9.4m~10m,펄,초들물~중들물,▶감성돔 - 릴찌/ 장대/ 원투 ▶농어 - 루어/ 릴찌▶돌돔 - 릴찌/ 장대/ 원투 ▶참돔 - 부력/ 잠수,34-48-23.7N,,전라남도 신안군
610,POINT (1062170.97359687 1648749.91408916),사량도, 상사량도 돈지마을 남쪽 곶부리,4m~5.2m,자갈/ 조개껍질,13물~6물,▶감성돔 - 릴찌/ 장대/ 원투 ▶농어 - 루어/ 릴찌▶벵에돔 - 목줄/ 장대/ 부력/ 잠수 ▶우럭 - 릴찌/ 원투▶볼락 - 루어/ 릴찌/ 장대,34-49-53.3N,,경상남도 통영시
611,POINT (1064049.43381548 1647472.07076051),사량도,하사량도 모자섬 부근,2.7m~3.5m,펄,13물~6물,▶감성돔 - 릴찌/ 장대/ 원투 ▶농어 - 루어/ 릴찌▶벵에돔 - 목줄/ 장대/ 부력/ 잠수 ▶우럭 - 릴찌/ 원투▶볼락 - 루어/ 릴찌/ 장대 ▶참돔 - 부력/ 잠수,34-49-11.4N,,경상남도 통영시
612,POINT (871800.3014751091 1618789.39819212),개도·하의도·신의도,버러기미,3.8~5.0,펄/ 암,조금 전후,▶농어 - 루어/ 릴찌▶붕장어 - 원투▶감성돔 - 릴찌/ 장대/ 원투,34-33-18.7N,,전라남도 신안군
613,POINT (867305.676663393 1612523.90288363),가사도,가사도 북측 갯바위,2.1~4.5,암,5물~9물,▶감성돔 - 릴찌/ 장대/ 원투▶갑오징어 - 에깅▶우럭 - 릴찌/ 원투▶농어 - 루어/ 릴찌▶볼락 - 릴찌/ 장대/ 루어▶노래미 - 루어/ 릴찌/ 장대/ 원투,34-29-53.3N,,전라남도 진도군
614,POINT (863437.16900841 1597300.31756101),상조도·하조도·관매도,옥도 북측 갯바위,3.7~4.1,자갈/ 모래,초들물~중날물,▶감성돔 - 릴찌/ 장대/ 원투 ▶참돔 - 부력/ 잠수 ▶노래미 - 루어/ 릴찌/ 장대/ 원투▶돌돔 - 원투/ 민장대/ 릴찌 ▶도다리 - 원투 ▶우럭 - 릴찌/ 원투,34-21-37.4N,,전라남도 진도군
615,POINT (778928.453844123 1569448.35525689),가거도,멍신여,2.6~9.4,암,초들물~중날물,▶감성돔 - 릴찌/ 장대/ 원투 ▶노래미 - 루어/ 릴찌/ 장대/ 원투 ▶참돔 - 릴찌 ▶농어 - 루어▶볼락 - 릴찌/ 장대/ 루어 ▶우럭 - 루어/ 릴찌/ 장대/ 원투 ▶돌돔 - 릴찌 ▶부시리 - 루어,34-05-41.4N,,전라남도 신안군
616,POINT (961812.967997729 1601461.80490464),금당도,비견도엿도,4.3~5.8,암,초들물~중날물,▶감성돔 - 릴찌/ 장대/ 원투▶볼락 - 릴찌/ 장대/ 루어▶노래미 - 루어/ 릴찌/ 장대/ 원투▶농어 - 루어/ 릴찌▶도다리 - 원투▶학공치 - 릴찌/ 장대,34-24-22.4N,,전라남도 완도군
617,POINT (955660.6967903681 1594047.18243857),금일도·생일도,신구리 철탑 앞,0.9~2.0,암,초들물~중날물,▶감성돔 - 릴찌/ 장대/ 원투▶도다리 - 원투▶우럭 - 릴찌/ 원투▶참돔 - 부력/ 잠수▶노래미 - 루어/ 릴찌/ 장대/ 원투▶볼락 - 릴찌/ 장대/ 루어,34-20-20.8N,,전라남도 완도군
618,POINT (978012.157291458 1579950.25660511),초도,솔거섬,14.1~14.3,조개껍질,초들물~중날물,▶참돔 - 부력/ 잠수▶뱅어돔 - 목줄/ 장대/ 부력/ 잠수▶볼락 - 릴찌/ 장대/ 루어▶감성돔 - 릴찌/ 장대/ 원투▶돌돔 - 민장대/ 릴찌/ 원투▶농어 - 루어/ 릴찌,34-12-45.7N,,전라남도 여수시
619,POINT (1028204.53218699 1622553.62406649),돌산도,향일암 갯바위,1.8~2.2,펄,초들물~중날물,▶참돔 - 부력/ 잠수▶농어 - 루어/ 릴찌▶노래미 - 루어/ 릴찌/ 장대/ 원투▶볼락 - 릴찌/ 장대/ 루어▶우럭 - 릴찌/ 원투▶붕장어 - 원투,34-35-48.3N,,전라남도 여수시
620,POINT (1061221.55996606 1634918.04982526),두미도,번자리,3.3~3.4,펄,상관없음,▶감성돔 - 릴찌/ 장대/ 원투▶벵에돔 - 목줄/ 장대/ 부력/ 잠수▶노래미 - 루어/ 릴찌/ 장대/ 원투▶참돔 - 부력/ 잠수▶농어 - 루어/ 릴찌▶볼락 - 릴찌/ 장대/ 루어,34-42-24.5N,,경상남도 통영시
621,POINT (1092851.0973024 1638309.48398553),한산도·용초도,용초도 철탑 동측 갯바위 ,-0.9~1.1,펄/ 모래,사리 이외 물때,▶농어 - 루어/ 릴찌▶참돔 - 부력/ 잠수▶감성돔 - 릴찌/ 장대/ 원투▶볼락 - 릴찌/ 장대/ 루어,34-44-06.0N,,경상남도 통영시
622,POINT (877619.955652763 1474736.18940698),제주도 서부·차귀도·비양도,무릉리 해안도로 갯바위,5.7~9.1,모래/ 조개껍질,들물/썰물,▶감성돔 - 릴찌/ 장대/ 원투▶벤자리 - 릴찌/ 민장대▶삼치 - 루어/ 릴찌▶방어 - 부력/ 잠수/ 지깅▶벵에돔 - 목줄/ 장대/ 부력/ 잠수▶한치 - 루어/ 원투,33-15-25.3N,,제주특별자치도 서귀포시
623,POINT (812076.0493412791 1634837.2890606),흑산도·삼태도, 대흑산도 예리 갯바위,1.3m~2.7m,바위,들물,▶감성돔 - 릴찌/ 장대/ 원투 ▶농어 - 루어/ 릴찌▶돌돔 - 릴찌/ 장대/ 원투 ▶볼락 - 루어/ 릴찌/ 장대▶붕장어 - 원투 ▶학공치 - 장대/ 릴찌 ▶참돔 - 부력/ 잠수,34-41-26.3N,,전라남도 신안군
624,POINT (1099317.23651086 1637042.966369),거제도 남부, 근포마을 곶부리,2.9m~3.7m,바위,조금 전·후,▶감성돔 - 릴찌/ 장대/ 원투 ▶도다리 - 원투▶벵에돔 - 목줄/ 장대/ 부력/ 잠수 ▶우럭 - 릴찌/ 원투▶볼락 - 루어/ 릴찌/ 장대 ▶참돔 - 부력/ 잠수,34-43-22.7N,,경상남도 거제시
625,POINT (944890.340615404 1489771.01458711),제주도 동부,여마진개 갯바위,2.0~3.0,조개껍질,들물/날물,▶참돔 - 부력/ 잠수 ▶돌돔 - 민장대/ 릴찌/ 원투 ▶볼락 - 루어/ 릴찌/ 장대▶벵에돔 - 목줄/ 장대/ 부력/ 잠수 ▶무늬오징어 - 에깅 ▶독가시치 - 목줄/ 장대/ 부력/ 잠수,33-23-53.4N/,,제주특별자치도 서귀포시
626,POINT (789861.265174121 1634695.19657592),홍도,홍어굴 하단,3.3~3.9m,암,사리 전후/ 초들물/ 만조 전후,▶ 참돔 - 부력/ 잠수▶ 돌돔 - 릴찌/ 장대/ 원투▶ 감성돔 - 릴찌/ 장대/ 원투▶ 우럭 - 릴찌/ 원투▶ 농어 - 루어/ 릴찌,34-41-06.130N,,전라남도 신안군
627,POINT (899450.51827044 1650430.80897013),목포 부근,지중해 카페 북측,0.2~0.3m,펄,사리 전후/ 초들물~중날물,▶ 감성돔 - 릴찌/ 장대/ 원투▶ 붕장어 - 원투▶ 우럭 - 릴찌/ 원투▶ 노래미 - 루어/ 릴찌/ 장대/ 원투▶ 농어 - 루어/ 릴찌▶ 볼락 - 릴찌/ 장대/ 루어,34-50-36.808N,,전라남도 목포시
628,POINT (888620.9506759541 1553214.96774098),추자군도,최영장군 사당 앞,1.1~1.9m,암,11물~5물/ 정조전후,▶ 감성돔 - 릴찌/ 장대/ 원투▶ 벵에돔 - 목줄/ 장대/ 부력/ 잠수▶ 참돔 - 부력/ 잠수▶ 돌돔 - 민장대/ 릴찌/ 원투▶ 볼락 - 릴찌/ 장대/ 루어▶ 부시리 - 부력/ 잠수/ 지깅,33-57-57.247N,,제주특별자치도 제주시
629,POINT (909291.396111699 1594846.67334121),해남반도 부근,소죽리 죽도,0.8~1.3m,펄,사리 전후,▶ 감성돔 - 릴찌/ 장대/ 원투▶ 고등어 - 장대/ 릴찌/ 루어▶ 볼락 - 릴찌/ 장대/ 루어▶ 노래미 - 루어/ 릴찌/ 장대/ 원투▶ 숭어 - 릴찌/ 장대/ 훌치기▶ 우럭 - 릴찌/ 원투▶ 농어 - 루어/ 릴찌▶ 돌돔 - 릴찌/ 장대/ 원투,34-20-35.873N,,전라남도 해남군
630,POINT (982410.9441685531 1636967.81310306),고흥호 부근,우도 상단,0.2~1.5m,펄,들물,▶ 감성돔 - 릴찌/ 장대/ 원투▶ 농어 - 루어/ 릴찌▶ 도다리 - 원투▶ 숭어 - 릴찌/ 장대/ 훌치기▶ 붕장어 - 원투▶ 학공치 - 릴찌/  장대,34-43-37.101N,,전라남도 고흥군
631,POINT (981888.0868191 1604420.66050731),거금수도 부근,지죽도 남서측,3.2~7.9m,펄/ 조개껍질,초들물~만조,▶ 감성돔 - 릴찌/ 장대/ 원투▶ 숭어 - 릴찌/ 장대/ 훌치기▶ 우럭 - 릴찌/ 원투▶ 노래미 - 루어/ 릴찌/ 장대/ 원투▶ 농어 - 루어/ 릴찌▶ 볼락 - 릴찌/ 장대/ 루어,34-26-00.430N,,전라남도 고흥군
632,POINT (1015123.64242077 1639161.61866222),여수엑스포 부근,장도 인근 다리,2.4~2.7m,펄,조금,▶ 벵에돔 - 목줄/ 장대/ 부력/ 잠수▶ 참돔 - 부력/ 잠수▶ 돌돔 - 릴찌/ 장대/ 원투▶ 감성돔 - 릴찌/ 장대/ 원투▶ 농어 - 루어/ 릴찌,34-44-48.463N,,전라남도 여수시
633,POINT (878462.6630061631 1474035.62335218),제주도 서부·차귀도·비양도,영락리 큰산물 낚시터,8.2~9.1,모래/ 조개껍질,들물/썰물,▶감성돔 - 릴찌/ 장대/ 원투▶벤자리 - 릴찌/ 민장대▶삼치 - 루어/ 릴찌▶방어 - 부력/ 잠수/ 지깅▶벵에돔 - 목줄/ 장대/ 부력/ 잠수▶한치 - 루어/ 원투,33-15-02.9N,,제주특별자치도 서귀포시
634,POINT (995580.822046604 1584984.58122717),간수제도,소평도 계단,18.3~20m,암,사리 전후/ 초들물,▶ 감성돔 - 릴찌/ 장대/ 원투▶ 참돔 - 부력/ 잠수▶ 돌돔 - 릴찌/ 장대/ 원투▶ 우럭 - 릴찌/ 원투▶ 노래미 - 루어/ 릴찌/ 장대/ 원투▶ 농어 - 루어/ 릴찌▶ 숭어 - 릴찌/ 장대/ 훌치기▶ 삼치 - 루어/ 릴찌▶ 문어 - 루어,34-15-29.951N,,전라남도 여수시
635,POINT (1086057.8950129 1648363.74579093),미륵도, 진송말 부근 갯바위,2.8m~3.5m,바위,조금 전·후,▶감성돔 - 릴찌/ 장대/ 원투 ▶농어 - 루어/ 릴찌▶노래미 - 루어/ 릴찌/ 장대/ 원투 ▶붕장어 - 원투▶볼락 - 루어/ 릴찌/ 장대 ▶우럭 - 릴찌/ 원투,34-49-34.5N,,경상남도 통영시
636,POINT (1028257.33440694 1607331.87133743),연도,모경말 갯바위,2.8~3.6m,암,초들물/ 초날물/ 조금 전·후,▶ 참돔 - 부력/ 잠수▶ 감성돔 - 릴찌/ 장대/ 원투▶ 볼락 - 릴찌/ 장대/ 루어▶ 농어/  삼치 - 루어/ 릴찌▶ 돌돔 - 민장대/ 릴찌/ 원투▶ 갑오징어 - 에깅,34-27-34.123N,,전라남도 여수시
637,POINT (1062687.61964059 1618515.27278553),갈도 부근,매여 앞 갯바위,14.5~15.9m,암,2물~8물/ 사리 전후,▶ 감성돔 - 릴찌/ 장대/ 원투▶ 돌돔 - 릴찌/ 장대/ 원투▶ 볼락 - 릴찌/ 장대/ 루어 ▶ 무늬오징어 - 릴찌/ 에깅,34-33-31.706N,,경상남도 통영시
638,POINT (789078.976501503 1638608.08319727),홍도,모도 좌측부근,2.4~2.7m,암,사리 전후/ 초들물/ 만조 전후,▶ 참돔 - 부력/ 잠수▶ 돌돔 - 릴찌/ 장대/ 원투▶ 감성돔 - 릴찌/ 장대/ 원투▶ 우럭 - 릴찌/ 원투▶ 농어 - 루어/ 릴찌,34-43-12.477N,,전라남도 신안군
639,POINT (991714.39318605 1613950.72391294),거금수도 부근,남성리 해수욕장,0.1~2.7m,펄,초들물~만조,▶ 감성돔 - 릴찌/ 장대/ 원투▶ 숭어 - 릴찌/ 장대/ 훌치기▶ 우럭 - 릴찌/ 원투▶ 노래미 - 루어/ 릴찌/ 장대/ 원투▶ 농어 - 루어/ 릴찌▶ 볼락 - 릴찌/ 장대/ 루어,34-31-10.281N,,전라남도 고흥군
640,POINT (886150.484494509 1465037.64282456),제주도 남서부·가파도·마라도,옹짓물 정자 아래 갯바위,0.2~2.0,암,들물/썰물,▶벵에돔 - 목줄/ 장대/ 잠수 ▶농어 - 루어/ 릴찌 ▶자리돔 - 민장대/ 릴찌 ▶볼락 - 루어/ 릴찌/ 장대▶한치 - 루어/ 원투 ▶참돔 - 부력/ 잠수 ▶부시리 - 부력/ 잠수/ 지깅,33-10-13.8N,,제주특별자치도 서귀포시
641,POINT (847951.142523785 1582577.3296878),거차수도 부근,죽도 등대 부근,3.4~6m,암,10물~5물,▶ 참돔 - 부력/ 잠수▶ 감성돔 - 릴찌/ 장대/ 원투▶ 돌돔 - 릴찌/ 장대/ 원투▶ 우럭 - 릴찌/ 원투▶ 농어 - 루어/ 릴찌▶ 부시리 - 부력/ 잠수/ 지깅,34-13-31.824N,,전라남도 진도군
642,POINT (887627.2036430041 1553047.47319833),추자군도,청석 갯바위,0.8~1.1m,암,11물~5물/ 정조전후,▶ 감성돔 - 릴찌/ 장대/ 원투▶ 벵에돔 - 목줄/ 장대/ 부력/ 잠수▶ 참돔 - 부력/ 잠수▶ 돌돔 - 민장대/ 릴찌/ 원투▶ 볼락 - 릴찌/ 장대/ 루어▶ 부시리 - 부력/ 잠수/ 지깅,33-57-51.429N,,제주특별자치도 제주시
643,POINT (1003072.35834734 1625594.51208737),낭도 부근,하과도 서측,2.3~8.5m,암,조금 전후/ 5물~8물,▶ 감성돔 - 릴찌/ 장대/ 원투▶ 붕장어 - 원투▶ 농어 - 루어/ 릴찌▶ 숭어 - 릴찌/ 장대/ 훌치기,34-37-28.401N,,전라남도 여수시
644,POINT (871897.357031246 1673449.82925182),임자도·사옥도,딴섬 부근,0.9~2.0,암,초들물~중날물,▶감성돔 - 릴찌/ 장대/ 원투▶노래미 - 루어/ 릴찌/ 장대/ 원투▶민어 - 루어/ 릴찌▶붕장어 - 원투▶우럭 - 릴찌/ 원투▶광어 - 릴찌/ 원투▶농어 - 루어/ 릴찌▶백조기 - 릴찌/ 원투▶숭어 - 릴찌/ 장대/ 훌치기,35-02-52.7N,,전라남도 신안군
645,POINT (874135.1530307981 1625335.59269908),장산도,소류지,-0.6~2.0,펄,조금 전후,▶감성돔 - 릴찌/ 장대/ 원투 ▶농어 - 루어/ 릴찌 ▶붕장어 - 원투,34-36-52.2N,,전라남도 신안군
646,POINT (887775.048122821 1553007.85971775),추자도,상추자도 청석 갯바위,1.2~2.0,암,들물/썰물,▶감성돔 - 릴찌/ 장대/ 원투▶돌돔 - 민장대/ 릴찌/ 원투▶자리돔 - 장대/ 카드▶농어 - 루어/ 릴찌▶볼락 - 루어/ 릴찌/ 장대▶참돔 - 부력/ 잠수,33-57-50.2N,,제주특별자치도 제주시
647,POINT (909632.368797367 1916371.53637043),영흥도·선재도·대부도·구봉도, 영흥도 용담리해수욕장 부근,1.4m~2.2m,펄/ 모래,들물,▶넙치 - 루어/ 원투 ▶노래미 - 루어/ 릴찌/ 장대/ 원투▶망둑어 - 원투 ▶우럭 - 루어/ 릴찌,37-14-30.6N,,인천광역시 옹진군
648,POINT (865621.831332818 1708614.91265772),안마도·석만도,논골 끝 갯바위,6.4~8.0,자갈/ 조개껍질,들물/날물,▶붕장어 - 원투▶우럭 - 릴찌/ 원투▶민어 - 루어/ 지깅/ 원투▶광어 - 릴찌/ 원투▶농어 - 루어/ 릴찌▶노래미 - 루어/ 릴찌/ 장대/ 원투,35-21-50.9N,,전라남도 영광군
649,POINT (992091.544995319 1613026.02458553),거금수도 부근,두리도 남측,2.9~3.2m,펄,초들물~만조,▶ 감성돔 - 릴찌/ 장대/ 원투▶ 숭어 - 릴찌/ 장대/ 훌치기▶ 우럭 - 릴찌/ 원투▶ 노래미 - 루어/ 릴찌/ 장대/ 원투▶ 농어 - 루어/ 릴찌▶ 볼락 - 릴찌/ 장대/ 루어,34-30-40.271N,,전라남도 고흥군
650,POINT (1028306.66758849 1602642.98656832),연도,만작굴,1.6~25m,암,초들물/ 초날물/ 조금 전·후,▶ 참돔 - 부력/ 잠수▶ 감성돔 - 릴찌/ 장대/ 원투▶ 볼락 - 릴찌/ 장대/ 루어▶ 농어/  삼치 - 루어/ 릴찌▶ 돌돔 - 민장대/ 릴찌/ 원투▶ 갑오징어 - 에깅,34-25-01.892N,,전라남도 여수시
651,POINT (1077267.09529667 1628266.8033868),연화도 부근,촛대바위 인근,5.4~6.8m,암,초들물/ 초날물/ 5물~6물/ 조금,▶ 참돔 - 부력/ 잠수▶ 감성돔 - 릴찌/ 장대/ 원투▶ 볼락 - 릴찌/ 장대/ 루어▶ 벵에돔 - 목줄/ 장대/ 부력/ 잠수▶ 농어 - 루어/ 릴찌,34-38-44.680N,,경상남도 통영시
652,POINT (757680.724613183 1977938.36947163),대청도·소청도,소청도 예동 갯바위,2.8m~3.4m,펄/ 가는 모래,사리 전후 ,▶넙치 - 루어/ 원투 ▶노래미 - 루어/ 릴찌/ 장대/ 원투▶농어 - 루어/ 릴찌 ▶쏨뱅이 - 루어/ 릴찌▶우럭 - 루어/ 릴찌,37-46-08.5N,,인천광역시 옹진군
653,POINT (895083.578260521 1908055.31354717),이작도·승봉도,승봉도 참나무골,1.5m~2m,펄,초들물~중들물,▶넙치 - 루어/ 원투 ▶노래미 - 루어/ 릴찌/ 장대/ 원투▶농어 - 루어/ 릴찌,37-09-55.3N,,인천광역시 옹진군
654,POINT (892996.4664332529 1908035.34648737),이작도·승봉도,승봉도 철탑앞 갯바위,1.1m~1.5m,가는 모래,초들물~중들물,▶노래미 - 루어/ 릴찌/ 장대/ 원투▶농어 - 루어/ 릴찌,37-09-53.8N,,인천광역시 옹진군
655,POINT (852809.178931097 1642503.29311507),비금도·도초도, 비금도 용머리바위,4.2m~6.1m,바위,날물,▶감성돔 - 릴찌/ 장대/ 원투 ▶농어 - 루어/ 릴찌▶돌돔 - 릴찌/ 장대/ 원투 ▶볼락 - 루어/ 릴찌/ 장대▶붕장어 - 원투 ▶우럭 - 릴찌/ 원투,34-45-59.1N,,전라남도 신안군
656,POINT (917404.6778326461 1572901.06579122),노화도·보길도·소안도,보길도 치마끝 갯바위,3.7m~4.5m,펄/ 모래,사리 전·후,▶감성돔 - 릴찌/ 장대/ 원투 ▶농어 - 루어/ 릴찌▶돌돔 - 릴찌/ 장대/ 원투 ▶볼락 - 루어/ 릴찌/ 장대▶우럭 - 릴찌/ 원투 ▶참돔 - 부력/ 잠수,34-08-45.9N,,전라남도 완도군
657,POINT (875575.219908946 1483609.13051458),제주도 서부·차귀도·비양도,풍력발전소 앞 갯바위,0.5~1.2,모래/ 조개껍질,들물/썰물,▶감성돔 - 릴찌/ 장대/ 원투▶벤자리 - 릴찌/ 민장대▶삼치 - 루어/ 릴찌▶방어 - 부력/ 잠수/ 지깅▶벵에돔 - 목줄/ 장대/ 부력/ 잠수▶한치 - 루어/ 원투,33-20-12.5N,,제주특별자치도 제주시
658,POINT (790681.45411568 1636917.76086749),홍도,슬픈여 부근,1.1~4.8m,암,사리 전후/ 초들물/ 만조 전후,▶ 참돔 - 부력/ 잠수▶ 돌돔 - 릴찌/ 장대/ 원투▶ 감성돔 - 릴찌/ 장대/ 원투▶ 우럭 - 릴찌/ 원투▶ 농어 - 루어/ 릴찌,34-42-18.832N,,전라남도 신안군
659,POINT (872027.3406004229 1586175.73549816),독거군도 부근,죽항 남쪽 갯바위,1.5~6.7m,조개껍질,조금 전후,▶ 참돔 - 부력/ 잠수▶ 감성돔 - 릴찌/ 장대/ 원투▶ 돌돔 - 릴찌/ 장대/ 원투▶ 광어-릴찌/ 원투▶ 농어 - 루어/ 릴찌,34-15-40.282N,,전라남도 진도군
660,POINT (906610.824062897 1471445.60035366),제주도 남부,서건도 갯바위,2.8~10,암,초들물~중날물,▶벵에돔 - 목줄/ 장대/ 부력/ 잠수▶한치 - 루어/ 원투▶노래미 - 루어/ 릴찌/ 장대/ 원투▶독가시치 - 목줄/ 장대/ 부력/ 잠수▶부시리 - 부력/ 잠수/ 지깅▶우럭 - 릴찌/ 원투,33-13-48.9N,,제주특별자치도 서귀포시
661,POINT (894759.2842827 1471594.16005382),제주도 남부,하예마을 서측 갯바위,0.2~2.1,암,초들물~중날물,▶벵에돔 - 목줄/ 장대/ 부력/ 잠수▶한치 - 루어/ 원투▶노래미 - 루어/ 릴찌/ 장대/ 원투▶독가시치 - 목줄/ 장대/ 부력/ 잠수▶부시리 - 부력/ 잠수/ 지깅▶우럭 - 릴찌/ 원투,33-13-49.8N,,제주특별자치도 서귀포시
662,POINT (787517.901208571 1633033.90953534),홍도,병풍바위 좌측,2.5~4.7m,암,사리 전후/ 초들물/ 만조 전후,▶ 참돔 - 부력/ 잠수▶ 돌돔 - 릴찌/ 장대/ 원투▶ 감성돔 - 릴찌/ 장대/ 원투▶ 우럭 - 릴찌/ 원투▶ 농어 - 루어/ 릴찌,34-40-10.499N,,전라남도 신안군
663,POINT (788624.053814477 1635658.37209484),홍도,거북바위 인근,0.8~1.7m,암,사리 전후/ 초들물/ 만조 전후,▶ 참돔 - 부력/ 잠수▶ 돌돔 - 릴찌/ 장대/ 원투▶ 감성돔 - 릴찌/ 장대/ 원투▶ 우럭 - 릴찌/ 원투▶ 농어 - 루어/ 릴찌,34-41-36.456N,,전라남도 신안군
664,POINT (790172.996591676 1635391.67451121),홍도,홍어굴 부근,0.6~2.5m,암,사리 전후/ 초들물/ 만조 전후,▶ 참돔 - 부력/ 잠수▶ 돌돔 - 릴찌/ 장대/ 원투▶ 감성돔 - 릴찌/ 장대/ 원투▶ 우럭 - 릴찌/ 원투▶ 농어 - 루어/ 릴찌,34-41-28.953N,,전라남도 신안군
665,POINT (812880.8280853331 1580759.11716464),만재도,만재도 남측 해안,16~22m,암,조금 전후,▶ 돌돔 - 릴찌/ 장대/ 원투▶ 참돔 - 부력/ 잠수▶ 감성돔 - 릴찌/ 장대/ 원투▶ 우럭 - 릴찌/ 원투▶ 광어 - 릴찌/ 원투▶ 농어 - 루어/ 릴찌▶ 볼락 - 릴찌/ 장대/ 루어▶ 문어 - 루어,34-12-12.256N,,전라남도 신안군
666,POINT (870552.3096390481 1588013.42810409),독거군도 부근,하조도 매동여,0.1~4.1m,펄/ 조개껍질,조금 전후,▶ 참돔 - 부력/ 잠수▶ 감성돔 - 릴찌/ 장대/ 원투▶ 돌돔 - 릴찌/ 장대/ 원투▶ 광어-릴찌/ 원투▶ 농어 - 루어/ 릴찌,34-16-39.270N,,전라남도 진도군
667,POINT (878694.79335306 1586255.49364827),독거군도 부근,독거 북단,3.3~14.2m,암,조금~4물,▶ 참돔 - 부력/ 잠수▶ 감성돔 - 릴찌/ 장대/ 원투▶ 돌돔 - 릴찌/ 장대/ 원투▶ 광어-릴찌/ 원투▶ 농어 - 루어/ 릴찌,34-15-45.750N,,전라남도 진도군
668,POINT (890307.0397811551 1551924.73665644),추자군도,목리 인근 갯바위,0.1~1.5m,암,11물~5물/ 정조전후,▶ 감성돔 - 릴찌/ 장대/ 원투▶ 벵에돔 - 목줄/ 장대/ 부력/ 잠수▶ 참돔 - 부력/ 잠수▶ 돌돔 - 민장대/ 릴찌/ 원투▶ 볼락 - 릴찌/ 장대/ 루어▶ 부시리 - 부력/ 잠수/ 지깅,33-57-16.003N,,제주특별자치도 제주시
669,POINT (891359.6945016781 1555632.59782553),추자군도,추포도 북측 갯바위,1.0~3.6m,거친모래/ 조개껍질,11물~5물/ 정조전후,▶ 감성돔 - 릴찌/ 장대/ 원투▶ 벵에돔 - 목줄/ 장대/ 부력/ 잠수▶ 참돔 - 부력/ 잠수▶ 돌돔 - 민장대/ 릴찌/ 원투▶ 볼락 - 릴찌/ 장대/ 루어▶ 부시리 - 부력/ 잠수/ 지깅,33-59-16.759N,,제주특별자치도 제주시
670,POINT (909559.402374467 1594382.8511454),해남반도 부근,소죽리 중도,0.3~0.6m,펄,사리 전후,▶ 감성돔 - 릴찌/ 장대/ 원투▶ 고등어 - 장대/ 릴찌/ 루어▶ 볼락 - 릴찌/ 장대/ 루어▶ 노래미 - 루어/ 릴찌/ 장대/ 원투▶ 숭어 - 릴찌/ 장대/ 훌치기▶ 우럭 - 릴찌/ 원투▶ 농어 - 루어/ 릴찌▶ 돌돔 - 릴찌/ 장대/ 원투,34-20-20.901N,,전라남도 해남군
671,POINT (924056.551276781 1602965.74224743),완도 부근,만수리 남측 갯바위,-1.1~-0.5m,펄,들물,▶ 감성돔 - 릴찌/ 장대/ 원투▶ 농어 - 루어/ 릴찌▶ 도다리 - 원투▶ 숭어 - 릴찌/ 장대/ 훌치기▶ 노래미 - 루어/ 릴찌/ 장대▶ 학공치 - 릴찌/ 장대,34-25-03.716N,,전라남도 해남군
672,POINT (929629.173072487 1606040.39501644),완도 부근,내도 갯바위,-0.8~1.5m,펄,들물,▶ 감성돔 - 릴찌/ 장대/ 원투▶ 농어 - 루어/ 릴찌▶ 도다리 - 원투▶ 숭어 - 릴찌/ 장대/ 훌치기▶ 노래미 - 루어/ 릴찌/ 장대▶ 학공치 - 릴찌/ 장대,34-26-44.949N,,전라남도 해남군
673,POINT (928760.338561848 1601647.64232465),완도 부근,고마도 동측 갯바위,0~2m,펄,들물,▶ 감성돔 - 릴찌/ 장대/ 원투▶ 농어 - 루어/ 릴찌▶ 도다리 - 원투▶ 숭어 - 릴찌/ 장대/ 훌치기▶ 노래미 - 루어/ 릴찌/ 장대▶ 학공치 - 릴찌/ 장대,34-24-22.133N,,전라남도 완도군
674,POINT (931886.0540424291 1619323.01850614),강진만 부근,만덕호 좌측,0~2m,펄,들물,▶ 감성돔 - 릴찌/ 장대/ 원투▶ 숭어 - 릴찌/ 장대/ 훌치기▶ 도다리 - 원투▶ 망둥어 - 릴찌/ 장대▶ 붕장어 - 원투,34-33-56.684N,,전라남도 강진군
675,POINT (934811.23012923 1607788.73067211),강진만 부근,외호도 갯바위,0.2~0.6m,펄/ 모래,들물,▶ 감성돔 - 릴찌/ 장대/ 원투▶ 숭어 - 릴찌/ 장대/ 훌치기▶ 도다리 - 원투▶ 망둥어 - 릴찌/ 장대▶ 붕장어 - 원투,34-27-42.931N,,전라남도 강진군
676,POINT (997764.637474174 1626761.66045609),낭도 부근,신기촌들 갯바위,0.2~0.3m,모래/ 조개껍질,사리 전후/ 초날물,▶ 감성돔 - 릴찌/ 장대/ 원투▶ 붕장어 - 원투▶ 농어 - 루어/ 릴찌▶ 숭어 - 릴찌/ 장대/ 훌치기,34-38-06.300N,,전라남도 고흥군
677,POINT (1008843.75429077 1622886.3428206),낭도 부근,상화도 해변가,2.1~13.5m,모래/ 조개껍질,조금 전후/ 13~5물,▶ 감성돔 - 릴찌/ 장대/ 원투▶ 붕장어 - 원투▶ 농어 - 루어/ 릴찌▶ 숭어 - 릴찌/ 장대/ 훌치기,34-36-00.360N,,전라남도 여수시
678,POINT (1026372.93295575 1633343.93592776),여수엑스포 부근,내치도 하단,3.1~4.7m,펄,조금,▶ 벵에돔 - 목줄/ 장대/ 부력/ 잠수▶ 참돔 - 부력/ 잠수▶ 돌돔 - 릴찌/ 장대/ 원투▶ 감성돔 - 릴찌/ 장대/ 원투▶ 농어 - 루어/ 릴찌,34-41-38.775N,,전라남도 여수시
679,POINT (1024688.98314416 1646624.30737213),여수엑스포 부근,신덕해수욕장 부근,0.7~7.8m,펄,조금,▶ 벵에돔 - 목줄/ 장대/ 부력/ 잠수▶ 참돔 - 부력/ 잠수▶ 돌돔 - 릴찌/ 장대/ 원투▶ 감성돔 - 릴찌/ 장대/ 원투▶ 농어 - 루어/ 릴찌,34-48-50.057N,,전라남도 여수시
680,POINT (1025198.59233955 1660678.36839566),광양만 부근,마도 갯바위,-2.2~2.0m,펄/ 모래,5물~10물,▶ 붕장어 - 원투▶ 망둥어 - 릴찌/ 장대▶ 숭어 - 릴찌/ 장대/ 훌치기▶ 감성돔 - 릴찌/ 장대/ 원투▶ 농어 - 루어/ 릴찌▶ 노래미 - 루어/ 릴찌/ 장대/ 원투▶ 볼락 - 릴찌/ 장대/ 루어▶ 도다리 - 원투,34-56-26.250N,,경상남도 하동군
681,POINT (969228.4471704421 1578843.09649283),황제도,장도 남동측,20~26m,암,5~10물,▶ 감성돔 - 릴찌/ 장대/ 원투▶ 참돔 - 부력/ 잠수▶ 돌돔 - 릴찌/ 장대/ 원투▶ 농어 - 루어/ 릴찌▶ 광어 - 릴찌/ 원투▶ 볼락 - 릴찌/ 장대/ 루어,34-12-08.953N,,전라남도 완도군
682,POINT (987557.682920802 1589031.34127651),손죽열도 부근,반초섬 남측,2.5~2.8m,펄,사리 전후/ 10~5물,▶ 감성돔 - 릴찌/ 장대/ 원투▶ 참돔 - 부력/ 잠수▶ 돌돔 - 릴찌/ 장대/ 원투▶ 우럭 - 릴찌/ 원투▶ 노래미 - 루어/ 릴찌/ 장대/ 원투▶ 농어 - 루어/ 릴찌▶ 숭어 - 릴찌/ 장대/ 훌치기▶ 삼치 - 루어/ 릴찌▶ 문어 - 루어,34-17-41.101N,,전라남도 여수시
683,POINT (989135.6948171421 1589158.95590055),손죽열도 부근,잔거리 동측,9.6~15.3m,펄,사리 전후/ 10~5물,▶ 감성돔 - 릴찌/ 장대/ 원투▶ 참돔 - 부력/ 잠수▶ 돌돔 - 릴찌/ 장대/ 원투▶ 우럭 - 릴찌/ 원투▶ 노래미 - 루어/ 릴찌/ 장대/ 원투▶ 농어 - 루어/ 릴찌▶ 숭어 - 릴찌/ 장대/ 훌치기▶ 삼치 - 루어/ 릴찌▶ 문어 - 루어,34-17-45.308N,,전라남도 여수시
684,POINT (989684.6707903311 1587405.8218565),손죽열도 부근,소거문 서코지 좌측,7.6~20m,펄,사리 전후/ 10~5물,▶ 감성돔 - 릴찌/ 장대/ 원투▶ 참돔 - 부력/ 잠수▶ 돌돔 - 릴찌/ 장대/ 원투▶ 우럭 - 릴찌/ 원투▶ 노래미 - 루어/ 릴찌/ 장대/ 원투▶ 농어 - 루어/ 릴찌▶ 숭어 - 릴찌/ 장대/ 훌치기▶ 삼치 - 루어/ 릴찌▶ 문어 - 루어,34-16-48.410N,,전라남도 여수시
685,POINT (1003006.2815078 1586255.97036548),간수제도,광도 북측,4.7~10.4m,암,사리 전후/ 초들물,▶ 감성돔 - 릴찌/ 장대/ 원투▶ 참돔 - 부력/ 잠수▶ 돌돔 - 릴찌/ 장대/ 원투▶ 우럭 - 릴찌/ 원투▶ 노래미 - 루어/ 릴찌/ 장대/ 원투▶ 농어 - 루어/ 릴찌▶ 숭어 - 릴찌/ 장대/ 훌치기▶ 삼치 - 루어/ 릴찌▶ 문어 - 루어,34-16-11.247N,,전라남도 여수시
686,POINT (989446.21537854 1562255.44735822),대삼부도,덜섬 끝바리,0.1~13.8m,암,10물~13물,▶ 벵에돔 - 목줄/ 장대/ 부력/ 잠수▶ 참돔 - 부력/ 잠수▶ 돌돔 - 릴찌/ 장대/ 원투▶ 감성돔 - 릴찌/ 장대/ 원투▶ 농어 - 루어/ 릴찌,34-03-11.840N,,전라남도 여수시
687,POINT (874487.42346048 1676590.62368553),임자도·사옥도,광산리 서측끝단,2.1~5.1,펄,초들물~중날물,▶감성돔 - 릴찌/ 장대/ 원투▶노래미 - 루어/ 릴찌/ 장대/ 원투▶민어 - 루어/ 릴찌▶붕장어 - 원투▶우럭 - 릴찌/ 원투▶광어 - 릴찌/ 원투▶농어 - 루어/ 릴찌▶백조기 - 릴찌/ 원투▶숭어 - 릴찌/ 장대/ 훌치기,35-04-35.8N,,전라남도 신안군
688,POINT (882159.05276307 1659448.68309169),고이도·매화도·선도·증도,침해섬 포인트,0~3.5,모래/ 조개껍질,초들물~중날물,▶감성돔 - 릴찌/ 장대/ 원투 ▶노래미 - 루어/ 릴찌/ 장대/ 원투 ▶광어 - 릴찌/ 원투 ▶숭어 - 릴찌/ 장대/ 훌치기▶우럭 - 릴찌/ 원투 ▶붕장어 - 원투 ▶도다리 - 원투 ▶농어 - 루어/ 릴찌,34-55-22.8N,,전라남도 신안군
689,POINT (894348.4644098659 1656665.37413484),압해도,복용리 해안,0.7~2.1,펄,초들물~중날물,▶감성돔 - 릴찌/ 장대/ 원투 ▶노래미 - 루어/ 릴찌/ 장대/ 원투▶농어 - 루어/ 릴찌 ▶볼락 - 릴찌/ 장대/ 루어▶붕장어 - 원투 ▶우럭 - 릴찌/ 원투,34-53-57.3N,,전라남도 신안군
690,POINT (986051.1896602421 1588249.94930539),손죽열도 부근,손죽 서측 낮은 자리,9.1~12.7m,펄,사리 전후/ 10~5물,▶ 감성돔 - 릴찌/ 장대/ 원투▶ 참돔 - 부력/ 잠수▶ 돌돔 - 릴찌/ 장대/ 원투▶ 우럭 - 릴찌/ 원투▶ 노래미 - 루어/ 릴찌/ 장대/ 원투▶ 농어 - 루어/ 릴찌▶ 숭어 - 릴찌/ 장대/ 훌치기▶ 삼치 - 루어/ 릴찌▶ 문어 - 루어,34-17-15.663N,,전라남도 여수시
691,POINT (878269.37379784 1684143.94217145),임자도·사옥도,삼봉끝 등대,0.1~5.3,암,초들물~중날물,▶감성돔 - 릴찌/ 장대/ 원투▶노래미 - 루어/ 릴찌/ 장대/ 원투▶민어 - 루어/ 릴찌▶붕장어 - 원투▶우럭 - 릴찌/ 원투▶광어 - 릴찌/ 원투▶농어 - 루어/ 릴찌▶백조기 - 릴찌/ 원투▶숭어 - 릴찌/ 장대/ 훌치기,35-08-42.6N,,전라남도 신안군
692,POINT (860062.187639274 1654044.10475598),자은도,진서말,0~5.0,펄/ 모래,초들물~중날,▶감성돔 - 릴찌/ 장대/ 원투 ▶숭어 - 릴찌/ 장대/ 훌치기 ▶농어 - 루어/ 릴찌,34-52-17.3N,,전라남도 신안군
693,POINT (864194.127185831 1582897.36822106),상조도·하조도·관매도,관매도 서측 곶부리,0.9~3.1,자갈,초들물~중날물,▶감성돔 - 릴찌/ 장대/ 원투 ▶돌돔 - 원투/ 민장대/ 릴찌▶참돔 - 부력/ 잠수 ▶도다리 - 원투▶노래미 - 루어/ 릴찌/ 장대/ 원투 ▶우럭 - 릴찌/ 원투,34-13-50.3N,,전라남도 진도군
694,POINT (978103.371748491 1582854.56410097),초도,딴작부치,0.3~1.6,암,초들물~중날물,▶참돔 - 부력/ 잠수▶뱅어돔 - 목줄/ 장대/ 부력/ 잠수▶볼락 - 릴찌/ 장대/ 루어▶감성돔 - 릴찌/ 장대/ 원투▶돌돔 - 민장대/ 릴찌/ 원투▶농어 - 루어/ 릴찌,34-14-20.0N,,전라남도 여수시
695,POINT (904910.99953474 1750699.58668457),십이동파도·비안도, 비안도 남쪽 갯바위,4.3m~5.1m,펄/ 모래,들물 전·후,▶감성돔 - 릴찌/ 장대/ 원투 ▶갑오징어 - 에깅▶넙치 - 루어/ 원투 ▶노래미 - 루어/ 릴찌/ 장대/ 원투▶농어 - 루어/ 릴찌 ▶참돔 - 부력/ 잠수 ▶우럭 - 릴찌/ 원투,35-44-53.0N,,전라북도 군산시
696,POINT (892683.6771669331 1735582.85418793),왕등도·위도, 위도 대멀 부근,1.7m~2m,펄,중썰물~끝썰물,▶감성돔 - 릴찌/ 장대/ 원투 ▶넙치 - 루어/ 원투▶노래미 - 루어/ 릴찌/ 장대/ 원투 ▶농어 - 루어/ 릴찌▶숭어 - 릴찌/ 장대/ 훌치기 ▶우럭 - 릴찌/ 원투,35-36-37.9N,,전라북도 부안군
697,POINT (870498.854526463 1853203.57022648),가의도,남측 끝단 갯바위,2.8~3.1,암,상관없음,▶우럭 - 릴찌/ 원투▶노래미 - 루어/ 릴찌/ 장대/ 원투▶고등어 - 루어/ 릴찌/ 장대▶광어 - 릴찌/ 원투▶주꾸미 - 릴찌/ 원투/ 장대▶학공치 - 릴찌/ 장대,36-40-04.7N,,충청남도 태안군
698,POINT (889350.974539891 1663844.88918864),고이도·매화도·선도·증도,고이도 서측 철탑밑,0.8~1.7,펄/ 모래,초들물~중날물,▶감성돔 - 릴찌/ 장대/ 원투 ▶노래미 - 루어/ 릴찌/ 장대/ 원투 ▶광어 - 릴찌/ 원투 ▶숭어 - 릴찌/ 장대/ 훌치기▶우럭 - 릴찌/ 원투 ▶붕장어 - 원투 ▶도다리 - 원투 ▶농어 - 루어/ 릴찌,34-47-48.4N,,전라남도 신안군
699,POINT (872025.2844495841 1668126.47119753),고이도·매화도·선도·증도,해저유물 포인트,0~3.8,펄,초들물~중날물,▶감성돔 - 릴찌/ 장대/ 원투 ▶노래미 - 루어/ 릴찌/ 장대/ 원투 ▶광어 - 릴찌/ 원투 ▶숭어 - 릴찌/ 장대/ 훌치기▶우럭 - 릴찌/ 원투 ▶붕장어 - 원투 ▶도다리 - 원투 ▶농어 - 루어/ 릴찌,35-00-00N,,전라남도 신안군
700,POINT (955469.0307359151 1592430.97787393),금일도·생일도,생일도 헬기장 앞,1.2~2.0,암,초들물~중날물,▶감성돔 - 릴찌/ 장대/ 원투 ▶숭어 - 릴찌/ 장대/ 훌치기 ▶우럭 - 릴찌/ 원투 ▶노래미 - 루어/ 릴찌/ 장대/ 원투▶농어 - 루어/ 릴찌 ▶학공치 - 릴찌/ 장대 ▶볼락 - 루어/ 릴찌/ 장대 ▶붕장어 - 원투,34-19-28.3N,,전라남도 완도군
701,POINT (905015.5561113991 1748735.64735424),십이동파도·비안도,비안도 남서쪽 직벽 홈통,5.3m~8.2m,모래/ 펄,들물 전·후,▶감성돔 - 릴찌/ 장대/ 원투 ▶갑오징어 - 에깅▶넙치 - 루어/ 원투 ▶노래미 - 루어/ 릴찌/ 장대/ 원투▶농어 - 루어/ 릴찌 ▶참돔 - 부력/ 잠수 ▶우럭 - 릴찌/ 원투,35-43-49.3N,,전라북도 군산시
702,POINT (870791.122868216 1587255.43549032),독거군도 부근,죽항 북쪽 철탑 밑,1.4~6.9m,펄/ 조개껍질,조금 전후,▶ 참돔 - 부력/ 잠수▶ 감성돔 - 릴찌/ 장대/ 원투▶ 돌돔 - 릴찌/ 장대/ 원투▶ 광어-릴찌/ 원투▶ 농어 - 루어/ 릴찌,34-16-14.775N,,전라남도 진도군
703,POINT (923430.5159837661 1570013.11316458),노화도·보길도·소안도,소안도 담축끝 갯바위,12m~14m,펄,사리 전·후,▶감성돔 - 릴찌/ 장대/ 원투 ▶돌돔 - 릴찌/ 장대/ 원투▶농어 - 루어/ 릴찌 ▶벵에돔 - 목줄/ 장대/ 부력/ 잠수▶우럭 - 릴찌/ 원투 ▶ 참돔 - 부력/ 잠수,34-07-13.8N,,전라남도 완도군
704,POINT (809780.749314762 1631558.55344871),흑산도·삼태도, 대흑산도 섯개해수욕장 갯바위,3.3m~5m,모래/ 조개껍질,들물,▶감성돔 - 릴찌/ 장대/ 원투 ▶농어 - 루어/ 릴찌▶돌돔 - 릴찌/ 장대/ 원투 ▶볼락 - 루어/ 릴찌/ 장대▶붕장어 - 원투 ▶참돔 - 부력/ 잠수 ▶학공치 - 장대/ 릴찌,34-39-38.4N,,전라남도 신안군
705,POINT (873715.254746232 1855621.385086),가의도,북측 해변 옆 갯바위,0.4~3.1,암,상관없음,▶우럭 - 릴찌/ 원투▶노래미 - 루어/ 릴찌/ 장대/ 원투▶고등어 - 루어/ 릴찌/ 장대▶광어 - 릴찌/ 원투▶주꾸미 - 릴찌/ 원투/ 장대▶학공치 - 릴찌/ 장대,36-41-24.7N,,충청남도 태안군
706,POINT (813373.15044028 1580924.12644401),만재도,치안센터 하단 부근,13~16m,암,조금 전후,▶ 돌돔 - 릴찌/ 장대/ 원투▶ 참돔 - 부력/ 잠수▶ 감성돔 - 릴찌/ 장대/ 원투▶ 우럭 - 릴찌/ 원투▶ 광어 - 릴찌/ 원투▶ 농어 - 루어/ 릴찌▶ 볼락 - 릴찌/ 장대/ 루어▶ 문어 - 루어,34-12-17.928N,,전라남도 신안군
707,POINT (929478.23185866 1601127.28825033),완도 부근,사후도 북측 갯바위,0~2m,펄,들물,▶ 감성돔 - 릴찌/ 장대/ 원투▶ 농어 - 루어/ 릴찌▶ 도다리 - 원투▶ 숭어 - 릴찌/ 장대/ 훌치기▶ 노래미 - 루어/ 릴찌/ 장대▶ 학공치 - 릴찌/ 장대,34-24-05.418N,,전라남도 완도군
708,POINT (870971.65439099 1673931.28635642),임자도·사옥도,대중끝,0.2~0.3,모래,초들물~중날물,▶감성돔 - 릴찌/ 장대/ 원투▶노래미 - 루어/ 릴찌/ 장대/ 원투▶민어 - 루어/ 릴찌▶붕장어 - 원투▶우럭 - 릴찌/ 원투▶광어 - 릴찌/ 원투▶농어 - 루어/ 릴찌▶백조기 - 릴찌/ 원투▶숭어 - 릴찌/ 장대/ 훌치기,35-03-07.9N,,전라남도 신안군
709,POINT (849342.9709888779 1627237.87998032),우이도,달밭밑,0.3~3.4,암,3물~4물,▶감성돔 - 릴찌/ 장대/ 원투 ▶노래미 - 루어/ 릴찌/ 장대/ 원투▶농어 - 루어/ 릴찌 ▶우럭 - 릴찌/ 원투,34-37-41.9N,,전라남도 신안군
710,POINT (865260.471696234 1610988.10268023),가사도,작은모래땅 갯바위,3.5~8.2,암,5물~9물,▶감성돔 - 릴찌/ 장대/ 원투▶갑오징어 - 에깅▶우럭 - 릴찌/ 원투▶농어 - 루어/ 릴찌▶볼락 - 릴찌/ 장대/ 루어▶노래미 - 루어/ 릴찌/ 장대/ 원투,34-29-02.5N,,전라남도 진도군
711,POINT (886875.26275818 1732360.58860164),왕등도·위도,위도 논금해수욕장 갯바위,2.3m~3.2m,펄,중썰물~끝썰물,▶감성돔 - 릴찌/ 장대/ 원투 ▶넙치 - 루어/ 원투▶노래미 - 루어/ 릴찌/ 장대/ 원투 ▶농어 - 루어/ 릴찌▶숭어 - 릴찌/ 장대/ 훌치기 ▶우럭 - 릴찌/ 원투,35-34-51.0N,,전라북도 부안군
712,POINT (986605.0492665181 1588698.86544496),손죽열도 부근,손죽 해안,6.3~8.6m,펄,사리 전후/ 10~5물,▶ 감성돔 - 릴찌/ 장대/ 원투▶ 참돔 - 부력/ 잠수▶ 돌돔 - 릴찌/ 장대/ 원투▶ 우럭 - 릴찌/ 원투▶ 노래미 - 루어/ 릴찌/ 장대/ 원투▶ 농어 - 루어/ 릴찌▶ 숭어 - 릴찌/ 장대/ 훌치기▶ 삼치 - 루어/ 릴찌▶ 문어 - 루어,34-17-30.264N,,전라남도 여수시
713,POINT (1073216.65626786 1627522.80964737),욕지도, 통곶지비 부근 갯바위,3.1m~5m,펄,5물~11물,▶감성돔 - 릴찌/ 장대/ 원투 ▶농어 - 루어/ 릴찌▶무늬오징어 - 릴찌/ 에깅 ▶볼락 - 루어/ 릴찌/ 장대▶벵에돔 - 목줄/ 장대/ 부력/ 잠수 ▶참돔 - 부력/ 잠수,34-38-21.6N,,경상남도 통영시
714,POINT (1080365.23563371 1627079.56736873),연화도 부근,네바위 사이 골창,7.2~12.2m,암,초들물/ 초날물/ 5물~6물/ 조금,▶ 참돔 - 부력/ 잠수▶ 감성돔 - 릴찌/ 장대/ 원투▶ 볼락 - 릴찌/ 장대/ 루어▶ 벵에돔 - 목줄/ 장대/ 부력/ 잠수▶ 농어 - 루어/ 릴찌,34-38-05.283N,,경상남도 통영시
715,POINT (944470.539865925 1594676.84708405),신지도, 방죽포 철탑 부근 갯바위,2.1m~2.6m,펄/ 조개껍질,사리 전·후,▶감성돔 - 릴찌/ 장대/ 원투 ▶농어 - 루어/ 릴찌 ▶숭어 - 릴찌/ 장대/ 훌치기 ▶볼락 - 루어/ 릴찌/ 장대 ▶우럭 - 릴찌/ 원투 ▶참돔 - 부력/ 잠수,34-20-39.3N,,전라남도 완도군
716,POINT (961615.366918097 1595628.68393495),금일도·생일도,용황리 해안,0.9~2.0,펄,초들물~중날물,▶감성돔 - 릴찌/ 장대/ 원투▶도다리 - 원투▶우럭 - 릴찌/ 원투▶참돔 - 부력/ 잠수▶노래미 - 루어/ 릴찌/ 장대/ 원투▶볼락 - 릴찌/ 장대/ 루어,34-21-13.0N,,전라남도 완도군
717,POINT (864460.740952787 1591942.70692413),상조도·하조도·관매도,명지마을 해안도로,0~0.1,자갈/ 조개껍질,초들물~중날물,▶감성돔 - 릴찌/ 장대/ 원투 ▶참돔 - 부력/ 잠수 ▶노래미 - 루어/ 릴찌/ 장대/ 원투▶돌돔 - 원투/ 민장대/ 릴찌 ▶도다리 - 원투 ▶우럭 - 릴찌/ 원투,34-18-44.0N,,전라남도 진도군
718,POINT (1091961.47092753 1638001.7169138),한산도·용초도,호두마을 뒤등 ,1.7~2.0,펄/ 모래,초들물~중날물,▶참돔 - 부력/ 잠수▶볼락 - 릴찌/ 장대/ 루어▶감성돔 - 릴찌/ 장대/ 원투,34-43-56.3N,,경상남도 통영시
719,POINT (876514.904729391 1908347.25927548),문갑도·선갑도, 문갑도 진뿌리,3m~3.8m,펄/ 모래,사리 전·후,▶넙치 - 루어/ 원투 ▶노래미 - 루어/ 릴찌/ 장대/ 원투 ▶농어 - 루어/ 릴찌 ▶우럭 - 릴찌/ 원투,37-09-56.6N,,인천광역시 옹진군
720,POINT (868635.948972058 1709830.75621103),안마도·석만도,우물밑 우측 갯바위,2.6~6.0,펄,들물/날물,▶간재미 - 릴찌/ 장대/ 원투▶노래미 - 루어/ 릴찌/ 장대/ 원투▶붕장어 - 원투▶우럭 - 릴찌/ 원투▶민어 - 루어/ 지깅/ 원투▶광어 - 릴찌/ 원투,35-22-31.8N,,전라남도 영광군
721,POINT (1063162.27443606 1620026.03940565),갈도 부근,욕지끝바리,11.6~11.8m,모래/ 조개껍질,2물~8물/ 사리 전후,▶ 감성돔 - 릴찌/ 장대/ 원투▶ 돌돔 - 릴찌/ 장대/ 원투▶ 볼락 - 릴찌/ 장대/ 루어 ▶ 무늬오징어 - 릴찌/ 에깅,34-34-20.645N,,경상남도 통영시
722,POINT (864944.545792541 1705031.83605459),안마도·석만도,문 끝 갯바위,1.9~3.3,암,들물/날물,▶붕장어 - 원투▶우럭 - 릴찌/ 원투▶노래미 - 루어/ 릴찌/ 장대/ 원투▶농어 - 루어/ 릴찌▶민어 - 루어/ 지깅/ 원투▶광어 - 릴찌/ 원투,35-19-54.3N,,전라남도 영광군
723,POINT (983923.916783807 1562468.36094189),여서도·거문도,거문도 칼바위,6.6m~8.1m,침니/ 모래,들물/ 날물 전·후,▶감성돔 - 릴찌/ 장대/ 원투 ▶부시리 - 부력/ 잠수/ 지깅▶ 돌돔 - 릴찌/ 장대/ 원투 ▶볼락 - 루어/ 릴찌/ 장대▶우럭 - 릴찌/ 원투 ▶참돔 - 부력/ 잠수,34-03-18.5N,,전라남도 여수시
724,POINT (950207.07923854 1499856.2737358),제주도 북동부·우도,우두곶 갯바위,16.7~20.0,암,들물/날물,▶참돔 - 부력/ 잠수 ▶돌돔 - 민장대/ 릴찌/ 원투 ▶볼락 - 루어/ 릴찌/ 장대▶벵에돔 - 목줄/ 장대/ 부력/ 잠수 ▶무늬오징어 - 에깅 ▶독가시치 - 목줄/ 장대/ 부력/ 잠수,33-29-21.8N,,제주특별자치도 제주시
725,POINT (788594.910450738 1633456.628647),홍도,방구서 좌측 부근,5.9~4.7m,암,사리 전후/ 초들물/ 만조 전후,▶ 참돔 - 부력/ 잠수▶ 돌돔 - 릴찌/ 장대/ 원투▶ 감성돔 - 릴찌/ 장대/ 원투▶ 우럭 - 릴찌/ 원투▶ 농어 - 루어/ 릴찌,34-40-25.014N,,전라남도 신안군
726,POINT (789453.3124193951 1637133.30706968),홍도,탑섬 인근,0.3~2.7m,암,사리 전후/ 초들물/ 만조 전후,▶ 참돔 - 부력/ 잠수▶ 돌돔 - 릴찌/ 장대/ 원투▶ 감성돔 - 릴찌/ 장대/ 원투▶ 우럭 - 릴찌/ 원투▶ 농어 - 루어/ 릴찌,34-42-24.916N,,전라남도 신안군
727,POINT (789510.52284737 1634206.99514045),홍도,노적봉 하단,0.6~9.3m,암,사리 전후/ 초들물/ 만조 전후,▶ 참돔 - 부력/ 잠수▶ 돌돔 - 릴찌/ 장대/ 원투▶ 감성돔 - 릴찌/ 장대/ 원투▶ 우럭 - 릴찌/ 원투▶ 농어 - 루어/ 릴찌,34-40-50.034N,,전라남도 신안군
728,POINT (895578.2818704711 1653050.36026643),목포 부근,가란도,0.2~0.3m,펄,사리 전후/ 초들물~중날물,▶ 감성돔 - 릴찌/ 장대/ 원투▶ 붕장어 - 원투▶ 우럭 - 릴찌/ 원투▶ 노래미 - 루어/ 릴찌/ 장대/ 원투▶ 농어 - 루어/ 릴찌▶ 볼락 - 릴찌/ 장대/ 루어,34-52-00.426N,,전라남도 신안군
729,POINT (893348.744697882 1647691.98312722),목포 부근,장감길 끝,-4.2~3.9m,펄,사리 전후/ 초들물~중날물,▶ 감성돔 - 릴찌/ 장대/ 원투▶ 붕장어 - 원투▶ 우럭 - 릴찌/ 원투▶ 노래미 - 루어/ 릴찌/ 장대/ 원투▶ 농어 - 루어/ 릴찌▶ 볼락 - 릴찌/ 장대/ 루어,34-49-05.676N,,전라남도 신안군
730,POINT (887818.6990685851 1552738.40459593),추자군도,새말 갯바위,0.8~1.1m,암,11물~5물/ 정조전후,▶ 감성돔 - 릴찌/ 장대/ 원투▶ 벵에돔 - 목줄/ 장대/ 부력/ 잠수▶ 참돔 - 부력/ 잠수▶ 돌돔 - 민장대/ 릴찌/ 원투▶ 볼락 - 릴찌/ 장대/ 루어▶ 부시리 - 부력/ 잠수/ 지깅,33-57-41.470N,,제주특별자치도 제주시
731,POINT (976001.747322504 1613641.84835926),거금수도 부근,남촌휴양지 남측,0.1~1.3m,펄,초들물~만조,▶ 감성돔 - 릴찌/ 장대/ 원투▶ 숭어 - 릴찌/ 장대/ 훌치기▶ 우럭 - 릴찌/ 원투▶ 노래미 - 루어/ 릴찌/ 장대/ 원투▶ 농어 - 루어/ 릴찌▶ 볼락 - 릴찌/ 장대/ 루어,34-30-59.366N,,전라남도 고흥군
732,POINT (960361.661924992 1577573.93674265),황제도,철탑,12.9~17.1m,암,사리를 피한 물때/ 1~3물/ 9~13물,▶ 감성돔 - 릴찌/ 장대/ 원투▶ 참돔 - 부력/ 잠수▶ 돌돔 - 릴찌/ 장대/ 원투▶ 농어 - 루어/ 릴찌▶ 광어 - 릴찌/ 원투▶ 볼락 - 릴찌/ 장대/ 루어,34-11-26.669N,,전라남도 완도군
733,POINT (895053.445807492 1918871.30150559),자월도, 입암두 부근 갯바위,1.2m~2.2m,모래,들물/ 날물,▶넙치 - 루어/ 원투 ▶우럭 - 릴찌/ 원투,37-15-46.2N,,인천광역시 옹진군
734,POINT (872606.592634641 1804708.34053624),호도·녹도·외연도,외연도 작은 명금 부근,1.3m~2.7m,자갈,조금 전·후,▶감성돔 - 릴찌/ 장대/ 원투 ▶갑오징어 - 에깅▶넙치 - 루어/ 원투 ▶노래미 - 루어/ 릴찌/ 장대/ 원투▶농어 - 루어/ 릴찌 ▶우럭 - 릴찌/ 원투 ▶참돔 - 부력/ 잠수,36-13-52.3N,,충청남도 보령시
735,POINT (1067824.66455846 1649187.37984832),사량도,하사량도 동포 해안도로 제방,2.1m~3m,펄,13물~6물,▶감성돔 - 릴찌/ 장대/ 원투 ▶농어 - 루어/ 릴찌▶벵에돔 - 목줄/ 장대/ 부력/ 잠수 ▶우럭 - 릴찌/ 원투▶볼락 - 루어/ 릴찌/ 장대 ▶참돔 - 부력/ 잠수,34-50-06.2N,,경상남도 통영시
736,POINT (1105406.85354396 1638392.32751389),거제도 남부,함목해수욕장 갯바위,23m~25m,가는 모래,조금 전·후,▶ 감성돔 - 릴찌/ 장대/ 원투 ▶ 농어 - 루어/ 릴찌 ▶ 벵에돔 - 목줄/ 장대/ 부력/ 잠수▶ 우럭 - 릴찌/ 원투 ▶ 볼락 - 루어/ 릴찌/ 장대 ▶ 참돔 - 부력/ 잠수,34-44-04.3N,,경상남도 거제시
737,POINT (894757.8215084791 1845209.71697691),안면도 북부,연륙교,-2.3~-3.3,펄,초들물~중날물,▶우럭 - 릴찌/ 원투▶노래미 - 루어/ 릴찌/ 장대/ 원투▶학공치 - 릴찌/ 장대▶광어 - 릴찌/ 원투▶숭어 - 릴찌/ 장대/ 홀치기▶도다리 - 원투,36-35-56.1N,,충청남도 태안군
738,POINT (942206.370727872 1579686.5891861),청산도·대모도, 청산도 촛대바위 부근,1.7m~2.9m,조개껍질/ 펄,4물~사리,▶감성돔 - 릴찌/ 장대/ 원투 ▶넙치 - 루어/ 원투▶농어 - 루어/ 릴찌 ▶도다리 - 원투 ▶우럭 - 릴찌/ 원투▶볼락 - 루어/ 릴찌/ 장대 ▶참돔 - 부력/ 잠수,34-12-32.2N,,전라남도 완도군
739,POINT (973697.5412912191 1638572.28201739),고흥호 부근,득량만방조제,0.3~0.5m,펄,들물,▶ 감성돔 - 릴찌/ 장대/ 원투▶ 농어 - 루어/ 릴찌▶ 도다리 - 원투▶ 숭어 - 릴찌/ 장대/ 훌치기▶ 붕장어 - 원투▶ 학공치 - 릴찌/  장대,34-44-28.514N,,전라남도 보성군
740,POINT (1022207.96052734 1635087.08484742),여수엑스포 부근,노도 인근,1.9~7.1m,펄,조금,▶ 벵에돔 - 목줄/ 장대/ 부력/ 잠수▶ 참돔 - 부력/ 잠수▶ 돌돔 - 릴찌/ 장대/ 원투▶ 감성돔 - 릴찌/ 장대/ 원투▶ 농어 - 루어/ 릴찌,34-42-35.721N,,전라남도 여수시
741,POINT (958786.462295319 1604080.58966808),금당도,신흥리제방수문,-0.1~0,펄,초들물~중날물,▶감성돔 - 릴찌/ 장대/ 원투▶볼락 - 릴찌/ 장대/ 루어▶노래미 - 루어/ 릴찌/ 장대/ 원투▶농어 - 루어/ 릴찌▶도다리 - 원투▶학공치 - 릴찌/ 장대,34-25-47.0N,,전라남도 완도군
742,POINT (864657.3192033011 1910884.69300773),백아도·굴업도,굴업도 마을 서쪽 갯바위,1.3m~1.8m,모래/ 펄,들물,▶넙치 - 루어/ 원투 ▶노래미 - 루어/ 릴찌/ 장대/ 원투▶농어 - 루어/ 릴찌 ▶붕장어 - 원투▶우럭 - 릴찌/ 원투,37-11-13.0N,,인천광역시 옹진군
743,POINT (904627.877120542 1823599.28261303),안면도 남 부,추도 갯바위,0.1~0.9,암,중들물~중날물,▶숭어 - 릴찌/ 장대/ 홀치기▶노래미 - 루어/ 릴찌/ 장대/ 원투▶삼치 - 루어/ 릴찌▶붕장어 - 원투▶주꾸미 - 릴찌/ 원투,36-24-18.6N,,충청남도 보령시
744,POINT (1097974.85836697 1627872.36973101),비진도·매물도,매물도 대항 선창,3.1m~4.2m,펄/ 조개껍질,조금 전·후,▶감성돔 - 릴찌/ 장대/ 원투 ▶돌돔 - 릴찌/ 장대/ 원투▶볼락 - 루어/ 릴찌/ 장대 ▶참돔 - 부력/ 잠수,34-38-25.5N,,경상남도 통영시
745,POINT (1045966.83536564 1672293.66961014),사천대교 부근,덕진포교,-1.5~-1.7m,펄,초들물~중날물,▶ 참돔 - 부력/ 잠수▶ 농어 - 루어/ 릴찌▶ 우럭 - 릴찌/ 원투▶ 볼락 - 릴찌/ 장대/ 루어▶ 노래미 - 루어/ 릴찌/ 장대/ 원투▶ 붕장어 - 원투,35-02-40.675N,,경상남도 사천시
746,POINT (863350.51903645 1707823.86496971),안마도·석만도,근여 부근 갯바위,6.8~17.0,펄/ 모래,들물/날물,▶우럭 - 릴찌/ 원투▶농어 - 루어/ 릴찌▶문어 - 루어▶붕장어 - 원투▶광어 - 릴찌/ 원투▶노래미 - 루어/ 릴찌/ 장대/ 원투,35-21-24.1N,,전라남도 영광군
747,POINT (905607.709408006 1920028.09437502),영흥도·선재도·대부도·구봉도, 영흥도 비석바위,2.2m~4.3m,펄/ 모래,들물,▶넙치 - 루어/ 원투 ▶농어 - 루어/ 릴찌▶삼치 - 루어/ 릴찌 ▶숭어 - 릴찌/ 장대/ 훌치기,37-16-27.8N,,인천광역시 옹진군
748,POINT (896478.260828238 1968307.27264666),석모도,섬돌모루,-0.8~2.5,펄,초들물~중날물,▶농어 - 루어/ 릴찌▶숭어 - 릴찌/ 장대/ 홀치기▶우럭 - 릴찌/ 원투▶망둥어 - 릴찌/ 장대,37-42-30.6N,,인천광역시 강화군
749,POINT (1005413.27276802 1641785.51048217),순천만 부근,달천도 부근,1.1~3.6m,펄,초들물,▶ 붕장어 - 원투▶ 망둑어 - 원투▶ 짱뚱어 - 훌치기▶ 숭어 - 릴찌/ 장대/ 훌치기,34-46-13.997N,,전라남도 여수시
750,POINT (1034577.99009182 1636720.19007829),남해도 남부,가천 갯바위(레이다기지),13.1~18.4,펄,초들물~중날물,▶참돔 - 부력/ 잠수▶농어 - 루어/ 릴찌▶노래미 - 루어/ 릴찌/ 장대/ 원투▶볼락 - 릴찌/ 장대/ 루어▶우럭 - 릴찌/ 원투,34-43-27.5N,,경상남도 남해군
751,POINT (911942.102997269 1782380.31680679),개야도,치도 남측 갯바위,1.9~4.4,모래/ 펄,초들물~중날물,▶망농어 - 루어/ 릴찌▶부세 - 릴찌/ 원투▶감성돔 - 릴찌/ 장대/ 원투▶백조기 - 릴찌/ 원투,36-02-03.5N,,전라북도 군산시
752,POINT (885683.3044045691 1629508.20071149),화원 부근,우도,1.6~2.7m,암,조금 전후/ 초들물~중날물,▶ 감성돔 - 릴찌/ 장대/ 원투▶ 붕장어 - 원투▶ 농어 - 루어/ 릴찌,34-39-12.499N,,전라남도 해남군
753,POINT (902117.204602431 1934098.41816161),무의도,실미도해변 갯바위,-2.5~-1.0,모래/ 펄,중들물~중날물,▶농어 - 루어/ 릴찌▶광어 - 릴찌/ 원투▶삼치 - 루어/ 릴찌▶우럭 - 릴찌/ 원투▶노래미 - 루어/ 릴찌/ 장대/ 원투▶붕장어 - 원투,37-24-03.0N,,인천광역시 중구
754,POINT (789466.8240135751 1639058.08006232),홍도,탑서 우측,3.8~5.6m,암,사리 전후/ 초들물/ 만조 전후,▶ 참돔 - 부력/ 잠수▶ 돌돔 - 릴찌/ 장대/ 원투▶ 감성돔 - 릴찌/ 장대/ 원투▶ 우럭 - 릴찌/ 원투▶ 농어 - 루어/ 릴찌,34-43-27.362N,,전라남도 신안군
755,POINT (1072945.19300443 1641015.40023504),추도 부근,높은여,3.1~5.0m,암,6물~8물,▶ 볼락 - 릴찌/ 장대/ 루어▶ 우럭 - 릴찌/ 원투▶ 주꾸미 - 릴찌/ 원투▶ 광어 - 릴찌/ 원투▶ 감성돔 - 릴찌/ 장대/ 원투▶ 벵에돔 - 목줄/ 장대/ 부력/ 잠수▶ 참돔 - 부력/ 잠수,34-45-39.656N,,경상남도 통영시
756,POINT (962645.879222486 1608613.8345197),거금도,배천마을 곶부리,1.6m~2.3m,펄,초들물,▶감성돔 - 릴찌/ 장대/ 원투 ▶넙치 - 루어/ 원투▶농어 - 루어/ 릴찌 ▶도다리 - 원투▶붕장어 - 원투 ▶숭어 - 릴찌/ 장대/ 훌치기 ▶우럭 - 릴찌/ 원투,34-28-14.7N,,전라남도 고흥군
775,POINT (893243.595316079 1971936.55266978),석모도,하리낚시터 북측,-3.2~-0.2,펄,초들물~중날물,▶농어 - 루어/ 릴찌▶숭어 - 릴찌/ 장대/ 홀치기▶우럭 - 릴찌/ 원투▶망둥어 - 릴찌/ 장대,37-44-27.0N,,인천광역시 강화군
757,POINT (892343.524929313 1472245.83983662),제주도 남서부·가파도·마라도,발전소 앞 갯바위,1.2~4.6,암,초들물~중날물,▶벵에돔 - 목줄/ 장대/ 잠수▶한치 - 루어/ 원투▶노래미 - 루어/ 릴찌/ 장대/ 원투▶독가시치 - 목줄/ 장대/ 부력/ 잠수▶부시리 - 부력/ 잠수/ 지깅▶우럭 - 릴찌/ 원투,33-14-10.1N,,제주특별자치도 서귀포시
758,POINT (894542.382189517 1908764.82332117),이작도·승봉도,승봉도 남대문바위,1.4m~1.7m,펄,초들물~중들물,▶넙치 - 루어/ 원투 ▶노래미 - 루어/ 릴찌/ 장대/ 원투▶농어 - 루어/ 릴찌 ▶우럭 - 릴찌/ 원투,37-10-18.1N,,인천광역시 옹진군
759,POINT (1019166.85722333 1615328.86648406),금오도·안도,금오도 야외음악당 부근,7.5m~9m,펄,9물~13물/ 날물 전·후,▶감성돔 - 릴찌/ 장대/ 원투 ▶도다리 - 원투 ▶노래미 - 루어/ 릴찌/ 장대/ 원투▶붕장어 - 원투 ▶벵에돔 - 목줄/ 장대/ 부력/ 잠수 ▶볼락 - 루어/ 릴찌/ 장대,34-31-54.5N,,전라남도 여수시
760,POINT (906401.9456819411 1931136.59243063),무의도,때무리 동측 갯바위,0.1~2.5,펄/ 모래,중들물~중날물,▶광어 - 릴찌/ 원투▶삼치 - 루어/ 릴찌▶주꾸미 - 릴찌/ 원투▶노래미 - 루어/ 릴찌/ 장대/ 원투▶붕장어 - 원투,37-22-28.5N,,인천광역시 중구
761,POINT (908200.6842700631 1573254.36013358),노화도·보길도·소안도,보길도 선창리 갯바위,1.3m~1.9m,바위,사리 전·후,▶농어 - 루어/ 릴찌 ▶노래미-루어/ 릴찌/ 장대/ 원투▶볼락 - 릴찌/ 장대/ 원투 ▶붕장어 - 원투▶숭어 - 릴찌/ 장대/ 훌치기 ▶우럭 - 릴찌/ 원투,34-08-54.6N,,전라남도 완도군
762,POINT (950045.013517816 1502943.10382747),제주도 북동부·우도,독진곶 갯바위,1.1~2.0,암,들물/날물,▶참돔 - 부력/ 잠수 ▶돌돔 - 민장대/ 릴찌/ 원투 ▶볼락 - 루어/ 릴찌/ 장대▶벵에돔 - 목줄/ 장대/ 부력/ 잠수 ▶무늬오징어 - 에깅 ▶독가시치 - 목줄/ 장대/ 부력/ 잠수,33-31-02.0N,,제주특별자치도 제주시
763,POINT (930934.70089495 1577418.6329829),청산도·대모도, 대모도 마도말 갯바위,8.5m~10m,펄/ 모래/ 조개껍질,4물~사리,▶감성돔 - 릴찌/ 장대/ 원투 ▶농어 - 루어/ 릴찌▶노래미 - 루어/ 릴찌/ 장대/ 원투 ▶우럭 - 릴찌/ 원투▶볼락 - 루어/ 릴찌/ 장대,34-11-16.1N,,전라남도 완도군
764,POINT (884595.7234934 1778672.65440029),십이동파도·비안도, 십이동파도 병풍도 북쪽 곶부리,21m~22.3m,펄/ 모래,12물~3물,▶감성돔 - 릴찌/ 장대/ 원투 ▶넙치 - 루어/ 원투▶돌돔 - 릴찌/ 장대/ 원투 ▶노래미 - 루어/ 릴찌/ 장대/ 원투▶농어 - 루어/ 릴찌 ▶우럭 - 릴찌/ 원투 ▶참돔 - 부력/ 잠수,35-59-52.9N,,전라북도 군산시
765,POINT (887704.483113144 1553544.72510291),추자군도,다무래미 갯바위,0.8~1.1m,암,11물~5물/ 정조전후,▶ 감성돔 - 릴찌/ 장대/ 원투▶ 벵에돔 - 목줄/ 장대/ 부력/ 잠수▶ 참돔 - 부력/ 잠수▶ 돌돔 - 민장대/ 릴찌/ 원투▶ 볼락 - 릴찌/ 장대/ 루어▶ 부시리 - 부력/ 잠수/ 지깅,33-58-07.600N,,제주특별자치도 제주시
766,POINT (930405.826261557 1599902.22735889),완도 부근,사후도 남측 갯바위,-1.0~0.1m,펄,들물,▶ 감성돔 - 릴찌/ 장대/ 원투▶ 농어 - 루어/ 릴찌▶ 도다리 - 원투▶ 숭어 - 릴찌/ 장대/ 훌치기▶ 노래미 - 루어/ 릴찌/ 장대▶ 학공치 - 릴찌/ 장대,34-23-25.875N,,전라남도 완도군
767,POINT (981069.4405772921 1558023.07766742),여서도·거문도,거문도 대매지끝(용무늬 절벽),6m~13.1m,침니/ 모래,들물/ 날물 전·후,▶감성돔 - 릴찌/ 장대/ 원투 ▶돌돔 - 릴찌/ 장대/ 원투▶벵에돔 - 목줄/ 장대/ 부력/ 잠수 ▶참돔 - 부력/ 잠수,34-00-54.0N,,전라남도 여수시
768,POINT (903271.3020060441 1471675.31533008),제주도 남부,세별곶,9.6~18.0,암,초들물~중날물,▶벵에돔 - 목줄/ 장대/ 부력/ 잠수▶한치 - 루어/ 원투▶노래미 - 루어/ 릴찌/ 장대/ 원투▶독가시치 - 목줄/ 장대/ 부력/ 잠수▶부시리 - 부력/ 잠수/ 지깅▶우럭 - 릴찌/ 원투,33-13-55.3N,,제주특별자치도 서귀포시
769,POINT (875150.94977664 1586634.45697703),독거군도 부근,슬도 북쪽 넓은자리,3.2~5.1m,암,조금~4물,▶ 참돔 - 부력/ 잠수▶ 감성돔 - 릴찌/ 장대/ 원투▶ 돌돔 - 릴찌/ 장대/ 원투▶ 광어-릴찌/ 원투▶ 농어 - 루어/ 릴찌,34-15-56.539N,,전라남도 진도군
770,POINT (890456.122980357 1661033.91625739),고이도·매화도·선도·증도,고이도 남측 철탑 밑,0.8~2.7,모래,초들물~중날물,▶감성돔 - 릴찌/ 장대/ 원투 ▶노래미 - 루어/ 릴찌/ 장대/ 원투 ▶광어 - 릴찌/ 원투 ▶숭어 - 릴찌/ 장대/ 훌치기▶우럭 - 릴찌/ 원투 ▶붕장어 - 원투 ▶도다리 - 원투 ▶농어 - 루어/ 릴찌,34-56-17.6N,,전라남도 신안군
771,POINT (786963.3087316781 1633569.42656886),홍도,상연서 상단,3.9~9.4m,암,사리 전후/ 초들물/ 만조 전후,▶ 참돔 - 부력/ 잠수▶ 돌돔 - 릴찌/ 장대/ 원투▶ 감성돔 - 릴찌/ 장대/ 원투▶ 우럭 - 릴찌/ 원투▶ 농어 - 루어/ 릴찌,34-40-27.455N,,전라남도 신안군
772,POINT (868573.076419085 1583106.11279323),상조도·하조도·관매도,신의도 갯바위,0.8~5.5,펄,초들물~중날물,▶감성돔 - 릴찌/ 장대/ 원투 ▶돌돔 - 원투/ 민장대/ 릴찌▶참돔 - 부력/ 잠수 ▶도다리 - 원투▶노래미 - 루어/ 릴찌/ 장대/ 원투 ▶우럭 - 릴찌/ 원투,34-13-59.1N,,전라남도 진도군
773,POINT (756058.7072491461 1985758.68283847),대청도·소청도, 대청도 검은낭 갯바위,3.1m~3.4m,바위,사리 전후 ,▶넙치 - 루어/ 원투 ▶노래미 - 루어/ 릴찌/ 장대/ 원투▶농어 - 루어/ 릴찌 ▶삼치 - 루어/ 릴찌▶쏨뱅이 - 루어/ 릴찌 ▶우럭 - 루어/ 릴찌,37-50-20.4N,,인천광역시 옹진군
774,POINT (882412.437467481 1659220.49264263),고이도·매화도·선도·증도,둔벙여 갯바위,0~3.6,모래/ 조개껍질,초들물~중날물,▶감성돔 - 릴찌/ 장대/ 원투 ▶노래미 - 루어/ 릴찌/ 장대/ 원투 ▶광어 - 릴찌/ 원투 ▶숭어 - 릴찌/ 장대/ 훌치기▶우럭 - 릴찌/ 원투 ▶붕장어 - 원투 ▶도다리 - 원투 ▶농어 - 루어/ 릴찌,34-55-15.5N,,전라남도 신안군
776,POINT (894782.990960306 1951868.2626896),장봉도, 채석장 북갯바위(가막머리),3m~3.5m,자갈/ 모래,조금 전·후/ 3물~5물,▶넙치 - 루어/ 원투 ▶노래미 - 루어/ 릴찌/ 장대/ 원투 ▶망둑어 - 원투 ▶숭어 - 릴찌/ 장대/ 훌치기 ▶붕장어 - 원투 ▶우럭 - 릴찌/ 원투,37-33-36.6N,,인천광역시 옹진군
777,POINT (881942.426845634 1913121.11247083),덕적도·소야도,소야도 떼뿌루해수욕장 갯바위,1.1m~1.4m,모래,모래,▶노래미 - 루어/ 릴찌/ 장대/ 원투 ▶농어 - 루어/ 릴찌▶붕장어 - 원투 ▶숭어 - 릴찌/ 장대/ 훌치기▶우럭 - 루어/ 릴찌,37-12-34.0N,,인천광역시 옹진군
778,POINT (907425.093265677 1921111.24083162),영흥도·선재도·대부도·구봉도, 영흥도 농어바위,1.2m~2m,모래,들물,▶넙치 - 루어/ 원투 ▶농어 - 루어/ 릴찌▶삼치 - 루어/ 릴찌 ▶숭어 - 릴찌/ 장대/ 훌치기,37-17-03.6N,,인천광역시 옹진군
779,POINT (916152.549447087 1896573.06733755),입파도·국화도, 국화도 해수욕장 서측 갯바위,1.3m~2.3m,모래,조금 전·후,▶노래미 - 루어/ 릴찌/ 장대/ 원투 ▶도다리 - 원투▶우럭 - 루어/ 릴찌,37-03-50.4N,,경기도 화성시
780,POINT (904396.4658090379 1818655.71618648),원산도·삽시도, 원산도해수욕장 동측 소록도,1.4m~2.1m,펄/ 모래,들물 전·후,▶갑오징어 - 에깅 ▶넙치 - 루어/ 원투 ▶농어 - 루어/ 릴찌▶노래미 - 루어/ 릴찌/ 장대/ 원투 ▶우럭 - 릴찌/ 원투 ▶주꾸미 - 루어,36-21-38.1N,,충청남도 보령시
781,POINT (903930.651135523 1787425.64034558),어청도·연도,연도 채석장,1.6m~2.5m,자갈,초들물,▶넙치 - 루어/ 원투 ▶농어 - 루어/ 릴찌▶보구치 - 원투 ▶우럭 - 릴찌/ 원투▶장대 - 루어/ 릴찌,36-04-44.5N,,전라북도 군산시
782,POINT (902755.490260527 1758676.04759817),선유도·무녀도·장자도·신시도, 선유도 북도 동쪽 갯바위,1.2m~1.5m,모래/ 펄,조금 전·후,▶넙치 - 루어/ 원투 ▶노래미 - 루어/ 릴찌/ 장대/ 원투▶농어 - 루어/ 릴찌 ▶붕장어 - 원투▶삼치 - 루어/ 릴찌 ▶우럭 - 릴찌/ 원투 ▶양태 - 루어/ 릴찌,35-49-11.1N,,전라북도 군산시
783,POINT (1086120.22191958 1645782.64256706),미륵도, 이운항 동쪽 해안 갯바위,1.7m~2.2m,펄,조금 전·후,▶고등어 - 루어/ 릴찌/ 장대 ▶감성돔 - 릴찌/ 장대/ 원투▶노래미 - 루어/ 릴찌/ 장대/ 원투 ▶도다리 - 원투▶볼락 - 루어/ 릴찌/ 장대 ▶참돔 - 부력/ 잠수,34-48-10.7N,,경상남도 통영시
784,POINT (969000.293580075 1603957.81535986),거금도, 금장 끝바리,1.2m~2.8m,펄,초들물,▶감성돔 - 릴찌/ 장대/ 원투 ▶넙치 - 루어/ 원투▶농어 - 루어/ 릴찌 ▶도다리 - 원투▶볼락 - 루어/ 릴찌/ 장대 ▶우럭 - 릴찌/ 원투,34-25-44.3N,,전라남도 고흥군
785,POINT (996025.8165060281 1609115.63266256),나로도, 외나로도 나로대교 철탑 부근,1.5m~2.1m,바위,초들물~만조,▶노래미 - 루어/ 릴찌/ 장대/ 원투 ▶도다리 - 원투▶볼락 - 루어/ 릴찌/ 장대 ▶숭어 - 릴찌/ 장대/ 훌치기▶우럭 - 릴찌/ 원투 ▶학공치 - 릴찌/ 장대,34-28-33.4N,,전라남도 고흥군
786,POINT (891684.624376589 1918975.76549493),자월도, 큰굴 부근,1m~4m,모래,들물/ 날물,▶넙치 - 루어/ 원투 ▶우럭 - 릴찌/ 원투,37-15-48.2N,,인천광역시 옹진군
787,POINT (895640.743824581 1907632.28995986),이작도·승봉도,승봉도 촛대바위,1.2m~2.2m,모래/ 조개껍질,초들물~중들물,▶넙치 - 루어/ 원투 ▶노래미 - 루어/ 릴찌/ 장대/ 원투▶농어 - 루어/ 릴찌 ▶우럭 - 릴찌/ 원투,37-09-41.8N,,인천광역시 옹진군
788,POINT (865227.8112197041 1911701.68820227),백아도·굴업도, 굴업도 마을 북쪽 갯바위,1.7m~2.5m,가는 모래,들물,▶넙치 - 루어/ 원투 ▶노래미 - 루어/ 릴찌/ 장대/ 원투▶농어 - 루어/ 릴찌 ▶붕장어 - 원투▶우럭 - 릴찌/ 원투,37-11-39.8N,,인천광역시 옹진군
789,POINT (916315.5994329649 1896327.97923493),입파도·국화도, 국화도 해수욕장 동측 갯바위,1.2m~2.3m,모래,조금 전·후,▶노래미 - 루어/ 릴찌/ 장대/ 원투 ▶도다리 - 원투▶우럭 - 루어/ 릴찌,37-03-42.5N,,경기도 화성시
790,POINT (905024.859786059 1757566.73422485),선유도·무녀도·장자도·신시도,신시도 남단 간출여 부근,1.3m~1.8m,모래/ 펄,들물 전·후,▶넙치 - 루어/ 원투 ▶노래미 - 루어/ 릴찌/ 장대/ 원투▶농어 - 루어/ 릴찌 ▶도다리 - 원투▶우럭 - 릴찌/ 원투,35-48-35.9N,,전라북도 군산시
791,POINT (898205.000981052 1761691.63790543),말도·방축도,방축도 남서쪽 작은 홈통,7m~8.6m,모래/ 조개껍질,중들물~만조시,▶감성돔 - 릴찌/ 장대/ 원투 ▶넙치 - 루어/ 원투▶농어 - 루어/ 릴찌 ▶우럭 - 릴찌/ 원투▶부시리 - 부력/ 잠수/ 지깅 ▶참돔 - 부력/ 잠수,35-50-47.3N,,전라북도 군산시
792,POINT (1010536.87455525 1622033.62399558),낭도 부근,하화도 해안길,1.8~3.2m,펄,조금 전후/ 13~5물,▶ 감성돔 - 릴찌/ 장대/ 원투▶ 붕장어 - 원투▶ 농어 - 루어/ 릴찌▶ 숭어 - 릴찌/ 장대/ 훌치기,34-35-32.619N,,전라남도 여수시
793,POINT (886074.220674749 1663672.60444833),고이도·매화도·선도·증도,삼섬 포인트,1.6~2.3,펄/ 모래,초들물~중날물,▶감성돔 - 릴찌/ 장대/ 원투 ▶노래미 - 루어/ 릴찌/ 장대/ 원투 ▶광어 - 릴찌/ 원투 ▶숭어 - 릴찌/ 장대/ 훌치기▶우럭 - 릴찌/ 원투 ▶붕장어 - 원투 ▶도다리 - 원투 ▶농어 - 루어/ 릴찌,34-57-41.5N,,전라남도 신안군
794,POINT (866078.3319742421 1608252.51062774),가사도,항로표지관리소 밑,-0.2~1.8,암,5물~9물,▶감성돔 - 릴찌/ 장대/ 원투▶갑오징어 - 에깅▶우럭 - 릴찌/ 원투▶농어 - 루어/ 릴찌▶볼락 - 릴찌/ 장대/ 루어▶노래미 - 루어/ 릴찌/ 장대/ 원투,34-27-34.1N,,전라남도 진도군
795,POINT (914768.470759745 1572813.67975983),노화도·보길도·소안도,보길도 예송리해수욕장 곶부리,3.6m~4.2m,펄/ 모래,사리 전·후,▶감성돔 - 릴찌/ 장대/ 원투 ▶고등어 - 루어/ 릴찌▶노래미 - 루어/ 릴찌/ 장대/ 원투 ▶농어 - 루어/ 릴찌▶숭어 - 릴찌/ 장대/ 훌치기 ▶학공치 - 릴찌/ 장대,34-08-42.3N,,전라남도 완도군
796,POINT (908758.3958348021 1921426.41211634),영흥도·선재도·대부도·구봉도, 영흥도 진여,1.5m~2.3m,펄/ 모래,들물,▶넙치 - 루어/ 원투 ▶농어 - 루어/ 릴찌▶삼치 - 루어/ 릴찌 ▶우럭 - 루어/ 릴찌,37-17-14.3N,,인천광역시 옹진군
797,POINT (864240.167127318 1791449.07436742),어청도·연도, 어청도 세미치말 부근,4.4m~6.2m,펄,들물/ 날물,▶감성돔 - 릴찌/ 장대/ 원투 ▶넙치 - 루어/ 원투▶농어 - 루어/ 릴찌 ▶돌돔 - 릴찌/ 장대/ 원투▶방어 - 부력/ 잠수/ 지깅 ▶우럭 - 릴찌/ 원투,36-06-38.0N,,전라북도 군산시
798,POINT (1066281.21888892 1650115.68249616),사량도, 상사량도 진촌항 수협 앞 선창,7.2m~10.1m,자갈/ 조개껍질,13물~6물,▶감성돔 - 릴찌/ 장대/ 원투 ▶농어 - 루어/ 릴찌▶노래미 - 루어/ 릴찌/ 장대/ 원투 ▶우럭 - 릴찌/ 원투,34-50-36.7N,,경상남도 통영시
799,POINT (876634.457593073 1909603.15809264),문갑도·선갑도, 문갑도 문갑해수욕장 갯바위,1.3m~2m,펄/ 모래,사리 전·후,▶넙치 - 루어/ 원투 ▶노래미 - 루어/ 릴찌/ 장대/ 원투 ▶농어 - 루어/ 릴찌 ▶우럭 - 릴찌/ 원투,37-10-37.4N,,인천광역시 옹진군
800,POINT (984089.303116131 1561731.96430095),여서도·거문도, 거문도 산굴산 부근 갯바위,15.1m~16.3m,자갈/ 조개껍질,들물/ 날물 전·후,▶감성돔 - 릴찌/ 장대/ 원투 ▶돌돔 - 릴찌/ 장대/ 원투▶볼락 - 루어/ 릴찌/ 장대 ▶참돔 - 부력/ 잠수,34-02-54.6N,,전라남도 여수시
801,POINT (934336.9403099541 1592429.24472151),신지도,노랑바위 부근,2.3m~3.8m,모래/ 조개껍질,사리 전·후,▶감성돔 - 릴찌/ 장대/ 원투 ▶갑오징어 - 에깅▶볼락 - 루어/ 릴찌/ 장대 ▶우럭 - 릴찌/ 원투▶참돔 - 부력/ 잠수 ▶학공치 - 릴찌/ 장대,34-19-24.2N,,전라남도 완도군
802,POINT (1076887.67717863 1630335.80760301),연화도 부근,구멍섬 갯바위,2.9~7.1m,암,초들물/ 초날물/ 5물~6물/ 조금,▶ 참돔 - 부력/ 잠수▶ 감성돔 - 릴찌/ 장대/ 원투▶ 볼락 - 릴찌/ 장대/ 루어▶ 벵에돔 - 목줄/ 장대/ 부력/ 잠수▶ 농어 - 루어/ 릴찌,34-39-51.945N,,경상남도 통영시
803,POINT (897795.678706404 1761659.38656628),말도·방축도,방축도 남서쪽 큰 홈통,8.3m~10m,가는 모래,중들물~만조시,▶감성돔 - 릴찌/ 장대/ 원투 ▶넙치 - 루어/ 원투▶농어 - 루어/ 릴찌 ▶우럭 - 릴찌/ 원투▶부시리 - 부력/ 잠수/ 지깅 ▶참돔 - 부력/ 잠수,35-50-46.1N,,전라북도 군산시
804,POINT (1064562.44696036 1651825.47834348),사량도, 상사량도 술미도,8m~10m,펄,13물~6물,▶감성돔 - 릴찌/ 장대/ 원투 ▶갑오징어 - 에깅▶볼락 - 루어/ 릴찌/ 장대 ▶붕장어 - 원투 ▶우럭 - 릴찌/ 원투,34-51-32.6N,,경상남도 통영시
805,POINT (975868.675530737 1608948.975036),거금도, 주이정(주름목) 부근 갯바위,6m~10m,펄,날물,▶감성돔 - 릴찌/ 장대/ 원투 ▶농어 - 루어/ 릴찌▶노래미 - 루어/ 릴찌/ 장대/ 원투▶우럭 - 릴찌/ 원투▶볼락 - 루어/ 릴찌/ 장대 ▶학공치 - 릴찌/ 장대,34-28-27.0N,,전라남도 고흥군
806,POINT (888961.2969486341 1627530.67020415),화원 부근,증도리회관 동측,-0.1~0.6m,펄,조금 전후/ 초들물~중날물,▶ 감성돔 - 릴찌/ 장대/ 원투▶ 붕장어 - 원투▶ 농어 - 루어/ 릴찌,34-38-09.612N,,전라남도 해남군
807,POINT (1000412.10717431 1640097.41483409),순천만 부근,대여자도 하단,1.2~1.8m,펄,초들물,▶ 붕장어 - 원투▶ 망둑어 - 원투▶ 짱뚱어 - 훌치기▶ 숭어 - 릴찌/ 장대/ 훌치기,34-45-19.246N,,전라남도 여수시
808,POINT (1092520.07154301 1663510.62656319),칠천도·가조도,창촌마을 북쪽 끝 선창,1.2~2.7,펄,초들물~중날물,▶감성돔 - 릴찌/ 장대/ 원투 ▶노래미 - 루어/ 릴찌/ 장대/ 원투 ▶갑오징어 - 에깅▶도다리 - 원투 ▶볼락 - 릴찌/ 장대/ 루어,34-57-44.1N,,경상남도 거제시
809,POINT (954976.519263987 1597346.30658469),금일도·생일도,도지항,0.9~2.0,암,초들물~중날물,▶감성돔 - 릴찌/ 장대/ 원투▶도다리 - 원투▶우럭 - 릴찌/ 원투▶참돔 - 부력/ 잠수▶노래미 - 루어/ 릴찌/ 장대/ 원투▶볼락 - 릴찌/ 장대/ 루어,34-22-07.8N,,전라남도 완도군
810,POINT (891693.5830151781 1549770.78615696),추자도,신양리 해안 갯바위,1.8~2.0,모래/ 조개껍질,들물/썰물,▶감성돔 - 릴찌/ 장대/ 원투▶돌돔 - 민장대/ 릴찌/ 원투▶자리돔 - 장대/ 카드▶농어 - 루어/ 릴찌▶볼락 - 루어/ 릴찌/ 장대▶참돔 - 부력/ 잠수,33-56-06.6N,,제주특별자치도 제주시
811,POINT (1078203.06286771 1628948.13446462),연화도 부근,연화도 반하도 골창,4.4~13.3m,암,초들물/ 초날물/ 5물~6물/ 조금,▶ 참돔 - 부력/ 잠수▶ 감성돔 - 릴찌/ 장대/ 원투▶ 볼락 - 릴찌/ 장대/ 루어▶ 벵에돔 - 목줄/ 장대/ 부력/ 잠수▶ 농어 - 루어/ 릴찌,34-39-06.541N,,경상남도 통영시
812,POINT (888987.997183739 1910096.90959949),이작도·승봉도, 소이작도 손가락 바위 부근,1.2m~1.7m,펄/ 모래,조금 전·후,▶노래미 - 루어/ 릴찌/ 장대/ 원투 ▶우럭 - 릴찌/ 원투,37-10-59.0N,,인천광역시 옹진군
886,POINT (1000620.17781158 1640316.16047846),순천만 부근,교량낚시터,0.4~1.2m,펄,초들물,▶ 붕장어 - 원투▶ 망둑어 - 원투▶ 짱뚱어 - 훌치기▶ 숭어 - 릴찌/ 장대/ 훌치기,34-45-26.347N,,전라남도 여수시
813,POINT (897042.82679364 1825945.14222414),안면도 남 부,운여 해변 남측 갯바위,0.4~0.9,모래/ 펄,중들물~중날물,▶우럭 - 릴찌/ 원투▶노래미 - 루어/ 릴찌/ 장대/ 원투▶학공치 - 릴찌/ 장대▶광어 - 릴찌/ 원투▶숭어 - 릴찌/ 장대/ 홀치기▶도다리 - 원투,36-25-31.9N,,충청남도 태안군
814,POINT (968383.2681087711 1578961.03908384),황제도,장도 홈통,20~22m,암,11~13물,▶ 감성돔 - 릴찌/ 장대/ 원투▶ 참돔 - 부력/ 잠수▶ 돌돔 - 릴찌/ 장대/ 원투▶ 농어 - 루어/ 릴찌▶ 광어 - 릴찌/ 원투▶ 볼락 - 릴찌/ 장대/ 루어,34-12-12.691N,,전라남도 완도군
815,POINT (880008.5484316781 1473046.13128949),제주도 서부·차귀도·비양도,영락리 장원수산 앞 갯바위,5.9~8.2,모래/ 조개껍질,들물/썰물,▶감성돔 - 릴찌/ 장대/ 원투▶벤자리 - 릴찌/ 민장대▶삼치 - 루어/ 릴찌▶방어 - 부력/ 잠수/ 지깅▶벵에돔 - 목줄/ 장대/ 부력/ 잠수▶한치 - 루어/ 원투,33-14-31.4N,,제주특별자치도 서귀포시
816,POINT (1069001.48214971 1660534.22114519),자란만 부근,.솔섬 맞은편,0.1~4.8m,펄,13물~6물,▶ 갑오징어 - 에깅▶ 감성돔 - 릴찌/ 장대/ 원투▶ 노래미 - 루어/ 릴찌/ 장대/ 원투▶ 벵에돔 - 목줄/ 장대/ 부력/ 잠수▶ 참돔 - 부력/ 잠수▶ 볼락 - 릴찌/ 장대/ 루어▶ 농어 - 루어/ 릴찌▶ 붕장어 - 원투▶ 우럭 - 릴찌/ 원투,34-56-14.240N,,경상남도 고성군
817,POINT (990613.6560795361 1562688.06065548),대삼부도,동측 갯바위,0.4~5.1m,암,10물~13물,▶ 벵에돔 - 목줄/ 장대/ 부력/ 잠수▶ 참돔 - 부력/ 잠수▶ 돌돔 - 릴찌/ 장대/ 원투▶ 감성돔 - 릴찌/ 장대/ 원투▶ 농어 - 루어/ 릴찌,34-03-25.926N,,전라남도 여수시
818,POINT (874538.498865451 1670741.48534156),고이도·매화도·선도·증도,버지 선창,0~0.3,펄,초들물~중날물,▶감성돔 - 릴찌/ 장대/ 원투 ▶노래미 - 루어/ 릴찌/ 장대/ 원투 ▶광어 - 릴찌/ 원투 ▶숭어 - 릴찌/ 장대/ 훌치기▶우럭 - 릴찌/ 원투 ▶붕장어 - 원투 ▶도다리 - 원투 ▶농어 - 루어/ 릴찌,35-01-26.0N,,전라남도 신안군
819,POINT (873786.5520743451 1854563.12152464),가의도,코끼리 바위 남측 갯바위,1.8~2.0,암,상관없음,▶우럭 - 릴찌/ 원투▶노래미 - 루어/ 릴찌/ 장대/ 원투▶고등어 - 루어/ 릴찌/ 장대▶광어 - 릴찌/ 원투▶주꾸미 - 릴찌/ 원투/ 장대▶학공치 - 릴찌/ 장대,36-40-50.4N,,충청남도 태안군
820,POINT (955231.137861773 1624376.99627234),고흥호 부근,장재도 남측해안,0.9~1m,펄,들물,▶ 감성돔 - 릴찌/ 장대/ 원투▶ 농어 - 루어/ 릴찌▶ 도다리 - 원투▶ 숭어 - 릴찌/ 장대/ 훌치기▶ 붕장어 - 원투▶ 학공치 - 릴찌/  장대,34-36-45.373N,,전라남도 장흥군
821,POINT (868511.7080038951 1674493.44232489),임자도·사옥도,임자도 남서측 곶부리,0.8~2.9,모래,초들물~중날물,▶감성돔 - 릴찌/ 장대/ 원투▶노래미 - 루어/ 릴찌/ 장대/ 원투▶민어 - 루어/ 릴찌▶붕장어 - 원투▶우럭 - 릴찌/ 원투▶광어 - 릴찌/ 원투▶농어 - 루어/ 릴찌▶백조기 - 릴찌/ 원투▶숭어 - 릴찌/ 장대/ 훌치기,35-03-25.0N,,전라남도 신안군
822,POINT (901389.6508452591 1902468.23982464),풍도·난지도, 풍도 북동측 돌출부,1.5m~2.6m,펄/ 자갈,사리 전·후,▶넙치 - 루어/ 원투 ▶노래미 - 루어/ 릴찌/ 장대/ 원투▶농어 - 루어/ 릴찌 ▶붕장어 - 원투▶우럭 - 릴찌/ 원투,37-06-56.5N,,경기도 안산시
823,POINT (778028.958139903 1566753.63011761),가거도,대리취,9.6~13.3,암,초들물~중날물,▶감성돔 - 릴찌/ 장대/ 원투▶노래미 - 루어/ 릴찌/ 장대/ 원투▶참돔 - 장대/ 원투/ 릴찌▶농어 - 루어/ 장대/ 원투▶볼락 - 릴찌/ 장대/ 루어▶우럭 - 루어/ 릴찌/ 장대/ 원투▶돌돔 - 처박기/ 장대/ 원투/ 릴찌,34-04-13.3N,,전라남도 신안군
824,POINT (957171.617650596 1603136.07739072),금당도,송아지목,1.3~4.5,암,초들물~중날물,▶감성돔 - 릴찌/ 장대/ 원투▶볼락 - 릴찌/ 장대/ 루어▶노래미 - 루어/ 릴찌/ 장대/ 원투▶농어 - 루어/ 릴찌▶도다리 - 원투▶학공치 - 릴찌/ 장대,34-25-16.1N,,전라남도 완도군
825,POINT (870873.665111819 1590718.12884834),상조도·하조도·관매도,흑여(낚시배),1.9~5.1,암,초들물~중날물,▶감성돔 - 릴찌/ 장대/ 원투 ▶참돔 - 부력/ 잠수 ▶노래미 - 루어/ 릴찌/ 장대/ 원투▶돌돔 - 원투/ 민장대/ 릴찌 ▶도다리 - 원투 ▶우럭 - 릴찌/ 원투,34-18-07.2N,,전라남도 진도군
826,POINT (855679.462445607 1631743.4896658),비금도·도초도,도초도 지남리 남쪽 곶부리,1.9m~3.4m,펄/ 조개껍질,초들물~중들물,▶ 감성돔 - 릴찌/ 장대/ 원투 ▶ 농어 - 루어/ 릴찌 ▶ 돌돔 - 릴찌/ 장대/ 원투▶ 볼락 - 루어/ 릴찌/ 장대 ▶ 붕장어 - 원투 ▶ 참돔 - 부력/ 잠수,34-40-11.4N,,전라남도 신안군
827,POINT (924419.474730112 1572256.8447652),노화도·보길도·소안도,소안도 탁구진 부근 갯바위,4.9m~5.5m,펄,사리 전·후,▶감성돔 - 릴찌/ 장대/ 원투 ▶돌돔 - 릴찌/ 장대/ 원투▶농어 - 루어/ 릴찌 ▶벵에돔 - 목줄/ 장대/ 부력/ 잠수▶우럭 - 릴찌/ 원투 ▶ 참돔 - 부력/ 잠수,34-08-26.9N,,전라남도 완도군
828,POINT (983006.821074972 1562839.56521222),여서도·거문도,거문도 대린포 갯바위,5m~6.2m,자갈/ 모래,들물/ 날물 전·후,▶감성돔 - 릴찌/ 장대/ 원투 ▶돌돔 - 릴찌/ 장대/ 원투▶농어 - 루어/ 릴찌 ▶벵에돔 - 목줄/ 장대/ 부력/ 잠수▶볼락 - 루어/ 릴찌/ 장대 ▶참돔 - 부력/ 잠수,34-03-30.5N,,전라남도 여수시
829,POINT (1062990.79970801 1633254.1703158),두미도,물내려오는곳,2.0~3.8,펄,상관없음,▶감성돔 - 릴찌/ 장대/ 원투▶벵에돔 - 목줄/ 장대/ 부력/ 잠수▶노래미 - 루어/ 릴찌/ 장대/ 원투▶참돔 - 부력/ 잠수▶농어 - 루어/ 릴찌▶볼락 - 릴찌/ 장대/ 루어,34-41-30.1N,,경상남도 통영시
830,POINT (866370.256222154 1585293.98377225),상조도·하조도·관매도,관매도 해수욕장 갯바위,2.7~5.0,암,초들물~중날물,▶감성돔 - 릴찌/ 장대/ 원투 ▶돌돔 - 원투/ 민장대/ 릴찌▶참돔 - 부력/ 잠수 ▶도다리 - 원투▶노래미 - 루어/ 릴찌/ 장대/ 원투 ▶우럭 - 릴찌/ 원투,34-15-09.1N,,전라남도 진도군
831,POINT (841690.791186733 1957706.10694728),연평도,감마금뿌리,1.5~2.0,암,12물~4물,▶광어 - 릴찌/ 원투▶우럭 - 릴찌/ 원투▶숭어 - 릴찌/ 장대/ 홀치기▶간재미 - 원투▶농어 - 루어/ 릴찌▶노래미 - 루어/ 릴찌/ 장대/ 원투,37-36-18.6N,,인천광역시 옹진군
832,POINT (1072549.65517693 1639541.98328436),추도 부근,물선치,4.3~4.5m,암,6물~8물,▶ 볼락 - 릴찌/ 장대/ 루어▶ 우럭 - 릴찌/ 원투▶ 주꾸미 - 릴찌/ 원투▶ 광어 - 릴찌/ 원투▶ 감성돔 - 릴찌/ 장대/ 원투▶ 벵에돔 - 목줄/ 장대/ 부력/ 잠수▶ 참돔 - 부력/ 잠수,34-44-51.929N,,경상남도 통영시
833,POINT (1029839.09092953 1610108.31194982),금오도·안도, 안도 칼바위,4.7m~5.2m,펄,9물~13물/ 날물 전·후,▶감성돔 - 릴찌/ 장대/ 원투 ▶무늬오징어 - 릴찌/ 에깅 ▶부시리 - 부력/ 잠수/ 지깅▶벵에돔 - 목줄/ 장대/ 부력/ 잠수 ▶볼락 - 루어/ 릴찌/ 장대 ▶참돔 - 부력/ 잠수,34-29-04.1N,,전라남도 여수시
834,POINT (782065.106584284 1565349.4082742),가거도,물등개 갯바위,4.0~5.0,암,초들물~중날물,▶감성돔 - 릴찌/ 장대/ 원투 ▶노래미 - 루어/ 릴찌/ 장대/ 원투 ▶참돔 - 릴찌 ▶농어 - 루어▶볼락 - 릴찌/ 장대/ 루어 ▶우럭 - 루어/ 릴찌/ 장대/ 원투 ▶돌돔 - 릴찌 ▶부시리 - 루어,34-03-30.8N,,전라남도 신안군
835,POINT (892678.77665009 1909044.20577598),이작도·승봉도, 승봉도 동양콘도 앞,1.3m~1.6m,모래/ 펄/ 조개껍질,초들물~중들물,▶넙치 - 루어/ 원투 ▶노래미 - 루어/ 릴찌/ 장대/ 원투▶농어 - 루어/ 릴찌 ▶우럭 - 릴찌/ 원투,37-10-26.4N,,인천광역시 옹진군
836,POINT (944231.5191621371 1593156.60933852),신지도,동고리 남쪽 갯바위,1.5m~3m,펄,사리 전·후,▶감성돔 - 릴찌/ 장대/ 원투 ▶농어 - 루어/ 릴찌 ▶숭어 - 릴찌/ 장대/ 훌치기 ▶볼락 - 루어/ 릴찌/ 장대 ▶우럭 - 릴찌/ 원투 ▶참돔 - 부력/ 잠수,34-19-49.9N,,전라남도 완도군
837,POINT (909369.290824309 1503393.84835574),제주도 북서부,라마다호텔 앞 해안도로 우측,1.1~1.5,암,들물/썰물,▶노래미 - 루어/ 릴찌/ 장대/ 원투▶벵에돔 - 목줄/ 장대/ 부력/ 잠수▶한치 - 루어/ 원투▶돌돔 - 민장대/ 릴찌/ 원투▶참돔 - 릴찌/ 장대/ 원투/ 부력/ 잠수,33-31-07.0N,,제주특별자치도 제주시
838,POINT (877413.8227591941 1918555.6523249),덕적도·소야도, 덕적도 파락금이 갯바위,2.2m~5m,펄/ 모래,펄/ 모래,▶넙치 - 루어/ 원투 ▶노래미 - 장대/ 루어/ 릴찌/ 원투▶농어 - 루어/ 릴찌 ▶붕장어 - 원투▶우럭 - 루어/ 릴찌,37-15-28.2N,,인천광역시 옹진군
839,POINT (889500.72813345 1812404.05027778),호도·녹도·외연도, 호도 북동쪽 갯바위,3.2m~4.3m,모래,초들물,▶넙치 - 루어/ 원투 ▶노래미 - 루어/ 릴찌/ 장대/ 원투▶농어 - 루어/ 릴찌 ▶우럭 - 릴찌/ 원투,36-18-09.5N,,충청남도 보령시
840,POINT (964697.1078511319 1610678.8306898),거금도, 금진리 철탑 부근 선창,5.1m~6m,펄,날물,▶감성돔 - 릴찌/ 장대/ 원투 ▶농어 - 루어/ 릴찌▶노래미 - 루어/ 릴찌/ 장대/ 원투 ▶도다리 - 원투▶숭어 - 릴찌/ 장대/ 훌치기▶우럭 - 릴찌/ 원투,34-29-22.0N,,전라남도 고흥군
841,POINT (983562.500049405 1608355.57271143),거금수도 부근,구암리 해안길,0.1~0.2m,펄,초들물~만조,▶ 감성돔 - 릴찌/ 장대/ 원투▶ 숭어 - 릴찌/ 장대/ 훌치기▶ 우럭 - 릴찌/ 원투▶ 노래미 - 루어/ 릴찌/ 장대/ 원투▶ 농어 - 루어/ 릴찌▶ 볼락 - 릴찌/ 장대/ 루어,34-28-08.280N,,전라남도 고흥군
842,POINT (868874.6955603671 1652286.72309633),자은도,남진 선창,0~1.5,암,초들물~중날,▶감성돔 - 릴찌/ 장대/ 원투 ▶숭어 - 릴찌/ 장대/ 훌치기 ▶농어 - 루어/ 릴찌,34-51-24.5N,,전라남도 신안군
843,POINT (861616.4607741489 1593583.49769467),상조도·하조도·관매도,상조도 서쪽 둥근바위,4.0~7.8,자갈/ 모래,초들물~중날물,▶감성돔 - 릴찌/ 장대/ 원투 ▶참돔 - 부력/ 잠수 ▶노래미 - 루어/ 릴찌/ 장대/ 원투▶돌돔 - 원투/ 민장대/ 릴찌 ▶도다리 - 원투 ▶우럭 - 릴찌/ 원투,34-19-35.9N,,전라남도 진도군
844,POINT (1028056.85548069 1603885.77035559),연도,동부 근처 갯바위,0.1~9.7m,암,초들물/ 초날물/ 조금 전·후,▶ 참돔 - 부력/ 잠수▶ 감성돔 - 릴찌/ 장대/ 원투▶ 볼락 - 릴찌/ 장대/ 루어▶ 농어/  삼치 - 루어/ 릴찌▶ 돌돔 - 민장대/ 릴찌/ 원투▶ 갑오징어 - 에깅,34-25-42.264N,,전라남도 여수시
845,POINT (901686.805032175 1934300.74126825),무의도,실미도북서측 갯바위,-2.5~0.4,모래/ 펄,중들물~중날물,▶농어 - 루어/ 릴찌▶광어 - 릴찌/ 원투▶삼치 - 루어/ 릴찌▶우럭 - 릴찌/ 원투▶노래미 - 루어/ 릴찌/ 장대/ 원투▶붕장어 - 원투,37-24-09.4N,,인천광역시 중구
846,POINT (922225.3567560479 1578552.50413681),노화도·보길도·소안도,소안도 월항리 양식장부근,2.5m~4.4m,가는 모래/ 조개껍질,사리 전·후,▶감성돔 - 릴찌/ 장대/ 원투 ▶농어 - 루어/ 릴찌▶노래미 - 루어/ 릴찌/ 장대/ 원투 ▶우럭 - 릴찌/ 원투▶볼락 - 루어/ 릴찌/ 장대 ▶학공치 - 릴찌/ 장대,34-11-50.7N,,전라남도 완도군
847,POINT (1009712.50603064 1621635.58566553),낭도 부근,하화도 서측,4.7~10.6m,펄,조금 전후/ 13~5물,▶ 감성돔 - 릴찌/ 장대/ 원투▶ 붕장어 - 원투▶ 농어 - 루어/ 릴찌▶ 숭어 - 릴찌/ 장대/ 훌치기,34-35-19.726N,,전라남도 여수시
848,POINT (889377.439490346 1551470.74166645),추자군도,발전소 부근,0.2~7.1m,암,11물~5물/ 정조전후,▶ 감성돔 - 릴찌/ 장대/ 원투▶ 벵에돔 - 목줄/ 장대/ 부력/ 잠수▶ 참돔 - 부력/ 잠수▶ 돌돔 - 민장대/ 릴찌/ 원투▶ 볼락 - 릴찌/ 장대/ 루어▶ 부시리 - 부력/ 잠수/ 지깅,33-57-00.915N,,제주특별자치도 제주시
849,POINT (979932.792858602 1560227.60665856),여서도·거문도,거문도 송곡단 부근 갯바위,7m~8.1m,침니/ 모래,들물/ 날물 전·후,▶감성돔 - 릴찌/ 장대/ 원투 ▶돌돔 - 릴찌/ 장대/ 원투▶농어 - 루어/ 릴찌 ▶벵에돔 - 목줄/ 장대/ 부력/ 잠수▶볼락 - 루어/ 릴찌/ 장대 ▶참돔 - 부력/ 잠수,34-02-05.5N,,전라남도 여수시
850,POINT (788606.866561366 1633933.78616266),홍도,흔들바위 상단,9.5~10.4m,암,사리 전후/ 초들물/ 만조 전후,▶ 참돔 - 부력/ 잠수▶ 돌돔 - 릴찌/ 장대/ 원투▶ 감성돔 - 릴찌/ 장대/ 원투▶ 우럭 - 릴찌/ 원투▶ 농어 - 루어/ 릴찌,34-40-40.501N,,전라남도 신안군
851,POINT (1113483.61727229 1644684.36055842),거제도 남부,서이말 갯바위 일대,2.9m~6.1m,펄,조금 전·후,▶감성돔 - 릴찌/ 장대/ 원투 ▶고등어 - 루어/ 릴찌/ 장대 ▶농어 - 루어/ 릴찌▶벵에돔 - 목줄/ 장대/ 부력/ 잠수 ▶학공치 - 릴찌/ 장대▶볼락 - 루어/ 릴찌/ 장대 ▶참돔 - 부력/ 잠수,34-47-25.4N,,경상남도 거제시
852,POINT (989497.779231042 1588368.71250469),손죽열도 부근,소거문 서측,4.7~7.6m,펄,사리 전후/ 10~5물,▶ 감성돔 - 릴찌/ 장대/ 원투▶ 참돔 - 부력/ 잠수▶ 돌돔 - 릴찌/ 장대/ 원투▶ 우럭 - 릴찌/ 원투▶ 노래미 - 루어/ 릴찌/ 장대/ 원투▶ 농어 - 루어/ 릴찌▶ 숭어 - 릴찌/ 장대/ 훌치기▶ 삼치 - 루어/ 릴찌▶ 문어 - 루어,34-17-19.665N,,전라남도 여수시
853,POINT (1029209.81681903 1611501.66170201),금오도·안도,안도 동고지 해안갯바위,5m~7m,펄,9물~13물/ 날물 전·후,▶감성돔 - 릴찌/ 장대/ 원투 ▶무늬오징어 - 릴찌/ 에깅 ▶부시리 - 부력/ 잠수/ 지깅▶벵에돔 - 목줄/ 장대/ 부력/ 잠수 ▶볼락 - 루어/ 릴찌/ 장대 ▶참돔 - 부력/ 잠수,34-29-49.4N,,전라남도 여수시
854,POINT (1067420.52151529 1626305.01236735),욕지도,고래바위 끝바리,1.2m~2m,펄,5물~11물,▶감성돔 - 릴찌/ 장대/ 원투 ▶농어 - 루어/ 릴찌▶무늬오징어 - 릴찌/ 에깅▶볼락 - 루어/ 릴찌/ 장대▶벵에돔 - 목줄/ 장대/ 부력/ 잠수 ▶참돔 - 부력/ 잠수,34-37-43.5N,,경상남도 통영시
855,POINT (1086761.79518629 1635412.72020246),비진도·매물도, 비진도 설품단 부근 갯바위,2.5m~5.8m,펄,조금 전·후,▶감성돔 - 릴찌/ 장대/ 원투 ▶넙치 - 루어/ 원투▶농어 - 루어/ 릴찌 ▶도다리 - 원투 ▶우럭 - 릴찌/ 원투▶볼락 - 루어/ 릴찌/ 장대 ▶참돔 - 부력/ 잠수,34-42-33.9N,,경상남도 통영시
856,POINT (1114285.58331235 1656196.06923678),거제도 북동부,양지암 북바위,3.2m~4m,펄,조금 전·후,▶감성돔 - 릴찌/ 장대/ 원투 ▶우럭 - 릴찌/ 원투▶볼락 - 루어/ 릴찌/ 장대 ▶참돔 - 부력/ 잠수,34-53-38.7N,,경상남도 거제시
857,POINT (897874.5744596211 1918497.44068865),자월도, 굴뿌리,1.4m~2.1m,모래,들물/ 날물,▶넙치 - 루어/ 원투 ▶우럭 - 릴찌/ 원투,37-15-35.2N,,인천광역시 옹진군
858,POINT (875813.119313699 1908434.64493147),문갑도·선갑도, 문갑도 문턱뿌리 부근,11m~13m,펄/ 모래,사리 전·후,▶넙치 - 루어/ 원투 ▶노래미 - 루어/ 릴찌/ 장대/ 원투 ▶농어 - 루어/ 릴찌 ▶우럭 - 릴찌/ 원투,37-09-59.1N,,인천광역시 옹진군
859,POINT (914437.431354776 1900855.68917185),입파도·국화도, 입파도 서측 갯바위,1.2m~1.5m,펄/ 모래,조금 전·후,▶넙치 - 루어/ 원투 ▶노래미 - 루어/ 릴찌/ 장대/ 원투▶도다리 - 원투 ▶붕장어 - 원투▶우럭 - 릴찌/ 원투,37-06-08.8N,,경기도 화성시
860,POINT (904229.276485295 1757110.02211762),선유도·무녀도·장자도·신시도,무녀도 제방,1.4m~1.8m,모래/ 펄,들물 전·후,▶넙치 - 루어/ 원투 ▶노래미 - 루어/ 릴찌/ 장대/ 원투▶농어 - 루어/ 릴찌 ▶붕장어 - 원투▶우럭 - 릴찌/ 원투,35-48-20.8N,,전라북도 군산시
861,POINT (943177.8459184939 1590914.34796773),신지도,무생끝 부근,7.7m~9m,펄,사리 전·후,▶감성돔 - 릴찌/ 장대/ 원투 ▶갑오징어 - 에깅 ▶볼락 - 루어/ 릴찌/ 장대 ▶우럭 - 릴찌/ 원투 ▶참돔 - 부력/ 잠수 ▶학공치 - 릴찌/ 장대,34-18-36.9N,,전라남도 완도군
862,POINT (865244.220171927 1910878.35367714),백아도·굴업도,굴업도 마을 동쪽 갯바위,1.2m~1.8m,모래/ 펄,들물,▶넙치 - 루어/ 원투 ▶노래미 - 루어/ 릴찌/ 장대/ 원투▶농어 - 루어/ 릴찌 ▶붕장어 - 원투▶우럭 - 릴찌/ 원투,37-11-13.1N,,인천광역시 옹진군
863,POINT (898599.148179364 1815917.20119662),원산도·삽시도,삽시도 야의곶 부근,2m~2.3m,펄/ 모래,조금 전·후,▶감성돔 - 릴찌/ 장대/ 원투 ▶갑오징어 - 에깅 ▶넙치 - 루어/ 원투▶농어 - 루어/ 릴찌 ▶우럭 - 릴찌/ 원투 ▶주꾸미 - 루어,36-20-07.1N,,충청남도 보령시
864,POINT (937869.602867106 1595617.88029086),신지도, 대곡항 북쪽 갯바위,1m~1.3m,펄,사리 전·후,▶넙치 - 루어/ 원투 ▶노래미 - 루어/ 릴찌/ 장대/ 원투▶농어 - 루어/ 릴찌 ▶도다리 - 원투 ▶양태 - 루어/ 릴찌▶우럭 - 릴찌/ 원투 ▶숭어 - 릴찌/ 장대/ 훌치기,34-21-08.5N,,전라남도 완도군
865,POINT (933032.253974725 1578290.57121809),청산도·대모도, 대모도 외라이말 갯바위,7.2m~10.1m,펄/ 모래,사리 전·후,▶감성돔 - 릴찌/ 장대/ 원투 ▶농어 - 루어/ 릴찌 ▶우럭 - 릴찌/ 원투 ▶노래미 - 루어/ 릴찌/ 장대/ 원투 ▶볼락 - 루어/ 릴찌/ 장대,34-11-44.9N,,전라남도 완도군
866,POINT (1108139.80661059 1638716.72221697),거제도 남부,해금강 도세치 끝,3.3m~4m,가는 모래,조금 전·후,▶ 감성돔 - 릴찌/ 장대/ 원투 ▶ 농어 - 루어/ 릴찌 ▶ 벵에돔 - 목줄/ 장대/ 부력/ 잠수 ▶ 우럭 - 릴찌/ 원투 ▶ 볼락 - 루어/ 릴찌/ 장대 ▶ 참돔 - 부력/ 잠수,34-44-13.8N,,경상남도 거제시
867,POINT (965563.4324142421 1604253.27353667),거금도, 옥룡마을 갯바위,1.5m~2.3m,펄,날물,▶넙치 - 루어/ 원투 ▶노래미 - 루어/ 릴찌/ 장대/ 원투▶농어 - 루어/ 릴찌 ▶도다리 - 원투▶볼락 - 루어/ 릴찌/ 장대 ▶우럭 - 릴찌/ 원투,34-25-53.5N,,전라남도 고흥군
868,POINT (1024774.99013883 1615323.6687199),금오도·안도, 금오도 소유마을 갯바위,3.5m~4.2m,펄,9물~13물/ 날물 전·후,▶감성돔 - 릴찌/ 장대/ 원투 ▶농어 - 루어/ 릴찌▶망상어 - 릴찌/ 장대 ▶볼락 - 루어/ 릴찌/ 장대▶벵에돔 - 목줄/ 장대/ 부력/ 잠수 ▶학공치 - 릴찌/ 장대,34-31-53.9N,,전라남도 여수시
869,POINT (915031.806990011 1913270.11495494),영흥도·선재도·대부도·구봉도, 대부도 쪽박섬 부근,1m~1.3m,펄,들물/ 날물,▶노래미 - 루어/ 릴찌/ 장대/ 원투 ▶망둑어 - 원투▶붕장어 - 원투 ▶우럭 - 루어/ 릴찌,37-12-51.8N,,경기도 안산시
870,POINT (902961.1675538181 1948482.85524804),시도,조각공원 북측 갯바위,0.6~3.3,자갈/ 모래,초들물~중날물,▶광어 - 릴찌/ 원투▶삼치 - 루어/ 릴찌▶주꾸미 - 릴찌/ 원투/ 장대▶노래미 - 루어/ 릴찌/ 장대/ 원투▶붕장어 - 원투,37-31-50.0N,,인천광역시 옹진군
871,POINT (867588.1735557241 1709636.57945959),안마도·석만도,우물밑 갯바위,5.6~9.4,고운모래,들물/날물,▶간재미 - 릴찌/ 장대/ 원투▶노래미 - 루어/ 릴찌/ 장대/ 원투▶붕장어 - 원투▶우럭 - 릴찌/ 원투▶민어 - 루어/ 지깅/ 원투▶광어 - 릴찌/ 원투,35-22-25.0N,,전라남도 영광군
872,POINT (868511.7080038951 1674493.44232489),임자도·사옥도,고동섬 갯바위,0.5~2.0,암,초들물~중날물,▶감성돔 - 릴찌/ 장대/ 원투▶노래미 - 루어/ 릴찌/ 장대/ 원투▶민어 - 루어/ 릴찌▶붕장어 - 원투▶우럭 - 릴찌/ 원투▶광어 - 릴찌/ 원투▶농어 - 루어/ 릴찌▶백조기 - 릴찌/ 원투▶숭어 - 릴찌/ 장대/ 훌치기,35-03-25.0N,,전라남도 신안군
873,POINT (872842.709239862 1654526.35805092),암태도,익금마을 선창,0.4~3.4,암,초들물~중날물,▶감성돔 - 릴찌/ 장대/ 원투▶숭어 - 릴찌/ 장대/ 홀치기▶농어 - 루어/ 릴찌,34-52-39.0N,,전라남도 신안군
874,POINT (850349.432401965 1625998.16374098),우이도,송도 북측 갯바위,8.1~8.5,자갈,조금 전후,▶노래미 - 루어/ 릴찌/ 장대/ 원투▶농어 - 루어/ 릴찌▶붕장어 - 원투 ▶우럭 - 릴찌/ 원투,34-37-02.2N,,전라남도 신안군
875,POINT (778166.250255177 1568445.8888171),가거도,바둑바위,1.0~5.8,펄/ 모래,초들물~중날물,▶감성돔 - 릴찌/ 장대/ 원투 ▶노래미 - 루어/ 릴찌/ 장대/ 원투 ▶참돔 - 릴찌 ▶농어 - 루어▶볼락 - 릴찌/ 장대/ 루어 ▶우럭 - 루어/ 릴찌/ 장대/ 원투 ▶돌돔 - 릴찌 ▶부시리 - 루어,34-05-08.3N,,전라남도 신안군
876,POINT (978120.419205344 1583581.425678),초도,파랑끝,7.1~10.0,암,초들물~중날물,▶참돔 - 부력/ 잠수▶뱅어돔 - 목줄/ 장대/ 부력/ 잠수▶볼락 - 릴찌/ 장대/ 루어▶감성돔 - 릴찌/ 장대/ 원투▶돌돔 - 민장대/ 릴찌/ 원투▶농어 - 루어/ 릴찌,34-14-43.6N,,전라남도 여수시
877,POINT (751701.6802076681 1981748.30810889),대청도·소청도, 대청도 서풍받이 서쪽 갯바위,5.3m~6m,모래/ 조개껍질,사리 전후 ,▶넙치 - 루어/ 원투 ▶노래미 - 루어/ 릴찌/ 장대/ 원투▶농어 - 루어/ 릴찌 ▶삼치 - 루어/ 릴찌▶쏨뱅이 - 루어/ 릴찌 ▶우럭 - 루어/ 릴찌,37-48-06.2N,,인천광역시 옹진군
878,POINT (931911.909817551 1576271.79133307),청산도·대모도, 대모도 소로지말 갯바위,2m~3.1m,펄/ 모래,4물~사리,▶감성돔 - 릴찌/ 장대/ 원투 ▶농어 - 루어/ 릴찌 ▶우럭 - 릴찌/ 원투 ▶노래미 - 루어/ 릴찌/ 장대/ 원투 ▶볼락 - 루어/ 릴찌/ 장대,34-10-39.1N,,전라남도 완도군
879,POINT (900516.502816126 1902312.05816507),풍도·난지도, 풍도 채석장 북측,4m~5m,펄/ 자갈,사리 전·후,▶넙치 - 루어/ 원투 ▶노래미 - 루어/ 릴찌/ 장대/ 원투▶농어 - 루어/ 릴찌 ▶붕장어 - 원투▶우럭 - 릴찌/ 원투,37-06-51.1N,,경기도 안산시
880,POINT (886502.3350410041 1778160.9049053),십이동파도·비안도, 십이동파도 작은 쌍섬,7m~11m,펄/ 모래,12물~3물,▶감성돔 - 릴찌/ 장대/ 원투 ▶갑오징어 - 에깅▶넙치 - 루어/ 원투 ▶노래미 - 루어/ 릴찌/ 장대/ 원투▶농어 - 루어/ 릴찌 ▶우럭 - 릴찌/ 원투 ▶참돔 - 부력/ 잠수,35-59-37.1N,,전라북도 군산시
881,POINT (1027769.66233034 1608700.39265518),금오도·안도,안도 철탑 아래 갯바위,5.3m~6m,바위,9물~13물/ 날물 전·후,▶감성돔 - 릴찌/ 장대/ 원투 ▶무늬오징어 - 릴찌/ 에깅 ▶부시리 - 부력/ 잠수/ 지깅▶벵에돔 - 목줄/ 장대/ 부력/ 잠수 ▶볼락 - 루어/ 릴찌/ 장대 ▶참돔 - 부력/ 잠수,34-28-18.6N,,전라남도 여수시
882,POINT (1104209.17588775 1642183.64318127),거제도 남부,학동 용바위,1.7m~2.2m,펄,조금 전·후,▶넙치 - 루어/ 원투 ▶고등어 - 루어/ 릴찌/ 장대▶노래미 - 루어/ 릴찌/ 장대/ 원투 ▶농어 - 루어/ 릴찌▶도다리 - 원투 ▶볼락 - 루어/ 릴찌/ 장대,34-46-07.8N,,경상남도 거제시
883,POINT (839789.047239588 1964260.89103934),연평도,금능해수욕장 남측 갯바위,-0.8~0.4,암,12물~4물,▶광어 - 릴찌/ 원투▶우럭 - 릴찌/ 원투▶숭어 - 릴찌/ 장대/ 홀치기▶간재미 - 원투▶농어 - 루어/ 릴찌▶노래미 - 루어/ 릴찌/ 장대/ 원투,37-39-50.0N,,인천광역시 옹진군
884,POINT (905765.271837197 1936402.01635873),안마도·석만도,나룻방 밑 갯바위,2.6~6.0,암,들물/날물,▶간재미 - 릴찌/ 장대/ 원투▶노래미 - 루어/ 릴찌/ 장대/ 원투▶붕장어 - 원투▶우럭 - 릴찌/ 원투▶민어 - 루어/ 지깅/ 원투▶광어 - 릴찌/ 원투,37-25-19.1N,,인천광역시 중구
885,POINT (889178.32146683 1551655.34642242),추자군도,모진해수욕장 갯바위,1.2~4.8m,암,11물~5물/ 정조전후,▶ 감성돔 - 릴찌/ 장대/ 원투▶ 벵에돔 - 목줄/ 장대/ 부력/ 잠수▶ 참돔 - 부력/ 잠수▶ 돌돔 - 민장대/ 릴찌/ 원투▶ 볼락 - 릴찌/ 장대/ 루어▶ 부시리 - 부력/ 잠수/ 지깅,33-57-06.832N,,제주특별자치도 제주시
887,POINT (885810.694144953 1662680.68176862),고이도·매화도·선도·증도,마산도 선창,0~2.9,펄/ 모래,초들물~중날물,▶감성돔 - 릴찌/ 장대/ 원투 ▶노래미 - 루어/ 릴찌/ 장대/ 원투 ▶광어 - 릴찌/ 원투 ▶숭어 - 릴찌/ 장대/ 훌치기▶우럭 - 릴찌/ 원투 ▶붕장어 - 원투 ▶도다리 - 원투 ▶농어 - 루어/ 릴찌,34-57-09.2N,,전라남도 신안군
888,POINT (895301.8332979361 1907158.75409562),이작도·승봉도,승봉도 목섬 부근,1.2m~2.2m,모래,초들물~중들물,▶넙치 - 루어/ 원투 ▶노래미 - 루어/ 릴찌/ 장대/ 원투▶농어 - 루어/ 릴찌 ▶우럭 - 릴찌/ 원투,37-09-26.3N,,인천광역시 옹진군
889,POINT (882072.46653756 1491638.63300307),제주도 서부·차귀도·비양도,비양도 동측 갯바위,1.6~2.2,모래/ 조개껍질,들물/썰물,▶감성돔 - 릴찌/ 장대/ 원투▶벤자리 - 릴찌/ 민장대▶삼치 - 루어/ 릴찌▶방어 - 부력/ 잠수/ 지깅▶벵에돔 - 목줄/ 장대/ 부력/ 잠수▶한치 - 루어/ 원투,33-24-35.8N,,제주특별자치도 제주시
890,POINT (949679.595368003 1503610.25135845),제주도 북동부·우도,우도치안센터 앞,0.7~2.0,암,들물/날물,▶참돔 - 부력/ 잠수 ▶돌돔 - 민장대/ 릴찌/ 원투 ▶볼락 - 루어/ 릴찌/ 장대▶벵에돔 - 목줄/ 장대/ 부력/ 잠수 ▶무늬오징어 - 에깅 ▶독가시치 - 목줄/ 장대/ 부력/ 잠수,33-31-23.6N,,제주특별자치도 제주시
909,POINT (892283.382751705 1550833.02158302),추자도,모진 해수욕장,0.8~2.0,모래/ 자갈,들물/썰물,▶감성돔 - 릴찌/ 장대/ 원투▶돌돔 - 민장대/ 릴찌/ 원투▶자리돔 - 장대/ 카드▶농어 - 루어/ 릴찌▶볼락 - 루어/ 릴찌/ 장대▶참돔 - 부력/ 잠수,33-56-41.3N,,제주특별자치도 제주시
891,POINT (905248.401846792 1950154.80583857),시도,수기해변 서측 갯바위,-2.6~-2.1,펄,초들물~중날물,▶우럭 - 릴찌/ 원투                                           ▶광어 - 릴찌/ 원투▶농어 - 루어/ 릴찌                                         ▶망둥어 - 릴찌/ 장대▶노래미 - 루어/ 릴찌/ 장대/ 원투                                 ▶삼치 - 루어/ 릴찌,37-32-45.1N,,인천광역시 옹진군
892,POINT (899391.494864647 1844929.24769581),안면도 북부,황도 연륙교 아래,-6.2~-2.8,펄,초들물~중날물,▶우럭 - 릴찌/ 원투▶노래미 - 루어/ 릴찌/ 장대/ 원투▶학공치 - 릴찌/ 장대▶광어 - 릴찌/ 원투▶숭어 - 릴찌/ 장대/ 홀치기▶도다리 - 원투,36-35-48.8N,,충청남도 태안군
893,POINT (872354.273531674 1853742.87821552),가의도,작은 마을 동측 안통,2.4~5.0,암,상관없음,▶우럭 - 릴찌/ 원투▶노래미 - 루어/ 릴찌/ 장대/ 원투▶고등어 - 루어/ 릴찌/ 장대▶광어 - 릴찌/ 원투▶주꾸미 - 릴찌/ 원투/ 장대▶학공치 - 릴찌/ 장대,36-40-23.1N,,충청남도 태안군
894,POINT (869201.5552653191 1708633.00439059),안마도·석만도,똥섬 부근 갯바위,2.6~6.0,펄,들물/날물,▶간재미 - 릴찌/ 장대/ 원투▶노래미 - 루어/ 릴찌/ 장대/ 원투▶붕장어 - 원투▶우럭 - 릴찌/ 원투▶민어 - 루어/ 지깅/ 원투▶광어 - 릴찌/ 원투,35-21-53.2N,,전라남도 영광군
895,POINT (872921.182691953 1673817.5633351),임자도·사옥도,대두끝 갯바위,1.7~3.6,암,초들물~중날물,▶감성돔 - 릴찌/ 장대/ 원투▶노래미 - 루어/ 릴찌/ 장대/ 원투▶민어 - 루어/ 릴찌▶붕장어 - 원투▶우럭 - 릴찌/ 원투▶광어 - 릴찌/ 원투▶농어 - 루어/ 릴찌▶백조기 - 릴찌/ 원투▶숭어 - 릴찌/ 장대/ 훌치기,35-03-05.1N,,전라남도 신안군
896,POINT (886828.96118211 1668688.59535899),고이도·매화도·선도·증도,선도북측 선창,0~5.0,펄,초들물~중날물,▶감성돔 - 릴찌/ 장대/ 원투 ▶노래미 - 루어/ 릴찌/ 장대/ 원투 ▶광어 - 릴찌/ 원투 ▶숭어 - 릴찌/ 장대/ 훌치기▶우럭 - 릴찌/ 원투 ▶붕장어 - 원투 ▶도다리 - 원투 ▶농어 - 루어/ 릴찌,35-00-24.6N,,전라남도 신안군
897,POINT (874421.176743583 1642204.23230029),안좌도·팔금도,신안교 서단,0~1.3,암,초들물~중날물,▶감성돔 - 릴찌/ 장대/ 원투▶숭어 - 릴찌/ 장대/ 홀치기▶농어 - 루어/ 릴찌,34-45-59.8N,,전라남도 신안군
898,POINT (883784.2691900181 1616409.96215479),진도 북부,군내방조제,0~0.6,펄,초들물~중날물,▶돌돔 - 처박기/ 장대/ 원투/ 릴찌▶감성돔 - 릴찌/ 장대/ 원투▶우럭 - 루어/ 릴찌/ 장대/ 원투▶열기 - 릴찌/ 민장대▶참돔 - 릴찌▶숭어 - 릴찌/ 장대/ 홀치기▶노래미 - 루어/ 릴찌/ 장대/ 원투▶붕장어 - 원투,34-32-06.6N,,전라남도 진도군
899,POINT (869175.0763666971 1708374.53351881),안마도·석만도,똥섬 갯바위,4.8~5.8,펄,들물/날물,▶간재미 - 릴찌/ 장대/ 원투▶노래미 - 루어/ 릴찌/ 장대/ 원투▶붕장어 - 원투▶우럭 - 릴찌/ 원투▶민어 - 루어/ 지깅/ 원투▶광어 - 릴찌/ 원투,35-21-44.8N,,전라남도 영광군
900,POINT (864808.956833448 1705924.47197828),안마도·석만도,긴 둑 밑 갯바위,1.2~1.5,펄/ 모래,들물/날물,▶붕장어 - 원투▶우럭 - 릴찌/ 원투▶노래미 - 루어/ 릴찌/ 장대/ 원투▶농어 - 루어/ 릴찌▶민어 - 루어/ 지깅/ 원투▶광어 - 릴찌/ 원투,35-20-23.2N,,전라남도 영광군
901,POINT (886689.349105111 1599111.77482251),진도 남동부,현목항 선창,-0.4~0.2,암,초들물~중날물,▶돌돔 - 처박기/ 장대/ 원투/ 릴찌▶감성돔 - 릴찌/ 장대/ 원투▶우럭 - 루어/ 릴찌/ 장대/ 원투▶열기 - 릴찌/ 민장대▶참돔 - 릴찌▶숭어 - 릴찌/ 장대/ 홀치기▶노래미 - 루어/ 릴찌/ 장대/ 원투▶붕장어 - 원투,34-22-46.3N,,전라남도 진도군
902,POINT (976361.289105883 1583844.42520631),초도,막두,29.5~37,펄/ 조개껍질,초들물~중날물,▶참돔 - 부력/ 잠수▶뱅어돔 - 목줄/ 장대/ 부력/ 잠수▶볼락 - 릴찌/ 장대/ 루어▶감성돔 - 릴찌/ 장대/ 원투▶돌돔 - 민장대/ 릴찌/ 원투▶농어 - 루어/ 릴찌,34-14-52.0N,,전라남도 여수시
903,POINT (903373.629013494 1935362.91587305),무의도,무의도 곶부리,-2.0~0.3,모래/ 펄,중들물~중날물,▶광어 - 릴찌/ 원투▶숭어 - 릴찌/ 장대/ 홀치기▶붕장어 - 원투▶우럭 - 릴찌/ 원투▶농어 - 루어/ 릴찌,37-24-44.5N,,인천광역시 중구
904,POINT (849620.3309390021 1625341.3057564),우이도,선창구미,0.3~0.9,펄/ 자갈,상관없음,▶노래미 - 루어/ 릴찌/ 장대/ 원투 ▶붕장어 - 원투,34-36-40.5N,,전라남도 신안군
905,POINT (899889.189423172 1651045.95360329),목포 부근,명지식품 해안길,0.2~0.3m,펄,사리 전후/ 초들물~중날물,▶ 감성돔 - 릴찌/ 장대/ 원투▶ 붕장어 - 원투▶ 우럭 - 릴찌/ 원투▶ 노래미 - 루어/ 릴찌/ 장대/ 원투▶ 농어 - 루어/ 릴찌▶ 볼락 - 릴찌/ 장대/ 루어,34-50-56.930N,,전라남도 무안군
906,POINT (975552.432234197 1582632.93977286),초도,석머리,0~9.0,펄,초들물~중날물,▶참돔 - 부력/ 잠수▶뱅어돔 - 목줄/ 장대/ 부력/ 잠수▶볼락 - 릴찌/ 장대/ 루어▶감성돔 - 릴찌/ 장대/ 원투▶돌돔 - 민장대/ 릴찌/ 원투▶농어 - 루어/ 릴찌,34-14-12.6N,,전라남도 여수시
907,POINT (1052405.45172932 1657422.24859325),남해도 동부·신수도·창선도,신수도 북쪽 갯바위,0.9~4.3,암,초들물~중날물,▶볼락 - 릴찌/ 장대/ 루어 ▶갑오징어 - 에깅 ▶노래미 - 루어/ 릴찌/ 장대/ 원투 ▶우럭 - 릴찌/ 원투,34-54-36.8N,,경상남도 사천시
908,POINT (1092501.60534052 1665081.70775892),칠천도·가조도,계도 어촌 체험 낚시터,3.9~4.6,펄,초들물~중날물,▶감성돔 - 릴찌/ 장대/ 원투 ▶노래미 - 루어/ 릴찌/ 장대/ 원투 ▶갑오징어 - 에깅▶도다리 - 원투 ▶볼락 - 릴찌/ 장대/ 루어,34-58-35.1N,,경상남도 거제시
948,POINT (890687.7095595 1650957.92533156),목포 부근,꼬막섬,-1~-0.2m,펄,사리 전후/ 초들물~중날물,▶ 감성돔 - 릴찌/ 장대/ 원투▶ 붕장어 - 원투▶ 우럭 - 릴찌/ 원투▶ 노래미 - 루어/ 릴찌/ 장대/ 원투▶ 농어 - 루어/ 릴찌▶ 볼락 - 릴찌/ 장대/ 루어,34-50-50.661N,,전라남도 신안군
910,POINT (870666.889893727 1587781.69292073),상조도·하조도·관매도,하조도 매동여(낚시배),0.6~2.2,펄/ 조개껍질,초들물~중날물,▶감성돔 - 릴찌/ 장대/ 원투 ▶참돔 - 부력/ 잠수 ▶노래미 - 루어/ 릴찌/ 장대/ 원투▶돌돔 - 원투/ 민장대/ 릴찌 ▶도다리 - 원투 ▶우럭 - 릴찌/ 원투,35-16-31.8N,,전라남도 진도군
911,POINT (841630.479101612 1961734.07579292),연평도,검은서,0~0.5,펄,12물~4물,▶광어 - 릴찌/ 원투▶우럭 - 릴찌/ 원투▶숭어 - 릴찌/ 장대/ 홀치기▶간재미 - 원투▶농어 - 루어/ 릴찌▶노래미 - 루어/ 릴찌/ 장대/ 원투,37-38-29.2N,,인천광역시 옹진군
912,POINT (1028040.48700385 1629607.02518113),돌산도,계동등대 옆 갯바위,0.6~0.9,펄,초들물~중날물,▶참돔 - 부력/ 잠수▶농어 - 루어/ 릴찌▶노래미 - 루어/ 릴찌/ 장대/ 원투▶볼락 - 릴찌/ 장대/ 루어▶우럭 - 릴찌/ 원투▶붕장어 - 원투,34-39-37.3N,,전라남도 여수시
913,POINT (947199.489004935 1492551.5230794),제주도 동부,당두곶 우측 갯바위,8.0~8.2,암,들물/날물,▶참돔 - 부력/ 잠수 ▶돌돔 - 민장대/ 릴찌/ 원투 ▶볼락 - 루어/ 릴찌/ 장대▶벵에돔 - 목줄/ 장대/ 부력/ 잠수 ▶무늬오징어 - 에깅 ▶독가시치 - 목줄/ 장대/ 부력/ 잠수,33-25-24.1N,,제주특별자치도 서귀포시
914,POINT (1053694.58107455 1648326.71357103),남해도 동부·신수도·창선도,모상개 해수욕장 우측 갯바위,1.5~6.7,펄/ 조개껍질,초들물~중날물,▶참돔 - 부력/ 잠수 ▶농어 - 루어/ 릴찌 ▶노래미 - 루어/ 릴찌/ 장대/ 원투▶볼락 - 릴찌/ 장대/ 루어 ▶우럭 - 릴찌/ 원투,34-49-41.3N,,경상남도 남해군
915,POINT (850039.421687257 1626674.95783956),우이도,가도 북측 갯바위,4.4~8.8,암,조금 전후,▶감성돔 - 릴찌/ 장대/ 원투▶노래미 - 루어/ 릴찌/ 장대/ 원투▶붕장어 - 원투 ▶우럭 - 릴찌/ 원투,34-37-24.0N,,전라남도 신안군
916,POINT (888183.20684554 1600141.22975428),진도 남동부,접도리 선창,0~0.7,펄,초들물~중날물,▶돌돔 - 처박기/ 장대/ 원투/ 릴찌▶감성돔 - 릴찌/ 장대/ 원투▶우럭 - 루어/ 릴찌/ 장대/ 원투▶열기 - 릴찌/ 민장대▶참돔 - 릴찌▶숭어 - 릴찌/ 장대/ 홀치기▶노래미 - 루어/ 릴찌/ 장대/ 원투▶붕장어 - 원투,34-23-20.3N,,전라남도 진도군
917,POINT (881237.85351252 1491205.26304432),제주도 서부·차귀도·비양도,비양도 초소 밑 갯바위,0.9~2.9,모래/ 조개껍질,들물/썰물,▶감성돔 - 릴찌/ 장대/ 원투▶벤자리 - 릴찌/ 민장대▶삼치 - 루어/ 릴찌▶방어 - 부력/ 잠수/ 지깅▶벵에돔 - 목줄/ 장대/ 부력/ 잠수▶한치 - 루어/ 원투,33-24-21.4N,,제주특별자치도 제주시
918,POINT (876233.911566454 1700543.15175569),송이도,큰내기 좌측 갯바위,0~2.0,암,들물/날물,▶감성돔 - 릴찌/ 장대/ 원투▶민어 - 루어/ 지깅/ 원투▶숭어 - 릴찌/ 장대/ 홀치기▶농어 - 루어/ 릴찌▶붕장어 - 원투▶우럭 - 릴찌/ 원투,35-17-33.9N,,전라남도 영광군
919,POINT (870093.390404807 1591791.89015803),상조도·하조도·관매도,하조도 등대,1.9~5.4,암,초들물~중날물,▶감성돔 - 릴찌/ 장대/ 원투 ▶참돔 - 부력/ 잠수 ▶노래미 - 루어/ 릴찌/ 장대/ 원투▶돌돔 - 원투/ 민장대/ 릴찌 ▶도다리 - 원투 ▶우럭 - 릴찌/ 원투,34-18-41.7N,,전라남도 진도군
920,POINT (874653.609825269 1663070.46354271),고이도·매화도·선도·증도,왕바위,1.7~2.0,펄,초들물~중날물,▶감성돔 - 릴찌/ 장대/ 원투 ▶노래미 - 루어/ 릴찌/ 장대/ 원투 ▶광어 - 릴찌/ 원투 ▶숭어 - 릴찌/ 장대/ 훌치기▶우럭 - 릴찌/ 원투 ▶붕장어 - 원투 ▶도다리 - 원투 ▶농어 - 루어/ 릴찌,34-57-17.1N,,전라남도 신안군
921,POINT (871939.493608154 1804681.13924452),호도·녹도·외연도,외연도 누적금 부근,1.7m~3m,자갈/ 펄,조금 전·후,▶감성돔 - 릴찌/ 장대/ 원투 ▶갑오징어 - 에깅▶넙치 - 루어/ 원투 ▶노래미 - 루어/ 릴찌/ 장대/ 원투▶농어 - 루어/ 릴찌 ▶우럭 - 릴찌/ 원투 ▶참돔 - 부력/ 잠수,36-13-51.1N,,충청남도 보령시
922,POINT (904906.867701277 1749143.5494849),십이동파도·비안도,비안도 서쪽 돌출여 부근,5m~7m,모래/ 펄,들물 전·후,▶감성돔 - 릴찌/ 장대/ 원투 ▶갑오징어 - 에깅▶넙치 - 루어/ 원투 ▶노래미 - 루어/ 릴찌/ 장대/ 원투▶농어 - 루어/ 릴찌 ▶참돔 - 부력/ 잠수 ▶우럭 - 릴찌/ 원투,35-44-02.5N,,전라북도 군산시
923,POINT (897746.6841228141 1762411.8367879),말도·방축도, 방축도 북서바위,7m~9m,모래/ 조개껍질,썰물 전·후,▶감성돔 - 릴찌/ 장대/ 원투 ▶넙치 - 루어/ 원투▶농어 - 루어/ 릴찌 ▶우럭 - 릴찌/ 원투▶부시리 - 부력/ 잠수/ 지깅 ▶참돔 - 부력/ 잠수,35-51-10.5N,,전라북도 군산시
924,POINT (852795.269815397 1641634.51875281),비금도·도초도, 비금도 이미해수욕장 갯바위,3.5m~5m,바위,날물,▶노래미 - 루어/ 릴찌/ 장대/ 원투 ▶농어 - 루어/ 릴찌▶돌돔 - 릴찌/ 장대/ 원투 ▶볼락 - 루어/ 릴찌/ 장대▶붕장어 - 원투 ▶우럭 - 릴찌/ 원투 ▶참돔 - 부력/ 잠수,34-45-30.9N,,전라남도 신안군
925,POINT (1088505.43193604 1638753.43342716),한산도·용초도,용초 뒤등 갯바위,3.4~3.7,모래,12물~3물,▶참돔 - 부력/ 잠수▶볼락 - 릴찌/ 장대/ 루어▶감성돔 - 릴찌/ 장대/ 원투,34-44-21.8N,,경상남도 통영시
926,POINT (892503.908416787 1552167.47983916),추자도,예초리 해안도로 갯바위,0~4.3,암,들물/썰물,▶감성돔 - 릴찌/ 장대/ 원투▶돌돔 - 민장대/ 릴찌/ 원투▶자리돔 - 장대/ 카드▶농어 - 루어/ 릴찌▶볼락 - 루어/ 릴찌/ 장대▶참돔 - 부력/ 잠수,33-57-24.7N,,제주특별자치도 제주시
927,POINT (884950.165406717 1459676.70367552),제주도 남서부·가파도·마라도,할망당 아래 갯바위,3.3~9.7,모래/ 조개껍질,들물/썰물,▶벵에돔 - 목줄/ 장대/ 잠수 ▶농어 - 루어/ 릴찌 ▶자리돔 - 민장대/ 릴찌 ▶볼락 - 루어/ 릴찌/ 장대▶한치 - 루어/ 원투 ▶참돔 - 부력/ 잠수 ▶부시리 - 부력/ 잠수/ 지깅,33-07-19.3N,,제주특별자치도 서귀포시
928,POINT (872359.75022955 1669015.37948403),고이도·매화도·선도·증도,도둑섬 포인트,0.1~1.7,펄/ 모래,초들물~중날물,▶감성돔 - 릴찌/ 장대/ 원투 ▶노래미 - 루어/ 릴찌/ 장대/ 원투 ▶광어 - 릴찌/ 원투 ▶숭어 - 릴찌/ 장대/ 훌치기▶우럭 - 릴찌/ 원투 ▶붕장어 - 원투 ▶도다리 - 원투 ▶농어 - 루어/ 릴찌,35-00-29.0N,,전라남도 신안군
929,POINT (865218.88079809 1581905.88717688),상조도·하조도·관매도,고치여 하늘다리 주변,3.6~4.2,자갈,초들물~중날물,▶감성돔 - 릴찌/ 장대/ 원투 ▶돌돔 - 원투/ 민장대/ 릴찌▶참돔 - 부력/ 잠수 ▶도다리 - 원투▶노래미 - 루어/ 릴찌/ 장대/ 원투 ▶우럭 - 릴찌/ 원투,34-13-18.6N,,전라남도 진도군
930,POINT (887911.91394383 1470663.31223194),제주도 남서부·가파도·마라도,사계리 체육공원 갯,1.3~4.3,모래,들물/썰물,▶벵에돔 - 목줄/ 장대/ 잠수▶농어 - 루어/ 릴찌▶자리돔 - 민장대/ 릴찌▶볼락 - 루어/ 릴찌/ 장대▶한치 - 루어/ 원투▶참돔 - 부력/ 잠수▶부시리 - 부력/ 잠수/ 지깅,33-13-17.1N,,제주특별자치도 서귀포시
931,POINT (873618.837537382 1645983.58128971),암태도,중앙대교 북단,0~5.5,암,초들물~중날물,▶감성돔 - 릴찌/ 장대/ 원투▶숭어 - 릴찌/ 장대/ 홀치기▶농어 - 루어/ 릴찌,34-48-02.1N,,전라남도 신안군
932,POINT (891908.0596022641 1549213.83941742),추자도,하추자도 남동측 끝단,2.1~5.,암,들물/썰물,▶감성돔 - 릴찌/ 장대/ 원투▶돌돔 - 민장대/ 릴찌/ 원투▶자리돔 - 장대/ 카드▶농어 - 루어/ 릴찌▶볼락 - 루어/ 릴찌/ 장대▶참돔 - 부력/ 잠수,33-55-48.6N,,제주특별자치도 제주시
933,POINT (874826.941701321 1642312.70364533),안좌도·팔금도,신안교 동단,3.9~9.0,암,초들물~중날물,▶볼락 - 릴찌/ 장대/ 루어▶고등어 - 루어/ 릴찌/ 장대▶볼락 - 릴찌/ 장대/ 루어▶고등어 - 루어/ 릴찌/ 장대,34-46-03.5N,,전라남도 신안군
934,POINT (904105.16413582 1949129.18799659),시도,시모도 연륙교,-3.7~-4.5,펄,초들물~중날물,▶우럭 - 릴찌/ 원투▶숭어 - 릴찌/ 장대/ 홀치기▶붕장어 - 원투▶농어 - 루어/ 릴찌▶노래미 - 루어/ 릴찌/ 장대/ 원투,37-32-11.4N,,인천광역시 옹진군
935,POINT (874064.55243688 1654928.52431193),암태도,익금해변 갯바위,0.2~0.7,펄,초들물~중날물,▶감성돔 - 릴찌/ 장대/ 원투▶숭어 - 릴찌/ 장대/ 홀치기▶농어 - 루어/ 릴찌,34-52-52.6N,,전라남도 신안군
936,POINT (779572.142788415 1566045.42113677),가거도,오구멍박벌 갯바위,1.8~3.3,펄/ 모래,초들물~중날물,▶부시리 - 루어▶노래미 - 루어/ 릴찌/ 장대/ 원투▶농어 - 루어▶볼락 - 릴찌/ 장대/ 루어▶우럭 - 루어/ 릴찌/ 장대/ 원투,34-03-51.5N,,전라남도 신안군
937,POINT (1003657.59624481 1622436.11091337),낭도 부근,해안길 좌측,2.6~4.9m,암,조금 전후/ 5물~8물,▶ 감성돔 - 릴찌/ 장대/ 원투▶ 붕장어 - 원투▶ 농어 - 루어/ 릴찌▶ 숭어 - 릴찌/ 장대/ 훌치기,34-35-45.857N,,전라남도 여수시
938,POINT (1106052.09339746 1674488.75841179),진해항 부근,잠도 서측,0.1~3.9m,펄,초들물~중날물,▶ 도다리 - 원투▶ 노래미 - 루어/ 릴찌/ 장대/ 원투▶ 볼락 - 릴찌/ 장대/ 루어▶ 감성돔 - 릴찌/ 장대/ 원투▶ 갑오징어 - 에깅,35-03-35.629N,,경상남도 창원시
939,POINT (1071697.80482237 1640328.03905936),추도 부근,용머리치 끝,5.0~7.8m,암,6물~8물,▶ 볼락 - 릴찌/ 장대/ 루어▶ 우럭 - 릴찌/ 원투▶ 주꾸미 - 릴찌/ 원투▶ 광어 - 릴찌/ 원투▶ 감성돔 - 릴찌/ 장대/ 원투▶ 벵에돔 - 목줄/ 장대/ 부력/ 잠수▶ 참돔 - 부력/ 잠수,34-45-17.662N,,경상남도 통영시
940,POINT (1062050.0580229 1618573.69959053),갈도 부근,너부렁여,14.5~15.9m,암,2물~8물/ 사리 전후,▶ 감성돔 - 릴찌/ 장대/ 원투▶ 돌돔 - 릴찌/ 장대/ 원투▶ 볼락 - 릴찌/ 장대/ 루어 ▶ 무늬오징어 - 릴찌/ 에깅,34-33-33.742N,,경상남도 통영시
941,POINT (790465.239090486 1637846.64410553),홍도,수력말과종바위 인근,2.5~15.5m,암,사리 전후/ 초들물/ 만조 전후,▶ 참돔 - 부력/ 잠수▶ 돌돔 - 릴찌/ 장대/ 원투▶ 감성돔 - 릴찌/ 장대/ 원투▶ 우럭 - 릴찌/ 원투▶ 농어 - 루어/ 릴찌,34-42-48.804N,,전라남도 신안군
942,POINT (952100.523477579 1608759.6488209),득량만 부근,정남진해양낚시공원,0.1~1.2m,펄,4물~12물/ 들물,▶ 감성돔 - 릴찌/ 장대/ 원투▶ 농어 - 루어/ 릴찌▶ 우럭 - 릴찌/ 원투▶ 노래미 - 루어/ 릴찌/ 장대/ 원투▶ 도다리 - 원투▶ 학공치 - 릴찌/  장대,34-28-17.864N,,전라남도 장흥군
943,POINT (1020640.14033165 1636420.94952641),여수엑스포 부근,국동항 인근,6.3~8.4m,펄/ 모래,조금,▶ 벵에돔 - 목줄/ 장대/ 부력/ 잠수▶ 참돔 - 부력/ 잠수▶ 돌돔 - 릴찌/ 장대/ 원투▶ 감성돔 - 릴찌/ 장대/ 원투▶ 농어 - 루어/ 릴찌,34-43-19.142N,,전라남도 여수시
944,POINT (886210.527107061 1632816.26750083),화원 부근,마리나공사장 남측(*화원 마리나 포인트),0.7~1.5m,펄,조금 전후/ 초들물~중날물,▶ 감성돔 - 릴찌/ 장대/ 원투▶ 붕장어 - 원투▶ 농어 - 루어/ 릴찌,34-41-00.080N,,전라남도 해남군
945,POINT (966200.235658625 1580405.76212568),황제도,흰여,17.2~21.5m,암,사리를 피한 물때/ 1~3물/ 9~13물,▶ 감성돔 - 릴찌/ 장대/ 원투▶ 참돔 - 부력/ 잠수▶ 돌돔 - 릴찌/ 장대/ 원투▶ 농어 - 루어/ 릴찌▶ 광어 - 릴찌/ 원투▶ 볼락 - 릴찌/ 장대/ 루어,34-12-59.349N,,전라남도 완도군
946,POINT (790163.894967314 1638183.33166923),홍도,독립문 인근,3.3~7m,암,사리 전후/ 초들물/ 만조 전후,▶ 참돔 - 부력/ 잠수▶ 돌돔 - 릴찌/ 장대/ 원투▶ 감성돔 - 릴찌/ 장대/ 원투▶ 우럭 - 릴찌/ 원투▶ 농어 - 루어/ 릴찌,34-42-59.503N,,전라남도 신안군
947,POINT (1079144.25546413 1627845.77477526),연화도 부근,연화리 갯바위,10.1~10.7m,암,초들물/ 초날물/ 5물~6물/ 조금,▶ 참돔 - 부력/ 잠수▶ 감성돔 - 릴찌/ 장대/ 원투▶ 볼락 - 릴찌/ 장대/ 루어▶ 벵에돔 - 목줄/ 장대/ 부력/ 잠수▶ 농어 - 루어/ 릴찌,34-38-30.497N,,경상남도 통영시
949,POINT (855961.1975319721 1584850.34672506),거차수도 부근,동거차 둥근섬,1.9~2m,암,10물~5물,▶ 참돔 - 부력/ 잠수▶ 감성돔 - 릴찌/ 장대/ 원투▶ 돌돔 - 릴찌/ 장대/ 원투▶ 우럭 - 릴찌/ 원투▶ 농어 - 루어/ 릴찌▶ 부시리 - 부력/ 잠수/ 지깅,34-14-49.697N,,전라남도 진도군
950,POINT (876222.4264538371 1585334.81199038),독거군도 부근,소슬도,1~2.2m,암,조금~4물,▶ 참돔 - 부력/ 잠수▶ 감성돔 - 릴찌/ 장대/ 원투▶ 돌돔 - 릴찌/ 장대/ 원투▶ 광어-릴찌/ 원투▶ 농어 - 루어/ 릴찌,34-15-14.817N,,전라남도 진도군
951,POINT (989162.375640208 1609474.12304542),거금수도 부근,추도,5.3~5.5m,펄,초들물~만조,▶ 감성돔 - 릴찌/ 장대/ 원투▶ 숭어 - 릴찌/ 장대/ 훌치기▶ 우럭 - 릴찌/ 원투▶ 노래미 - 루어/ 릴찌/ 장대/ 원투▶ 농어 - 루어/ 릴찌▶ 볼락 - 릴찌/ 장대/ 루어,34-28-44.861N,,전라남도 고흥군
952,POINT (1004897.17085278 1622048.75815487),낭도 부근,사도 서측,1.3~2.2m,암,사리 전후/ 초날물,▶ 감성돔 - 릴찌/ 장대/ 원투▶ 붕장어 - 원투▶ 농어 - 루어/ 릴찌▶ 숭어 - 릴찌/ 장대/ 훌치기,34-35-33.263N,,전라남도 여수시
953,POINT (1022935.73946678 1641710.41343079),여수엑스포 부근,검은모래해변 부근,0.8~9.8m,펄,조금,▶ 벵에돔 - 목줄/ 장대/ 부력/ 잠수▶ 참돔 - 부력/ 잠수▶ 돌돔 - 릴찌/ 장대/ 원투▶ 감성돔 - 릴찌/ 장대/ 원투▶ 농어 - 루어/ 릴찌,34-46-10.682N,,전라남도 여수시
954,POINT (989723.793007774 1587685.85125046),손죽열도 부근,소거문 홈통,7.6~20m,펄,사리 전후/ 10~5물,▶ 감성돔 - 릴찌/ 장대/ 원투▶ 참돔 - 부력/ 잠수▶ 돌돔 - 릴찌/ 장대/ 원투▶ 우럭 - 릴찌/ 원투▶ 노래미 - 루어/ 릴찌/ 장대/ 원투▶ 농어 - 루어/ 릴찌▶ 숭어 - 릴찌/ 장대/ 훌치기▶ 삼치 - 루어/ 릴찌▶ 문어 - 루어,34-16-57.503N,,전라남도 여수시
955,POINT (905654.5478584521 1598816.13130573),해남반도 부근,어란리 서측,0.6~1.7m,펄,사리 전후,▶ 감성돔 - 릴찌/ 장대/ 원투▶ 고등어 - 장대/ 릴찌/ 루어▶ 볼락 - 릴찌/ 장대/ 루어▶ 노래미 - 루어/ 릴찌/ 장대/ 원투▶ 숭어 - 릴찌/ 장대/ 훌치기▶ 우럭 - 릴찌/ 원투▶ 농어 - 루어/ 릴찌▶ 돌돔 - 릴찌/ 장대/ 원투,34-22-43.556N,,전라남도 해남군
956,POINT (930141.3164981741 1607792.11216029),완도 부근,사내방조제,0.2~0.4m,펄,들물,▶ 감성돔 - 릴찌/ 장대/ 원투▶ 농어 - 루어/ 릴찌▶ 도다리 - 원투▶ 숭어 - 릴찌/ 장대/ 훌치기▶ 노래미 - 루어/ 릴찌/ 장대▶ 학공치 - 릴찌/ 장대,34-27-41.940N,,전라남도 강진군
957,POINT (990378.514749149 1562872.60305025),대삼부도,똥여부근 갯바위,0.3~3.1m,암,10물~13물,▶ 벵에돔 - 목줄/ 장대/ 부력/ 잠수▶ 참돔 - 부력/ 잠수▶ 돌돔 - 릴찌/ 장대/ 원투▶ 감성돔 - 릴찌/ 장대/ 원투▶ 농어 - 루어/ 릴찌,34-03-31.910N,,전라남도 여수시
958,POINT (1077395.32077125 1627867.24435917),연화도 부근,대바위 인근,3.8~4.6m,암,초들물/ 초날물/ 5물~6물/ 조금,▶ 참돔 - 부력/ 잠수▶ 감성돔 - 릴찌/ 장대/ 원투▶ 볼락 - 릴찌/ 장대/ 루어▶ 벵에돔 - 목줄/ 장대/ 부력/ 잠수▶ 농어 - 루어/ 릴찌,34-38-31.675N,,경상남도 통영시
959,POINT (889701.585303582 1554130.23233148),추자군도,염도 좌측,0.8~1.1m,암,11물~5물/ 정조전후,▶ 감성돔 - 릴찌/ 장대/ 원투▶ 벵에돔 - 목줄/ 장대/ 부력/ 잠수▶ 참돔 - 부력/ 잠수▶ 돌돔 - 민장대/ 릴찌/ 원투▶ 볼락 - 릴찌/ 장대/ 루어▶ 부시리 - 부력/ 잠수/ 지깅,33-58-27.368N,,제주특별자치도 제주시
960,POINT (1048580.90500675 1662790.12434888),진주만 부근,삼분갑 근처 갯바위(*삼천포 마리나 포인트),1.2~6.3m,암,13물-4물/ 초들물,▶ 감성돔 - 릴찌/ 장대/ 원투▶ 노래미 - 루어/ 릴찌/ 장대/ 원투▶ 볼락 - 릴찌/ 장대/ 루어▶ 농어 - 루어/ 릴찌▶ 도다리 - 원투▶ 갑오징어 - 에깅,34-57-31.736N,,경상남도 사천시
961,POINT (1081204.51620438 1652350.74440384),진해만 부근,문턱개 북측,1.4~3.5m,펄,조금 전후,▶ 감성돔 - 릴찌/  장대/  원투▶ 넙치 - 루어/  원투▶ 도다리 - 원투▶ 볼락 - 릴찌/  장대/  루어▶ 붕장어 - 원투▶ 우럭 - 릴찌/  원투▶ 학공치 - 릴찌/  장대▶ 노래미 - 루어/  릴찌/  장대/  원투▶ 농어 - 루어/  릴찌▶ 고등어 - 장대/  릴찌/  루어,34-51-45.353N,,경상남도 통영시
962,POINT (1063216.4435356 1619821.43581919),갈도 부근,빗바위,11.6~11.8m,모래/ 조개껍질,2물~8물/ 사리 전후,▶ 감성돔 - 릴찌/ 장대/ 원투▶ 돌돔 - 릴찌/ 장대/ 원투▶ 볼락 - 릴찌/ 장대/ 루어 ▶ 무늬오징어 - 릴찌/ 에깅,34-34-13.991N,,경상남도 통영시
963,POINT (894572.5326641051 1647311.17351934),목포 부근,도시촌 길 남측,-0.8~7.3m,펄,사리 전후/ 초들물~중날물,▶ 감성돔 - 릴찌/ 장대/ 원투▶ 붕장어 - 원투▶ 우럭 - 릴찌/ 원투▶ 노래미 - 루어/ 릴찌/ 장대/ 원투▶ 농어 - 루어/ 릴찌▶ 볼락 - 릴찌/ 장대/ 루어,34-48-53.775N,,전라남도 신안군
964,POINT (975532.3081889411 1608867.55009258),거금수도 부근,한옥민박 옆,2.3~2.9m,펄,초들물~만조,▶ 감성돔 - 릴찌/ 장대/ 원투▶ 숭어 - 릴찌/ 장대/ 훌치기▶ 우럭 - 릴찌/ 원투▶ 노래미 - 루어/ 릴찌/ 장대/ 원투▶ 농어 - 루어/ 릴찌▶ 볼락 - 릴찌/ 장대/ 루어,34-28-24.328N,,전라남도 고흥군
965,POINT (1100363.4157127 1679324.0736599),진해항 부근,해돋이까페 부근,1.3~2.5m,펄,초들물~중날물,▶ 도다리 - 원투▶ 노래미 - 루어/ 릴찌/ 장대/ 원투▶ 볼락 - 릴찌/ 장대/ 루어▶ 감성돔 - 릴찌/ 장대/ 원투▶ 갑오징어 - 에깅,35-06-14.661N,,경상남도 창원시
966,POINT (1074894.95326479 1657451.23004981),자란만 부근,가오치 마을 앞,0.6~2.9m,펄,13물~6물,▶ 갑오징어 - 에깅▶ 감성돔 - 릴찌/ 장대/ 원투▶ 노래미 - 루어/ 릴찌/ 장대/ 원투▶ 벵에돔 - 목줄/ 장대/ 부력/ 잠수▶ 참돔 - 부력/ 잠수▶ 볼락 - 릴찌/ 장대/ 루어▶ 농어 - 루어/ 릴찌▶ 붕장어 - 원투▶ 우럭 - 릴찌/ 원투,34-54-32.660N,,경상남도 통영시
967,POINT (812456.272454595 1581559.26348568),만재도,내마도상단,10.5~14m,암,조금 전후,▶ 돌돔 - 릴찌/ 장대/ 원투▶ 참돔 - 부력/ 잠수▶ 감성돔 - 릴찌/ 장대/ 원투▶ 우럭 - 릴찌/ 원투▶ 광어 - 릴찌/ 원투▶ 농어 - 루어/ 릴찌▶ 볼락 - 릴찌/ 장대/ 루어▶ 문어 - 루어,34-12-37.943N,,전라남도 신안군
968,POINT (989864.514369366 1563134.59980554),대삼부도,동굴 좌측,0.2~0.8m,암,10물~13물,▶ 벵에돔 - 목줄/ 장대/ 부력/ 잠수▶ 참돔 - 부력/ 잠수▶ 돌돔 - 릴찌/ 장대/ 원투▶ 감성돔 - 릴찌/ 장대/ 원투▶ 농어 - 루어/ 릴찌,34-03-40.399N,,전라남도 여수시
969,POINT (1100206.49307921 1683038.64720311),진해항 부근,막개도,1.2~8.1m,펄,초들물~중날물,▶ 도다리 - 원투▶ 노래미 - 루어/ 릴찌/ 장대/ 원투▶ 볼락 - 릴찌/ 장대/ 루어▶ 감성돔 - 릴찌/ 장대/ 원투▶ 갑오징어 - 에깅,35-08-15.278N,,경상남도 창원시
970,POINT (889961.6544852781 1550239.50080279),추자군도,섬생이 좌측,2.5~9.4m,암,11물~5물/ 정조전후,▶ 감성돔 - 릴찌/ 장대/ 원투▶ 벵에돔 - 목줄/ 장대/ 부력/ 잠수▶ 참돔 - 부력/ 잠수▶ 돌돔 - 민장대/ 릴찌/ 원투▶ 볼락 - 릴찌/ 장대/ 루어▶ 부시리 - 부력/ 잠수/ 지깅,33-56-21.168N,,제주특별자치도 제주시
971,POINT (964033.0791607971 1623215.76416373),득량만 부근,득량도 우측,0.5~0.8m,펄,4물~12물/ 들물,▶ 감성돔 - 릴찌/ 장대/ 원투▶ 농어 - 루어/ 릴찌▶ 우럭 - 릴찌/ 원투▶ 노래미 - 루어/ 릴찌/ 장대/ 원투▶ 도다리 - 원투▶ 학공치 - 릴찌/  장대,34-36-08.922N,,전라남도 고흥군
972,POINT (1077710.55763301 1630022.22214158),연화도 부근,가마동섬,1.9~3.3m,암,초들물/ 초날물/ 5물~6물/ 조금,▶ 참돔 - 부력/ 잠수▶ 감성돔 - 릴찌/ 장대/ 원투▶ 볼락 - 릴찌/ 장대/ 루어▶ 벵에돔 - 목줄/ 장대/ 부력/ 잠수▶ 농어 - 루어/ 릴찌,34-39-41.542N,,경상남도 통영시
973,POINT (989896.42222016 1639633.32725436),순천만 부근,선정 부근,0.2~1m,펄,초들물,▶ 붕장어 - 원투▶ 망둑어 - 원투▶ 짱뚱어 - 훌치기▶ 숭어 - 릴찌/ 장대/ 훌치기,34-45-04.000N,,전라남도 고흥군
974,POINT (892243.853138466 1653208.80283328),목포 부근,모삼머리들,-2.3~-1.9m,펄,사리 전후/ 초들물~중날물,▶ 감성돔 - 릴찌/ 장대/ 원투▶ 붕장어 - 원투▶ 우럭 - 릴찌/ 원투▶ 노래미 - 루어/ 릴찌/ 장대/ 원투▶ 농어 - 루어/ 릴찌▶ 볼락 - 릴찌/ 장대/ 루어,34-52-04.315N,,전라남도 신안군
975,POINT (890346.765339802 1554305.75835334),추자군도,검둥여 부근,0.4~1.9m,암,11물~5물/ 정조전후,▶ 감성돔 - 릴찌/ 장대/ 원투▶ 벵에돔 - 목줄/ 장대/ 부력/ 잠수▶ 참돔 - 부력/ 잠수▶ 돌돔 - 민장대/ 릴찌/ 원투▶ 볼락 - 릴찌/ 장대/ 루어▶ 부시리 - 부력/ 잠수/ 지깅,33-58-33.309N,,제주특별자치도 제주시
976,POINT (1173765.16058471 1838523.88967121),사진리,사진 2리 남단 영덕 무지개 폭포,0.6m~1.9m,바위,,▶감성돔-릴찌/ 원투▶노래미-릴찌/ 원투▶농어-릴찌/ 원투/ 루어▶무늬오징어-릴찌/ 루어▶보리멸-릴찌/ 원투▶볼락-릴찌▶붕장어-릴찌/ 원투▶숭어-릴찌/ 훌치기▶황어-릴찌/ 루어,36-31-43.3N,129-26-27.6E,경상북도 영덕군
977,POINT (1174887.06443262 1836331.88729668),축산항,축산 죽도산 갯바위,0.9m~1.3m,바위,,▶감성돔-릴찌/ 원투▶노래미-릴찌/ 원투▶무늬오징어-릴찌/ 루어▶보리멸-릴찌/ 원투▶볼락-릴찌▶붕장어-릴찌/ 원투▶숭어-릴찌/ 훌치기▶황어-릴찌/ 루어,36-30-31.5N,129-27-10.8E,경상북도 영덕군
978,POINT (1173510.09161516 1830760.95699075),석리,석리 탐조등 노물다섯짬 해안도로 갯바위1,1m~1.1m,바위,,▶감성돔-릴찌/ 원투▶노래미-릴찌/ 원투▶농어-릴찌/ 원투/ 루어▶무늬오징어-릴찌/ 루어▶보리멸-릴찌/ 원투▶볼락-릴찌▶붕장어-릴찌/ 원투▶숭어-릴찌/ 훌치기▶황어-릴찌/ 루어,36-27-31.3N,129-26-11.0E,경상북도 영덕군
979,POINT (1173439.79593443 1830280.30733158),석리,석리 탐조등 노물다섯짬 해안도로 갯바위2,1m~1.1m,바위,,▶감성돔-릴찌/ 원투▶노래미-릴찌/ 원투▶농어-릴찌/ 원투/ 루어▶무늬오징어-릴찌/ 루어▶보리멸-릴찌/ 원투▶볼락-릴찌▶붕장어-릴찌/ 원투▶숭어-릴찌/ 훌치기▶황어-릴찌/ 루어,36-27-15.8N,129-26-08.2E,경상북도 영덕군
980,POINT (1170267.96543291 1820888.05034446),금진2리,금진 2리 마을 회관 갯바위,0.1m~0.4m,바위,,▶노래미-릴찌/ 원투▶무늬오징어-릴찌/ 루어▶보리멸-릴찌/ 원투▶볼락-릴찌▶붕장어-릴찌/ 원투▶숭어-릴찌/ 훌치기,36-22-13.8N,129-23-53.5E,경상북도 영덕군
981,POINT (1168741.12443383 1816119.01030008),남호리,남호 해수욕장 백사장,0.3m~2m,모래,,▶노래미-릴찌/ 원투▶농어-릴찌/ 원투/ 루어▶보리멸-릴찌/ 원투▶붕장어-릴찌/ 원투▶황어-릴찌/ 루어,36-19-39.6N,129-22-48.0E,경상북도 영덕군
982,POINT (1168828.7820157 1810547.18212095),장사리,장사해수욕장 남동쪽 갯바위,0.1m~0.4m,바위,,▶노래미-릴찌/ 원투▶농어-릴찌/ 원투/ 루어▶보리멸-릴찌/ 원투▶붕장어-릴찌/ 원투▶황어-릴찌/ 루어,36-16-38.8N,129-22-47.0E,경상북도 영덕군
983,POINT (1168957.62702578 1810273.11822846),부경리,부경리 갯바위1,0.1m~0.4m,바위,,▶감성돔-릴찌/ 원투▶노래미-릴찌/ 원투▶농어-릴찌/ 원투/ 루어▶무늬오징어-릴찌/ 루어▶보리멸-릴찌/ 원투▶볼락-릴찌▶붕장어-릴찌/ 원투▶숭어-릴찌/ 훌치기▶황어-릴찌/ 루어,36-16-29.9N,129-22-52.0E,경상북도 영덕군
984,POINT (1168860.14886095 1810122.51684022),부경리,부경리 갯바위2,0.1m~0.4m,바위,,▶감성돔-릴찌/ 원투▶노래미-릴찌/ 원투▶농어-릴찌/ 원투/ 루어▶무늬오징어-릴찌/ 루어▶보리멸-릴찌/ 원투▶볼락-릴찌▶붕장어-릴찌/ 원투▶숭어-릴찌/ 훌치기▶황어-릴찌/ 루어,36-16-25.1N,129-22-47.9E,경상북도 영덕군
985,POINT (1187424.57825682 1782648.75358316),삼정항,석병방파제 갯바위,0.8m~1.1m,바위,,▶감성돔-릴찌/ 원투▶노래미-릴찌/ 원투▶농어-릴찌/ 원투/ 루어▶무늬오징어-릴찌/ 루어▶보리멸-릴찌/ 원투▶볼락-릴찌▶붕장어-릴찌/ 원투▶숭어-릴찌/ 훌치기▶황어-릴찌/ 루어,36-01-21.6N,129-34-48.0E,경상북도 포항시
986,POINT (1187333.9277653 1781073.13568051),삼정3리,심정 3리 갯바위,0.8m~1.1m,바위,,▶갑오징어-릴찌/ 루어▶노래미-릴찌/ 원투▶농어-릴찌/ 원투/ 루어▶무늬오징어-릴찌/ 루어▶보리멸-릴찌/ 원투▶볼락-릴찌▶붕장어-릴찌/ 원투▶숭어-릴찌/ 훌치기▶황어-릴찌/ 루어,36-00-30.6N,129-34-43.0E,경상북도 포항시
987,POINT (1186275.48340667 1779510.68189624),구룡포항,구룡포 해수욕장 남측 갯바위1,0.1~1.1m,바위,,▶갑오징어-릴찌/ 루어▶노래미-릴찌/ 원투▶농어-릴찌/ 원투/ 루어▶무늬오징어-릴찌/ 루어▶보리멸-릴찌/ 원투▶볼락-릴찌▶붕장어-릴찌/ 원투▶숭어-릴찌/ 훌치기▶황어-릴찌/ 루어,35-59-40.7N,129-33-59.5E,경상북도 포항시
988,POINT (1186411.90693503 1779166.66617105),구룡포항,구룡포 해수욕장 남측 갯바위2,0.1~1.1m,모래,,▶갑오징어-릴찌/ 루어▶노래미-릴찌/ 원투▶농어-릴찌/ 원투/ 루어▶무늬오징어-릴찌/ 루어▶보리멸-릴찌/ 원투▶볼락-릴찌▶붕장어-릴찌/ 원투▶숭어-릴찌/ 훌치기▶황어-릴찌/ 루어,35-59-29.4N,129-34-04.6E,경상북도 포항시
989,POINT (1186232.88874872 1778944.24862279),구룡포항,구룡포항 서쪽 바다 낚시터,0.1~1.1m,바위,,▶갑오징어-릴찌/ 루어▶노래미-릴찌/ 원투▶농어-릴찌/ 원투/ 루어▶무늬오징어-릴찌/ 루어▶보리멸-릴찌/ 원투▶볼락-릴찌▶붕장어-릴찌/ 원투▶숭어-릴찌/ 훌치기▶황어-릴찌/ 루어,35-59-22.3N,129-33-57.3E,경상북도 포항시
990,POINT (1185100.71503049 1777298.5602584),장길리,구룡포항 장길리 보릿돌,0.8m~1.2m,바위,,▶갑오징어-릴찌/ 루어▶노래미-릴찌/ 원투▶농어-릴찌/ 원투/ 루어▶무늬오징어-릴찌/ 루어▶보리멸-릴찌/ 원투▶볼락-릴찌▶붕장어-릴찌/ 원투▶숭어-릴찌/ 훌치기▶황어-릴찌/ 루어,35-58-29.7N,129-33-10.7E,경상북도 포항시
991,POINT (1184989.95146579 1774712.8368922),장길리,장길리 복합 낚시 공원,1.1m~1.5m,바위,,▶갑오징어-릴찌/ 루어▶노래미-릴찌/ 원투▶농어-릴찌/ 원투/ 루어▶무늬오징어-릴찌/ 루어▶보리멸-릴찌/ 원투▶볼락-릴찌▶붕장어-릴찌/ 원투▶숭어-릴찌/ 훌치기▶황어-릴찌/ 루어,35-57-06.0N,129-33-02.8E,경상북도 포항시
992,POINT (1182752.86384419 1767867.25724558),신창리,신창 간이 해수욕장,0.1m~2m,모래,,▶갑오징어-릴찌/ 루어▶노래미-릴찌/ 원투▶농어-릴찌/ 원투/ 루어▶무늬오징어-릴찌/ 루어▶보리멸-릴찌/ 원투▶볼락-릴찌▶붕장어-릴찌/ 원투▶숭어-릴찌/ 훌치기▶황어-릴찌/ 루어,35-53-25.3N,129-31-29.2E,경상북도 포항시
993,POINT (1182633.20934046 1765818.60612829),양포항,양포항 남쪽 갯바위,0.2m~4.5m,바위,,▶갑오징어-릴찌/ 루어▶노래미-릴찌/ 원투▶농어-릴찌/ 원투/ 루어▶무늬오징어-릴찌/ 루어▶보리멸-릴찌/ 원투▶볼락-릴찌▶붕장어-릴찌/ 원투▶숭어-릴찌/ 훌치기▶황어-릴찌/ 루어,35-52-19.5N,129-31-22.8E,경상북도 포항시
994,POINT (1182905.43364673 1763773.57807567),계원2리,계원 2리 등대 갯바위,0.1m~4.6m,바위,,▶갑오징어-릴찌/ 루어▶노래미-릴찌/ 원투▶농어-릴찌/ 원투/ 루어▶무늬오징어-릴찌/ 루어▶보리멸-릴찌/ 원투▶볼락-릴찌▶붕장어-릴찌/ 원투▶숭어-릴찌/ 훌치기▶황어-릴찌/ 루어,35-51-12.4N,129-31-31.9E,경상북도 포항시
995,POINT (1181881.95091244 1759691.83091112),척사항,척사방파제 북쪽 갯바위,0.2m~1.7m,바위,,▶갑오징어-릴찌/ 루어▶노래미-릴찌/ 원투▶농어-릴찌/ 원투/ 루어▶무늬오징어-릴찌/ 루어▶보리멸-릴찌/ 원투▶볼락-릴찌▶붕장어-릴찌/ 원투▶숭어-릴찌/ 훌치기▶황어-릴찌/ 루어,35-49-00.8N,129-30-47.9E,경상북도 경주시
996,POINT (1181673.77879093 1759216.27847775),척사항,척사방파제 남쪽 갯바위,0.2m~1.4m,바위,,▶갑오징어-릴찌/ 루어▶노래미-릴찌/ 원투▶농어-릴찌/ 원투/ 루어▶무늬오징어-릴찌/ 루어▶보리멸-릴찌/ 원투▶볼락-릴찌▶붕장어-릴찌/ 원투▶숭어-릴찌/ 훌치기▶황어-릴찌/ 루어,35-48-45.4N,129-30-39.2E,경상북도 경주시
997,POINT (1181766.69659319 1758538.1152762),감포항,감포항 송대말 등대 앞 갯바위,0.1m~0.5m,바위,,▶갑오징어-릴찌/ 루어▶노래미-릴찌/ 원투▶농어-릴찌/ 원투/ 루어▶무늬오징어-릴찌/ 루어▶보리멸-릴찌/ 원투▶볼락-릴찌▶붕장어-릴찌/ 원투▶숭어-릴찌/ 훌치기▶황어-릴찌/ 루어,35-48-23.6N,129-30-42.4E,경상북도 경주시
998,POINT (1177372.65272258 1736894.52894642),판지항,판지항 남측 갯바위,0.3m~1.2m,바위     ,,▶감성돔-장대/ 릴찌▶노래미-루어/ 릴찌▶볼락-루어/ 릴찌▶붕장어-원투/ 릴찌▶전갱이-루어,35-36-44.2N,129-27-30.1E,울산광역시 북구 
999,POINT (1177759.29733484 1736236.09697157),제전항,제전항 남측 갯바위,0.4m~1.2m,모래/ 바위,,▶감성돔-장대/ 릴찌▶무늬오징어-루어/ 릴찌▶볼락-루어/ 릴찌▶붕장어-원투/ 릴찌,35-36-22.5N,129-27-44.9E,울산광역시 북구 
1000,POINT (1177906.46978577 1734708.38260197),우가포,우가포갯바위,0.1m~2.0m,모래/ 바위,,▶감성돔-장대/ 릴찌▶무늬오징어-루어/ 릴찌▶볼락-루어/ 릴찌▶성대-원투,35-35-32.9N,129-27-49.5E,울산광역시 북구 
1001,POINT (1177463.92804242 1733341.74425519),당사해양낚시공원,당사해양낚시공원,0.1m~2.0m,바위     ,,▶갑오징어-루어▶노래미-루어/ 릴찌▶볼락-루어/ 릴찌▶전갱이-루어,35-34-48.8N,129-27-30.9E,울산광역시 북구
1002,POINT (1177235.25816814 1731735.09375058),주전몽돌해변,주전몽돌해변,0.1m~2.0m,바위     ,,▶보리멸-원투/ 릴찌▶성대-원투▶숭어-원투/ 릴찌,35-33-56.9N,129-27-20.5E,울산광역시 동구
1006,POINT (1166474.29381003 1707320.58359998),신암1리,신암1리 방파제 동측 갯바위,0.7m~2.1m,모래/ 바위,,▶감성돔-장대/ 릴찌▶농어-원투/ 루어▶볼락-루어/ 릴찌,35-20-51.5N,129-19-55.3E,울산광역시 울주군
1007,POINT (1160113.10727259 1701198.51409891),신평소공원,신평소공원 윷판대,0.8m~0.9m,바위     ,,▶감성돔-장대/ 릴찌▶농어-원투/ 루어▶무늬오징어-루어/ 릴찌▶볼락-루어/ 릴찌,35-17-36.6N,129-15-39.1E,부산광역시 기장군
1008,POINT (1160052.69563392 1700047.84629839),온정방파제,온정방파제 동측 남사암,0.0m~1.1m,바위     ,,▶감성돔-장대/ 릴찌▶갑오징어-루어▶농어-원투/ 루어▶무늬오징어-루어/ 릴찌▶볼락-루어/ 릴찌,35-16-59.3N,129-15-35.9E,부산광역시 기장군
1009,POINT (1158211.08456459 1693140.39530967),대변항,대변항 북측 갯바위,0.4m~1.1m,모래/ 바위,,▶감성돔-장대/ 릴찌▶노래미-루어/ 릴찌▶볼락-루어/ 릴찌,35-13-16.3N,129-14-18.3E,부산광역시 기장군 
1010,POINT (1157320.0890468 1691413.30989182),원앙대,원앙대(오랑대공원),0.1m~4.7m,바위     ,,▶감성돔-장대/ 릴찌▶벵에돔-릴찌▶고등어-릴찌/ 루어▶농어-원투/ 루어,35-12-20.7N,129-13-42.1E,부산광역시 기장군 
1011,POINT (1155359.19604255 1688395.49768635),죽도,죽도갯바위(송일정),0.9m~3.5m,바위     ,,▶감성돔-장대/ 릴찌▶노래미-루어/ 릴찌▶도다리-원투/ 릴찌▶학꽁치-릴찌,35-10-43.9N,129-12-22.2E,부산광역시 해운대구
1012,POINT (1171270.55802183 1876659.76470628),망양휴게소,망양휴게소 갯바위,0.9m~1.6m,바위,,▶감성돔-릴찌/ 원투▶넙치-릴찌/ 원투▶노래미-릴찌/ 원투▶농어-릴찌/ 원투/ 루어▶무늬오징어-릴찌/ 루어▶보리멸-릴찌/ 원투▶볼락-릴찌▶숭어-릴찌/ 훌치기▶황어-릴찌/ 루어,36-52-21.7N,129-25-17.8E,경상북도 울진군
1013,POINT (1173890.92959145 1871188.44716376),사동항,사동항 남측 갯바위,0.1m~1.7m,모래/ 바위,,▶감성돔-릴찌/ 원투▶넙치-릴찌/ 원투▶노래미-릴찌/ 원투▶농어-릴찌/ 원투/ 루어▶무늬오징어-릴찌/ 루어▶보리멸-릴찌/ 원투▶볼락-릴찌▶숭어-릴찌/ 훌치기▶황어-릴찌/ 루어,36-49-22.5N,129-26-59.1E,경상북도 울진군
1014,POINT (1175764.69767093 1866543.01405607),봉산리,봉산리 백사장 남측 갯바위,0.1m~1.4m,모래/ 바위,,▶감성돔-릴찌/ 원투▶넙치-릴찌/ 원투▶노래미-릴찌/ 원투▶농어-릴찌/ 원투/ 루어▶무늬오징어-릴찌/ 루어▶보리멸-릴찌/ 원투▶볼락-릴찌▶숭어-릴찌/ 훌치기▶황어-릴찌/ 루어,36-46-50.7N,129-28-10.8E,경상북도 울진군
1015,POINT (1175994.96808493 1866001.89232763),봉산리,봉산리 주변 갯바위1,0.1m~1.1m,바위,,▶감성돔-릴찌/ 원투▶넙치-릴찌/ 원투▶노래미-릴찌/ 원투▶농어-릴찌/ 원투/ 루어▶무늬오징어-릴찌/ 루어▶보리멸-릴찌/ 원투▶볼락-릴찌▶숭어-릴찌/ 훌치기▶황어-릴찌/ 루어,36-46-33.0N,129-28-19.6E,경상북도 울진군
1016,POINT (1176331.20000294 1865538.46789799),봉산리,봉산리 주변 갯바위2,0.1m~1.1m,모래/ 바위,,▶감성돔-릴찌/ 원투▶넙치-릴찌/ 원투▶노래미-릴찌/ 원투▶농어-릴찌/ 원투/ 루어▶무늬오징어-릴찌/ 루어▶보리멸-릴찌/ 원투▶볼락-릴찌▶숭어-릴찌/ 훌치기▶황어-릴찌/ 루어,36-46-17.9N,129-28-32.9E,경상북도 울진군
1017,POINT (1176592.32386097 1865126.0708553),봉산리,봉산리 주변 갯바위3,0.1m~1.1m,모래/ 바위,,▶감성돔-릴찌/ 원투▶넙치-릴찌/ 원투▶노래미-릴찌/ 원투▶농어-릴찌/ 원투/ 루어▶무늬오징어-릴찌/ 루어▶보리멸-릴찌/ 원투▶볼락-릴찌▶숭어-릴찌/ 훌치기▶황어-릴찌/ 루어,36-46-04.1N,129-28-43.0E,경상북도 울진군
1018,POINT (1176454.59222253 1861267.40146757),직산리,직산리 주변 갯바위1,1.4m~1.7m,모래/ 바위,,▶감성돔-릴찌/ 원투▶넙치-릴찌/ 원투▶노래미-릴찌/ 원투▶농어-릴찌/ 원투/ 루어▶무늬오징어-릴찌/ 루어▶보리멸-릴찌/ 원투▶볼락-릴찌▶붕장어-릴찌/ 원투▶숭어-릴찌/ 훌치기▶황어-릴찌/ 루어,36-43-58.8N,129-28-34.6E,경상북도 울진군
1019,POINT (1176581.04238005 1860608.33139435),직산리,직산리 주변 갯바위2,1.4m~1.7m,모래/ 바위,,▶감성돔-릴찌/ 원투▶넙치-릴찌/ 원투▶노래미-릴찌/ 원투▶농어-릴찌/ 원투/ 루어▶무늬오징어-릴찌/ 루어▶보리멸-릴찌/ 원투▶볼락-릴찌▶붕장어-릴찌/ 원투▶숭어-릴찌/ 훌치기▶황어-릴찌/ 루어,36-43-37.6N,129-28-39.0E,경상북도 울진군
1020,POINT (1176166.5779967 1859666.08384226),거일리,거일리 주변 백사장,0.1m~1.1m,모래/ 바위,,▶노래미-릴찌/ 원투▶농어-릴찌/ 원투/ 루어▶무늬오징어-릴찌/ 루어▶보리멸-릴찌/ 원투▶붕장어-릴찌/ 원투▶숭어-릴찌/ 훌치기,36-43-07.2N,129-28-21.4E,경상북도 울진군
1021,POINT (1176464.60324733 1858807.39840239),거일리,거일리 주변 갯바위,0.1m~1.1m,바위,,▶감성돔-릴찌/ 원투▶노래미-릴찌/  원투▶농어-릴찌/  원투/ 루어▶무늬오징어-릴찌/  루어▶보리멸-릴찌/  원투▶볼락-릴찌▶붕장어-릴찌/  원투▶숭어-릴찌/  훌치기▶황어-릴찌/  루어,36-42-39.4N,129-28-33.0E,경상북도 울진군
1022,POINT (1176391.85997535 1858066.65432441),거일리,거일리 주변 해안도로 갯바위,1m~1.1m,모래/ 바위,,▶감성돔-릴찌/ 원투▶노래미-릴찌/  원투▶농어-릴찌/  원투/ 루어▶무늬오징어-릴찌/  루어▶보리멸-릴찌/  원투▶볼락-릴찌▶붕장어-릴찌/  원투▶숭어-릴찌/  훌치기▶황어-릴찌/  루어,36-42-15.2N,129-28-29.3E,경상북도 울진군
1023,POINT (1176674.96814461 1857535.96037549),거일리,울진 바다목장 해상낚시 공원 및 주변 갯바위,1m~1.1m,바위,,▶감성돔-릴찌/ 원투▶노래미-릴찌/ 원투▶농어-릴찌/  원투/ 루어▶무늬오징어-릴찌/ 루어▶보리멸-릴찌/ 원투▶볼락-릴찌▶붕장어-릴찌/ 원투▶숭어-릴찌/ 훌치기▶황어-릴찌/ 루어,36-41-57.4N,129-28-39.7E,경상북도 울진군
1024,POINT (1176270.03658348 1857259.59082255),거일리,거일리 남단 주변 갯바위,0.4m~1m,바위,,▶감성돔-릴찌/ 원투▶노래미-릴찌/ 원투▶무늬오징어-릴찌/ 루어▶보리멸-릴찌/ 원투▶붕장어-릴찌/ 원투▶숭어-릴찌/ 훌치기▶황어-릴찌/ 루어,36-41-49.2N,129-28-23.5E,경상북도 울진군
1025,POINT (1175948.02895843 1857079.33068512),거일리,거일리 남단 주변 백사장,0.4m~1m,모래,,▶감성돔-릴찌/ 원투▶노래미-릴찌/ 원투▶농어-릴찌/ 원투/ 루어▶무늬오징어-릴찌/ 루어▶보리멸-릴찌/ 원투▶붕장어-릴찌/ 원투▶숭어-릴찌/ 훌치기▶황어-릴찌/ 루어,36-41-43.6N,129-28-10.3E,경상북도 울진군
1026,POINT (1175678.35755013 1855311.25814406),후포항,후포항 동쪽 갓바위,1m~1.9m,바위,,▶감성돔-릴찌/ 원투▶노래미-릴찌/ 원투▶농어-릴찌/ 원투/ 루어▶무늬오징어-릴찌/ 루어▶보리멸-릴찌/ 원투▶볼락-릴찌▶붕장어-릴찌/ 원투▶숭어-릴찌/ 훌치기▶황어-릴찌/ 루어,36-40-46.3N,129-27-58.1E,경상북도 울진군
1027,POINT (1172575.31705324 1852858.42119452),금음리,금음리 주변 갯바위1,1m~1.2m,모래/ 바위,,▶감성돔-릴찌/ 원투▶노래미-릴찌/ 원투▶농어-릴찌/ 원투/ 루어▶무늬오징어-릴찌/ 루어▶보리멸-릴찌/ 원투▶볼락-릴찌▶붕장어-릴찌/ 원투▶숭어-릴찌/ 훌치기▶황어-릴찌/ 루어,36-39-28.8N,129-25-51.4E,경상북도 울진군
1028,POINT (1172532.71339007 1852471.46210687),금음리,금음리 주변 갯바위2,1m~1.2m,모래/ 바위,,▶감성돔-릴찌/ 원투▶농어-릴찌/ 원투/ 루어▶무늬오징어-릴찌/ 루어▶보리멸-릴찌/ 원투▶볼락-릴찌▶붕장어-릴찌/ 원투▶숭어-릴찌/ 훌치기▶황어-릴찌/ 루어,36-39-16.3N,129-25-48.9E,경상북도 울진군
1029,POINT (1172448.82169251 1852197.20918604),금음리,금음리 주변 갯바위3,1.2m~1.8m,모래/ 바위,,▶감성돔-릴찌/ 원투▶노래미-릴찌/ 원투▶농어-릴찌/ 원투/ 루어▶무늬오징어-릴찌/ 루어▶보리멸-릴찌/ 원투▶볼락-릴찌▶붕장어-릴찌/ 원투▶숭어-릴찌/ 훌치기▶황어-릴찌/ 루어,36-39-07.3N,129-25-45.4E,경상북도 울진군
1030,POINT (1172164.40112167 1851627.45250686),금음리,금음리 주변 갯바위4,1.2m~1.8m,모래/ 바위,,▶감성돔-릴찌/ 원투▶노래미-릴찌/ 원투▶농어-릴찌/ 원투/ 루어▶무늬오징어-릴찌/ 루어▶보리멸-릴찌/ 원투▶볼락-릴찌▶붕장어-릴찌/ 원투▶숭어-릴찌/ 훌치기▶황어-릴찌/ 루어,36-38-49.2N,129-25-33.5E,경상북도 울진군
1031,POINT (1171849.04325081 1851051.7001352),금음리,금음 4리 주변 갯바위,1.7m~1.8m,바위,,▶감성돔-릴찌/ 원투▶노래미-릴찌/ 원투▶농어-릴찌/ 원투/ 루어▶무늬오징어-릴찌/ 루어▶보리멸-릴찌/ 원투▶볼락-릴찌▶붕장어-릴찌/ 원투▶숭어-릴찌/ 훌치기▶황어-릴찌/ 루어,36-38-30.8N,129-25-20.4E,경상북도 울진군
1032,POINT (1170966.45293784 1846163.3827842),병곡리,고래불 해수욕장 백사장,0.3m~0.4m,모래,,▶농어-릴찌/ 원투/ 루어▶보리멸-릴찌/ 원투▶붕장어-릴찌/ 원투▶숭어-릴찌/ 훌치기▶황어-릴찌/ 루어,36-35-52.7N,129-24-40.9E,경상북도 영덕군
1033,POINT (1172924.77635345 1842035.53914938),대진항,대진항 북쪽 도해단 갯바위,1.1m~1.6m,바위,,▶감성돔-릴찌/ 원투▶노래미-릴찌/ 원투▶농어-릴찌/ 원투/ 루어▶무늬오징어-릴찌/ 루어▶보리멸-릴찌/ 원투▶볼락-릴찌▶붕장어-릴찌/ 원투▶숭어-릴찌/ 훌치기▶황어-릴찌/ 루어,36-33-37.7N,129-25-56.5E,경상북도 영덕군
1034,POINT (1173369.34288943 1841447.17317222),대진항,대진항 남단 갯바위1,0.9m~1m,바위,,▶감성돔-릴찌/원투▶노래미-릴찌/ 원투▶무늬오징어-릴찌/ 루어▶보리멸-릴찌/ 원투▶볼락-릴찌▶붕장어-릴찌/ 원투▶숭어-릴찌/ 훌치기▶황어-릴찌/ 루어,36-33-18.3N,129-26-14.3E,경상북도 영덕군
1035,POINT (1173494.61862529 1841288.52105243),대진항,대진항 남단 갯바위2,0.9m~1m,바위,,▶감성돔-릴찌/ 원투▶노래미-릴찌/ 원투▶무늬오징어-릴찌/ 루어▶보리멸-릴찌/ 원투▶볼락-릴찌▶붕장어-릴찌/ 원투▶숭어-릴찌/ 훌치기▶황어-릴찌/ 루어,36-33-13.2N,129-26-18.9E,경상북도 영덕군
1036,POINT (1090063.83398347 2036871.07476608),오호항,오호항주변 갯바위,0.4m~0.6m,바위,,▶감성돔-릴찌/ 원투▶넙치-릴찌/ 원투▶노래미-릴찌/ 원투▶농어-릴찌/ 원투/ 루어▶무늬오징어-릴찌/ 루어▶보리멸-릴찌/ 원투▶볼락-릴찌▶붕장어-릴찌/ 원투▶숭어-릴찌/ 훌치기▶황어-릴찌/ 루어,38-19-40.1N,128-31-49.5E,강원도 고성군
1037,POINT (1091806.27568664 2033459.25415053),문암2리항,문암2리항 갯바위,0.2m~0.5m,바위,,▶감성돔-릴찌/ 원투▶넙치-릴찌/ 원투▶노래미-릴찌/ 원투▶농어-릴찌/ 원투/ 루어▶무늬오징어-릴찌/ 루어▶보리멸-릴찌/ 원투▶볼락-릴찌▶붕장어-릴찌/ 원투▶숭어-릴찌/ 훌치기▶황어-릴찌/ 루어,38-17-48.8N,128-32-59.4E,강원도 고성군
1038,POINT (1092456.41024221 2030991.67961227),아야진항,아야진 방파제 갯바위,0.2m~0.6m,바위,,▶감성돔-릴찌/ 원투▶넙치-릴찌/ 원투▶노래미-릴찌/ 원투▶볼락-릴찌▶숭어-릴찌/ 훌치기▶황어-릴찌/ 루어,38-16-28.1N,128-33-25.2E,강원도 고성군
1039,POINT (1092556.52414201 2030501.76873416),아야진항,아야진항 북측 갯바위,0.2m~0.6m,바위,,▶감성돔-릴찌/ 원투▶넙치-릴찌/ 원투▶노래미-릴찌/ 원투▶볼락-릴찌▶숭어-릴찌/ 훌치기▶황어-릴찌/ 루어,38-16-12.5N,128-33-29.1E,강원도 고성군
1040,POINT (1092610.12227985 2030093.15294833),청간해변,청간해변 갯바위,0.2m~0.3m,바위,,▶감성돔-릴찌/ 원투▶넙치-릴찌/ 원투▶노래미-릴찌/ 원투▶볼락-릴찌▶숭어-릴찌/ 훌치기▶황어-릴찌/ 루어,38-15-59.3N,128-33-31.1E,강원도 고성군
1041,POINT (1093502.87246881 2028585.52254876),봉포해변,봉포해변 갯바위,0.1m~1.7m,바위,,▶감성돔-릴찌/ 원투▶넙치-릴찌/ 원투▶볼락-릴찌▶붕장어-릴찌/ 원투▶숭어-릴찌/ 훌치기▶황어-릴찌/ 루어,38-15-10.0N,128-34-07.1E,강원도 고성군
1042,POINT (1099302.16086619 2014380.49868119),낙산항,낙산방파제 갯바위,0.8m~1.8m,바위,,▶감성돔-릴찌/ 원투▶노래미-릴찌/ 원투▶학꽁치-릴찌▶볼락-릴찌▶숭어-릴찌/ 훌치기▶황어-릴찌/ 루어,38-07-26.9N,128-37-58.6E,강원도 양양군
1043,POINT (1113009.26513483 1994890.08984793),남애항,남애항 북측 갯바위1,0.4m~0.6m,바위,,▶감성돔-릴찌/ 원투▶노래미-릴찌/ 원투▶갑오징어-릴찌/ 루어▶붕장어-릴찌/ 원투▶숭어-릴찌/ 훌치기▶황어-릴찌/ 루어,37-56-48.9N,128-47-10.4E,강원도 양양군
1044,POINT (1113222.15987141 1994670.23061725),남애항,남애항 북측 갯바위2,0.2m~0.6m,바위,,▶감성돔-릴찌/ 원투▶노래미-릴찌/ 원투▶갑오징어-릴찌/ 루어▶붕장어-릴찌/ 원투▶숭어-릴찌/ 훌치기▶황어-릴찌/ 루어,37-56-41.7N,128-47-18.9E,강원도 양양군
1045,POINT (1113270.61249887 1994104.17109795),남애항,남애항 남측 갯바위,0.1m~0.6m,바위,,▶감성돔-릴찌/ 원투▶노래미-릴찌/ 원투▶갑오징어-릴찌/ 루어▶붕장어-릴찌/ 원투▶숭어-릴찌/ 훌치기▶황어-릴찌/ 루어,37-56-23.3N,128-47-20.6E,강원도 양양군
1046,POINT (1121216.39692949 1983261.15105708),사천진해변,사천진 바위,0.1m~0.7m,바위,,▶감성돔-릴찌/ 원투▶넙치-릴찌/ 원투▶노래미-릴찌/ 원투▶갑오징어-릴찌/ 루어▶붕장어-릴찌/ 원투▶숭어-릴찌/ 훌치기▶황어-릴찌/ 루어,37-50-27.9N,128-52-39.5E,강원도 강릉시
1047,POINT (1143138.83388157 1952442.19963192),어달리항,어달리항 남측 갯바위,0.1m~1.0m,바위,,▶감성돔-릴찌/ 원투▶넙치-릴찌/ 원투▶노래미-릴찌/ 원투▶갑오징어-릴찌/ 루어▶붕장어-릴찌/ 원투▶숭어-릴찌/ 훌치기▶황어-릴찌/ 루어,37-33-36.8N,129-07-14.3E,강원도 동해시
1048,POINT (1143056.64089563 1951622.98032909),어달리항,어달리항 북측 방조제,0.1m~0.4m,바위,,▶감성돔-릴찌/ 원투▶넙치-릴찌/ 원투▶노래미-릴찌/ 원투▶갑오징어-릴찌/ 루어▶붕장어-릴찌/ 원투▶숭어-릴찌/ 훌치기▶황어-릴찌/ 루어,37-33-10.3N,129-07-10.4E,강원도 동해시
1049,POINT (1143347.74898392 1948910.56655371),한섬방파제,동해기도원 갯바위,0.1m~0.8m,바위,,▶감성돔-릴찌/ 원투▶넙치-릴찌/ 원투▶노래미-릴찌/ 원투▶농어-릴찌/ 원투/ 루어▶무늬오징어-릴찌/ 루어▶붕장어-릴찌/ 원투▶숭어-릴찌/ 훌치기▶황어-릴찌/ 루어,37-31-42.2N,129-07-20.3E,강원도 동해시
1050,POINT (1148310.28703173 1941874.16596912),후진항,후진항 북측 갯바위,0.1m~1.4m,바위,,▶감성돔-릴찌/ 원투▶노래미-릴찌/ 원투▶무늬오징어-릴찌/ 루어▶황어-릴찌/ 루어,37-27-51.2N,129-10-37.2E,강원도 삼척시
1051,POINT (1153953.27122033 1933581.59769339),덕산해수욕장,덕봉산 주변 갯바위,0.1m~0.2m,바위,,▶감성돔-릴찌/ 원투▶노래미-릴찌/ 원투▶무늬오징어-릴찌/ 루어▶황어-릴찌/ 루어,37-23-19.1N,129-14-21.0E,강원도 삼척시
1052,POINT (1155989.52993532 1929013.86389707),대진항,대진항 내항,0.1m~2.0m,바위,,▶감성돔-릴찌/ 원투▶넙치-릴찌/ 원투▶노래미-릴찌/ 원투▶볼락-릴찌▶숭어-릴찌/ 훌치기▶황어-릴찌/ 루어,37-20-49.4N,129-15-40.1E,강원도 삼척시
1053,POINT (1158717.87582274 1924888.58383617),초곡항,초곡항 서측 갯바위,0.1m~1.7m,바위,,▶감성돔-릴찌/ 원투▶넙치-릴찌/ 원투▶노래미-릴찌/ 원투▶볼락-릴찌▶숭어-릴찌/ 훌치기▶황어-릴찌/ 루어,37-18-34.4N,129-17-26.9E,강원도 삼척시
1054,POINT (1161141.89108317 1922706.11380651),장호항,장호항 갯바위,1.2m~1.7m,바위,,▶도다리-릴찌/ 원투▶무늬오징어-릴찌/ 루어▶황어-릴찌/ 루어,37-17-21.0N,129-19-04.4E,강원도 삼척시
1055,POINT (1161643.39602714 1921855.5561557),갈남항,갈남항 서측 갯바위,0.1m~1.4m,바위,,▶도다리-릴찌/ 원투▶우럭- 루어/ 릴찌▶노래미-릴찌/ 원투▶황어-릴찌/ 루어,37-16-53.8N,129-19-25.2E,강원도 삼척시
1056,POINT (1163637.21588218 1912795.84434231),노곡항,노곡항 남측 갯바위,0.1m~0.3m,바위,,▶감성돔-릴찌/ 원투▶도다리-릴찌/ 원투▶노래미-릴찌/ 원투▶무늬오징어-릴찌/ 루어▶숭어-릴찌/ 훌치기,37-11-58.7N,129-20-37.9E,강원도 삼척시
1057,POINT (1166340.07461198 1904622.76207169),나곡해수욕장,나곡해수욕장 남측 갯바위,0.1m~1.8m,바위,,▶감성돔-릴찌/ 원투▶넙치-릴찌/ 원투▶볼락-릴찌▶붕장어-릴찌/ 원투▶황어-릴찌/ 루어,37-07-32.1N,129-22-21.4E,경상북도 울진군
1058,POINT (1166992.30301011 1903767.01735825),나곡해수욕장,나곡바다 낚시공원,0.1m~1.4m,모래/ 바위,,▶감성돔-릴찌/ 원투▶넙치-릴찌/ 원투▶볼락-릴찌▶붕장어-릴찌/ 원투▶황어-릴찌/ 루어,37-07-03.7N,129-22-46.7E,경상북도 울진군
1059,POINT (1166557.09098597 1902923.25643483),석호항,석호해변 갯바위,0.4m~0.5m,모래/ 바위,,▶감성돔-릴찌/ 원투▶넙치-릴찌/ 원투▶볼락-릴찌▶붕장어-릴찌/ 원투▶황어-릴찌/ 루어,37-06-36.7N,129-22-28.4E,경상북도 울진군
1060,POINT (1166825.83555729 1902444.83921504),부구해수욕장,부구해수욕장 북측 갯바위,0.1m~0.4m,바위,,▶감성돔-릴찌/ 원투▶넙치-릴찌/ 원투▶볼락-릴찌▶붕장어-릴찌/ 원투▶황어-릴찌/ 루어,37-06-21.1N,129-22-39.4E,경상북도 울진군
1061,POINT (1170461.27962229 1898542.48033864),후정해수욕장,후정해수욕장 갯바위,0.1m~1.7m,모래/ 바위,,▶감성돔-릴찌/ 원투▶넙치-릴찌/ 원투▶볼락-릴찌▶붕장어-릴찌/ 원투▶황어-릴찌/ 루어,37-04-11.9N,129-25-03.4E,경상북도 울진군
1062,POINT (1171083.61052749 1898056.16069129),봉수항,봉수항 북측 갯바위,0.1m~1.4m,바위,,▶감성돔-릴찌/ 원투▶넙치-릴찌/ 원투▶볼락-릴찌▶붕장어-릴찌/ 원투▶황어-릴찌/ 루어,37-03-56.0N,129-25-27.7E,경상북도 울진군
1063,POINT (1171372.5851057 1897702.11207697),봉수항,봉수항 남측 갯바위,0.1m~1.4m,바위,,▶감성돔-릴찌/ 원투▶넙치-릴찌/ 원투▶볼락-릴찌▶붕장어-릴찌/ 원투▶황어-릴찌/ 루어,37-03-44.2N,129-25-39.2E,경상북도 울진군
1064,POINT (1170250.04417056 1896454.81286779),죽변항,죽변항에서봉평해수욕장까지백사장,0.1m~1.7m,모래,,▶감성돔-릴찌/ 원투▶노래미-릴찌/ 원투▶무늬오징어-릴찌/ 루어▶숭어-릴찌/ 훌치기▶황어-릴찌/ 루어,37-03-04.4N,129-24-52.6E,경상북도 울진군
1065,POINT (1169980.90014619 1893152.84887484),양정항,양정항 북쪽갯바위1,1.4m~1.9m,바위,,▶감성돔-릴찌/ 원투▶넙치-릴찌/ 원투▶노래미-릴찌/ 원투▶농어-릴찌/ 원투/ 루어▶무늬오징어-릴찌/ 루어▶보리멸-릴찌/ 원투▶볼락-릴찌▶붕장어-릴찌/ 원투▶숭어-릴찌/ 훌치기▶황어-릴찌/ 루어,37-01-17.5N,129-24-39.1E,경상북도 울진군
1066,POINT (1170188.8216222 1892602.1799636),양정항,양정항 북쪽갯바위2,0.3m~1.4m,바위,,▶감성돔-릴찌/ 원투▶넙치-릴찌/ 원투▶노래미-릴찌/ 원투▶농어-릴찌/ 원투/ 루어▶무늬오징어-릴찌/ 루어▶보리멸-릴찌/ 원투▶볼락-릴찌▶붕장어-릴찌/ 원투▶숭어-릴찌/ 훌치기▶황어-릴찌/ 루어,37-00-59.5N,129-24-47.0E,경상북도 울진군
1067,POINT (1170464.98349652 1892035.42401449),양정항,양정항에서 대나리항까지 해안도로,0.1m~1.7m,바위,,▶감성돔-릴찌/ 원투▶넙치-릴찌/ 원투▶노래미-릴찌/ 원투▶농어-릴찌/ 원투/ 루어▶무늬오징어-릴찌/ 루어▶보리멸-릴찌/ 원투▶볼락-릴찌▶붕장어-릴찌/ 원투▶숭어-릴찌/ 훌치기▶황어-릴찌/ 루어,37-00-41.0N,129-24-57.7E,경상북도 울진군
1068,POINT (1170339.7358379 1889447.3042924),울진항,울진항에서 공세항 해안도로,0.1m~1.4m,바위,,▶감성돔-릴찌/ 원투▶넙치-릴찌/ 원투▶노래미-릴찌/ 원투▶농어-릴찌/ 원투/ 루어▶무늬오징어-릴찌/ 루어▶보리멸-릴찌/ 원투▶볼락-릴찌▶붕장어-릴찌/ 원투▶숭어-릴찌/ 훌치기▶황어-릴찌/ 루어,36-59-17.1N,129-24-50.6E,경상북도 울진군
1069,POINT (1169880.62431039 1888343.41099074),남대천,남대천하구,1.0m~1.5m,모래,,▶감성돔-릴찌/ 원투▶넙치-릴찌/ 원투▶노래미-릴찌/ 원투▶농어-릴찌/ 원투/ 루어▶무늬오징어-릴찌/ 루어▶보리멸-릴찌/ 원투▶볼락-릴찌▶붕장어-릴찌/ 원투▶숭어-릴찌/ 훌치기▶황어-릴찌/ 루어,36-58-41.6N,129-24-31.1E,경상북도 울진군
1070,POINT (1170894.21755468 1885272.88046973),산포리,산포리갯바위,0.1m~1.7m,바위,,▶감성돔-릴찌/ 원투▶넙치-릴찌/ 원투▶노래미-릴찌/ 원투▶농어-릴찌/ 원투/ 루어▶무늬오징어-릴찌/ 루어▶보리멸-릴찌/ 원투▶볼락-릴찌▶붕장어-릴찌/ 원투▶숭어-릴찌/ 훌치기▶황어-릴찌/ 루어,36-57-01.3N,129-25-09.6E,경상북도 울진군
1071,POINT (1171001.92781108 1884513.96263253),산포리,산포리 백사장 갯바위,1.1m~1.7m,모래/ 바위,,▶감성돔-릴찌/ 원투▶넙치-릴찌/ 원투▶노래미-릴찌/ 원투▶농어-릴찌/ 원투/ 루어▶무늬오징어-릴찌/ 루어▶보리멸-릴찌/ 원투▶볼락-릴찌▶붕장어-릴찌/ 원투▶숭어-릴찌/ 훌치기▶황어-릴찌/ 루어,36-56-36.7N,129-25-13.3E,경상북도 울진군
1072,POINT (1171058.60908621 1884063.89535859),산포리,산포리촛대바위,1.1m~1.7m,바위,,▶감성돔-릴찌/ 원투▶넙치-릴찌/ 원투▶노래미-릴찌/ 원투▶농어-릴찌/ 원투/ 루어▶무늬오징어-릴찌/ 루어▶보리멸-릴찌/ 원투▶볼락-릴찌▶붕장어-릴찌/ 원투▶숭어-릴찌/ 훌치기▶황어-릴찌/ 루어,36-56-22.0N,129-25-15.2E,경상북도 울진군
1073,POINT (1170836.28899531 1882708.7960862),진복리,진복리백사장갯바위,1.1m~1.2m,모래/ 바위,,▶감성돔-릴찌/ 원투▶넙치-릴찌/ 원투▶노래미-릴찌/ 원투▶농어-릴찌/ 원투/ 루어▶무늬오징어-릴찌/ 루어▶보리멸-릴찌/ 원투▶볼락-릴찌▶붕장어-릴찌/ 원투▶숭어-릴찌/ 훌치기▶황어-릴찌/ 루어,36-55-38.2N,129-25-05.2E,경상북도 울진군
1074,POINT (1170647.14148116 1881290.8758095),진복항,진복방파제 남측 갯바위,0.9m~1.1m,바위,,▶감성돔-릴찌/ 원투▶넙치-릴찌/ 원투▶노래미-릴찌/ 원투▶농어-릴찌/ 원투/ 루어▶무늬오징어-릴찌/ 루어▶보리멸-릴찌/ 원투▶볼락-릴찌▶붕장어-릴찌/ 원투▶숭어-릴찌/ 훌치기▶황어-릴찌/ 루어,36-54-52.3N,129-24-56.4E,경상북도 울진군
1075,POINT (1171110.96908127 1879309.19538272),오산항,오산2리 마을회관 갯바위,0.1m~0.9m,바위,,▶감성돔-릴찌/ 원투▶넙치-릴찌/ 원투▶노래미-릴찌/ 원투▶농어-릴찌/ 원투/ 루어▶무늬오징어-릴찌/ 루어▶보리멸-릴찌/ 원투▶볼락-릴찌▶붕장어-릴찌/ 원투▶숭어-릴찌/ 훌치기▶황어-릴찌/ 루어,36-53-47.8N,129-25-13.5E,경상북도 울진군
1076,POINT (1171007.55927209 1877403.57821001),덕신휴게소,덕신휴게소 부근 백사장,0.1m~0.9m,모래/ 바위,,▶감성돔-릴찌/ 원투▶넙치-릴찌/ 원투▶노래미-릴찌/ 원투▶농어-릴찌/ 원투/ 루어▶무늬오징어-릴찌/ 루어▶보리멸-릴찌/ 원투▶볼락-릴찌▶붕장어-릴찌/ 원투▶숭어-릴찌/ 훌치기▶황어-릴찌/ 루어,36-52-46.1N,129-25-07.9E,경상북도 울진군
