"id","name","type","region","city","address","lat","lng","targetFish","tideNote","depthNote","bottomNote","methodNote","safetyStatus","sourceType","sourceUrl","sourceCheckedAt","originalId","originalPoint","note"
"boat-1","남해도 동부·신수도·창선도 - 벽재마을앞입표부근해상","boat-fishing-point","경상남도","남해군","경상남도 남해군","34.915806","127.997306","참돔|농어|노래미|볼락|우럭","초들물~중날물","3.5~16.4","암","▶참돔 - 부력/ 잠수▶농어 - 루어/ 릴찌▶노래미 - 루어/ 릴찌/ 장대/ 원투▶볼락 - 릴찌/ 장대/ 루어▶우럭 - 릴찌/ 원투","needs-check","MOF_SHARED_BOAT_FISHING_POINT","https://www.data.go.kr/data/15148435/fileData.do","2026-07-11","1","POINT (1045426.59078444 1658004.10693042)","공식 선상낚시포인트 데이터 기반. 실제 출조 가능 여부는 선사 및 현장 통제를 확인해야 함."
"boat-2","칠천도·가조도 - 슬응도부근해상","boat-fishing-point","경상남도","거제시","경상남도 거제시","34.973500","128.627972","감성돔|노래미|갑오징어|도다리|볼락","초들물~중날물","11.6~13.8","펄/ 조개껍질","▶감성돔 - 릴찌/ 장대/ 원투▶노래미 - 루어/ 릴찌/ 장대/ 원투▶갑오징어 - 에깅▶도다리 - 원투▶볼락 - 릴찌/ 장대/ 루어","needs-check","MOF_SHARED_BOAT_FISHING_POINT","https://www.data.go.kr/data/15148435/fileData.do","2026-07-11","2","POINT (1102964.80288829 1664870.29635754)","공식 선상낚시포인트 데이터 기반. 실제 출조 가능 여부는 선사 및 현장 통제를 확인해야 함."
"boat-3","울릉도 - 남양항부근해상","boat-fishing-point","경상북도","울릉군","경상북도 울릉군","37.456722","130.846472","참돔|부시리|벵에돔","들물~초썰물","14.2~22.5","암","▶참돔 - 부력/ 잠수▶부시리 - 부력/ 잠수/ 지깅▶벵에돔 - 목줄/ 장대/ 부력/ 잠수","needs-check","MOF_SHARED_BOAT_FISHING_POINT","https://www.data.go.kr/data/15148435/fileData.do","2026-07-11","3","POINT (1296009.74497658 1944985.66208473)","공식 선상낚시포인트 데이터 기반. 실제 출조 가능 여부는 선사 및 현장 통제를 확인해야 함."
"boat-4","제주도 북동부·우도 - 반다여부근","boat-fishing-point","제주특별자치도","제주시","제주특별자치도 제주시","33.524306","126.933083","참돔|돌돔|볼락|벵에돔|무늬오징어|독가시치","들물/날물","7.7~10.0","암","▶참돔 - 부력/ 잠수▶돌돔 - 민장대/ 릴찌/ 원투▶볼락 - 루어/ 릴찌/ 장대▶벵에돔 - 목줄/ 장대/ 부력/ 잠수▶무늬오징어 - 에깅▶독가시치 - 목줄/ 장대/ 부력/ 잠수","needs-check","MOF_SHARED_BOAT_FISHING_POINT","https://www.data.go.kr/data/15148435/fileData.do","2026-07-11","4","POINT (947356.113301875 1503742.78332737)","공식 선상낚시포인트 데이터 기반. 실제 출조 가능 여부는 선사 및 현장 통제를 확인해야 함."
"boat-5","홍도 - 모도부근","boat-fishing-point","전라남도","신안군","전라남도 신안군","34.723883","125.192998","참돔|돌돔|감성돔|우럭|농어","조금 전후","4.1~7.2m","암","▶ 참돔 - 부력/ 잠수▶ 돌돔 - 릴찌/ 장대/ 원투▶ 감성돔 - 릴찌/ 장대/ 원투▶ 우럭 - 릴찌/ 원투▶ 농어 - 루어/ 릴찌","needs-check","MOF_SHARED_BOAT_FISHING_POINT","https://www.data.go.kr/data/15148435/fileData.do","2026-07-11","5","POINT (788757.350389528 1639031.63733239)","공식 선상낚시포인트 데이터 기반. 실제 출조 가능 여부는 선사 및 현장 통제를 확인해야 함."
"boat-6","송이도 - 양골앞바다","boat-fishing-point","전라남도","영광군","전라남도 영광군","35.286944","126.156889","감성돔|민어|숭어|농어|붕장어|우럭","들물/날물","1.5~1.7","암","▶감성돔 - 릴찌/ 장대/ 원투▶민어 - 루어/ 지깅/ 원투▶숭어 - 릴찌/ 장대/ 홀치기▶농어 - 루어/ 릴찌▶붕장어 - 원투▶우럭 - 릴찌/ 원투","needs-check","MOF_SHARED_BOAT_FISHING_POINT","https://www.data.go.kr/data/15148435/fileData.do","2026-07-11","6","POINT (877864.52893697 1699876.89136593)","공식 선상낚시포인트 데이터 기반. 실제 출조 가능 여부는 선사 및 현장 통제를 확인해야 함."
"boat-7","고이도·매화도·선도·증도 - 선도선창부근해상","boat-fishing-point","전라남도","신안군","전라남도 신안군","34.987667","126.272722","감성돔|노래미|광어|숭어|우럭|붕장어|도다리|농어","초들물~중날물","0~2.0","펄","▶감성돔 - 릴찌/ 장대/ 원투▶노래미 - 루어/ 릴찌/ 장대/ 원투▶광어 - 릴찌/ 원투▶숭어 - 릴찌/ 장대/ 훌치기▶우럭 - 릴찌/ 원투▶붕장어 - 원투▶도다리 - 원투▶농어 - 루어/ 릴찌","needs-check","MOF_SHARED_BOAT_FISHING_POINT","https://www.data.go.kr/data/15148435/fileData.do","2026-07-11","7","POINT (887989.11050487 1666548.26183811)","공식 선상낚시포인트 데이터 기반. 실제 출조 가능 여부는 선사 및 현장 통제를 확인해야 함."
"boat-8","압해도 - 효지도철탑아래해상","boat-fishing-point","전라남도","신안군","전라남도 신안군","34.911417","126.343722","감성돔|노래미|농어|볼락|붕장어|우럭","초들물~중날물","0.1~0.7","펄","▶감성돔 - 릴찌/ 장대/ 원투 ▶노래미 - 루어/ 릴찌/ 장대/ 원투 ▶농어 - 루어/ 릴찌▶볼락 - 릴찌/ 장대/ 루어 ▶붕장어 - 원투 ▶우럭 - 릴찌/ 원투","needs-check","MOF_SHARED_BOAT_FISHING_POINT","https://www.data.go.kr/data/15148435/fileData.do","2026-07-11","8","POINT (894371.659418095 1658014.59826388)","공식 선상낚시포인트 데이터 기반. 실제 출조 가능 여부는 선사 및 현장 통제를 확인해야 함."
"boat-9","가거도 - 오동여/검등여사이부근해상","boat-fishing-point","전라남도","신안군","전라남도 신안군","34.097889","125.093750","감성돔|노래미|참돔|농어|볼락|우럭|돌돔|부시리","초들물~중날물","10.5~12.3","암","▶감성돔 - 릴찌/ 장대/ 원투▶노래미 - 루어/ 릴찌/ 장대/ 원투▶참돔 - 릴찌▶농어 - 루어▶볼락 - 릴찌/ 장대/ 루어▶우럭 - 루어/ 릴찌/ 장대/ 원투▶돌돔 - 릴찌 ▶부시리 - 루어","needs-check","MOF_SHARED_BOAT_FISHING_POINT","https://www.data.go.kr/data/15148435/fileData.do","2026-07-11","9","POINT (778018.813863156 1569808.83770503)","공식 선상낚시포인트 데이터 기반. 실제 출조 가능 여부는 선사 및 현장 통제를 확인해야 함."
"boat-10","금당도 - 서방여부근","boat-fishing-point","전라남도","완도군","전라남도 완도군","34.431944","127.040972","감성돔|볼락|노래미|농어|도다리|학꽁치","초들물~중날물","5.4~13.6","암","▶감성돔 - 릴찌/ 장대/ 원투▶볼락 - 릴찌/ 장대/ 루어▶노래미 - 루어/ 릴찌/ 장대/ 원투▶농어 - 루어/ 릴찌▶도다리 - 원투▶학꽁치 - 릴찌/ 장대","needs-check","MOF_SHARED_BOAT_FISHING_POINT","https://www.data.go.kr/data/15148435/fileData.do","2026-07-11","10","POINT (957825.379580119 1604331.31406576)","공식 선상낚시포인트 데이터 기반. 실제 출조 가능 여부는 선사 및 현장 통제를 확인해야 함."
"boat-11","돌산도 - 화태도대횡간도사이입표부근","boat-fishing-point","전라남도","여수시","전라남도 여수시","34.582139","127.750111","참돔|농어|노래미|볼락|우럭|붕장어","초들물~중날물","-0.9~14","펄","▶참돔 - 부력/ 잠수▶농어 - 루어/ 릴찌▶노래미 - 루어/ 릴찌/ 장대/ 원투▶볼락 - 릴찌/ 장대/ 루어▶우럭 - 릴찌/ 원투▶붕장어 - 원투","needs-check","MOF_SHARED_BOAT_FISHING_POINT","https://www.data.go.kr/data/15148435/fileData.do","2026-07-11","11","POINT (1022938.49321304 1620918.84833001)","공식 선상낚시포인트 데이터 기반. 실제 출조 가능 여부는 선사 및 현장 통제를 확인해야 함."
"boat-12","돌산도 - 내치도부근해상","boat-fishing-point","전라남도","여수시","전라남도 여수시","34.694833","127.785944","참돔|농어|노래미|볼락|우럭|붕장어","초들물~중날물","0.7~4.7","펄","▶참돔 - 부력/ 잠수▶농어 - 루어/ 릴찌▶노래미 - 루어/ 릴찌/ 장대/ 원투▶볼락 - 릴찌/ 장대/ 루어▶우럭 - 릴찌/ 원투▶붕장어 - 원투","needs-check","MOF_SHARED_BOAT_FISHING_POINT","https://www.data.go.kr/data/15148435/fileData.do","2026-07-11","12","POINT (1026189.44013057 1633424.27087276)","공식 선상낚시포인트 데이터 기반. 실제 출조 가능 여부는 선사 및 현장 통제를 확인해야 함."
"boat-13","남해도 북부 - 난초섬부근","boat-fishing-point","경상남도","남해군","경상남도 남해군","34.904278","127.826778","참돔|농어|노래미|볼락|우럭","초들물~중날","3.3~8.5","암","▶참돔 - 부력/ 잠수▶농어 - 루어/ 릴찌▶노래미 - 루어/ 릴찌/ 장대/ 원투▶볼락 - 릴찌/ 장대/ 루어▶우럭 - 릴찌/ 원투","needs-check","MOF_SHARED_BOAT_FISHING_POINT","https://www.data.go.kr/data/15148435/fileData.do","2026-07-11","13","POINT (1029853.75517302 1656661.61234994)","공식 선상낚시포인트 데이터 기반. 실제 출조 가능 여부는 선사 및 현장 통제를 확인해야 함."
"boat-14","남해도 남부 - 가천마을앞바다","boat-fishing-point","경상남도","남해군","경상남도 남해군","34.717139","127.903556","참돔|농어|노래미|볼락|우럭","초들물~중날물","21.9~24.0","암","▶참돔 - 부력/ 잠수▶농어 - 루어/ 릴찌▶노래미 - 루어/ 릴찌/ 장대/ 원투▶볼락 - 릴찌/ 장대/ 루어▶우럭 - 릴찌/ 원투","needs-check","MOF_SHARED_BOAT_FISHING_POINT","https://www.data.go.kr/data/15148435/fileData.do","2026-07-11","14","POINT (1036951.4990975 1635934.66828281)","공식 선상낚시포인트 데이터 기반. 실제 출조 가능 여부는 선사 및 현장 통제를 확인해야 함."
"boat-15","남해도 남부 - 조도부근해상","boat-fishing-point","경상남도","남해군","경상남도 남해군","34.693861","128.042694","참돔|농어|노래미|볼락|우럭","초들물~중날물","22.6~24.3","모래/ 조개껍질","▶참돔 - 부력/ 잠수▶농어 - 루어/ 릴찌▶노래미 - 루어/ 릴찌/ 장대/ 원투▶볼락 - 릴찌/ 장대/ 루어▶우럭 - 릴찌/ 원투","needs-check","MOF_SHARED_BOAT_FISHING_POINT","https://www.data.go.kr/data/15148435/fileData.do","2026-07-11","15","POINT (1049705.75825059 1633413.25317591)","공식 선상낚시포인트 데이터 기반. 실제 출조 가능 여부는 선사 및 현장 통제를 확인해야 함."
"boat-16","두미도 - 고운마을앞해상","boat-fishing-point","경상남도","통영시","경상남도 통영시","34.712139","128.177861","감성돔|벵에돔|노래미|참돔|농어|볼락","상관없음","60","펄","▶감성돔 - 릴찌/ 장대/ 원투▶벵에돔 - 목줄/ 장대/ 부력/ 잠수▶노래미 - 루어/ 릴찌/ 장대/ 원투▶참돔 - 부력/ 잠수▶농어 - 루어/ 릴찌▶볼락 - 릴찌/ 장대/ 루어","needs-check","MOF_SHARED_BOAT_FISHING_POINT","https://www.data.go.kr/data/15148435/fileData.do","2026-07-11","16","POINT (1062072.30219833 1635515.20049562)","공식 선상낚시포인트 데이터 기반. 실제 출조 가능 여부는 선사 및 현장 통제를 확인해야 함."
"boat-17","독거군도 부근 - 간암여해상","boat-fishing-point","전라남도","진도군","전라남도 진도군","34.228622","126.168744","참돔|감성돔|돌돔|광어|농어","1물~4물","23.5~29m","암","▶ 참돔 - 부력/ 잠수▶ 감성돔 - 릴찌/ 장대/ 원투▶ 돌돔 - 릴찌/ 장대/ 원투▶ 광어 - 릴찌/ 원투▶ 농어 - 루어/ 릴찌","needs-check","MOF_SHARED_BOAT_FISHING_POINT","https://www.data.go.kr/data/15148435/fileData.do","2026-07-11","17","POINT (877387.633817287 1582491.87447702)","공식 선상낚시포인트 데이터 기반. 실제 출조 가능 여부는 선사 및 현장 통제를 확인해야 함."
"boat-18","추자군도 - 하추자도와청도사이","boat-fishing-point","제주특별자치도","제주시","제주특별자치도 제주시","33.921882","126.329064","감성돔|벵에돔|참돔|돌돔|볼락|부시리","조금 전후/ 1~4물","20.2~21m","암","▶ 감성돔 - 릴찌/ 장대/ 원투▶ 벵에돔 - 목줄/ 장대/ 부력/ 잠수▶ 참돔 - 부력/ 잠수▶ 돌돔 - 민장대/ 릴찌/ 원투▶ 볼락 - 릴찌/ 장대/ 루어▶ 부시리 - 부력/ 잠수/ 지깅","needs-check","MOF_SHARED_BOAT_FISHING_POINT","https://www.data.go.kr/data/15148435/fileData.do","2026-07-11","18","POINT (891764.868198976 1548296.72734999)","공식 선상낚시포인트 데이터 기반. 실제 출조 가능 여부는 선사 및 현장 통제를 확인해야 함."
"boat-37","풍도·난지도 - 풍도남동측바다","boat-fishing-point","경기도","안산시","경기도 안산시","37.084194","126.412861","넙치|노래미|농어|붕장어|우럭","사리 전·후","26m~28m","모래","▶넙치 - 루어/ 원투 ▶노래미 - 루어/ 릴찌/ 장대/ 원투▶농어 - 루어/ 릴찌 ▶붕장어 - 원투▶우럭 - 릴찌/ 원투","needs-check","MOF_SHARED_BOAT_FISHING_POINT","https://www.data.go.kr/data/15148435/fileData.do","2026-07-11","37","POINT (903375.81615311 1898950.16561327)","공식 선상낚시포인트 데이터 기반. 실제 출조 가능 여부는 선사 및 현장 통제를 확인해야 함."
"boat-19","황제도 - 소마도해상","boat-fishing-point","전라남도","완도군","전라남도 완도군","34.202459","127.152346","감성돔|참돔|돌돔|농어|광어|볼락","조금 전후/ 2~3물","22~26m","암","▶ 감성돔 - 릴찌/ 장대/ 원투▶ 참돔 - 부력/ 잠수▶ 돌돔 - 릴찌/ 장대/ 원투▶ 농어 - 루어/ 릴찌▶ 광어 - 릴찌/ 원투▶ 볼락 - 릴찌/ 장대/ 루어","needs-check","MOF_SHARED_BOAT_FISHING_POINT","https://www.data.go.kr/data/15148435/fileData.do","2026-07-11","19","POINT (967971.165062666 1578844.25138539)","공식 선상낚시포인트 데이터 기반. 실제 출조 가능 여부는 선사 및 현장 통제를 확인해야 함."
"boat-20","간수제도 - 갈퀴섬해상","boat-fishing-point","전라남도","여수시","전라남도 여수시","34.234357","127.466305","감성돔|참돔|돌돔|우럭|노래미|농어|숭어|삼치|문어","사리를 피한 조금 이후","14.8~29.5m","펄/ 모래","▶ 감성돔 - 릴찌/ 장대/ 원투▶ 참돔 - 부력/ 잠수▶ 돌돔 - 릴찌/ 장대/ 원투▶ 우럭 - 릴찌/ 원투▶ 노래미 - 루어/ 릴찌/ 장대/ 원투▶ 농어 - 루어/ 릴찌▶ 숭어 - 릴찌/ 장대/ 훌치기▶ 삼치 - 루어/ 릴찌▶ 문어 - 루어","needs-check","MOF_SHARED_BOAT_FISHING_POINT","https://www.data.go.kr/data/15148435/fileData.do","2026-07-11","20","POINT (996896.883448697 1582326.9703081)","공식 선상낚시포인트 데이터 기반. 실제 출조 가능 여부는 선사 및 현장 통제를 확인해야 함."
"boat-21","진주만 부근 - 삼천포대교밑","boat-fishing-point","경상남도","고성군","경상남도 고성군","34.927812","128.051799","감성돔|노래미|볼락|농어|도다리|갑오징어","13물-4물/ 초들물","10.4~11.1m","암","▶ 감성돔 - 릴찌/ 장대/ 원투▶ 노래미 - 루어/ 릴찌/ 장대/ 원투▶ 볼락 - 릴찌/ 장대/ 루어▶ 농어 - 루어/ 릴찌▶ 도다리 - 원투▶ 갑오징어 - 에깅","needs-check","MOF_SHARED_BOAT_FISHING_POINT","https://www.data.go.kr/data/15148435/fileData.do","2026-07-11","21","POINT (1050397.0600807 1659361.65839075)","공식 선상낚시포인트 데이터 기반. 실제 출조 가능 여부는 선사 및 현장 통제를 확인해야 함."
"boat-22","연화도 부근 - 연화항부근해상","boat-fishing-point","경상남도","통영시","경상남도 통영시","34.652536","128.348980","참돔|감성돔|볼락|벵에돔|농어","초들물/ 초날물/ 5물~6물/ 조금","9.7~18m","암","▶ 참돔 - 부력/ 잠수▶ 감성돔 - 릴찌/ 장대/ 원투▶ 볼락 - 릴찌/ 장대/ 루어▶ 벵에돔 - 목줄/ 장대/ 부력/ 잠수▶ 농어 - 루어/ 릴찌","needs-check","MOF_SHARED_BOAT_FISHING_POINT","https://www.data.go.kr/data/15148435/fileData.do","2026-07-11","22","POINT (1077797.92863656 1629024.40851285)","공식 선상낚시포인트 데이터 기반. 실제 출조 가능 여부는 선사 및 현장 통제를 확인해야 함."
"boat-23","흑산도·삼태도 - 대흑산도호장도부근","boat-fishing-point","전라남도","신안군","전라남도 신안군","34.710972","125.411278","감성돔|넙치|농어|돌돔|붕장어|우럭|참돔","조금 전·후","26.5m~30m","펄/ 모래","▶감성돔 - 릴찌/ 장대/ 원투 ▶넙치 - 루어/ 원투▶농어 - 루어/ 릴찌 ▶돌돔 - 릴찌/ 장대/ 원투▶붕장어 - 원투 ▶우럭 - 릴찌/ 원투 ▶참돔 - 부력/ 잠수","needs-check","MOF_SHARED_BOAT_FISHING_POINT","https://www.data.go.kr/data/15148435/fileData.do","2026-07-11","23","POINT (808717.858365377 1637162.6487013)","공식 선상낚시포인트 데이터 기반. 실제 출조 가능 여부는 선사 및 현장 통제를 확인해야 함."
"boat-24","두미도 - 북구마을앞해상","boat-fishing-point","경상남도","통영시","경상남도 통영시","34.711139","128.184306","감성돔|벵에돔|노래미|참돔|농어|볼락","상관없음","60","펄","▶감성돔 - 릴찌/ 장대/ 원투▶벵에돔 - 목줄/ 장대/ 부력/ 잠수▶노래미 - 루어/ 릴찌/ 장대/ 원투▶참돔 - 부력/ 잠수▶농어 - 루어/ 릴찌▶볼락 - 릴찌/ 장대/ 루어","needs-check","MOF_SHARED_BOAT_FISHING_POINT","https://www.data.go.kr/data/15148435/fileData.do","2026-07-11","24","POINT (1062663.19453728 1635408.30170235)","공식 선상낚시포인트 데이터 기반. 실제 출조 가능 여부는 선사 및 현장 통제를 확인해야 함."
"boat-25","말도·방축도 - 말도등대앞바다","boat-fishing-point","전라북도","군산시","전라북도 군산시","35.862750","126.316056","넙치|노래미|농어|도다리|우럭","들물/ 썰물 전·후","26m~30.5m","모래/ 조개껍질","▶넙치 - 루어/ 원투 ▶노래미 - 루어/ 릴찌/ 장대/ 원투▶농어 - 루어/ 릴찌 ▶도다리 - 원투 ▶우럭 - 릴찌/ 원투","needs-check","MOF_SHARED_BOAT_FISHING_POINT","https://www.data.go.kr/data/15148435/fileData.do","2026-07-11","25","POINT (893106.909814407 1763557.6412033)","공식 선상낚시포인트 데이터 기반. 실제 출조 가능 여부는 선사 및 현장 통제를 확인해야 함."
"boat-26","청산도·대모도 - 장도부근","boat-fishing-point","전라남도","완도군","전라남도 완도군","34.205889","126.838139","감성돔|농어|돌돔|볼락|우럭|참돔","4물~사리","19m~20m","조개껍질/ 펄","▶감성돔 - 릴찌/ 장대/ 원투 ▶농어 - 루어/ 릴찌▶돌돔 - 릴찌/ 장대/ 원투 ▶볼락 - 루어/ 릴찌/ 장대▶우럭 - 릴찌/ 원투 ▶참돔 - 부력/ 잠수","needs-check","MOF_SHARED_BOAT_FISHING_POINT","https://www.data.go.kr/data/15148435/fileData.do","2026-07-11","26","POINT (939025.917370826 1579367.88002043)","공식 선상낚시포인트 데이터 기반. 실제 출조 가능 여부는 선사 및 현장 통제를 확인해야 함."
"boat-27","비진도·매물도 - 소매물도등가도부근","boat-fishing-point","경상남도","통영시","경상남도 통영시","34.612778","128.596944","감성돔|돌돔|볼락|우럭|벵에돔|참돔","조금 전·후","38m~42m","펄/ 모래","▶감성돔 - 릴찌/ 장대/ 원투 ▶돌돔 - 릴찌/ 장대/ 원투▶볼락 - 루어/ 릴찌/ 장대 ▶우럭 - 릴찌/ 원투▶벵에돔 - 목줄/ 장대/ 부력/ 잠수 ▶참돔 - 부력/ 잠수","needs-check","MOF_SHARED_BOAT_FISHING_POINT","https://www.data.go.kr/data/15148435/fileData.do","2026-07-11","27","POINT (1100569.44765422 1624834.83102067)","공식 선상낚시포인트 데이터 기반. 실제 출조 가능 여부는 선사 및 현장 통제를 확인해야 함."
"boat-28","돌산도 - 밤섬남측해상","boat-fishing-point","전라남도","여수시","전라남도 여수시","34.608167","127.752333","참돔|농어|노래미|볼락|우럭|붕장어","초들물~중날물","4.5~10.7","펄","▶참돔 - 부력/ 잠수▶농어 - 루어/ 릴찌▶노래미 - 루어/ 릴찌/ 장대/ 원투▶볼락 - 릴찌/ 장대/ 루어▶우럭 - 릴찌/ 원투▶붕장어 - 원투","needs-check","MOF_SHARED_BOAT_FISHING_POINT","https://www.data.go.kr/data/15148435/fileData.do","2026-07-11","28","POINT (1023135.08179136 1623805.55506282)","공식 선상낚시포인트 데이터 기반. 실제 출조 가능 여부는 선사 및 현장 통제를 확인해야 함."
"boat-29","제주도 남부 - 강정포구앞노란부표부근","boat-fishing-point","제주특별자치도","서귀포시","제주특별자치도 서귀포시","33.222389","126.493750","벵에돔|한치|노래미|독가시치|부시리|우럭","초들물~중날물","14.6~18.0","암","▶벵에돔 - 목줄/ 장대/ 부력/ 잠수▶한치 - 루어/ 원투▶노래미 - 루어/ 릴찌/ 장대/ 원투▶독가시치 - 목줄/ 장대/ 부력/ 잠수▶부시리 - 부력/ 잠수/ 지깅▶우럭 - 릴찌/ 원투","needs-check","MOF_SHARED_BOAT_FISHING_POINT","https://www.data.go.kr/data/15148435/fileData.do","2026-07-11","29","POINT (906234.903751785 1470577.56177796)","공식 선상낚시포인트 데이터 기반. 실제 출조 가능 여부는 선사 및 현장 통제를 확인해야 함."
"boat-30","장봉도 - 비가지(날가지도)부근","boat-fishing-point","인천광역시","옹진군","인천광역시 옹진군","37.522833","126.317972","넙치|노래미|망둑어|숭어|우럭","조금 전·후/ 3물~5물","6m~11m","모래/ 펄","▶넙치 - 루어/ 원투 ▶노래미 - 루어/ 릴찌/ 장대/ 원투▶망둑어 - 원투 ▶숭어 - 릴찌/ 장대/ 훌치기▶우럭 - 릴찌/ 원투","needs-check","MOF_SHARED_BOAT_FISHING_POINT","https://www.data.go.kr/data/15148435/fileData.do","2026-07-11","30","POINT (895550.366472451 1947715.79751618)","공식 선상낚시포인트 데이터 기반. 실제 출조 가능 여부는 선사 및 현장 통제를 확인해야 함."
"boat-31","원산도·삽시도 - 물건서부근","boat-fishing-point","충청남도","보령시","충청남도 보령시","36.361639","126.316833","감성돔|갑오징어|넙치|농어|우럭|주꾸미","조금 전·후","15m~19m","모래/ 펄","▶감성돔 - 릴찌/ 장대/ 원투 ▶갑오징어 - 에깅▶넙치 - 루어/ 원투 ▶농어 - 루어/ 릴찌▶우럭 - 릴찌/ 원투 ▶주꾸미 - 루어","needs-check","MOF_SHARED_BOAT_FISHING_POINT","https://www.data.go.kr/data/15148435/fileData.do","2026-07-11","31","POINT (893850.725329207 1818895.53539595)","공식 선상낚시포인트 데이터 기반. 실제 출조 가능 여부는 선사 및 현장 통제를 확인해야 함."
"boat-32","자월도 - 굴뿌리앞바다","boat-fishing-point","인천광역시","옹진군","인천광역시 옹진군","37.258472","126.353306","농어|우럭","들물/ 날물","27m~30m","모래","▶농어 - 루어/ 릴찌 ▶우럭 - 릴찌/ 원투","needs-check","MOF_SHARED_BOAT_FISHING_POINT","https://www.data.go.kr/data/15148435/fileData.do","2026-07-11","32","POINT (898316.2055189911 1918347.21163206)","공식 선상낚시포인트 데이터 기반. 실제 출조 가능 여부는 선사 및 현장 통제를 확인해야 함."
"boat-33","덕적도·소야도 - 선미도부근","boat-fishing-point","인천광역시","옹진군","인천광역시 옹진군","37.278389","126.073222","넙치|노래미|농어|붕장어|우럭","조금 전·후","10m~15m","모래","▶넙치 - 루어/ 원투 ▶노래미 - 루어/ 릴찌/ 장대/ 원투▶농어 - 루어/ 릴찌 ▶붕장어 - 원투▶우럭 - 루어/ 릴찌","needs-check","MOF_SHARED_BOAT_FISHING_POINT","https://www.data.go.kr/data/15148435/fileData.do","2026-07-11","33","POINT (873511.726706892 1920894.67529183)","공식 선상낚시포인트 데이터 기반. 실제 출조 가능 여부는 선사 및 현장 통제를 확인해야 함."
"boat-34","덕적도·소야도 - 용담갑앞바다","boat-fishing-point","인천광역시","옹진군","인천광역시 옹진군","37.216111","126.080889","넙치|노래미|농어|붕장어|우럭","조금 전·후","30m~35m","가는모래","▶넙치 - 루어/ 원투 ▶노래미 - 루어/ 릴찌/ 장대/ 원투▶농어 - 루어/ 릴찌 ▶붕장어 - 원투▶우럭 - 루어/ 릴찌","needs-check","MOF_SHARED_BOAT_FISHING_POINT","https://www.data.go.kr/data/15148435/fileData.do","2026-07-11","34","POINT (874087.8381537661 1913974.91121491)","공식 선상낚시포인트 데이터 기반. 실제 출조 가능 여부는 선사 및 현장 통제를 확인해야 함."
"boat-35","문갑도·선갑도 - 문갑도할미취부근","boat-fishing-point","인천광역시","옹진군","인천광역시 옹진군","37.186722","126.121250","넙치|노래미|농어|우럭","조금 전·후","7.8m~10m","가는 모래","▶넙치 - 루어/ 원투 ▶노래미 - 루어/ 릴찌/ 장대/ 원투 ▶농어 - 루어/ 릴찌 ▶우럭 - 릴찌/ 원투","needs-check","MOF_SHARED_BOAT_FISHING_POINT","https://www.data.go.kr/data/15148435/fileData.do","2026-07-11","35","POINT (877621.6617394991 1910661.44240225)","공식 선상낚시포인트 데이터 기반. 실제 출조 가능 여부는 선사 및 현장 통제를 확인해야 함."
"boat-36","백아도·굴업도 - 굴업도동뿌리앞바다","boat-fishing-point","인천광역시","옹진군","인천광역시 옹진군","37.198833","125.999194","넙치|노래미|농어|붕장어|우럭","1~3물/ 조금 전·후","40m~43m","가는 모래","▶넙치 - 루어/ 원투 ▶노래미 - 루어/ 릴찌/ 장대/ 원투▶농어 - 루어/ 릴찌 ▶붕장어 - 원투▶우럭 - 릴찌/ 원투","needs-check","MOF_SHARED_BOAT_FISHING_POINT","https://www.data.go.kr/data/15148435/fileData.do","2026-07-11","36","POINT (866808.598324528 1912169.72599231)","공식 선상낚시포인트 데이터 기반. 실제 출조 가능 여부는 선사 및 현장 통제를 확인해야 함."
"boat-38","원산도·삽시도 - 면삽지앞바다","boat-fishing-point","충청남도","보령시","충청남도 보령시","36.343972","126.331139","감성돔|갑오징어|넙치|농어|우럭|주꾸미","조금 전·후","5.2m~6.1m","모래/ 조개껍질","▶감성돔 - 릴찌/ 장대/ 원투 ▶갑오징어 - 에깅▶넙치 - 루어/ 원투 ▶농어 - 루어/ 릴찌▶우럭 - 릴찌/ 원투▶주꾸미 - 루어","needs-check","MOF_SHARED_BOAT_FISHING_POINT","https://www.data.go.kr/data/15148435/fileData.do","2026-07-11","38","POINT (895110.5224044711 1816920.18421103)","공식 선상낚시포인트 데이터 기반. 실제 출조 가능 여부는 선사 및 현장 통제를 확인해야 함."
"boat-39","호도·녹도·외연도 - 모도부근","boat-fishing-point","충청남도","보령시","충청남도 보령시","36.271778","126.247333","감성돔|갑오징어|넙치|농어|노래미|우럭","초들물","13.7m~16m","모래","▶감성돔 - 릴찌/ 장대/ 원투 ▶갑오징어 - 에깅▶넙치 - 루어/ 원투 ▶농어 - 루어/ 릴찌▶노래미 - 루어/ 릴찌/ 장대/ 원투 ▶우럭 - 릴찌/ 원투","needs-check","MOF_SHARED_BOAT_FISHING_POINT","https://www.data.go.kr/data/15148435/fileData.do","2026-07-11","39","POINT (887486.0641537431 1809005.97542139)","공식 선상낚시포인트 데이터 기반. 실제 출조 가능 여부는 선사 및 현장 통제를 확인해야 함."
"boat-40","말도·방축도 - 솔푼서부근","boat-fishing-point","전라북도","군산시","전라북도 군산시","35.860556","126.346083","감성돔|도다리|노래미|우럭","들물/ 썰물 전·후","15.2m~18m","바위","▶감성돔 - 릴찌/ 장대/ 원투 ▶도다리 - 원투▶노래미 - 루어/ 릴찌/ 장대/ 원투▶우럭 - 릴찌/ 원투","needs-check","MOF_SHARED_BOAT_FISHING_POINT","https://www.data.go.kr/data/15148435/fileData.do","2026-07-11","40","POINT (895815.222993725 1763281.82646119)","공식 선상낚시포인트 데이터 기반. 실제 출조 가능 여부는 선사 및 현장 통제를 확인해야 함."
"boat-41","선유도·무녀도·장자도·신시도 - 만서/만자서앞바다","boat-fishing-point","전라북도","군산시","전라북도 군산시","35.788083","126.452111","넙치|노래미|농어|붕장어|삼치|우럭|양태","조금 전·후","18m~21m","모래/ 펄","▶넙치 - 루어/ 원투 ▶노래미 - 루어/ 릴찌/ 장대/ 원투▶농어 - 루어/ 릴찌 ▶붕장어 - 원투▶삼치 - 루어/ 릴찌 ▶우럭 - 릴찌/ 원투 ▶양태 - 루어/ 릴찌","needs-check","MOF_SHARED_BOAT_FISHING_POINT","https://www.data.go.kr/data/15148435/fileData.do","2026-07-11","41","POINT (905302.55275462 1755135.633329)","공식 선상낚시포인트 데이터 기반. 실제 출조 가능 여부는 선사 및 현장 통제를 확인해야 함."
"boat-42","왕등도·위도 - 식도북쪽바다","boat-fishing-point","전라북도","부안군","전라북도 부안군","35.636917","126.215833","감성돔|넙치|노래미|농어|숭어|우럭","중썰물~끝썰물","28m~30m","펄","▶감성돔 - 릴찌/ 장대/ 원투 ▶넙치 - 루어/ 원투▶노래미 - 루어/ 릴찌/ 장대/ 원투 ▶농어 - 루어/ 릴찌▶숭어 - 릴찌/ 장대/ 훌치기 ▶우럭 - 릴찌/ 원투","needs-check","MOF_SHARED_BOAT_FISHING_POINT","https://www.data.go.kr/data/15148435/fileData.do","2026-07-11","42","POINT (883729.755328601 1738622.6554629)","공식 선상낚시포인트 데이터 기반. 실제 출조 가능 여부는 선사 및 현장 통제를 확인해야 함."
"boat-43","노화도·보길도·소안도 - 보길도보죽각앞바다","boat-fishing-point","전라남도","완도군","전라남도 완도군","34.110583","126.503861","감성돔|돌돔|벵에돔|우럭|볼락|참돔","사리 전·후","37m~40m","조개껍질","▶감성돔 - 릴찌/ 장대/ 원투 ▶돌돔 - 릴찌/ 장대/ 원투▶벵에돔 - 목줄/ 장대/ 부력/ 잠수 ▶우럭 - 릴찌/ 원투▶볼락 - 루어/ 릴찌/ 장대 ▶참돔 - 부력/ 잠수","needs-check","MOF_SHARED_BOAT_FISHING_POINT","https://www.data.go.kr/data/15148435/fileData.do","2026-07-11","43","POINT (908126.376664617 1569050.23370854)","공식 선상낚시포인트 데이터 기반. 실제 출조 가능 여부는 선사 및 현장 통제를 확인해야 함."
"boat-44","거금도 - 소독도부근","boat-fishing-point","전라남도","고흥군","전라남도 고흥군","34.425889","127.219361","감성돔|농어|도다리|돌돔|붕장어|숭어|우럭","초들물","13m~16m","펄","▶감성돔 - 릴찌/ 장대/ 원투 ▶농어 - 루어/ 릴찌▶도다리 - 원투 ▶돌돔 - 릴찌/ 장대/ 원투▶붕장어 - 원투 ▶숭어 - 릴찌/ 장대/ 훌치기 ▶우럭 - 릴찌/ 원투","needs-check","MOF_SHARED_BOAT_FISHING_POINT","https://www.data.go.kr/data/15148435/fileData.do","2026-07-11","44","POINT (974213.62317977 1603600.0164753)","공식 선상낚시포인트 데이터 기반. 실제 출조 가능 여부는 선사 및 현장 통제를 확인해야 함."
"boat-45","여서도·거문도 - 만수용단앞바다","boat-fishing-point","전라남도","완도군","전라남도 완도군","34.018528","127.279056","감성돔|돌돔|농어|벵에돔|볼락|참돔","들물/ 날물 전·후","58m~63m","펄","▶감성돔 - 릴찌/ 장대/ 원투 ▶돌돔 - 릴찌/ 장대/ 원투▶농어 - 루어/ 릴찌 ▶벵에돔 - 목줄/ 장대/ 부력/ 잠수▶볼락 - 루어/ 릴찌/ 장대 ▶참돔 - 부력/ 잠수","needs-check","MOF_SHARED_BOAT_FISHING_POINT","https://www.data.go.kr/data/15148435/fileData.do","2026-07-11","45","POINT (979600.675493 1558417.2891485)","공식 선상낚시포인트 데이터 기반. 실제 출조 가능 여부는 선사 및 현장 통제를 확인해야 함."
"boat-46","사량도 - 화도부근","boat-fishing-point","경상남도","통영시","경상남도 통영시","34.806333","128.260389","감성돔|농어|벵에돔|우럭|볼락|참돔","조금 전·후","15m~18m","펄","▶감성돔 - 릴찌/ 장대/ 원투 ▶농어 - 루어/ 릴찌▶벵에돔 - 목줄/ 장대/ 부력/ 잠수 ▶우럭 - 릴찌/ 원투▶볼락 - 릴찌/ 루어/ 장대 ▶참돔 - 부력/ 잠수","needs-check","MOF_SHARED_BOAT_FISHING_POINT","https://www.data.go.kr/data/15148435/fileData.do","2026-07-11","46","POINT (1069550.54930794 1646014.93286413)","공식 선상낚시포인트 데이터 기반. 실제 출조 가능 여부는 선사 및 현장 통제를 확인해야 함."
"boat-47","욕지도 - 흑초부근","boat-fishing-point","경상남도","통영시","경상남도 통영시","34.610139","128.259417","감성돔|농어|무늬오징어|볼락|벵에돔|참돔","5 물~11물","36m~40m","펄","▶감성돔 - 릴찌/ 장대/ 원투 ▶농어 - 루어/ 릴찌▶무늬오징어 - 릴찌/ 에깅 ▶볼락 - 루어/ 릴찌/ 장대▶벵에돔 - 목줄/ 장대/ 부력/ 잠수 ▶참돔 - 부력/ 잠수","needs-check","MOF_SHARED_BOAT_FISHING_POINT","https://www.data.go.kr/data/15148435/fileData.do","2026-07-11","47","POINT (1069625.83132832 1624257.41006175)","공식 선상낚시포인트 데이터 기반. 실제 출조 가능 여부는 선사 및 현장 통제를 확인해야 함."
"boat-48","거제도 북서부 - 만금여부근","boat-fishing-point","경상남도","거제시","경상남도 거제시","34.948639","128.496278","감성돔|고등어|돌돔|보리멸|살오징어|볼락|참돔","조금 전·후","16m~19m","펄","▶감성돔 - 릴찌/ 장대/ 원투 ▶고등어 - 루어/ 릴찌/ 장대▶돌돔 - 릴찌/ 장대/ 원투 ▶보리멸 - 원투▶살오징어 - 에깅 ▶볼락 - 루어/ 릴찌/ 장대 ▶참돔 - 부력/ 잠수","needs-check","MOF_SHARED_BOAT_FISHING_POINT","https://www.data.go.kr/data/15148435/fileData.do","2026-07-11","48","POINT (1090970.35705689 1661985.41106422)","공식 선상낚시포인트 데이터 기반. 실제 출조 가능 여부는 선사 및 현장 통제를 확인해야 함."
"boat-49","거제도 북동부 - 이수도부근","boat-fishing-point","경상남도","거제시","경상남도 거제시","34.973083","128.734472","감성돔|농어|벵에돔|우럭|볼락|참돔","조금 전·후","13m~18m","펄","▶감성돔 - 릴찌/ 장대/ 원투 ▶농어 - 루어/ 릴찌▶벵에돔 - 목줄/ 장대/ 부력/ 잠수 ▶우럭 - 릴찌/ 원투▶볼락 - 루어/ 릴찌/ 장대 ▶참돔 - 부력/ 잠수","needs-check","MOF_SHARED_BOAT_FISHING_POINT","https://www.data.go.kr/data/15148435/fileData.do","2026-07-11","49","POINT (1112687.52199753 1664938.99042699)","공식 선상낚시포인트 데이터 기반. 실제 출조 가능 여부는 선사 및 현장 통제를 확인해야 함."
"boat-50","거제도 남부 - 외조라도부근","boat-fishing-point","경상남도","거제시","경상남도 거제시","34.775194","128.712000","감성돔|돌돔|벵에돔|우럭|볼락|참돔","조금 전·후","33m~40m","자갈/ 조개껍질","▶감성돔 - 릴찌/ 장대/ 원투 ▶돌돔 - 릴찌/ 장대/ 원투▶벵에돔 - 목줄/ 장대/ 부력/ 잠수 ▶우럭 - 릴찌/ 원투▶볼락 - 루어/ 릴찌/ 장대 ▶참돔 - 부력/ 잠수","needs-check","MOF_SHARED_BOAT_FISHING_POINT","https://www.data.go.kr/data/15148435/fileData.do","2026-07-11","50","POINT (1110901.54479067 1642967.49783145)","공식 선상낚시포인트 데이터 기반. 실제 출조 가능 여부는 선사 및 현장 통제를 확인해야 함."
"boat-51","영종도·용유도 - 왕산해변북서측해상","boat-fishing-point","인천광역시","중구","인천광역시 중구","37.458528","126.353083","숭어|우럭|노래미|삼치|붕장어","조금 전후","6.0~9.9","모래/ 펄","▶숭어 - 릴찌/ 장대/ 홀치기▶우럭 - 릴찌/ 원투▶노래미 - 루어/ 릴찌/ 장대/ 원투▶삼치 - 루어/ 릴찌▶붕장어 - 원투","needs-check","MOF_SHARED_BOAT_FISHING_POINT","https://www.data.go.kr/data/15148435/fileData.do","2026-07-11","51","POINT (898566.126536199 1940542.79406648)","공식 선상낚시포인트 데이터 기반. 실제 출조 가능 여부는 선사 및 현장 통제를 확인해야 함."
"boat-52","안면도 북부 - 황도연육교부근해상","boat-fishing-point","충청남도","태안군","충청남도 태안군","36.593667","126.375472","우럭|노래미|학꽁치|광어|숭어|도다리","초들물~중날물","-2.4~-1.4","모래/ 펄","▶우럭 - 릴찌/ 원투▶노래미 - 루어/ 릴찌/ 장대/ 원투▶학꽁치 - 릴찌/ 장대▶광어 - 릴찌/ 원투▶숭어 - 릴찌/ 장대/ 홀치기▶도다리 - 원투","needs-check","MOF_SHARED_BOAT_FISHING_POINT","https://www.data.go.kr/data/15148435/fileData.do","2026-07-11","52","POINT (899412.160783746 1844571.50980659)","공식 선상낚시포인트 데이터 기반. 실제 출조 가능 여부는 선사 및 현장 통제를 확인해야 함."
"boat-53","가의도 - 선착장앞입표부근해상","boat-fishing-point","충청남도","태안군","충청남도 태안군","36.683472","126.073556","우럭|노래미|고등어|광어|주꾸미|학꽁치","상관없음","13.3~13.5","펄/ 모래","▶우럭 - 릴찌/ 원투▶노래미 - 루어/ 릴찌/ 장대/ 원투▶고등어 - 루어/ 릴찌/ 장대▶광어 - 릴찌/ 원투▶주꾸미 - 릴찌/ 원투/ 장대▶학꽁치 - 릴찌/ 장대","needs-check","MOF_SHARED_BOAT_FISHING_POINT","https://www.data.go.kr/data/15148435/fileData.do","2026-07-11","53","POINT (872552.627562517 1854892.69535408)","공식 선상낚시포인트 데이터 기반. 실제 출조 가능 여부는 선사 및 현장 통제를 확인해야 함."
"boat-54","송이도 - 민머리앞바다","boat-fishing-point","전라남도","영광군","전라남도 영광군","35.266722","126.140833","감성돔|민어|숭어|농어|붕장어|우럭","들물/날물","-0.4~0.4","암","▶감성돔 - 릴찌/ 장대/ 원투▶민어 - 루어/ 지깅/ 원투▶숭어 - 릴찌/ 장대/ 홀치기▶농어 - 루어/ 릴찌▶붕장어 - 원투▶우럭 - 릴찌/ 원투","needs-check","MOF_SHARED_BOAT_FISHING_POINT","https://www.data.go.kr/data/15148435/fileData.do","2026-07-11","54","POINT (876373.6921860051 1697653.9035321)","공식 선상낚시포인트 데이터 기반. 실제 출조 가능 여부는 선사 및 현장 통제를 확인해야 함."
"boat-55","압해도 - 대교밑해상","boat-fishing-point","전라남도","신안군","전라남도 신안군","34.912750","126.337833","감성돔|노래미|농어|볼락|붕장어|우럭","초들물~중날물","2.1~5.0","펄","▶감성돔 - 릴찌/ 장대/ 원투 ▶노래미 - 루어/ 릴찌/ 장대/ 원투 ▶농어 - 루어/ 릴찌▶볼락 - 릴찌/ 장대/ 루어 ▶붕장어 - 원투 ▶우럭 - 릴찌/ 원투","needs-check","MOF_SHARED_BOAT_FISHING_POINT","https://www.data.go.kr/data/15148435/fileData.do","2026-07-11","55","POINT (893835.387576865 1658168.69821255)","공식 선상낚시포인트 데이터 기반. 실제 출조 가능 여부는 선사 및 현장 통제를 확인해야 함."
"boat-56","완도 - 장도앞해상","boat-fishing-point","전라남도","완도군","전라남도 완도군","34.358056","126.743111","숭어|우럭|농어|감성돔|참돔|붕장어","초들물~중날물","9.8~10.2","암","▶숭어 - 릴찌/ 장대/ 홀치기▶우럭 - 릴찌/ 원투▶농어 - 루어/ 릴찌▶감성돔 - 릴찌/ 장대/ 원투▶참돔 - 부력/ 잠수▶붕장어 - 원투","needs-check","MOF_SHARED_BOAT_FISHING_POINT","https://www.data.go.kr/data/15148435/fileData.do","2026-07-11","56","POINT (930396.844584083 1596302.07442682)","공식 선상낚시포인트 데이터 기반. 실제 출조 가능 여부는 선사 및 현장 통제를 확인해야 함."
"boat-57","돌산도 - 작금마을동측입표부근","boat-fishing-point","전라남도","여수시","전라남도 여수시","34.591111","127.756333","참돔|농어|노래미|볼락|우럭|붕장어","초들물~중날물","4.9~7.5","펄","▶참돔 - 부력/ 잠수▶농어 - 루어/ 릴찌▶노래미 - 루어/ 릴찌/ 장대/ 원투▶볼락 - 릴찌/ 장대/ 루어▶우럭 - 릴찌/ 원투▶붕장어 - 원투","needs-check","MOF_SHARED_BOAT_FISHING_POINT","https://www.data.go.kr/data/15148435/fileData.do","2026-07-11","57","POINT (1023506.6258199 1621915.2007873)","공식 선상낚시포인트 데이터 기반. 실제 출조 가능 여부는 선사 및 현장 통제를 확인해야 함."
"boat-58","남해도 북부 - 노량수도","boat-fishing-point","경상남도","남해군","경상남도 남해군","34.950861","127.897194","참돔|농어|노래미|볼락|우럭","초들물~중날","17.5~23.2","펄/ 모래","▶참돔 - 부력/ 잠수▶농어 - 루어/ 릴찌▶노래미 - 루어/ 릴찌/ 장대/ 원투▶볼락 - 릴찌/ 장대/ 루어▶우럭 - 릴찌/ 원투","needs-check","MOF_SHARED_BOAT_FISHING_POINT","https://www.data.go.kr/data/15148435/fileData.do","2026-07-11","58","POINT (1036266.40119773 1661850.76486332)","공식 선상낚시포인트 데이터 기반. 실제 출조 가능 여부는 선사 및 현장 통제를 확인해야 함."
"boat-59","남해도 동부·신수도·창선도 - 송도부근해상","boat-fishing-point","경상남도","남해군","경상남도 남해군","34.908028","128.049667","참돔|농어|노래미|볼락|우럭","초들물~중날물","5.2~14.5","암","▶참돔 - 부력/ 잠수▶농어 - 루어/ 릴찌▶노래미 - 루어/ 릴찌/ 장대/ 원투▶볼락 - 릴찌/ 장대/ 루어▶우럭 - 릴찌/ 원투","needs-check","MOF_SHARED_BOAT_FISHING_POINT","https://www.data.go.kr/data/15148435/fileData.do","2026-07-11","59","POINT (1050214.32212485 1657166.59284842)","공식 선상낚시포인트 데이터 기반. 실제 출조 가능 여부는 선사 및 현장 통제를 확인해야 함."
"boat-60","두미도 - 청석골","boat-fishing-point","경상남도","통영시","경상남도 통영시","37.628583","125.680389","감성돔|벵에돔|노래미|참돔|농어|볼락","상관없음","5.0~16.1","펄","▶감성돔 - 릴찌/ 장대/ 원투▶벵에돔 - 목줄/ 장대/ 부력/ 잠수▶노래미 - 루어/ 릴찌/ 장대/ 원투▶참돔 - 부력/ 잠수▶농어 - 루어/ 릴찌▶볼락 - 릴찌/ 장대/ 루어","needs-check","MOF_SHARED_BOAT_FISHING_POINT","https://www.data.go.kr/data/15148435/fileData.do","2026-07-11","60","POINT (839433.704293541 1960348.81280377)","공식 선상낚시포인트 데이터 기반. 실제 출조 가능 여부는 선사 및 현장 통제를 확인해야 함."
"boat-61","영도 - 생도부근","boat-fishing-point","부산광역시","영도구","부산광역시 영도구","35.038028","129.091639","감성돔|참돔|고등어|벵에돔|전갱이|학꽁치","상관없음","4.1~4.9","암","▶감성돔 - 릴찌/ 장대/ 원투▶참돔 - 부력/ 잠수▶고등어 - 루어/ 릴찌/ 장대▶벵에돔 - 목줄/ 장대/ 부력/ 잠수▶전갱이 - 루어/ 릴찌/ 장대▶학꽁치 - 릴찌/ 장대","needs-check","MOF_SHARED_BOAT_FISHING_POINT","https://www.data.go.kr/data/15148435/fileData.do","2026-07-11","61","POINT (1145178.87475186 1672603.07531196)","공식 선상낚시포인트 데이터 기반. 실제 출조 가능 여부는 선사 및 현장 통제를 확인해야 함."
"boat-62","추자도 - 상추자도남측입표부근","boat-fishing-point","제주특별자치도","제주시","제주특별자치도 제주시","33.948583","126.295556","감성돔|돌돔|자리돔|농어|볼락|참돔","들물/썰물","18.2~23.0","암","▶감성돔 - 릴찌/ 장대/ 원투▶돌돔 - 민장대/ 릴찌/ 원투▶자리돔 - 장대/ 카드▶농어 - 루어/ 릴찌▶볼락 - 루어/ 릴찌/ 장대▶참돔 - 부력/ 잠수","needs-check","MOF_SHARED_BOAT_FISHING_POINT","https://www.data.go.kr/data/15148435/fileData.do","2026-07-11","62","POINT (888702.089883796 1551293.34853337)","공식 선상낚시포인트 데이터 기반. 실제 출조 가능 여부는 선사 및 현장 통제를 확인해야 함."
"boat-63","제주도 남부 - 강정포구앞입표부근","boat-fishing-point","제주특별자치도","서귀포시","제주특별자치도 서귀포시","33.219500","126.475500","벵에돔|한치|노래미|독가시치|부시리|우럭","초들물~중날물","14.6~18.0","암","▶벵에돔 - 목줄/ 장대/ 부력/ 잠수▶한치 - 루어/ 원투▶노래미 - 루어/ 릴찌/ 장대/ 원투▶독가시치 - 목줄/ 장대/ 부력/ 잠수▶부시리 - 부력/ 잠수/ 지깅▶우럭 - 릴찌/ 원투","needs-check","MOF_SHARED_BOAT_FISHING_POINT","https://www.data.go.kr/data/15148435/fileData.do","2026-07-11","63","POINT (904531.108959514 1470273.78144531)","공식 선상낚시포인트 데이터 기반. 실제 출조 가능 여부는 선사 및 현장 통제를 확인해야 함."
"boat-64","홍도 - 제비여부근","boat-fishing-point","전라남도","신안군","전라남도 신안군","34.665519","125.178607","참돔|돌돔|감성돔|우럭|농어","조금 전후","17.5~19m","암","▶ 참돔 - 부력/ 잠수▶ 돌돔 - 릴찌/ 장대/ 원투▶ 감성돔 - 릴찌/ 장대/ 원투▶ 우럭 - 릴찌/ 원투▶ 농어 - 루어/ 릴찌","needs-check","MOF_SHARED_BOAT_FISHING_POINT","https://www.data.go.kr/data/15148435/fileData.do","2026-07-11","64","POINT (787289.980724261 1632588.11516757)","공식 선상낚시포인트 데이터 기반. 실제 출조 가능 여부는 선사 및 현장 통제를 확인해야 함."
"boat-65","홍도 - 장도부근","boat-fishing-point","전라남도","신안군","전라남도 신안군","34.715961","125.186466","참돔|돌돔|감성돔|우럭|농어","조금 전후","23~27m","암","▶ 참돔 - 부력/ 잠수▶ 돌돔 - 릴찌/ 장대/ 원투▶ 감성돔 - 릴찌/ 장대/ 원투▶ 우럭 - 릴찌/ 원투▶ 농어 - 루어/ 릴찌","needs-check","MOF_SHARED_BOAT_FISHING_POINT","https://www.data.go.kr/data/15148435/fileData.do","2026-07-11","65","POINT (788138.8434073039 1638166.69032892)","공식 선상낚시포인트 데이터 기반. 실제 출조 가능 여부는 선사 및 현장 통제를 확인해야 함."
"boat-66","거차수도 부근 - 새여부근해상","boat-fishing-point","전라남도","진도군","전라남도 진도군","34.215899","125.841621","참돔|감성돔|돌돔|우럭|농어|부시리","1물~4물","21.5~29.5m","암","▶ 참돔 - 부력/ 잠수▶ 감성돔 - 릴찌/ 장대/ 원투▶ 돌돔 - 릴찌/ 장대/ 원투▶ 우럭 - 릴찌/ 원투▶ 농어 - 루어/ 릴찌▶ 부시리 - 부력/ 잠수/ 지깅","needs-check","MOF_SHARED_BOAT_FISHING_POINT","https://www.data.go.kr/data/15148435/fileData.do","2026-07-11","66","POINT (847232.96585985 1581523.2517603)","공식 선상낚시포인트 데이터 기반. 실제 출조 가능 여부는 선사 및 현장 통제를 확인해야 함."
"boat-67","추자군도 - 묵리마을앞해상","boat-fishing-point","제주특별자치도","제주시","제주특별자치도 제주시","33.943494","126.299159","감성돔|벵에돔|참돔|돌돔|볼락|부시리","조금 전후/ 1~4물","16~38m","암","▶ 감성돔 - 릴찌/ 장대/ 원투▶ 벵에돔 - 목줄/ 장대/ 부력/ 잠수▶ 참돔 - 부력/ 잠수▶ 돌돔 - 민장대/ 릴찌/ 원투▶ 볼락 - 릴찌/ 장대/ 루어▶ 부시리 - 부력/ 잠수/ 지깅","needs-check","MOF_SHARED_BOAT_FISHING_POINT","https://www.data.go.kr/data/15148435/fileData.do","2026-07-11","67","POINT (889028.441785337 1550725.12702306)","공식 선상낚시포인트 데이터 기반. 실제 출조 가능 여부는 선사 및 현장 통제를 확인해야 함."
"boat-68","낭도 부근 - 목도해상","boat-fishing-point","전라남도","고흥군","전라남도 고흥군","34.594426","127.540795","감성돔|붕장어|농어|숭어","5물~8물/ 조금 전후","7.1~9.1m","암","▶ 감성돔 - 릴찌/ 장대/ 원투▶ 붕장어 - 원투▶ 농어 - 루어/ 릴찌▶ 숭어 - 릴찌/ 장대/ 훌치기","needs-check","MOF_SHARED_BOAT_FISHING_POINT","https://www.data.go.kr/data/15148435/fileData.do","2026-07-11","68","POINT (1003740.88578809 1622253.64003475)","공식 선상낚시포인트 데이터 기반. 실제 출조 가능 여부는 선사 및 현장 통제를 확인해야 함."
"boat-69","낭도 부근 - 추도북측해상","boat-fishing-point","전라남도","고흥군","전라남도 고흥군","34.600582","127.557609","감성돔|붕장어|농어|숭어","5물~8물/ 조금 전후","3~3.9m","암","▶ 감성돔 - 릴찌/ 장대/ 원투▶ 붕장어 - 원투▶ 농어 - 루어/ 릴찌▶ 숭어 - 릴찌/ 장대/ 훌치기","needs-check","MOF_SHARED_BOAT_FISHING_POINT","https://www.data.go.kr/data/15148435/fileData.do","2026-07-11","69","POINT (1005282.32435512 1622937.06579299)","공식 선상낚시포인트 데이터 기반. 실제 출조 가능 여부는 선사 및 현장 통제를 확인해야 함."
"boat-70","여수엑스포 부근 - 죽도인근해상","boat-fishing-point","전라남도","여수시","전라남도 여수시","34.687611","127.795998","벵에돔|참돔|돌돔|감성돔|농어","조금","10.6~15.7m","펄","▶ 벵에돔 - 목줄/ 장대/ 부력/ 잠수▶ 참돔 - 부력/ 잠수▶ 돌돔 - 릴찌/ 장대/ 원투▶ 감성돔 - 릴찌/ 장대/ 원투▶ 농어 - 루어/ 릴찌","needs-check","MOF_SHARED_BOAT_FISHING_POINT","https://www.data.go.kr/data/15148435/fileData.do","2026-07-11","70","POINT (1027112.60904015 1632626.02180145)","공식 선상낚시포인트 데이터 기반. 실제 출조 가능 여부는 선사 및 현장 통제를 확인해야 함."
"boat-71","황제도 - 흰여해상","boat-fishing-point","전라남도","완도군","전라남도 완도군","34.217744","127.140204","감성돔|참돔|돌돔|농어|광어|볼락","조금 전후/ 2~3물","17.2~28m","펄","▶ 감성돔 - 릴찌/ 장대/ 원투▶ 참돔 - 부력/ 잠수▶ 돌돔 - 릴찌/ 장대/ 원투▶ 농어 - 루어/ 릴찌▶ 광어 - 릴찌/ 원투▶ 볼락 - 릴찌/ 장대/ 루어","needs-check","MOF_SHARED_BOAT_FISHING_POINT","https://www.data.go.kr/data/15148435/fileData.do","2026-07-11","71","POINT (966858.594313729 1580542.91316266)","공식 선상낚시포인트 데이터 기반. 실제 출조 가능 여부는 선사 및 현장 통제를 확인해야 함."
"boat-72","대삼부도 - 노루섬인근해상","boat-fishing-point","전라남도","여수시","전라남도 여수시","34.061265","127.382807","벵에돔|참돔|돌돔|감성돔|농어|쏨벵이","10물~13물","14.8~16.8m","암","▶ 벵에돔 - 목줄/ 장대/ 부력/ 잠수▶ 참돔 - 부력/ 잠수▶ 돌돔 - 릴찌/ 장대/ 원투▶ 감성돔 - 릴찌/ 장대/ 원투▶ 농어 - 루어/ 릴찌▶ 쏨벵이 - 루어/ 릴찌","needs-check","MOF_SHARED_BOAT_FISHING_POINT","https://www.data.go.kr/data/15148435/fileData.do","2026-07-11","72","POINT (989185.244269974 1563140.15904272)","공식 선상낚시포인트 데이터 기반. 실제 출조 가능 여부는 선사 및 현장 통제를 확인해야 함."
"boat-73","연도 - 역포항인근해상","boat-fishing-point","전라남도","여수시","전라남도 여수시","34.429594","127.796522","참돔|감성돔|볼락|농어/  삼치|돌돔|갑오징어","초들물/ 초날물/ 조금 전·후","0.8~1.1m","암","▶ 참돔 - 부력/ 잠수▶ 감성돔 - 릴찌/ 장대/ 원투▶ 볼락 - 릴찌/ 장대/ 루어▶ 농어/ 삼치 - 루어/ 릴찌▶ 돌돔 - 민장대/ 릴찌/ 원투▶ 갑오징어 - 에깅","needs-check","MOF_SHARED_BOAT_FISHING_POINT","https://www.data.go.kr/data/15148435/fileData.do","2026-07-11","73","POINT (1027244.60909863 1604015.00591186)","공식 선상낚시포인트 데이터 기반. 실제 출조 가능 여부는 선사 및 현장 통제를 확인해야 함."
"boat-74","갈도 부근 - 갈도북측","boat-fishing-point","경상남도","통영시","경상남도 통영시","34.572948","128.182619","감성돔|돌돔|볼락|무늬오징어","2물~8물/ 사리전후","11.6~11.8m","모래/ 조개껍질","▶ 감성돔 - 릴찌/ 장대/ 원투▶ 돌돔 - 릴찌/ 장대/ 원투▶ 볼락 - 릴찌/ 장대/ 루어 ▶ 무늬오징어 - 릴찌/ 에깅","needs-check","MOF_SHARED_BOAT_FISHING_POINT","https://www.data.go.kr/data/15148435/fileData.do","2026-07-11","74","POINT (1062612.57204072 1620082.86822632)","공식 선상낚시포인트 데이터 기반. 실제 출조 가능 여부는 선사 및 현장 통제를 확인해야 함."
"boat-75","갈도 부근 - 귀신여우측하단","boat-fishing-point","경상남도","통영시","경상남도 통영시","34.557662","128.180883","감성돔|돌돔|볼락|무늬오징어","2물~8물/ 사리전후","14.5~15.9m","암","▶ 감성돔 - 릴찌/ 장대/ 원투▶ 돌돔 - 릴찌/ 장대/ 원투▶ 볼락 - 릴찌/ 장대/ 루어 ▶ 무늬오징어 - 릴찌/ 에깅","needs-check","MOF_SHARED_BOAT_FISHING_POINT","https://www.data.go.kr/data/15148435/fileData.do","2026-07-11","75","POINT (1062464.73786628 1618386.73065956)","공식 선상낚시포인트 데이터 기반. 실제 출조 가능 여부는 선사 및 현장 통제를 확인해야 함."
"boat-76","수영만 부근 - 청사포항인근해상","boat-fishing-point","부산광역시","남구","부산광역시 남구","35.159269","129.194563","도다리|붕장어|학꽁치|무늬오징어|망상어","6물~8물","8.2~9.7m","암","▶ 도다리 - 원투▶ 붕장어 - 원투▶ 학꽁치 - 릴찌/ 장대▶ 무늬오징어 - 에깅▶ 망상어 - 민장대/ 릴찌","needs-check","MOF_SHARED_BOAT_FISHING_POINT","https://www.data.go.kr/data/15148435/fileData.do","2026-07-11","76","POINT (1154339.08166377 1686205.13863915)","공식 선상낚시포인트 데이터 기반. 실제 출조 가능 여부는 선사 및 현장 통제를 확인해야 함."
"boat-77","말도·방축도 - 방축도동쪽바다","boat-fishing-point","전라북도","군산시","전라북도 군산시","35.855194","126.390389","넙치|노래미|농어|도다리|우럭","중들물~만조시","33m~37m","펄","▶넙치 - 루어/ 원투 ▶노래미 - 루어/ 릴찌/ 장대/ 원투▶농어 - 루어/ 릴찌 ▶도다리 - 원투▶우럭 - 릴찌/ 원투","needs-check","MOF_SHARED_BOAT_FISHING_POINT","https://www.data.go.kr/data/15148435/fileData.do","2026-07-11","77","POINT (899808.899610717 1762640.88132443)","공식 선상낚시포인트 데이터 기반. 실제 출조 가능 여부는 선사 및 현장 통제를 확인해야 함."
"boat-78","왕등도·위도 - 위도달루도부근","boat-fishing-point","전라북도","부안군","전라북도 부안군","35.611389","126.257750","감성돔|넙치|노래미|농어|숭어|우럭","중썰물~끝썰물","11m~13m","펄","▶감성돔 - 릴찌/ 장대/ 원투 ▶넙치 - 루어/ 원투▶노래미 - 루어/ 릴찌/ 장대/ 원투 ▶농어 - 루어/ 릴찌▶숭어 - 릴찌/ 장대/ 훌치기 ▶우럭 - 릴찌/ 원투","needs-check","MOF_SHARED_BOAT_FISHING_POINT","https://www.data.go.kr/data/15148435/fileData.do","2026-07-11","78","POINT (887489.384759991 1735742.45064667)","공식 선상낚시포인트 데이터 기반. 실제 출조 가능 여부는 선사 및 현장 통제를 확인해야 함."
"boat-79","신지도 - 제도부근","boat-fishing-point","전라남도","완도군","전라남도 완도군","34.304444","126.898250","감성돔|돌돔|볼락|붕장어|우럭|참돔|학공치","사리 전·후","11m~15m","펄","▶감성돔 - 릴찌/ 장대/ 원투 ▶돌돔 - 릴찌/ 장대/ 원투▶볼락 - 루어/ 릴찌/ 장대 ▶붕장어 - 원투▶우럭 - 릴찌/ 원투 ▶참돔 - 부력/ 잠수 ▶학공치 - 릴찌/ 장대","needs-check","MOF_SHARED_BOAT_FISHING_POINT","https://www.data.go.kr/data/15148435/fileData.do","2026-07-11","79","POINT (944628.350306851 1590261.87070296)","공식 선상낚시포인트 데이터 기반. 실제 출조 가능 여부는 선사 및 현장 통제를 확인해야 함."
"boat-80","남해도 남부 - 항도앞바다","boat-fishing-point","경상남도","남해군","경상남도 남해군","34.716250","127.859750","참돔|농어|노래미|볼락|우럭","초들물~중날물","22.6~27.3","암","▶참돔 - 부력/ 잠수▶농어 - 루어/ 릴찌▶노래미 - 루어/ 릴찌/ 장대/ 원투▶볼락 - 릴찌/ 장대/ 루어▶우럭 - 릴찌/ 원투","needs-check","MOF_SHARED_BOAT_FISHING_POINT","https://www.data.go.kr/data/15148435/fileData.do","2026-07-11","80","POINT (1032940.7795378 1635820.88078303)","공식 선상낚시포인트 데이터 기반. 실제 출조 가능 여부는 선사 및 현장 통제를 확인해야 함."
"boat-81","제주도 북동부·우도 - 비양도북측해상","boat-fishing-point","제주특별자치도","제주시","제주특별자치도 제주시","33.523583","126.970417","참돔|돌돔|볼락|벵에돔|무늬오징어|독가시치","들물/날물","22.0~30.0","암","▶참돔 - 부력/ 잠수▶돌돔 - 민장대/ 릴찌/ 원투▶볼락 - 루어/ 릴찌/ 장대▶벵에돔 - 목줄/ 장대/ 부력/ 잠수▶무늬오징어 - 에깅▶독가시치 - 목줄/ 장대/ 부력/ 잠수","needs-check","MOF_SHARED_BOAT_FISHING_POINT","https://www.data.go.kr/data/15148435/fileData.do","2026-07-11","81","POINT (950822.524366237 1503644.38692728)","공식 선상낚시포인트 데이터 기반. 실제 출조 가능 여부는 선사 및 현장 통제를 확인해야 함."
"boat-82","만재도 - 외마도남측선상","boat-fishing-point","전라남도","신안군","전라남도 신안군","34.210031","125.462607","돌돔|참돔|감성돔|우럭|광어|농어|볼락|문어","조금 전후","20.5~27m","암","▶ 돌돔 - 릴찌/ 장대/ 원투▶ 참돔 - 부력/ 잠수▶ 감성돔 - 릴찌/ 장대/ 원투▶ 우럭 - 릴찌/ 원투▶ 광어 - 릴찌/ 원투▶ 농어 - 루어/ 릴찌▶ 볼락 - 릴찌/ 장대/ 루어▶ 문어 - 루어","needs-check","MOF_SHARED_BOAT_FISHING_POINT","https://www.data.go.kr/data/15148435/fileData.do","2026-07-11","82","POINT (812300.854197848 1581505.93937375)","공식 선상낚시포인트 데이터 기반. 실제 출조 가능 여부는 선사 및 현장 통제를 확인해야 함."
"boat-83","장봉도 - 부도부근","boat-fishing-point","인천광역시","옹진군","인천광역시 옹진군","37.538111","126.397667","넙치|노래미|망둑어|숭어|우럭","조금 전·후/ 3물~5물","10m~15m","모래","▶넙치 - 루어/ 원투 ▶노래미 - 루어/ 릴찌/ 장대/ 원투▶망둑어 - 원투 ▶숭어 - 릴찌/ 장대/ 훌치기▶우럭 - 릴찌/ 원투","needs-check","MOF_SHARED_BOAT_FISHING_POINT","https://www.data.go.kr/data/15148435/fileData.do","2026-07-11","83","POINT (902612.6574669 1949325.32580243)","공식 선상낚시포인트 데이터 기반. 실제 출조 가능 여부는 선사 및 현장 통제를 확인해야 함."
"boat-84","풍도·난지도 - 대난지도철도부근","boat-fishing-point","경기도","안산시","경기도 안산시","37.057194","126.411306","넙치|농어|도다리|우럭|붕장어","만조/ 간조 전·후","12m~16m","모래","▶넙치 - 루어/ 원투 ▶농어 - 루어/ 릴찌▶도다리 - 원투 ▶우럭 - 릴찌/ 원투▶붕장어 - 원투","needs-check","MOF_SHARED_BOAT_FISHING_POINT","https://www.data.go.kr/data/15148435/fileData.do","2026-07-11","84","POINT (903203.246536039 1895956.36599825)","공식 선상낚시포인트 데이터 기반. 실제 출조 가능 여부는 선사 및 현장 통제를 확인해야 함."
"boat-85","호도·녹도·외연도 - 소화사도부근","boat-fishing-point","충청남도","보령시","충청남도 보령시","36.256361","126.277111","감성돔|갑오징어|넙치|농어|노래미|우럭","조금 전·후","11m~15m","펄/ 모래","▶감성돔 - 릴찌/ 장대/ 원투 ▶갑오징어 - 에깅▶넙치 - 루어/ 원투 ▶농어 - 루어/ 릴찌▶노래미 - 루어/ 릴찌/ 장대/ 원투 ▶우럭 - 릴찌/ 원투","needs-check","MOF_SHARED_BOAT_FISHING_POINT","https://www.data.go.kr/data/15148435/fileData.do","2026-07-11","85","POINT (890139.223301608 1807261.65679648)","공식 선상낚시포인트 데이터 기반. 실제 출조 가능 여부는 선사 및 현장 통제를 확인해야 함."
"boat-86","십이동파도·비안도 - 비안도치두도부근","boat-fishing-point","전라북도","군산시","전라북도 군산시","35.728194","126.457306","넙치|노래미|농어|붕장어|우럭","들물 전·후","8.3m~9.2m","모래/ 펄","▶넙치 - 루어/ 원투 ▶노래미 - 루어/ 릴찌/ 장대/ 원투▶농어 - 루어/ 릴찌 ▶붕장어 - 원투▶우럭 - 릴찌/ 원투","needs-check","MOF_SHARED_BOAT_FISHING_POINT","https://www.data.go.kr/data/15148435/fileData.do","2026-07-11","86","POINT (905701.3457033919 1748487.98725421)","공식 선상낚시포인트 데이터 기반. 실제 출조 가능 여부는 선사 및 현장 통제를 확인해야 함."
"boat-87","말도·방축도 - 흑도와골서부근","boat-fishing-point","전라북도","군산시","전라북도 군산시","35.827972","126.377167","감성돔|노래미|넙치|도다리|우럭","중들물~만조시","12m~15m","자갈/ 조개껍질","▶감성돔 - 릴찌/ 장대/ 원투 ▶노래미 - 루어/ 릴찌/ 장대/ 원투▶넙치 - 루어/ 원투 ▶도다리 - 원투 ▶우럭 - 릴찌/ 원투","needs-check","MOF_SHARED_BOAT_FISHING_POINT","https://www.data.go.kr/data/15148435/fileData.do","2026-07-11","87","POINT (898580.3149470531 1759635.06115019)","공식 선상낚시포인트 데이터 기반. 실제 출조 가능 여부는 선사 및 현장 통제를 확인해야 함."
"boat-88","흑산도·삼태도 - 대흑산도서산말남동쪽바다","boat-fishing-point","전라남도","신안군","전라남도 신안군","34.618111","125.444083","감성돔|넙치|농어|돌돔|붕장어|우럭|참돔","조금 전·후","25.5m~40m","모래/ 펄","▶감성돔 - 릴찌/ 장대/ 원투 ▶넙치 - 루어/ 원투▶농어 - 루어/ 릴찌 ▶돌돔 - 릴찌/ 장대/ 원투▶붕장어 - 원투 ▶우럭 - 릴찌/ 원투 ▶참돔 - 부력/ 잠수","needs-check","MOF_SHARED_BOAT_FISHING_POINT","https://www.data.go.kr/data/15148435/fileData.do","2026-07-11","88","POINT (811512.301313653 1626801.00167723)","공식 선상낚시포인트 데이터 기반. 실제 출조 가능 여부는 선사 및 현장 통제를 확인해야 함."
"boat-89","거금도 - 연흥도부근","boat-fishing-point","전라남도","고흥군","전라남도 고흥군","34.459639","127.095611","감성돔|농어|도다리|돌돔|붕장어|숭어|우럭","날물","5m~8m","펄","▶감성돔 - 릴찌/ 장대/ 원투 ▶농어 - 루어/ 릴찌▶도다리 - 원투 ▶돌돔 - 릴찌/ 장대/ 원투▶붕장어 - 원투 ▶숭어 - 릴찌/ 장대/ 훌치기 ▶우럭 - 릴찌/ 원투","needs-check","MOF_SHARED_BOAT_FISHING_POINT","https://www.data.go.kr/data/15148435/fileData.do","2026-07-11","89","POINT (962857.792349632 1607380.88318994)","공식 선상낚시포인트 데이터 기반. 실제 출조 가능 여부는 선사 및 현장 통제를 확인해야 함."
"boat-90","나로도 - 내나로도등대앞바다","boat-fishing-point","전라남도","고흥군","전라남도 고흥군","34.492056","127.518917","감성돔|농어|도다리|볼락|숭어|학공치","초들물~만조","7m~10m","펄","▶감성돔 - 릴찌/ 장대/ 원투 ▶농어 - 루어/ 릴찌▶도다리 - 원투 ▶볼락 - 루어/ 릴찌/ 장대▶숭어 - 릴찌/ 장대/ 훌치기 ▶학공치 - 릴찌/ 장대","needs-check","MOF_SHARED_BOAT_FISHING_POINT","https://www.data.go.kr/data/15148435/fileData.do","2026-07-11","90","POINT (1001736.77918562 1610901.45571607)","공식 선상낚시포인트 데이터 기반. 실제 출조 가능 여부는 선사 및 현장 통제를 확인해야 함."
"boat-91","사량도 - 남무도부근","boat-fishing-point","경상남도","통영시","경상남도 통영시","34.770444","128.221861","감성돔|농어|벵에돔|우럭|볼락|참돔","조금 전·후","27m~30m","펄/ 모래/ 조개껍질","▶감성돔 - 릴찌/ 장대/ 원투 ▶농어 - 루어/ 릴찌▶벵에돔 - 목줄/ 장대/ 부력/ 잠수 ▶우럭 - 릴찌/ 원투▶볼락 - 릴찌/ 루어/ 장대 ▶참돔 - 부력/ 잠수","needs-check","MOF_SHARED_BOAT_FISHING_POINT","https://www.data.go.kr/data/15148435/fileData.do","2026-07-11","91","POINT (1066055.06692951 1642008.997804)","공식 선상낚시포인트 데이터 기반. 실제 출조 가능 여부는 선사 및 현장 통제를 확인해야 함."
"boat-92","석모도 - 서도부근해상","boat-fishing-point","인천광역시","강화군","인천광역시 강화군","37.744028","126.282250","농어|숭어|우럭|망둥어","초들물~중날물","2.9~7.5","암","▶농어 - 루어/ 릴찌▶숭어 - 릴찌/ 장대/ 홀치기▶우럭 - 릴찌/ 원투▶망둥어 - 릴찌/ 장대","needs-check","MOF_SHARED_BOAT_FISHING_POINT","https://www.data.go.kr/data/15148435/fileData.do","2026-07-11","92","POINT (892712.204979537 1972297.9448622)","공식 선상낚시포인트 데이터 기반. 실제 출조 가능 여부는 선사 및 현장 통제를 확인해야 함."
"boat-93","고이도·매화도·선도·증도 - 면도부근해상","boat-fishing-point","전라남도","신안군","전라남도 신안군","34.963972","126.125000","감성돔|노래미|광어|숭어|우럭|붕장어|도다리|농어","초들물~중날물","1.4~2.3","펄","▶감성돔 - 릴찌/ 장대/ 원투▶노래미 - 루어/ 릴찌/ 장대/ 원투▶광어 - 릴찌/ 원투▶숭어 - 릴찌/ 장대/ 훌치기▶우럭 - 릴찌/ 원투▶붕장어 - 원투▶도다리 - 원투▶농어 - 루어/ 릴찌","needs-check","MOF_SHARED_BOAT_FISHING_POINT","https://www.data.go.kr/data/15148435/fileData.do","2026-07-11","93","POINT (874469.8335826931 1664095.98640546)","공식 선상낚시포인트 데이터 기반. 실제 출조 가능 여부는 선사 및 현장 통제를 확인해야 함."
"boat-94","남해도 북부 - 작장리앞바다","boat-fishing-point","경상남도","남해군","경상남도 남해군","34.823611","127.802639","참돔|농어|노래미|볼락|우럭","초들물~중날","13.4~17.5","암","▶참돔 - 부력/ 잠수▶농어 - 루어/ 릴찌▶노래미 - 루어/ 릴찌/ 장대/ 원투▶볼락 - 릴찌/ 장대/ 루어▶우럭 - 릴찌/ 원투","needs-check","MOF_SHARED_BOAT_FISHING_POINT","https://www.data.go.kr/data/15148435/fileData.do","2026-07-11","94","POINT (1027675.4769069 1647709.21120093)","공식 선상낚시포인트 데이터 기반. 실제 출조 가능 여부는 선사 및 현장 통제를 확인해야 함."
"boat-95","독거군도 부근 - 초도앞해상","boat-fishing-point","전라남도","진도군","전라남도 진도군","34.227611","126.155937","참돔|감성돔|돌돔|광어|농어","1물~4물","14.9~17.5m","암","▶ 참돔 - 부력/ 잠수▶ 감성돔 - 릴찌/ 장대/ 원투▶ 돌돔 - 릴찌/ 장대/ 원투▶ 광어 - 릴찌/ 원투▶ 농어 - 루어/ 릴찌","needs-check","MOF_SHARED_BOAT_FISHING_POINT","https://www.data.go.kr/data/15148435/fileData.do","2026-07-11","95","POINT (876206.496189467 1582395.27349247)","공식 선상낚시포인트 데이터 기반. 실제 출조 가능 여부는 선사 및 현장 통제를 확인해야 함."
"boat-96","간수제도 - 소두역서해상","boat-fishing-point","전라남도","여수시","전라남도 여수시","34.256013","127.548326","감성돔|참돔|돌돔|우럭|노래미|농어|숭어|삼치|문어","사리를 피한 조금 이후","28~32m","암","▶ 감성돔 - 릴찌/ 장대/ 원투▶ 참돔 - 부력/ 잠수▶ 돌돔 - 릴찌/ 장대/ 원투▶ 우럭 - 릴찌/ 원투▶ 노래미 - 루어/ 릴찌/ 장대/ 원투▶ 농어 - 루어/ 릴찌▶ 숭어 - 릴찌/ 장대/ 훌치기▶ 삼치 - 루어/ 릴찌▶ 문어 - 루어","needs-check","MOF_SHARED_BOAT_FISHING_POINT","https://www.data.go.kr/data/15148435/fileData.do","2026-07-11","96","POINT (1004449.35017611 1584728.82679674)","공식 선상낚시포인트 데이터 기반. 실제 출조 가능 여부는 선사 및 현장 통제를 확인해야 함."
"boat-97","칠천도·가조도 - 만금여부근해상","boat-fishing-point","경상남도","거제시","경상남도 거제시","34.950222","128.504889","감성돔|노래미|갑오징어|도다리|볼락","초들물~중날물","12.6~15.3","펄","▶감성돔 - 릴찌/ 장대/ 원투▶노래미 - 루어/ 릴찌/ 장대/ 원투▶갑오징어 - 에깅▶도다리 - 원투▶볼락 - 릴찌/ 장대/ 루어","needs-check","MOF_SHARED_BOAT_FISHING_POINT","https://www.data.go.kr/data/15148435/fileData.do","2026-07-11","97","POINT (1091754.9020496 1662168.87113515)","공식 선상낚시포인트 데이터 기반. 실제 출조 가능 여부는 선사 및 현장 통제를 확인해야 함."
"boat-98","문갑도·선갑도 - 선갑도우두암부근","boat-fishing-point","인천광역시","옹진군","인천광역시 옹진군","37.058722","126.080972","넙치|노래미|농어|우럭","조금 전·후","36m~39m","펄/ 모래","▶넙치 - 루어/ 원투 ▶노래미 - 루어/ 릴찌/ 장대/ 원투 ▶농어 - 루어/ 릴찌 ▶우럭 - 릴찌/ 원투","needs-check","MOF_SHARED_BOAT_FISHING_POINT","https://www.data.go.kr/data/15148435/fileData.do","2026-07-11","98","POINT (873834.0843612271 1896513.26838853)","공식 선상낚시포인트 데이터 기반. 실제 출조 가능 여부는 선사 및 현장 통제를 확인해야 함."
"boat-99","선유도·무녀도·장자도·신시도 - 증서부근","boat-fishing-point","전라북도","군산시","전라북도 군산시","35.811000","126.383694","넙치|노래미|농어|양태|붕장어|우럭","조금 전·후","13.6m~15m","가는 모래","▶넙치 - 루어/ 원투 ▶노래미 - 루어/ 릴찌/ 장대/ 원투▶농어 - 루어/ 릴찌 ▶양태 - 루어/ 릴찌▶붕장어 - 원투 ▶우럭 - 릴찌/ 원투","needs-check","MOF_SHARED_BOAT_FISHING_POINT","https://www.data.go.kr/data/15148435/fileData.do","2026-07-11","99","POINT (899148.4841516779 1757745.79193524)","공식 선상낚시포인트 데이터 기반. 실제 출조 가능 여부는 선사 및 현장 통제를 확인해야 함."
"boat-100","대청도·소청도 - 선진포항앞바다","boat-fishing-point","인천광역시","옹진군","인천광역시 옹진군","37.831778","124.729472","넙치|노래미|농어|삼치|쏨뱅이|우럭","조금 전후","13m~20m","가는 모래","▶넙치 - 루어/ 원투 ▶노래미 - 루어/ 릴찌/ 장대/ 원투▶농어 - 루어/ 릴찌 ▶삼치 - 루어/ 릴찌▶쏨뱅이 - 루어/ 릴찌 ▶우럭 - 릴찌/ 원투","needs-check","MOF_SHARED_BOAT_FISHING_POINT","https://www.data.go.kr/data/15148435/fileData.do","2026-07-11","100","POINT (756176.714979128 1984952.94032408)","공식 선상낚시포인트 데이터 기반. 실제 출조 가능 여부는 선사 및 현장 통제를 확인해야 함."
"boat-101","대청도·소청도 - 갑죽도부근","boat-fishing-point","인천광역시","옹진군","인천광역시 옹진군","37.801278","124.664083","넙치|노래미|농어|삼치|쏨뱅이|우럭","조금 전후","22m~27m","모래/ 조개껍질","▶넙치 - 루어/ 원투 ▶노래미 - 루어/ 릴찌/ 장대/ 원투▶농어 - 루어/ 릴찌 ▶삼치 - 루어/ 릴찌▶쏨뱅이 - 루어/ 릴찌 ▶우럭 - 릴찌/ 원투","needs-check","MOF_SHARED_BOAT_FISHING_POINT","https://www.data.go.kr/data/15148435/fileData.do","2026-07-11","101","POINT (750318.123534249 1981740.82978006)","공식 선상낚시포인트 데이터 기반. 실제 출조 가능 여부는 선사 및 현장 통제를 확인해야 함."
"boat-102","덕적도·소야도 - 단탄부근","boat-fishing-point","인천광역시","옹진군","인천광역시 옹진군","37.259306","126.086889","넙치|노래미|농어|붕장어|우럭","조금 전·후","12m~17m","모래","▶넙치 - 루어/ 원투 ▶노래미 - 루어/ 릴찌/ 장대/ 원투▶농어 - 루어/ 릴찌 ▶붕장어 - 원투▶우럭 - 루어/ 릴찌","needs-check","MOF_SHARED_BOAT_FISHING_POINT","https://www.data.go.kr/data/15148435/fileData.do","2026-07-11","102","POINT (874691.760663079 1918759.23834886)","공식 선상낚시포인트 데이터 기반. 실제 출조 가능 여부는 선사 및 현장 통제를 확인해야 함."
"boat-103","이작도·승봉도 - 선착장앞바다","boat-fishing-point","인천광역시","옹진군","인천광역시 옹진군","37.180222","126.246333","넙치|노래미|농어|숭어|우럭","","10m~17m","모래/ 펄","▶넙치 - 루어/ 원투 ▶노래미 - 루어/ 릴찌/ 장대/ 원투▶농어 - 루어/ 릴찌 ▶숭어 - 릴찌/ 장대/ 훌치기 ▶우럭 - 릴찌/ 원투","needs-check","MOF_SHARED_BOAT_FISHING_POINT","https://www.data.go.kr/data/15148435/fileData.do","2026-07-11","103","POINT (888715.0678428541 1909786.11832923)","공식 선상낚시포인트 데이터 기반. 실제 출조 가능 여부는 선사 및 현장 통제를 확인해야 함."
"boat-104","문갑도·선갑도 - 선갑도서측바다","boat-fishing-point","인천광역시","옹진군","인천광역시 옹진군","37.092361","126.043694","넙치|노래미|농어|우럭","조금 전·후","35m~40m","가는 모래","▶넙치 - 루어/ 원투 ▶노래미 - 루어/ 릴찌/ 장대/ 원투 ▶농어 - 루어/ 릴찌 ▶우럭 - 릴찌/ 원투","needs-check","MOF_SHARED_BOAT_FISHING_POINT","https://www.data.go.kr/data/15148435/fileData.do","2026-07-11","104","POINT (870576.7161493719 1900295.45093985)","공식 선상낚시포인트 데이터 기반. 실제 출조 가능 여부는 선사 및 현장 통제를 확인해야 함."
"boat-105","백아도·굴업도 - 굴업도항도부근","boat-fishing-point","인천광역시","옹진군","인천광역시 옹진군","37.180139","125.980500","넙치|노래미|농어|붕장어|우럭","1~3물/ 조금 전·후","5m~6.2m","펄","▶넙치 - 루어/ 원투 ▶노래미 - 루어/ 릴찌/ 장대/ 원투▶농어 - 루어/ 릴찌 ▶붕장어 - 원투▶우럭 - 릴찌/ 원투","needs-check","MOF_SHARED_BOAT_FISHING_POINT","https://www.data.go.kr/data/15148435/fileData.do","2026-07-11","105","POINT (865116.172615672 1910122.07144555)","공식 선상낚시포인트 데이터 기반. 실제 출조 가능 여부는 선사 및 현장 통제를 확인해야 함."
"boat-106","풍도·난지도 - 풍도북동측바다","boat-fishing-point","경기도","안산시","경기도 안산시","37.121139","126.400278","넙치|노래미|농어|붕장어|우럭","사리 전·후","25m~27m","자갈/ 조개껍질","▶넙치 - 루어/ 원투 ▶노래미 - 루어/ 릴찌/ 장대/ 원투▶농어 - 루어/ 릴찌 ▶붕장어 - 원투 ▶우럭 - 릴찌/ 원투","needs-check","MOF_SHARED_BOAT_FISHING_POINT","https://www.data.go.kr/data/15148435/fileData.do","2026-07-11","106","POINT (902304.845444714 1903061.68398898)","공식 선상낚시포인트 데이터 기반. 실제 출조 가능 여부는 선사 및 현장 통제를 확인해야 함."
"boat-107","풍도·난지도 - 풍도남서측바다","boat-fishing-point","경기도","안산시","경기도 안산시","37.085306","126.378556","넙치|노래미|농어|붕장어|우럭","사리 전·후","18m~20m","모래","▶넙치 - 루어/ 원투 ▶노래미 - 루어/ 릴찌/ 장대/ 원투▶농어 - 루어/ 릴찌 ▶붕장어 - 원투▶우럭 - 릴찌/ 원투","needs-check","MOF_SHARED_BOAT_FISHING_POINT","https://www.data.go.kr/data/15148435/fileData.do","2026-07-11","107","POINT (900328.115517188 1899108.87484463)","공식 선상낚시포인트 데이터 기반. 실제 출조 가능 여부는 선사 및 현장 통제를 확인해야 함."
"boat-108","호도·녹도·외연도 - 명덕도부근","boat-fishing-point","충청남도","보령시","충청남도 보령시","36.313222","126.250222","감성돔|갑오징어|넙치|농어|노래미|우럭","초들물","17m~22m","모래","▶감성돔 - 릴찌/ 장대/ 원투 ▶갑오징어 - 에깅▶넙치 - 루어/ 원투 ▶농어 - 루어/ 릴찌▶노래미 - 루어/ 릴찌/ 장대/ 원투 ▶우럭 - 릴찌/ 원투","needs-check","MOF_SHARED_BOAT_FISHING_POINT","https://www.data.go.kr/data/15148435/fileData.do","2026-07-11","108","POINT (887804.9227283291 1813599.97186984)","공식 선상낚시포인트 데이터 기반. 실제 출조 가능 여부는 선사 및 현장 통제를 확인해야 함."
"boat-109","호도·녹도·외연도 - 초망서부근","boat-fishing-point","충청남도","보령시","충청남도 보령시","36.202083","126.087222","감성돔|갑오징어|넙치|노래미|농어|우럭|참돔","조금 전·후","21.5m~27.5m","펄/ 조개껍질","▶감성돔 - 릴찌/ 장대/ 원투 ▶갑오징어 - 에깅▶넙치 - 루어/ 원투▶노래미 - 루어/ 릴찌/ 장대/ 원투▶농어 - 루어/ 릴찌▶우럭 - 릴찌/ 원투 ▶참돔 - 부력/ 잠수","needs-check","MOF_SHARED_BOAT_FISHING_POINT","https://www.data.go.kr/data/15148435/fileData.do","2026-07-11","109","POINT (872991.4174679071 1801472.77081184)","공식 선상낚시포인트 데이터 기반. 실제 출조 가능 여부는 선사 및 현장 통제를 확인해야 함."
"boat-110","말도·방축도 - 말도와보농도사이바다","boat-fishing-point","전라북도","군산시","전라북도 군산시","35.855722","126.328250","감성돔|노래미|넙치|도다리|우럭","들물/ 썰물 전·후","7m~10m","모래/ 조개껍질","▶감성돔 - 릴찌/ 장대/ 원투 ▶노래미 - 루어/ 릴찌/ 장대/ 원투▶넙치 - 루어/ 원투 ▶도다리 - 원투 ▶우럭 - 릴찌/ 원투","needs-check","MOF_SHARED_BOAT_FISHING_POINT","https://www.data.go.kr/data/15148435/fileData.do","2026-07-11","110","POINT (894198.596971476 1762764.86239051)","공식 선상낚시포인트 데이터 기반. 실제 출조 가능 여부는 선사 및 현장 통제를 확인해야 함."
"boat-111","선유도·무녀도·장자도·신시도 - 도토머리도부근","boat-fishing-point","전라북도","군산시","전라북도 군산시","35.834528","126.440000","넙치|노래미|농어|붕장어|삼치|우럭|양태","조금 전·후","13m~15m","모래/ 펄","▶넙치 - 루어/ 원투 ▶노래미 - 루어/ 릴찌/ 장대/ 원투▶농어 - 루어/ 릴찌 ▶붕장어 - 원투▶삼치 - 루어/ 릴찌 ▶우럭 - 릴찌/ 원투 ▶양태 - 루어/ 릴찌","needs-check","MOF_SHARED_BOAT_FISHING_POINT","https://www.data.go.kr/data/15148435/fileData.do","2026-07-11","111","POINT (904263.807282175 1760298.89509272)","공식 선상낚시포인트 데이터 기반. 실제 출조 가능 여부는 선사 및 현장 통제를 확인해야 함."
"boat-112","선유도·무녀도·장자도·신시도 - 장구도앞바다","boat-fishing-point","전라북도","군산시","전라북도 군산시","35.792472","126.400417","넙치|노래미|농어|붕장어|삼치|우럭|양태","조금 전·후","8m~12m","가는 모래","▶넙치 - 루어/ 원투 ▶노래미 - 루어/ 릴찌/ 장대/ 원투▶농어 - 루어/ 릴찌 ▶붕장어 - 원투▶삼치 - 루어/ 릴찌 ▶우럭 - 릴찌/ 원투 ▶양태 - 루어/ 릴찌","needs-check","MOF_SHARED_BOAT_FISHING_POINT","https://www.data.go.kr/data/15148435/fileData.do","2026-07-11","112","POINT (900636.2289911839 1755673.64147924)","공식 선상낚시포인트 데이터 기반. 실제 출조 가능 여부는 선사 및 현장 통제를 확인해야 함."
"boat-113","왕등도·위도 - 상왕등도열도부근","boat-fishing-point","전라북도","부안군","전라북도 부안군","35.658694","126.137444","감성돔|넙치|농어|돌돔|붕장어|우럭|참돔","조금 전·후","24m~30m","가는 모래/ 펄","▶감성돔 - 릴찌/ 장대/ 원투 ▶넙치 - 루어/ 원투▶농어 - 루어/ 릴찌 ▶돌돔 - 릴찌/ 장대/ 원투▶붕장어 - 원투 ▶우럭 - 릴찌/ 원투 ▶참돔 - 부력/ 잠수","needs-check","MOF_SHARED_BOAT_FISHING_POINT","https://www.data.go.kr/data/15148435/fileData.do","2026-07-11","113","POINT (876665.379135974 1741133.74352159)","공식 선상낚시포인트 데이터 기반. 실제 출조 가능 여부는 선사 및 현장 통제를 확인해야 함."
"boat-114","흑산도·삼태도 - 삼태도넓은여부근","boat-fishing-point","전라남도","신안군","전라남도 신안군","34.393750","125.248222","감성돔|넙치|농어|돌돔|붕장어|우럭|참돔","조금 전·후","35m~50m","모래","▶감성돔 - 릴찌/ 장대/ 원투 ▶넙치 - 루어/ 원투▶농어 - 루어/ 릴찌 ▶돌돔 - 릴찌/ 장대/ 원투▶붕장어 - 원투 ▶우럭 - 릴찌/ 원투 ▶참돔 - 부력/ 잠수","needs-check","MOF_SHARED_BOAT_FISHING_POINT","https://www.data.go.kr/data/15148435/fileData.do","2026-07-11","114","POINT (792998.1414985961 1602299.02525445)","공식 선상낚시포인트 데이터 기반. 실제 출조 가능 여부는 선사 및 현장 통제를 확인해야 함."
"boat-115","노화도·보길도·소안도 - 토금도부근","boat-fishing-point","전라남도","완도군","전라남도 완도군","34.162444","126.465278","감성돔|돌돔|벵에돔|우럭|볼락|참돔","사리 전·후","30m~33m","펄/ 조개껍질","▶감성돔 - 릴찌/ 장대/ 원투 ▶돌돔 - 릴찌/ 장대/ 원투▶벵에돔 - 목줄/ 장대/ 부력/ 잠수 ▶우럭 - 릴찌/ 원투▶볼락 - 루어/ 릴찌/ 장대 ▶참돔 - 부력/ 잠수","needs-check","MOF_SHARED_BOAT_FISHING_POINT","https://www.data.go.kr/data/15148435/fileData.do","2026-07-11","115","POINT (904625.993183308 1574836.34102365)","공식 선상낚시포인트 데이터 기반. 실제 출조 가능 여부는 선사 및 현장 통제를 확인해야 함."
"boat-116","청산도·대모도 - 대모도마도말앞바다","boat-fishing-point","전라남도","완도군","전라남도 완도군","34.184361","126.728472","감성돔|농어|노래미|우럭|볼락|참돔","4물~사리","31m~35m","펄","▶감성돔 - 릴찌/ 장대/ 원투 ▶농어 - 루어/ 릴찌▶노래미 - 루어/ 릴찌/ 장대/ 원투 ▶우럭 - 릴찌/ 원투▶볼락 - 루어/ 릴찌/ 장대 ▶참돔 - 부력/ 잠수","needs-check","MOF_SHARED_BOAT_FISHING_POINT","https://www.data.go.kr/data/15148435/fileData.do","2026-07-11","116","POINT (928904.574272235 1577051.81597694)","공식 선상낚시포인트 데이터 기반. 실제 출조 가능 여부는 선사 및 현장 통제를 확인해야 함."
"boat-117","거금도 - 형제도부근","boat-fishing-point","전라남도","고흥군","전라남도 고흥군","34.425306","127.120861","감성돔|농어|도다리|돌돔|붕장어|숭어|우럭","날물","7m~11m","펄","▶감성돔 - 릴찌/ 장대/ 원투 ▶농어 - 루어/ 릴찌▶도다리 - 원투 ▶돌돔 - 릴찌/ 장대/ 원투▶붕장어 - 원투 ▶숭어 - 릴찌/ 장대/ 훌치기 ▶우럭 - 릴찌/ 원투","needs-check","MOF_SHARED_BOAT_FISHING_POINT","https://www.data.go.kr/data/15148435/fileData.do","2026-07-11","117","POINT (965162.711975341 1603564.79350244)","공식 선상낚시포인트 데이터 기반. 실제 출조 가능 여부는 선사 및 현장 통제를 확인해야 함."
"boat-118","여서도·거문도 - 거문도배치바위앞바다","boat-fishing-point","전라남도","완도군","전라남도 완도군","34.001306","127.318694","감성돔|돌돔|농어|벵에돔|볼락|참돔","들물/ 날물 전·후","65m~70m","펄/ 모래/ 자갈","▶감성돔 - 릴찌/ 장대/ 원투 ▶돌돔 - 릴찌/ 장대/ 원투▶농어 - 루어/ 릴찌 ▶벵에돔 - 목줄/ 장대/ 부력/ 잠수▶볼락 - 루어/ 릴찌/ 장대 ▶참돔 - 부력/ 잠수","needs-check","MOF_SHARED_BOAT_FISHING_POINT","https://www.data.go.kr/data/15148435/fileData.do","2026-07-11","118","POINT (983257.0664742631 1556500.5295011)","공식 선상낚시포인트 데이터 기반. 실제 출조 가능 여부는 선사 및 현장 통제를 확인해야 함."
"boat-119","나로도 - 외나로도노랑바위앞바다","boat-fishing-point","전라남도","고흥군","전라남도 고흥군","34.404750","127.492000","감성돔|농어|도다리|볼락|숭어|학공치","간조~초들물","24m~28m","펄","▶감성돔 - 릴찌/ 장대/ 원투 ▶농어 - 루어/ 릴찌▶도다리 - 원투 ▶볼락 - 루어/ 릴찌/ 장대▶숭어 - 릴찌/ 장대/ 훌치기 ▶학공치 - 릴찌/ 장대","needs-check","MOF_SHARED_BOAT_FISHING_POINT","https://www.data.go.kr/data/15148435/fileData.do","2026-07-11","119","POINT (999264.739755214 1601220.34591242)","공식 선상낚시포인트 데이터 기반. 실제 출조 가능 여부는 선사 및 현장 통제를 확인해야 함."
"boat-120","사량도 - 농개도부근","boat-fishing-point","경상남도","통영시","경상남도 통영시","34.839444","128.163278","감성돔|농어|벵에돔|우럭|볼락|참돔","조금 전·후","24m~29m","펄/ 모래","▶감성돔 - 릴찌/ 장대/ 원투 ▶농어 - 루어/ 릴찌▶벵에돔 - 목줄/ 장대/ 부력/ 잠수 ▶우럭 - 릴찌/ 원투▶볼락 - 릴찌/ 루어/ 장대 ▶참돔 - 부력/ 잠수","needs-check","MOF_SHARED_BOAT_FISHING_POINT","https://www.data.go.kr/data/15148435/fileData.do","2026-07-11","120","POINT (1060643.65693102 1649623.81311269)","공식 선상낚시포인트 데이터 기반. 실제 출조 가능 여부는 선사 및 현장 통제를 확인해야 함."
"boat-121","사량도 - 죽도부근","boat-fishing-point","경상남도","통영시","경상남도 통영시","34.824417","128.173278","감성돔|농어|벵에돔|우럭|볼락|참돔","조금 전·후","25m~29m","펄/ 모래","▶감성돔 - 릴찌/ 장대/ 원투 ▶농어 - 루어/ 릴찌▶벵에돔 - 목줄/ 장대/ 부력/ 잠수 ▶우럭 - 릴찌/ 원투▶볼락 - 릴찌/ 루어/ 장대 ▶참돔 - 부력/ 잠수","needs-check","MOF_SHARED_BOAT_FISHING_POINT","https://www.data.go.kr/data/15148435/fileData.do","2026-07-11","121","POINT (1061569.15990964 1647963.38894653)","공식 선상낚시포인트 데이터 기반. 실제 출조 가능 여부는 선사 및 현장 통제를 확인해야 함."
"boat-122","욕지도 - 가동서부근","boat-fishing-point","경상남도","통영시","경상남도 통영시","34.612333","128.275667","감성돔|농어|무늬오징어|볼락|벵에돔|참돔","5 물~11물","27m~31m","펄","▶감성돔 - 릴찌/ 장대/ 원투 ▶농어 - 루어/ 릴찌▶무늬오징어 - 릴찌/ 에깅 ▶볼락 - 루어/ 릴찌/ 장대▶벵에돔 - 목줄/ 장대/ 부력/ 잠수 ▶참돔 - 부력/ 잠수","needs-check","MOF_SHARED_BOAT_FISHING_POINT","https://www.data.go.kr/data/15148435/fileData.do","2026-07-11","122","POINT (1071113.84586428 1624512.09453589)","공식 선상낚시포인트 데이터 기반. 실제 출조 가능 여부는 선사 및 현장 통제를 확인해야 함."
"boat-123","미륵도 - 가마도부근","boat-fishing-point","경상남도","통영시","경상남도 통영시","34.765722","128.365472","감성돔|농어|벵에돔|우럭|볼락|참돔","조금 전·후","40m~48m","펄","▶감성돔 - 릴찌/ 장대/ 원투 ▶농어 - 루어/ 릴찌▶벵에돔 - 목줄/ 장대/ 부력/ 잠수 ▶우럭 - 릴찌/ 원투▶볼락 - 루어/ 릴찌/ 장대 ▶참돔 - 부력/ 잠수","needs-check","MOF_SHARED_BOAT_FISHING_POINT","https://www.data.go.kr/data/15148435/fileData.do","2026-07-11","123","POINT (1079201.26721318 1641589.14282263)","공식 선상낚시포인트 데이터 기반. 실제 출조 가능 여부는 선사 및 현장 통제를 확인해야 함."
"boat-124","거제도 북서부 - 화도부근","boat-fishing-point","경상남도","거제시","경상남도 거제시","34.819306","128.465556","감성돔|고등어|돌돔|보리멸|살오징어|볼락|참돔","조금 전·후","16m~18m","펄","▶감성돔 - 릴찌/ 장대/ 원투 ▶고등어 - 루어/ 릴찌/ 장대▶돌돔 - 릴찌/ 장대/ 원투 ▶보리멸 - 원투▶살오징어 - 에깅 ▶볼락 - 루어/ 릴찌/ 장대 ▶참돔 - 부력/ 잠수","needs-check","MOF_SHARED_BOAT_FISHING_POINT","https://www.data.go.kr/data/15148435/fileData.do","2026-07-11","124","POINT (1088303.26352686 1647614.88522768)","공식 선상낚시포인트 데이터 기반. 실제 출조 가능 여부는 선사 및 현장 통제를 확인해야 함."
"boat-125","거제도 북동부 - 지세포항앞바다","boat-fishing-point","경상남도","거제시","경상남도 거제시","34.832889","128.750806","감성돔|농어|벵에돔|우럭|볼락|참돔","조금 전·후","13m~18m","찰흙","▶감성돔 - 릴찌/ 장대/ 원투 ▶농어 - 루어/ 릴찌▶벵에돔 - 목줄/ 장대/ 부력/ 잠수 ▶우럭 - 릴찌/ 원투▶볼락 - 루어/ 릴찌/ 장대 ▶참돔 - 부력/ 잠수","needs-check","MOF_SHARED_BOAT_FISHING_POINT","https://www.data.go.kr/data/15148435/fileData.do","2026-07-11","125","POINT (1114372.82712541 1649409.45784915)","공식 선상낚시포인트 데이터 기반. 실제 출조 가능 여부는 선사 및 현장 통제를 확인해야 함."
"boat-126","거제도 남부 - 대덕도부근","boat-fishing-point","경상남도","거제시","경상남도 거제시","34.692306","128.544306","감성돔|돌돔|벵에돔|우럭|볼락|참돔","조금 전·후","55m~60m","펄/ 모래","▶감성돔 - 릴찌/ 장대/ 원투 ▶돌돔 - 릴찌/ 장대/ 원투▶벵에돔 - 목줄/ 장대/ 부력/ 잠수 ▶우럭 - 릴찌/ 원투▶볼락 - 루어/ 릴찌/ 장대 ▶참돔 - 부력/ 잠수","needs-check","MOF_SHARED_BOAT_FISHING_POINT","https://www.data.go.kr/data/15148435/fileData.do","2026-07-11","126","POINT (1095651.8400538 1633602.9451231)","공식 선상낚시포인트 데이터 기반. 실제 출조 가능 여부는 선사 및 현장 통제를 확인해야 함."
"boat-127","거제도 남부 - 소병태도부근","boat-fishing-point","경상남도","거제시","경상남도 거제시","34.698111","128.618028","감성돔|돌돔|벵에돔|우럭|볼락|참돔","조금 전·후","47m~52m","조개껍질","▶감성돔 - 릴찌/ 장대/ 원투 ▶돌돔 - 릴찌/ 장대/ 원투▶벵에돔 - 목줄/ 장대/ 부력/ 잠수 ▶우럭 - 릴찌/ 원투▶볼락 - 루어/ 릴찌/ 장대 ▶참돔 - 부력/ 잠수","needs-check","MOF_SHARED_BOAT_FISHING_POINT","https://www.data.go.kr/data/15148435/fileData.do","2026-07-11","127","POINT (1102397.47330529 1634319.30453451)","공식 선상낚시포인트 데이터 기반. 실제 출조 가능 여부는 선사 및 현장 통제를 확인해야 함."
"boat-128","연평도 - 구지둔턱","boat-fishing-point","인천광역시","옹진군","인천광역시 옹진군","37.628583","125.680389","광어|우럭|숭어|간재미|농어|노래미","12물~4물","5.3~15.9","암","▶광어 - 릴찌/ 원투▶우럭 - 릴찌/ 원투▶숭어 - 릴찌/ 장대/ 홀치기▶간재미 - 원투▶농어 - 루어/ 릴찌▶노래미 - 루어/ 릴찌/ 장대/ 원투","needs-check","MOF_SHARED_BOAT_FISHING_POINT","https://www.data.go.kr/data/15148435/fileData.do","2026-07-11","128","POINT (839433.704293541 1960348.81280377)","공식 선상낚시포인트 데이터 기반. 실제 출조 가능 여부는 선사 및 현장 통제를 확인해야 함."
"boat-236","금오도·안도 - 구몽암부근","boat-fishing-point","전라남도","여수시","전라남도 여수시","34.475000","127.766278","감성돔|돌돔|벵에돔|볼락|우럭|참돔|학공치","조금 전·후","30m~35m","펄","▶감성돔 -릴찌/ 장대/ 원투 ▶돌돔 - 릴찌/ 장대/ 원투▶벵에돔 - 목줄/ 장대/ 부력/ 잠수 ▶볼락 - 루어/ 릴찌/ 장대▶우럭 -릴찌/ 원투 ▶참돔 - 부력/ 잠수 ▶학공치 - 릴찌/ 장대","needs-check","MOF_SHARED_BOAT_FISHING_POINT","https://www.data.go.kr/data/15148435/fileData.do","2026-07-11","236","POINT (1024452.49306401 1609042.22049584)","공식 선상낚시포인트 데이터 기반. 실제 출조 가능 여부는 선사 및 현장 통제를 확인해야 함."
"boat-129","영종도·용유도 - 영종도북측수문북서측해상","boat-fishing-point","인천광역시","중구","인천광역시 중구","37.475917","126.354778","숭어|우럭|노래미|삼치|붕장어","조금 전후","20.2~26","모래/ 펄","▶숭어 - 릴찌/ 장대/ 홀치기▶우럭 - 릴찌/ 원투▶노래미 - 루어/ 릴찌/ 장대/ 원투▶삼치 - 루어/ 릴찌▶붕장어 - 원투","needs-check","MOF_SHARED_BOAT_FISHING_POINT","https://www.data.go.kr/data/15148435/fileData.do","2026-07-11","129","POINT (898739.4548031851 1942470.23046188)","공식 선상낚시포인트 데이터 기반. 실제 출조 가능 여부는 선사 및 현장 통제를 확인해야 함."
"boat-130","안면도 북부 - 죽도부근해상","boat-fishing-point","충청남도","태안군","충청남도 태안군","36.521806","126.416139","우럭|노래미|학꽁치|광어|숭어|도다리","초들물~중날물","6.7~9.5","모래/ 펄","▶우럭 - 릴찌/ 원투▶노래미 - 루어/ 릴찌/ 장대/ 원투▶학꽁치 - 릴찌/ 장대▶광어 - 릴찌/ 원투▶숭어 - 릴찌/ 장대/ 홀치기▶도다리 - 원투","needs-check","MOF_SHARED_BOAT_FISHING_POINT","https://www.data.go.kr/data/15148435/fileData.do","2026-07-11","130","POINT (902960.052456881 1836558.10141388)","공식 선상낚시포인트 데이터 기반. 실제 출조 가능 여부는 선사 및 현장 통제를 확인해야 함."
"boat-131","자월도 - 묵통도부근","boat-fishing-point","인천광역시","옹진군","인천광역시 옹진군","37.277861","126.279417","농어|우럭","들물/ 날물","12.5m~14m","모래","▶농어 - 루어/ 릴찌 ▶우럭 - 릴찌/ 원투","needs-check","MOF_SHARED_BOAT_FISHING_POINT","https://www.data.go.kr/data/15148435/fileData.do","2026-07-11","131","POINT (891791.558732992 1920580.27474652)","공식 선상낚시포인트 데이터 기반. 실제 출조 가능 여부는 선사 및 현장 통제를 확인해야 함."
"boat-132","흑산도·삼태도 - 대장도/소장도부근","boat-fishing-point","전라남도","신안군","전라남도 신안군","34.684750","125.370750","감성돔|넙치|농어|돌돔|붕장어|우럭|참돔","조금 전·후","30m~45m","펄/ 모래","▶감성돔 - 릴찌/ 장대/ 원투 ▶넙치 - 루어/ 원투▶농어 - 루어/ 릴찌 ▶돌돔 - 릴찌/ 장대/ 원투▶붕장어 - 원투 ▶우럭 - 릴찌/ 원투 ▶참돔 - 부력/ 잠수","needs-check","MOF_SHARED_BOAT_FISHING_POINT","https://www.data.go.kr/data/15148435/fileData.do","2026-07-11","132","POINT (804944.224554391 1634331.97809192)","공식 선상낚시포인트 데이터 기반. 실제 출조 가능 여부는 선사 및 현장 통제를 확인해야 함."
"boat-133","문갑도·선갑도 - 문갑도감증탄부근","boat-fishing-point","인천광역시","옹진군","인천광역시 옹진군","37.203639","126.089333","넙치|노래미|농어|우럭","조금 전·후","14.5m~18m","가는 모래","▶넙치 - 루어/ 원투 ▶노래미 - 루어/ 릴찌/ 장대/ 원투 ▶농어 - 루어/ 릴찌 ▶우럭 - 릴찌/ 원투","needs-check","MOF_SHARED_BOAT_FISHING_POINT","https://www.data.go.kr/data/15148435/fileData.do","2026-07-11","133","POINT (874816.510873455 1912579.97110564)","공식 선상낚시포인트 데이터 기반. 실제 출조 가능 여부는 선사 및 현장 통제를 확인해야 함."
"boat-134","거제도 북동부 - 망와도부근","boat-fishing-point","경상남도","거제시","경상남도 거제시","35.041250","128.724583","감성돔|농어|벵에돔|우럭|볼락|참돔","조금 전·후","32m~46m","펄","▶감성돔 - 릴찌/ 장대/ 원투 ▶농어 - 루어/ 릴찌▶벵에돔 - 목줄/ 장대/ 부력/ 잠수 ▶우럭 - 릴찌/ 원투▶볼락 - 루어/ 릴찌/ 장대 ▶참돔 - 부력/ 잠수","needs-check","MOF_SHARED_BOAT_FISHING_POINT","https://www.data.go.kr/data/15148435/fileData.do","2026-07-11","134","POINT (1111692.06662031 1672487.91341975)","공식 선상낚시포인트 데이터 기반. 실제 출조 가능 여부는 선사 및 현장 통제를 확인해야 함."
"boat-135","욕지도 - 모도부근","boat-fishing-point","경상남도","통영시","경상남도 통영시","34.658833","128.252750","감성돔|농어|무늬오징어|볼락|벵에돔|참돔","5 물~11물","37m~46m","펄/ 모래/ 조개껍질","▶감성돔 - 릴찌/ 장대/ 원투 ▶농어 - 루어/ 릴찌▶무늬오징어 - 릴찌/ 에깅 ▶볼락 - 루어/ 릴찌/ 장대▶벵에돔 - 목줄/ 장대/ 부력/ 잠수 ▶참돔 - 부력/ 잠수","needs-check","MOF_SHARED_BOAT_FISHING_POINT","https://www.data.go.kr/data/15148435/fileData.do","2026-07-11","135","POINT (1068974.27142038 1629652.69806733)","공식 선상낚시포인트 데이터 기반. 실제 출조 가능 여부는 선사 및 현장 통제를 확인해야 함."
"boat-136","금오도·안도 - 용두앞바다","boat-fishing-point","전라남도","여수시","전라남도 여수시","34.549889","127.691917","감성돔|돌돔|벵에돔|볼락|우럭|참돔|학공치","조금 전·후","30m~45m","펄","▶감성돔 -릴찌/ 장대/ 원투 ▶돌돔 - 릴찌/ 장대/ 원투▶벵에돔 - 목줄/ 장대/ 부력/ 잠수 ▶볼락 - 루어/ 릴찌/ 장대▶우럭 -릴찌/ 원투 ▶참돔 - 부력/ 잠수 ▶학공치 - 릴찌/ 장대","needs-check","MOF_SHARED_BOAT_FISHING_POINT","https://www.data.go.kr/data/15148435/fileData.do","2026-07-11","136","POINT (1017608.08557125 1617331.00872377)","공식 선상낚시포인트 데이터 기반. 실제 출조 가능 여부는 선사 및 현장 통제를 확인해야 함."
"boat-137","이작도·승봉도 - 벌도와동백도사이","boat-fishing-point","인천광역시","옹진군","인천광역시 옹진군","37.194528","126.210611","노래미|숭어|농어|넙치|우럭","","20m~27m","가는 모래","▶노래미 - 루어/ 릴찌/ 장대/ 원투 ▶숭어 - 릴찌/ 장대/ 훌치기▶농어 - 루어/ 릴찌 ▶넙치 - 루어/ 원투 ▶우럭 - 릴찌/ 원투","needs-check","MOF_SHARED_BOAT_FISHING_POINT","https://www.data.go.kr/data/15148435/fileData.do","2026-07-11","137","POINT (885565.5433808521 1911415.77622533)","공식 선상낚시포인트 데이터 기반. 실제 출조 가능 여부는 선사 및 현장 통제를 확인해야 함."
"boat-138","미륵도 - 태도부근","boat-fishing-point","경상남도","통영시","경상남도 통영시","34.839722","128.316928","감성돔|농어|벵에돔|우럭|볼락|참돔","조금 전·후","12m~17m","펄","▶감성돔 - 릴찌/ 장대/ 원투 ▶농어 - 루어/ 릴찌▶벵에돔 - 목줄/ 장대/ 부력/ 잠수 ▶우럭 - 릴찌/ 원투▶볼락 - 루어/ 릴찌/ 장대 ▶참돔 - 부력/ 잠수","needs-check","MOF_SHARED_BOAT_FISHING_POINT","https://www.data.go.kr/data/15148435/fileData.do","2026-07-11","138","POINT (1074691.96646141 1649758.29313841)","공식 선상낚시포인트 데이터 기반. 실제 출조 가능 여부는 선사 및 현장 통제를 확인해야 함."
"boat-139","비진도·매물도 - 비진도춘복도부근","boat-fishing-point","경상남도","통영시","경상남도 통영시","34.720889","128.455528","감성돔|농어|노래미|우럭|볼락|참돔","조금 전·후","13m~17m","펄/ 모래","▶감성돔 - 릴찌/ 장대/ 원투 ▶농어 - 루어/ 릴찌▶노래미 - 루어/ 릴찌/ 장대/ 원투 ▶우럭 - 릴찌/ 원투▶볼락 - 루어/ 릴찌/ 장대 ▶참돔 - 부력/ 잠수","needs-check","MOF_SHARED_BOAT_FISHING_POINT","https://www.data.go.kr/data/15148435/fileData.do","2026-07-11","139","POINT (1087489.96893925 1636691.94932381)","공식 선상낚시포인트 데이터 기반. 실제 출조 가능 여부는 선사 및 현장 통제를 확인해야 함."
"boat-140","낭도 부근 - 홍도남측해상","boat-fishing-point","전라남도","고흥군","전라남도 고흥군","34.622277","127.553978","감성돔|붕장어|농어|숭어","5물~8물/ 조금 전후","8.3~12.8m","펄/ 조개껍질","▶ 감성돔 - 릴찌/ 장대/ 원투▶ 붕장어 - 원투▶ 농어 - 루어/ 릴찌▶ 숭어 - 릴찌/ 장대/ 훌치기","needs-check","MOF_SHARED_BOAT_FISHING_POINT","https://www.data.go.kr/data/15148435/fileData.do","2026-07-11","140","POINT (1004948.09103915 1625342.65223215)","공식 선상낚시포인트 데이터 기반. 실제 출조 가능 여부는 선사 및 현장 통제를 확인해야 함."
"boat-141","노화도·보길도·소안도 - 예작도부근","boat-fishing-point","전라남도","완도군","전라남도 완도군","34.127028","126.583083","감성돔|돌돔|벵에돔|우럭|볼락|참돔","사리 전·후","9.1m~12m","펄/ 모래","▶감성돔 - 릴찌/ 장대/ 원투 ▶돌돔 - 릴찌/ 장대/ 원투▶벵에돔 - 목줄/ 장대/ 부력/ 잠수 ▶우럭 - 릴찌/ 원투▶볼락 - 루어/ 릴찌/ 장대 ▶참돔 - 부력/ 잠수","needs-check","MOF_SHARED_BOAT_FISHING_POINT","https://www.data.go.kr/data/15148435/fileData.do","2026-07-11","141","POINT (915449.631746103 1570805.26954824)","공식 선상낚시포인트 데이터 기반. 실제 출조 가능 여부는 선사 및 현장 통제를 확인해야 함."
"boat-142","남해도 북부 - 차면리방파제북측입표부근","boat-fishing-point","경상남도","남해군","경상남도 남해군","34.933306","127.855500","참돔|농어|노래미|볼락|우럭","초들물~중날","3.3~8.5","펄/ 조개껍질","▶참돔 - 부력/ 잠수▶농어 - 루어/ 릴찌▶노래미 - 루어/ 릴찌/ 장대/ 원투▶볼락 - 릴찌/ 장대/ 루어▶우럭 - 릴찌/ 원투","needs-check","MOF_SHARED_BOAT_FISHING_POINT","https://www.data.go.kr/data/15148435/fileData.do","2026-07-11","142","POINT (1032466.33517594 1659889.60112563)","공식 선상낚시포인트 데이터 기반. 실제 출조 가능 여부는 선사 및 현장 통제를 확인해야 함."
"boat-143","추도 부근 - 대항승선장부근해상","boat-fishing-point","경상남도","통영시","경상남도 통영시","34.758680","28.300338","볼락|우럭|주꾸미|광어|감성돔|벵에돔|참돔","6물~8물","21~23.5m","암","▶ 볼락 - 릴찌/ 장대/ 루어▶ 우럭 - 릴찌/ 원투▶ 주꾸미 - 릴찌/ 원투▶ 광어 - 릴찌/ 원투▶ 감성돔 - 릴찌/ 장대/ 원투▶ 벵에돔 - 목줄/ 장대/ 부력/ 잠수▶ 참돔 - 부력/ 잠수","needs-check","MOF_SHARED_BOAT_FISHING_POINT","https://www.data.go.kr/data/15148435/fileData.do","2026-07-11","143","POINT (1073243.27558075 1640760.96774243)","공식 선상낚시포인트 데이터 기반. 실제 출조 가능 여부는 선사 및 현장 통제를 확인해야 함."
"boat-144","무의도 - 소무의도동측해상","boat-fishing-point","인천광역시","중구","인천광역시 중구","37.369389","126.447361","숭어|노래미|붕장어|우럭|삼치|주꾸미","중들물~중날물","0.8~2.1","펄/ 모래","▶숭어 - 릴찌/ 장대/ 홀치기▶노래미 - 루어/ 릴찌/ 장대/ 원투▶붕장어 - 원투▶우럭 - 릴찌/ 원투▶삼치 - 루어/ 릴찌▶주꾸미 - 릴찌/ 원투","needs-check","MOF_SHARED_BOAT_FISHING_POINT","https://www.data.go.kr/data/15148435/fileData.do","2026-07-11","144","POINT (906793.9558924971 1930555.84072146)","공식 선상낚시포인트 데이터 기반. 실제 출조 가능 여부는 선사 및 현장 통제를 확인해야 함."
"boat-145","남해도 북부 - 서상리앞바다","boat-fishing-point","경상남도","남해군","경상남도 남해군","34.809194","127.811528","참돔|농어|노래미|볼락|우럭","초들물~중날","13.0~17.6","암","▶참돔 - 부력/ 잠수▶농어 - 루어/ 릴찌▶노래미 - 루어/ 릴찌/ 장대/ 원투▶볼락 - 릴찌/ 장대/ 루어▶우럭 - 릴찌/ 원투","needs-check","MOF_SHARED_BOAT_FISHING_POINT","https://www.data.go.kr/data/15148435/fileData.do","2026-07-11","145","POINT (1028493.30762455 1646112.98530074)","공식 선상낚시포인트 데이터 기반. 실제 출조 가능 여부는 선사 및 현장 통제를 확인해야 함."
"boat-146","제주도 북부 - 달서등대부근해상","boat-fishing-point","제주특별자치도","제주시","제주특별자치도 제주시","33.560111","126.701722","참돔|돌돔|한치|벵에돔|노래미","들물/썰물","5.5~8.0","펄/ 모래","▶참돔 - 릴찌/ 장대/ 원투/ 부력/ 잠수▶돌돔 - 민장대/ 릴찌/ 원투▶한치 - 루어/ 원투▶벵에돔 - 목줄/ 장대/ 부력/ 잠수▶노래미 - 루어/ 릴찌/ 장대/ 원투","needs-check","MOF_SHARED_BOAT_FISHING_POINT","https://www.data.go.kr/data/15148435/fileData.do","2026-07-11","146","POINT (925902.017541964 1507854.05880397)","공식 선상낚시포인트 데이터 기반. 실제 출조 가능 여부는 선사 및 현장 통제를 확인해야 함."
"boat-147","여서도·거문도 - 거문도반여부근","boat-fishing-point","전라남도","완도군","전라남도 완도군","34.072167","127.309194","감성돔|돌돔|농어|벵에돔|볼락|참돔","들물/ 날물 전·후","35m~50m","침니/ 모래","▶감성돔 - 릴찌/ 장대/ 원투 ▶돌돔 - 릴찌/ 장대/ 원투▶농어 - 루어/ 릴찌 ▶벵에돔 - 목줄/ 장대/ 부력/ 잠수▶볼락 - 루어/ 릴찌/ 장대 ▶참돔 - 부력/ 잠수","needs-check","MOF_SHARED_BOAT_FISHING_POINT","https://www.data.go.kr/data/15148435/fileData.do","2026-07-11","147","POINT (982394.419140683 1564359.12538468)","공식 선상낚시포인트 데이터 기반. 실제 출조 가능 여부는 선사 및 현장 통제를 확인해야 함."
"boat-148","제주도 남동부 - 비안포구앞해상","boat-fishing-point","제주특별자치도","서귀포시","제주특별자치도 서귀포시","33.270944","126.723972","참돔|돌돔|다금바리|벵에돔|부시리","들물/날물","3.7~10.0","암","▶참돔 - 부력/ 잠수▶돌돔 - 민장대/ 릴찌/ 원투▶다금바리 - 원투▶벵에돔 - 목줄/ 장대/ 부력/ 잠수▶부시리 - 부력/ 잠수/ 지깅","needs-check","MOF_SHARED_BOAT_FISHING_POINT","https://www.data.go.kr/data/15148435/fileData.do","2026-07-11","148","POINT (927728.214217405 1475778.0167404)","공식 선상낚시포인트 데이터 기반. 실제 출조 가능 여부는 선사 및 현장 통제를 확인해야 함."
"boat-149","풍도·난지도 - 소난지도비경도부근","boat-fishing-point","경기도","안산시","경기도 안산시","37.028250","126.429889","넙치|농어|도다리|우럭|붕장어","만조/ 간조 전·후","25m~28m","모래","▶넙치 - 루어/ 원투 ▶농어 - 루어/ 릴찌▶도다리 - 원투 ▶우럭 - 릴찌/ 원투▶붕장어 - 원투","needs-check","MOF_SHARED_BOAT_FISHING_POINT","https://www.data.go.kr/data/15148435/fileData.do","2026-07-11","149","POINT (904819.424532189 1892726.52653002)","공식 선상낚시포인트 데이터 기반. 실제 출조 가능 여부는 선사 및 현장 통제를 확인해야 함."
"boat-150","가덕도 - 동선새바지에서기도원사이해상","boat-fishing-point","부산광역시","강서구","부산광역시 강서구","35.050111","128.852861","볼락|고등어|벵에돔|학꽁치|감성돔","5물~9물","5.0~6.6","암","▶볼락 - 릴찌/ 장대/ 루어▶고등어 - 루어/ 릴찌/ 장대▶벵에돔 - 목줄/ 장대/ 부력/ 잠수▶볼락 - 릴찌/ 장대/ 루어▶학꽁치 - 릴찌/ 장대▶감성돔 - 릴찌/ 장대/ 원투","needs-check","MOF_SHARED_BOAT_FISHING_POINT","https://www.data.go.kr/data/15148435/fileData.do","2026-07-11","150","POINT (1123379.44103423 1673621.81165867)","공식 선상낚시포인트 데이터 기반. 실제 출조 가능 여부는 선사 및 현장 통제를 확인해야 함."
"boat-151","울릉도 - 코끼리바위부근해상","boat-fishing-point","경상북도","울릉군","경상북도 울릉군","37.542972","130.854111","벵에돔|참돔","들물~초썰물","14.2~22.5","암","▶벵에돔 - 목줄/ 장대/ 부력/ 잠수▶참돔 - 부력/ 잠수","needs-check","MOF_SHARED_BOAT_FISHING_POINT","https://www.data.go.kr/data/15148435/fileData.do","2026-07-11","151","POINT (1296344.09176983 1954582.80569864)","공식 선상낚시포인트 데이터 기반. 실제 출조 가능 여부는 선사 및 현장 통제를 확인해야 함."
"boat-152","제주도 북부 - 함덕서우봉해변앞해상","boat-fishing-point","제주특별자치도","제주시","제주특별자치도 제주시","33.552611","126.665194","참돔|돌돔|한치|벵에돔|노래미","들물/썰물","6.8~10.0","암","▶참돔 - 릴찌/ 장대/ 원투/ 부력/ 잠수▶돌돔 - 민장대/ 릴찌/ 원투▶한치 - 루어/ 원투▶벵에돔 - 목줄/ 장대/ 부력/ 잠수▶노래미 - 루어/ 릴찌/ 장대/ 원투","needs-check","MOF_SHARED_BOAT_FISHING_POINT","https://www.data.go.kr/data/15148435/fileData.do","2026-07-11","152","POINT (922504.633451742 1507049.21363815)","공식 선상낚시포인트 데이터 기반. 실제 출조 가능 여부는 선사 및 현장 통제를 확인해야 함."
"boat-193","수영만 부근 - 광안대교인근해상","boat-fishing-point","부산광역시","남구","부산광역시 남구","35.151288","129.138452","도다리|붕장어|학꽁치|무늬오징어|망상어","6물~8물","8.2~9.7m","펄/모래","▶ 도다리 - 원투▶ 붕장어 - 원투▶ 학꽁치 - 릴찌/ 장대▶ 무늬오징어 - 에깅▶ 망상어 - 민장대/ 릴찌","needs-check","MOF_SHARED_BOAT_FISHING_POINT","https://www.data.go.kr/data/15148435/fileData.do","2026-07-11","193","POINT (1149242.65662999 1685234.22627945)","공식 선상낚시포인트 데이터 기반. 실제 출조 가능 여부는 선사 및 현장 통제를 확인해야 함."
"boat-153","제주도 동부 - 성산일출봉앞해상","boat-fishing-point","제주특별자치도","서귀포시","제주특별자치도 서귀포시","33.455806","126.952139","참돔|돌돔|볼락|벵에돔|무늬오징어|독가시치","들물/날물","22.0~48.0","고운모래","▶참돔 - 부력/ 잠수▶돌돔 - 민장대/ 릴찌/ 원투▶볼락 - 루어/ 릴찌/ 장대▶벵에돔 - 목줄/ 장대/ 부력/ 잠수▶무늬오징어 - 에깅▶독가시치 - 목줄/ 장대/ 부력/ 잠수","needs-check","MOF_SHARED_BOAT_FISHING_POINT","https://www.data.go.kr/data/15148435/fileData.do","2026-07-11","153","POINT (949085.5656177581 1496138.62293787)","공식 선상낚시포인트 데이터 기반. 실제 출조 가능 여부는 선사 및 현장 통제를 확인해야 함."
"boat-154","제주도 동부 - 온평리앞해상","boat-fishing-point","제주특별자치도","서귀포시","제주특별자치도 서귀포시","33.395472","126.917889","참돔|돌돔|볼락|벵에돔|무늬오징어|독가시치","들물/날물","10.3~18.0","조개껍질","▶참돔 - 부력/ 잠수▶돌돔 - 민장대/ 릴찌/ 원투▶볼락 - 루어/ 릴찌/ 장대▶벵에돔 - 목줄/ 장대/ 부력/ 잠수▶무늬오징어 - 에깅▶독가시치 - 목줄/ 장대/ 부력/ 잠수","needs-check","MOF_SHARED_BOAT_FISHING_POINT","https://www.data.go.kr/data/15148435/fileData.do","2026-07-11","154","POINT (945865.127212234 1489466.77214185)","공식 선상낚시포인트 데이터 기반. 실제 출조 가능 여부는 선사 및 현장 통제를 확인해야 함."
"boat-155","노화도·보길도·소안도 - 소안도거망치각앞바다","boat-fishing-point","전라남도","완도군","전라남도 완도군","34.098222","126.660139","감성돔|돌돔|벵에돔|우럭|볼락|참돔","사리 전·후","40m~42m","펄/ 조개껍질","▶감성돔 - 릴찌/ 장대/ 원투 ▶돌돔 - 릴찌/ 장대/ 원투▶벵에돔 - 목줄/ 장대/ 부력/ 잠수 ▶우럭 - 릴찌/ 원투▶볼락 - 루어/ 릴찌/ 장대 ▶참돔 - 부력/ 잠수","needs-check","MOF_SHARED_BOAT_FISHING_POINT","https://www.data.go.kr/data/15148435/fileData.do","2026-07-11","155","POINT (922528.99220498 1567550.05876082)","공식 선상낚시포인트 데이터 기반. 실제 출조 가능 여부는 선사 및 현장 통제를 확인해야 함."
"boat-156","신지도 - 모황도부근","boat-fishing-point","전라남도","완도군","전라남도 완도군","34.289333","126.914361","감성돔|돌돔|볼락|붕장어|우럭|참돔|학공치","사리 전·후","25.5m~33m","펄/ 조개껍질","▶감성돔 - 릴찌/ 장대/ 원투 ▶돌돔 - 릴찌/ 장대/ 원투▶볼락 - 루어/ 릴찌/ 장대 ▶붕장어 - 원투▶우럭 - 릴찌/ 원투 ▶참돔 - 부력/ 잠수 ▶학공치 - 릴찌/ 장대","needs-check","MOF_SHARED_BOAT_FISHING_POINT","https://www.data.go.kr/data/15148435/fileData.do","2026-07-11","156","POINT (946101.224872604 1588577.60931842)","공식 선상낚시포인트 데이터 기반. 실제 출조 가능 여부는 선사 및 현장 통제를 확인해야 함."
"boat-157","여서도·거문도 - 거문도오지여앞바다","boat-fishing-point","전라남도","완도군","전라남도 완도군","34.030417","127.341139","감성돔|돌돔|농어|벵에돔|볼락|참돔","들물/ 날물 전·후","31m~48m","자갈/ 조개껍질","▶감성돔 - 릴찌/ 장대/ 원투 ▶돌돔 - 릴찌/ 장대/ 원투▶농어 - 루어/ 릴찌 ▶벵에돔 - 목줄/ 장대/ 부력/ 잠수▶볼락 - 루어/ 릴찌/ 장대 ▶참돔 - 부력/ 잠수","needs-check","MOF_SHARED_BOAT_FISHING_POINT","https://www.data.go.kr/data/15148435/fileData.do","2026-07-11","157","POINT (985334.745726421 1559724.88396471)","공식 선상낚시포인트 데이터 기반. 실제 출조 가능 여부는 선사 및 현장 통제를 확인해야 함."
"boat-158","금오도·안도 - 문서부근","boat-fishing-point","전라남도","여수시","전라남도 여수시","34.551944","127.771250","감성돔|돌돔|벵에돔|볼락|우럭|참돔|학공치","조금 전·후","25m~30m","펄/ 모래","▶감성돔 -릴찌/ 장대/ 원투 ▶돌돔 - 릴찌/ 장대/ 원투▶벵에돔 - 목줄/ 장대/ 부력/ 잠수 ▶볼락 - 루어/ 릴찌/ 장대▶우럭 -릴찌/ 원투 ▶참돔 - 부력/ 잠수 ▶학공치 - 릴찌/ 장대","needs-check","MOF_SHARED_BOAT_FISHING_POINT","https://www.data.go.kr/data/15148435/fileData.do","2026-07-11","158","POINT (1024886.20825458 1617575.6302688)","공식 선상낚시포인트 데이터 기반. 실제 출조 가능 여부는 선사 및 현장 통제를 확인해야 함."
"boat-159","비진도·매물도 - 비진도소장서(노루여)부근","boat-fishing-point","경상남도","통영시","경상남도 통영시","34.700278","128.455139","감성돔|농어|돌돔|볼락|우럭|참돔","조금 전·후","39m~52m","펄","▶감성돔 - 릴찌/ 장대/ 원투 ▶농어 - 루어/ 릴찌▶돌돔 - 릴찌/ 장대/ 원투 ▶볼락 - 루어/ 릴찌/ 장대▶우럭 - 릴찌/ 원투 ▶참돔 - 부력/ 잠수","needs-check","MOF_SHARED_BOAT_FISHING_POINT","https://www.data.go.kr/data/15148435/fileData.do","2026-07-11","159","POINT (1087476.05858133 1634405.91375052)","공식 선상낚시포인트 데이터 기반. 실제 출조 가능 여부는 선사 및 현장 통제를 확인해야 함."
"boat-160","안면도 북부 - 방포항방파제앞해상","boat-fishing-point","충청남도","태안군","충청남도 태안군","36.502750","126.326750","우럭|노래미|학꽁치|광어|숭어|도다리","초들물~중날물","0.6~1.2","모래/ 펄","▶우럭 - 릴찌/ 원투▶노래미 - 루어/ 릴찌/ 장대/ 원투▶학꽁치 - 릴찌/ 장대▶광어 - 릴찌/ 원투▶숭어 - 릴찌/ 장대/ 홀치기▶도다리 - 원투","needs-check","MOF_SHARED_BOAT_FISHING_POINT","https://www.data.go.kr/data/15148435/fileData.do","2026-07-11","160","POINT (894930.8355347791 1834538.08010716)","공식 선상낚시포인트 데이터 기반. 실제 출조 가능 여부는 선사 및 현장 통제를 확인해야 함."
"boat-161","가의도 - 선착장서축갯바위앞해상","boat-fishing-point","충청남도","태안군","충청남도 태안군","36.682500","126.059556","우럭|노래미|고등어|광어|주꾸미|학꽁치","상관없음","19.8~21.1","펄/ 모래","▶우럭 - 릴찌/ 원투▶노래미 - 루어/ 릴찌/ 장대/ 원투▶고등어 - 루어/ 릴찌/ 장대▶광어 - 릴찌/ 원투▶주꾸미 - 릴찌/ 원투/ 장대▶학꽁치 - 릴찌/ 장대","needs-check","MOF_SHARED_BOAT_FISHING_POINT","https://www.data.go.kr/data/15148435/fileData.do","2026-07-11","161","POINT (871300.084953702 1854803.53970749)","공식 선상낚시포인트 데이터 기반. 실제 출조 가능 여부는 선사 및 현장 통제를 확인해야 함."
"boat-162","송이도 - 큰내기앞바다","boat-fishing-point","전라남도","영광군","전라남도 영광군","35.295278","126.136389","감성돔|민어|숭어|농어|붕장어|우럭","들물/날물","2.0~2.9","암","▶감성돔 - 릴찌/ 장대/ 원투▶민어 - 루어/ 지깅/ 원투▶숭어 - 릴찌/ 장대/ 홀치기▶농어 - 루어/ 릴찌▶붕장어 - 원투▶우럭 - 릴찌/ 원투","needs-check","MOF_SHARED_BOAT_FISHING_POINT","https://www.data.go.kr/data/15148435/fileData.do","2026-07-11","162","POINT (876012.960228493 1700826.60213964)","공식 선상낚시포인트 데이터 기반. 실제 출조 가능 여부는 선사 및 현장 통제를 확인해야 함."
"boat-163","완도 - 대야리앞해상","boat-fishing-point","전라남도","완도군","전라남도 완도군","34.370278","126.745667","숭어|우럭|농어|감성돔|참돔|붕장어","초들물~중날물","10.9~18.2","펄","▶숭어 - 릴찌/ 장대/ 홀치기▶우럭 - 릴찌/ 원투▶농어 - 루어/ 릴찌▶감성돔 - 릴찌/ 장대/ 원투▶참돔 - 부력/ 잠수▶붕장어 - 원투","needs-check","MOF_SHARED_BOAT_FISHING_POINT","https://www.data.go.kr/data/15148435/fileData.do","2026-07-11","163","POINT (930641.933632571 1597655.62421484)","공식 선상낚시포인트 데이터 기반. 실제 출조 가능 여부는 선사 및 현장 통제를 확인해야 함."
"boat-164","초 도 - 외항도내항도사이","boat-fishing-point","전라남도","여수시","전라남도 여수시","34.214083","127.214722","참돔|뱅어돔|볼락|감성돔|돌돔|농어","초들물~중날물","29.5~37","펄","▶참돔 - 부력/ 잠수▶뱅어돔 - 목줄/ 장대/ 부력/ 잠수▶볼락 - 릴찌/ 장대/ 루어▶감성돔 - 릴찌/ 장대/ 원투▶돌돔 - 민장대/ 릴찌/ 원투▶농어 - 루어/ 릴찌","needs-check","MOF_SHARED_BOAT_FISHING_POINT","https://www.data.go.kr/data/15148435/fileData.do","2026-07-11","164","POINT (973721.4473232891 1580115.29253781)","공식 선상낚시포인트 데이터 기반. 실제 출조 가능 여부는 선사 및 현장 통제를 확인해야 함."
"boat-165","남해도 북부 - 와도부근해상","boat-fishing-point","경상남도","남해군","경상남도 남해군","34.939306","127.858389","참돔|농어|노래미|볼락|우럭","초들물~중날","3.3~8.5","펄/ 조개껍질","▶참돔 - 부력/ 잠수▶농어 - 루어/ 릴찌▶노래미 - 루어/ 릴찌/ 장대/ 원투▶볼락 - 릴찌/ 장대/ 루어▶우럭 - 릴찌/ 원투","needs-check","MOF_SHARED_BOAT_FISHING_POINT","https://www.data.go.kr/data/15148435/fileData.do","2026-07-11","165","POINT (1032727.78413365 1660555.91703812)","공식 선상낚시포인트 데이터 기반. 실제 출조 가능 여부는 선사 및 현장 통제를 확인해야 함."
"boat-166","남해도 북부 - 상돈도장도사이해상","boat-fishing-point","경상남도","남해군","경상남도 남해군","34.920750","127.937750","참돔|농어|노래미|볼락|우럭","초들물~중날","2.3~3.7","펄/ 조개껍질","▶참돔 - 부력/ 잠수▶농어 - 루어/ 릴찌▶노래미 - 루어/ 릴찌/ 장대/ 원투▶볼락 - 릴찌/ 장대/ 루어▶우럭 - 릴찌/ 원투","needs-check","MOF_SHARED_BOAT_FISHING_POINT","https://www.data.go.kr/data/15148435/fileData.do","2026-07-11","166","POINT (1039984.0219397 1658527.01581842)","공식 선상낚시포인트 데이터 기반. 실제 출조 가능 여부는 선사 및 현장 통제를 확인해야 함."
"boat-167","추자도 - 다무레미남측해상","boat-fishing-point","제주특별자치도","제주시","제주특별자치도 제주시","33.962639","126.284583","감성돔|돌돔|자리돔|농어|볼락|참돔","들물/썰물","9.3~19.6","암","▶감성돔 - 릴찌/ 장대/ 원투▶돌돔 - 민장대/ 릴찌/ 원투▶자리돔 - 장대/ 카드▶농어 - 루어/ 릴찌▶볼락 - 루어/ 릴찌/ 장대▶참돔 - 부력/ 잠수","needs-check","MOF_SHARED_BOAT_FISHING_POINT","https://www.data.go.kr/data/15148435/fileData.do","2026-07-11","167","POINT (887706.5955345529 1552863.88223419)","공식 선상낚시포인트 데이터 기반. 실제 출조 가능 여부는 선사 및 현장 통제를 확인해야 함."
"boat-168","제주도 북동부·우도 - 독진곶앞해상","boat-fishing-point","제주특별자치도","제주시","제주특별자치도 제주시","33.529861","126.947167","참돔|돌돔|볼락|벵에돔|무늬오징어|독가시치","들물/날물","27.0~44.9","암","▶참돔 - 부력/ 잠수▶돌돔 - 민장대/ 릴찌/ 원투▶볼락 - 루어/ 릴찌/ 장대▶벵에돔 - 목줄/ 장대/ 부력/ 잠수▶무늬오징어 - 에깅▶독가시치 - 목줄/ 장대/ 부력/ 잠수","needs-check","MOF_SHARED_BOAT_FISHING_POINT","https://www.data.go.kr/data/15148435/fileData.do","2026-07-11","168","POINT (948667.196739058 1504351.67752961)","공식 선상낚시포인트 데이터 기반. 실제 출조 가능 여부는 선사 및 현장 통제를 확인해야 함."
"boat-169","제주도 남서부·가파도·마라도 - 형제도부근해상","boat-fishing-point","제주특별자치도","서귀포시","제주특별자치도 서귀포시","33.212667","126.309972","벵에돔|농어|자리돔|볼락|한치|참돔|부시리","들물/썰물","4.2~9.5","암","▶벵에돔 - 목줄/ 장대/ 잠수▶농어 - 루어/ 릴찌▶자리돔 - 민장대/ 릴찌▶볼락 - 루어/ 릴찌/ 장대▶한치 - 루어/ 원투▶참돔 - 부력/ 잠수▶부시리 - 부력/ 잠수/ 지깅","needs-check","MOF_SHARED_BOAT_FISHING_POINT","https://www.data.go.kr/data/15148435/fileData.do","2026-07-11","169","POINT (889096.8091479191 1469679.48390067)","공식 선상낚시포인트 데이터 기반. 실제 출조 가능 여부는 선사 및 현장 통제를 확인해야 함."
"boat-170","독거군도 부근 - 제주섬해상","boat-fishing-point","전라남도","진도군","전라남도 진도군","34.225163","126.172561","참돔|감성돔|돌돔|광어|농어","1물~4물","27.5~29m","암","▶ 참돔 - 부력/ 잠수▶ 감성돔 - 릴찌/ 장대/ 원투▶ 돌돔 - 릴찌/ 장대/ 원투▶ 광어 - 릴찌/ 원투▶ 농어 - 루어/ 릴찌","needs-check","MOF_SHARED_BOAT_FISHING_POINT","https://www.data.go.kr/data/15148435/fileData.do","2026-07-11","170","POINT (877734.1864191231 1582103.71844975)","공식 선상낚시포인트 데이터 기반. 실제 출조 가능 여부는 선사 및 현장 통제를 확인해야 함."
"boat-171","황제도 - 대마도해상","boat-fishing-point","전라남도","완도군","전라남도 완도군","34.203401","127.141239","감성돔|참돔|돌돔|농어|광어|볼락","조금 전후/ 2~3물","23~27m","암","▶ 감성돔 - 릴찌/ 장대/ 원투▶ 참돔 - 부력/ 잠수▶ 돌돔 - 릴찌/ 장대/ 원투▶ 농어 - 루어/ 릴찌▶ 광어 - 릴찌/ 원투▶ 볼락 - 릴찌/ 장대/ 루어","needs-check","MOF_SHARED_BOAT_FISHING_POINT","https://www.data.go.kr/data/15148435/fileData.do","2026-07-11","171","POINT (966948.313222768 1578952.24291462)","공식 선상낚시포인트 데이터 기반. 실제 출조 가능 여부는 선사 및 현장 통제를 확인해야 함."
"boat-172","홍도 - 방구서부근","boat-fishing-point","전라남도","신안군","전라남도 신안군","34.672882","125.195627","참돔|돌돔|감성돔|우럭|농어","조금 전후","3.5~4.7m","암","▶ 참돔 - 부력/ 잠수▶ 돌돔 - 릴찌/ 장대/ 원투▶ 감성돔 - 릴찌/ 장대/ 원투▶ 우럭 - 릴찌/ 원투▶ 농어 - 루어/ 릴찌","needs-check","MOF_SHARED_BOAT_FISHING_POINT","https://www.data.go.kr/data/15148435/fileData.do","2026-07-11","172","POINT (788868.497148567 1633369.00611774)","공식 선상낚시포인트 데이터 기반. 실제 출조 가능 여부는 선사 및 현장 통제를 확인해야 함."
"boat-173","홍도 - 상연서부근","boat-fishing-point","전라남도","신안군","전라남도 신안군","34.672721","125.175868","참돔|돌돔|감성돔|우럭|농어","조금 전후","23.5~33m","암","▶ 참돔 - 부력/ 잠수▶ 돌돔 - 릴찌/ 장대/ 원투▶ 감성돔 - 릴찌/ 장대/ 원투▶ 우럭 - 릴찌/ 원투▶ 농어 - 루어/ 릴찌","needs-check","MOF_SHARED_BOAT_FISHING_POINT","https://www.data.go.kr/data/15148435/fileData.do","2026-07-11","173","POINT (787057.364217521 1633392.82752902)","공식 선상낚시포인트 데이터 기반. 실제 출조 가능 여부는 선사 및 현장 통제를 확인해야 함."
"boat-174","홍도 - 거북바위인근","boat-fishing-point","전라남도","신안군","전라남도 신안군","34.695054","125.189510","참돔|돌돔|감성돔|우럭|농어","조금 전후","28~31m","암","▶ 참돔 - 부력/ 잠수▶ 돌돔 - 릴찌/ 장대/ 원투▶ 감성돔 - 릴찌/ 장대/ 원투▶ 우럭 - 릴찌/ 원투▶ 농어 - 루어/ 릴찌","needs-check","MOF_SHARED_BOAT_FISHING_POINT","https://www.data.go.kr/data/15148435/fileData.do","2026-07-11","174","POINT (788364.412777785 1635841.2227544)","공식 선상낚시포인트 데이터 기반. 실제 출조 가능 여부는 선사 및 현장 통제를 확인해야 함."
"boat-175","홍도 - 흥어굴인근","boat-fishing-point","전라남도","신안군","전라남도 신안군","34.682507","125.209048","참돔|돌돔|감성돔|우럭|농어","조금 전후","5.5~9.4m","펄/모래/조개껍질","▶ 참돔 - 부력/ 잠수▶ 돌돔 - 릴찌/ 장대/ 원투▶ 감성돔 - 릴찌/ 장대/ 원투▶ 우럭 - 릴찌/ 원투▶ 농어 - 루어/ 릴찌","needs-check","MOF_SHARED_BOAT_FISHING_POINT","https://www.data.go.kr/data/15148435/fileData.do","2026-07-11","175","POINT (790122.6561791541 1634408.58712965)","공식 선상낚시포인트 데이터 기반. 실제 출조 가능 여부는 선사 및 현장 통제를 확인해야 함."
"boat-176","만재도 - 백서남측선상","boat-fishing-point","전라남도","신안군","전라남도 신안군","34.221864","125.476000","돌돔|참돔|감성돔|우럭|광어|농어|볼락|문어","조금 전후","37~44m","암","▶ 돌돔 - 릴찌/ 장대/ 원투▶ 참돔 - 부력/ 잠수▶ 감성돔 - 릴찌/ 장대/ 원투▶ 우럭 - 릴찌/ 원투▶ 광어 - 릴찌/ 원투▶ 농어 - 루어/ 릴찌▶ 볼락 - 릴찌/ 장대/ 루어▶ 문어 - 루어","needs-check","MOF_SHARED_BOAT_FISHING_POINT","https://www.data.go.kr/data/15148435/fileData.do","2026-07-11","176","POINT (813560.992281651 1582793.68306154)","공식 선상낚시포인트 데이터 기반. 실제 출조 가능 여부는 선사 및 현장 통제를 확인해야 함."
"boat-177","거차수도 부근 - 동거차선착장해상","boat-fishing-point","전라남도","진도군","전라남도 진도군","34.246265","125.943567","참돔|감성돔|돌돔|우럭|농어|부시리","1물~4물","12.6~19.5m","암","▶ 참돔 - 부력/ 잠수▶ 감성돔 - 릴찌/ 장대/ 원투▶ 돌돔 - 릴찌/ 장대/ 원투▶ 우럭 - 릴찌/ 원투▶ 농어 - 루어/ 릴찌▶ 부시리 - 부력/ 잠수/ 지깅","needs-check","MOF_SHARED_BOAT_FISHING_POINT","https://www.data.go.kr/data/15148435/fileData.do","2026-07-11","177","POINT (856676.396621219 1584742.54016087)","공식 선상낚시포인트 데이터 기반. 실제 출조 가능 여부는 선사 및 현장 통제를 확인해야 함."
"boat-178","독거군도 부근 - 독거동쪽선창해상","boat-fishing-point","전라남도","진도군","전라남도 진도군","34.250672","126.189036","참돔|감성돔|돌돔|광어|농어","1물~4물","27~29m","펄","▶ 참돔 - 부력/ 잠수▶ 감성돔 - 릴찌/ 장대/ 원투▶ 돌돔 - 릴찌/ 장대/ 원투▶ 광어 - 릴찌/ 원투▶ 농어 - 루어/ 릴찌","needs-check","MOF_SHARED_BOAT_FISHING_POINT","https://www.data.go.kr/data/15148435/fileData.do","2026-07-11","178","POINT (879288.1619252521 1584912.82144956)","공식 선상낚시포인트 데이터 기반. 실제 출조 가능 여부는 선사 및 현장 통제를 확인해야 함."
"boat-179","추자군도 - 횡간도북측해상","boat-fishing-point","제주특별자치도","제주시","제주특별자치도 제주시","34.017153","126.330503","감성돔|벵에돔|참돔|돌돔|볼락|부시리","조금 전후/ 1~4물","40~46m","암","▶ 감성돔 - 릴찌/ 장대/ 원투▶ 벵에돔 - 목줄/ 장대/ 부력/ 잠수▶ 참돔 - 부력/ 잠수▶ 돌돔 - 민장대/ 릴찌/ 원투▶ 볼락 - 릴찌/ 장대/ 루어▶ 부시리 - 부력/ 잠수/ 지깅","needs-check","MOF_SHARED_BOAT_FISHING_POINT","https://www.data.go.kr/data/15148435/fileData.do","2026-07-11","179","POINT (892018.3256602591 1558859.40348236)","공식 선상낚시포인트 데이터 기반. 실제 출조 가능 여부는 선사 및 현장 통제를 확인해야 함."
"boat-180","추자군도 - 곽도앞해상","boat-fishing-point","제주특별자치도","제주시","제주특별자치도 제주시","34.007941","126.354548","감성돔|벵에돔|참돔|돌돔|볼락|부시리","조금 전후/ 1~4물","7.6~16.1m","암","▶ 감성돔 - 릴찌/ 장대/ 원투▶ 벵에돔 - 목줄/ 장대/ 부력/ 잠수▶ 참돔 - 부력/ 잠수▶ 돌돔 - 민장대/ 릴찌/ 원투▶ 볼락 - 릴찌/ 장대/ 루어▶ 부시리 - 부력/ 잠수/ 지깅","needs-check","MOF_SHARED_BOAT_FISHING_POINT","https://www.data.go.kr/data/15148435/fileData.do","2026-07-11","180","POINT (894227.203580235 1557812.88712327)","공식 선상낚시포인트 데이터 기반. 실제 출조 가능 여부는 선사 및 현장 통제를 확인해야 함."
"boat-181","추자군도 - 하추자도동측해상","boat-fishing-point","제주특별자치도","제주시","제주특별자치도 제주시","33.954343","126.361402","감성돔|벵에돔|참돔|돌돔|볼락|부시리","조금 전후/ 1~4물","29~32m","모래/ 조개껍질","▶ 감성돔 - 릴찌/ 장대/ 원투▶ 벵에돔 - 목줄/ 장대/ 부력/ 잠수▶ 참돔 - 부력/ 잠수▶ 돌돔 - 민장대/ 릴찌/ 원투▶ 볼락 - 릴찌/ 장대/ 루어▶ 부시리 - 부력/ 잠수/ 지깅","needs-check","MOF_SHARED_BOAT_FISHING_POINT","https://www.data.go.kr/data/15148435/fileData.do","2026-07-11","181","POINT (894794.113472087 1551862.49682264)","공식 선상낚시포인트 데이터 기반. 실제 출조 가능 여부는 선사 및 현장 통제를 확인해야 함."
"boat-182","추자군도 - 추자교앞해상","boat-fishing-point","제주특별자치도","제주시","제주특별자치도 제주시","33.958472","126.310352","감성돔|벵에돔|참돔|돌돔|볼락|부시리","조금 전후/ 1~4물","12.1~14.6m","모래/ 펄","▶ 감성돔 - 릴찌/ 장대/ 원투▶ 벵에돔 - 목줄/ 장대/ 부력/ 잠수▶ 참돔 - 부력/ 잠수▶ 돌돔 - 민장대/ 릴찌/ 원투▶ 볼락 - 릴찌/ 장대/ 루어▶ 부시리 - 부력/ 잠수/ 지깅","needs-check","MOF_SHARED_BOAT_FISHING_POINT","https://www.data.go.kr/data/15148435/fileData.do","2026-07-11","182","POINT (890082.131689315 1552373.93502163)","공식 선상낚시포인트 데이터 기반. 실제 출조 가능 여부는 선사 및 현장 통제를 확인해야 함."
"boat-183","추자군도 - 상추자도와직구도사이","boat-fishing-point","제주특별자치도","제주시","제주특별자치도 제주시","33.975152","126.257353","감성돔|벵에돔|참돔|돌돔|볼락|부시리","조금 전후/ 1~4물","43~45m","모래/ 펄","▶ 감성돔 - 릴찌/ 장대/ 원투▶ 벵에돔 - 목줄/ 장대/ 부력/ 잠수▶ 참돔 - 부력/ 잠수▶ 돌돔 - 민장대/ 릴찌/ 원투▶ 볼락 - 릴찌/ 장대/ 루어▶ 부시리 - 부력/ 잠수/ 지깅","needs-check","MOF_SHARED_BOAT_FISHING_POINT","https://www.data.go.kr/data/15148435/fileData.do","2026-07-11","183","POINT (885207.461815945 1554281.60646707)","공식 선상낚시포인트 데이터 기반. 실제 출조 가능 여부는 선사 및 현장 통제를 확인해야 함."
"boat-184","낭도 부근 - 상화도서측해상","boat-fishing-point","전라남도","고흥군","전라남도 고흥군","34.595279","127.593576","감성돔|붕장어|농어|숭어","13물~5물/ 조금 전후","8.5~29m","암","▶ 감성돔 - 릴찌/ 장대/ 원투▶ 붕장어 - 원투▶ 농어 - 루어/ 릴찌▶ 숭어 - 릴찌/ 장대/ 훌치기","needs-check","MOF_SHARED_BOAT_FISHING_POINT","https://www.data.go.kr/data/15148435/fileData.do","2026-07-11","184","POINT (1008580.80563606 1622351.54811909)","공식 선상낚시포인트 데이터 기반. 실제 출조 가능 여부는 선사 및 현장 통제를 확인해야 함."
"boat-185","황제도 - 원도해상","boat-fishing-point","전라남도","완도군","전라남도 완도군","34.214574","127.190614","감성돔|참돔|돌돔|농어|광어|볼락","조금 전후/ 2~3물","28.5~41m","펄","▶ 감성돔 - 릴찌/ 장대/ 원투▶ 참돔 - 부력/ 잠수▶ 돌돔 - 릴찌/ 장대/ 원투▶ 농어 - 루어/ 릴찌▶ 광어 - 릴찌/ 원투▶ 볼락 - 릴찌/ 장대/ 루어","needs-check","MOF_SHARED_BOAT_FISHING_POINT","https://www.data.go.kr/data/15148435/fileData.do","2026-07-11","185","POINT (971500.82538629 1580176.22823016)","공식 선상낚시포인트 데이터 기반. 실제 출조 가능 여부는 선사 및 현장 통제를 확인해야 함."
"boat-186","손죽열도 부근 - 손죽방파제해상","boat-fishing-point","전라남도","여수시","전라남도 여수시","34.291054","127.356858","감성돔|참돔|돌돔|우럭|노래미|농어|숭어|삼치|문어","중들물~만조/ 사리를 피한 물때","2.8~6.3m","펄","▶ 감성돔 - 릴찌/ 장대/ 원투▶ 참돔 - 부력/ 잠수▶ 돌돔 - 릴찌/ 장대/ 원투▶ 우럭 - 릴찌/ 원투▶ 노래미 - 루어/ 릴찌/ 장대/ 원투▶ 농어 - 루어/ 릴찌▶ 숭어 - 릴찌/ 장대/ 훌치기▶ 삼치 - 루어/ 릴찌▶ 문어 - 루어","needs-check","MOF_SHARED_BOAT_FISHING_POINT","https://www.data.go.kr/data/15148435/fileData.do","2026-07-11","186","POINT (986826.378018578 1588622.44187185)","공식 선상낚시포인트 데이터 기반. 실제 출조 가능 여부는 선사 및 현장 통제를 확인해야 함."
"boat-187","손죽열도 부근 - 소거문도동쪽해상","boat-fishing-point","전라남도","여수시","전라남도 여수시","34.282571","127.406352","감성돔|참돔|돌돔|우럭|노래미|농어|숭어|삼치|문어","중들물~만조/ 사리를 피한 물때","19.5~20.3m","펄","▶ 감성돔 - 릴찌/ 장대/ 원투▶ 참돔 - 부력/ 잠수▶ 돌돔 - 릴찌/ 장대/ 원투▶ 우럭 - 릴찌/ 원투▶ 노래미 - 루어/ 릴찌/ 장대/ 원투▶ 농어 - 루어/ 릴찌▶ 숭어 - 릴찌/ 장대/ 훌치기▶ 삼치 - 루어/ 릴찌▶ 문어 - 루어","needs-check","MOF_SHARED_BOAT_FISHING_POINT","https://www.data.go.kr/data/15148435/fileData.do","2026-07-11","187","POINT (991380.5223123251 1587676.57167932)","공식 선상낚시포인트 데이터 기반. 실제 출조 가능 여부는 선사 및 현장 통제를 확인해야 함."
"boat-188","간수제도 - 대두역서해상","boat-fishing-point","전라남도","여수시","전라남도 여수시","34.249284","127.533666","감성돔|참돔|돌돔|우럭|노래미|농어|숭어|삼치|문어","사리를 피한 조금 이후","29~31m","펄","▶ 감성돔 - 릴찌/ 장대/ 원투▶ 참돔 - 부력/ 잠수▶ 돌돔 - 릴찌/ 장대/ 원투▶ 우럭 - 릴찌/ 원투▶ 노래미 - 루어/ 릴찌/ 장대/ 원투▶ 농어 - 루어/ 릴찌▶ 숭어 - 릴찌/ 장대/ 훌치기▶ 삼치 - 루어/ 릴찌▶ 문어 - 루어","needs-check","MOF_SHARED_BOAT_FISHING_POINT","https://www.data.go.kr/data/15148435/fileData.do","2026-07-11","188","POINT (1003099.88016128 1583982.19634949)","공식 선상낚시포인트 데이터 기반. 실제 출조 가능 여부는 선사 및 현장 통제를 확인해야 함."
"boat-189","연도 - 동부앞인근해상","boat-fishing-point","전라남도","여수시","전라남도 여수시","34.429741","127.808589","참돔|감성돔|볼락|농어/  삼치|돌돔|갑오징어","초들물/ 초날물/ 조금 전·후","9.7~28m","암","▶ 참돔 - 부력/ 잠수▶ 감성돔 - 릴찌/ 장대/ 원투▶ 볼락 - 릴찌/ 장대/ 루어▶ 농어/ 삼치 - 루어/ 릴찌▶ 돌돔 - 민장대/ 릴찌/ 원투▶ 갑오징어 - 에깅","needs-check","MOF_SHARED_BOAT_FISHING_POINT","https://www.data.go.kr/data/15148435/fileData.do","2026-07-11","189","POINT (1028353.25787035 1604034.57978895)","공식 선상낚시포인트 데이터 기반. 실제 출조 가능 여부는 선사 및 현장 통제를 확인해야 함."
"boat-190","연도 - 소룡단인근해상","boat-fishing-point","전라남도","여수시","전라남도 여수시","34.407976","127.806996","참돔|감성돔|볼락|농어/  삼치|돌돔|갑오징어","초들물/ 초날물/ 조금 전·후","34~47m","암","▶ 참돔 - 부력/ 잠수▶ 감성돔 - 릴찌/ 장대/ 원투▶ 볼락 - 릴찌/ 장대/ 루어▶ 농어/ 삼치 - 루어/ 릴찌▶ 돌돔 - 민장대/ 릴찌/ 원투▶ 갑오징어 - 에깅","needs-check","MOF_SHARED_BOAT_FISHING_POINT","https://www.data.go.kr/data/15148435/fileData.do","2026-07-11","190","POINT (1028214.17378641 1601620.69740047)","공식 선상낚시포인트 데이터 기반. 실제 출조 가능 여부는 선사 및 현장 통제를 확인해야 함."
"boat-191","자란만 부근 - 두도해상","boat-fishing-point","경상남도","고성군","경상남도 고성군","34.888311","128.284946","갑오징어|감성돔|노래미|벵에돔|참돔|볼락|농어|붕장어|우럭","조금 전후","7.5~7.6m","암","▶ 갑오징어 - 에깅▶ 감성돔 - 릴찌/ 장대/ 원투▶ 노래미 - 루어/ 릴찌/ 장대/ 원투▶ 벵에돔 - 목줄/ 장대/ 부력/ 잠수▶ 참돔 - 부력/ 잠수▶ 볼락 - 릴찌/ 장대/ 루어▶ 농어 - 루어/ 릴찌▶ 붕장어 - 원투▶ 우럭 - 릴찌/ 원투","needs-check","MOF_SHARED_BOAT_FISHING_POINT","https://www.data.go.kr/data/15148435/fileData.do","2026-07-11","191","POINT (1071725.55814079 1655123.28704541)","공식 선상낚시포인트 데이터 기반. 실제 출조 가능 여부는 선사 및 현장 통제를 확인해야 함."
"boat-192","연화도 부근 - 우서부근해상","boat-fishing-point","경상남도","통영시","경상남도 통영시","34.670443","128.363320","참돔|감성돔|볼락|벵에돔|농어","초들물/ 초날물/ 5물~6물/ 조금","5.6~6.0m","암","▶ 참돔 - 부력/ 잠수▶ 감성돔 - 릴찌/ 장대/ 원투▶ 볼락 - 릴찌/ 장대/ 루어▶ 벵에돔 - 목줄/ 장대/ 부력/ 잠수▶ 농어 - 루어/ 릴찌","needs-check","MOF_SHARED_BOAT_FISHING_POINT","https://www.data.go.kr/data/15148435/fileData.do","2026-07-11","192","POINT (1079094.96344051 1631021.38621511)","공식 선상낚시포인트 데이터 기반. 실제 출조 가능 여부는 선사 및 현장 통제를 확인해야 함."
"boat-235","비금도·도초도 - 토막도부근","boat-fishing-point","전라남도","신안군","전라남도 신안군","34.824389","125.954167","감성돔|농어|돌돔|볼락|붕장어|우럭|참돔","날물","12m~18m","펄","▶감성돔 - 릴찌/ 장대/ 원투 ▶농어 - 루어/ 릴찌▶돌돔 - 릴찌/ 장대/ 원투 ▶볼락 - 루어/ 릴찌/ 장대▶붕장어 - 원투 ▶우럭 - 릴찌/ 원투 ▶참돔 - 부력/ 잠수","needs-check","MOF_SHARED_BOAT_FISHING_POINT","https://www.data.go.kr/data/15148435/fileData.do","2026-07-11","235","POINT (858633.432713922 1648842.91118691)","공식 선상낚시포인트 데이터 기반. 실제 출조 가능 여부는 선사 및 현장 통제를 확인해야 함."
"boat-194","말도·방축도 - 말도서쪽바다","boat-fishing-point","전라북도","군산시","전라북도 군산시","35.858194","126.302528","넙치|노래미|도다리|우럭|참돔","들물/ 썰물 전·후","8.6m~30m","모래/ 조개껍질","▶넙치 - 루어/ 원투 ▶노래미 - 루어/ 릴찌/ 장대/ 원투▶도다리 - 원투 ▶우럭 - 릴찌/ 원투 ▶참돔 - 부력/ 잠수","needs-check","MOF_SHARED_BOAT_FISHING_POINT","https://www.data.go.kr/data/15148435/fileData.do","2026-07-11","194","POINT (891879.301272792 1763067.2127109)","공식 선상낚시포인트 데이터 기반. 실제 출조 가능 여부는 선사 및 현장 통제를 확인해야 함."
"boat-195","선유도·무녀도·장자도·신시도 - 만서/만자서부근","boat-fishing-point","전라북도","군산시","전라북도 군산시","35.797167","126.443639","넙치|노래미|농어|붕장어|삼치|우럭|양태","조금 전·후","9m~12m","모래/ 펄","▶넙치 - 루어/ 원투 ▶노래미 - 루어/ 릴찌/ 장대/ 원투▶농어 - 루어/ 릴찌 ▶붕장어 - 원투▶삼치 - 루어/ 릴찌 ▶우럭 - 릴찌/ 원투 ▶양태 - 루어/ 릴찌","needs-check","MOF_SHARED_BOAT_FISHING_POINT","https://www.data.go.kr/data/15148435/fileData.do","2026-07-11","195","POINT (904547.759677699 1756151.35118103)","공식 선상낚시포인트 데이터 기반. 실제 출조 가능 여부는 선사 및 현장 통제를 확인해야 함."
"boat-196","비금도·도초도 - 가도부근","boat-fishing-point","전라남도","신안군","전라남도 신안군","34.652000","125.968750","감성돔|농어|돌돔|볼락|붕장어|우럭|참돔","초들물~중들물","14m~19m","펄","▶감성돔 - 릴찌/ 장대/ 원투 ▶농어 - 루어/ 릴찌▶돌돔 - 릴찌/ 장대/ 원투 ▶볼락 - 루어/ 릴찌/ 장대▶붕장어 - 원투 ▶우럭 - 릴찌/ 원투 ▶참돔 - 부력/ 잠수","needs-check","MOF_SHARED_BOAT_FISHING_POINT","https://www.data.go.kr/data/15148435/fileData.do","2026-07-11","196","POINT (859675.960470618 1629703.59199305)","공식 선상낚시포인트 데이터 기반. 실제 출조 가능 여부는 선사 및 현장 통제를 확인해야 함."
"boat-197","노화도·보길도·소안도 - 각씨여부근","boat-fishing-point","전라남도","완도군","전라남도 완도군","34.217944","126.657722","감성돔|돌돔|벵에돔|우럭|볼락|참돔","사리 전·후","38m~42m","펄/ 조개껍질","▶감성돔 - 릴찌/ 장대/ 원투 ▶돌돔 - 릴찌/ 장대/ 원투▶벵에돔 - 목줄/ 장대/ 부력/ 잠수 ▶우럭 - 릴찌/ 원투▶볼락 - 루어/ 릴찌/ 장대 ▶참돔 - 부력/ 잠수","needs-check","MOF_SHARED_BOAT_FISHING_POINT","https://www.data.go.kr/data/15148435/fileData.do","2026-07-11","197","POINT (922415.647107388 1580827.33242778)","공식 선상낚시포인트 데이터 기반. 실제 출조 가능 여부는 선사 및 현장 통제를 확인해야 함."
"boat-198","청산도·대모도 - 항도서측바다","boat-fishing-point","전라남도","완도군","전라남도 완도군","34.184250","126.955083","감성돔|농어|돌돔|볼락|우럭|참돔","4물~사리","24m~27m","펄/ 모래","▶감성돔 - 릴찌/ 장대/ 원투 ▶농어 - 루어/ 릴찌▶돌돔 - 릴찌/ 장대/ 원투 ▶볼락 - 루어/ 릴찌/ 장대▶우럭 - 릴찌/ 원투 ▶참돔 - 부력/ 잠수","needs-check","MOF_SHARED_BOAT_FISHING_POINT","https://www.data.go.kr/data/15148435/fileData.do","2026-07-11","198","POINT (949786.751129659 1576904.70086238)","공식 선상낚시포인트 데이터 기반. 실제 출조 가능 여부는 선사 및 현장 통제를 확인해야 함."
"boat-199","미륵도 - 학림도부근","boat-fishing-point","경상남도","통영시","경상남도 통영시","34.758250","128.419694","감성돔|농어|벵에돔|우럭|볼락|참돔","조금 전·후","23m~30m","펄","▶감성돔 - 릴찌/ 장대/ 원투 ▶농어 - 루어/ 릴찌▶벵에돔 - 목줄/ 장대/ 부력/ 잠수 ▶우럭 - 릴찌/ 원투▶볼락 - 루어/ 릴찌/ 장대 ▶참돔 - 부력/ 잠수","needs-check","MOF_SHARED_BOAT_FISHING_POINT","https://www.data.go.kr/data/15148435/fileData.do","2026-07-11","199","POINT (1084170.99061273 1640804.58022552)","공식 선상낚시포인트 데이터 기반. 실제 출조 가능 여부는 선사 및 현장 통제를 확인해야 함."
"boat-200","남해도 동부·신수도·창선도 - 증초부근해상","boat-fishing-point","경상남도","남해군","경상남도 남해군","34.835389","128.022944","참돔|농어|노래미|볼락|우럭","초들물~중날물","0.2~3.1","암","▶참돔 - 부력/ 잠수▶농어 - 루어/ 릴찌▶노래미 - 루어/ 릴찌/ 장대/ 원투▶볼락 - 릴찌/ 장대/ 루어▶우럭 - 릴찌/ 원투","needs-check","MOF_SHARED_BOAT_FISHING_POINT","https://www.data.go.kr/data/15148435/fileData.do","2026-07-11","200","POINT (1047815.14207504 1649098.19250239)","공식 선상낚시포인트 데이터 기반. 실제 출조 가능 여부는 선사 및 현장 통제를 확인해야 함."
"boat-201","칠천도·가조도 - 장안서부근해상","boat-fishing-point","경상남도","거제시","경상남도 거제시","34.975611","128.644222","감성돔|노래미|갑오징어|도다리|볼락","초들물~중날물","2.7~13.9","펄/ 조개껍질","▶감성돔 - 릴찌/ 장대/ 원투▶노래미 - 루어/ 릴찌/ 장대/ 원투▶갑오징어 - 에깅▶도다리 - 원투▶볼락 - 릴찌/ 장대/ 루어","needs-check","MOF_SHARED_BOAT_FISHING_POINT","https://www.data.go.kr/data/15148435/fileData.do","2026-07-11","201","POINT (1104445.54052467 1665121.2879462)","공식 선상낚시포인트 데이터 기반. 실제 출조 가능 여부는 선사 및 현장 통제를 확인해야 함."
"boat-202","제주도 남부 - 호도(범섬)부근해상","boat-fishing-point","제주특별자치도","서귀포시","제주특별자치도 서귀포시","33.223861","126.515556","벵에돔|한치|노래미|독가시치|부시리|우럭","초들물~중날물","32.0~38.0","암","▶벵에돔 - 목줄/ 장대/ 부력/ 잠수▶한치 - 루어/ 원투▶노래미 - 루어/ 릴찌/ 장대/ 원투▶독가시치 - 목줄/ 장대/ 부력/ 잠수▶부시리 - 부력/ 잠수/ 지깅▶우럭 - 릴찌/ 원투","needs-check","MOF_SHARED_BOAT_FISHING_POINT","https://www.data.go.kr/data/15148435/fileData.do","2026-07-11","202","POINT (908268.4267281811 1470721.44538606)","공식 선상낚시포인트 데이터 기반. 실제 출조 가능 여부는 선사 및 현장 통제를 확인해야 함."
"boat-203","대청도·소청도 - 곽암부근","boat-fishing-point","인천광역시","옹진군","인천광역시 옹진군","37.777278","124.780222","넙치|노래미|농어|삼치|쏨뱅이|우럭","조금 전후","23m~29m","자갈/ 조개껍질","▶넙치 - 루어/ 원투 ▶노래미 - 루어/ 릴찌/ 장대/ 원투▶농어 - 루어/ 릴찌 ▶삼치 - 루어/ 릴찌▶쏨뱅이 - 루어/ 릴찌 ▶우럭 - 릴찌/ 원투","needs-check","MOF_SHARED_BOAT_FISHING_POINT","https://www.data.go.kr/data/15148435/fileData.do","2026-07-11","203","POINT (760467.744864841 1978773.16945272)","공식 선상낚시포인트 데이터 기반. 실제 출조 가능 여부는 선사 및 현장 통제를 확인해야 함."
"boat-204","입파도·국화도 - 국화도등표부근","boat-fishing-point","경기도","화성시","경기도 화성시","37.049222","126.545556","넙치|노래미|도다리|붕장어|우럭","조금 전·후","24m~28m","펄","▶넙치 - 루어/ 원투 ▶노래미 - 루어/ 릴찌/ 장대/ 원투▶도다리 - 원투 ▶붕장어 - 원투▶우럭 - 릴찌/ 원투","needs-check","MOF_SHARED_BOAT_FISHING_POINT","https://www.data.go.kr/data/15148435/fileData.do","2026-07-11","204","POINT (915130.97760609 1894943.67410782)","공식 선상낚시포인트 데이터 기반. 실제 출조 가능 여부는 선사 및 현장 통제를 확인해야 함."
"boat-205","원산도·삽시도 - 납작도부근","boat-fishing-point","충청남도","보령시","충청남도 보령시","36.340694","126.389222","감성돔|갑오징어|넙치|농어|우럭|주꾸미","들물 전·후","6.3m~8.3m","펄/ 모래","▶감성돔 - 릴찌/ 장대/ 원투 ▶갑오징어 - 에깅▶넙치 - 루어/ 원투 ▶농어 - 루어/ 릴찌▶우럭 - 릴찌/ 원투 ▶주꾸미 - 루어","needs-check","MOF_SHARED_BOAT_FISHING_POINT","https://www.data.go.kr/data/15148435/fileData.do","2026-07-11","205","POINT (900318.73660176 1816495.12906469)","공식 선상낚시포인트 데이터 기반. 실제 출조 가능 여부는 선사 및 현장 통제를 확인해야 함."
"boat-206","어청도·연도 - 어청도등대북쪽부근","boat-fishing-point","전라북도","군산시","전라북도 군산시","36.132222","125.972972","농어|노래미|돌돔|우럭","들물/ 날물","44m~50m","펄","▶농어 - 루어/ 릴찌 ▶노래미 - 장대/ 루어/ 릴찌/ 원투▶돌돔 - 릴찌/ 장대/ 원투 ▶우럭 - 릴찌/ 원투","needs-check","MOF_SHARED_BOAT_FISHING_POINT","https://www.data.go.kr/data/15148435/fileData.do","2026-07-11","206","POINT (862597.72159874 1793878.7711765)","공식 선상낚시포인트 데이터 기반. 실제 출조 가능 여부는 선사 및 현장 통제를 확인해야 함."
"boat-207","십이동파도·비안도 - 십이동파도북도북서측바다","boat-fishing-point","전라북도","군산시","전라북도 군산시","36.002278","126.217583","감성돔|갑오징어|넙치|노래미|농어|우럭|참돔","조금 전·후","51m~53m","펄/ 모래","▶감성돔 - 릴찌/ 장대/ 원투 ▶갑오징어 - 에깅▶넙치 - 루어/ 원투 ▶노래미 - 루어/ 릴찌/ 장대/ 원투▶농어 - 루어/ 릴찌 ▶우럭 - 릴찌/ 원투 ▶참돔 - 부력/ 잠수","needs-check","MOF_SHARED_BOAT_FISHING_POINT","https://www.data.go.kr/data/15148435/fileData.do","2026-07-11","207","POINT (884419.1470349471 1779146.48139856)","공식 선상낚시포인트 데이터 기반. 실제 출조 가능 여부는 선사 및 현장 통제를 확인해야 함."
"boat-208","신지도 - 완도대구두앞바다","boat-fishing-point","전라남도","완도군","전라남도 완도군","34.274861","126.782528","감성돔|돌돔|볼락|붕장어|우럭|참돔|학공치","사리 전·후","24.5m~26m","모래/ 조개껍질","▶감성돔 - 릴찌/ 장대/ 원투 ▶돌돔 - 릴찌/ 장대/ 원투▶볼락 - 루어/ 릴찌/ 장대 ▶붕장어 - 원투▶우럭 - 릴찌/ 원투 ▶참돔 - 부력/ 잠수 ▶학공치 - 릴찌/ 장대","needs-check","MOF_SHARED_BOAT_FISHING_POINT","https://www.data.go.kr/data/15148435/fileData.do","2026-07-11","208","POINT (933956.52809551 1587050.5745547)","공식 선상낚시포인트 데이터 기반. 실제 출조 가능 여부는 선사 및 현장 통제를 확인해야 함."
"boat-209","욕지도 - 초도부근","boat-fishing-point","경상남도","통영시","경상남도 통영시","34.627028","128.298722","감성돔|농어|무늬오징어|볼락|벵에돔|참돔","5 물~11물","18m~20m","펄/ 조개껍질","▶감성돔 - 릴찌/ 장대/ 원투 ▶농어 - 루어/ 릴찌▶무늬오징어 - 릴찌/ 에깅 ▶볼락 - 루어/ 릴찌/ 장대▶벵에돔 - 목줄/ 장대/ 부력/ 잠수 ▶참돔 - 부력/ 잠수","needs-check","MOF_SHARED_BOAT_FISHING_POINT","https://www.data.go.kr/data/15148435/fileData.do","2026-07-11","209","POINT (1073214.73748892 1626158.10512055)","공식 선상낚시포인트 데이터 기반. 실제 출조 가능 여부는 선사 및 현장 통제를 확인해야 함."
"boat-210","압해도 - 대교동측해상","boat-fishing-point","전라남도","신안군","전라남도 신안군","34.912889","126.331889","감성돔|노래미|농어|볼락|붕장어|우럭","초들물~중날물","2.1~4.3","펄","▶감성돔 - 릴찌/ 장대/ 원투 ▶노래미 - 루어/ 릴찌/ 장대/ 원투 ▶농어 - 루어/ 릴찌▶볼락 - 릴찌/ 장대/ 루어 ▶붕장어 - 원투 ▶우럭 - 릴찌/ 원투","needs-check","MOF_SHARED_BOAT_FISHING_POINT","https://www.data.go.kr/data/15148435/fileData.do","2026-07-11","210","POINT (893292.5167871721 1658190.42269912)","공식 선상낚시포인트 데이터 기반. 실제 출조 가능 여부는 선사 및 현장 통제를 확인해야 함."
"boat-211","제주도 남동부 - 태흥리포구앞해상","boat-fishing-point","제주특별자치도","서귀포시","제주특별자치도 서귀포시","33.266611","126.740222","참돔|돌돔|다금바리|벵에돔|부시리","들물/날물","21.7~28.5","고운모래","▶참돔 - 부력/ 잠수▶돌돔 - 민장대/ 릴찌/ 원투▶다금바리 - 원투▶벵에돔 - 목줄/ 장대/ 부력/ 잠수▶부시리 - 부력/ 잠수/ 지깅","needs-check","MOF_SHARED_BOAT_FISHING_POINT","https://www.data.go.kr/data/15148435/fileData.do","2026-07-11","211","POINT (929238.124304583 1475286.45757609)","공식 선상낚시포인트 데이터 기반. 실제 출조 가능 여부는 선사 및 현장 통제를 확인해야 함."
"boat-212","당항포 부근 - 동진교해상","boat-fishing-point","경상남도","고성군","경상남도 고성군","35.077544","128.468675","도다리|노래미|볼락|감성돔|갑오징어","조금전후","7~15.8m","모래","▶ 도다리 - 원투▶ 노래미 - 루어/ 릴찌/ 장대/ 원투▶ 볼락 - 릴찌/ 장대/ 루어▶ 감성돔 - 릴찌/ 장대/ 원투▶ 갑오징어 - 에깅","needs-check","MOF_SHARED_BOAT_FISHING_POINT","https://www.data.go.kr/data/15148435/fileData.do","2026-07-11","212","POINT (1088311.16596015 1676256.52061294)","공식 선상낚시포인트 데이터 기반. 실제 출조 가능 여부는 선사 및 현장 통제를 확인해야 함."
"boat-213","자월도 - 입암두앞바다","boat-fishing-point","인천광역시","옹진군","인천광역시 옹진군","37.269528","126.313556","농어|우럭","들물/ 날물","8m~10m","모래","▶농어 - 루어/ 릴찌 ▶우럭 - 릴찌/ 원투","needs-check","MOF_SHARED_BOAT_FISHING_POINT","https://www.data.go.kr/data/15148435/fileData.do","2026-07-11","213","POINT (894806.598401514 1919617.22315529)","공식 선상낚시포인트 데이터 기반. 실제 출조 가능 여부는 선사 및 현장 통제를 확인해야 함."
"boat-214","백아도·굴업도 - 백아도광대도부근","boat-fishing-point","인천광역시","옹진군","인천광역시 옹진군","37.056861","125.968722","넙치|노래미|농어|붕장어|우럭","1~3물/ 조금 전·후","3.8m~5.2m","모래/ 펄","▶넙치 - 루어/ 원투 ▶노래미 - 루어/ 릴찌/ 장대/ 원투▶농어 - 루어/ 릴찌 ▶붕장어 - 원투▶우럭 - 릴찌/ 원투","needs-check","MOF_SHARED_BOAT_FISHING_POINT","https://www.data.go.kr/data/15148435/fileData.do","2026-07-11","214","POINT (863849.96601813 1896461.67916264)","공식 선상낚시포인트 데이터 기반. 실제 출조 가능 여부는 선사 및 현장 통제를 확인해야 함."
"boat-215","석모도 - 외포리선착장입표부근해상","boat-fishing-point","인천광역시","강화군","인천광역시 강화군","37.696000","126.378583","농어|숭어|우럭|망둥어","초들물~중날물","10.0~20.0","펄/ 모래","▶농어 - 루어/ 릴찌▶숭어 - 릴찌/ 장대/ 홀치기▶우럭 - 릴찌/ 원투▶망둥어 - 릴찌/ 장대","needs-check","MOF_SHARED_BOAT_FISHING_POINT","https://www.data.go.kr/data/15148435/fileData.do","2026-07-11","215","POINT (901135.9552234961 1966863.08592408)","공식 선상낚시포인트 데이터 기반. 실제 출조 가능 여부는 선사 및 현장 통제를 확인해야 함."
"boat-216","돌산도 - 죽도부근해상","boat-fishing-point","전라남도","여수시","전라남도 여수시","34.686889","127.792611","참돔|농어|노래미|볼락|우럭|붕장어","초들물~중날물","4.5~10.7","펄","▶참돔 - 부력/ 잠수▶농어 - 루어/ 릴찌▶노래미 - 루어/ 릴찌/ 장대/ 원투▶볼락 - 릴찌/ 장대/ 루어▶우럭 - 릴찌/ 원투▶붕장어 - 원투","needs-check","MOF_SHARED_BOAT_FISHING_POINT","https://www.data.go.kr/data/15148435/fileData.do","2026-07-11","216","POINT (1026802.60090189 1632545.05823725)","공식 선상낚시포인트 데이터 기반. 실제 출조 가능 여부는 선사 및 현장 통제를 확인해야 함."
"boat-217","만재도 - 만재도북동측선상","boat-fishing-point","전라남도","신안군","전라남도 신안군","34.213361","125.486369","돌돔|참돔|감성돔|우럭|광어|농어|볼락|문어","조금 전후","28~37m","암","▶ 돌돔 - 릴찌/ 장대/ 원투▶ 참돔 - 부력/ 잠수▶ 감성돔 - 릴찌/ 장대/ 원투▶ 우럭 - 릴찌/ 원투▶ 광어 - 릴찌/ 원투▶ 농어 - 루어/ 릴찌▶ 볼락 - 릴찌/ 장대/ 루어▶ 문어 - 루어","needs-check","MOF_SHARED_BOAT_FISHING_POINT","https://www.data.go.kr/data/15148435/fileData.do","2026-07-11","217","POINT (814497.559463653 1581831.66494097)","공식 선상낚시포인트 데이터 기반. 실제 출조 가능 여부는 선사 및 현장 통제를 확인해야 함."
"boat-218","낭도 부근 - 하과도남측해상","boat-fishing-point","전라남도","고흥군","전라남도 고흥군","34.621809","127.537930","감성돔|붕장어|농어|숭어","5물~8물/ 조금 전후","6.3~6.8m","암","▶ 감성돔 - 릴찌/ 장대/ 원투▶ 붕장어 - 원투▶ 농어 - 루어/ 릴찌▶ 숭어 - 릴찌/ 장대/ 훌치기","needs-check","MOF_SHARED_BOAT_FISHING_POINT","https://www.data.go.kr/data/15148435/fileData.do","2026-07-11","218","POINT (1003477.05216319 1625290.08013767)","공식 선상낚시포인트 데이터 기반. 실제 출조 가능 여부는 선사 및 현장 통제를 확인해야 함."
"boat-219","손죽열도 부근 - 소거문도북쪽해상","boat-fishing-point","전라남도","여수시","전라남도 여수시","34.299734","127.397645","감성돔|참돔|돌돔|우럭|노래미|농어|숭어|삼치|문어","중들물~만조/ 사리를 피한 물때","9.9~20.6m","암","▶ 감성돔 - 릴찌/ 장대/ 원투▶ 참돔 - 부력/ 잠수▶ 돌돔 - 릴찌/ 장대/ 원투▶ 우럭 - 릴찌/ 원투▶ 노래미 - 루어/ 릴찌/ 장대/ 원투▶ 농어 - 루어/ 릴찌▶ 숭어 - 릴찌/ 장대/ 훌치기▶ 삼치 - 루어/ 릴찌▶ 문어 - 루어","needs-check","MOF_SHARED_BOAT_FISHING_POINT","https://www.data.go.kr/data/15148435/fileData.do","2026-07-11","219","POINT (990581.0645656991 1589580.44135381)","공식 선상낚시포인트 데이터 기반. 실제 출조 가능 여부는 선사 및 현장 통제를 확인해야 함."
"boat-220","연화도 부근 - 연화항부근해상","boat-fishing-point","경상남도","통영시","경상남도 통영시","34.652722","128.350556","참돔|감성돔|볼락|벵에돔|농어","초들물/ 초날물/ 5물~6물/ 조금","4.4~9.7m","암","▶ 참돔 - 부력/ 잠수▶ 감성돔 - 릴찌/ 장대/ 원투▶ 볼락 - 릴찌/ 장대/ 루어▶ 벵에돔 - 목줄/ 장대/ 부력/ 잠수▶ 농어 - 루어/ 릴찌","needs-check","MOF_SHARED_BOAT_FISHING_POINT","https://www.data.go.kr/data/15148435/fileData.do","2026-07-11","220","POINT (1077942.18712357 1629046.26512917)","공식 선상낚시포인트 데이터 기반. 실제 출조 가능 여부는 선사 및 현장 통제를 확인해야 함."
"boat-221","거제도 북동부 - 양지암취앞바다","boat-fishing-point","경상남도","거제시","경상남도 거제시","34.905444","128.762944","감성돔|농어|벵에돔|우럭|볼락|참돔","조금 전·후","23m~27m","펄","▶감성돔 - 릴찌/ 장대/ 원투 ▶농어 - 루어/ 릴찌▶벵에돔 - 목줄/ 장대/ 부력/ 잠수 ▶우럭 - 릴찌/ 원투▶볼락 - 루어/ 릴찌/ 장대 ▶참돔 - 부력/ 잠수","needs-check","MOF_SHARED_BOAT_FISHING_POINT","https://www.data.go.kr/data/15148435/fileData.do","2026-07-11","221","POINT (1115381.43467422 1657470.01238899)","공식 선상낚시포인트 데이터 기반. 실제 출조 가능 여부는 선사 및 현장 통제를 확인해야 함."
"boat-222","입파도·국화도 - 입파도학산서부근","boat-fishing-point","경기도","화성시","경기도 화성시","37.122444","126.527306","넙치|노래미|도다리|붕장어|우럭","조금 전·후","15m~18m","펄/ 모래","▶넙치 - 루어/ 원투 ▶노래미 - 루어/ 릴찌/ 장대/ 원투▶도다리 - 원투 ▶붕장어 - 원투▶우럭 - 릴찌/ 원투","needs-check","MOF_SHARED_BOAT_FISHING_POINT","https://www.data.go.kr/data/15148435/fileData.do","2026-07-11","222","POINT (913591.3148204951 1903083.33817695)","공식 선상낚시포인트 데이터 기반. 실제 출조 가능 여부는 선사 및 현장 통제를 확인해야 함."
"boat-223","미륵도 - 곤리도부근","boat-fishing-point","경상남도","통영시","경상남도 통영시","34.787361","128.363083","감성돔|농어|벵에돔|우럭|볼락|참돔","조금 전·후","14m~16m","펄","▶감성돔 - 릴찌/ 장대/ 원투 ▶농어 - 루어/ 릴찌▶벵에돔 - 목줄/ 장대/ 부력/ 잠수 ▶우럭 - 릴찌/ 원투▶볼락 - 루어/ 릴찌/ 장대 ▶참돔 - 부력/ 잠수","needs-check","MOF_SHARED_BOAT_FISHING_POINT","https://www.data.go.kr/data/15148435/fileData.do","2026-07-11","223","POINT (1078962.0283553 1643986.9404155)","공식 선상낚시포인트 데이터 기반. 실제 출조 가능 여부는 선사 및 현장 통제를 확인해야 함."
"boat-224","추자군도 - 추자항북측해상","boat-fishing-point","제주특별자치도","제주시","제주특별자치도 제주시","33.969695","126.306383","감성돔|벵에돔|참돔|돌돔|볼락|부시리","조금 전후/ 1~4물","22.5~28m","암","▶ 감성돔 - 릴찌/ 장대/ 원투▶ 벵에돔 - 목줄/ 장대/ 부력/ 잠수▶ 참돔 - 부력/ 잠수▶ 돌돔 - 민장대/ 릴찌/ 원투▶ 볼락 - 릴찌/ 장대/ 루어▶ 부시리 - 부력/ 잠수/ 지깅","needs-check","MOF_SHARED_BOAT_FISHING_POINT","https://www.data.go.kr/data/15148435/fileData.do","2026-07-11","224","POINT (889729.862503682 1553622.68211713)","공식 선상낚시포인트 데이터 기반. 실제 출조 가능 여부는 선사 및 현장 통제를 확인해야 함."
"boat-225","낭도 부근 - 장구도동측해상","boat-fishing-point","전라남도","고흥군","전라남도 고흥군","34.592043","127.605510","감성돔|붕장어|농어|숭어","13물~5물/ 조금 전후","4.7~23m","암","▶ 감성돔 - 릴찌/ 장대/ 원투▶ 붕장어 - 원투▶ 농어 - 루어/ 릴찌▶ 숭어 - 릴찌/ 장대/ 훌치기","needs-check","MOF_SHARED_BOAT_FISHING_POINT","https://www.data.go.kr/data/15148435/fileData.do","2026-07-11","225","POINT (1009675.47676673 1621993.71806358)","공식 선상낚시포인트 데이터 기반. 실제 출조 가능 여부는 선사 및 현장 통제를 확인해야 함."
"boat-226","광양만 부근 - 마도부근","boat-fishing-point","전라남도","광양시","전라남도 광양시","34.944633","127.778235","붕장어|망둥어|숭어|감성돔|농어|노래미|볼락|도다리","5물~10물","0.4~2.0m","펄/모래","▶ 붕장어 - 원투▶ 망둥어 - 릴찌/ 장대▶ 숭어 - 릴찌/ 장대/ 훌치기▶ 감성돔 - 릴찌/ 장대/ 원투▶ 농어 - 루어/ 릴찌▶ 노래미 - 루어/ 릴찌/ 장대/ 원투▶ 볼락 - 릴찌/ 장대/ 루어▶ 도다리 - 원투","needs-check","MOF_SHARED_BOAT_FISHING_POINT","https://www.data.go.kr/data/15148435/fileData.do","2026-07-11","226","POINT (1025406.55640621 1661123.36196522)","공식 선상낚시포인트 데이터 기반. 실제 출조 가능 여부는 선사 및 현장 통제를 확인해야 함."
"boat-227","손죽열도 부근 - 잔거리동쪽해상","boat-fishing-point","전라남도","여수시","전라남도 여수시","34.297806","127.386690","감성돔|참돔|돌돔|우럭|노래미|농어|숭어|삼치|문어","중들물~만조/ 사리를 피한 물때","15.3~20.6m","암","▶ 감성돔 - 릴찌/ 장대/ 원투▶ 참돔 - 부력/ 잠수▶ 돌돔 - 릴찌/ 장대/ 원투▶ 우럭 - 릴찌/ 원투▶ 노래미 - 루어/ 릴찌/ 장대/ 원투▶ 농어 - 루어/ 릴찌▶ 숭어 - 릴찌/ 장대/ 훌치기▶ 삼치 - 루어/ 릴찌▶ 문어 - 루어","needs-check","MOF_SHARED_BOAT_FISHING_POINT","https://www.data.go.kr/data/15148435/fileData.do","2026-07-11","227","POINT (989572.6947090811 1589367.72050149)","공식 선상낚시포인트 데이터 기반. 실제 출조 가능 여부는 선사 및 현장 통제를 확인해야 함."
"boat-228","대삼부도 - 무구여인근해상","boat-fishing-point","전라남도","여수시","전라남도 여수시","34.052412","127.387214","벵에돔|참돔|돌돔|감성돔|농어|쏨벵이","10물~13물","13.8~19.6m","암","▶ 벵에돔 - 목줄/ 장대/ 부력/ 잠수▶ 참돔 - 부력/ 잠수▶ 돌돔 - 릴찌/ 장대/ 원투▶ 감성돔 - 릴찌/ 장대/ 원투▶ 농어 - 루어/ 릴찌▶ 쏨벵이 - 루어/ 릴찌","needs-check","MOF_SHARED_BOAT_FISHING_POINT","https://www.data.go.kr/data/15148435/fileData.do","2026-07-11","228","POINT (989590.819257237 1562158.0823975)","공식 선상낚시포인트 데이터 기반. 실제 출조 가능 여부는 선사 및 현장 통제를 확인해야 함."
"boat-229","연도 - 덕포앞해상","boat-fishing-point","전라남도","여수시","전라남도 여수시","34.414116","127.793490","참돔|감성돔|볼락|농어/  삼치|돌돔|갑오징어","초들물/ 초날물/ 조금 전·후","0.7~3.1m","암","▶ 참돔 - 부력/ 잠수▶ 감성돔 - 릴찌/ 장대/ 원투▶ 볼락 - 릴찌/ 장대/ 루어▶ 농어/ 삼치 - 루어/ 릴찌▶ 돌돔 - 민장대/ 릴찌/ 원투▶ 갑오징어 - 에깅","needs-check","MOF_SHARED_BOAT_FISHING_POINT","https://www.data.go.kr/data/15148435/fileData.do","2026-07-11","229","POINT (1026971.00553716 1602297.86196557)","공식 선상낚시포인트 데이터 기반. 실제 출조 가능 여부는 선사 및 현장 통제를 확인해야 함."
"boat-230","추도 부근 - 흰여부근","boat-fishing-point","경상남도","통영시","경상남도 통영시","34.758088","128.305368","볼락|우럭|주꾸미|광어|감성돔|벵에돔|참돔","6물~8물","4.0~13.5m","암","▶ 볼락 - 릴찌/ 장대/ 루어▶ 우럭 - 릴찌/ 원투▶ 주꾸미 - 릴찌/ 원투▶ 광어 - 릴찌/ 원투▶ 감성돔 - 릴찌/ 장대/ 원투▶ 벵에돔 - 목줄/ 장대/ 부력/ 잠수▶ 참돔 - 부력/ 잠수","needs-check","MOF_SHARED_BOAT_FISHING_POINT","https://www.data.go.kr/data/15148435/fileData.do","2026-07-11","230","POINT (1073707.68036188 1640696.74999673)","공식 선상낚시포인트 데이터 기반. 실제 출조 가능 여부는 선사 및 현장 통제를 확인해야 함."
"boat-231","나로도 - 보돌서부근","boat-fishing-point","전라남도","고흥군","전라남도 고흥군","34.527639","127.534528","감성돔|농어|도다리|볼락|숭어|학공치","간조~초들물","11m~15m","펄","▶감성돔 - 릴찌/ 장대/ 원투 ▶농어 - 루어/ 릴찌▶도다리 - 원투 ▶볼락 - 루어/ 릴찌/ 장대▶숭어 - 릴찌/ 장대/ 훌치기 ▶학공치 - 릴찌/ 장대","needs-check","MOF_SHARED_BOAT_FISHING_POINT","https://www.data.go.kr/data/15148435/fileData.do","2026-07-11","231","POINT (1003168.71769024 1614847.57233566)","공식 선상낚시포인트 데이터 기반. 실제 출조 가능 여부는 선사 및 현장 통제를 확인해야 함."
"boat-232","거제도 북서부 - 지도부근","boat-fishing-point","경상남도","거제시","경상남도 거제시","34.905944","128.483528","감성돔|고등어|돌돔|보리멸|살오징어|볼락|참돔","조금 전·후","15m~18m","펄","▶감성돔 - 릴찌/ 장대/ 원투 ▶고등어 - 루어/ 릴찌/ 장대▶돌돔 - 릴찌/ 장대/ 원투 ▶보리멸 - 원투▶살오징어 - 에깅 ▶볼락 - 루어/ 릴찌/ 장대 ▶참돔 - 부력/ 잠수","needs-check","MOF_SHARED_BOAT_FISHING_POINT","https://www.data.go.kr/data/15148435/fileData.do","2026-07-11","232","POINT (1089852.65051112 1657239.04960145)","공식 선상낚시포인트 데이터 기반. 실제 출조 가능 여부는 선사 및 현장 통제를 확인해야 함."
"boat-233","대청도·소청도 - 가두암부근","boat-fishing-point","인천광역시","옹진군","인천광역시 옹진군","37.751500","124.733750","넙치|노래미|농어|삼치|쏨뱅이|우럭","조금 전후","26m~30m","가는 모래","▶넙치 - 루어/ 원투 ▶노래미 - 루어/ 릴찌/ 장대/ 원투▶농어 - 루어/ 릴찌 ▶삼치 - 루어/ 릴찌▶쏨뱅이 - 루어/ 릴찌 ▶우럭 - 릴찌/ 원투","needs-check","MOF_SHARED_BOAT_FISHING_POINT","https://www.data.go.kr/data/15148435/fileData.do","2026-07-11","233","POINT (756289.466752564 1976032.49470627)","공식 선상낚시포인트 데이터 기반. 실제 출조 가능 여부는 선사 및 현장 통제를 확인해야 함."
"boat-234","호도·녹도·외연도 - 석도부근","boat-fishing-point","충청남도","보령시","충청남도 보령시","36.265833","126.279472","감성돔|갑오징어|넙치|농어|노래미|우럭","초들물","6.8m~9m","모래","▶감성돔 - 릴찌/ 장대/ 원투 ▶갑오징어 - 에깅▶넙치 - 루어/ 원투 ▶농어 - 루어/ 릴찌▶노래미 - 루어/ 릴찌/ 장대/ 원투▶우럭 - 릴찌/ 원투","needs-check","MOF_SHARED_BOAT_FISHING_POINT","https://www.data.go.kr/data/15148435/fileData.do","2026-07-11","234","POINT (890364.588069573 1808309.70724712)","공식 선상낚시포인트 데이터 기반. 실제 출조 가능 여부는 선사 및 현장 통제를 확인해야 함."
"boat-237","남해도 북부 - 왕지마을앞바다","boat-fishing-point","경상남도","남해군","경상남도 남해군","34.945667","127.915833","참돔|농어|노래미|볼락|우럭","초들물~중날","1.2~10.9","펄/ 모래","▶참돔 - 부력/ 잠수▶농어 - 루어/ 릴찌▶노래미 - 루어/ 릴찌/ 장대/ 원투▶볼락 - 릴찌/ 장대/ 루어▶우럭 - 릴찌/ 원투","needs-check","MOF_SHARED_BOAT_FISHING_POINT","https://www.data.go.kr/data/15148435/fileData.do","2026-07-11","237","POINT (1037970.65759105 1661281.63827615)","공식 선상낚시포인트 데이터 기반. 실제 출조 가능 여부는 선사 및 현장 통제를 확인해야 함."
"boat-238","추자도 - 다무레미북측해상","boat-fishing-point","제주특별자치도","제주시","제주특별자치도 제주시","33.969250","126.286306","감성돔|돌돔|자리돔|농어|볼락|참돔","들물/썰물","12.8~16.2","암","▶감성돔 - 릴찌/ 장대/ 원투▶돌돔 - 민장대/ 릴찌/ 원투▶자리돔 - 장대/ 카드▶농어 - 루어/ 릴찌▶볼락 - 루어/ 릴찌/ 장대▶참돔 - 부력/ 잠수","needs-check","MOF_SHARED_BOAT_FISHING_POINT","https://www.data.go.kr/data/15148435/fileData.do","2026-07-11","238","POINT (887874.4066671521 1553595.0824458)","공식 선상낚시포인트 데이터 기반. 실제 출조 가능 여부는 선사 및 현장 통제를 확인해야 함."
"boat-239","만재도 - 만재도남측선상","boat-fishing-point","전라남도","신안군","전라남도 신안군","34.203113","125.475507","돌돔|참돔|감성돔|우럭|광어|농어|볼락|문어","조금 전후","20.5~22m","암","▶ 돌돔 - 릴찌/ 장대/ 원투▶ 참돔 - 부력/ 잠수▶ 감성돔 - 릴찌/ 장대/ 원투▶ 우럭 - 릴찌/ 원투▶ 광어 - 릴찌/ 원투▶ 농어 - 루어/ 릴찌▶ 볼락 - 릴찌/ 장대/ 루어▶ 문어 - 루어","needs-check","MOF_SHARED_BOAT_FISHING_POINT","https://www.data.go.kr/data/15148435/fileData.do","2026-07-11","239","POINT (813474.23073189 1580714.97803357)","공식 선상낚시포인트 데이터 기반. 실제 출조 가능 여부는 선사 및 현장 통제를 확인해야 함."
"boat-240","완도 - 납당여부근해상","boat-fishing-point","전라남도","완도군","전라남도 완도군","34.388639","126.729194","숭어|우럭|농어|감성돔|참돔|붕장어","초들물~중날물","3.0~6.0","펄","▶숭어 - 릴찌/ 장대/ 홀치기▶우럭 - 릴찌/ 원투▶농어 - 루어/ 릴찌▶감성돔 - 릴찌/ 장대/ 원투▶참돔 - 부력/ 잠수▶붕장어 - 원투","needs-check","MOF_SHARED_BOAT_FISHING_POINT","https://www.data.go.kr/data/15148435/fileData.do","2026-07-11","240","POINT (929142.8033426 1599703.0419681)","공식 선상낚시포인트 데이터 기반. 실제 출조 가능 여부는 선사 및 현장 통제를 확인해야 함."
"boat-241","비금도·도초도 - 종달암부근","boat-fishing-point","전라남도","신안군","전라남도 신안군","34.646778","125.921556","감성돔|농어|돌돔|볼락|붕장어|우럭|참돔","초들물~중들물","28m~32m","펄","▶감성돔 - 릴찌/ 장대/ 원투 ▶농어 - 루어/ 릴찌▶돌돔 - 릴찌/ 장대/ 원투 ▶볼락 - 루어/ 릴찌/ 장대▶붕장어 - 원투 ▶우럭 - 릴찌/ 원투 ▶참돔 - 부력/ 잠수","needs-check","MOF_SHARED_BOAT_FISHING_POINT","https://www.data.go.kr/data/15148435/fileData.do","2026-07-11","241","POINT (855341.598749383 1629191.17830054)","공식 선상낚시포인트 데이터 기반. 실제 출조 가능 여부는 선사 및 현장 통제를 확인해야 함."
"boat-242","남해도 동부·신수도·창선도 - 지족리앞바다","boat-fishing-point","경상남도","남해군","경상남도 남해군","34.834111","128.010750","참돔|농어|노래미|볼락|우럭","초들물~중날물","0.4~1.5","암","▶참돔 - 부력/ 잠수▶농어 - 루어/ 릴찌▶노래미 - 루어/ 릴찌/ 장대/ 원투▶볼락 - 릴찌/ 장대/ 루어▶우럭 - 릴찌/ 원투","needs-check","MOF_SHARED_BOAT_FISHING_POINT","https://www.data.go.kr/data/15148435/fileData.do","2026-07-11","242","POINT (1046700.86468759 1648950.74791999)","공식 선상낚시포인트 데이터 기반. 실제 출조 가능 여부는 선사 및 현장 통제를 확인해야 함."
"boat-243","제주도 북동부·우도 - 산호샤홍조단괴해수욕장앞해상","boat-fishing-point","제주특별자치도","제주시","제주특별자치도 제주시","33.501306","126.934583","참돔|돌돔|볼락|벵에돔|무늬오징어|독가시치","들물/날물","7.9~13.3","암","▶참돔 - 부력/ 잠수▶돌돔 - 민장대/ 릴찌/ 원투▶볼락 - 루어/ 릴찌/ 장대▶벵에돔 - 목줄/ 장대/ 부력/ 잠수▶무늬오징어 - 에깅▶독가시치 - 목줄/ 장대/ 부력/ 잠수","needs-check","MOF_SHARED_BOAT_FISHING_POINT","https://www.data.go.kr/data/15148435/fileData.do","2026-07-11","243","POINT (947481.510564958 1501191.98146394)","공식 선상낚시포인트 데이터 기반. 실제 출조 가능 여부는 선사 및 현장 통제를 확인해야 함."
"boat-244","거차수도 부근 - 명도부근해상","boat-fishing-point","전라남도","진도군","전라남도 진도군","34.215108","125.865638","참돔|감성돔|돌돔|우럭|농어|부시리","1물~4물","23.5~28.5m","암","▶ 참돔 - 부력/ 잠수▶ 감성돔 - 릴찌/ 장대/ 원투▶ 돌돔 - 릴찌/ 장대/ 원투▶ 우럭 - 릴찌/ 원투▶ 농어 - 루어/ 릴찌▶ 부시리 - 부력/ 잠수/ 지깅","needs-check","MOF_SHARED_BOAT_FISHING_POINT","https://www.data.go.kr/data/15148435/fileData.do","2026-07-11","244","POINT (849444.1790021871 1581399.78761792)","공식 선상낚시포인트 데이터 기반. 실제 출조 가능 여부는 선사 및 현장 통제를 확인해야 함."
"boat-245","연도 - 신강서인근해상","boat-fishing-point","전라남도","여수시","전라남도 여수시","34.464904","127.806525","참돔|감성돔|볼락|농어/  삼치|돌돔|갑오징어","초들물/ 초날물/ 조금 전·후","26~29.5m","암","▶ 참돔 - 부력/ 잠수▶ 감성돔 - 릴찌/ 장대/ 원투▶ 볼락 - 릴찌/ 장대/ 루어▶ 농어/ 삼치 - 루어/ 릴찌▶ 돌돔 - 민장대/ 릴찌/ 원투▶ 갑오징어 - 에깅","needs-check","MOF_SHARED_BOAT_FISHING_POINT","https://www.data.go.kr/data/15148435/fileData.do","2026-07-11","245","POINT (1028151.85321859 1607933.21079052)","공식 선상낚시포인트 데이터 기반. 실제 출조 가능 여부는 선사 및 현장 통제를 확인해야 함."
"boat-246","연도 - 땅포앞인근해상","boat-fishing-point","전라남도","여수시","전라남도 여수시","34.441114","127.792578","참돔|감성돔|볼락|농어/  삼치|돌돔|갑오징어","초들물/ 초날물/ 조금 전·후","9.7~23.5m","암","▶ 참돔 - 부력/ 잠수▶ 감성돔 - 릴찌/ 장대/ 원투▶ 볼락 - 릴찌/ 장대/ 루어▶ 농어/ 삼치 - 루어/ 릴찌▶ 돌돔 - 민장대/ 릴찌/ 원투▶ 갑오징어 - 에깅","needs-check","MOF_SHARED_BOAT_FISHING_POINT","https://www.data.go.kr/data/15148435/fileData.do","2026-07-11","246","POINT (1026878.47836397 1605291.33301939)","공식 선상낚시포인트 데이터 기반. 실제 출조 가능 여부는 선사 및 현장 통제를 확인해야 함."
"boat-247","홍도 - 공작새바위인근","boat-fishing-point","전라남도","신안군","전라남도 신안군","34.696446","125.215331","참돔|돌돔|감성돔|우럭|농어","조금 전후","26~31m","암","▶ 참돔 - 부력/ 잠수▶ 돌돔 - 릴찌/ 장대/ 원투▶ 감성돔 - 릴찌/ 장대/ 원투▶ 우럭 - 릴찌/ 원투▶ 농어 - 루어/ 릴찌","needs-check","MOF_SHARED_BOAT_FISHING_POINT","https://www.data.go.kr/data/15148435/fileData.do","2026-07-11","247","POINT (790733.493840483 1635941.65702661)","공식 선상낚시포인트 데이터 기반. 실제 출조 가능 여부는 선사 및 현장 통제를 확인해야 함."
"boat-248","왕등도·위도 - 위도외조도부근","boat-fishing-point","전라북도","부안군","전라북도 부안군","35.583333","126.227444","감성돔|넙치|노래미|농어|숭어|우럭","중썰물~끝썰물","16m~19m","바위","▶감성돔 - 릴찌/ 장대/ 원투 ▶넙치 - 루어/ 원투▶노래미 - 루어/ 릴찌/ 장대/ 원투 ▶농어 - 루어/ 릴찌▶숭어 - 릴찌/ 장대/ 훌치기 ▶우럭 - 릴찌/ 원투","needs-check","MOF_SHARED_BOAT_FISHING_POINT","https://www.data.go.kr/data/15148435/fileData.do","2026-07-11","248","POINT (884704.223875133 1732665.72045247)","공식 선상낚시포인트 데이터 기반. 실제 출조 가능 여부는 선사 및 현장 통제를 확인해야 함."
"boat-249","가덕도 - 대항새바지에서누릉여사이해상","boat-fishing-point","부산광역시","강서구","부산광역시 강서구","35.021139","128.843028","볼락|고등어|벵에돔|학꽁치|감성돔","5물~9물","10.0~11.6","암","▶볼락 - 릴찌/ 장대/ 루어▶고등어 - 루어/ 릴찌/ 장대▶벵에돔 - 목줄/ 장대/ 부력/ 잠수▶볼락 - 릴찌/ 장대/ 루어▶학꽁치 - 릴찌/ 장대▶감성돔 - 릴찌/ 장대/ 원투","needs-check","MOF_SHARED_BOAT_FISHING_POINT","https://www.data.go.kr/data/15148435/fileData.do","2026-07-11","249","POINT (1122525.84585486 1670396.46088181)","공식 선상낚시포인트 데이터 기반. 실제 출조 가능 여부는 선사 및 현장 통제를 확인해야 함."
"boat-250","추자군도 - 대서리인근해상","boat-fishing-point","제주특별자치도","제주시","제주특별자치도 제주시","33.970387","126.288097","감성돔|벵에돔|참돔|돌돔|볼락|부시리","조금 전후/ 1~4물","28.5~29.5m","암","▶ 감성돔 - 릴찌/ 장대/ 원투▶ 벵에돔 - 목줄/ 장대/ 부력/ 잠수▶ 참돔 - 부력/ 잠수▶ 돌돔 - 민장대/ 릴찌/ 원투▶ 볼락 - 릴찌/ 장대/ 루어▶ 부시리 - 부력/ 잠수/ 지깅","needs-check","MOF_SHARED_BOAT_FISHING_POINT","https://www.data.go.kr/data/15148435/fileData.do","2026-07-11","250","POINT (888041.420899986 1553719.19617784)","공식 선상낚시포인트 데이터 기반. 실제 출조 가능 여부는 선사 및 현장 통제를 확인해야 함."
"boat-251","신지도 - 신지도최남단앞바다","boat-fishing-point","전라남도","완도군","전라남도 완도군","34.295083","126.849028","감성돔|돌돔|볼락|붕장어|우럭|참돔|학공치","사리 전·후","13.5m~18m","펄/ 조개껍질","▶감성돔 - 릴찌/ 장대/ 원투 ▶돌돔 - 릴찌/ 장대/ 원투▶볼락 - 루어/ 릴찌/ 장대 ▶붕장어 - 원투▶우럭 - 릴찌/ 원투 ▶참돔 - 부력/ 잠수 ▶학공치 - 릴찌/ 장대","needs-check","MOF_SHARED_BOAT_FISHING_POINT","https://www.data.go.kr/data/15148435/fileData.do","2026-07-11","251","POINT (940092.321583417 1589251.76153109)","공식 선상낚시포인트 데이터 기반. 실제 출조 가능 여부는 선사 및 현장 통제를 확인해야 함."
"boat-252","남해도 북부 - 남상리앞바다","boat-fishing-point","경상남도","남해군","경상남도 남해군","34.842333","127.799444","참돔|농어|노래미|볼락|우럭","초들물~중날","21.7~22.4","암","▶참돔 - 부력/ 잠수▶농어 - 루어/ 릴찌▶노래미 - 루어/ 릴찌/ 장대/ 원투▶볼락 - 릴찌/ 장대/ 루어▶우럭 - 릴찌/ 원투","needs-check","MOF_SHARED_BOAT_FISHING_POINT","https://www.data.go.kr/data/15148435/fileData.do","2026-07-11","252","POINT (1027377.15009711 1649784.5104734)","공식 선상낚시포인트 데이터 기반. 실제 출조 가능 여부는 선사 및 현장 통제를 확인해야 함."
"boat-253","추자군도 - 하추자도북측해상","boat-fishing-point","제주특별자치도","제주시","제주특별자치도 제주시","33.968148","126.340989","감성돔|벵에돔|참돔|돌돔|볼락|부시리","조금 전후/ 1~4물","31~32m","암/ 자갈","▶ 감성돔 - 릴찌/ 장대/ 원투▶ 벵에돔 - 목줄/ 장대/ 부력/ 잠수▶ 참돔 - 부력/ 잠수▶ 돌돔 - 민장대/ 릴찌/ 원투▶ 볼락 - 릴찌/ 장대/ 루어▶ 부시리 - 부력/ 잠수/ 지깅","needs-check","MOF_SHARED_BOAT_FISHING_POINT","https://www.data.go.kr/data/15148435/fileData.do","2026-07-11","253","POINT (892925.110687998 1553414.40408517)","공식 선상낚시포인트 데이터 기반. 실제 출조 가능 여부는 선사 및 현장 통제를 확인해야 함."
"boat-254","자은도 - 원도부근","boat-fishing-point","전라남도","신안군","전라남도 신안군","34.850583","126.050667","감성돔|숭어|농어","초들물~중날","10~16.3","암","▶감성돔 - 릴찌/ 장대/ 원투▶숭어 - 릴찌/ 장대/ 홀치기▶농어 - 루어/ 릴찌","needs-check","MOF_SHARED_BOAT_FISHING_POINT","https://www.data.go.kr/data/15148435/fileData.do","2026-07-11","254","POINT (867501.0351490431 1651616.25856216)","공식 선상낚시포인트 데이터 기반. 실제 출조 가능 여부는 선사 및 현장 통제를 확인해야 함."
"boat-255","칠천도·가조도 - 황덕도부근해상","boat-fishing-point","경상남도","거제시","경상남도 거제시","35.005833","128.623806","감성돔|노래미|갑오징어|도다리|볼락","초들물~중날물","6.0~13","펄","▶감성돔 - 릴찌/ 장대/ 원투▶노래미 - 루어/ 릴찌/ 장대/ 원투▶갑오징어 - 에깅▶도다리 - 원투▶볼락 - 릴찌/ 장대/ 루어","needs-check","MOF_SHARED_BOAT_FISHING_POINT","https://www.data.go.kr/data/15148435/fileData.do","2026-07-11","255","POINT (1102544.1092012 1668451.88706098)","공식 선상낚시포인트 데이터 기반. 실제 출조 가능 여부는 선사 및 현장 통제를 확인해야 함."
"boat-256","십이동파도·비안도 - 비안도두리도부근","boat-fishing-point","전라북도","군산시","전라북도 군산시","35.745028","126.465861","넙치|노래미|농어|붕장어|우럭","들물 전·후","4.3m~5.1m","가는 모래","▶넙치 - 루어/ 원투 ▶노래미 - 루어/ 릴찌/ 장대/ 원투▶농어 - 루어/ 릴찌 ▶붕장어 - 원투▶우럭 - 릴찌/ 원투","needs-check","MOF_SHARED_BOAT_FISHING_POINT","https://www.data.go.kr/data/15148435/fileData.do","2026-07-11","256","POINT (906494.79511994 1750346.87635847)","공식 선상낚시포인트 데이터 기반. 실제 출조 가능 여부는 선사 및 현장 통제를 확인해야 함."
"boat-257","만재도 - 만재도동측선상","boat-fishing-point","전라남도","신안군","전라남도 신안군","34.205008","125.485442","돌돔|참돔|감성돔|우럭|광어|농어|볼락|문어","조금 전후","12~20m","암","▶ 돌돔 - 릴찌/ 장대/ 원투▶ 참돔 - 부력/ 잠수▶ 감성돔 - 릴찌/ 장대/ 원투▶ 우럭 - 릴찌/ 원투▶ 광어 - 릴찌/ 원투▶ 농어 - 루어/ 릴찌▶ 볼락 - 릴찌/ 장대/ 루어▶ 문어 - 루어","needs-check","MOF_SHARED_BOAT_FISHING_POINT","https://www.data.go.kr/data/15148435/fileData.do","2026-07-11","257","POINT (814393.882492017 1580906.93811592)","공식 선상낚시포인트 데이터 기반. 실제 출조 가능 여부는 선사 및 현장 통제를 확인해야 함."
"boat-258","독거군도 부근 - 슬도북쪽해상","boat-fishing-point","전라남도","진도군","전라남도 진도군","34.267719","126.140679","참돔|감성돔|돌돔|광어|농어","1물~4물","23~28.5m","암","▶ 참돔 - 부력/ 잠수▶ 감성돔 - 릴찌/ 장대/ 원투▶ 돌돔 - 릴찌/ 장대/ 원투▶ 광어 - 릴찌/ 원투▶ 농어 - 루어/ 릴찌","needs-check","MOF_SHARED_BOAT_FISHING_POINT","https://www.data.go.kr/data/15148435/fileData.do","2026-07-11","258","POINT (874860.464134911 1586861.70224025)","공식 선상낚시포인트 데이터 기반. 실제 출조 가능 여부는 선사 및 현장 통제를 확인해야 함."
"boat-259","금오도·안도 - 배다서부근","boat-fishing-point","전라남도","여수시","전라남도 여수시","34.527056","127.803250","감성돔|돌돔|벵에돔|볼락|우럭|참돔|학공치","조금 전·후","27m~32m","펄","▶감성돔 -릴찌/ 장대/ 원투 ▶돌돔 - 릴찌/ 장대/ 원투▶벵에돔 - 목줄/ 장대/ 부력/ 잠수 ▶볼락 - 루어/ 릴찌/ 장대▶우럭 -릴찌/ 원투 ▶참돔 - 부력/ 잠수 ▶학공치 - 릴찌/ 장대","needs-check","MOF_SHARED_BOAT_FISHING_POINT","https://www.data.go.kr/data/15148435/fileData.do","2026-07-11","259","POINT (1027830.38410499 1614824.09131067)","공식 선상낚시포인트 데이터 기반. 실제 출조 가능 여부는 선사 및 현장 통제를 확인해야 함."
"boat-260","자월도 - 월암두(부근여)부근","boat-fishing-point","인천광역시","옹진군","인천광역시 옹진군","37.239611","126.318750","농어|우럭","들물/ 날물","13m~17m","조개껍질/ 펄","▶농어 - 루어/ 릴찌 ▶우럭 - 릴찌/ 원투","needs-check","MOF_SHARED_BOAT_FISHING_POINT","https://www.data.go.kr/data/15148435/fileData.do","2026-07-11","260","POINT (895225.736006807 1916292.37304081)","공식 선상낚시포인트 데이터 기반. 실제 출조 가능 여부는 선사 및 현장 통제를 확인해야 함."
"boat-261","무의도 - 해녀도부근해상","boat-fishing-point","인천광역시","중구","인천광역시 중구","37.363194","126.440417","숭어|노래미|붕장어|우럭|삼치|주꾸미","중들물~중날물","2.3~3.6","펄/ 모래","▶숭어 - 릴찌/ 장대/ 홀치기▶노래미 - 루어/ 릴찌/ 장대/ 원투▶붕장어 - 원투▶우럭 - 릴찌/ 원투▶삼치 - 루어/ 릴찌▶주꾸미 - 릴찌/ 원투","needs-check","MOF_SHARED_BOAT_FISHING_POINT","https://www.data.go.kr/data/15148435/fileData.do","2026-07-11","261","POINT (906171.3302432231 1929875.47663374)","공식 선상낚시포인트 데이터 기반. 실제 출조 가능 여부는 선사 및 현장 통제를 확인해야 함."
"boat-262","돌산도 - 신기마을앞노란색부표부근","boat-fishing-point","전라남도","여수시","전라남도 여수시","34.599028","127.733750","참돔|농어|노래미|볼락|우럭|붕장어","초들물~중날물","7.9~22","펄","▶참돔 - 부력/ 잠수▶농어 - 루어/ 릴찌▶노래미 - 루어/ 릴찌/ 장대/ 원투▶볼락 - 릴찌/ 장대/ 루어▶우럭 - 릴찌/ 원투▶붕장어 - 원투","needs-check","MOF_SHARED_BOAT_FISHING_POINT","https://www.data.go.kr/data/15148435/fileData.do","2026-07-11","262","POINT (1021433.62346084 1622788.04515061)","공식 선상낚시포인트 데이터 기반. 실제 출조 가능 여부는 선사 및 현장 통제를 확인해야 함."
"boat-263","만재도 - 국도북측선상","boat-fishing-point","전라남도","신안군","전라남도 신안군","34.210850","125.490069","돌돔|참돔|감성돔|우럭|광어|농어|볼락|문어","조금 전후","25~28m","암","▶ 돌돔 - 릴찌/ 장대/ 원투▶ 참돔 - 부력/ 잠수▶ 감성돔 - 릴찌/ 장대/ 원투▶ 우럭 - 릴찌/ 원투▶ 광어 - 릴찌/ 원투▶ 농어 - 루어/ 릴찌▶ 볼락 - 릴찌/ 장대/ 루어▶ 문어 - 루어","needs-check","MOF_SHARED_BOAT_FISHING_POINT","https://www.data.go.kr/data/15148435/fileData.do","2026-07-11","263","POINT (814832.97408745 1581546.52368828)","공식 선상낚시포인트 데이터 기반. 실제 출조 가능 여부는 선사 및 현장 통제를 확인해야 함."
"boat-264","광양만 부근 - 여수대교부근","boat-fishing-point","전라남도","광양시","전라남도 광양시","34.894722","127.704903","붕장어|망둥어|숭어|감성돔|농어|노래미|볼락|도다리","5물~10물","9.7~13m","암","▶ 붕장어 - 원투▶ 망둥어 - 릴찌/ 장대▶ 숭어 - 릴찌/ 장대/ 훌치기▶ 감성돔 - 릴찌/ 장대/ 원투▶ 농어 - 루어/ 릴찌▶ 노래미 - 루어/ 릴찌/ 장대/ 원투▶ 볼락 - 릴찌/ 장대/ 루어▶ 도다리 - 원투","needs-check","MOF_SHARED_BOAT_FISHING_POINT","https://www.data.go.kr/data/15148435/fileData.do","2026-07-11","264","POINT (1018721.64979025 1655572.39144483)","공식 선상낚시포인트 데이터 기반. 실제 출조 가능 여부는 선사 및 현장 통제를 확인해야 함."
"boat-265","남해도 동부·신수도·창선도 - 후박방파제앞해상","boat-fishing-point","경상남도","남해군","경상남도 남해군","34.924333","128.015833","참돔|농어|노래미|볼락|우럭","초들물~중날물","6.4~11.7","펄/ 모래","▶참돔 - 부력/ 잠수▶농어 - 루어/ 릴찌▶노래미 - 루어/ 릴찌/ 장대/ 원투▶볼락 - 릴찌/ 장대/ 루어▶우럭 - 릴찌/ 원투","needs-check","MOF_SHARED_BOAT_FISHING_POINT","https://www.data.go.kr/data/15148435/fileData.do","2026-07-11","265","POINT (1047114.15311957 1658958.36988447)","공식 선상낚시포인트 데이터 기반. 실제 출조 가능 여부는 선사 및 현장 통제를 확인해야 함."
"boat-266","만재도 - 만재도서측선상","boat-fishing-point","전라남도","신안군","전라남도 신안군","34.213308","125.464828","돌돔|참돔|감성돔|우럭|광어|농어|볼락|문어","조금 전후","10.5~14m","암","▶ 돌돔 - 릴찌/ 장대/ 원투▶ 참돔 - 부력/ 잠수▶ 감성돔 - 릴찌/ 장대/ 원투▶ 우럭 - 릴찌/ 원투▶ 광어 - 릴찌/ 원투▶ 농어 - 루어/ 릴찌▶ 볼락 - 릴찌/ 장대/ 루어▶ 문어 - 루어","needs-check","MOF_SHARED_BOAT_FISHING_POINT","https://www.data.go.kr/data/15148435/fileData.do","2026-07-11","266","POINT (812512.7256985119 1581865.31842097)","공식 선상낚시포인트 데이터 기반. 실제 출조 가능 여부는 선사 및 현장 통제를 확인해야 함."
"boat-267","석모도 - 선모도부근해상","boat-fishing-point","인천광역시","강화군","인천광역시 강화군","37.712194","126.323333","농어|숭어|우럭|망둥어","초들물~중날물","-0.8~0.6","펄","▶농어 - 루어/ 릴찌▶숭어 - 릴찌/ 장대/ 홀치기▶우럭 - 릴찌/ 원투▶망둥어 - 릴찌/ 장대","needs-check","MOF_SHARED_BOAT_FISHING_POINT","https://www.data.go.kr/data/15148435/fileData.do","2026-07-11","267","POINT (896287.518418898 1968719.63886489)","공식 선상낚시포인트 데이터 기반. 실제 출조 가능 여부는 선사 및 현장 통제를 확인해야 함."
"boat-301","칠천도·가조도 - 마당서부근해상","boat-fishing-point","경상남도","거제시","경상남도 거제시","34.968000","","감성돔|노래미|갑오징어|도다리|볼락","초들물~중날물","15.3~16.7","펄","▶감성돔 - 릴찌/ 장대/ 원투▶노래미 - 루어/ 릴찌/ 장대/ 원투▶갑오징어 - 에깅▶도다리 - 원투▶볼락 - 릴찌/ 장대/ 루어","needs-check","MOF_SHARED_BOAT_FISHING_POINT","https://www.data.go.kr/data/15148435/fileData.do","2026-07-11","301","POINT (1091841.59704977 1664141.52241572)","공식 선상낚시포인트 데이터 기반. 실제 출조 가능 여부는 선사 및 현장 통제를 확인해야 함."
"boat-268","부산항 부근 - 몰운대전망대해상","boat-fishing-point","부산광역시","영도구","부산광역시 영도구","35.033268","128.973776","쥐노래미|고등어|벵에돔|숭어|감성돔|참돔|부시리|학꽁치|볼락|우럭|농어","조금전후/ 1물~5물","11.7~15m","펄","▶ 쥐노래미 - 루어/ 릴찌/ 장대/ 원투▶ 고등어 - 장대/ 릴찌/ 루어▶ 벵에돔 - 목줄/ 장대/ 부력/ 잠수▶ 숭어 - 릴찌/ 장대/ 훌치기▶ 감성돔 - 릴찌/ 장대/ 원투▶ 참돔 - 부력/ 잠수▶ 부시리 - 부력/ 잠수/ 지깅▶ 학꽁치 - 릴찌/ 장대▶ 볼락 - 릴찌/ 장대/ 루어▶ 우럭 - 릴찌/ 원투▶ 농어 - 루어/ 릴찌","needs-check","MOF_SHARED_BOAT_FISHING_POINT","https://www.data.go.kr/data/15148435/fileData.do","2026-07-11","268","POINT (1134435.12539107 1671909.95135662)","공식 선상낚시포인트 데이터 기반. 실제 출조 가능 여부는 선사 및 현장 통제를 확인해야 함."
"boat-269","시도 - 부도부근해상","boat-fishing-point","인천광역시","옹진군","인천광역시 옹진군","37.532833","126.394583","숭어|노래미|붕장어|우럭|삼치|주꾸미","초들물~중날물","-3.0~1.7","자갈/ 모래","▶숭어 - 릴찌/ 장대/ 홀치기▶노래미 - 루어/ 릴찌/ 장대/ 원투▶붕장어 - 원투▶우럭 - 릴찌/ 원투▶삼치 - 루어/ 릴찌▶주꾸미 - 릴찌/ 원투/ 장대","needs-check","MOF_SHARED_BOAT_FISHING_POINT","https://www.data.go.kr/data/15148435/fileData.do","2026-07-11","269","POINT (902333.357136048 1948742.96128164)","공식 선상낚시포인트 데이터 기반. 실제 출조 가능 여부는 선사 및 현장 통제를 확인해야 함."
"boat-270","황제도 - 알매섬해상","boat-fishing-point","전라남도","완도군","전라남도 완도군","34.193809","127.063751","감성돔|참돔|돌돔|농어|광어|볼락","조금 전후/ 2~3물","22~30m","암","▶ 감성돔 - 릴찌/ 장대/ 원투▶ 참돔 - 부력/ 잠수▶ 돌돔 - 릴찌/ 장대/ 원투▶ 농어 - 루어/ 릴찌▶ 광어 - 릴찌/ 원투▶ 볼락 - 릴찌/ 장대/ 루어","needs-check","MOF_SHARED_BOAT_FISHING_POINT","https://www.data.go.kr/data/15148435/fileData.do","2026-07-11","270","POINT (959804.912415883 1577916.41017921)","공식 선상낚시포인트 데이터 기반. 실제 출조 가능 여부는 선사 및 현장 통제를 확인해야 함."
"boat-271","추도 부근 - 개바위끝부근","boat-fishing-point","경상남도","통영시","경상남도 통영시","34.746140","128.303517","볼락|우럭|주꾸미|광어|감성돔|벵에돔|참돔","6물~8물","21~23.5m","암","▶ 볼락 - 릴찌/ 장대/ 루어▶ 우럭 - 릴찌/ 원투▶ 주꾸미 - 릴찌/ 원투▶ 광어 - 릴찌/ 원투▶ 감성돔 - 릴찌/ 장대/ 원투▶ 벵에돔 - 목줄/ 장대/ 부력/ 잠수▶ 참돔 - 부력/ 잠수","needs-check","MOF_SHARED_BOAT_FISHING_POINT","https://www.data.go.kr/data/15148435/fileData.do","2026-07-11","271","POINT (1073548.80937844 1639370.46921961)","공식 선상낚시포인트 데이터 기반. 실제 출조 가능 여부는 선사 및 현장 통제를 확인해야 함."
"boat-272","이작도·승봉도 - 오형제바위앞바다","boat-fishing-point","인천광역시","옹진군","인천광역시 옹진군","37.185500","126.260417","넙치|노래미|농어|숭어|우럭","","13m~22m","펄","▶넙치 - 루어/ 원투 ▶노래미 - 루어/ 릴찌/ 장대/ 원투▶농어 - 루어/ 릴찌 ▶숭어 - 릴찌/ 장대/ 훌치기 ▶우럭 - 릴찌/ 원투","needs-check","MOF_SHARED_BOAT_FISHING_POINT","https://www.data.go.kr/data/15148435/fileData.do","2026-07-11","272","POINT (889972.9275023671 1910355.21384553)","공식 선상낚시포인트 데이터 기반. 실제 출조 가능 여부는 선사 및 현장 통제를 확인해야 함."
"boat-273","어청도·연도 - 어청도가진서부근","boat-fishing-point","전라북도","군산시","전라북도 군산시","36.105833","125.994722","넙치|농어|돌돔|방어","들물/ 날물","22m~30m","모래","▶넙치 - 루어/ 원투 ▶농어 - 루어/ 릴찌▶돌돔 - 릴찌/ 장대/ 원투 ▶방어 - 부력/ 잠수/ 지깅","needs-check","MOF_SHARED_BOAT_FISHING_POINT","https://www.data.go.kr/data/15148435/fileData.do","2026-07-11","273","POINT (864509.5867704761 1790920.94234383)","공식 선상낚시포인트 데이터 기반. 실제 출조 가능 여부는 선사 및 현장 통제를 확인해야 함."
"boat-274","나로도 - 숨은여부근","boat-fishing-point","전라남도","고흥군","전라남도 고흥군","34.492861","127.434528","감성돔|농어|도다리|볼락|숭어|학공치","초들물~만조","5m~7m","모래","▶감성돔 - 릴찌/ 장대/ 원투 ▶농어 - 루어/ 릴찌▶도다리 - 원투 ▶볼락 - 루어/ 릴찌/ 장대▶숭어 - 릴찌/ 장대/ 훌치기 ▶학공치 - 릴찌/ 장대","needs-check","MOF_SHARED_BOAT_FISHING_POINT","https://www.data.go.kr/data/15148435/fileData.do","2026-07-11","274","POINT (993988.92677094 1610992.56326844)","공식 선상낚시포인트 데이터 기반. 실제 출조 가능 여부는 선사 및 현장 통제를 확인해야 함."
"boat-275","비진도·매물도 - 대매물도가익도부근","boat-fishing-point","경상남도","통영시","경상남도 통영시","34.645417","128.545111","감성돔|돌돔|볼락|우럭|벵에돔|참돔","조금 전·후","43m~47m","펄/ 모래/ 조개껍질","▶감성돔 - 릴찌/ 장대/ 원투 ▶돌돔 - 릴찌/ 장대/ 원투▶볼락 - 루어/ 릴찌/ 장대 ▶우럭 - 릴찌/ 원투▶벵에돔 - 목줄/ 장대/ 부력/ 잠수 ▶참돔 - 부력/ 잠수","needs-check","MOF_SHARED_BOAT_FISHING_POINT","https://www.data.go.kr/data/15148435/fileData.do","2026-07-11","275","POINT (1095779.58041503 1628403.88700121)","공식 선상낚시포인트 데이터 기반. 실제 출조 가능 여부는 선사 및 현장 통제를 확인해야 함."
"boat-276","백아도·굴업도 - 백아도오도부근","boat-fishing-point","인천광역시","옹진군","인천광역시 옹진군","37.064667","125.946139","넙치|노래미|농어|붕장어|우럭","1~3물/ 조금 전·후","6.2m~10m","펄","▶넙치 - 루어/ 원투 ▶노래미 - 루어/ 릴찌/ 장대/ 원투▶농어 - 루어/ 릴찌 ▶붕장어 - 원투 ▶우럭 - 릴찌/ 원투","needs-check","MOF_SHARED_BOAT_FISHING_POINT","https://www.data.go.kr/data/15148435/fileData.do","2026-07-11","276","POINT (861856.0463970611 1897360.25902482)","공식 선상낚시포인트 데이터 기반. 실제 출조 가능 여부는 선사 및 현장 통제를 확인해야 함."
"boat-277","거제도 남부 - 갈곶도부근","boat-fishing-point","경상남도","거제시","경상남도 거제시","34.727056","128.689111","감성돔|돌돔|벵에돔|우럭|볼락|참돔","조금 전·후","38m~55m","자갈/ 조개껍질","▶감성돔 - 릴찌/ 장대/ 원투 ▶돌돔 - 릴찌/ 장대/ 원투▶벵에돔 - 목줄/ 장대/ 부력/ 잠수 ▶우럭 - 릴찌/ 원투▶볼락 - 루어/ 릴찌/ 장대 ▶참돔 - 부력/ 잠수","needs-check","MOF_SHARED_BOAT_FISHING_POINT","https://www.data.go.kr/data/15148435/fileData.do","2026-07-11","277","POINT (1108870.20133785 1637603.85660784)","공식 선상낚시포인트 데이터 기반. 실제 출조 가능 여부는 선사 및 현장 통제를 확인해야 함."
"boat-278","이작도·승봉도 - 송곳부리앞바다","boat-fishing-point","인천광역시","옹진군","인천광역시 옹진군","37.161389","126.287944","넙치|노래미|농어|숭어|우럭","","8.4m~10m","모래/ 펄/ 조개껍질","▶넙치 - 루어/ 원투 ▶노래미 - 루어/ 릴찌/ 장대/ 원투▶농어 - 루어/ 릴찌 ▶숭어 - 릴찌/ 장대/ 훌치기 ▶우럭 - 릴찌/ 원투","needs-check","MOF_SHARED_BOAT_FISHING_POINT","https://www.data.go.kr/data/15148435/fileData.do","2026-07-11","278","POINT (892382.226455564 1907648.64724621)","공식 선상낚시포인트 데이터 기반. 실제 출조 가능 여부는 선사 및 현장 통제를 확인해야 함."
"boat-279","십이동파도·비안도 - 십이동파도소금도남서측바다","boat-fishing-point","전라북도","군산시","전라북도 군산시","35.978833","126.227917","감성돔|갑오징어|넙치|노래미|농어|우럭|참돔","들물 전·후","27m~29.3m","펄/ 조개껍질","▶감성돔 - 릴찌/ 장대/ 원투 ▶갑오징어 - 에깅▶넙치 - 루어/ 원투 ▶노래미 - 루어/ 릴찌/ 장대/ 원투▶농어 - 루어/ 릴찌 ▶우럭 - 릴찌/ 원투 ▶참돔 - 부력/ 잠수","needs-check","MOF_SHARED_BOAT_FISHING_POINT","https://www.data.go.kr/data/15148435/fileData.do","2026-07-11","279","POINT (885316.5822634131 1776533.74677251)","공식 선상낚시포인트 데이터 기반. 실제 출조 가능 여부는 선사 및 현장 통제를 확인해야 함."
"boat-280","선유도·무녀도·장자도·신시도 - 광서부근","boat-fishing-point","전라북도","군산시","전라북도 군산시","35.827278","126.395583","넙치|노래미|농어|붕장어|삼치|우럭|양태","조금 전·후","6m~8m","자갈/ 조개껍질","▶넙치 - 루어/ 원투 ▶노래미 - 루어/ 릴찌/ 장대/ 원투▶농어 - 루어/ 릴찌 ▶붕장어 - 원투▶삼치 - 루어/ 릴찌 ▶우럭 - 릴찌/ 원투 ▶양태 - 루어/ 릴찌","needs-check","MOF_SHARED_BOAT_FISHING_POINT","https://www.data.go.kr/data/15148435/fileData.do","2026-07-11","280","POINT (900242.987302026 1759539.1064594)","공식 선상낚시포인트 데이터 기반. 실제 출조 가능 여부는 선사 및 현장 통제를 확인해야 함."
"boat-281","이작도·승봉도 - 작은풀안해수욕장앞바다","boat-fishing-point","인천광역시","옹진군","인천광역시 옹진군","37.165194","126.255972","넙치|노래미|농어|숭어|우럭","","17m~20m","모래/ 펄","▶넙치 - 루어/ 원투 ▶노래미 - 루어/ 릴찌/ 장대/ 원투▶농어 - 루어/ 릴찌 ▶숭어 - 릴찌/ 장대/ 훌치기 ▶우럭 - 릴찌/ 원투","needs-check","MOF_SHARED_BOAT_FISHING_POINT","https://www.data.go.kr/data/15148435/fileData.do","2026-07-11","281","POINT (889548.850186258 1908107.60943814)","공식 선상낚시포인트 데이터 기반. 실제 출조 가능 여부는 선사 및 현장 통제를 확인해야 함."
"boat-282","호도·녹도·외연도 - 흑서부근","boat-fishing-point","충청남도","보령시","충청남도 보령시","36.231611","126.064556","감성돔|갑오징어|넙치|노래미|농어|우럭|참돔","조금 전·후","14m~16m","펄","▶감성돔 - 릴찌/ 장대/ 원투 ▶갑오징어 - 에깅▶넙치 - 루어/ 원투 ▶노래미 - 루어/ 릴찌/ 장대/ 원투▶농어 - 루어/ 릴찌 ▶우럭 - 릴찌/ 원투 ▶참돔 - 부력/ 잠수","needs-check","MOF_SHARED_BOAT_FISHING_POINT","https://www.data.go.kr/data/15148435/fileData.do","2026-07-11","282","POINT (871002.059198012 1804778.18797538)","공식 선상낚시포인트 데이터 기반. 실제 출조 가능 여부는 선사 및 현장 통제를 확인해야 함."
"boat-283","거금도 - 감등서부근","boat-fishing-point","전라남도","고흥군","전라남도 고흥군","34.502028","127.239861","감성돔|농어|도다리|돌돔|붕장어|숭어|우럭","초들물","18m~23m","펄","▶감성돔 - 릴찌/ 장대/ 원투 ▶농어 - 루어/ 릴찌▶도다리 - 원투 ▶돌돔 - 릴찌/ 장대/ 원투▶붕장어 - 원투 ▶숭어 - 릴찌/ 장대/ 훌치기 ▶우럭 - 릴찌/ 원투","needs-check","MOF_SHARED_BOAT_FISHING_POINT","https://www.data.go.kr/data/15148435/fileData.do","2026-07-11","283","POINT (976118.953330575 1612037.79161408)","공식 선상낚시포인트 데이터 기반. 실제 출조 가능 여부는 선사 및 현장 통제를 확인해야 함."
"boat-284","거제도 북서부 - 수도부근","boat-fishing-point","경상남도","거제시","경상남도 거제시","34.927361","128.482028","감성돔|고등어|돌돔|보리멸|살오징어|볼락|참돔","조금 전·후","15m~17m","펄","▶감성돔 - 릴찌/ 장대/ 원투 ▶고등어 - 루어/ 릴찌/ 장대▶돌돔 - 릴찌/ 장대/ 원투 ▶보리멸 - 원투▶살오징어 - 에깅 ▶볼락 - 루어/ 릴찌/ 장대 ▶참돔 - 부력/ 잠수","needs-check","MOF_SHARED_BOAT_FISHING_POINT","https://www.data.go.kr/data/15148435/fileData.do","2026-07-11","284","POINT (1089692.30631966 1659612.82031183)","공식 선상낚시포인트 데이터 기반. 실제 출조 가능 여부는 선사 및 현장 통제를 확인해야 함."
"boat-302","가거도 - 두억서부근해상","boat-fishing-point","전라남도","신안군","전라남도 신안군","34.105167","125.098556","감성돔|노래미|참돔|농어|볼락|우럭|돌돔|부시리","초들물~중날물","11.2~17.9","암","▶감성돔 - 릴찌/ 장대/ 원투▶노래미 - 루어/ 릴찌/ 장대/ 원투▶참돔 - 릴찌▶농어 - 루어▶볼락 - 릴찌/ 장대/ 루어▶우럭 - 루어/ 릴찌/ 장대/ 원투▶돌돔 - 릴찌 ▶부시리 - 루어","needs-check","MOF_SHARED_BOAT_FISHING_POINT","https://www.data.go.kr/data/15148435/fileData.do","2026-07-11","302","POINT (778481.217193135 1570605.62650236)","공식 선상낚시포인트 데이터 기반. 실제 출조 가능 여부는 선사 및 현장 통제를 확인해야 함."
"boat-285","비금도·도초도 - 우세도부근","boat-fishing-point","전라남도","신안군","전라남도 신안군","34.794250","125.923944","감성돔|농어|돌돔|볼락|붕장어|우럭|참돔","날물","7m~10m","펄","▶감성돔 - 릴찌/ 장대/ 원투 ▶농어 - 루어/ 릴찌▶돌돔 - 릴찌/ 장대/ 원투 ▶볼락 - 루어/ 릴찌/ 장대▶붕장어 - 원투 ▶우럭 - 릴찌/ 원투 ▶참돔 - 부력/ 잠수","needs-check","MOF_SHARED_BOAT_FISHING_POINT","https://www.data.go.kr/data/15148435/fileData.do","2026-07-11","285","POINT (855816.858103856 1645543.29753197)","공식 선상낚시포인트 데이터 기반. 실제 출조 가능 여부는 선사 및 현장 통제를 확인해야 함."
"boat-286","왕등도·위도 - 하왕등도서쪽바다","boat-fishing-point","전라북도","부안군","전라북도 부안군","35.637889","126.101167","감성돔|넙치|농어|돌돔|붕장어|우럭|참돔","조금 전·후","28m~34m","펄","▶감성돔 - 릴찌/ 장대/ 원투 ▶넙치 - 루어/ 원투▶농어 - 루어/ 릴찌 ▶돌돔 - 릴찌/ 장대/ 원투▶붕장어 - 원투 ▶우럭 - 릴찌/ 원투 ▶참돔 - 부력/ 잠수","needs-check","MOF_SHARED_BOAT_FISHING_POINT","https://www.data.go.kr/data/15148435/fileData.do","2026-07-11","286","POINT (873348.5749765391 1738872.15840949)","공식 선상낚시포인트 데이터 기반. 실제 출조 가능 여부는 선사 및 현장 통제를 확인해야 함."
"boat-287","입파도·국화도 - 입파도남서측바다","boat-fishing-point","경기도","화성시","경기도 화성시","37.092917","126.522778","넙치|노래미|도다리|붕장어|우럭","조금 전·후","31m~34m","펄/ 모래","▶넙치 - 루어/ 원투 ▶노래미 - 루어/ 릴찌/ 장대/ 원투▶도다리 - 원투 ▶붕장어 - 원투▶우럭 - 릴찌/ 원투","needs-check","MOF_SHARED_BOAT_FISHING_POINT","https://www.data.go.kr/data/15148435/fileData.do","2026-07-11","287","POINT (913155.368684082 1899811.66738313)","공식 선상낚시포인트 데이터 기반. 실제 출조 가능 여부는 선사 및 현장 통제를 확인해야 함."
"boat-288","제주도 북동부·우도 - 종달리포구앞해상","boat-fishing-point","제주특별자치도","제주시","제주특별자치도 제주시","33.508167","126.921917","참돔|돌돔|볼락|벵에돔|무늬오징어|독가시치","들물/날물","11.7~16.9","암","▶참돔 - 부력/ 잠수▶돌돔 - 민장대/ 릴찌/ 원투▶볼락 - 루어/ 릴찌/ 장대▶벵에돔 - 목줄/ 장대/ 부력/ 잠수▶무늬오징어 - 에깅▶독가시치 - 목줄/ 장대/ 부력/ 잠수","needs-check","MOF_SHARED_BOAT_FISHING_POINT","https://www.data.go.kr/data/15148435/fileData.do","2026-07-11","288","POINT (946309.2000829561 1501959.16240361)","공식 선상낚시포인트 데이터 기반. 실제 출조 가능 여부는 선사 및 현장 통제를 확인해야 함."
"boat-289","남해도 동부·신수도·창선도 - 적량마을앞해상","boat-fishing-point","경상남도","남해군","경상남도 남해군","34.860444","128.067833","볼락|고등어|벵에돔","초들물~중날물","3.5~16.4","암","▶볼락 - 릴찌/ 장대/ 루어▶고등어 - 루어/ 릴찌/ 장대▶벵에돔 - 목줄/ 장대/ 잠수▶볼락 - 릴찌/ 장대/ 루어▶고등어 - 루어/ 릴찌/ 장대▶벵에돔 - 목줄/ 장대/ 부력","needs-check","MOF_SHARED_BOAT_FISHING_POINT","https://www.data.go.kr/data/15148435/fileData.do","2026-07-11","289","POINT (1051903.84479745 1651899.05378848)","공식 선상낚시포인트 데이터 기반. 실제 출조 가능 여부는 선사 및 현장 통제를 확인해야 함."
"boat-290","압해도 - 압해도선착장앞해상","boat-fishing-point","전라남도","신안군","전라남도 신안군","34.820694","126.370556","감성돔|노래미|농어|볼락|붕장어|우럭","초들물~중날물","12.9~19.6","펄","▶감성돔 - 릴찌/ 장대/ 원투 ▶노래미 - 루어/ 릴찌/ 장대/ 원투 ▶농어 - 루어/ 릴찌▶볼락 - 릴찌/ 장대/ 루어 ▶붕장어 - 원투 ▶우럭 - 릴찌/ 원투","needs-check","MOF_SHARED_BOAT_FISHING_POINT","https://www.data.go.kr/data/15148435/fileData.do","2026-07-11","290","POINT (896709.663952138 1647925.39898324)","공식 선상낚시포인트 데이터 기반. 실제 출조 가능 여부는 선사 및 현장 통제를 확인해야 함."
"boat-291","거차수도 부근 - 동거차해수욕장해상","boat-fishing-point","전라남도","진도군","전라남도 진도군","34.227143","125.930263","참돔|감성돔|돌돔|우럭|농어|부시리","1물~4물","23~24.5m","암","▶ 참돔 - 부력/ 잠수▶ 감성돔 - 릴찌/ 장대/ 원투▶ 돌돔 - 릴찌/ 장대/ 원투▶ 우럭 - 릴찌/ 원투▶ 농어 - 루어/ 릴찌▶ 부시리 - 부력/ 잠수/ 지깅","needs-check","MOF_SHARED_BOAT_FISHING_POINT","https://www.data.go.kr/data/15148435/fileData.do","2026-07-11","291","POINT (855418.48581245 1582640.80576275)","공식 선상낚시포인트 데이터 기반. 실제 출조 가능 여부는 선사 및 현장 통제를 확인해야 함."
"boat-306","독거군도 부근 - 소슬도해상","boat-fishing-point","전라남도","진도군","전라남도 진도군","34.256536","126.151855","참돔|감성돔|돌돔|광어|농어","1물~4물","22.5~23m","암","▶ 참돔 - 부력/ 잠수▶ 감성돔 - 릴찌/ 장대/ 원투▶ 돌돔 - 릴찌/ 장대/ 원투▶ 광어 - 릴찌/ 원투▶ 농어 - 루어/ 릴찌","needs-check","MOF_SHARED_BOAT_FISHING_POINT","https://www.data.go.kr/data/15148435/fileData.do","2026-07-11","306","POINT (875873.005686549 1585607.81447684)","공식 선상낚시포인트 데이터 기반. 실제 출조 가능 여부는 선사 및 현장 통제를 확인해야 함."
"boat-292","왕등도·위도 - 상왕등도대구섬부근","boat-fishing-point","전라북도","부안군","전라북도 부안군","35.661306","126.118861","감성돔|넙치|농어|돌돔|붕장어|우럭|참돔","조금 전·후","17m~23m","가는 모래/ 펄","▶감성돔 - 릴찌/ 장대/ 원투 ▶넙치 - 루어/ 원투▶농어 - 루어/ 릴찌 ▶돌돔 - 릴찌/ 장대/ 원투▶붕장어 - 원투 ▶우럭 - 릴찌/ 원투 ▶참돔 - 부력/ 잠수","needs-check","MOF_SHARED_BOAT_FISHING_POINT","https://www.data.go.kr/data/15148435/fileData.do","2026-07-11","292","POINT (874987.2384059919 1741446.85025521)","공식 선상낚시포인트 데이터 기반. 실제 출조 가능 여부는 선사 및 현장 통제를 확인해야 함."
"boat-293","어청도·연도 - 연도북서쪽부근","boat-fishing-point","전라북도","군산시","전라북도 군산시","36.090528","126.426556","감성돔|넙치|농어|보구치|우럭|장대","들물/ 날물","10m~14m","모래","▶감성돔 - 릴찌/ 장대/ 원투 ▶넙치 - 루어/ 원투▶농어 - 루어/ 릴찌 ▶보구치 - 원투▶우럭 - 릴찌/ 원투 ▶장대 - 루어/ 릴찌","needs-check","MOF_SHARED_BOAT_FISHING_POINT","https://www.data.go.kr/data/15148435/fileData.do","2026-07-11","293","POINT (903361.9557762721 1788707.65687384)","공식 선상낚시포인트 데이터 기반. 실제 출조 가능 여부는 선사 및 현장 통제를 확인해야 함."
"boat-294","청산도·대모도 - 불근도부근","boat-fishing-point","전라남도","완도군","전라남도 완도군","34.149278","126.765167","감성돔|농어|노래미|우럭|볼락|참돔","4물~사리","24m~30m","펄","▶감성돔 - 릴찌/ 장대/ 원투 ▶농어 - 루어/ 릴찌▶노래미 - 루어/ 릴찌/ 장대/ 원투 ▶우럭 - 릴찌/ 원투▶볼락 - 루어/ 릴찌/ 장대 ▶참돔 - 부력/ 잠수","needs-check","MOF_SHARED_BOAT_FISHING_POINT","https://www.data.go.kr/data/15148435/fileData.do","2026-07-11","294","POINT (932257.980596869 1573136.64469423)","공식 선상낚시포인트 데이터 기반. 실제 출조 가능 여부는 선사 및 현장 통제를 확인해야 함."
"boat-295","제주도 남서부·가파도·마라도 - 광포란부근해상","boat-fishing-point","제주특별자치도","서귀포시","제주특별자치도 서귀포시","33.174333","126.286750","벵에돔|농어|자리돔|볼락|한치|참돔|부시리","들물/썰물","12.2~18.9","암","▶벵에돔 - 목줄/ 장대/ 잠수▶농어 - 루어/ 릴찌▶자리돔 - 민장대/ 릴찌▶볼락 - 루어/ 릴찌/ 장대▶한치 - 루어/ 원투▶참돔 - 부력/ 잠수▶부시리 - 부력/ 잠수/ 지깅","needs-check","MOF_SHARED_BOAT_FISHING_POINT","https://www.data.go.kr/data/15148435/fileData.do","2026-07-11","295","POINT (886883.236911815 1465454.19570616)","공식 선상낚시포인트 데이터 기반. 실제 출조 가능 여부는 선사 및 현장 통제를 확인해야 함."
"boat-296","장산도 - 신도부근","boat-fishing-point","전라남도","신안군","전라남도 신안군","34.679111","126.164833","감성돔|붕장어|농어","조금전후","0.3~4.9","암","▶감성돔 - 릴찌/ 장대/ 원투▶붕장어 - 원투▶농어 - 루어/ 릴찌","needs-check","MOF_SHARED_BOAT_FISHING_POINT","https://www.data.go.kr/data/15148435/fileData.do","2026-07-11","296","POINT (877686.1740851881 1632454.59234685)","공식 선상낚시포인트 데이터 기반. 실제 출조 가능 여부는 선사 및 현장 통제를 확인해야 함."
"boat-297","칠천도·가조도 - 수야방도서측해상","boat-fishing-point","경상남도","거제시","경상남도 거제시","35.018833","128.635583","감성돔|노래미|갑오징어|도다리|볼락","초들물~중날물","7.0~10.2","펄","▶감성돔 - 릴찌/ 장대/ 원투▶노래미 - 루어/ 릴찌/ 장대/ 원투▶갑오징어 - 에깅▶도다리 - 원투▶볼락 - 릴찌/ 장대/ 루어","needs-check","MOF_SHARED_BOAT_FISHING_POINT","https://www.data.go.kr/data/15148435/fileData.do","2026-07-11","297","POINT (1103602.44239449 1669905.79578253)","공식 선상낚시포인트 데이터 기반. 실제 출조 가능 여부는 선사 및 현장 통제를 확인해야 함."
"boat-298","칠천도·가조도 - 돌끝여부근해상","boat-fishing-point","경상남도","거제시","경상남도 거제시","34.959722","128.501194","감성돔|노래미|갑오징어|도다리|볼락","초들물~중날물","15.4~18.4","펄","▶감성돔 - 릴찌/ 장대/ 원투▶노래미 - 루어/ 릴찌/ 장대/ 원투▶갑오징어 - 에깅▶도다리 - 원투▶볼락 - 릴찌/ 장대/ 루어","needs-check","MOF_SHARED_BOAT_FISHING_POINT","https://www.data.go.kr/data/15148435/fileData.do","2026-07-11","298","POINT (1091407.0020387 1663219.04935133)","공식 선상낚시포인트 데이터 기반. 실제 출조 가능 여부는 선사 및 현장 통제를 확인해야 함."
"boat-299","두미도 - 남구마을남측해상","boat-fishing-point","경상남도","통영시","경상남도 통영시","34.694667","128.204056","감성돔|벵에돔|노래미|참돔|농어|볼락","상관없음","5.4~10.0","펄","▶감성돔 - 릴찌/ 장대/ 원투▶벵에돔 - 목줄/ 장대/ 부력/ 잠수▶노래미 - 루어/ 릴찌/ 장대/ 원투▶참돔 - 부력/ 잠수▶농어 - 루어/ 릴찌▶볼락 - 릴찌/ 장대/ 루어","needs-check","MOF_SHARED_BOAT_FISHING_POINT","https://www.data.go.kr/data/15148435/fileData.do","2026-07-11","299","POINT (1064484.55202964 1633594.11391327)","공식 선상낚시포인트 데이터 기반. 실제 출조 가능 여부는 선사 및 현장 통제를 확인해야 함."
"boat-300","제주도 북동부·우도 - 천진항앞해상","boat-fishing-point","제주특별자치도","제주시","제주특별자치도 제주시","33.485472","","참돔|돌돔|볼락|벵에돔|무늬오징어|독가시치","들물/날물","12.0~12.4","암","▶참돔 - 부력/ 잠수▶돌돔 - 민장대/ 릴찌/ 원투▶볼락 - 루어/ 릴찌/ 장대▶벵에돔 - 목줄/ 장대/ 부력/ 잠수▶무늬오징어 - 에깅▶독가시치 - 목줄/ 장대/ 부력/ 잠수","needs-check","MOF_SHARED_BOAT_FISHING_POINT","https://www.data.go.kr/data/15148435/fileData.do","2026-07-11","300","POINT (948096.469905671 1499433.14253981)","공식 선상낚시포인트 데이터 기반. 실제 출조 가능 여부는 선사 및 현장 통제를 확인해야 함."
"boat-303","가의도 - 남측곶부리앞해상","boat-fishing-point","충청남도","태안군","충청남도 태안군","36.675472","126.084278","우럭|노래미|고등어|광어|주꾸미|학꽁치","상관없음","14.4~18.9","암","▶우럭 - 릴찌/ 원투▶노래미 - 루어/ 릴찌/ 장대/ 원투▶고등어 - 루어/ 릴찌/ 장대▶광어 - 릴찌/ 원투▶주꾸미 - 릴찌/ 원투/ 장대▶학꽁치 - 릴찌/ 장대","needs-check","MOF_SHARED_BOAT_FISHING_POINT","https://www.data.go.kr/data/15148435/fileData.do","2026-07-11","303","POINT (873497.570012863 1853991.0008046)","공식 선상낚시포인트 데이터 기반. 실제 출조 가능 여부는 선사 및 현장 통제를 확인해야 함."
"boat-304","수영만 부근 - 앞산초인근해상","boat-fishing-point","부산광역시","남구","부산광역시 남구","35.151274","129.170659","도다리|붕장어|학꽁치|무늬오징어|망상어","6물~8물","8.2~9.7m","암","▶ 도다리 - 원투▶ 붕장어 - 원투▶ 학꽁치 - 릴찌/ 장대▶ 무늬오징어 - 에깅▶ 망상어 - 민장대/ 릴찌","needs-check","MOF_SHARED_BOAT_FISHING_POINT","https://www.data.go.kr/data/15148435/fileData.do","2026-07-11","304","POINT (1152176.6476286 1685281.51000746)","공식 선상낚시포인트 데이터 기반. 실제 출조 가능 여부는 선사 및 현장 통제를 확인해야 함."
"boat-305","간수제도 - 소평도해상","boat-fishing-point","전라남도","여수시","전라남도 여수시","34.255313","127.445998","감성돔|참돔|돌돔|우럭|노래미|농어|숭어|삼치|문어","사리를 피한 조금 이후","12.6~29.5m","펄","▶ 감성돔 - 릴찌/ 장대/ 원투▶ 참돔 - 부력/ 잠수▶ 돌돔 - 릴찌/ 장대/ 원투▶ 우럭 - 릴찌/ 원투▶ 노래미 - 루어/ 릴찌/ 장대/ 원투▶ 농어 - 루어/ 릴찌▶ 숭어 - 릴찌/ 장대/ 훌치기▶ 삼치 - 루어/ 릴찌▶ 문어 - 루어","needs-check","MOF_SHARED_BOAT_FISHING_POINT","https://www.data.go.kr/data/15148435/fileData.do","2026-07-11","305","POINT (995027.983158491 1584651.44058618)","공식 선상낚시포인트 데이터 기반. 실제 출조 가능 여부는 선사 및 현장 통제를 확인해야 함."
"boat-307","여수엑스포 부근 - 향촌마을부근","boat-fishing-point","전라남도","여수시","전라남도 여수시","34.729327","127.856183","벵에돔|참돔|돌돔|감성돔|농어","조금","19.5~28m","암","▶ 벵에돔 - 목줄/ 장대/ 부력/ 잠수▶ 참돔 - 부력/ 잠수▶ 돌돔 - 릴찌/ 장대/ 원투▶ 감성돔 - 릴찌/ 장대/ 원투▶ 농어 - 루어/ 릴찌","needs-check","MOF_SHARED_BOAT_FISHING_POINT","https://www.data.go.kr/data/15148435/fileData.do","2026-07-11","307","POINT (1032609.00972927 1637269.84517828)","공식 선상낚시포인트 데이터 기반. 실제 출조 가능 여부는 선사 및 현장 통제를 확인해야 함."
"boat-308","당항포 부근 - 카페이안펜션해상","boat-fishing-point","경상남도","고성군","경상남도 고성군","35.072575","128.450531","도다리|노래미|볼락|감성돔|갑오징어","조금전후","13.7~17m","펄/ 모래","▶ 도다리 - 원투▶ 노래미 - 루어/ 릴찌/ 장대/ 원투▶ 볼락 - 릴찌/ 장대/ 루어▶ 감성돔 - 릴찌/ 장대/ 원투▶ 갑오징어 - 에깅","needs-check","MOF_SHARED_BOAT_FISHING_POINT","https://www.data.go.kr/data/15148435/fileData.do","2026-07-11","308","POINT (1086662.19806101 1675689.47249295)","공식 선상낚시포인트 데이터 기반. 실제 출조 가능 여부는 선사 및 현장 통제를 확인해야 함."
"boat-309","황제도 - 맞담해상","boat-fishing-point","전라남도","완도군","전라남도 완도군","34.189978","127.089142","감성돔|참돔|돌돔|농어|광어|볼락","조금 전후/ 2~3물","15.2~16m","모래/ 조개껍질","▶ 감성돔 - 릴찌/ 장대/ 원투▶ 참돔 - 부력/ 잠수▶ 돌돔 - 릴찌/ 장대/ 원투▶ 농어 - 루어/ 릴찌▶ 광어 - 릴찌/ 원투▶ 볼락 - 릴찌/ 장대/ 루어","needs-check","MOF_SHARED_BOAT_FISHING_POINT","https://www.data.go.kr/data/15148435/fileData.do","2026-07-11","309","POINT (962142.6804810511 1577481.94952324)","공식 선상낚시포인트 데이터 기반. 실제 출조 가능 여부는 선사 및 현장 통제를 확인해야 함."
"boat-310","추자군도 - 흑검도앞해상","boat-fishing-point","제주특별자치도","제주시","제주특별자치도 제주시","33.986880","126.340775","감성돔|벵에돔|참돔|돌돔|볼락|부시리","조금 전후/ 1~4물","8~26m","암","▶ 감성돔 - 릴찌/ 장대/ 원투▶ 벵에돔 - 목줄/ 장대/ 부력/ 잠수▶ 참돔 - 부력/ 잠수▶ 돌돔 - 민장대/ 릴찌/ 원투▶ 볼락 - 릴찌/ 장대/ 루어▶ 부시리 - 부력/ 잠수/ 지깅","needs-check","MOF_SHARED_BOAT_FISHING_POINT","https://www.data.go.kr/data/15148435/fileData.do","2026-07-11","310","POINT (892928.865817042 1555491.74082701)","공식 선상낚시포인트 데이터 기반. 실제 출조 가능 여부는 선사 및 현장 통제를 확인해야 함."
"boat-311","연화도 부근 - 연화도방파제인근해상","boat-fishing-point","경상남도","통영시","경상남도 통영시","34.644339","128.371064","참돔|감성돔|볼락|벵에돔|농어","초들물/ 초날물/ 5물~6물/ 조금","12~18.3m","암","▶ 참돔 - 부력/ 잠수▶ 감성돔 - 릴찌/ 장대/ 원투▶ 볼락 - 릴찌/ 장대/ 루어▶ 벵에돔 - 목줄/ 장대/ 부력/ 잠수▶ 농어 - 루어/ 릴찌","needs-check","MOF_SHARED_BOAT_FISHING_POINT","https://www.data.go.kr/data/15148435/fileData.do","2026-07-11","311","POINT (1079829.51324547 1628132.74857631)","공식 선상낚시포인트 데이터 기반. 실제 출조 가능 여부는 선사 및 현장 통제를 확인해야 함."
"boat-312","어청도·연도 - 어청도한우담앞바다","boat-fishing-point","전라북도","군산시","전라북도 군산시","36.121000","126.001667","농어|노래미|돌돔|우럭","들물/ 날물","41m~47m","모래","▶농어 - 루어/ 릴찌 ▶노래미 - 루어/ 릴찌/ 장대/ 원투▶돌돔 - 릴찌/ 장대/ 원투 ▶우럭 - 릴찌/ 원투","needs-check","MOF_SHARED_BOAT_FISHING_POINT","https://www.data.go.kr/data/15148435/fileData.do","2026-07-11","312","POINT (865160.643795564 1792593.69906711)","공식 선상낚시포인트 데이터 기반. 실제 출조 가능 여부는 선사 및 현장 통제를 확인해야 함."
"boat-313","무의도 - 실미도남서측해상","boat-fishing-point","인천광역시","중구","인천광역시 중구","37.395528","126.389361","숭어|삼치|주꾸미|노래미|붕장어","중들물~중날물","-1.0~1.0","펄/ 모래","▶숭어 - 릴찌/ 장대/ 홀치기▶삼치 - 루어/ 릴찌▶주꾸미 - 릴찌/ 원투▶노래미 - 루어/ 릴찌/ 장대/ 원투▶붕장어 - 원투","needs-check","MOF_SHARED_BOAT_FISHING_POINT","https://www.data.go.kr/data/15148435/fileData.do","2026-07-11","313","POINT (901692.306060074 1933514.69851984)","공식 선상낚시포인트 데이터 기반. 실제 출조 가능 여부는 선사 및 현장 통제를 확인해야 함."
"boat-314","덕적도·소야도 - 감증탄부근","boat-fishing-point","인천광역시","옹진군","인천광역시 옹진군","37.205639","126.099889","넙치|노래미|농어|붕장어|우럭","조금 전·후","6m~10m","바위","▶넙치 - 루어/ 원투 ▶노래미 - 루어/ 릴찌/ 장대/ 원투▶농어 - 루어/ 릴찌 ▶붕장어 - 원투 ▶우럭 - 루어/ 릴찌","needs-check","MOF_SHARED_BOAT_FISHING_POINT","https://www.data.go.kr/data/15148435/fileData.do","2026-07-11","314","POINT (875756.5518496 1912787.96710539)","공식 선상낚시포인트 데이터 기반. 실제 출조 가능 여부는 선사 및 현장 통제를 확인해야 함."
"boat-315","입파도·국화도 - 국화도북동측바다","boat-fishing-point","경기도","화성시","경기도 화성시","37.080722","126.563444","넙치|노래미|도다리|붕장어|우럭","조금 전·후","24.5m~30m","모래","▶넙치 - 루어/ 원투 ▶노래미 - 루어/ 릴찌/ 장대/ 원투▶도다리 - 원투 ▶붕장어 - 원투▶우럭 - 릴찌/ 원투","needs-check","MOF_SHARED_BOAT_FISHING_POINT","https://www.data.go.kr/data/15148435/fileData.do","2026-07-11","315","POINT (916756.117743743 1898422.42168736)","공식 선상낚시포인트 데이터 기반. 실제 출조 가능 여부는 선사 및 현장 통제를 확인해야 함."
"boat-316","노화도·보길도·소안도 - 송도부근","boat-fishing-point","전라남도","완도군","전라남도 완도군","34.217111","126.541417","감성돔|돌돔|벵에돔|우럭|볼락|참돔","사리 전·후","6m~8.5m","펄","▶감성돔 - 릴찌/ 장대/ 원투 ▶돌돔 - 릴찌/ 장대/ 원투▶벵에돔 - 목줄/ 장대/ 부력/ 잠수 ▶우럭 - 릴찌/ 원투▶볼락 - 루어/ 릴찌/ 장대 ▶참돔 - 부력/ 잠수","needs-check","MOF_SHARED_BOAT_FISHING_POINT","https://www.data.go.kr/data/15148435/fileData.do","2026-07-11","316","POINT (911701.233882364 1580829.61501318)","공식 선상낚시포인트 데이터 기반. 실제 출조 가능 여부는 선사 및 현장 통제를 확인해야 함."
"boat-317","이작도·승봉도 - 동백도동측앞바다","boat-fishing-point","인천광역시","옹진군","인천광역시 옹진군","37.198806","126.220083","노래미|숭어|농어|넙치|우럭","","47m~50m","가는 모래","▶노래미 - 루어/ 릴찌/ 장대/ 원투 ▶숭어 - 릴찌/ 장대/ 훌치기▶농어 - 루어/ 릴찌 ▶넙치 - 루어/ 원투 ▶우럭 - 릴찌/ 원투","needs-check","MOF_SHARED_BOAT_FISHING_POINT","https://www.data.go.kr/data/15148435/fileData.do","2026-07-11","317","POINT (886412.658495693 1911878.97515274)","공식 선상낚시포인트 데이터 기반. 실제 출조 가능 여부는 선사 및 현장 통제를 확인해야 함."
"boat-318","풍도·난지도 - 소난지도우모도부근","boat-fishing-point","경기도","안산시","경기도 안산시","37.028222","126.449583","넙치|농어|도다리|우럭|붕장어","만조/ 간조 전·후","23m~24m","모래","▶넙치 - 루어/ 원투 ▶농어 - 루어/ 릴찌▶도다리 - 원투 ▶우럭 - 릴찌/ 원투▶붕장어 - 원투","needs-check","MOF_SHARED_BOAT_FISHING_POINT","https://www.data.go.kr/data/15148435/fileData.do","2026-07-11","318","POINT (906571.15545473 1892703.92085239)","공식 선상낚시포인트 데이터 기반. 실제 출조 가능 여부는 선사 및 현장 통제를 확인해야 함."
"boat-319","금일도·생일도 - 낭도부근","boat-fishing-point","전라남도","완도군","전라남도 완도군","34.320278","127.017444","감성돔|숭어|우럭|노래미|농어|학꽁치|볼락|붕장어","초들물~중날물","1.8~2.5","암","▶감성돔 - 릴찌/ 장대/ 원투▶숭어 - 릴찌/ 장대/ 훌치기▶우럭 - 릴찌/ 원투▶노래미 - 루어/ 릴찌/ 장대/ 원투▶농어 - 루어/ 릴찌▶학꽁치 - 릴찌/ 장대▶볼락 - 루어/ 릴찌/ 장대▶붕장어 - 원투","needs-check","MOF_SHARED_BOAT_FISHING_POINT","https://www.data.go.kr/data/15148435/fileData.do","2026-07-11","319","POINT (955604.787282203 1591959.05898287)","공식 선상낚시포인트 데이터 기반. 실제 출조 가능 여부는 선사 및 현장 통제를 확인해야 함."
"boat-320","독거군도 부근 - 구도해상","boat-fishing-point","전라남도","진도군","전라남도 진도군","34.265162","126.168934","참돔|감성돔|돌돔|광어|농어","1물~4물","26~27m","암","▶ 참돔 - 부력/ 잠수▶ 감성돔 - 릴찌/ 장대/ 원투▶ 돌돔 - 릴찌/ 장대/ 원투▶ 광어 - 릴찌/ 원투▶ 농어 - 루어/ 릴찌","needs-check","MOF_SHARED_BOAT_FISHING_POINT","https://www.data.go.kr/data/15148435/fileData.do","2026-07-11","320","POINT (877458.166464571 1586543.75621699)","공식 선상낚시포인트 데이터 기반. 실제 출조 가능 여부는 선사 및 현장 통제를 확인해야 함."
"boat-321","돌산도 - 백포간출여주변해상","boat-fishing-point","전라남도","여수시","전라남도 여수시","37.475917","126.354778","참돔|농어|노래미|볼락|우럭|붕장어","초들물~중날물","9.7~10.5","펄","▶참돔 - 부력/ 잠수▶농어 - 루어/ 릴찌▶노래미 - 루어/ 릴찌/ 장대/ 원투▶볼락 - 릴찌/ 장대/ 루어▶우럭 - 릴찌/ 원투▶붕장어 - 원투","needs-check","MOF_SHARED_BOAT_FISHING_POINT","https://www.data.go.kr/data/15148435/fileData.do","2026-07-11","321","POINT (898739.4548031851 1942470.23046188)","공식 선상낚시포인트 데이터 기반. 실제 출조 가능 여부는 선사 및 현장 통제를 확인해야 함."
"boat-322","돌산도 - 예교마을앞입표부근해상","boat-fishing-point","전라남도","여수시","전라남도 여수시","34.607583","127.730444","참돔|농어|노래미|볼락|우럭|붕장어","초들물~중날물","8.7~12.8","펄","▶참돔 - 부력/ 잠수▶농어 - 루어/ 릴찌▶노래미 - 루어/ 릴찌/ 장대/ 원투▶볼락 - 릴찌/ 장대/ 루어▶우럭 - 릴찌/ 원투▶붕장어 - 원투","needs-check","MOF_SHARED_BOAT_FISHING_POINT","https://www.data.go.kr/data/15148435/fileData.do","2026-07-11","322","POINT (1021128.35010164 1623736.06669886)","공식 선상낚시포인트 데이터 기반. 실제 출조 가능 여부는 선사 및 현장 통제를 확인해야 함."
"boat-323","시도 - 노랑섬서측간출암부근해상","boat-fishing-point","인천광역시","옹진군","인천광역시 옹진군","37.511694","126.477889","숭어|노래미|붕장어|우럭|삼치|주꾸미","초들물~중날물","-2.3~1.8","펄","▶숭어 - 릴찌/ 장대/ 홀치기▶노래미 - 루어/ 릴찌/ 장대/ 원투▶붕장어 - 원투▶우럭 - 릴찌/ 원투▶삼치 - 루어/ 릴찌▶주꾸미 - 릴찌/ 원투/ 장대","needs-check","MOF_SHARED_BOAT_FISHING_POINT","https://www.data.go.kr/data/15148435/fileData.do","2026-07-11","323","POINT (909668.365062203 1946314.38800156)","공식 선상낚시포인트 데이터 기반. 실제 출조 가능 여부는 선사 및 현장 통제를 확인해야 함."
"boat-324","독거군도 부근 - 죽항송도해상","boat-fishing-point","전라남도","진도군","전라남도 진도군","34.266468","126.094723","참돔|감성돔|돌돔|광어|농어","1물~4물","13.4~17.7m","자갈/ 조개껍질","▶ 참돔 - 부력/ 잠수▶ 감성돔 - 릴찌/ 장대/ 원투▶ 돌돔 - 릴찌/ 장대/ 원투▶ 광어 - 릴찌/ 원투▶ 농어 - 루어/ 릴찌","needs-check","MOF_SHARED_BOAT_FISHING_POINT","https://www.data.go.kr/data/15148435/fileData.do","2026-07-11","324","POINT (870627.53553238 1586780.47639146)","공식 선상낚시포인트 데이터 기반. 실제 출조 가능 여부는 선사 및 현장 통제를 확인해야 함."
"boat-325","추자도 - 섬도남측해상","boat-fishing-point","제주특별자치도","제주시","제주특별자치도 제주시","33.937917","126.314028","감성돔|돌돔|자리돔|농어|볼락|참돔","들물/썰물","14.2~18.7","암","▶감성돔 - 릴찌/ 장대/ 원투▶돌돔 - 민장대/ 릴찌/ 원투▶자리돔 - 장대/ 카드▶농어 - 루어/ 릴찌▶볼락 - 루어/ 릴찌/ 장대▶참돔 - 부력/ 잠수","needs-check","MOF_SHARED_BOAT_FISHING_POINT","https://www.data.go.kr/data/15148435/fileData.do","2026-07-11","325","POINT (890395.453182811 1550090.67629043)","공식 선상낚시포인트 데이터 기반. 실제 출조 가능 여부는 선사 및 현장 통제를 확인해야 함."
"boat-326","추자군도 - 가인서앞해상","boat-fishing-point","제주특별자치도","제주시","제주특별자치도 제주시","33.999256","126.362980","감성돔|벵에돔|참돔|돌돔|볼락|부시리","조금 전후/ 1~4물","25~29m","암","▶ 감성돔 - 릴찌/ 장대/ 원투▶ 벵에돔 - 목줄/ 장대/ 부력/ 잠수▶ 참돔 - 부력/ 잠수▶ 돌돔 - 민장대/ 릴찌/ 원투▶ 볼락 - 릴찌/ 장대/ 루어▶ 부시리 - 부력/ 잠수/ 지깅","needs-check","MOF_SHARED_BOAT_FISHING_POINT","https://www.data.go.kr/data/15148435/fileData.do","2026-07-11","326","POINT (894995.1762580541 1556841.10145141)","공식 선상낚시포인트 데이터 기반. 실제 출조 가능 여부는 선사 및 현장 통제를 확인해야 함."
"boat-327","제주도 북동부·우도 - 김녕리앞해상","boat-fishing-point","제주특별자치도","제주시","제주특별자치도 제주시","","126.775139","참돔|돌돔|볼락|벵에돔|무늬오징어|독가시치","들물/날물","15.4~20.5","암","▶참돔 - 부력/ 잠수▶돌돔 - 민장대/ 릴찌/ 원투▶볼락 - 루어/ 릴찌/ 장대▶벵에돔 - 목줄/ 장대/ 부력/ 잠수▶무늬오징어 - 에깅▶독가시치 - 목줄/ 장대/ 부력/ 잠수","needs-check","MOF_SHARED_BOAT_FISHING_POINT","https://www.data.go.kr/data/15148435/fileData.do","2026-07-11","327","POINT (932729.693808265 1509636.47736892)","공식 선상낚시포인트 데이터 기반. 실제 출조 가능 여부는 선사 및 현장 통제를 확인해야 함."
"boat-328","원산도·삽시도 - 증도부근","boat-fishing-point","충청남도","보령시","충청남도 보령시","36.390444","126.421889","감성돔|갑오징어|넙치|농어|우럭|주꾸미","들물 전·후","3.8m~5.6m","모래","▶감성돔 - 릴찌/ 장대/ 원투 ▶갑오징어 - 에깅▶넙치 - 루어/ 원투 ▶농어 - 루어/ 릴찌▶우럭 - 릴찌/ 원투 ▶주꾸미 - 루어","needs-check","MOF_SHARED_BOAT_FISHING_POINT","https://www.data.go.kr/data/15148435/fileData.do","2026-07-11","328","POINT (903311.932453389 1821980.57358433)","공식 선상낚시포인트 데이터 기반. 실제 출조 가능 여부는 선사 및 현장 통제를 확인해야 함."
"boat-329","가의도 - 단도부근해상","boat-fishing-point","충청남도","태안군","충청남도 태안군","36.667639","126.037778","우럭|노래미|고등어|광어|주꾸미|학꽁치","상관없음","6.8~12.6","암","▶우럭 - 릴찌/ 원투▶노래미 - 루어/ 릴찌/ 장대/ 원투▶고등어 - 루어/ 릴찌/ 장대▶광어 - 릴찌/ 원투▶주꾸미 - 릴찌/ 원투/ 장대▶학꽁치 - 릴찌/ 장대","needs-check","MOF_SHARED_BOAT_FISHING_POINT","https://www.data.go.kr/data/15148435/fileData.do","2026-07-11","329","POINT (869329.039003276 1853184.33531705)","공식 선상낚시포인트 데이터 기반. 실제 출조 가능 여부는 선사 및 현장 통제를 확인해야 함."
"rock-300","장산도 - 차돌이","rock-fishing-point","전라남도","신안군","전라남도 신안군","34.661556","","감성돔|농어|붕장어","조금 전후","2.1~5.0","암","▶감성돔 - 릴찌/ 장대/ 원투 ▶농어 - 루어/ 릴찌 ▶붕장어 - 원투","needs-check","MOF_SHARED_ROCK_FISHING_POINT","https://www.data.go.kr/data/15148580/fileData.do","2026-07-11","300","POINT (879836.679920866 1630479.07465587)","공식 갯바위낚시포인트 데이터 기반. 갯바위 출입 가능 여부와 안전 통제는 현장 및 공식 안내 확인 필요."
"rock-301","진도 남서부 - 백미도 부근 갯바위","rock-fishing-point","전라남도","진도군","전라남도 진도군","34.359389","","벵에돔|갑오징어|볼락|부시리|농어|노래미","초들물~중날물","2.4~3.2","암","▶벵에돔 - 목줄/ 장대/ 부력/ 잠수 ▶갑오징어 - 에깅 ▶볼락 - 릴찌/ 장대/ 루어▶부시리 - 부력/ 잠수/ 지깅 ▶농어 - 루어/ 릴찌 ▶노래미 - 루어/ 릴찌/ 장대/ 원투","needs-check","MOF_SHARED_ROCK_FISHING_POINT","https://www.data.go.kr/data/15148580/fileData.do","2026-07-11","301","POINT (874185.5313562091 1597038.32569831)","공식 갯바위낚시포인트 데이터 기반. 갯바위 출입 가능 여부와 안전 통제는 현장 및 공식 안내 확인 필요."
"rock-302","상조도·하조도·관매도 - 하조도 물치끝(낚시배 이용)","rock-fishing-point","전라남도","진도군","전라남도 진도군","34.292028","","감성돔|참돔|노래미|돌돔|도다리|우럭","초들물~중날물","0.1~3.","암","▶감성돔 - 릴찌/ 장대/ 원투 ▶참돔 - 부력/ 잠수 ▶노래미 - 루어/ 릴찌/ 장대/ 원투▶돌돔 - 원투/ 민장대/ 릴찌 ▶도다리 - 원투 ▶우럭 - 릴찌/ 원투","needs-check","MOF_SHARED_ROCK_FISHING_POINT","https://www.data.go.kr/data/15148580/fileData.do","2026-07-11","302","POINT (863405.5991566869 1589718.07776419)","공식 갯바위낚시포인트 데이터 기반. 갯바위 출입 가능 여부와 안전 통제는 현장 및 공식 안내 확인 필요."
"rock-303","가거도 - 노랑섭날 갯바위","rock-fishing-point","전라남도","신안군","전라남도 신안군","34.073083","","감성돔|노래미|참돔|농어|볼락|우럭|돌돔|부시리","초들물~중날물","3.0~9.7","암","▶감성돔 - 릴찌/ 장대/ 원투 ▶노래미 - 루어/ 릴찌/ 장대/ 원투 ▶참돔 - 릴찌 ▶농어 - 루어▶볼락 - 릴찌/ 장대/ 루어 ▶우럭 - 루어/ 릴찌/ 장대/ 원투 ▶돌돔 - 릴찌 ▶부시리 - 루어","needs-check","MOF_SHARED_ROCK_FISHING_POINT","https://www.data.go.kr/data/15148580/fileData.do","2026-07-11","303","POINT (777428.42998948 1567069.88749999)","공식 갯바위낚시포인트 데이터 기반. 갯바위 출입 가능 여부와 안전 통제는 현장 및 공식 안내 확인 필요."
"rock-304","가거도 - 대국흘도 갯바위","rock-fishing-point","전라남도","신안군","전라남도 신안군","34.117361","","감성돔|노래미|참돔|농어|볼락|우럭|돌돔|부시리","초들물~중날물","6.0~11.6","암","▶감성돔 - 릴찌/ 장대/ 원투 ▶노래미 - 루어/ 릴찌/ 장대/ 원투 ▶참돔 - 릴찌 ▶농어 - 루어▶볼락 - 릴찌/ 장대/ 루어 ▶우럭 - 루어/ 릴찌/ 장대/ 원투 ▶돌돔 - 릴찌 ▶부시리 - 루어","needs-check","MOF_SHARED_ROCK_FISHING_POINT","https://www.data.go.kr/data/15148580/fileData.do","2026-07-11","304","POINT (777065.1928965121 1571992.35865861)","공식 갯바위낚시포인트 데이터 기반. 갯바위 출입 가능 여부와 안전 통제는 현장 및 공식 안내 확인 필요."
"rock-305","완도 - 칠암각 갯바위","rock-fishing-point","전라남도","완도군","전라남도 완도군","34.327056","","숭어|우럭|농어|감성돔|참돔|붕장어","초들물~중날물","3.6~4.6","펄/ 조개껍질","▶숭어 - 릴찌/ 장대/ 홀치기▶우럭 - 릴찌/ 원투▶농어 - 루어/ 릴찌▶감성돔 - 릴찌/ 장대/ 원투▶참돔 - 부력/ 잠수▶붕장어 - 원투","needs-check","MOF_SHARED_ROCK_FISHING_POINT","https://www.data.go.kr/data/15148580/fileData.do","2026-07-11","305","POINT (921179.312646607 1592937.55295865)","공식 갯바위낚시포인트 데이터 기반. 갯바위 출입 가능 여부와 안전 통제는 현장 및 공식 안내 확인 필요."
"rock-306","금당도 - 육산리 해변","rock-fishing-point","전라남도","완도군","전라남도 완도군","34.428333","","감성돔|볼락|노래미|농어|도다리|학공치","초들물~중날물","1.2~1.6","모래","▶감성돔 - 릴찌/ 장대/ 원투▶볼락 - 릴찌/ 장대/ 루어▶노래미 - 루어/ 릴찌/ 장대/ 원투▶농어 - 루어/ 릴찌▶도다리 - 원투▶학공치 - 릴찌/ 장대","needs-check","MOF_SHARED_ROCK_FISHING_POINT","https://www.data.go.kr/data/15148580/fileData.do","2026-07-11","306","POINT (957422.855566604 1603932.71223452)","공식 갯바위낚시포인트 데이터 기반. 갯바위 출입 가능 여부와 안전 통제는 현장 및 공식 안내 확인 필요."
"rock-307","초도 - 내항도","rock-fishing-point","전라남도","여수시","전라남도 여수시","34.223194","","참돔|뱅어돔|볼락|감성돔|돌돔|농어","초들물~중날물","0.1~2.5","펄","▶참돔 - 부력/ 잠수▶뱅어돔 - 목줄/ 장대/ 부력/ 잠수▶볼락 - 릴찌/ 장대/ 루어▶감성돔 - 릴찌/ 장대/ 원투▶돌돔 - 민장대/ 릴찌/ 원투▶농어 - 루어/ 릴찌","needs-check","MOF_SHARED_ROCK_FISHING_POINT","https://www.data.go.kr/data/15148580/fileData.do","2026-07-11","307","POINT (974629.991306861 1581123.06242902)","공식 갯바위낚시포인트 데이터 기반. 갯바위 출입 가능 여부와 안전 통제는 현장 및 공식 안내 확인 필요."
"rock-308","남해도 동부·신수도·창선도 - 신수도 남쪽 갯바위(구 초소)","rock-fishing-point","경상남도","사천시","경상남도 사천시","34.889361","","볼락|갑오징어|노래미|우럭","초들물~중날물","0.2~0.6","암","▶볼락 - 릴찌/ 장대/ 루어 ▶갑오징어 - 에깅 ▶노래미 - 루어/ 릴찌/ 장대/ 원투 ▶우럭 - 릴찌/ 원투","needs-check","MOF_SHARED_ROCK_FISHING_POINT","https://www.data.go.kr/data/15148580/fileData.do","2026-07-11","308","POINT (1053045.64399178 1655112.44073292)","공식 갯바위낚시포인트 데이터 기반. 갯바위 출입 가능 여부와 안전 통제는 현장 및 공식 안내 확인 필요."
"rock-309","두미도 - 용머리","rock-fishing-point","경상남도","통영시","경상남도 통영시","34.687083","","감성돔|벵에돔|노래미|참돔|농어|볼락","상관없음","0.4~3.0","펄","▶감성돔 - 릴찌/ 장대/ 원투▶벵에돔 - 목줄/ 장대/ 부력/ 잠수▶노래미 - 루어/ 릴찌/ 장대/ 원투▶참돔 - 부력/ 잠수▶농어 - 루어/ 릴찌▶볼락 - 릴찌/ 장대/ 루어","needs-check","MOF_SHARED_ROCK_FISHING_POINT","https://www.data.go.kr/data/15148580/fileData.do","2026-07-11","309","POINT (1063648.21653941 1632747.31907966)","공식 갯바위낚시포인트 데이터 기반. 갯바위 출입 가능 여부와 안전 통제는 현장 및 공식 안내 확인 필요."
"rock-310","울릉도 - 코끼리바위 갯바위","rock-fishing-point","경상북도","울릉군","경상북도 울릉군","37.540250","","벵에돔|참돔","들물~초썰물","3.5~5.0","암","▶벵에돔 - 목줄/ 장대/ 부력/ 잠수▶참돔 - 부력/ 잠수","needs-check","MOF_SHARED_ROCK_FISHING_POINT","https://www.data.go.kr/data/15148580/fileData.do","2026-07-11","310","POINT (1295738.66635058 1954258.67637407)","공식 갯바위낚시포인트 데이터 기반. 갯바위 출입 가능 여부와 안전 통제는 현장 및 공식 안내 확인 필요."
"rock-311","가의도 - 북측 끝단 갯바위","rock-fishing-point","충청남도","태안군","충청남도 태안군","36.692028","","우럭|노래미|고등어|광어|주꾸미|학공치","상관없음","4.0~7.0","펄/ 모래","▶우럭 - 릴찌/ 원투▶노래미 - 루어/ 릴찌/ 장대/ 원투▶고등어 - 루어/ 릴찌/ 장대▶광어 - 릴찌/ 원투▶주꾸미 - 릴찌/ 원투/ 장대▶학공치 - 릴찌/ 장대","needs-check","MOF_SHARED_ROCK_FISHING_POINT","https://www.data.go.kr/data/15148580/fileData.do","2026-07-11","311","POINT (873370.8222709581 1855829.90043873)","공식 갯바위낚시포인트 데이터 기반. 갯바위 출입 가능 여부와 안전 통제는 현장 및 공식 안내 확인 필요."
"rock-312","청산도·대모도 - 대모도 북곧말 갯바위","rock-fishing-point","전라남도","완도군","전라남도 완도군","34.210583","","감성돔|농어|우럭|노래미|볼락","4물~사리","2.7m~5m","펄/ 모래/ 조개껍질","▶감성돔 - 릴찌/ 장대/ 원투 ▶농어 - 루어/ 릴찌 ▶우럭 - 릴찌/ 원투 ▶노래미 - 루어/ 릴찌/ 장대/ 원투 ▶볼락 - 루어/ 릴찌/ 장대","needs-check","MOF_SHARED_ROCK_FISHING_POINT","https://www.data.go.kr/data/15148580/fileData.do","2026-07-11","312","POINT (932194.361904479 1579935.30251934)","공식 갯바위낚시포인트 데이터 기반. 갯바위 출입 가능 여부와 안전 통제는 현장 및 공식 안내 확인 필요."
"rock-313","제주도 북서부 - 라마다호텔 앞 해안도로 좌측","rock-fishing-point","제주특별자치도","제주시","제주특별자치도 제주시","33.519306","","노래미|벵에돔|한치|돌돔|참돔","들물/썰물","1.5~2.0","암","▶노래미 - 루어/ 릴찌/ 장대/ 원투▶벵에돔 - 목줄/ 장대/ 부력/ 잠수▶한치 - 루어/ 원투▶돌돔 - 민장대/ 릴찌/ 원투▶참돔 - 릴찌/ 장대/ 원투/ 부력/ 잠수","needs-check","MOF_SHARED_ROCK_FISHING_POINT","https://www.data.go.kr/data/15148580/fileData.do","2026-07-11","313","POINT (908756.0416991861 1503476.64108392)","공식 갯바위낚시포인트 데이터 기반. 갯바위 출입 가능 여부와 안전 통제는 현장 및 공식 안내 확인 필요."
"rock-314","제주도 남부 - 황우리해안 갯바위","rock-fishing-point","제주특별자치도","서귀포시","제주특별자치도 서귀포시","33.238083","","벵에돔|한치|노래미|독가시치|부시리|우럭","초들물~중날물","0.6~7.9","암","▶벵에돔 - 목줄/ 장대/ 부력/ 잠수▶한치 - 루어/ 원투▶노래미 - 루어/ 릴찌/ 장대/ 원투▶독가시치 - 목줄/ 장대/ 부력/ 잠수▶부시리 - 부력/ 잠수/ 지깅▶우럭 - 릴찌/ 원투","needs-check","MOF_SHARED_ROCK_FISHING_POINT","https://www.data.go.kr/data/15148580/fileData.do","2026-07-11","314","POINT (911329.395846517 1472270.06057216)","공식 갯바위낚시포인트 데이터 기반. 갯바위 출입 가능 여부와 안전 통제는 현장 및 공식 안내 확인 필요."
"rock-315","홍도 - 도달바위 인근","rock-fishing-point","전라남도","신안군","전라남도 신안군","34.688366","","참돔|돌돔|감성돔|우럭|농어","사리 전후/ 초들물/ 만조 전후","2.9~4.5m","암","▶ 참돔 - 부력/ 잠수▶ 돌돔 - 릴찌/ 장대/ 원투▶ 감성돔 - 릴찌/ 장대/ 원투▶ 우럭 - 릴찌/ 원투▶ 농어 - 루어/ 릴찌","needs-check","MOF_SHARED_ROCK_FISHING_POINT","https://www.data.go.kr/data/15148580/fileData.do","2026-07-11","315","POINT (787789.981620714 1635112.24407751)","공식 갯바위낚시포인트 데이터 기반. 갯바위 출입 가능 여부와 안전 통제는 현장 및 공식 안내 확인 필요."
"rock-316","만재도 - 외마도 상단","rock-fishing-point","전라남도","신안군","전라남도 신안군","34.212500","","돌돔|참돔|감성돔|우럭|광어|농어|볼락|문어","조금 전후","10.5~14m","암","▶ 돌돔 - 릴찌/ 장대/ 원투▶ 참돔 - 부력/ 잠수▶ 감성돔 - 릴찌/ 장대/ 원투▶ 우럭 - 릴찌/ 원투▶ 광어 - 릴찌/ 원투▶ 농어 - 루어/ 릴찌▶ 볼락 - 릴찌/ 장대/ 루어▶ 문어 - 루어","needs-check","MOF_SHARED_ROCK_FISHING_POINT","https://www.data.go.kr/data/15148580/fileData.do","2026-07-11","316","POINT (812322.786997861 1581779.42946034)","공식 갯바위낚시포인트 데이터 기반. 갯바위 출입 가능 여부와 안전 통제는 현장 및 공식 안내 확인 필요."
"rock-317","독거군도 부근 - 죽항 담추서","rock-fishing-point","전라남도","진도군","전라남도 진도군","34.257574","","참돔|감성돔|돌돔|광어|농어","조금 전후","3.9~8.2m","조개껍질","▶ 참돔 - 부력/ 잠수▶ 감성돔 - 릴찌/ 장대/ 원투▶ 돌돔 - 릴찌/ 장대/ 원투▶ 광어-릴찌/ 원투▶ 농어 - 루어/ 릴찌","needs-check","MOF_SHARED_ROCK_FISHING_POINT","https://www.data.go.kr/data/15148580/fileData.do","2026-07-11","317","POINT (872531.0831436851 1585767.81736039)","공식 갯바위낚시포인트 데이터 기반. 갯바위 출입 가능 여부와 안전 통제는 현장 및 공식 안내 확인 필요."
"rock-318","득량만 부근 - 득량도 좌측","rock-fishing-point","전라남도","고흥군","전라남도 고흥군","34.596538","","감성돔|농어|우럭|노래미|도다리|학공치","4물~12물/ 들물","1.8~3.5m","펄","▶ 감성돔 - 릴찌/ 장대/ 원투▶ 농어 - 루어/ 릴찌▶ 우럭 - 릴찌/ 원투▶ 노래미 - 루어/ 릴찌/ 장대/ 원투▶ 도다리 - 원투▶ 학공치 - 릴찌/ 장대","needs-check","MOF_SHARED_ROCK_FISHING_POINT","https://www.data.go.kr/data/15148580/fileData.do","2026-07-11","318","POINT (962521.0852976781 1622563.06943012)","공식 갯바위낚시포인트 데이터 기반. 갯바위 출입 가능 여부와 안전 통제는 현장 및 공식 안내 확인 필요."
"rock-415","장산도 - 발막금","rock-fishing-point","전라남도","신안군","전라남도 신안군","34.672306","","감성돔|농어|붕장어","조금 전후","0.1~2.0","자갈","▶감성돔 - 릴찌/ 장대/ 원투 ▶농어 - 루어/ 릴찌 ▶붕장어 - 원투","needs-check","MOF_SHARED_ROCK_FISHING_POINT","https://www.data.go.kr/data/15148580/fileData.do","2026-07-11","415","POINT (876793.02239707 1631711.60214478)","공식 갯바위낚시포인트 데이터 기반. 갯바위 출입 가능 여부와 안전 통제는 현장 및 공식 안내 확인 필요."
"rock-11","이작도·승봉도 - 대이작도 오형제바위","rock-fishing-point","인천광역시","옹진군","인천광역시 옹진군","37.181278","","넙치|농어|우럭","조금 전·후","3m~5m","펄/ 모래","▶넙치 - 루어/ 원투 ▶농어 - 루어/ 릴찌 ▶우럭 - 릴찌/ 원투","needs-check","MOF_SHARED_ROCK_FISHING_POINT","https://www.data.go.kr/data/15148580/fileData.do","2026-07-11","11","POINT (889461.300453403 1909893.4104374)","공식 갯바위낚시포인트 데이터 기반. 갯바위 출입 가능 여부와 안전 통제는 현장 및 공식 안내 확인 필요."
"rock-1","나로도 - 내나로도 구룡마을 갯바위","rock-fishing-point","전라남도","고흥군","전라남도 고흥군","34.543694","","감성돔|농어|볼락|우럭","초들물~만조","1.5m~2.4m","펄","▶감성돔 - 릴찌/ 장대/ 원투 ▶농어 - 루어/ 릴찌▶볼락 - 루어/ 릴찌/ 장대 ▶우럭 - 릴찌/ 원투","needs-check","MOF_SHARED_ROCK_FISHING_POINT","https://www.data.go.kr/data/15148580/fileData.do","2026-07-11","1","POINT (995751.214631793 1616628.36812734)","공식 갯바위낚시포인트 데이터 기반. 갯바위 출입 가능 여부와 안전 통제는 현장 및 공식 안내 확인 필요."
"rock-2","제주도 서부·차귀도·비양도 - 비양도 북측 큰여","rock-fishing-point","제주특별자치도","제주시","제주특별자치도 제주시","33.411694","","감성돔|벤자리|삼치|방어|벵에돔|한치","들물/썰물","0.1~1.6","모래/ 조개껍질","▶감성돔 - 릴찌/ 장대/ 원투▶벤자리 - 릴찌/ 민장대▶삼치 - 루어/ 릴찌▶방어 - 부력/ 잠수/ 지깅▶벵에돔 - 목줄/ 장대/ 부력/ 잠수▶한치 - 루어/ 원투","needs-check","MOF_SHARED_ROCK_FISHING_POINT","https://www.data.go.kr/data/15148580/fileData.do","2026-07-11","2","POINT (881330.922569344 1491841.76728277)","공식 갯바위낚시포인트 데이터 기반. 갯바위 출입 가능 여부와 안전 통제는 현장 및 공식 안내 확인 필요."
"rock-3","제주도 북서부 - 용두암 낚시터","rock-fishing-point","제주특별자치도","제주시","제주특별자치도 제주시","33.516722","","감성돔|농어|돌돔|벵에돔|참돔|고등어|독가시치|부시리","들물/썰물","0~4.5","암","▶감성돔 - 릴찌/ 장대/ 원투▶농어 - 루어/ 릴찌▶돌돔 - 민장대/ 릴찌/ 원투▶벵에돔 - 목줄/ 장대/ 부력/ 잠수▶참돔 - 부력/ 잠수▶고등어 - 루어/ 릴찌/ 장대▶독가시치 - 목줄/ 장대/ 부력/ 잠수▶부시리 - 부력/ 잠수/ 지깅","needs-check","MOF_SHARED_ROCK_FISHING_POINT","https://www.data.go.kr/data/15148580/fileData.do","2026-07-11","3","POINT (907871.036256252 1503198.60694467)","공식 갯바위낚시포인트 데이터 기반. 갯바위 출입 가능 여부와 안전 통제는 현장 및 공식 안내 확인 필요."
"rock-4","제주도 동부 - 방두곶 좌측 갯바위","rock-fishing-point","제주특별자치도","서귀포시","제주특별자치도 서귀포시","33.434611","","참돔|돌돔|볼락|벵에돔|무늬오징어|독가시치","들물/날물","0.9~4.1","암","▶참돔 - 부력/ 잠수 ▶돌돔 - 민장대/ 릴찌/ 원투 ▶볼락 - 루어/ 릴찌/ 장대▶벵에돔 - 목줄/ 장대/ 부력/ 잠수 ▶무늬오징어 - 에깅 ▶독가시치 - 목줄/ 장대/ 부력/ 잠수","needs-check","MOF_SHARED_ROCK_FISHING_POINT","https://www.data.go.kr/data/15148580/fileData.do","2026-07-11","4","POINT (946930.004446574 1493800.32258011)","공식 갯바위낚시포인트 데이터 기반. 갯바위 출입 가능 여부와 안전 통제는 현장 및 공식 안내 확인 필요."
"rock-5","제주도 남동부 - 가막코지 갯바위","rock-fishing-point","제주특별자치도","서귀포시","제주특별자치도 서귀포시","33.238694","","참돔|돌돔|다금바리|벵에돔|부시리","들물/날물","0.2~1.2","암","▶참돔 - 부력/ 잠수 ▶돌돔 - 민장대/ 릴찌/ 원투 ▶다금바리 - 원투▶벵에돔 - 목줄/ 장대/ 부력/ 잠수 ▶부시리 - 부력/ 잠수/ 지깅","needs-check","MOF_SHARED_ROCK_FISHING_POINT","https://www.data.go.kr/data/15148580/fileData.do","2026-07-11","5","POINT (922103.864025046 1472245.67000376)","공식 갯바위낚시포인트 데이터 기반. 갯바위 출입 가능 여부와 안전 통제는 현장 및 공식 안내 확인 필요."
"rock-6","대청도·소청도 - 대청도 기름아가리(기름바다)","rock-fishing-point","인천광역시","옹진군","인천광역시 옹진군","37.806556","","넙치|노래미|농어|삼치|쏨뱅이|우럭","사리 전후","1.9m~2.4m","모래","▶넙치 - 루어/ 원투 ▶노래미 - 루어/ 릴찌/ 장대/ 원투▶농어 - 루어/ 릴찌 ▶삼치 - 루어/ 릴찌▶쏨뱅이 - 루어/ 릴찌 ▶우럭 - 루어/ 릴찌","needs-check","MOF_SHARED_ROCK_FISHING_POINT","https://www.data.go.kr/data/15148580/fileData.do","2026-07-11","6","POINT (753006.892115453 1982245.89821003)","공식 갯바위낚시포인트 데이터 기반. 갯바위 출입 가능 여부와 안전 통제는 현장 및 공식 안내 확인 필요."
"rock-7","대청도·소청도 - 대청도 지두리해변 갯바위","rock-fishing-point","인천광역시","옹진군","인천광역시 옹진군","37.822250","","넙치|노래미|농어|쏨뱅이|우럭","사리 전후","1.4m~2m","모래/ 조개껍질","▶넙치 - 루어/ 원투 ▶노래미 - 루어/ 릴찌/ 장대/ 원투▶농어 - 루어/ 릴찌 ▶쏨뱅이 - 루어/ 릴찌▶우럭 - 루어/ 릴찌","needs-check","MOF_SHARED_ROCK_FISHING_POINT","https://www.data.go.kr/data/15148580/fileData.do","2026-07-11","7","POINT (751765.590655716 1984026.67393515)","공식 갯바위낚시포인트 데이터 기반. 갯바위 출입 가능 여부와 안전 통제는 현장 및 공식 안내 확인 필요."
"rock-8","자월도 - 마바위","rock-fishing-point","인천광역시","옹진군","인천광역시 옹진군","37.268917","","넙치|우럭","들물/ 날물","1.2m~1.9m","모래","▶넙치 - 루어/ 원투 ▶우럭 - 릴찌/ 원투","needs-check","MOF_SHARED_ROCK_FISHING_POINT","https://www.data.go.kr/data/15148580/fileData.do","2026-07-11","8","POINT (892909.259514525 1919573.42260192)","공식 갯바위낚시포인트 데이터 기반. 갯바위 출입 가능 여부와 안전 통제는 현장 및 공식 안내 확인 필요."
"rock-9","자월도 - 분모골","rock-fishing-point","인천광역시","옹진군","인천광역시 옹진군","37.245889","","넙치|우럭","들물","1.3m~3m","조개껍질/ 펄","▶넙치 - 루어/ 원투 ▶우럭 - 릴찌/ 원투","needs-check","MOF_SHARED_ROCK_FISHING_POINT","https://www.data.go.kr/data/15148580/fileData.do","2026-07-11","9","POINT (896266.725303098 1916976.03679501)","공식 갯바위낚시포인트 데이터 기반. 갯바위 출입 가능 여부와 안전 통제는 현장 및 공식 안내 확인 필요."
"rock-10","자월도 - 항도(목섬) 부근","rock-fishing-point","인천광역시","옹진군","인천광역시 옹진군","37.255500","","노래미|우럭","들물","1.2m~2m","모래","▶노래미 - 루어/ 릴찌/ 장대/ 원투 ▶우럭 - 릴찌/ 원투","needs-check","MOF_SHARED_ROCK_FISHING_POINT","https://www.data.go.kr/data/15148580/fileData.do","2026-07-11","10","POINT (892688.256296221 1918087.49335332)","공식 갯바위낚시포인트 데이터 기반. 갯바위 출입 가능 여부와 안전 통제는 현장 및 공식 안내 확인 필요."
"rock-12","이작도·승봉도 - 대이작도 토끼바위 부근","rock-fishing-point","인천광역시","옹진군","인천광역시 옹진군","37.159889","","넙치|농어|우럭","조금 전·후","3m~5m","펄/ 모래","▶넙치 - 루어/ 원투 ▶농어 - 루어/ 릴찌 ▶우럭 - 릴찌/ 원투","needs-check","MOF_SHARED_ROCK_FISHING_POINT","https://www.data.go.kr/data/15148580/fileData.do","2026-07-11","12","POINT (891072.843291799 1907499.04096221)","공식 갯바위낚시포인트 데이터 기반. 갯바위 출입 가능 여부와 안전 통제는 현장 및 공식 안내 확인 필요."
"rock-13","백아도·굴업도 - 굴업도 해수욕장 북쪽 갯바위","rock-fishing-point","인천광역시","옹진군","인천광역시 옹진군","37.194472","","넙치|노래미|농어|붕장어|우럭","들물","1.8m~2.5m","가는 모래","▶넙치 - 루어/ 원투 ▶노래미 - 루어/ 릴찌/ 장대/ 원투▶농어 - 루어/ 릴찌 ▶붕장어 - 원투▶우럭 - 릴찌/ 원투","needs-check","MOF_SHARED_ROCK_FISHING_POINT","https://www.data.go.kr/data/15148580/fileData.do","2026-07-11","13","POINT (865422.737516932 1911707.81427143)","공식 갯바위낚시포인트 데이터 기반. 갯바위 출입 가능 여부와 안전 통제는 현장 및 공식 안내 확인 필요."
"rock-14","입파도·국화도 - 국화도 도지섬 부근","rock-fishing-point","경기도","화성시","경기도 화성시","37.054528","","노래미|도다리|우럭","조금 전·후","2.3m~4m","펄","▶노래미 - 루어/ 릴찌/ 장대/ 원투 ▶도다리 - 원투▶우럭 - 루어/ 릴찌","needs-check","MOF_SHARED_ROCK_FISHING_POINT","https://www.data.go.kr/data/15148580/fileData.do","2026-07-11","14","POINT (915509.834751902 1895528.52916174)","공식 갯바위낚시포인트 데이터 기반. 갯바위 출입 가능 여부와 안전 통제는 현장 및 공식 안내 확인 필요."
"rock-15","풍도·난지도 - 대난지도 도끝이 부근","rock-fishing-point","충청남도","당진시","충청남도 당진시","37.044278","","넙치|농어|도다리|붕장어|우럭","만조/ 간조 전·후","1.7m~3m","펄","▶넙치 - 루어/ 원투 ▶농어 - 루어/ 릴찌▶도다리 - 원투 ▶붕장어 - 원투▶우럭 - 릴찌/ 원투","needs-check","MOF_SHARED_ROCK_FISHING_POINT","https://www.data.go.kr/data/15148580/fileData.do","2026-07-11","15","POINT (906585.8908778 1894485.16468862)","공식 갯바위낚시포인트 데이터 기반. 갯바위 출입 가능 여부와 안전 통제는 현장 및 공식 안내 확인 필요."
"rock-16","원산도·삽시도 - 원산도 개간지","rock-fishing-point","충청남도","보령시","충청남도 보령시","36.370972","","감성돔|갑오징어|넙치|노래미|농어|우럭|주꾸미","들물 전·후","1.8m~2.3m","자갈","▶감성돔 - 릴찌/ 장대/ 원투 ▶갑오징어 - 에깅▶넙치 - 루어/ 원투 ▶노래미 - 루어/ 릴찌/ 장대/ 원투▶농어 - 루어/ 릴찌 ▶우럭 - 릴찌/ 원투 ▶주꾸미 - 루어","needs-check","MOF_SHARED_ROCK_FISHING_POINT","https://www.data.go.kr/data/15148580/fileData.do","2026-07-11","16","POINT (899928.730172499 1819858.70555925)","공식 갯바위낚시포인트 데이터 기반. 갯바위 출입 가능 여부와 안전 통제는 현장 및 공식 안내 확인 필요."
"rock-17","원산도·삽시도 - 삽시도 촛대바위","rock-fishing-point","충청남도","보령시","충청남도 보령시","36.329111","","감성돔|갑오징어|넙치|농어|우럭|주꾸미","조금 전·후","3m~3.4m","모래/ 조개껍질","▶감성돔 - 릴찌/ 장대/ 원투 ▶갑오징어 - 에깅 ▶넙치 - 루어/ 원투▶농어 - 루어/ 릴찌 ▶우럭 - 릴찌/ 원투 ▶주꾸미 - 루어","needs-check","MOF_SHARED_ROCK_FISHING_POINT","https://www.data.go.kr/data/15148580/fileData.do","2026-07-11","17","POINT (895875.968474566 1815262.21631789)","공식 갯바위낚시포인트 데이터 기반. 갯바위 출입 가능 여부와 안전 통제는 현장 및 공식 안내 확인 필요."
"rock-18","호도·녹도·외연도 - 호도 안통","rock-fishing-point","충청남도","보령시","충청남도 보령시","36.295722","","넙치|노래미|농어|우럭","초들물","2.2m~3m","펄","▶넙치 - 루어/ 원투 ▶노래미 - 루어/ 릴찌/ 장대/ 원투▶농어 - 루어/ 릴찌 ▶우럭 - 릴찌/ 원투","needs-check","MOF_SHARED_ROCK_FISHING_POINT","https://www.data.go.kr/data/15148580/fileData.do","2026-07-11","18","POINT (888440.847813639 1811650.21673777)","공식 갯바위낚시포인트 데이터 기반. 갯바위 출입 가능 여부와 안전 통제는 현장 및 공식 안내 확인 필요."
"rock-19","어청도·연도 - 어청도 등대 부근","rock-fishing-point","전라북도","군산시","전라북도 군산시","36.126139","","감성돔|갑오징어|넙치|농어|방어|우럭","들물/ 날물","3.8m~5.2m","펄","▶감성돔 - 릴찌/ 장대/ 원투 ▶갑오징어 - 에깅▶넙치 - 루어/ 원투 ▶농어 - 루어/ 릴찌▶방어 - 부력/ 잠수/ 지깅 ▶우럭 - 릴찌/ 원투","needs-check","MOF_SHARED_ROCK_FISHING_POINT","https://www.data.go.kr/data/15148580/fileData.do","2026-07-11","19","POINT (862037.154170068 1793212.61353989)","공식 갯바위낚시포인트 데이터 기반. 갯바위 출입 가능 여부와 안전 통제는 현장 및 공식 안내 확인 필요."
"rock-20","십이동파도·비안도 - 비안도 제방","rock-fishing-point","전라북도","군산시","전라북도 군산시","35.735000","","넙치|노래미|농어|붕장어|우럭","들물 전·후","1.5m~2m","조개껍질","▶넙치 - 루어/ 원투 ▶노래미 - 루어/ 릴찌/ 장대/ 원투▶농어 - 루어/ 릴찌 ▶붕장어 - 원투▶우럭 - 릴찌/ 원투","needs-check","MOF_SHARED_ROCK_FISHING_POINT","https://www.data.go.kr/data/15148580/fileData.do","2026-07-11","20","POINT (905767.137421074 1749242.21575857)","공식 갯바위낚시포인트 데이터 기반. 갯바위 출입 가능 여부와 안전 통제는 현장 및 공식 안내 확인 필요."
"rock-21","말도·방축도 - 말도 단도 부근","rock-fishing-point","전라북도","군산시","전라북도 군산시","35.855806","","감성돔|노래미|넙치|도다리|우럭","들물/ 썰물 전·후","6.4m~8m","모래/ 조개껍질","▶감성돔 - 릴찌/ 장대/ 원투 ▶노래미 - 루어/ 릴찌/ 장대/ 원투▶넙치 - 루어/ 원투 ▶도다리 - 원투 ▶우럭 - 릴찌/ 원투","needs-check","MOF_SHARED_ROCK_FISHING_POINT","https://www.data.go.kr/data/15148580/fileData.do","2026-07-11","21","POINT (892934.5433078881 1762789.34253863)","공식 갯바위낚시포인트 데이터 기반. 갯바위 출입 가능 여부와 안전 통제는 현장 및 공식 안내 확인 필요."
"rock-22","선유도·무녀도·장자도·신시도 - 무녀도 구마을 백사장 부근","rock-fishing-point","전라북도","군산시","전라북도 군산시","35.800583","","넙치|노래미|농어|붕장어|우럭","들물 전·후","1.6m~1.9m","모래/ 펄","▶넙치 - 루어/ 원투 ▶노래미 - 루어/ 릴찌/ 장대/ 원투▶농어 - 루어/ 릴찌 ▶붕장어 - 원투▶우럭 - 릴찌/ 원투","needs-check","MOF_SHARED_ROCK_FISHING_POINT","https://www.data.go.kr/data/15148580/fileData.do","2026-07-11","22","POINT (904064.9120598381 1756535.5821118)","공식 갯바위낚시포인트 데이터 기반. 갯바위 출입 가능 여부와 안전 통제는 현장 및 공식 안내 확인 필요."
"rock-23","왕등도·위도 - 하왕등도 코구렁","rock-fishing-point","전라북도","부안군","전라북도 부안군","35.636750","","감성돔|넙치|농어|붕장어|우럭|참돔","조금 전·후","6m~10m","펄/ 모래/ 조개껍질","▶감성돔 - 릴찌/ 장대/ 원투 ▶넙치 - 루어/ 원투▶농어 - 루어/ 릴찌 ▶붕장어 - 원투▶우럭 - 릴찌/ 원투 ▶참돔 - 부력/ 잠수","needs-check","MOF_SHARED_ROCK_FISHING_POINT","https://www.data.go.kr/data/15148580/fileData.do","2026-07-11","23","POINT (875950.023717944 1738709.17693462)","공식 갯바위낚시포인트 데이터 기반. 갯바위 출입 가능 여부와 안전 통제는 현장 및 공식 안내 확인 필요."
"rock-24","왕등도·위도 - 위도 모여 부근","rock-fishing-point","전라북도","부안군","전라북도 부안군","35.598194","","넙치|노래미|농어|숭어|우럭","중썰물~끝썰물","8m~12m","펄","▶넙치 - 루어/ 원투 ▶노래미-루어/ 릴찌/ 장대/ 원투▶농어 - 루어/ 릴찌 ▶숭어 - 릴찌/ 장대/ 훌치기▶우럭 - 릴찌/ 원투","needs-check","MOF_SHARED_ROCK_FISHING_POINT","https://www.data.go.kr/data/15148580/fileData.do","2026-07-11","24","POINT (887498.5930350929 1734278.62849693)","공식 갯바위낚시포인트 데이터 기반. 갯바위 출입 가능 여부와 안전 통제는 현장 및 공식 안내 확인 필요."
"rock-25","비금도·도초도 - 비금도 계남서 부근","rock-fishing-point","전라남도","신안군","전라남도 신안군","34.799889","","감성돔|농어|돌돔|볼락|붕장어|우럭|참돔","초들물~중들물","1.7m~3m","펄","▶감성돔 - 릴찌/ 장대/ 원투 ▶농어 - 루어/ 릴찌▶돌돔 - 릴찌/ 장대/ 원투 ▶볼락 - 루어/ 릴찌/ 장대▶붕장어 - 원투 ▶우럭 - 릴찌/ 원투 ▶참돔 - 부력/ 잠수","needs-check","MOF_SHARED_ROCK_FISHING_POINT","https://www.data.go.kr/data/15148580/fileData.do","2026-07-11","25","POINT (860146.812601792 1646101.86994771)","공식 갯바위낚시포인트 데이터 기반. 갯바위 출입 가능 여부와 안전 통제는 현장 및 공식 안내 확인 필요."
"rock-26","금오도·안도 - 금오도 학동마을 이장바위","rock-fishing-point","전라남도","여수시","전라남도 여수시","34.501639","","감성돔|갑오징어|농어|벵에돔|볼락|학공치","9물~13물/ 날물 전·후","2m~2.3m","펄","▶감성돔 - 릴찌/ 장대/ 원투 ▶갑오징어 - 에깅▶농어 - 루어/ 릴찌 ▶벵에돔 - 목줄/ 장대/ 부력/ 잠수▶볼락 - 루어/ 릴찌/ 장대 ▶학공치 - 릴찌/ 장대","needs-check","MOF_SHARED_ROCK_FISHING_POINT","https://www.data.go.kr/data/15148580/fileData.do","2026-07-11","26","POINT (1023238.54510067 1611993.03815075)","공식 갯바위낚시포인트 데이터 기반. 갯바위 출입 가능 여부와 안전 통제는 현장 및 공식 안내 확인 필요."
"rock-27","금오도·안도 - 안도 벼락바위","rock-fishing-point","전라남도","여수시","전라남도 여수시","34.476167","","감성돔|무늬오징어|부시리|벵에돔|볼락|참돔","9물~13물/ 날물 전·후","3.3m~4m","바위","▶감성돔 - 릴찌/ 장대/ 원투 ▶무늬오징어 - 릴찌/ 에깅 ▶부시리 - 부력/ 잠수/ 지깅▶벵에돔 - 목줄/ 장대/ 부력/ 잠수 ▶볼락 - 루어/ 릴찌/ 장대 ▶참돔 - 부력/ 잠수","needs-check","MOF_SHARED_ROCK_FISHING_POINT","https://www.data.go.kr/data/15148580/fileData.do","2026-07-11","27","POINT (1029482.38723536 1609186.18361052)","공식 갯바위낚시포인트 데이터 기반. 갯바위 출입 가능 여부와 안전 통제는 현장 및 공식 안내 확인 필요."
"rock-28","사량도 - 상사량도 한탄여 부근","rock-fishing-point","경상남도","통영시","경상남도 통영시","34.827222","","감성돔|볼락|농어|우럭|참돔","7물~12물","7m~9m","자갈/ 조개껍질","▶감성돔 - 릴찌/ 장대/ 원투 ▶볼락 - 루어/ 릴찌/ 장대▶농어 - 루어/ 릴찌 ▶우럭 - 릴찌/ 원투 ▶참돔 - 부력/ 잠수","needs-check","MOF_SHARED_ROCK_FISHING_POINT","https://www.data.go.kr/data/15148580/fileData.do","2026-07-11","28","POINT (1062445.96181679 1648280.45297576)","공식 갯바위낚시포인트 데이터 기반. 갯바위 출입 가능 여부와 안전 통제는 현장 및 공식 안내 확인 필요."
"rock-29","사량도 - 상사량도 옥바위 부근","rock-fishing-point","경상남도","통영시","경상남도 통영시","34.842778","","감성돔|농어|노래미|붕장어","13물~6물","6.5m~8.1m","펄/ 모래","▶감성돔 - 릴찌/ 장대/ 원투 ▶농어 - 루어/ 릴찌▶노래미 - 루어/ 릴찌/ 장대/ 원투 ▶붕장어 - 원투","needs-check","MOF_SHARED_ROCK_FISHING_POINT","https://www.data.go.kr/data/15148580/fileData.do","2026-07-11","29","POINT (1061055.17982414 1649996.2142461)","공식 갯바위낚시포인트 데이터 기반. 갯바위 출입 가능 여부와 안전 통제는 현장 및 공식 안내 확인 필요."
"rock-30","욕지도 - 대송끝 곶부리","rock-fishing-point","경상남도","통영시","경상남도 통영시","34.652583","","감성돔|농어|무늬오징어|볼락|벵에돔|참돔","5물~11물","2.8m~4m","펄/ 모래/ 조개껍질","▶감성돔 - 릴찌/ 장대/ 원투 ▶농어 - 루어/ 릴찌▶무늬오징어 - 릴찌/ 에깅 ▶볼락 - 루어/ 릴찌/ 장대▶벵에돔 - 목줄/ 장대/ 부력/ 잠수 ▶참돔 - 부력/ 잠수","needs-check","MOF_SHARED_ROCK_FISHING_POINT","https://www.data.go.kr/data/15148580/fileData.do","2026-07-11","30","POINT (1067261.22946751 1628946.93844472)","공식 갯바위낚시포인트 데이터 기반. 갯바위 출입 가능 여부와 안전 통제는 현장 및 공식 안내 확인 필요."
"rock-31","욕지도 - 야포마을 갯바위","rock-fishing-point","경상남도","통영시","경상남도 통영시","34.634806","","감성돔|농어|무늬오징어|볼락|벵에돔|참돔","5물~11물","1.1m~1.5m","펄","▶감성돔 - 릴찌/ 장대/ 원투 ▶농어 - 루어/ 릴찌▶무늬오징어 - 릴찌/ 에깅 ▶볼락 - 루어/ 릴찌/ 장대▶벵에돔 - 목줄/ 장대/ 부력/ 잠수 ▶참돔 - 부력/ 잠수","needs-check","MOF_SHARED_ROCK_FISHING_POINT","https://www.data.go.kr/data/15148580/fileData.do","2026-07-11","31","POINT (1071489.3106095 1627007.15158561)","공식 갯바위낚시포인트 데이터 기반. 갯바위 출입 가능 여부와 안전 통제는 현장 및 공식 안내 확인 필요."
"rock-32","욕지도 - 낮은목 부근 갯바위","rock-fishing-point","경상남도","통영시","경상남도 통영시","34.621444","","감성돔|고등어|도다리|전갱이|볼락|참돔","5물~11물","6m~7.7m","바위","▶감성돔 - 릴찌/ 장대/ 원투 ▶고등어 - 장대/ 릴찌/ 루어▶도다리 - 원투 ▶전갱이 - 루어/ 릴찌/ 장대▶볼락 - 루어/ 릴찌/ 장대 ▶참돔 - 부력/ 잠수","needs-check","MOF_SHARED_ROCK_FISHING_POINT","https://www.data.go.kr/data/15148580/fileData.do","2026-07-11","32","POINT (1070828.50779776 1625520.32047653)","공식 갯바위낚시포인트 데이터 기반. 갯바위 출입 가능 여부와 안전 통제는 현장 및 공식 안내 확인 필요."
"rock-33","욕지도 - 총바위 부근","rock-fishing-point","경상남도","통영시","경상남도 통영시","34.631833","","감성돔|농어|무늬오징어|볼락|벵에돔|참돔","5물~11물","7.1m~7.6m","펄","▶감성돔 - 릴찌/ 장대/ 원투 ▶농어 - 루어/ 릴찌▶무늬오징어 - 릴찌/ 에깅 ▶볼락 - 루어/ 릴찌/ 장대▶벵에돔 - 목줄/ 장대/ 부력/ 잠수 ▶참돔 - 부력/ 잠수","needs-check","MOF_SHARED_ROCK_FISHING_POINT","https://www.data.go.kr/data/15148580/fileData.do","2026-07-11","33","POINT (1066794.21781635 1626642.40099867)","공식 갯바위낚시포인트 데이터 기반. 갯바위 출입 가능 여부와 안전 통제는 현장 및 공식 안내 확인 필요."
"rock-34","미륵도 - 풍화리 남서측 곶부리","rock-fishing-point","경상남도","통영시","경상남도 통영시","34.818250","","감성돔|농어|노래미|우럭|볼락|쥐치","조금 전·후","1.9m~2.6m","펄","▶감성돔 - 릴찌/ 장대/ 원투 ▶농어 - 루어/ 릴찌▶노래미 - 루어/ 릴찌/ 장대/ 원투 ▶우럭 - 릴찌/ 원투▶볼락 - 루어/ 릴찌/ 장대 ▶쥐치 - 카드/ 훌치기","needs-check","MOF_SHARED_ROCK_FISHING_POINT","https://www.data.go.kr/data/15148580/fileData.do","2026-07-11","34","POINT (1076414.98815 1647391.11620964)","공식 갯바위낚시포인트 데이터 기반. 갯바위 출입 가능 여부와 안전 통제는 현장 및 공식 안내 확인 필요."
"rock-35","비진도·매물도 - 비진도 노루여 들머리 부근","rock-fishing-point","경상남도","통영시","경상남도 통영시","34.704500","","감성돔|농어|무늬오징어|볼락|벵에돔|참돔","조금 전·후","7.5m~8.2m","펄","▶감성돔 - 릴찌/ 장대/ 원투 ▶농어 - 루어/ 릴찌▶무늬오징어 - 릴찌/ 에깅 ▶볼락 - 루어/ 릴찌/ 장대▶벵에돔 - 목줄/ 장대/ 부력/ 잠수 ▶참돔 - 부력/ 잠수","needs-check","MOF_SHARED_ROCK_FISHING_POINT","https://www.data.go.kr/data/15148580/fileData.do","2026-07-11","35","POINT (1087217.21514976 1634871.73076987)","공식 갯바위낚시포인트 데이터 기반. 갯바위 출입 가능 여부와 안전 통제는 현장 및 공식 안내 확인 필요."
"rock-36","비진도·매물도 - 대매물도 동섬치","rock-fishing-point","경상남도","통영시","경상남도 통영시","34.640111","","감성돔|농어|돌돔|볼락","조금 전·후","2.6m~4.7m","펄/ 모래","▶감성돔 - 릴찌/ 장대/ 원투 ▶농어 - 루어/ 릴찌▶돌돔 - 릴찌/ 장대/ 원투 ▶볼락 - 루어/ 릴찌/ 장대","needs-check","MOF_SHARED_ROCK_FISHING_POINT","https://www.data.go.kr/data/15148580/fileData.do","2026-07-11","36","POINT (1099479.89307714 1627854.56621773)","공식 갯바위낚시포인트 데이터 기반. 갯바위 출입 가능 여부와 안전 통제는 현장 및 공식 안내 확인 필요."
"rock-37","비진도·매물도 - 대매물도 촛대바위 부근","rock-fishing-point","경상남도","통영시","경상남도 통영시","34.632694","","감성돔|돌돔|볼락|참돔","조금 전·후","5.1m~5.8m","펄","▶감성돔 - 릴찌/ 장대/ 원투 ▶돌돔 - 릴찌/ 장대/ 원투▶볼락 - 루어/ 릴찌/ 장대 ▶참돔 - 부력/ 잠수","needs-check","MOF_SHARED_ROCK_FISHING_POINT","https://www.data.go.kr/data/15148580/fileData.do","2026-07-11","37","POINT (1097680.93874361 1627012.79358676)","공식 갯바위낚시포인트 데이터 기반. 갯바위 출입 가능 여부와 안전 통제는 현장 및 공식 안내 확인 필요."
"rock-38","비진도·매물도 - 소매물도 마을 서측 갯바위","rock-fishing-point","경상남도","통영시","경상남도 통영시","34.628861","","감성돔|농어|볼락|참돔","조금 전·후","2.6m~3.5m","펄/ 조개껍질","▶감성돔 - 릴찌/ 장대/ 원투 ▶농어 - 루어/ 릴찌▶볼락 - 루어/ 릴찌/ 장대 ▶참돔 - 부력/ 잠수","needs-check","MOF_SHARED_ROCK_FISHING_POINT","https://www.data.go.kr/data/15148580/fileData.do","2026-07-11","38","POINT (1095857.18302094 1626568.54633374)","공식 갯바위낚시포인트 데이터 기반. 갯바위 출입 가능 여부와 안전 통제는 현장 및 공식 안내 확인 필요."
"rock-39","거제도 북동부 - 덕포 초소밑 갯바위","rock-fishing-point","경상남도","거제시","경상남도 거제시","34.910556","","감성돔|농어|벵에돔|볼락","조금 전·후","1.5m~2m","바위","▶감성돔 - 릴찌/ 장대/ 원투 ▶농어 - 루어/ 릴찌▶벵에돔 - 목줄/ 장대/ 부력/ 잠수 ▶볼락 - 루어/ 릴찌/ 장대","needs-check","MOF_SHARED_ROCK_FISHING_POINT","https://www.data.go.kr/data/15148580/fileData.do","2026-07-11","39","POINT (1111456.03532825 1657988.25886347)","공식 갯바위낚시포인트 데이터 기반. 갯바위 출입 가능 여부와 안전 통제는 현장 및 공식 안내 확인 필요."
"rock-40","거제도 북동부 - 장승포 나래바위","rock-fishing-point","경상남도","거제시","경상남도 거제시","34.865639","","감성돔|농어|벵에돔|볼락","조금 전·후","2.4m~3.1m","펄","▶감성돔 - 릴찌/ 장대/ 원투 ▶농어 - 루어/ 릴찌▶벵에돔 - 목줄/ 장대/ 부력/ 잠수 ▶볼락 - 루어/ 릴찌/ 장대","needs-check","MOF_SHARED_ROCK_FISHING_POINT","https://www.data.go.kr/data/15148580/fileData.do","2026-07-11","40","POINT (1113273.77743647 1653028.42926986)","공식 갯바위낚시포인트 데이터 기반. 갯바위 출입 가능 여부와 안전 통제는 현장 및 공식 안내 확인 필요."
"rock-41","연평도 - 얼굴바위 앞","rock-fishing-point","인천광역시","옹진군","인천광역시 옹진군","37.604389","","광어|우럭|숭어|간재미|농어|노래미","12물~4물","1.5~2.4","암","▶광어 - 릴찌/ 원투▶우럭 - 릴찌/ 원투▶숭어 - 릴찌/ 장대/ 홀치기▶간재미 - 원투▶농어 - 루어/ 릴찌▶노래미 - 루어/ 릴찌/ 장대/ 원투","needs-check","MOF_SHARED_ROCK_FISHING_POINT","https://www.data.go.kr/data/15148580/fileData.do","2026-07-11","41","POINT (842831.847245391 1957598.05078169)","공식 갯바위낚시포인트 데이터 기반. 갯바위 출입 가능 여부와 안전 통제는 현장 및 공식 안내 확인 필요."
"rock-42","연평도 - 모이도 갯바위","rock-fishing-point","인천광역시","옹진군","인천광역시 옹진군","37.644111","","광어|우럭|숭어|간재미|농어|노래미","12물~4물","0.2~0.9","암","▶광어 - 릴찌/ 원투▶우럭 - 릴찌/ 원투▶숭어 - 릴찌/ 장대/ 홀치기▶간재미 - 원투▶농어 - 루어/ 릴찌▶노래미 - 루어/ 릴찌/ 장대/ 원투","needs-check","MOF_SHARED_ROCK_FISHING_POINT","https://www.data.go.kr/data/15148580/fileData.do","2026-07-11","42","POINT (842756.190263987 1962008.60493021)","공식 갯바위낚시포인트 데이터 기반. 갯바위 출입 가능 여부와 안전 통제는 현장 및 공식 안내 확인 필요."
"rock-43","영종도·용유도 - 모래 채집장","rock-fishing-point","인천광역시","중구","인천광역시 중구","37.498333","","숭어|우럭|광어|노래미|삼치|붕장어","들물/ 날물","-1.3~2.0","펄","▶숭어 - 릴찌/ 장대/ 홀치기▶우럭 - 릴찌/ 원투▶광어 - 릴찌/ 원투▶노래미 - 루어/ 릴찌/ 장대/ 원투▶삼치 - 루어/ 릴찌▶붕장어 - 원투","needs-check","MOF_SHARED_ROCK_FISHING_POINT","https://www.data.go.kr/data/15148580/fileData.do","2026-07-11","43","POINT (906320.225625378 1944868.8635331)","공식 갯바위낚시포인트 데이터 기반. 갯바위 출입 가능 여부와 안전 통제는 현장 및 공식 안내 확인 필요."
"rock-44","영종도·용유도 - 잠진도 연륙교","rock-fishing-point","인천광역시","중구","인천광역시 중구","37.420389","","우럭|광어|숭어|농어|노래미|삼치","들물","-0.5~-0.8","바위","▶우럭 - 릴찌/ 원투▶광어 - 릴찌/ 원투▶숭어 - 릴찌/ 장대/ 홀치기▶농어 - 루어/ 릴찌▶노래미 - 루어/ 릴찌/ 장대/ 원투▶삼치 - 루어/ 릴찌","needs-check","MOF_SHARED_ROCK_FISHING_POINT","https://www.data.go.kr/data/15148580/fileData.do","2026-07-11","44","POINT (903964.035505238 1936246.87087603)","공식 갯바위낚시포인트 데이터 기반. 갯바위 출입 가능 여부와 안전 통제는 현장 및 공식 안내 확인 필요."
"rock-45","안면도 북부 - 할미할아비 바위","rock-fishing-point","충청남도","태안군","충청남도 태안군","36.501500","","우럭|노래미|학공치|광어|숭어|도다리","초들물~중날물","-3.5~-3.7","모래/ 펄","▶우럭 - 릴찌/ 원투▶노래미 - 루어/ 릴찌/ 장대/ 원투▶학공치 - 릴찌/ 장대▶광어 - 릴찌/ 원투▶숭어 - 릴찌/ 장대/ 홀치기▶도다리 - 원투","needs-check","MOF_SHARED_ROCK_FISHING_POINT","https://www.data.go.kr/data/15148580/fileData.do","2026-07-11","45","POINT (895314.75173163 1834394.7276249)","공식 갯바위낚시포인트 데이터 기반. 갯바위 출입 가능 여부와 안전 통제는 현장 및 공식 안내 확인 필요."
"rock-46","안면도 남 부 - 망재","rock-fishing-point","충청남도","태안군","충청남도 태안군","36.438056","","우럭|노래미|학공치|광어|숭어|도다리","중들물~중날물","0.4~0.9","모래/ 펄","▶우럭 - 릴찌/ 원투▶노래미 - 루어/ 릴찌/ 장대/ 원투▶학공치 - 릴찌/ 장대▶광어 - 릴찌/ 원투▶숭어 - 릴찌/ 장대/ 홀치기▶도다리 - 원투","needs-check","MOF_SHARED_ROCK_FISHING_POINT","https://www.data.go.kr/data/15148580/fileData.do","2026-07-11","46","POINT (895343.9148982661 1827355.43715835)","공식 갯바위낚시포인트 데이터 기반. 갯바위 출입 가능 여부와 안전 통제는 현장 및 공식 안내 확인 필요."
"rock-47","안면도 남 부 - 장삼포 해변 남측 갯바위","rock-fishing-point","충청남도","태안군","충청남도 태안군","36.415528","","우럭|노래미|학공치|광어|숭어|도다리","중들물~중날물","0.4~0.9","모래/ 펄","▶우럭 - 릴찌/ 원투▶노래미 - 루어/ 릴찌/ 장대/ 원투▶학공치 - 릴찌/ 장대▶광어 - 릴찌/ 원투▶숭어 - 릴찌/ 장대/ 홀치기▶도다리 - 원투","needs-check","MOF_SHARED_ROCK_FISHING_POINT","https://www.data.go.kr/data/15148580/fileData.do","2026-07-11","47","POINT (897995.9364979761 1824824.4050581)","공식 갯바위낚시포인트 데이터 기반. 갯바위 출입 가능 여부와 안전 통제는 현장 및 공식 안내 확인 필요."
"rock-48","안면도 남 부 - 소도 갯바위","rock-fishing-point","충청남도","보령시","충청남도 보령시","36.398056","","숭어|노래미|삼치|붕장어|주꾸미","중들물~중날물","0.3~1.8","모래","▶숭어 - 릴찌/ 장대/ 홀치기▶노래미 - 루어/ 릴찌/ 장대/ 원투▶삼치 - 루어/ 릴찌▶붕장어 - 원투▶주꾸미 - 릴찌/ 원투","needs-check","MOF_SHARED_ROCK_FISHING_POINT","https://www.data.go.kr/data/15148580/fileData.do","2026-07-11","48","POINT (904133.43172164 1822815.82815075)","공식 갯바위낚시포인트 데이터 기반. 갯바위 출입 가능 여부와 안전 통제는 현장 및 공식 안내 확인 필요."
"rock-121","순천만 부근 - 소여자도 갯바위","rock-fishing-point","전라남도","여수시","전라남도 여수시","34.757415","","붕장어|망둑어|짱뚱어|숭어","초들물","0.4~1.1m","펄","▶ 붕장어 - 원투▶ 망둑어 - 원투▶ 짱뚱어 - 훌치기▶ 숭어 - 릴찌/ 장대/ 훌치기","needs-check","MOF_SHARED_ROCK_FISHING_POINT","https://www.data.go.kr/data/15148580/fileData.do","2026-07-11","121","POINT (1000966.96521767 1640326.84820612)","공식 갯바위낚시포인트 데이터 기반. 갯바위 출입 가능 여부와 안전 통제는 현장 및 공식 안내 확인 필요."
"rock-49","가의도 - 동남측 첫번째 곶부리","rock-fishing-point","충청남도","태안군","충청남도 태안군","36.672408","","우럭|노래미|고등어|광어|주꾸미|학공치","상관없음","2.2~5.0","암","▶우럭 - 릴찌/ 원투▶노래미 - 루어/ 릴찌/ 장대/ 원투▶고등어 - 루어/ 릴찌/ 장대▶광어 - 릴찌/ 원투▶주꾸미 - 릴찌/ 원투/ 장대▶학공치 - 릴찌/ 장대","needs-check","MOF_SHARED_ROCK_FISHING_POINT","https://www.data.go.kr/data/15148580/fileData.do","2026-07-11","49","POINT (873241.83258741 1853654.80655329)","공식 갯바위낚시포인트 데이터 기반. 갯바위 출입 가능 여부와 안전 통제는 현장 및 공식 안내 확인 필요."
"rock-50","개야도 - 작은철탑부근 묘지 아래 갯바위","rock-fishing-point","전라북도","군산시","전라북도 군산시","36.034361","","망농어|부세|감성돔|백조기","초들물~중날물","1.4~2.0","모래/ 펄","▶망농어 - 루어/ 릴찌▶부세 - 릴찌/ 원투▶감성돔 - 릴찌/ 장대/ 원투▶백조기 - 릴찌/ 원투","needs-check","MOF_SHARED_ROCK_FISHING_POINT","https://www.data.go.kr/data/15148580/fileData.do","2026-07-11","50","POINT (914214.495321775 1782363.9661464)","공식 갯바위낚시포인트 데이터 기반. 갯바위 출입 가능 여부와 안전 통제는 현장 및 공식 안내 확인 필요."
"rock-51","개야도 - 치섬 북측 갯바위","rock-fishing-point","전라북도","군산시","전라북도 군산시","36.039389","","농어|부세|감성돔|백조기","초들물~중날물","1.2~2.0","모래/ 펄","▶농어 - 루어/ 릴찌▶부세 - 릴찌/ 원투▶감성돔 - 릴찌/ 장대/ 원투▶백조기 - 릴찌/ 원투","needs-check","MOF_SHARED_ROCK_FISHING_POINT","https://www.data.go.kr/data/15148580/fileData.do","2026-07-11","51","POINT (912205.509908001 1782941.5779179)","공식 갯바위낚시포인트 데이터 기반. 갯바위 출입 가능 여부와 안전 통제는 현장 및 공식 안내 확인 필요."
"rock-52","개야도 - 작은 철탑 북측 갯바위","rock-fishing-point","전라북도","군산시","전라북도 군산시","36.038333","","농어|부세|감성돔|백조기","초들물~중날물","0~0.4","암","▶농어 - 루어/ 릴찌▶부세 - 릴찌/ 원투▶감성돔 - 릴찌/ 장대/ 원투▶백조기 - 릴찌/ 원투","needs-check","MOF_SHARED_ROCK_FISHING_POINT","https://www.data.go.kr/data/15148580/fileData.do","2026-07-11","52","POINT (913580.6750630371 1782810.82816669)","공식 갯바위낚시포인트 데이터 기반. 갯바위 출입 가능 여부와 안전 통제는 현장 및 공식 안내 확인 필요."
"rock-53","개야도 - 장구섬 서측 갯바위","rock-fishing-point","전라북도","군산시","전라북도 군산시","36.045056","","농어|부세|감성돔|백조기","초들물~중날물","0~1.0","암","▶농어 - 루어/ 릴찌▶부세 - 릴찌/ 원투▶감성돔 - 릴찌/ 장대/ 원투▶백조기 - 릴찌/ 원투","needs-check","MOF_SHARED_ROCK_FISHING_POINT","https://www.data.go.kr/data/15148580/fileData.do","2026-07-11","53","POINT (913490.4371574541 1783557.42140089)","공식 갯바위낚시포인트 데이터 기반. 갯바위 출입 가능 여부와 안전 통제는 현장 및 공식 안내 확인 필요."
"rock-54","안마도·석만도 - 장재여 부근 갯바위","rock-fishing-point","전라남도","영광군","전라남도 영광군","35.360417","","붕장어|우럭|민어|광어|농어|노래미","들물/날물","13.9~14.0","암","▶붕장어 - 원투▶우럭 - 릴찌/ 원투▶민어 - 루어/ 지깅/ 원투▶광어 - 릴찌/ 원투▶농어 - 루어/ 릴찌▶노래미 - 루어/ 릴찌/ 장대/ 원투","needs-check","MOF_SHARED_ROCK_FISHING_POINT","https://www.data.go.kr/data/15148580/fileData.do","2026-07-11","54","POINT (864358.7693147 1708220.93222873)","공식 갯바위낚시포인트 데이터 기반. 갯바위 출입 가능 여부와 안전 통제는 현장 및 공식 안내 확인 필요."
"rock-55","송이도 - 검은바위 갯바위","rock-fishing-point","전라남도","영광군","전라남도 영광군","35.283250","","감성돔|민어|숭어|농어|붕장어|우럭","들물/날물","1.4~1.5","암","▶감성돔 - 릴찌/ 장대/ 원투▶민어 - 루어/ 지깅/ 원투▶숭어 - 릴찌/ 장대/ 홀치기▶농어 - 루어/ 릴찌▶붕장어 - 원투▶우럭 - 릴찌/ 원투","needs-check","MOF_SHARED_ROCK_FISHING_POINT","https://www.data.go.kr/data/15148580/fileData.do","2026-07-11","55","POINT (877497.729673921 1699472.0345245)","공식 갯바위낚시포인트 데이터 기반. 갯바위 출입 가능 여부와 안전 통제는 현장 및 공식 안내 확인 필요."
"rock-56","노화도·보길도·소안도 - 소안도 돈암각 부근 갯바위","rock-fishing-point","전라남도","완도군","전라남도 완도군","34.145861","","감성돔|농어|노래미|우럭|볼락|학공치","사리 전·후","5.5m~6.1m","펄","▶감성돔 - 릴찌/ 장대/ 원투 ▶농어 - 루어/ 릴찌▶노래미 - 장대/ 루어/ 릴찌/ 원투 ▶우럭 - 릴찌/ 원투▶볼락 - 루어/ 릴찌/ 장대 ▶학공치 - 릴찌/ 장대","needs-check","MOF_SHARED_ROCK_FISHING_POINT","https://www.data.go.kr/data/15148580/fileData.do","2026-07-11","56","POINT (919647.849692841 1572857.00060649)","공식 갯바위낚시포인트 데이터 기반. 갯바위 출입 가능 여부와 안전 통제는 현장 및 공식 안내 확인 필요."
"rock-57","신지도 - 송곡리 호안로 갯바위","rock-fishing-point","전라남도","완도군","전라남도 완도군","34.345750","","감성돔|넙치|농어|숭어|우럭|참돔","사리 전·후","1.5m~2.1m","펄/ 모래","▶감성돔 - 릴찌/ 장대/ 원투 ▶넙치 - 루어/ 원투▶농어 - 루어/ 릴찌 ▶숭어 - 릴찌/ 장대/ 훌치기▶우럭 - 릴찌/ 원투 ▶참돔 - 부력/ 잠수","needs-check","MOF_SHARED_ROCK_FISHING_POINT","https://www.data.go.kr/data/15148580/fileData.do","2026-07-11","57","POINT (934423.34410802 1594908.32165253)","공식 갯바위낚시포인트 데이터 기반. 갯바위 출입 가능 여부와 안전 통제는 현장 및 공식 안내 확인 필요."
"rock-58","신지도 - 덕구미 부근","rock-fishing-point","전라남도","완도군","전라남도 완도군","34.341889","","감성돔|농어|숭어|볼락|우럭|참돔","사리 전·후","8.5m~9m","펄/ 조개껍질","▶감성돔 - 릴찌/ 장대/ 원투 ▶농어 - 루어/ 릴찌 ▶숭어 - 릴찌/ 장대/ 훌치기 ▶볼락 - 루어/ 릴찌/ 장대 ▶우럭 - 릴찌/ 원투 ▶참돔 - 부력/ 잠수","needs-check","MOF_SHARED_ROCK_FISHING_POINT","https://www.data.go.kr/data/15148580/fileData.do","2026-07-11","58","POINT (944709.1473691 1594413.60728504)","공식 갯바위낚시포인트 데이터 기반. 갯바위 출입 가능 여부와 안전 통제는 현장 및 공식 안내 확인 필요."
"rock-59","신지도 - 가인항 양식장 부근 갯바위","rock-fishing-point","전라남도","완도군","전라남도 완도군","34.314611","","감성돔|갑오징어|볼락|우럭|참돔|학공치","사리 전·후","4.6m~5m","펄","▶감성돔 - 릴찌/ 장대/ 원투 ▶갑오징어 - 에깅 ▶볼락 - 루어/ 릴찌/ 장대 ▶우럭 - 릴찌/ 원투 ▶참돔 - 부력/ 잠수 ▶학공치 - 릴찌/ 장대","needs-check","MOF_SHARED_ROCK_FISHING_POINT","https://www.data.go.kr/data/15148580/fileData.do","2026-07-11","59","POINT (941649.881462589 1591407.36189013)","공식 갯바위낚시포인트 데이터 기반. 갯바위 출입 가능 여부와 안전 통제는 현장 및 공식 안내 확인 필요."
"rock-60","신지도 - 월양항 부근 제방","rock-fishing-point","전라남도","완도군","전라남도 완도군","34.308972","","농어|볼락|숭어|우럭|전갱이|학공치","사리 전·후","1.8m~2.5m","펄/ 조개껍질","▶농어 - 루어/ 릴찌 ▶볼락 - 루어/ 릴찌/ 장대 ▶숭어 - 릴찌/ 장대/ 훌치기 ▶우럭 - 릴찌/ 원투 ▶전갱이 - 루어/ 릴찌/ 장대 ▶학공치 - 릴찌/ 장대","needs-check","MOF_SHARED_ROCK_FISHING_POINT","https://www.data.go.kr/data/15148580/fileData.do","2026-07-11","60","POINT (939194.820269568 1590797.70163643)","공식 갯바위낚시포인트 데이터 기반. 갯바위 출입 가능 여부와 안전 통제는 현장 및 공식 안내 확인 필요."
"rock-61","청산도·대모도 - 청산도 항도 제방 부근 갯바위","rock-fishing-point","전라남도","완도군","전라남도 완도군","34.186083","","감성돔|넙치|농어|도다리|우럭|볼락|참돔","4물~사리","8.5m~8.7m","자갈","▶감성돔 - 릴찌/ 장대/ 원투 ▶넙치 - 루어/ 원투▶농어 - 루어/ 릴찌 ▶도다리 - 원투 ▶우럭 - 릴찌/ 원투▶볼락 - 루어/ 릴찌/ 장대 ▶참돔 - 부력/ 잠수","needs-check","MOF_SHARED_ROCK_FISHING_POINT","https://www.data.go.kr/data/15148580/fileData.do","2026-07-11","61","POINT (946531.9576873591 1577125.9499635)","공식 갯바위낚시포인트 데이터 기반. 갯바위 출입 가능 여부와 안전 통제는 현장 및 공식 안내 확인 필요."
"rock-62","청산도·대모도 - 청산도 노랑바위","rock-fishing-point","전라남도","완도군","전라남도 완도군","34.151000","","감성돔|농어|돌돔|볼락|우럭|참돔","4물~사리","8.2m~10.3m","펄","▶감성돔 - 릴찌/ 장대/ 원투 ▶농어 - 루어/ 릴찌 ▶돌돔 - 릴찌/ 장대/ 원투 ▶볼락 - 루어/ 릴찌/ 장대 ▶우럭 - 릴찌/ 원투 ▶참돔 - 부력/ 잠수","needs-check","MOF_SHARED_ROCK_FISHING_POINT","https://www.data.go.kr/data/15148580/fileData.do","2026-07-11","62","POINT (945459.9345764881 1573241.82641123)","공식 갯바위낚시포인트 데이터 기반. 갯바위 출입 가능 여부와 안전 통제는 현장 및 공식 안내 확인 필요."
"rock-63","거금도 - 우두마을 곶부리","rock-fishing-point","전라남도","고흥군","전라남도 고흥군","34.441611","","감성돔|넙치|도다리|노래미|붕장어|양태|우럭","초들물","2m~3.5m","펄","▶감성돔 - 릴찌/ 장대/ 원투 ▶넙치 - 루어/ 원투▶도다리 - 원투 ▶노래미 - 루어/ 릴찌/ 장대/ 원투▶붕장어 - 원투 ▶양태 - 릴찌 ▶우럭 - 릴찌/ 원투","needs-check","MOF_SHARED_ROCK_FISHING_POINT","https://www.data.go.kr/data/15148580/fileData.do","2026-07-11","63","POINT (963449.506809163 1605379.45893283)","공식 갯바위낚시포인트 데이터 기반. 갯바위 출입 가능 여부와 안전 통제는 현장 및 공식 안내 확인 필요."
"rock-359","이작도·승봉도 - 대이작도 유곶 부근","rock-fishing-point","인천광역시","옹진군","인천광역시 옹진군","37.170389","","넙치|농어|우럭","조금 전·후","3m~5m","펄/ 모래","▶넙치 - 루어/ 원투 ▶농어 - 루어/ 릴찌 ▶우럭 - 릴찌/ 원투","needs-check","MOF_SHARED_ROCK_FISHING_POINT","https://www.data.go.kr/data/15148580/fileData.do","2026-07-11","359","POINT (888966.99032482 1908691.65413065)","공식 갯바위낚시포인트 데이터 기반. 갯바위 출입 가능 여부와 안전 통제는 현장 및 공식 안내 확인 필요."
"rock-64","금일도·생일도 - 금곡 해수욕장 북측 갯바위","rock-fishing-point","전라남도","완도군","전라남도 완도군","34.308611","","감성돔|숭어|우럭|노래미|농어|학공치|볼락|붕장어","초들물~중날물","3.0~3.9","모래/ 조개껍질","▶감성돔 - 릴찌/ 장대/ 원투 ▶숭어 - 릴찌/ 장대/ 훌치기 ▶우럭 - 릴찌/ 원투 ▶노래미 - 루어/ 릴찌/ 장대/ 원투▶농어 - 루어/ 릴찌 ▶학공치 - 릴찌/ 장대 ▶볼락 - 루어/ 릴찌/ 장대 ▶붕장어 - 원투","needs-check","MOF_SHARED_ROCK_FISHING_POINT","https://www.data.go.kr/data/15148580/fileData.do","2026-07-11","64","POINT (950489.3262000331 1590691.04947111)","공식 갯바위낚시포인트 데이터 기반. 갯바위 출입 가능 여부와 안전 통제는 현장 및 공식 안내 확인 필요."
"rock-65","금일도·생일도 - 생일도 목섬","rock-fishing-point","전라남도","완도군","전라남도 완도군","34.319500","","감성돔|숭어|우럭|노래미|농어|학공치|볼락|붕장어","초들물~중날물","0.1~1.2","암","▶감성돔 - 릴찌/ 장대/ 원투 ▶숭어 - 릴찌/ 장대/ 훌치기 ▶우럭 - 릴찌/ 원투 ▶노래미 - 루어/ 릴찌/ 장대/ 원투▶농어 - 루어/ 릴찌 ▶학공치 - 릴찌/ 장대 ▶볼락 - 루어/ 릴찌/ 장대 ▶붕장어 - 원투","needs-check","MOF_SHARED_ROCK_FISHING_POINT","https://www.data.go.kr/data/15148580/fileData.do","2026-07-11","65","POINT (955295.150292322 1591874.2881646)","공식 갯바위낚시포인트 데이터 기반. 갯바위 출입 가능 여부와 안전 통제는 현장 및 공식 안내 확인 필요."
"rock-66","초도 - 외항도","rock-fishing-point","전라남도","여수시","전라남도 여수시","34.210833","","참돔|뱅어돔|볼락|감성돔|돌돔|농어","초들물~중날물","9.2~10.0","펄","▶참돔 - 부력/ 잠수▶뱅어돔 - 목줄/ 장대/ 부력/ 잠수▶볼락 - 릴찌/ 장대/ 루어▶감성돔 - 릴찌/ 장대/ 원투▶돌돔 - 민장대/ 릴찌/ 원투▶농어 - 루어/ 릴찌","needs-check","MOF_SHARED_ROCK_FISHING_POINT","https://www.data.go.kr/data/15148580/fileData.do","2026-07-11","66","POINT (974413.895380039 1579753.00916527)","공식 갯바위낚시포인트 데이터 기반. 갯바위 출입 가능 여부와 안전 통제는 현장 및 공식 안내 확인 필요."
"rock-67","돌산도 - 월전포 동측 갯바위","rock-fishing-point","전라남도","여수시","전라남도 여수시","34.699139","","참돔|농어|노래미|볼락|우럭|붕장어","초들물~중날물","0~0.4","펄","▶참돔 - 부력/ 잠수▶농어 - 루어/ 릴찌▶노래미 - 루어/ 릴찌/ 장대/ 원투▶볼락 - 릴찌/ 장대/ 루어▶우럭 - 릴찌/ 원투▶붕장어 - 원투","needs-check","MOF_SHARED_ROCK_FISHING_POINT","https://www.data.go.kr/data/15148580/fileData.do","2026-07-11","67","POINT (1026185.54685052 1633901.71217954)","공식 갯바위낚시포인트 데이터 기반. 갯바위 출입 가능 여부와 안전 통제는 현장 및 공식 안내 확인 필요."
"rock-68","남해도 북부 - 서상리 갯바위","rock-fishing-point","경상남도","남해군","경상남도 남해군","34.792778","","참돔|농어|노래미|볼락|우럭","초들물~중날물","0.5~1.0","암","▶참돔 - 부력/ 잠수▶농어 - 루어/ 릴찌▶노래미 - 루어/ 릴찌/ 장대/ 원투▶볼락 - 릴찌/ 장대/ 루어▶우럭 - 릴찌/ 원투","needs-check","MOF_SHARED_ROCK_FISHING_POINT","https://www.data.go.kr/data/15148580/fileData.do","2026-07-11","68","POINT (1030610.65457447 1644299.28474804)","공식 갯바위낚시포인트 데이터 기반. 갯바위 출입 가능 여부와 안전 통제는 현장 및 공식 안내 확인 필요."
"rock-69","두미도 - 의자여","rock-fishing-point","경상남도","통영시","경상남도 통영시","34.695778","","감성돔|벵에돔|노래미|참돔|농어|볼락","상관없음","2.0~5.0","펄","▶감성돔 - 릴찌/ 장대/ 원투▶벵에돔 - 목줄/ 장대/ 부력/ 잠수▶노래미 - 루어/ 릴찌/ 장대/ 원투▶참돔 - 부력/ 잠수▶농어 - 루어/ 릴찌▶볼락 - 릴찌/ 장대/ 루어","needs-check","MOF_SHARED_ROCK_FISHING_POINT","https://www.data.go.kr/data/15148580/fileData.do","2026-07-11","69","POINT (1061990.38716906 1633700.22553317)","공식 갯바위낚시포인트 데이터 기반. 갯바위 출입 가능 여부와 안전 통제는 현장 및 공식 안내 확인 필요."
"rock-416","개도·하의도·신의도 - 개도 서측 갯바위","rock-fishing-point","전라남도","신안군","전라남도 신안군","34.640583","","농어|붕장어|감성돔","조금 전후","0~4.0","펄","▶농어 - 루어/ 릴찌▶붕장어 - 원투▶감성돔 - 릴찌/ 장대/ 원투","needs-check","MOF_SHARED_ROCK_FISHING_POINT","https://www.data.go.kr/data/15148580/fileData.do","2026-07-11","416","POINT (862704.423013941 1628391.63220891)","공식 갯바위낚시포인트 데이터 기반. 갯바위 출입 가능 여부와 안전 통제는 현장 및 공식 안내 확인 필요."
"rock-70","두미도 - 등대포인트","rock-fishing-point","경상남도","통영시","경상남도 통영시","34.711333","","감성돔|벵에돔|노래미|참돔|농어|볼락","상관없음","3.3~5.0","펄","▶감성돔 - 릴찌/ 장대/ 원투▶벵에돔 - 목줄/ 장대/ 부력/ 잠수▶노래미 - 루어/ 릴찌/ 장대/ 원투▶참돔 - 부력/ 잠수▶농어 - 루어/ 릴찌▶볼락 - 릴찌/ 장대/ 루어","needs-check","MOF_SHARED_ROCK_FISHING_POINT","https://www.data.go.kr/data/15148580/fileData.do","2026-07-11","70","POINT (1061841.42526986 1635424.31233815)","공식 갯바위낚시포인트 데이터 기반. 갯바위 출입 가능 여부와 안전 통제는 현장 및 공식 안내 확인 필요."
"rock-71","울릉도 - 태하 갯바위","rock-fishing-point","경상북도","울릉군","경상북도 울릉군","37.515611","","농어|부시리|방어|벵에돔","조금 전후","5.0~9.5","암","▶농어 - 루어/ 릴찌▶부시리 - 부력/ 잠수/ 지깅▶방어 - 부력/ 잠수/ 지깅▶벵에돔 - 목줄/ 장대/ 부력/ 잠수","needs-check","MOF_SHARED_ROCK_FISHING_POINT","https://www.data.go.kr/data/15148580/fileData.do","2026-07-11","71","POINT (1291113.50812326 1951357.09075407)","공식 갯바위낚시포인트 데이터 기반. 갯바위 출입 가능 여부와 안전 통제는 현장 및 공식 안내 확인 필요."
"rock-72","울릉도 - 딴바위 갯바위","rock-fishing-point","경상북도","울릉군","경상북도 울릉군","37.547250","","감성돔|부시리|벵에돔","조금 전후","3.9~4.6","암","▶감성돔 - 릴찌/ 장대/ 원투▶부시리 - 부력/ 잠수/ 지깅▶벵에돔 - 목줄/ 장대/ 부력/ 잠수","needs-check","MOF_SHARED_ROCK_FISHING_POINT","https://www.data.go.kr/data/15148580/fileData.do","2026-07-11","72","POINT (1299751.62860427 1955180.62754811)","공식 갯바위낚시포인트 데이터 기반. 갯바위 출입 가능 여부와 안전 통제는 현장 및 공식 안내 확인 필요."
"rock-73","추자도 - 대서리 갯바위","rock-fishing-point","제주특별자치도","제주시","제주특별자치도 제주시","33.965944","","감성돔|돌돔|자리돔|농어|볼락|참돔","들물/썰물","2.8~5.0","암","▶감성돔 - 릴찌/ 장대/ 원투▶돌돔 - 민장대/ 릴찌/ 원투▶자리돔 - 장대/ 카드▶농어 - 루어/ 릴찌▶볼락 - 루어/ 릴찌/ 장대▶참돔 - 부력/ 잠수","needs-check","MOF_SHARED_ROCK_FISHING_POINT","https://www.data.go.kr/data/15148580/fileData.do","2026-07-11","73","POINT (888470.618931641 1553221.44978466)","공식 갯바위낚시포인트 데이터 기반. 갯바위 출입 가능 여부와 안전 통제는 현장 및 공식 안내 확인 필요."
"rock-74","당항포 부근 - 해상펜션 앞","rock-fishing-point","경상남도","고성군","경상남도 고성군","35.071309","","도다리|노래미|볼락|감성돔|갑오징어","초들물~중날물","0.3~0.5m","모래","▶ 도다리 - 원투▶ 노래미 - 루어/ 릴찌/ 장대/ 원투▶ 볼락 - 릴찌/ 장대/ 루어▶ 감성돔 - 릴찌/ 장대/ 원투▶ 갑오징어 - 에깅","needs-check","MOF_SHARED_ROCK_FISHING_POINT","https://www.data.go.kr/data/15148580/fileData.do","2026-07-11","74","POINT (1086591.02416359 1675548.33536443)","공식 갯바위낚시포인트 데이터 기반. 갯바위 출입 가능 여부와 안전 통제는 현장 및 공식 안내 확인 필요."
"rock-75","진해항 부근 - 삼우골 서측","rock-fishing-point","경상남도","창원시","경상남도 창원시","35.101611","","도다리|노래미|볼락|감성돔|갑오징어","초들물~중날물","0.6~1.1m","펄","▶ 도다리 - 원투▶ 노래미 - 루어/ 릴찌/ 장대/ 원투▶ 볼락 - 릴찌/ 장대/ 루어▶ 감성돔 - 릴찌/ 장대/ 원투▶ 갑오징어 - 에깅","needs-check","MOF_SHARED_ROCK_FISHING_POINT","https://www.data.go.kr/data/15148580/fileData.do","2026-07-11","75","POINT (1094972.03941082 1678993.03808975)","공식 갯바위낚시포인트 데이터 기반. 갯바위 출입 가능 여부와 안전 통제는 현장 및 공식 안내 확인 필요."
"rock-76","수영만 부근 - 고두말 근처바위","rock-fishing-point","부산광역시","해운대구","부산광역시 해운대구","35.155107","","붕장어|참돔|노래미|도다리|숭어|전어|부시리","6물~8물","0.3~0.1m","암","▶ 붕장어 - 원투▶ 참돔 - 부력/ 잠수▶ 노래미 - 루어/ 릴찌/ 장대/ 원투▶ 도다리 - 원투▶ 숭어 - 릴찌/ 장대/ 훌치기▶ 전어 - 장대▶ 부시리 - 부력/ 잠수/ 지깅","needs-check","MOF_SHARED_ROCK_FISHING_POINT","https://www.data.go.kr/data/15148580/fileData.do","2026-07-11","76","POINT (1152770.18007383 1685716.76048176)","공식 갯바위낚시포인트 데이터 기반. 갯바위 출입 가능 여부와 안전 통제는 현장 및 공식 안내 확인 필요."
"rock-77","대청도·소청도 - 소청도 예동항 동쪽 갯바위","rock-fishing-point","인천광역시","옹진군","인천광역시 옹진군","37.768806","","넙치|노래미|농어|삼치|쏨뱅이|우럭","사리 전후","3.6m~4.1m","펄/ 가는 모래","▶넙치 - 루어/ 원투 ▶노래미 - 루어/ 릴찌/ 장대/ 원투▶농어 - 루어/ 릴찌 ▶삼치 - 루어/ 릴찌▶쏨뱅이 - 루어/ 릴찌 ▶우럭 - 루어/ 릴찌","needs-check","MOF_SHARED_ROCK_FISHING_POINT","https://www.data.go.kr/data/15148580/fileData.do","2026-07-11","77","POINT (758252.634240712 1977896.87395717)","공식 갯바위낚시포인트 데이터 기반. 갯바위 출입 가능 여부와 안전 통제는 현장 및 공식 안내 확인 필요."
"rock-360","이작도·승봉도 - 승봉도 부채바위","rock-fishing-point","인천광역시","옹진군","인천광역시 옹진군","37.172750","","넙치|노래미|농어|우럭","초들물~중들물","1m~1.8m","펄","▶넙치 - 루어/ 원투 ▶노래미 - 루어/ 릴찌/ 장대/ 원투▶농어 - 루어/ 릴찌 ▶우럭 - 릴찌/ 원투","needs-check","MOF_SHARED_ROCK_FISHING_POINT","https://www.data.go.kr/data/15148580/fileData.do","2026-07-11","360","POINT (893774.4231464571 1908891.60549233)","공식 갯바위낚시포인트 데이터 기반. 갯바위 출입 가능 여부와 안전 통제는 현장 및 공식 안내 확인 필요."
"rock-78","덕적도·소야도 - 소야도 뒷장불","rock-fishing-point","인천광역시","옹진군","인천광역시 옹진군","37.224333","","노래미|농어|붕장어|숭어|우럭","모래","1.2m~1.5m","모래","▶노래미 - 루어/ 릴찌/ 장대/ 원투 ▶농어 - 루어/ 릴찌▶붕장어 - 원투 ▶숭어 - 릴찌/ 장대/ 훌치기▶우럭 - 루어/ 릴찌","needs-check","MOF_SHARED_ROCK_FISHING_POINT","https://www.data.go.kr/data/15148580/fileData.do","2026-07-11","78","POINT (881051.3130736441 1914785.86249838)","공식 갯바위낚시포인트 데이터 기반. 갯바위 출입 가능 여부와 안전 통제는 현장 및 공식 안내 확인 필요."
"rock-79","이작도·승봉도 - 소이작도 돌살부리 부근","rock-fishing-point","인천광역시","옹진군","인천광역시 옹진군","37.187611","","넙치|노래미|농어|우럭","조금 전·후","1.2m~1.8m","펄","▶넙치 - 루어/ 원투 ▶노래미 - 루어/ 릴찌/ 장대/ 원투▶농어 - 루어/ 릴찌 ▶우럭 - 릴찌/ 원투","needs-check","MOF_SHARED_ROCK_FISHING_POINT","https://www.data.go.kr/data/15148580/fileData.do","2026-07-11","79","POINT (886307.121365246 1910638.21280735)","공식 갯바위낚시포인트 데이터 기반. 갯바위 출입 가능 여부와 안전 통제는 현장 및 공식 안내 확인 필요."
"rock-80","이작도·승봉도 - 소이작도 간뿌리 부근","rock-fishing-point","인천광역시","옹진군","인천광역시 옹진군","37.182250","","넙치|노래미","조금 전·후","1.1m~1.8m","가는 모래","▶넙치 - 루어/ 원투 ▶노래미 - 루어/ 릴찌/ 장대/ 원투","needs-check","MOF_SHARED_ROCK_FISHING_POINT","https://www.data.go.kr/data/15148580/fileData.do","2026-07-11","80","POINT (885978.528510267 1910047.76628095)","공식 갯바위낚시포인트 데이터 기반. 갯바위 출입 가능 여부와 안전 통제는 현장 및 공식 안내 확인 필요."
"rock-81","문갑도·선갑도 - 문갑도 문갑해수욕장 갯바위","rock-fishing-point","인천광역시","옹진군","인천광역시 옹진군","37.181278","","넙치|노래미|농어|우럭","사리 전·후","2.2m~4.7m","가는 모래","▶넙치 - 루어/ 원투 ▶노래미 - 루어/ 릴찌/ 장대/ 원투 ▶농어 - 루어/ 릴찌 ▶우럭 - 릴찌/ 원투","needs-check","MOF_SHARED_ROCK_FISHING_POINT","https://www.data.go.kr/data/15148580/fileData.do","2026-07-11","81","POINT (877016.135936137 1910066.10763235)","공식 갯바위낚시포인트 데이터 기반. 갯바위 출입 가능 여부와 안전 통제는 현장 및 공식 안내 확인 필요."
"rock-82","백아도·굴업도 - 백아도 기차바위 부근","rock-fishing-point","인천광역시","옹진군","인천광역시 옹진군","37.084361","","넙치|노래미|농어|붕장어|우럭","사리 전·후","2.3m~3.8m","펄","▶넙치 - 루어/ 원투 ▶노래미 - 루어/ 릴찌/ 장대/ 원투▶농어 - 루어/ 릴찌 ▶붕장어 - 원투▶우럭 - 릴찌/ 원투","needs-check","MOF_SHARED_ROCK_FISHING_POINT","https://www.data.go.kr/data/15148580/fileData.do","2026-07-11","82","POINT (863832.4655653529 1899513.75538626)","공식 갯바위낚시포인트 데이터 기반. 갯바위 출입 가능 여부와 안전 통제는 현장 및 공식 안내 확인 필요."
"rock-83","영흥도·선재도·대부도·구봉도 - 신지도 대량곶 부근 갯바위","rock-fishing-point","인천광역시","옹진군","인천광역시 옹진군","37.256806","","노래미|망둑어|붕장어|양태|우럭","들물/ 날물","1.8m~2.5m","펄","▶노래미 - 루어/ 릴찌/ 장대/ 원투 ▶망둑어 - 원투▶붕장어 - 원투 ▶양태 - 루어/ 릴찌 ▶우럭 - 루어/ 릴찌","needs-check","MOF_SHARED_ROCK_FISHING_POINT","https://www.data.go.kr/data/15148580/fileData.do","2026-07-11","83","POINT (913473.3229798841 1917992.30547977)","공식 갯바위낚시포인트 데이터 기반. 갯바위 출입 가능 여부와 안전 통제는 현장 및 공식 안내 확인 필요."
"rock-84","십이동파도·비안도 - 십이동파도 땅콩여","rock-fishing-point","전라북도","군산시","전라북도 군산시","36.001944","","감성돔|넙치|돌돔|노래미|농어|우럭|참돔","12물~3물","9m~18m","펄/ 모래","▶감성돔 - 릴찌/ 장대/ 원투 ▶넙치 - 루어/ 원투▶돌돔 - 릴찌/ 장대/ 원투 ▶노래미 - 루어/ 릴찌/ 장대/ 원투▶농어 - 루어/ 릴찌 ▶우럭 - 릴찌/ 원투 ▶참돔 - 부력/ 잠수","needs-check","MOF_SHARED_ROCK_FISHING_POINT","https://www.data.go.kr/data/15148580/fileData.do","2026-07-11","84","POINT (885019.546228291 1779101.61980048)","공식 갯바위낚시포인트 데이터 기반. 갯바위 출입 가능 여부와 안전 통제는 현장 및 공식 안내 확인 필요."
"rock-85","십이동파도·비안도 - 십이동파도 등대섬 덜컥바위","rock-fishing-point","전라북도","군산시","전라북도 군산시","35.987750","","감성돔|갑오징어|넙치|노래미|농어|우럭|참돔","12물~3물","19.7m~21m","펄/ 모래","▶감성돔 - 원투 ▶갑오징어 - 에깅▶넙치 - 루어/ 원투 ▶노래미 - 루어/ 릴찌/ 장대/ 원투▶농어 - 루어/ 릴찌 ▶우럭 - 릴찌/ 원투 ▶참돔 - 부력/ 잠수","needs-check","MOF_SHARED_ROCK_FISHING_POINT","https://www.data.go.kr/data/15148580/fileData.do","2026-07-11","85","POINT (884748.524309801 1777530.40900452)","공식 갯바위낚시포인트 데이터 기반. 갯바위 출입 가능 여부와 안전 통제는 현장 및 공식 안내 확인 필요."
"rock-86","말도·방축도 - 말도 등대 부근 갯바위","rock-fishing-point","전라북도","군산시","전라북도 군산시","35.858806","","감성돔|노래미|넙치|도다리|우럭","썰물 전·후","11.8m~13m","모래/ 조개껍질","▶감성돔 - 릴찌/ 장대/ 원투 ▶노래미 - 루어/ 릴찌/ 장대/ 원투▶넙치 - 루어/ 원투 ▶도다리 - 원투 ▶우럭 - 릴찌/ 원투","needs-check","MOF_SHARED_ROCK_FISHING_POINT","https://www.data.go.kr/data/15148580/fileData.do","2026-07-11","86","POINT (893086.560823873 1763120.3079972)","공식 갯바위낚시포인트 데이터 기반. 갯바위 출입 가능 여부와 안전 통제는 현장 및 공식 안내 확인 필요."
"rock-87","말도·방축도 - 방축도 북동쪽 곶부리","rock-fishing-point","전라북도","군산시","전라북도 군산시","35.856194","","감성돔|넙치|농어|우럭|부시리|참돔","중들물~만조시","6.7m~8m","가는 모래","▶감성돔 - 릴찌/ 장대/ 원투 ▶넙치 - 루어/ 원투▶농어 - 루어/ 릴찌 ▶우럭 - 릴찌/ 원투▶부시리 - 부력/ 잠수/ 지깅 ▶참돔 - 부력/ 잠수","needs-check","MOF_SHARED_ROCK_FISHING_POINT","https://www.data.go.kr/data/15148580/fileData.do","2026-07-11","87","POINT (899469.036466492 1762755.67658416)","공식 갯바위낚시포인트 데이터 기반. 갯바위 출입 가능 여부와 안전 통제는 현장 및 공식 안내 확인 필요."
"rock-88","선유도·무녀도·장자도·신시도 - 무녀도 남들포인트","rock-fishing-point","전라북도","군산시","전라북도 군산시","35.801944","","넙치|노래미|농어|붕장어|우럭","들물 전·후","2m~2.5m","가는 모래","▶넙치 - 루어/ 원투 ▶노래미 - 루어/ 릴찌/ 장대/ 원투▶농어 - 루어/ 릴찌 ▶붕장어 - 원투▶우럭 - 릴찌/ 원투","needs-check","MOF_SHARED_ROCK_FISHING_POINT","https://www.data.go.kr/data/15148580/fileData.do","2026-07-11","88","POINT (902008.404040951 1756709.10540755)","공식 갯바위낚시포인트 데이터 기반. 갯바위 출입 가능 여부와 안전 통제는 현장 및 공식 안내 확인 필요."
"rock-89","제주도 남서부·가파도·마라도 - 가파도 남측 갯바위","rock-fishing-point","제주특별자치도","서귀포시","제주특별자치도 서귀포시","33.161861","","벵에돔|농어|자리돔|볼락|한치|참돔|부시리","들물/썰물","1.5~2.0","암","▶벵에돔 - 목줄/ 장대/ 잠수 ▶농어 - 루어/ 릴찌 ▶자리돔 - 민장대/ 릴찌 ▶볼락 - 루어/ 릴찌/ 장대▶한치 - 루어/ 원투 ▶참돔 - 부력/ 잠수 ▶부시리 - 부력/ 잠수/ 지깅","needs-check","MOF_SHARED_ROCK_FISHING_POINT","https://www.data.go.kr/data/15148580/fileData.do","2026-07-11","89","POINT (885432.146318302 1464088.09176388)","공식 갯바위낚시포인트 데이터 기반. 갯바위 출입 가능 여부와 안전 통제는 현장 및 공식 안내 확인 필요."
"rock-90","제주도 남서부·가파도·마라도 - 장군바위 부근 갯바위","rock-fishing-point","제주특별자치도","서귀포시","제주특별자치도 서귀포시","33.112417","","벵에돔|농어|자리돔|볼락|한치|참돔|부시리","들물/썰물","2.5~6.8","암","▶벵에돔 - 목줄/ 장대/ 잠수▶농어 - 루어/ 릴찌▶자리돔 - 민장대/ 릴찌▶볼락 - 루어/ 릴찌/ 장대▶한치 - 루어/ 원투▶참돔 - 부력/ 잠수▶부시리 - 부력/ 잠수/ 지깅","needs-check","MOF_SHARED_ROCK_FISHING_POINT","https://www.data.go.kr/data/15148580/fileData.do","2026-07-11","90","POINT (885147.570432543 1458608.6281123)","공식 갯바위낚시포인트 데이터 기반. 갯바위 출입 가능 여부와 안전 통제는 현장 및 공식 안내 확인 필요."
"rock-91","홍도 - 병풍바위 우측","rock-fishing-point","전라남도","신안군","전라남도 신안군","34.667649","","참돔|돌돔|감성돔|우럭|농어","사리 전후/ 초들물/ 만조 전후","2.9~3.7m","암","▶ 참돔 - 부력/ 잠수▶ 돌돔 - 릴찌/ 장대/ 원투▶ 감성돔 - 릴찌/ 장대/ 원투▶ 우럭 - 릴찌/ 원투▶ 농어 - 루어/ 릴찌","needs-check","MOF_SHARED_ROCK_FISHING_POINT","https://www.data.go.kr/data/15148580/fileData.do","2026-07-11","91","POINT (787855.513865675 1632811.54322659)","공식 갯바위낚시포인트 데이터 기반. 갯바위 출입 가능 여부와 안전 통제는 현장 및 공식 안내 확인 필요."
"rock-92","홍도 - 주전자바위 인근","rock-fishing-point","전라남도","신안군","전라남도 신안군","34.682851","","참돔|돌돔|감성돔|우럭|농어","사리 전후/ 초들물/ 만조 전후","12.1~13.5m","암","▶ 참돔 - 부력/ 잠수▶ 돌돔 - 릴찌/ 장대/ 원투▶ 감성돔 - 릴찌/ 장대/ 원투▶ 우럭 - 릴찌/ 원투▶ 농어 - 루어/ 릴찌","needs-check","MOF_SHARED_ROCK_FISHING_POINT","https://www.data.go.kr/data/15148580/fileData.do","2026-07-11","92","POINT (787307.388937736 1634511.24040275)","공식 갯바위낚시포인트 데이터 기반. 갯바위 출입 가능 여부와 안전 통제는 현장 및 공식 안내 확인 필요."
"rock-361","백아도·굴업도 - 백아도 목가지 부근","rock-fishing-point","인천광역시","옹진군","인천광역시 옹진군","37.075000","","넙치|노래미|농어|붕장어|우럭","사리 전·후","2.1m~3m","바위","▶넙치 - 루어/ 원투 ▶노래미 - 루어/ 릴찌/ 장대/ 원투▶농어 - 루어/ 릴찌 ▶붕장어 - 원투▶우럭 - 릴찌/ 원투","needs-check","MOF_SHARED_ROCK_FISHING_POINT","https://www.data.go.kr/data/15148580/fileData.do","2026-07-11","361","POINT (862390.887473997 1898498.27451396)","공식 갯바위낚시포인트 데이터 기반. 갯바위 출입 가능 여부와 안전 통제는 현장 및 공식 안내 확인 필요."
"rock-93","홍도 - 석화굴 인근","rock-fishing-point","전라남도","신안군","전라남도 신안군","34.710557","","참돔|돌돔|감성돔|우럭|농어","사리 전후/ 초들물/ 만조 전후","1.1~15.2m","암","▶ 참돔 - 부력/ 잠수▶ 돌돔 - 릴찌/ 장대/ 원투▶ 감성돔 - 릴찌/ 장대/ 원투▶ 우럭 - 릴찌/ 원투▶ 농어 - 루어/ 릴찌","needs-check","MOF_SHARED_ROCK_FISHING_POINT","https://www.data.go.kr/data/15148580/fileData.do","2026-07-11","93","POINT (789330.4845152589 1637539.65311479)","공식 갯바위낚시포인트 데이터 기반. 갯바위 출입 가능 여부와 안전 통제는 현장 및 공식 안내 확인 필요."
"rock-94","홍도 - 공작새바위 하단","rock-fishing-point","전라남도","신안군","전라남도 신안군","34.695448","","참돔|돌돔|감성돔|우럭|농어","사리 전후/ 초들물/ 만조 전후","3.6~4.9m","암","▶ 참돔 - 부력/ 잠수▶ 돌돔 - 릴찌/ 장대/ 원투▶ 감성돔 - 릴찌/ 장대/ 원투▶ 우럭 - 릴찌/ 원투▶ 농어 - 루어/ 릴찌","needs-check","MOF_SHARED_ROCK_FISHING_POINT","https://www.data.go.kr/data/15148580/fileData.do","2026-07-11","94","POINT (790491.691557226 1635836.35756348)","공식 갯바위낚시포인트 데이터 기반. 갯바위 출입 가능 여부와 안전 통제는 현장 및 공식 안내 확인 필요."
"rock-95","만재도 - 남대문 부근","rock-fishing-point","전라남도","신안군","전라남도 신안군","34.205351","","돌돔|참돔|감성돔|우럭|광어|농어|볼락|문어","조금 전후","8~9.5m","암","▶ 돌돔 - 릴찌/ 장대/ 원투▶ 참돔 - 부력/ 잠수▶ 감성돔 - 릴찌/ 장대/ 원투▶ 우럭 - 릴찌/ 원투▶ 광어 - 릴찌/ 원투▶ 농어 - 루어/ 릴찌▶ 볼락 - 릴찌/ 장대/ 루어▶ 문어 - 루어","needs-check","MOF_SHARED_ROCK_FISHING_POINT","https://www.data.go.kr/data/15148580/fileData.do","2026-07-11","95","POINT (814126.878321283 1580950.37649717)","공식 갯바위낚시포인트 데이터 기반. 갯바위 출입 가능 여부와 안전 통제는 현장 및 공식 안내 확인 필요."
"rock-96","만재도 - 등대 밑 부근","rock-fishing-point","전라남도","신안군","전라남도 신안군","34.214631","","돌돔|참돔|감성돔|우럭|광어|농어|볼락|문어","조금 전후","10.5~14m","암","▶ 돌돔 - 릴찌/ 장대/ 원투▶ 참돔 - 부력/ 잠수▶ 감성돔 - 릴찌/ 장대/ 원투▶ 우럭 - 릴찌/ 원투▶ 광어 - 릴찌/ 원투▶ 농어 - 루어/ 릴찌▶ 볼락 - 릴찌/ 장대/ 루어▶ 문어 - 루어","needs-check","MOF_SHARED_ROCK_FISHING_POINT","https://www.data.go.kr/data/15148580/fileData.do","2026-07-11","96","POINT (813194.0842693531 1581998.46258207)","공식 갯바위낚시포인트 데이터 기반. 갯바위 출입 가능 여부와 안전 통제는 현장 및 공식 안내 확인 필요."
"rock-97","목포 부근 - 솔섬","rock-fishing-point","전라남도","신안군","전라남도 신안군","34.862221","","감성돔|붕장어|우럭|노래미|농어|볼락","사리 전후/ 초들물~중날물","0.2~0.3m","펄","▶ 감성돔 - 릴찌/ 장대/ 원투▶ 붕장어 - 원투▶ 우럭 - 릴찌/ 원투▶ 노래미 - 루어/ 릴찌/ 장대/ 원투▶ 농어 - 루어/ 릴찌▶ 볼락 - 릴찌/ 장대/ 루어","needs-check","MOF_SHARED_ROCK_FISHING_POINT","https://www.data.go.kr/data/15148580/fileData.do","2026-07-11","97","POINT (896424.60512065 1652534.5138773)","공식 갯바위낚시포인트 데이터 기반. 갯바위 출입 가능 여부와 안전 통제는 현장 및 공식 안내 확인 필요."
"rock-98","목포 부근 - 정주도","rock-fishing-point","전라남도","목포시","전라남도 목포시","34.813705","","감성돔|붕장어|우럭|노래미|농어|볼락","사리 전후/ 초들물~중날물","-3.2~6.6m","펄","▶ 감성돔 - 릴찌/ 장대/ 원투▶ 붕장어 - 원투▶ 우럭 - 릴찌/ 원투▶ 노래미 - 루어/ 릴찌/ 장대/ 원투▶ 농어 - 루어/ 릴찌▶ 볼락 - 릴찌/ 장대/ 루어","needs-check","MOF_SHARED_ROCK_FISHING_POINT","https://www.data.go.kr/data/15148580/fileData.do","2026-07-11","98","POINT (895647.973942354 1647162.14821263)","공식 갯바위낚시포인트 데이터 기반. 갯바위 출입 가능 여부와 안전 통제는 현장 및 공식 안내 확인 필요."
"rock-99","화원 부근 - 월래경로당 앞","rock-fishing-point","전라남도","해남군","전라남도 해남군","34.717338","","감성돔|붕장어|농어","조금 전후/ 초들물~중날물","-1.2~3m","펄","▶ 감성돔 - 릴찌/ 장대/ 원투▶ 붕장어 - 원투▶ 농어 - 루어/ 릴찌","needs-check","MOF_SHARED_ROCK_FISHING_POINT","https://www.data.go.kr/data/15148580/fileData.do","2026-07-11","99","POINT (887824.6483705681 1636565.70024233)","공식 갯바위낚시포인트 데이터 기반. 갯바위 출입 가능 여부와 안전 통제는 현장 및 공식 안내 확인 필요."
"rock-100","화원 부근 - 시하도","rock-fishing-point","전라남도","해남군","전라남도 해남군","34.700742","","감성돔|붕장어|농어","조금 전후/ 초들물~중날물","-3.1~4.4m","암","▶ 감성돔 - 릴찌/ 장대/ 원투▶ 붕장어 - 원투▶ 농어 - 루어/ 릴찌","needs-check","MOF_SHARED_ROCK_FISHING_POINT","https://www.data.go.kr/data/15148580/fileData.do","2026-07-11","100","POINT (884827.614584755 1634761.88624471)","공식 갯바위낚시포인트 데이터 기반. 갯바위 출입 가능 여부와 안전 통제는 현장 및 공식 안내 확인 필요."
"rock-101","화원 부근 - 석호앞들","rock-fishing-point","전라남도","해남군","전라남도 해남군","34.645476","","감성돔|붕장어|농어","조금 전후/ 초들물~중날물","-0.4~0.3m","펄","▶ 감성돔 - 릴찌/ 장대/ 원투▶ 붕장어 - 원투▶ 농어 - 루어/ 릴찌","needs-check","MOF_SHARED_ROCK_FISHING_POINT","https://www.data.go.kr/data/15148580/fileData.do","2026-07-11","101","POINT (887091.7726675 1628604.00651836)","공식 갯바위낚시포인트 데이터 기반. 갯바위 출입 가능 여부와 안전 통제는 현장 및 공식 안내 확인 필요."
"rock-102","거차수도 부근 - 상하죽도 교량 부근","rock-fishing-point","전라남도","진도군","전라남도 진도군","34.251737","","참돔|감성돔|돌돔|우럭|농어|부시리","10물~5물","0.3~0.9m","암","▶ 참돔 - 부력/ 잠수▶ 감성돔 - 릴찌/ 장대/ 원투▶ 돌돔 - 릴찌/ 장대/ 원투▶ 우럭 - 릴찌/ 원투▶ 농어 - 루어/ 릴찌▶ 부시리 - 부력/ 잠수/ 지깅","needs-check","MOF_SHARED_ROCK_FISHING_POINT","https://www.data.go.kr/data/15148580/fileData.do","2026-07-11","102","POINT (855069.4446294161 1585374.25292627)","공식 갯바위낚시포인트 데이터 기반. 갯바위 출입 가능 여부와 안전 통제는 현장 및 공식 안내 확인 필요."
"rock-103","거차수도 부근 - 동거차 수영장","rock-fishing-point","전라남도","진도군","전라남도 진도군","34.236392","","참돔|감성돔|돌돔|우럭|농어|부시리","10물~5물","1.9~3.2m","암","▶ 참돔 - 부력/ 잠수▶ 감성돔 - 릴찌/ 장대/ 원투▶ 돌돔 - 릴찌/ 장대/ 원투▶ 우럭 - 릴찌/ 원투▶ 농어 - 루어/ 릴찌▶ 부시리 - 부력/ 잠수/ 지깅","needs-check","MOF_SHARED_ROCK_FISHING_POINT","https://www.data.go.kr/data/15148580/fileData.do","2026-07-11","103","POINT (855114.797362196 1583671.38593077)","공식 갯바위낚시포인트 데이터 기반. 갯바위 출입 가능 여부와 안전 통제는 현장 및 공식 안내 확인 필요."
"rock-104","독거군도 부근 - 간암여","rock-fishing-point","전라남도","진도군","전라남도 진도군","34.231537","","참돔|감성돔|돌돔|광어|농어","조금~3물","17.6~23.5m","암","▶ 참돔 - 부력/ 잠수▶ 감성돔 - 릴찌/ 장대/ 원투▶ 돌돔 - 릴찌/ 장대/ 원투▶ 광어-릴찌/ 원투▶ 농어 - 루어/ 릴찌","needs-check","MOF_SHARED_ROCK_FISHING_POINT","https://www.data.go.kr/data/15148580/fileData.do","2026-07-11","104","POINT (877551.995295116 1582813.09726576)","공식 갯바위낚시포인트 데이터 기반. 갯바위 출입 가능 여부와 안전 통제는 현장 및 공식 안내 확인 필요."
"rock-105","추자군도 - 오리똥여 부근","rock-fishing-point","제주특별자치도","제주시","제주특별자치도 제주시","33.929801","","감성돔|벵에돔|참돔|돌돔|볼락|부시리","11물~5물/ 정조전후","2.1~6.9m","암","▶ 감성돔 - 릴찌/ 장대/ 원투▶ 벵에돔 - 목줄/ 장대/ 부력/ 잠수▶ 참돔 - 부력/ 잠수▶ 돌돔 - 민장대/ 릴찌/ 원투▶ 볼락 - 릴찌/ 장대/ 루어▶ 부시리 - 부력/ 잠수/ 지깅","needs-check","MOF_SHARED_ROCK_FISHING_POINT","https://www.data.go.kr/data/15148580/fileData.do","2026-07-11","105","POINT (891744.51270415 1549175.19489298)","공식 갯바위낚시포인트 데이터 기반. 갯바위 출입 가능 여부와 안전 통제는 현장 및 공식 안내 확인 필요."
"rock-106","추자군도 - 염도 우측","rock-fishing-point","제주특별자치도","제주시","제주특별자치도 제주시","33.974002","","감성돔|벵에돔|참돔|돌돔|볼락|부시리","11물~5물/ 정조전후","0.4~1.9m","암","▶ 감성돔 - 릴찌/ 장대/ 원투▶ 벵에돔 - 목줄/ 장대/ 부력/ 잠수▶ 참돔 - 부력/ 잠수▶ 돌돔 - 민장대/ 릴찌/ 원투▶ 볼락 - 릴찌/ 장대/ 루어▶ 부시리 - 부력/ 잠수/ 지깅","needs-check","MOF_SHARED_ROCK_FISHING_POINT","https://www.data.go.kr/data/15148580/fileData.do","2026-07-11","106","POINT (889978.363417827 1554097.40757233)","공식 갯바위낚시포인트 데이터 기반. 갯바위 출입 가능 여부와 안전 통제는 현장 및 공식 안내 확인 필요."
"rock-1003","소바위 - 울산소바위","rock-fishing-point","울산광역시","동구","울산광역시 동구","35.486250","129.438556","감성돔|볼락|전갱이|숭어","","0.1m~1.8m","모래/ 바위","▶감성돔-장대/ 릴찌▶볼락-루어/ 릴찌▶전갱이-루어▶숭어-원투/ 릴찌","needs-check","MOF_SHARED_ROCK_FISHING_POINT","https://www.data.go.kr/data/15148580/fileData.do","2026-07-11","1003","POINT (1175855.53370821 1722882.20494695)","공식 갯바위낚시포인트 데이터 기반. 갯바위 출입 가능 여부와 안전 통제는 현장 및 공식 안내 확인 필요."
"rock-122","여수엑스포 부근 - 용주마을 부근","rock-fishing-point","전라남도","여수시","전라남도 여수시","34.718931","","벵에돔|참돔|돌돔|감성돔|농어","조금","1.3~3.4m","펄","▶ 벵에돔 - 목줄/ 장대/ 부력/ 잠수▶ 참돔 - 부력/ 잠수▶ 돌돔 - 릴찌/ 장대/ 원투▶ 감성돔 - 릴찌/ 장대/ 원투▶ 농어 - 루어/ 릴찌","needs-check","MOF_SHARED_ROCK_FISHING_POINT","https://www.data.go.kr/data/15148580/fileData.do","2026-07-11","122","POINT (1012502.61872782 1636067.74964057)","공식 갯바위낚시포인트 데이터 기반. 갯바위 출입 가능 여부와 안전 통제는 현장 및 공식 안내 확인 필요."
"rock-107","추자군도 - 추포도 남측 갯바위","rock-fishing-point","제주특별자치도","제주시","제주특별자치도 제주시","33.985757","","감성돔|벵에돔|참돔|돌돔|볼락|부시리","11물~5물/ 정조전후","3.0~17.1m","암","▶ 감성돔 - 릴찌/ 장대/ 원투▶ 벵에돔 - 목줄/ 장대/ 부력/ 잠수▶ 참돔 - 부력/ 잠수▶ 돌돔 - 민장대/ 릴찌/ 원투▶ 볼락 - 릴찌/ 장대/ 루어▶ 부시리 - 부력/ 잠수/ 지깅","needs-check","MOF_SHARED_ROCK_FISHING_POINT","https://www.data.go.kr/data/15148580/fileData.do","2026-07-11","107","POINT (891114.713927435 1555387.91765846)","공식 갯바위낚시포인트 데이터 기반. 갯바위 출입 가능 여부와 안전 통제는 현장 및 공식 안내 확인 필요."
"rock-108","해남반도 부근 - 양도","rock-fishing-point","전라남도","완도군","전라남도 완도군","34.299315","","감성돔|고등어|볼락|노래미|숭어|우럭|농어|돌돔","사리 전후","0.5~3.1m","암","▶ 감성돔 - 릴찌/ 장대/ 원투▶ 고등어 - 장대/ 릴찌/ 루어▶ 볼락 - 릴찌/ 장대/ 루어▶ 노래미 - 루어/ 릴찌/ 장대/ 원투▶ 숭어 - 릴찌/ 장대/ 훌치기▶ 우럭 - 릴찌/ 원투▶ 농어 - 루어/ 릴찌▶ 돌돔 - 릴찌/ 장대/ 원투","needs-check","MOF_SHARED_ROCK_FISHING_POINT","https://www.data.go.kr/data/15148580/fileData.do","2026-07-11","108","POINT (908817.664917744 1589973.54375605)","공식 갯바위낚시포인트 데이터 기반. 갯바위 출입 가능 여부와 안전 통제는 현장 및 공식 안내 확인 필요."
"rock-109","완도 부근 - 방산리 해안","rock-fishing-point","전라남도","해남군","전라남도 해남군","34.438409","","감성돔|농어|도다리|숭어|노래미|학공치","들물","-0.8~-0.7m","펄","▶ 감성돔 - 릴찌/ 장대/ 원투▶ 농어 - 루어/ 릴찌▶ 도다리 - 원투▶ 숭어 - 릴찌/ 장대/ 훌치기▶ 노래미 - 루어/ 릴찌/ 장대▶ 학공치 - 릴찌/ 장대","needs-check","MOF_SHARED_ROCK_FISHING_POINT","https://www.data.go.kr/data/15148580/fileData.do","2026-07-11","109","POINT (926217.398283629 1605245.07671721)","공식 갯바위낚시포인트 데이터 기반. 갯바위 출입 가능 여부와 안전 통제는 현장 및 공식 안내 확인 필요."
"rock-110","완도 부근 - 고마도 서측 해안","rock-fishing-point","전라남도","완도군","전라남도 완도군","34.413471","","감성돔|농어|도다리|숭어|노래미|학공치","들물","-0.7~-0.5m","펄","▶ 감성돔 - 릴찌/ 장대/ 원투▶ 농어 - 루어/ 릴찌▶ 도다리 - 원투▶ 숭어 - 릴찌/ 장대/ 훌치기▶ 노래미 - 루어/ 릴찌/ 장대▶ 학공치 - 릴찌/ 장대","needs-check","MOF_SHARED_ROCK_FISHING_POINT","https://www.data.go.kr/data/15148580/fileData.do","2026-07-11","110","POINT (926543.917483328 1602476.91793942)","공식 갯바위낚시포인트 데이터 기반. 갯바위 출입 가능 여부와 안전 통제는 현장 및 공식 안내 확인 필요."
"rock-111","강진만 부근 - 가우도 출렁다리 근처","rock-fishing-point","전라남도","강진군","전라남도 강진군","34.534968","","감성돔|숭어|도다리|망둥어|붕장어","들물","0~2m","펄","▶ 감성돔 - 릴찌/ 장대/ 원투▶ 숭어 - 릴찌/ 장대/ 훌치기▶ 도다리 - 원투▶ 망둥어 - 릴찌/ 장대▶ 붕장어 - 원투","needs-check","MOF_SHARED_ROCK_FISHING_POINT","https://www.data.go.kr/data/15148580/fileData.do","2026-07-11","111","POINT (934833.63115763 1615888.69548965)","공식 갯바위낚시포인트 데이터 기반. 갯바위 출입 가능 여부와 안전 통제는 현장 및 공식 안내 확인 필요."
"rock-112","강진만 부근 - 가우도 남측 갯바위","rock-fishing-point","전라남도","강진군","전라남도 강진군","34.530320","","감성돔|숭어|도다리|망둥어|붕장어","들물","0~2m","펄","▶ 감성돔 - 릴찌/ 장대/ 원투▶ 숭어 - 릴찌/ 장대/ 훌치기▶ 도다리 - 원투▶ 망둥어 - 릴찌/ 장대▶ 붕장어 - 원투","needs-check","MOF_SHARED_ROCK_FISHING_POINT","https://www.data.go.kr/data/15148580/fileData.do","2026-07-11","112","POINT (934207.506901802 1615377.63218934)","공식 갯바위낚시포인트 데이터 기반. 갯바위 출입 가능 여부와 안전 통제는 현장 및 공식 안내 확인 필요."
"rock-113","득량만 부근 - 장환마을하단","rock-fishing-point","전라남도","장흥군","전라남도 장흥군","34.557582","","감성돔|농어|우럭|노래미|도다리|학공치","4물~12물/ 들물","1~1.4m","펄","▶ 감성돔 - 릴찌/ 장대/ 원투▶ 농어 - 루어/ 릴찌▶ 우럭 - 릴찌/ 원투▶ 노래미 - 루어/ 릴찌/ 장대/ 원투▶ 도다리 - 원투▶ 학공치 - 릴찌/ 장대","needs-check","MOF_SHARED_ROCK_FISHING_POINT","https://www.data.go.kr/data/15148580/fileData.do","2026-07-11","113","POINT (954357.6001871789 1618279.72839433)","공식 갯바위낚시포인트 데이터 기반. 갯바위 출입 가능 여부와 안전 통제는 현장 및 공식 안내 확인 필요."
"rock-114","득량만 부근 - 신흥 부근","rock-fishing-point","전라남도","고흥군","전라남도 고흥군","34.587929","","감성돔|농어|우럭|노래미|도다리|학공치","4물~12물/ 들물","1.2~1.9m","펄","▶ 감성돔 - 릴찌/ 장대/ 원투▶ 농어 - 루어/ 릴찌▶ 우럭 - 릴찌/ 원투▶ 노래미 - 루어/ 릴찌/ 장대/ 원투▶ 도다리 - 원투▶ 학공치 - 릴찌/ 장대","needs-check","MOF_SHARED_ROCK_FISHING_POINT","https://www.data.go.kr/data/15148580/fileData.do","2026-07-11","114","POINT (967306.31187402 1621590.18475359)","공식 갯바위낚시포인트 데이터 기반. 갯바위 출입 가능 여부와 안전 통제는 현장 및 공식 안내 확인 필요."
"rock-115","득량만 부근 - 득량도 우측하단끝","rock-fishing-point","전라남도","고흥군","전라남도 고흥군","34.596422","","감성돔|농어|우럭|노래미|도다리|학공치","4물~12물/ 들물","1.4~3.1m","펄","▶ 감성돔 - 릴찌/ 장대/ 원투▶ 농어 - 루어/ 릴찌▶ 우럭 - 릴찌/ 원투▶ 노래미 - 루어/ 릴찌/ 장대/ 원투▶ 도다리 - 원투▶ 학공치 - 릴찌/ 장대","needs-check","MOF_SHARED_ROCK_FISHING_POINT","https://www.data.go.kr/data/15148580/fileData.do","2026-07-11","115","POINT (964262.6939178271 1622543.27236432)","공식 갯바위낚시포인트 데이터 기반. 갯바위 출입 가능 여부와 안전 통제는 현장 및 공식 안내 확인 필요."
"rock-116","고흥호 부근 - 연동부근해안","rock-fishing-point","전라남도","보성군","전라남도 보성군","34.693418","","감성돔|농어|도다리|숭어|붕장어|학공치","들물","0.1~0.2m","펄","▶ 감성돔 - 릴찌/ 장대/ 원투▶ 농어 - 루어/ 릴찌▶ 도다리 - 원투▶ 숭어 - 릴찌/ 장대/ 훌치기▶ 붕장어 - 원투▶ 학공치 - 릴찌/ 장대","needs-check","MOF_SHARED_ROCK_FISHING_POINT","https://www.data.go.kr/data/15148580/fileData.do","2026-07-11","116","POINT (967628.083008188 1633286.93252762)","공식 갯바위낚시포인트 데이터 기반. 갯바위 출입 가능 여부와 안전 통제는 현장 및 공식 안내 확인 필요."
"rock-117","거금수도 부근 - 달금골 동측","rock-fishing-point","전라남도","고흥군","전라남도 고흥군","34.512069","","감성돔|숭어|우럭|노래미|농어|볼락","초들물~만조","0.5~2.7m","펄","▶ 감성돔 - 릴찌/ 장대/ 원투▶ 숭어 - 릴찌/ 장대/ 훌치기▶ 우럭 - 릴찌/ 원투▶ 노래미 - 루어/ 릴찌/ 장대/ 원투▶ 농어 - 루어/ 릴찌▶ 볼락 - 릴찌/ 장대/ 루어","needs-check","MOF_SHARED_ROCK_FISHING_POINT","https://www.data.go.kr/data/15148580/fileData.do","2026-07-11","117","POINT (991460.1587466181 1613124.50312517)","공식 갯바위낚시포인트 데이터 기반. 갯바위 출입 가능 여부와 안전 통제는 현장 및 공식 안내 확인 필요."
"rock-118","낭도 부근 - 둔병도 동측","rock-fishing-point","전라남도","여수시","전라남도 여수시","34.627420","","감성돔|붕장어|농어|숭어","조금 전후/ 5물~8물","4.1~11.3m","암","▶ 감성돔 - 릴찌/ 장대/ 원투▶ 붕장어 - 원투▶ 농어 - 루어/ 릴찌▶ 숭어 - 릴찌/ 장대/ 훌치기","needs-check","MOF_SHARED_ROCK_FISHING_POINT","https://www.data.go.kr/data/15148580/fileData.do","2026-07-11","118","POINT (1004767.63979414 1625912.80611522)","공식 갯바위낚시포인트 데이터 기반. 갯바위 출입 가능 여부와 안전 통제는 현장 및 공식 안내 확인 필요."
"rock-119","낭도 부근 - 상화도 서측","rock-fishing-point","전라남도","여수시","전라남도 여수시","34.597098","","감성돔|붕장어|농어|숭어","조금 전후/ 13~5물","1.2~8.5m","모래/ 조개껍질","▶ 감성돔 - 릴찌/ 장대/ 원투▶ 붕장어 - 원투▶ 농어 - 루어/ 릴찌▶ 숭어 - 릴찌/ 장대/ 훌치기","needs-check","MOF_SHARED_ROCK_FISHING_POINT","https://www.data.go.kr/data/15148580/fileData.do","2026-07-11","119","POINT (1008608.12770183 1622553.17630673)","공식 갯바위낚시포인트 데이터 기반. 갯바위 출입 가능 여부와 안전 통제는 현장 및 공식 안내 확인 필요."
"rock-120","순천만 부근 - 이천리갯바위 끝","rock-fishing-point","전라남도","여수시","전라남도 여수시","34.745235","","붕장어|망둑어|짱뚱어|숭어","초들물","0.2~1m","펄","▶ 붕장어 - 원투▶ 망둑어 - 원투▶ 짱뚱어 - 훌치기▶ 숭어 - 릴찌/ 장대/ 훌치기","needs-check","MOF_SHARED_ROCK_FISHING_POINT","https://www.data.go.kr/data/15148580/fileData.do","2026-07-11","120","POINT (1007489.80924999 1638979.21617942)","공식 갯바위낚시포인트 데이터 기반. 갯바위 출입 가능 여부와 안전 통제는 현장 및 공식 안내 확인 필요."
"rock-123","광양만 부근 - 한려주유소 앞","rock-fishing-point","경상남도","하동군","경상남도 하동군","34.950338","","붕장어|망둥어|숭어|감성돔|농어|노래미|볼락|도다리","5물~10물","0.1~6.5m","암","▶ 붕장어 - 원투▶ 망둥어 - 릴찌/ 장대▶ 숭어 - 릴찌/ 장대/ 훌치기▶ 감성돔 - 릴찌/ 장대/ 원투▶ 농어 - 루어/ 릴찌▶ 노래미 - 루어/ 릴찌/ 장대/ 원투▶ 볼락 - 릴찌/ 장대/ 루어▶ 도다리 - 원투","needs-check","MOF_SHARED_ROCK_FISHING_POINT","https://www.data.go.kr/data/15148580/fileData.do","2026-07-11","123","POINT (1034899.05543797 1661787.43184534)","공식 갯바위낚시포인트 데이터 기반. 갯바위 출입 가능 여부와 안전 통제는 현장 및 공식 안내 확인 필요."
"rock-124","광양만 부근 - 유포마을 부근","rock-fishing-point","경상남도","남해군","경상남도 남해군","34.862723","","붕장어|망둥어|숭어|감성돔|농어|노래미|볼락|도다리","5물~10물","0~3.1m","펄/ 모래","▶ 붕장어 - 원투▶ 망둥어 - 릴찌/ 장대▶ 숭어 - 릴찌/ 장대/ 훌치기▶ 감성돔 - 릴찌/ 장대/ 원투▶ 농어 - 루어/ 릴찌▶ 노래미 - 루어/ 릴찌/ 장대/ 원투▶ 볼락 - 릴찌/ 장대/ 루어▶ 도다리 - 원투","needs-check","MOF_SHARED_ROCK_FISHING_POINT","https://www.data.go.kr/data/15148580/fileData.do","2026-07-11","124","POINT (1028462.83304254 1652048.93855153)","공식 갯바위낚시포인트 데이터 기반. 갯바위 출입 가능 여부와 안전 통제는 현장 및 공식 안내 확인 필요."
"rock-125","손죽열도 부근 - 손죽 서측","rock-fishing-point","전라남도","여수시","전라남도 여수시","34.284685","","감성돔|참돔|돌돔|우럭|노래미|농어|숭어|삼치|문어","사리 전후/ 10~5물","9.1~12.7m","펄","▶ 감성돔 - 릴찌/ 장대/ 원투▶ 참돔 - 부력/ 잠수▶ 돌돔 - 릴찌/ 장대/ 원투▶ 우럭 - 릴찌/ 원투▶ 노래미 - 루어/ 릴찌/ 장대/ 원투▶ 농어 - 루어/ 릴찌▶ 숭어 - 릴찌/ 장대/ 훌치기▶ 삼치 - 루어/ 릴찌▶ 문어 - 루어","needs-check","MOF_SHARED_ROCK_FISHING_POINT","https://www.data.go.kr/data/15148580/fileData.do","2026-07-11","125","POINT (986040.036022932 1587917.40721301)","공식 갯바위낚시포인트 데이터 기반. 갯바위 출입 가능 여부와 안전 통제는 현장 및 공식 안내 확인 필요."
"rock-144","가거도 - 목난개 갯바위","rock-fishing-point","전라남도","신안군","전라남도 신안군","34.071361","","부시리|노래미|농어|볼락|우럭","초들물~중날물","4.5~7.6","암","▶부시리 - 루어▶노래미 - 루어/ 릴찌/ 장대/ 원투▶농어 - 루어▶볼락 - 릴찌/ 장대/ 루어▶우럭 - 루어/ 릴찌/ 장대/ 원투","needs-check","MOF_SHARED_ROCK_FISHING_POINT","https://www.data.go.kr/data/15148580/fileData.do","2026-07-11","144","POINT (778346.9331441231 1566857.12986914)","공식 갯바위낚시포인트 데이터 기반. 갯바위 출입 가능 여부와 안전 통제는 현장 및 공식 안내 확인 필요."
"rock-126","손죽열도 부근 - 소거문 동측","rock-fishing-point","전라남도","여수시","전라남도 여수시","34.290141","","감성돔|참돔|돌돔|우럭|노래미|농어|숭어|삼치|문어","사리 전후/ 10~5물","6.8~9.9m","펄","▶ 감성돔 - 릴찌/ 장대/ 원투▶ 참돔 - 부력/ 잠수▶ 돌돔 - 릴찌/ 장대/ 원투▶ 우럭 - 릴찌/ 원투▶ 노래미 - 루어/ 릴찌/ 장대/ 원투▶ 농어 - 루어/ 릴찌▶ 숭어 - 릴찌/ 장대/ 훌치기▶ 삼치 - 루어/ 릴찌▶ 문어 - 루어","needs-check","MOF_SHARED_ROCK_FISHING_POINT","https://www.data.go.kr/data/15148580/fileData.do","2026-07-11","126","POINT (991050.281058701 1588516.23751521)","공식 갯바위낚시포인트 데이터 기반. 갯바위 출입 가능 여부와 안전 통제는 현장 및 공식 안내 확인 필요."
"rock-127","간수제도 - 소평도 서측 홈통","rock-fishing-point","전라남도","여수시","전라남도 여수시","34.257331","","감성돔|참돔|돌돔|우럭|노래미|농어|숭어|삼치|문어","사리 전후/ 초들물","12.6~18.3m","암","▶ 감성돔 - 릴찌/ 장대/ 원투▶ 참돔 - 부력/ 잠수▶ 돌돔 - 릴찌/ 장대/ 원투▶ 우럭 - 릴찌/ 원투▶ 노래미 - 루어/ 릴찌/ 장대/ 원투▶ 농어 - 루어/ 릴찌▶ 숭어 - 릴찌/ 장대/ 훌치기▶ 삼치 - 루어/ 릴찌▶ 문어 - 루어","needs-check","MOF_SHARED_ROCK_FISHING_POINT","https://www.data.go.kr/data/15148580/fileData.do","2026-07-11","127","POINT (995236.682955669 1584875.13006683)","공식 갯바위낚시포인트 데이터 기반. 갯바위 출입 가능 여부와 안전 통제는 현장 및 공식 안내 확인 필요."
"rock-128","대삼부도 - 첫곶부리 갯바위","rock-fishing-point","전라남도","여수시","전라남도 여수시","34.056794","","벵에돔|참돔|돌돔|감성돔|농어","10물~13물","12.3~19.6m","암","▶ 벵에돔 - 목줄/ 장대/ 부력/ 잠수▶ 참돔 - 부력/ 잠수▶ 돌돔 - 릴찌/ 장대/ 원투▶ 감성돔 - 릴찌/ 장대/ 원투▶ 농어 - 루어/ 릴찌","needs-check","MOF_SHARED_ROCK_FISHING_POINT","https://www.data.go.kr/data/15148580/fileData.do","2026-07-11","128","POINT (989488.529338059 1562644.06291326)","공식 갯바위낚시포인트 데이터 기반. 갯바위 출입 가능 여부와 안전 통제는 현장 및 공식 안내 확인 필요."
"rock-129","송이도 - 민머리","rock-fishing-point","전라남도","영광군","전라남도 영광군","35.270278","","볼락|고등어|벵에돔","5물~9물","-0.4~0.4","펄","▶볼락 - 릴찌/ 장대/ 루어▶고등어 - 루어/ 릴찌/ 장대▶벵에돔 - 목줄/ 장대/ 잠수▶볼락 - 릴찌/ 장대/ 루어▶고등어 - 루어/ 릴찌/ 장대▶벵에돔 - 목줄/ 장대/ 부력","needs-check","MOF_SHARED_ROCK_FISHING_POINT","https://www.data.go.kr/data/15148580/fileData.do","2026-07-11","129","POINT (876694.932267011 1698043.93482751)","공식 갯바위낚시포인트 데이터 기반. 갯바위 출입 가능 여부와 안전 통제는 현장 및 공식 안내 확인 필요."
"rock-130","임자도·사옥도 - 어유미도","rock-fishing-point","전라남도","신안군","전라남도 신안군","35.131139","","감성돔|노래미|민어|붕장어|우럭|광어|농어|백조기|숭어","초들물~중날물","1.4~5.0","모래","▶감성돔 - 릴찌/ 장대/ 원투▶노래미 - 루어/ 릴찌/ 장대/ 원투▶민어 - 루어/ 릴찌▶붕장어 - 원투▶우럭 - 릴찌/ 원투▶광어 - 릴찌/ 원투▶농어 - 루어/ 릴찌▶백조기 - 릴찌/ 원투▶숭어 - 릴찌/ 장대/ 훌치기","needs-check","MOF_SHARED_ROCK_FISHING_POINT","https://www.data.go.kr/data/15148580/fileData.do","2026-07-11","130","POINT (872596.842676347 1682665.7637206)","공식 갯바위낚시포인트 데이터 기반. 갯바위 출입 가능 여부와 안전 통제는 현장 및 공식 안내 확인 필요."
"rock-131","고이도·매화도·선도·증도 - 대식도 갯바위","rock-fishing-point","전라남도","신안군","전라남도 신안군","34.929389","","감성돔|노래미|광어|숭어|우럭|붕장어|도다리|농어","초들물~중날물","0.4~1.9","모래","▶감성돔 - 릴찌/ 장대/ 원투 ▶노래미 - 루어/ 릴찌/ 장대/ 원투 ▶광어 - 릴찌/ 원투 ▶숭어 - 릴찌/ 장대/ 훌치기▶우럭 - 릴찌/ 원투 ▶붕장어 - 원투 ▶도다리 - 원투 ▶농어 - 루어/ 릴찌","needs-check","MOF_SHARED_ROCK_FISHING_POINT","https://www.data.go.kr/data/15148580/fileData.do","2026-07-11","131","POINT (890030.8398732541 1660060.46921908)","공식 갯바위낚시포인트 데이터 기반. 갯바위 출입 가능 여부와 안전 통제는 현장 및 공식 안내 확인 필요."
"rock-132","고이도·매화도·선도·증도 - 고이도 북측 끝단여","rock-fishing-point","전라남도","신안군","전라남도 신안군","34.970306","","감성돔|노래미|광어|숭어|우럭|붕장어|도다리|농어","초들물~중날물","0~2.0","펄/ 모래","▶감성돔 - 릴찌/ 장대/ 원투 ▶노래미 - 루어/ 릴찌/ 장대/ 원투 ▶광어 - 릴찌/ 원투 ▶숭어 - 릴찌/ 장대/ 훌치기▶우럭 - 릴찌/ 원투 ▶붕장어 - 원투 ▶도다리 - 원투 ▶농어 - 루어/ 릴찌","needs-check","MOF_SHARED_ROCK_FISHING_POINT","https://www.data.go.kr/data/15148580/fileData.do","2026-07-11","132","POINT (888044.0748037421 1664621.8698204)","공식 갯바위낚시포인트 데이터 기반. 갯바위 출입 가능 여부와 안전 통제는 현장 및 공식 안내 확인 필요."
"rock-133","고이도·매화도·선도·증도 - 나룻구지","rock-fishing-point","전라남도","신안군","전라남도 신안군","35.017917","","감성돔|노래미|광어|숭어|우럭|붕장어|도다리|농어","초들물~중날물","0.8~1.7","펄/ 모래","▶감성돔 - 릴찌/ 장대/ 원투 ▶노래미 - 루어/ 릴찌/ 장대/ 원투 ▶광어 - 릴찌/ 원투 ▶숭어 - 릴찌/ 장대/ 훌치기▶우럭 - 릴찌/ 원투 ▶붕장어 - 원투 ▶도다리 - 원투 ▶농어 - 루어/ 릴찌","needs-check","MOF_SHARED_ROCK_FISHING_POINT","https://www.data.go.kr/data/15148580/fileData.do","2026-07-11","133","POINT (873634.7018212761 1670091.48997912)","공식 갯바위낚시포인트 데이터 기반. 갯바위 출입 가능 여부와 안전 통제는 현장 및 공식 안내 확인 필요."
"rock-134","고이도·매화도·선도·증도 - 오징어바위","rock-fishing-point","전라남도","신안군","전라남도 신안군","34.963361","","감성돔|노래미|광어|숭어|우럭|붕장어|도다리|농어","초들물~중날물","1.1~1.4","펄","▶감성돔 - 릴찌/ 장대/ 원투 ▶노래미 - 루어/ 릴찌/ 장대/ 원투 ▶광어 - 릴찌/ 원투 ▶숭어 - 릴찌/ 장대/ 훌치기▶우럭 - 릴찌/ 원투 ▶붕장어 - 원투 ▶도다리 - 원투 ▶농어 - 루어/ 릴찌","needs-check","MOF_SHARED_ROCK_FISHING_POINT","https://www.data.go.kr/data/15148580/fileData.do","2026-07-11","134","POINT (875211.993938071 1664018.01935032)","공식 갯바위낚시포인트 데이터 기반. 갯바위 출입 가능 여부와 안전 통제는 현장 및 공식 안내 확인 필요."
"rock-166","선유도·무녀도·장자도·신시도 - 선유도 남도 갯바위","rock-fishing-point","전라북도","군산시","전라북도 군산시","35.805083","","넙치|노래미|농어|붕장어|우럭","조금 전·후","3m~4.2m","가는 모래","▶넙치 - 루어/ 원투 ▶노래미 - 루어/ 릴찌/ 장대/ 원투▶농어 - 루어/ 릴찌 ▶붕장어 - 원투▶우럭 - 릴찌/ 원투","needs-check","MOF_SHARED_ROCK_FISHING_POINT","https://www.data.go.kr/data/15148580/fileData.do","2026-07-11","166","POINT (901407.393494027 1757063.98227585)","공식 갯바위낚시포인트 데이터 기반. 갯바위 출입 가능 여부와 안전 통제는 현장 및 공식 안내 확인 필요."
"rock-135","안좌도·팔금도 - 우이산 철탑 아래","rock-fishing-point","전라남도","신안군","전라남도 신안군","34.760972","","볼락|고등어","초들물~중날물","-1.1~0","펄/ 모래","▶볼락 - 릴찌/ 장대/ 루어▶고등어 - 루어/ 릴찌/ 장대▶볼락 - 릴찌/ 장대/ 루어▶고등어 - 루어/ 릴찌/ 장대","needs-check","MOF_SHARED_ROCK_FISHING_POINT","https://www.data.go.kr/data/15148580/fileData.do","2026-07-11","135","POINT (875648.2275662259 1641562.06924907)","공식 갯바위낚시포인트 데이터 기반. 갯바위 출입 가능 여부와 안전 통제는 현장 및 공식 안내 확인 필요."
"rock-136","우이도 - 소래등대 밑","rock-fishing-point","전라남도","신안군","전라남도 신안군","34.617889","","감성돔|노래미|농어|우럭|붕장어","조금 전후","4.4~5.0","암","▶감성돔 - 릴찌/ 장대/ 원투 ▶노래미 - 루어/ 릴찌/ 장대/ 원투▶농어 - 루어/ 릴찌 ▶우럭 - 릴찌/ 원투▶붕장어 - 원투","needs-check","MOF_SHARED_ROCK_FISHING_POINT","https://www.data.go.kr/data/15148580/fileData.do","2026-07-11","136","POINT (844426.48932496 1626163.74477996)","공식 갯바위낚시포인트 데이터 기반. 갯바위 출입 가능 여부와 안전 통제는 현장 및 공식 안내 확인 필요."
"rock-137","우이도 - 송도 남측 갯바위","rock-fishing-point","전라남도","신안군","전라남도 신안군","34.613583","","노래미|농어|붕장어","조금 전후","1.5~5.4","자갈","▶노래미 - 루어/ 릴찌/ 장대/ 원투 ▶농어 - 루어/ 릴찌▶붕장어 - 원투","needs-check","MOF_SHARED_ROCK_FISHING_POINT","https://www.data.go.kr/data/15148580/fileData.do","2026-07-11","137","POINT (850470.1502879891 1625586.36914063)","공식 갯바위낚시포인트 데이터 기반. 갯바위 출입 가능 여부와 안전 통제는 현장 및 공식 안내 확인 필요."
"rock-138","장산도 - 진섬 갯바위","rock-fishing-point","전라남도","신안군","전라남도 신안군","34.635333","","감성돔|농어|붕장어","조금 전후","-1.2~-0.9","자갈","▶감성돔 - 릴찌/ 장대/ 원투 ▶농어 - 루어/ 릴찌 ▶붕장어 - 원투","needs-check","MOF_SHARED_ROCK_FISHING_POINT","https://www.data.go.kr/data/15148580/fileData.do","2026-07-11","138","POINT (881219.608858585 1627552.64931892)","공식 갯바위낚시포인트 데이터 기반. 갯바위 출입 가능 여부와 안전 통제는 현장 및 공식 안내 확인 필요."
"rock-139","장산도 - 가세 섬","rock-fishing-point","전라남도","신안군","전라남도 신안군","34.649361","","감성돔|농어|붕장어","조금 전후","-1.9~2.9","펄/ 모래","▶감성돔 - 릴찌/ 장대/ 원투 ▶농어 - 루어/ 릴찌 ▶붕장어 - 원투","needs-check","MOF_SHARED_ROCK_FISHING_POINT","https://www.data.go.kr/data/15148580/fileData.do","2026-07-11","139","POINT (872680.691510224 1629222.3777772)","공식 갯바위낚시포인트 데이터 기반. 갯바위 출입 가능 여부와 안전 통제는 현장 및 공식 안내 확인 필요."
"rock-140","개도·하의도·신의도 - 깊은기미","rock-fishing-point","전라남도","신안군","전라남도 신안군","34.533583","","농어|붕장어|감성돔","조금 전후","0~6.4","펄/ 모래","▶농어 - 루어/ 릴찌▶붕장어 - 원투▶감성돔 - 릴찌/ 장대/ 원투","needs-check","MOF_SHARED_ROCK_FISHING_POINT","https://www.data.go.kr/data/15148580/fileData.do","2026-07-11","140","POINT (864968.015221125 1616489.24393065)","공식 갯바위낚시포인트 데이터 기반. 갯바위 출입 가능 여부와 안전 통제는 현장 및 공식 안내 확인 필요."
"rock-141","상조도·하조도·관매도 - 당도 안통","rock-fishing-point","전라남도","진도군","전라남도 진도군","34.321611","","감성돔|참돔|노래미|돌돔|도다리|우럭","초들물~중날물","0~0.2","암","▶감성돔 - 릴찌/ 장대/ 원투 ▶참돔 - 부력/ 잠수 ▶노래미 - 루어/ 릴찌/ 장대/ 원투▶돌돔 - 원투/ 민장대/ 릴찌 ▶도다리 - 원투 ▶우럭 - 릴찌/ 원투","needs-check","MOF_SHARED_ROCK_FISHING_POINT","https://www.data.go.kr/data/15148580/fileData.do","2026-07-11","141","POINT (867047.993577029 1592945.73590764)","공식 갯바위낚시포인트 데이터 기반. 갯바위 출입 가능 여부와 안전 통제는 현장 및 공식 안내 확인 필요."
"rock-142","상조도·하조도·관매도 - 장산넘어 어장줄 자리","rock-fishing-point","전라남도","진도군","전라남도 진도군","34.237750","","감성돔|돌돔|참돔|도다리|노래미|우럭","초들물~중날물","0.5~3.7","펄","▶감성돔 - 릴찌/ 장대/ 원투▶돌돔 - 원투/ 민장대/ 릴찌▶참돔 - 부력/ 잠수 ▶도다리 - 원투▶노래미 - 루어/ 릴찌/ 장대/ 원투 ▶우럭 - 릴찌/ 원투","needs-check","MOF_SHARED_ROCK_FISHING_POINT","https://www.data.go.kr/data/15148580/fileData.do","2026-07-11","142","POINT (868058.4334377011 1583630.95255501)","공식 갯바위낚시포인트 데이터 기반. 갯바위 출입 가능 여부와 안전 통제는 현장 및 공식 안내 확인 필요."
"rock-143","가거도 - 큰여","rock-fishing-point","전라남도","신안군","전라남도 신안군","34.051194","","감성돔|노래미|농어|학공치|볼락|우럭|부시리","초들물~중날물","10.6~16.9","펄","▶감성돔 - 릴찌/ 장대/ 원투▶노래미 - 루어/ 릴찌/ 장대/ 원투▶농어 - 루어▶학공치 - 릴찌/ 장대▶볼락 - 릴찌/ 장대/ 루어▶우럭 - 루어/ 릴찌/ 장대/ 원투▶부시리 - 루어","needs-check","MOF_SHARED_ROCK_FISHING_POINT","https://www.data.go.kr/data/15148580/fileData.do","2026-07-11","143","POINT (780194.687200477 1564575.88758163)","공식 갯바위낚시포인트 데이터 기반. 갯바위 출입 가능 여부와 안전 통제는 현장 및 공식 안내 확인 필요."
"rock-145","가거도 - 물성밑 갯바위","rock-fishing-point","전라남도","신안군","전라남도 신안군","34.054333","","감성돔|노래미|참돔|농어|볼락|우럭|돌돔|부시리","초들물~중날물","3.8~4.2","암","▶감성돔 - 릴찌/ 장대/ 원투 ▶노래미 - 루어/ 릴찌/ 장대/ 원투 ▶참돔 - 릴찌 ▶농어 - 루어▶볼락 - 릴찌/ 장대/ 루어 ▶우럭 - 루어/ 릴찌/ 장대/ 원투 ▶돌돔 - 릴찌 ▶부시리 - 루어","needs-check","MOF_SHARED_ROCK_FISHING_POINT","https://www.data.go.kr/data/15148580/fileData.do","2026-07-11","145","POINT (782451.778251556 1564871.93197447)","공식 갯바위낚시포인트 데이터 기반. 갯바위 출입 가능 여부와 안전 통제는 현장 및 공식 안내 확인 필요."
"rock-146","입파도·국화도 - 입파도 동남측 돌출부","rock-fishing-point","경기도","화성시","경기도 화성시","37.097722","","넙치|노래미|도다리|붕장어|우럭","조금 전·후","1.2m~2m","모래","▶넙치 - 루어/ 원투 ▶노래미 - 루어/ 릴찌/ 장대/ 원투▶도다리 - 원투 ▶붕장어 - 원투▶우럭 - 릴찌/ 원투","needs-check","MOF_SHARED_ROCK_FISHING_POINT","https://www.data.go.kr/data/15148580/fileData.do","2026-07-11","146","POINT (914666.627176799 1900329.43458265)","공식 갯바위낚시포인트 데이터 기반. 갯바위 출입 가능 여부와 안전 통제는 현장 및 공식 안내 확인 필요."
"rock-147","호도·녹도·외연도 - 호도해수욕장 갯바위","rock-fishing-point","충청남도","보령시","충청남도 보령시","36.292528","","넙치|노래미|농어|우럭","초들물","1.5m~2.2m","바위","▶넙치 - 루어/ 원투 ▶노래미 - 루어/ 릴찌/ 장대/ 원투▶농어 - 루어/ 릴찌 ▶우럭 - 릴찌/ 원투","needs-check","MOF_SHARED_ROCK_FISHING_POINT","https://www.data.go.kr/data/15148580/fileData.do","2026-07-11","147","POINT (888977.59484771 1811288.93222997)","공식 갯바위낚시포인트 데이터 기반. 갯바위 출입 가능 여부와 안전 통제는 현장 및 공식 안내 확인 필요."
"rock-148","십이동파도·비안도 - 십이동파도 똥섬","rock-fishing-point","전라북도","군산시","전라북도 군산시","35.982917","","감성돔|갑오징어|넙치|노래미|농어|우럭|참돔","12물~3물","7.6m~8.1m","펄/ 조개껍질","▶감성돔 - 릴찌/ 장대/ 원투 ▶갑오징어 - 에깅▶넙치 - 루어/ 원투 ▶노래미 - 루어/ 릴찌/ 장대/ 원투▶농어 - 루어/ 릴찌 ▶우럭 - 릴찌/ 원투 ▶참돔 - 부력/ 잠수","needs-check","MOF_SHARED_ROCK_FISHING_POINT","https://www.data.go.kr/data/15148580/fileData.do","2026-07-11","148","POINT (886396.819704532 1776972.73138135)","공식 갯바위낚시포인트 데이터 기반. 갯바위 출입 가능 여부와 안전 통제는 현장 및 공식 안내 확인 필요."
"rock-149","왕등도·위도 - 위도 용멀 갯바위","rock-fishing-point","전라북도","부안군","전라북도 부안군","35.615944","","넙치|노래미|농어|숭어|우럭","중썰물~끝썰물","9.7m~12m","펄","▶넙치 - 루어/ 원투 ▶노래미-루어/ 릴찌/ 장대/ 원투▶농어 - 루어/ 릴찌 ▶숭어 - 릴찌/ 장대/ 훌치기▶우럭 - 릴찌/ 원투","needs-check","MOF_SHARED_ROCK_FISHING_POINT","https://www.data.go.kr/data/15148580/fileData.do","2026-07-11","149","POINT (889146.138819432 1736227.04554529)","공식 갯바위낚시포인트 데이터 기반. 갯바위 출입 가능 여부와 안전 통제는 현장 및 공식 안내 확인 필요."
"rock-150","석모도 - 민머루해수욕장 앞 갯바위","rock-fishing-point","인천광역시","강화군","인천광역시 강화군","37.650028","","농어|숭어|우럭|망둥어","초들물~중날물","0~2.0","펄/ 모래","▶농어 - 루어/ 릴찌▶숭어 - 릴찌/ 장대/ 홀치기▶우럭 - 릴찌/ 원투▶망둥어 - 릴찌/ 장대","needs-check","MOF_SHARED_ROCK_FISHING_POINT","https://www.data.go.kr/data/15148580/fileData.do","2026-07-11","150","POINT (897168.869401481 1961810.03429604)","공식 갯바위낚시포인트 데이터 기반. 갯바위 출입 가능 여부와 안전 통제는 현장 및 공식 안내 확인 필요."
"rock-151","개야도 - 에게이 서측 갯바위","rock-fishing-point","전라북도","군산시","전라북도 군산시","36.036417","","농어|부세|감성돔|백조기","초들물~중날물","1.3~1.7","모래/ 펄","▶농어 - 루어/ 릴찌▶부세 - 릴찌/ 원투▶감성돔 - 릴찌/ 장대/ 원투▶백조기 - 릴찌/ 원투","needs-check","MOF_SHARED_ROCK_FISHING_POINT","https://www.data.go.kr/data/15148580/fileData.do","2026-07-11","151","POINT (911091.091133847 1782623.08856586)","공식 갯바위낚시포인트 데이터 기반. 갯바위 출입 가능 여부와 안전 통제는 현장 및 공식 안내 확인 필요."
"rock-152","청산도·대모도 - 대모도 동리말 갯바위","rock-fishing-point","전라남도","완도군","전라남도 완도군","34.200361","","감성돔|농어|우럭|노래미|볼락","사리 전·후","14.6m~16m","펄/ 모래","▶감성돔 - 릴찌/ 장대/ 원투 ▶농어 - 루어/ 릴찌 ▶우럭 - 릴찌/ 원투 ▶노래미 - 루어/ 릴찌/ 장대/ 원투▶볼락 - 루어/ 릴찌/ 장대","needs-check","MOF_SHARED_ROCK_FISHING_POINT","https://www.data.go.kr/data/15148580/fileData.do","2026-07-11","152","POINT (941038.619502367 1578742.05679526)","공식 갯바위낚시포인트 데이터 기반. 갯바위 출입 가능 여부와 안전 통제는 현장 및 공식 안내 확인 필요."
"rock-153","목포 부근 - 삼호제 북측","rock-fishing-point","전라남도","신안군","전라남도 신안군","34.857568","","감성돔|붕장어|우럭|노래미|농어|볼락","사리 전후/ 초들물~중날물","0.2~0.3m","펄","▶ 감성돔 - 릴찌/ 장대/ 원투▶ 붕장어 - 원투▶ 우럭 - 릴찌/ 원투▶ 노래미 - 루어/ 릴찌/ 장대/ 원투▶ 농어 - 루어/ 릴찌▶ 볼락 - 릴찌/ 장대/ 루어","needs-check","MOF_SHARED_ROCK_FISHING_POINT","https://www.data.go.kr/data/15148580/fileData.do","2026-07-11","153","POINT (896438.426293693 1652018.32379387)","공식 갯바위낚시포인트 데이터 기반. 갯바위 출입 가능 여부와 안전 통제는 현장 및 공식 안내 확인 필요."
"rock-154","낭도 부근 - 낭도산 남측","rock-fishing-point","전라남도","여수시","전라남도 여수시","34.616969","","감성돔|붕장어|농어|숭어","조금 전후/ 5물~8물","4.3~8.1m","펄/ 조개껍질","▶ 감성돔 - 릴찌/ 장대/ 원투▶ 붕장어 - 원투▶ 농어 - 루어/ 릴찌▶ 숭어 - 릴찌/ 장대/ 훌치기","needs-check","MOF_SHARED_ROCK_FISHING_POINT","https://www.data.go.kr/data/15148580/fileData.do","2026-07-11","154","POINT (1005285.1094438 1624754.26270847)","공식 갯바위낚시포인트 데이터 기반. 갯바위 출입 가능 여부와 안전 통제는 현장 및 공식 안내 확인 필요."
"rock-155","대삼부도 - 덜섬사이 골창여","rock-fishing-point","전라남도","여수시","전라남도 여수시","34.054933","","벵에돔|참돔|돌돔|감성돔|농어","10물~13물","1~14.5m","암","▶ 벵에돔 - 목줄/ 장대/ 부력/ 잠수▶ 참돔 - 부력/ 잠수▶ 돌돔 - 릴찌/ 장대/ 원투▶ 감성돔 - 릴찌/ 장대/ 원투▶ 농어 - 루어/ 릴찌","needs-check","MOF_SHARED_ROCK_FISHING_POINT","https://www.data.go.kr/data/15148580/fileData.do","2026-07-11","155","POINT (989644.42388204 1562437.50113909)","공식 갯바위낚시포인트 데이터 기반. 갯바위 출입 가능 여부와 안전 통제는 현장 및 공식 안내 확인 필요."
"rock-156","고이도·매화도·선도·증도 - 마당여 갯바위","rock-fishing-point","전라남도","신안군","전라남도 신안군","34.918528","","감성돔|노래미|광어|숭어|우럭|붕장어|도다리|농어","초들물~중날물","0~2.5","모래/ 조개껍질","▶감성돔 - 릴찌/ 장대/ 원투 ▶노래미 - 루어/ 릴찌/ 장대/ 원투 ▶광어 - 릴찌/ 원투 ▶숭어 - 릴찌/ 장대/ 훌치기▶우럭 - 릴찌/ 원투 ▶붕장어 - 원투 ▶도다리 - 원투 ▶농어 - 루어/ 릴찌","needs-check","MOF_SHARED_ROCK_FISHING_POINT","https://www.data.go.kr/data/15148580/fileData.do","2026-07-11","156","POINT (882398.8011595111 1658949.5238973)","공식 갯바위낚시포인트 데이터 기반. 갯바위 출입 가능 여부와 안전 통제는 현장 및 공식 안내 확인 필요."
"rock-157","상조도·하조도·관매도 - 옥도 동쪽 곶부리","rock-fishing-point","전라남도","진도군","전라남도 진도군","34.357444","","감성돔|참돔|노래미|돌돔|도다리|우럭","초들물~중날물","1.7~4.6","자갈/ 모래","▶감성돔 - 릴찌/ 장대/ 원투 ▶참돔 - 부력/ 잠수 ▶노래미 - 루어/ 릴찌/ 장대/ 원투▶돌돔 - 원투/ 민장대/ 릴찌 ▶도다리 - 원투 ▶우럭 - 릴찌/ 원투","needs-check","MOF_SHARED_ROCK_FISHING_POINT","https://www.data.go.kr/data/15148580/fileData.do","2026-07-11","157","POINT (864025.095243889 1596965.1307359)","공식 갯바위낚시포인트 데이터 기반. 갯바위 출입 가능 여부와 안전 통제는 현장 및 공식 안내 확인 필요."
"rock-158","두미도 - 얼굴바위","rock-fishing-point","경상남도","통영시","경상남도 통영시","34.689944","","감성돔|벵에돔|노래미|참돔|농어|볼락","상관없음","3.0~5.0","펄","▶감성돔 - 릴찌/ 장대/ 원투▶벵에돔 - 목줄/ 장대/ 부력/ 잠수▶노래미 - 루어/ 릴찌/ 장대/ 원투▶참돔 - 부력/ 잠수▶농어 - 루어/ 릴찌▶볼락 - 릴찌/ 장대/ 루어","needs-check","MOF_SHARED_ROCK_FISHING_POINT","https://www.data.go.kr/data/15148580/fileData.do","2026-07-11","158","POINT (1064042.94356394 1633067.34561241)","공식 갯바위낚시포인트 데이터 기반. 갯바위 출입 가능 여부와 안전 통제는 현장 및 공식 안내 확인 필요."
"rock-159","덕적도·소야도 - 덕적도 큰이마/ 작은이마","rock-fishing-point","인천광역시","옹진군","인천광역시 옹진군","37.211750","","넙치|노래미|농어|붕장어|우럭","가는 모래","1.2m~1.6m","가는 모래","▶넙치 - 루어/ 원투 ▶노래미 - 루어/ 릴찌/ 장대/ 원투▶농어 - 루어/ 릴찌 ▶붕장어 - 원투 ▶우럭 - 루어/ 릴찌","needs-check","MOF_SHARED_ROCK_FISHING_POINT","https://www.data.go.kr/data/15148580/fileData.do","2026-07-11","159","POINT (877918.415703962 1913434.43980844)","공식 갯바위낚시포인트 데이터 기반. 갯바위 출입 가능 여부와 안전 통제는 현장 및 공식 안내 확인 필요."
"rock-160","선유도·무녀도·장자도·신시도 - 장자도 연륙교 부근","rock-fishing-point","전라북도","군산시","전라북도 군산시","35.812944","","넙치|노래미|농어|붕장어|우럭","조금 전·후","1.7m~2.5m","모래/ 펄","▶넙치 - 루어/ 원투 ▶노래미 - 루어/ 릴찌/ 장대/ 원투▶농어 - 루어/ 릴찌 ▶붕장어 - 원투▶우럭 - 릴찌/ 원투","needs-check","MOF_SHARED_ROCK_FISHING_POINT","https://www.data.go.kr/data/15148580/fileData.do","2026-07-11","160","POINT (900629.101608164 1757944.73476583)","공식 갯바위낚시포인트 데이터 기반. 갯바위 출입 가능 여부와 안전 통제는 현장 및 공식 안내 확인 필요."
"rock-161","안마도·석만도 - 쌀썩은여 갯바위","rock-fishing-point","전라남도","영광군","전라남도 영광군","35.336083","","붕장어|우럭|노래미|농어|민어|광어","들물/날물","0.1~0.3","암","▶붕장어 - 원투▶우럭 - 릴찌/ 원투▶노래미 - 루어/ 릴찌/ 장대/ 원투▶농어 - 루어/ 릴찌▶민어 - 루어/ 지깅/ 원투▶광어 - 릴찌/ 원투","needs-check","MOF_SHARED_ROCK_FISHING_POINT","https://www.data.go.kr/data/15148580/fileData.do","2026-07-11","161","POINT (865628.356844728 1705502.34025806)","공식 갯바위낚시포인트 데이터 기반. 갯바위 출입 가능 여부와 안전 통제는 현장 및 공식 안내 확인 필요."
"rock-162","손죽열도 부근 - 손죽 동측","rock-fishing-point","전라남도","여수시","전라남도 여수시","34.287204","","감성돔|참돔|돌돔|우럭|노래미|농어|숭어|삼치|문어","사리 전후/ 10~5물","14.9~15.4m","펄","▶ 감성돔 - 릴찌/ 장대/ 원투▶ 참돔 - 부력/ 잠수▶ 돌돔 - 릴찌/ 장대/ 원투▶ 우럭 - 릴찌/ 원투▶ 노래미 - 루어/ 릴찌/ 장대/ 원투▶ 농어 - 루어/ 릴찌▶ 숭어 - 릴찌/ 장대/ 훌치기▶ 삼치 - 루어/ 릴찌▶ 문어 - 루어","needs-check","MOF_SHARED_ROCK_FISHING_POINT","https://www.data.go.kr/data/15148580/fileData.do","2026-07-11","162","POINT (988143.042012915 1588193.77964193)","공식 갯바위낚시포인트 데이터 기반. 갯바위 출입 가능 여부와 안전 통제는 현장 및 공식 안내 확인 필요."
"rock-163","대삼부도 - 동측 갯바위","rock-fishing-point","전라남도","여수시","전라남도 여수시","34.056606","","벵에돔|참돔|돌돔|감성돔|농어","10물~13물","0.4~0.6m","암","▶ 벵에돔 - 목줄/ 장대/ 부력/ 잠수▶ 참돔 - 부력/ 잠수▶ 돌돔 - 릴찌/ 장대/ 원투▶ 감성돔 - 릴찌/ 장대/ 원투▶ 농어 - 루어/ 릴찌","needs-check","MOF_SHARED_ROCK_FISHING_POINT","https://www.data.go.kr/data/15148580/fileData.do","2026-07-11","163","POINT (990523.4541547961 1562622.14657452)","공식 갯바위낚시포인트 데이터 기반. 갯바위 출입 가능 여부와 안전 통제는 현장 및 공식 안내 확인 필요."
"rock-164","덕적도·소야도 - 덕적도 밭지름해수욕장 갯바위","rock-fishing-point","인천광역시","옹진군","인천광역시 옹진군","37.214639","","넙치|노래미|농어|붕장어|우럭","모래/ 펄","1.7m~1.9m","펄/ 모래","▶넙치 - 루어/ 원투 ▶노래미 - 루어/ 릴찌/ 장대/ 원투▶농어 - 루어/ 릴찌 ▶붕장어 - 원투▶우럭 - 루어/ 릴찌","needs-check","MOF_SHARED_ROCK_FISHING_POINT","https://www.data.go.kr/data/15148580/fileData.do","2026-07-11","164","POINT (880020.601944241 1913724.74322216)","공식 갯바위낚시포인트 데이터 기반. 갯바위 출입 가능 여부와 안전 통제는 현장 및 공식 안내 확인 필요."
"rock-165","어청도·연도 - 연도 자갈밭","rock-fishing-point","전라북도","군산시","전라북도 군산시","36.077750","","넙치|농어|보구치|우럭|장대","초들물","1.9m~2.3m","자갈","▶넙치 - 루어/ 원투 ▶농어 - 루어/ 릴찌▶보구치 - 원투 ▶우럭 - 릴찌/ 원투▶장대 - 루어/ 릴찌","needs-check","MOF_SHARED_ROCK_FISHING_POINT","https://www.data.go.kr/data/15148580/fileData.do","2026-07-11","165","POINT (904491.870832838 1787277.7522353)","공식 갯바위낚시포인트 데이터 기반. 갯바위 출입 가능 여부와 안전 통제는 현장 및 공식 안내 확인 필요."
"rock-167","금오도·안도 - 안도 서고지 북쪽 제방 끝","rock-fishing-point","전라남도","여수시","전라남도 여수시","34.482444","","감성돔|무늬오징어|부시리|벵에돔|볼락|참돔","9물~13물/ 날물 전·후","3.1m~5m","펄","▶감성돔 - 릴찌/ 장대/ 원투 ▶무늬오징어 - 릴찌/ 에깅 ▶부시리 - 부력/ 잠수/ 지깅▶벵에돔 - 목줄/ 장대/ 부력/ 잠수 ▶볼락 - 루어/ 릴찌/ 장대 ▶참돔 - 부력/ 잠수","needs-check","MOF_SHARED_ROCK_FISHING_POINT","https://www.data.go.kr/data/15148580/fileData.do","2026-07-11","167","POINT (1027230.51625342 1609875.44411695)","공식 갯바위낚시포인트 데이터 기반. 갯바위 출입 가능 여부와 안전 통제는 현장 및 공식 안내 확인 필요."
"rock-168","노화도·보길도·소안도 - 보길도 동쪽 곶부리","rock-fishing-point","전라남도","완도군","전라남도 완도군","34.148833","","감성돔|농어|돌돔|볼락|우럭|참돔","사리 전·후","5.7m~8m","펄/ 모래","▶감성돔 - 릴찌/ 장대/ 원투 ▶농어 - 루어/ 릴찌▶돌돔 - 릴찌/ 장대/ 원투 ▶볼락 - 루어/ 릴찌/ 장대▶우럭 - 릴찌/ 원투 ▶참돔 - 부력/ 잠수","needs-check","MOF_SHARED_ROCK_FISHING_POINT","https://www.data.go.kr/data/15148580/fileData.do","2026-07-11","168","POINT (918523.8842228471 1573196.26659979)","공식 갯바위낚시포인트 데이터 기반. 갯바위 출입 가능 여부와 안전 통제는 현장 및 공식 안내 확인 필요."
"rock-169","안면도 남 부 - 장곳 갯바위","rock-fishing-point","충청남도","태안군","충청남도 태안군","36.412278","","우럭|노래미|학공치|광어|숭어|도다리","중들물~중날물","0.4~0.9","모래","▶우럭 - 릴찌/ 원투▶노래미 - 루어/ 릴찌/ 장대/ 원투▶학공치 - 릴찌/ 장대▶광어 - 릴찌/ 원투▶숭어 - 릴찌/ 장대/ 홀치기▶도다리 - 원투","needs-check","MOF_SHARED_ROCK_FISHING_POINT","https://www.data.go.kr/data/15148580/fileData.do","2026-07-11","169","POINT (898689.0547678251 1824455.69336044)","공식 갯바위낚시포인트 데이터 기반. 갯바위 출입 가능 여부와 안전 통제는 현장 및 공식 안내 확인 필요."
"rock-170","비금도·도초도 - 시목해수욕장 부근 갯바위","rock-fishing-point","전라남도","신안군","전라남도 신안군","34.664111","","감성돔|농어|돌돔|볼락|붕장어|참돔","초들물~중들물","2.1m~3m","펄/ 조개껍질","▶ 감성돔 - 릴찌/ 장대/ 원투 ▶ 농어 - 루어/ 릴찌 ▶ 돌돔 - 릴찌/ 장대/ 원투▶ 볼락 - 루어/ 릴찌/ 장대 ▶ 붕장어 - 원투 ▶ 참돔 - 부력/ 잠수","needs-check","MOF_SHARED_ROCK_FISHING_POINT","https://www.data.go.kr/data/15148580/fileData.do","2026-07-11","170","POINT (858199.681265666 1631069.64060122)","공식 갯바위낚시포인트 데이터 기반. 갯바위 출입 가능 여부와 안전 통제는 현장 및 공식 안내 확인 필요."
"rock-171","비진도·매물도 - 소매물도 남쪽 취끝","rock-fishing-point","경상남도","통영시","경상남도 통영시","34.623694","","감성돔|볼락|우럭|벵에돔","조금 전·후","3.4m~4.1m","펄/ 조개껍질","▶감성돔 - 릴찌/ 장대/ 원투 ▶볼락 - 루어/ 릴찌/ 장대▶우럭 - 릴찌/ 원투 ▶벵에돔 - 목줄/ 장대/ 부력/ 잠수","needs-check","MOF_SHARED_ROCK_FISHING_POINT","https://www.data.go.kr/data/15148580/fileData.do","2026-07-11","171","POINT (1095957.34732031 1625996.5611333)","공식 갯바위낚시포인트 데이터 기반. 갯바위 출입 가능 여부와 안전 통제는 현장 및 공식 안내 확인 필요."
"rock-172","개야도 - 개야 사수건 등대","rock-fishing-point","전라북도","군산시","전라북도 군산시","36.034917","","망농어|부세|감성돔|백조기","초들물~중날물","2.0~4.0","모래/ 펄","▶망농어 - 루어/ 릴찌▶부세 - 릴찌/ 원투▶감성돔 - 릴찌/ 장대/ 원투▶백조기 - 릴찌/ 원투","needs-check","MOF_SHARED_ROCK_FISHING_POINT","https://www.data.go.kr/data/15148580/fileData.do","2026-07-11","172","POINT (913013.867902786 1782437.41643952)","공식 갯바위낚시포인트 데이터 기반. 갯바위 출입 가능 여부와 안전 통제는 현장 및 공식 안내 확인 필요."
"rock-173","신지도 - 무인등대 부근","rock-fishing-point","전라남도","완도군","전라남도 완도군","34.316639","","감성돔|농어|숭어|볼락|우럭|참돔","사리 전·후","14.3m~6m","펄","▶감성돔 - 릴찌/ 장대/ 원투 ▶농어 - 루어/ 릴찌▶숭어 - 릴찌/ 장대/ 훌치기 ▶볼락 - 루어/ 릴찌/ 장대▶우럭 - 릴찌/ 원투 ▶참돔 - 부력/ 잠수","needs-check","MOF_SHARED_ROCK_FISHING_POINT","https://www.data.go.kr/data/15148580/fileData.do","2026-07-11","173","POINT (935039.61675889 1591675.81241173)","공식 갯바위낚시포인트 데이터 기반. 갯바위 출입 가능 여부와 안전 통제는 현장 및 공식 안내 확인 필요."
"rock-174","여서도·거문도 - 거문도 배치바위 부근","rock-fishing-point","전라남도","여수시","전라남도 여수시","34.006417","","감성돔|돌돔|농어|벵에돔","들물/ 날물 전·후","16m~20m","바위","▶감성돔 - 릴찌/ 장대/ 원투 ▶돌돔 - 릴찌/ 장대/ 원투▶농어 - 루어/ 릴찌 ▶벵에돔 - 목줄/ 장대/ 부력/ 잠수","needs-check","MOF_SHARED_ROCK_FISHING_POINT","https://www.data.go.kr/data/15148580/fileData.do","2026-07-11","174","POINT (983658.220114439 1557066.54094773)","공식 갯바위낚시포인트 데이터 기반. 갯바위 출입 가능 여부와 안전 통제는 현장 및 공식 안내 확인 필요."
"rock-175","제주도 북동부·우도 - 검멀레해수욕장 좌측갯바위","rock-fishing-point","제주특별자치도","제주시","제주특별자치도 제주시","33.496750","","참돔|돌돔|볼락|벵에돔|무늬오징어|독가시치","들물/날물","1.4~2.0","암","▶참돔 - 부력/ 잠수 ▶돌돔 - 민장대/ 릴찌/ 원투 ▶볼락 - 루어/ 릴찌/ 장대▶벵에돔 - 목줄/ 장대/ 부력/ 잠수 ▶무늬오징어 - 에깅 ▶독가시치 - 목줄/ 장대/ 부력/ 잠수","needs-check","MOF_SHARED_ROCK_FISHING_POINT","https://www.data.go.kr/data/15148580/fileData.do","2026-07-11","175","POINT (950704.13204355 1500669.87400266)","공식 갯바위낚시포인트 데이터 기반. 갯바위 출입 가능 여부와 안전 통제는 현장 및 공식 안내 확인 필요."
"rock-176","제주도 동부 - 신양포구 갯바위","rock-fishing-point","제주특별자치도","서귀포시","제주특별자치도 서귀포시","33.432778","","참돔|돌돔|볼락|벵에돔|무늬오징어|독가시치","들물/날물","0~0.8","암","▶참돔 - 부력/ 잠수 ▶돌돔 - 민장대/ 릴찌/ 원투 ▶볼락 - 루어/ 릴찌/ 장대▶벵에돔 - 목줄/ 장대/ 부력/ 잠수 ▶무늬오징어 - 에깅 ▶독가시치 - 목줄/ 장대/ 부력/ 잠수","needs-check","MOF_SHARED_ROCK_FISHING_POINT","https://www.data.go.kr/data/15148580/fileData.do","2026-07-11","176","POINT (945777.22906534 1493603.45263265)","공식 갯바위낚시포인트 데이터 기반. 갯바위 출입 가능 여부와 안전 통제는 현장 및 공식 안내 확인 필요."
"rock-177","제주도 남부 - 논짓물 주변","rock-fishing-point","제주특별자치도","서귀포시","제주특별자치도 서귀포시","33.236639","","벵에돔|한치|노래미|독가시치|부시리|우럭","초들물~중날물","5.0~10.0","모래","▶벵에돔 - 목줄/ 장대/ 부력/ 잠수▶한치 - 루어/ 원투▶노래미 - 루어/ 릴찌/ 장대/ 원투▶독가시치 - 목줄/ 장대/ 부력/ 잠수▶부시리 - 부력/ 잠수/ 지깅▶우럭 - 릴찌/ 원투","needs-check","MOF_SHARED_ROCK_FISHING_POINT","https://www.data.go.kr/data/15148580/fileData.do","2026-07-11","177","POINT (896588.689361733 1472255.27755255)","공식 갯바위낚시포인트 데이터 기반. 갯바위 출입 가능 여부와 안전 통제는 현장 및 공식 안내 확인 필요."
"rock-178","제주도 남서부·가파도·마라도 - 산이물","rock-fishing-point","제주특별자치도","서귀포시","제주특별자치도 서귀포시","33.207000","","벵에돔|농어|자리돔|볼락|한치|참돔|부시리","들물/썰물","0.4~2.2","자갈","▶벵에돔 - 목줄/ 장대/ 잠수▶농어 - 루어/ 릴찌▶자리돔 - 민장대/ 릴찌▶볼락 - 루어/ 릴찌/ 장대▶한치 - 루어/ 원투▶참돔 - 부력/ 잠수▶부시리 - 부력/ 잠수/ 지깅","needs-check","MOF_SHARED_ROCK_FISHING_POINT","https://www.data.go.kr/data/15148580/fileData.do","2026-07-11","178","POINT (887386.072686846 1469070.73043592)","공식 갯바위낚시포인트 데이터 기반. 갯바위 출입 가능 여부와 안전 통제는 현장 및 공식 안내 확인 필요."
"rock-179","제주도 남서부·가파도·마라도 - 가파도 제단 밑 갯바위","rock-fishing-point","제주특별자치도","서귀포시","제주특별자치도 서귀포시","33.167139","","벵에돔|농어|자리돔|볼락|한치|참돔|부시리","들물/썰물","0.2~0.5","암","▶벵에돔 - 목줄/ 장대/ 잠수 ▶농어 - 루어/ 릴찌 ▶자리돔 - 민장대/ 릴찌 ▶볼락 - 루어/ 릴찌/ 장대▶한치 - 루어/ 원투 ▶참돔 - 부력/ 잠수 ▶부시리 - 부력/ 잠수/ 지깅","needs-check","MOF_SHARED_ROCK_FISHING_POINT","https://www.data.go.kr/data/15148580/fileData.do","2026-07-11","179","POINT (886249.755800684 1464663.77778819)","공식 갯바위낚시포인트 데이터 기반. 갯바위 출입 가능 여부와 안전 통제는 현장 및 공식 안내 확인 필요."
"rock-180","독거군도 부근 - 화단도","rock-fishing-point","전라남도","진도군","전라남도 진도군","34.221174","","참돔|감성돔|돌돔|광어|농어","조금~3물","0.5~18.2m","암","▶ 참돔 - 부력/ 잠수▶ 감성돔 - 릴찌/ 장대/ 원투▶ 돌돔 - 릴찌/ 장대/ 원투▶ 광어-릴찌/ 원투▶ 농어 - 루어/ 릴찌","needs-check","MOF_SHARED_ROCK_FISHING_POINT","https://www.data.go.kr/data/15148580/fileData.do","2026-07-11","180","POINT (875631.956127229 1581688.96441381)","공식 갯바위낚시포인트 데이터 기반. 갯바위 출입 가능 여부와 안전 통제는 현장 및 공식 안내 확인 필요."
"rock-181","추자군도 - 신양리 갯바위","rock-fishing-point","제주특별자치도","제주시","제주특별자치도 제주시","33.940734","","감성돔|벵에돔|참돔|돌돔|볼락|부시리","11물~5물/ 정조전후","2.5~2.2m","암","▶ 감성돔 - 릴찌/ 장대/ 원투▶ 벵에돔 - 목줄/ 장대/ 부력/ 잠수▶ 참돔 - 부력/ 잠수▶ 돌돔 - 민장대/ 릴찌/ 원투▶ 볼락 - 릴찌/ 장대/ 루어▶ 부시리 - 부력/ 잠수/ 지깅","needs-check","MOF_SHARED_ROCK_FISHING_POINT","https://www.data.go.kr/data/15148580/fileData.do","2026-07-11","181","POINT (890603.902278639 1550400.70092697)","공식 갯바위낚시포인트 데이터 기반. 갯바위 출입 가능 여부와 안전 통제는 현장 및 공식 안내 확인 필요."
"rock-182","거금수도 부근 - 지죽도 북측","rock-fishing-point","전라남도","고흥군","전라남도 고흥군","34.440520","","감성돔|숭어|우럭|노래미|농어|볼락","초들물~만조","2.1~9m","펄/ 조개껍질","▶ 감성돔 - 릴찌/ 장대/ 원투▶ 숭어 - 릴찌/ 장대/ 훌치기▶ 우럭 - 릴찌/ 원투▶ 노래미 - 루어/ 릴찌/ 장대/ 원투▶ 농어 - 루어/ 릴찌▶ 볼락 - 릴찌/ 장대/ 루어","needs-check","MOF_SHARED_ROCK_FISHING_POINT","https://www.data.go.kr/data/15148580/fileData.do","2026-07-11","182","POINT (981602.494639589 1605204.88058352)","공식 갯바위낚시포인트 데이터 기반. 갯바위 출입 가능 여부와 안전 통제는 현장 및 공식 안내 확인 필요."
"rock-183","낭도 부근 - 낭도 터미널 앞","rock-fishing-point","전라남도","여수시","전라남도 여수시","34.604073","","감성돔|붕장어|농어|숭어","조금 전후/ 5물~8물","1.1~1.8m","암","▶ 감성돔 - 릴찌/ 장대/ 원투▶ 붕장어 - 원투▶ 농어 - 루어/ 릴찌▶ 숭어 - 릴찌/ 장대/ 훌치기","needs-check","MOF_SHARED_ROCK_FISHING_POINT","https://www.data.go.kr/data/15148580/fileData.do","2026-07-11","183","POINT (1003548.03468251 1623323.39476125)","공식 갯바위낚시포인트 데이터 기반. 갯바위 출입 가능 여부와 안전 통제는 현장 및 공식 안내 확인 필요."
"rock-184","황제도 - 알매섬","rock-fishing-point","전라남도","완도군","전라남도 완도군","34.195934","","감성돔|참돔|돌돔|농어|광어|볼락","사리를 피한 물때/ 1~3물/ 9~13물","3.1~8.2m","암","▶ 감성돔 - 릴찌/ 장대/ 원투▶ 참돔 - 부력/ 잠수▶ 돌돔 - 릴찌/ 장대/ 원투▶ 농어 - 루어/ 릴찌▶ 광어 - 릴찌/ 원투▶ 볼락 - 릴찌/ 장대/ 루어","needs-check","MOF_SHARED_ROCK_FISHING_POINT","https://www.data.go.kr/data/15148580/fileData.do","2026-07-11","184","POINT (960951.9940296 1578147.2014857)","공식 갯바위낚시포인트 데이터 기반. 갯바위 출입 가능 여부와 안전 통제는 현장 및 공식 안내 확인 필요."
"rock-185","손죽열도 부근 - 소거문 해안","rock-fishing-point","전라남도","여수시","전라남도 여수시","34.282351","","감성돔|참돔|돌돔|우럭|노래미|농어|숭어|삼치|문어","사리 전후/ 10~5물","8.4~10.4m","펄","▶ 감성돔 - 릴찌/ 장대/ 원투▶ 참돔 - 부력/ 잠수▶ 돌돔 - 릴찌/ 장대/ 원투▶ 우럭 - 릴찌/ 원투▶ 노래미 - 루어/ 릴찌/ 장대/ 원투▶ 농어 - 루어/ 릴찌▶ 숭어 - 릴찌/ 장대/ 훌치기▶ 삼치 - 루어/ 릴찌▶ 문어 - 루어","needs-check","MOF_SHARED_ROCK_FISHING_POINT","https://www.data.go.kr/data/15148580/fileData.do","2026-07-11","185","POINT (990156.020336866 1587653.41581932)","공식 갯바위낚시포인트 데이터 기반. 갯바위 출입 가능 여부와 안전 통제는 현장 및 공식 안내 확인 필요."
"rock-186","대삼부도 - 노루섬 갯바위","rock-fishing-point","전라남도","여수시","전라남도 여수시","34.059983","","벵에돔|참돔|돌돔|감성돔|농어","10물~13물","0.6~14.3m","암","▶ 벵에돔 - 목줄/ 장대/ 부력/ 잠수▶ 참돔 - 부력/ 잠수▶ 돌돔 - 릴찌/ 장대/ 원투▶ 감성돔 - 릴찌/ 장대/ 원투▶ 농어 - 루어/ 릴찌","needs-check","MOF_SHARED_ROCK_FISHING_POINT","https://www.data.go.kr/data/15148580/fileData.do","2026-07-11","186","POINT (989319.611510448 1562997.8643005)","공식 갯바위낚시포인트 데이터 기반. 갯바위 출입 가능 여부와 안전 통제는 현장 및 공식 안내 확인 필요."
"rock-187","개도·하의도·신의도 - 파장여","rock-fishing-point","전라남도","신안군","전라남도 신안군","34.564583","","농어|붕장어|감성돔","조금 전후","4.3~6.1","펄/ 자갈","▶농어 - 루어/ 릴찌▶붕장어 - 원투▶감성돔 - 릴찌/ 장대/ 원투","needs-check","MOF_SHARED_ROCK_FISHING_POINT","https://www.data.go.kr/data/15148580/fileData.do","2026-07-11","187","POINT (864472.737668353 1619935.14238884)","공식 갯바위낚시포인트 데이터 기반. 갯바위 출입 가능 여부와 안전 통제는 현장 및 공식 안내 확인 필요."
"rock-188","상조도·하조도·관매도 - 수옥도 갯바위","rock-fishing-point","전라남도","진도군","전라남도 진도군","34.272194","","감성돔|참돔|노래미|돌돔|도다리|우럭","초들물~중날물","0.8~1.6","자갈/ 조개껍질","▶감성돔 - 릴찌/ 장대/ 원투 ▶참돔 - 부력/ 잠수 ▶노래미 - 루어/ 릴찌/ 장대/ 원투▶돌돔 - 원투/ 민장대/ 릴찌 ▶도다리 - 원투 ▶우럭 - 릴찌/ 원투","needs-check","MOF_SHARED_ROCK_FISHING_POINT","https://www.data.go.kr/data/15148580/fileData.do","2026-07-11","188","POINT (866992.1047536819 1587466.52627331)","공식 갯바위낚시포인트 데이터 기반. 갯바위 출입 가능 여부와 안전 통제는 현장 및 공식 안내 확인 필요."
"rock-189","가거도 - 성건여","rock-fishing-point","전라남도","신안군","전라남도 신안군","34.075389","","감성돔|노래미|참돔|농어|볼락|우럭|돌돔|부시리","초들물~중날물","1.3~5.2","암","▶감성돔 - 릴찌/ 장대/ 원투 ▶노래미 - 루어/ 릴찌/ 장대/ 원투 ▶참돔 - 릴찌 ▶농어 - 루어▶볼락 - 릴찌/ 장대/ 루어 ▶우럭 - 루어/ 릴찌/ 장대/ 원투 ▶돌돔 - 릴찌 ▶부시리 - 루어","needs-check","MOF_SHARED_ROCK_FISHING_POINT","https://www.data.go.kr/data/15148580/fileData.do","2026-07-11","189","POINT (777016.563004364 1567335.4832291)","공식 갯바위낚시포인트 데이터 기반. 갯바위 출입 가능 여부와 안전 통제는 현장 및 공식 안내 확인 필요."
"rock-190","남해도 북부 - 여계마을 해안 갯바위","rock-fishing-point","경상남도","남해군","경상남도 남해군","34.819333","","참돔|농어|노래미|볼락|우럭","초들물~중날물","0.2~1.3","암","▶참돔 - 부력/ 잠수▶농어 - 루어/ 릴찌▶노래미 - 루어/ 릴찌/ 장대/ 원투▶볼락 - 릴찌/ 장대/ 루어▶우럭 - 릴찌/ 원투","needs-check","MOF_SHARED_ROCK_FISHING_POINT","https://www.data.go.kr/data/15148580/fileData.do","2026-07-11","190","POINT (1029599.94729785 1647240.83473862)","공식 갯바위낚시포인트 데이터 기반. 갯바위 출입 가능 여부와 안전 통제는 현장 및 공식 안내 확인 필요."
"rock-191","남해도 동부·신수도·창선도 - 잘푸여 갯바위","rock-fishing-point","경상남도","사천시","경상남도 사천시","34.897000","","볼락|갑오징어|노래미|우럭","초들물~중날물","0.5~1.0","암","▶볼락 - 릴찌/ 장대/ 루어 ▶갑오징어 - 에깅 ▶노래미 - 루어/ 릴찌/ 장대/ 원투 ▶우럭 - 릴찌/ 원투","needs-check","MOF_SHARED_ROCK_FISHING_POINT","https://www.data.go.kr/data/15148580/fileData.do","2026-07-11","191","POINT (1053251.38159448 1655960.78833515)","공식 갯바위낚시포인트 데이터 기반. 갯바위 출입 가능 여부와 안전 통제는 현장 및 공식 안내 확인 필요."
"rock-192","한산도·용초도 - 용머리","rock-fishing-point","경상남도","통영시","경상남도 통영시","34.732972","","참돔|감성돔|노래미|볼락","초들물~중날물","4.6~6.2","모래","▶참돔 - 부력/ 잠수▶감성돔 - 릴찌/ 장대/ 원투▶노래미 - 루어/ 릴찌/ 장대/ 원투▶볼락 - 릴찌/ 장대/ 루어","needs-check","MOF_SHARED_ROCK_FISHING_POINT","https://www.data.go.kr/data/15148580/fileData.do","2026-07-11","192","POINT (1090500.99062462 1638061.18090895)","공식 갯바위낚시포인트 데이터 기반. 갯바위 출입 가능 여부와 안전 통제는 현장 및 공식 안내 확인 필요."
"rock-193","추자도 - 하추자도 양식장 앞 해안","rock-fishing-point","제주특별자치도","제주시","제주특별자치도 제주시","33.950139","","감성돔|돌돔|자리돔|농어|볼락|참돔","들물/썰물","5.4~8.0","암","▶감성돔 - 릴찌/ 장대/ 원투▶돌돔 - 민장대/ 릴찌/ 원투▶자리돔 - 장대/ 카드▶농어 - 루어/ 릴찌▶볼락 - 루어/ 릴찌/ 장대▶참돔 - 부력/ 잠수","needs-check","MOF_SHARED_ROCK_FISHING_POINT","https://www.data.go.kr/data/15148580/fileData.do","2026-07-11","193","POINT (889379.2124204839 1551457.93626172)","공식 갯바위낚시포인트 데이터 기반. 갯바위 출입 가능 여부와 안전 통제는 현장 및 공식 안내 확인 필요."
"rock-194","자란만 부근 - 오토캠핑장 앞","rock-fishing-point","경상남도","고성군","경상남도 고성군","34.955461","","갑오징어|감성돔|노래미|벵에돔|참돔|볼락|농어|붕장어|우럭","13물~6물","0.5~0.8m","펄","▶ 갑오징어 - 에깅▶ 감성돔 - 릴찌/ 장대/ 원투▶ 노래미 - 루어/ 릴찌/ 장대/ 원투▶ 벵에돔 - 목줄/ 장대/ 부력/ 잠수▶ 참돔 - 부력/ 잠수▶ 볼락 - 릴찌/ 장대/ 루어▶ 농어 - 루어/ 릴찌▶ 붕장어 - 원투▶ 우럭 - 릴찌/ 원투","needs-check","MOF_SHARED_ROCK_FISHING_POINT","https://www.data.go.kr/data/15148580/fileData.do","2026-07-11","194","POINT (1075811.49555588 1662603.61734775)","공식 갯바위낚시포인트 데이터 기반. 갯바위 출입 가능 여부와 안전 통제는 현장 및 공식 안내 확인 필요."
"rock-195","연화도 부근 - 한숨자리 인근","rock-fishing-point","경상남도","통영시","경상남도 통영시","34.640980","","참돔|감성돔|볼락|벵에돔|농어","초들물/ 초날물/ 5물~6물/ 조금","3.9~8.4m","암","▶ 참돔 - 부력/ 잠수▶ 감성돔 - 릴찌/ 장대/ 원투▶ 볼락 - 릴찌/ 장대/ 루어▶ 벵에돔 - 목줄/ 장대/ 부력/ 잠수▶ 농어 - 루어/ 릴찌","needs-check","MOF_SHARED_ROCK_FISHING_POINT","https://www.data.go.kr/data/15148580/fileData.do","2026-07-11","195","POINT (1078624.52811506 1627749.90411084)","공식 갯바위낚시포인트 데이터 기반. 갯바위 출입 가능 여부와 안전 통제는 현장 및 공식 안내 확인 필요."
"rock-196","갈도 부근 - 빗바위 근처","rock-fishing-point","경상남도","통영시","경상남도 통영시","34.569194","","감성돔|돌돔|볼락|무늬오징어","2물~8물/ 사리 전후","11.6~11.8m","모래/ 조개껍질","▶ 감성돔 - 릴찌/ 장대/ 원투▶ 돌돔 - 릴찌/ 장대/ 원투▶ 볼락 - 릴찌/ 장대/ 루어 ▶ 무늬오징어 - 릴찌/ 에깅","needs-check","MOF_SHARED_ROCK_FISHING_POINT","https://www.data.go.kr/data/15148580/fileData.do","2026-07-11","196","POINT (1063291.66284312 1619671.28345257)","공식 갯바위낚시포인트 데이터 기반. 갯바위 출입 가능 여부와 안전 통제는 현장 및 공식 안내 확인 필요."
"rock-197","진해만 부근 - 지도 서측 해안길 끝","rock-fishing-point","경상남도","통영시","경상남도 통영시","34.908690","","감성돔|넙치|도다리|볼락|붕장어|우럭|학공치|노래미|농어|고등어","조금 전후","3.5~4.4m","암","▶ 감성돔 - 릴찌/ 장대/ 원투▶ 넙치 - 루어/ 원투▶ 도다리 - 원투▶ 볼락 - 릴찌/ 장대/ 루어▶ 붕장어 - 원투▶ 우럭 - 릴찌/ 원투▶ 학공치 - 릴찌/ 장대▶ 노래미 - 루어/ 릴찌/ 장대/ 원투▶ 농어 - 루어/ 릴찌▶ 고등어 - 장대/ 릴찌/ 루어","needs-check","MOF_SHARED_ROCK_FISHING_POINT","https://www.data.go.kr/data/15148580/fileData.do","2026-07-11","197","POINT (1088098.59175512 1657526.49711493)","공식 갯바위낚시포인트 데이터 기반. 갯바위 출입 가능 여부와 안전 통제는 현장 및 공식 안내 확인 필요."
"rock-198","입파도·국화도 - 입파도 북동측 끝단","rock-fishing-point","경기도","화성시","경기도 화성시","37.111167","","넙치|노래미|도다리|붕장어|우럭","조금 전·후","2.2m~4.1m","모래","▶넙치 - 루어/ 원투 ▶노래미 - 루어/ 릴찌/ 장대/ 원투▶도다리 - 원투 ▶붕장어 - 원투▶우럭 - 릴찌/ 원투","needs-check","MOF_SHARED_ROCK_FISHING_POINT","https://www.data.go.kr/data/15148580/fileData.do","2026-07-11","198","POINT (914768.0888438261 1901820.08187284)","공식 갯바위낚시포인트 데이터 기반. 갯바위 출입 가능 여부와 안전 통제는 현장 및 공식 안내 확인 필요."
"rock-199","풍도·난지도 - 풍도 남쪽 마을 부근","rock-fishing-point","경기도","안산시","경기도 안산시","37.107417","","넙치|노래미|농어|붕장어|우럭","사리 전·후","1.3m~2.1m","펄/ 자갈","▶넙치 - 루어/ 원투 ▶노래미 - 루어/ 릴찌/ 장대/ 원투▶농어 - 루어/ 릴찌 ▶붕장어 - 원투▶우럭 - 릴찌/ 원투","needs-check","MOF_SHARED_ROCK_FISHING_POINT","https://www.data.go.kr/data/15148580/fileData.do","2026-07-11","199","POINT (901793.567536748 1901545.05861896)","공식 갯바위낚시포인트 데이터 기반. 갯바위 출입 가능 여부와 안전 통제는 현장 및 공식 안내 확인 필요."
"rock-200","원산도·삽시도 - 원산도 용뿌리 갯바위","rock-fishing-point","충청남도","보령시","충청남도 보령시","36.364611","","감성돔|갑오징어|넙치|노래미|농어|우럭|주꾸미","들물 전·후","1.1m~1.6m","펄/ 모래","▶감성돔 - 릴찌/ 장대/ 원투 ▶갑오징어 - 에깅▶넙치 - 루어/ 원투 ▶노래미 - 루어/ 릴찌/ 장대/ 원투▶농어 - 루어/ 릴찌 ▶우럭 - 릴찌/ 원투 ▶주꾸미 - 루어","needs-check","MOF_SHARED_ROCK_FISHING_POINT","https://www.data.go.kr/data/15148580/fileData.do","2026-07-11","200","POINT (902058.817799404 1819128.65828158)","공식 갯바위낚시포인트 데이터 기반. 갯바위 출입 가능 여부와 안전 통제는 현장 및 공식 안내 확인 필요."
"rock-201","호도·녹도·외연도 - 외연도 서측 갯바위","rock-fishing-point","충청남도","보령시","충청남도 보령시","36.227944","","감성돔|갑오징어|넙치|노래미|농어|우럭|참돔","조금 전·후","1.6m~3m","자갈/ 펄","▶감성돔 - 릴찌/ 장대/ 원투 ▶갑오징어 - 에깅▶넙치 - 루어/ 원투 ▶노래미 - 루어/ 릴찌/ 장대/ 원투▶농어 - 루어/ 릴찌 ▶우럭 - 릴찌/ 원투▶참돔 - 부력/ 잠수","needs-check","MOF_SHARED_ROCK_FISHING_POINT","https://www.data.go.kr/data/15148580/fileData.do","2026-07-11","201","POINT (871580.229800117 1804362.81415536)","공식 갯바위낚시포인트 데이터 기반. 갯바위 출입 가능 여부와 안전 통제는 현장 및 공식 안내 확인 필요."
"rock-202","어청도·연도 - 어청도 불탄서 부근","rock-fishing-point","전라북도","군산시","전라북도 군산시","36.112972","","감성돔|넙치|농어|돌돔|방어|우럭","들물/ 날물","3.4m~5m","바위","▶감성돔 - 릴찌/ 장대/ 원투 ▶넙치 - 루어/ 원투▶농어 - 루어/ 릴찌 ▶돌돔 - 릴찌/ 장대/ 원투▶방어 - 부력/ 잠수/ 지깅 ▶우럭 - 릴찌/ 원투","needs-check","MOF_SHARED_ROCK_FISHING_POINT","https://www.data.go.kr/data/15148580/fileData.do","2026-07-11","202","POINT (862504.163556876 1791744.3306059)","공식 갯바위낚시포인트 데이터 기반. 갯바위 출입 가능 여부와 안전 통제는 현장 및 공식 안내 확인 필요."
"rock-203","선유도·무녀도·장자도·신시도 - 신시도 북단 곶부리","rock-fishing-point","전라북도","군산시","전라북도 군산시","35.831778","","넙치|노래미|농어|도다리|우럭","들물 전·후","2.7m~4m","모래/ 펄","▶넙치 - 루어/ 원투 ▶노래미 - 루어/ 릴찌/ 장대/ 원투▶농어 - 루어/ 릴찌 ▶도다리 - 원투▶우럭 - 릴찌/ 원투","needs-check","MOF_SHARED_ROCK_FISHING_POINT","https://www.data.go.kr/data/15148580/fileData.do","2026-07-11","203","POINT (904576.635663107 1759990.45326608)","공식 갯바위낚시포인트 데이터 기반. 갯바위 출입 가능 여부와 안전 통제는 현장 및 공식 안내 확인 필요."
"rock-204","금오도·안도 - 금오도 용두 갯바위","rock-fishing-point","전라남도","여수시","전라남도 여수시","34.538222","","감성돔|도다리|노래미|붕장어|벵에돔|볼락","9물~13물/ 날물 전·후","17m~19m","펄","▶감성돔 - 릴찌/ 장대/ 원투 ▶도다리 - 원투 ▶노래미 - 루어/ 릴찌/ 장대/ 원투▶붕장어 - 원투 ▶벵에돔 - 목줄/ 장대/ 부력/ 잠수 ▶볼락 - 루어/ 릴찌/ 장대","needs-check","MOF_SHARED_ROCK_FISHING_POINT","https://www.data.go.kr/data/15148580/fileData.do","2026-07-11","204","POINT (1018099.93444937 1616038.25613606)","공식 갯바위낚시포인트 데이터 기반. 갯바위 출입 가능 여부와 안전 통제는 현장 및 공식 안내 확인 필요."
"rock-205","사량도 - 하사량도 말목섬 부근","rock-fishing-point","경상남도","통영시","경상남도 통영시","34.800583","","감성돔|농어|노래미|우럭|볼락|붕장어","13물~6물","2.8m~3.6m","조개껍질/ 모래/ 펄","▶감성돔 - 릴찌/ 장대/ 원투 ▶농어 - 루어/ 릴찌▶노래미 - 루어/ 릴찌/ 장대/ 원투 ▶우럭 - 릴찌/ 원투▶볼락 - 루어/ 릴찌/ 장대 ▶붕장어 - 원투","needs-check","MOF_SHARED_ROCK_FISHING_POINT","https://www.data.go.kr/data/15148580/fileData.do","2026-07-11","205","POINT (1066496.03753739 1645354.61683595)","공식 갯바위낚시포인트 데이터 기반. 갯바위 출입 가능 여부와 안전 통제는 현장 및 공식 안내 확인 필요."
"rock-206","욕지도 - 양판구미 일대","rock-fishing-point","경상남도","통영시","경상남도 통영시","34.611861","","감성돔|농어|무늬오징어|볼락|벵에돔|참돔","5물~11물","12m~15m","펄","▶감성돔 - 릴찌/ 장대/ 원투 ▶농어 - 루어/ 릴찌▶무늬오징어 - 릴찌/ 에깅 ▶볼락 - 루어/ 릴찌/ 장대▶벵에돔 - 목줄/ 장대/ 부력/ 잠수 ▶참돔 - 부력/ 잠수","needs-check","MOF_SHARED_ROCK_FISHING_POINT","https://www.data.go.kr/data/15148580/fileData.do","2026-07-11","206","POINT (1067981.73192761 1624436.16965301)","공식 갯바위낚시포인트 데이터 기반. 갯바위 출입 가능 여부와 안전 통제는 현장 및 공식 안내 확인 필요."
"rock-207","미륵도 - 매암말 부근 갯바위","rock-fishing-point","경상남도","통영시","경상남도 통영시","34.782694","","고등어|감성돔|노래미|도다리|볼락|참돔","조금 전·후","3.5m~4.1m","바위","▶고등어 - 루어/ 릴찌/ 장대 ▶감성돔 - 릴찌/ 장대/ 원투▶노래미 - 루어/ 릴찌/ 장대/ 원투 ▶도다리 - 원투▶볼락 - 루어/ 릴찌/ 장대 ▶참돔 - 부력/ 잠수","needs-check","MOF_SHARED_ROCK_FISHING_POINT","https://www.data.go.kr/data/15148580/fileData.do","2026-07-11","207","POINT (1085480.50274133 1643527.71260149)","공식 갯바위낚시포인트 데이터 기반. 갯바위 출입 가능 여부와 안전 통제는 현장 및 공식 안내 확인 필요."
"rock-208","거제도 남부 - 여차 남쪽끝 갯바위","rock-fishing-point","경상남도","거제시","경상남도 거제시","34.709333","","감성돔|농어|벵에돔|우럭|볼락|참돔","조금 전·후","8.5m~10m","바위","▶ 감성돔 - 릴찌/ 장대/ 원투 ▶ 농어 - 루어/ 릴찌 ▶ 벵에돔 - 목줄/ 장대/ 부력/ 잠수 ▶ 우럭 - 릴찌/ 원투 ▶ 볼락 - 루어/ 릴찌/ 장대 ▶ 참돔 - 부력/ 잠수","needs-check","MOF_SHARED_ROCK_FISHING_POINT","https://www.data.go.kr/data/15148580/fileData.do","2026-07-11","208","POINT (1104014.26320348 1635582.09400887)","공식 갯바위낚시포인트 데이터 기반. 갯바위 출입 가능 여부와 안전 통제는 현장 및 공식 안내 확인 필요."
"rock-209","거제도 남부 - 예구마을 제방 끝 갯바위","rock-fishing-point","경상남도","거제시","경상남도 거제시","34.799833","","감성돔|고등어|농어|벵에돔|학공치|볼락|참돔","조금 전·후","1m~1.4m","펄","▶감성돔 - 릴찌/ 장대/ 원투 ▶고등어 - 루어/ 릴찌/ 장대 ▶농어 - 루어/ 릴찌▶벵에돔 - 목줄/ 장대/ 부력/ 잠수 ▶학공치 - 릴찌/ 장대 ▶볼락 - 루어/ 릴찌/ 장대 ▶참돔 - 부력/ 잠수","needs-check","MOF_SHARED_ROCK_FISHING_POINT","https://www.data.go.kr/data/15148580/fileData.do","2026-07-11","209","POINT (1111120.13368952 1645703.01753106)","공식 갯바위낚시포인트 데이터 기반. 갯바위 출입 가능 여부와 안전 통제는 현장 및 공식 안내 확인 필요."
"rock-210","시도 - 조각공원 서측 갯바위","rock-fishing-point","인천광역시","옹진군","인천광역시 옹진군","37.528444","","광어|삼치|주꾸미|노래미|붕장어","초들물~중날물","-1.7~-1.5","펄","▶광어 - 릴찌/ 원투▶삼치 - 루어/ 릴찌▶주꾸미 - 릴찌/ 원투/ 장대▶노래미 - 루어/ 릴찌/ 장대/ 원투▶붕장어 - 원투","needs-check","MOF_SHARED_ROCK_FISHING_POINT","https://www.data.go.kr/data/15148580/fileData.do","2026-07-11","210","POINT (903191.607372733 1948245.9098747)","공식 갯바위낚시포인트 데이터 기반. 갯바위 출입 가능 여부와 안전 통제는 현장 및 공식 안내 확인 필요."
"rock-211","영종도·용유도 - 영종도 남측제방 초소","rock-fishing-point","인천광역시","중구","인천광역시 중구","37.421056","","숭어|노래미|삼치|붕장어|주꾸미","들물","-3.1~-0.5","펄","▶숭어 - 릴찌/ 장대/ 홀치기▶노래미 - 루어/ 릴찌/ 장대/ 원투▶삼치 - 루어/ 릴찌▶붕장어 - 원투▶주꾸미 - 릴찌/ 원투","needs-check","MOF_SHARED_ROCK_FISHING_POINT","https://www.data.go.kr/data/15148580/fileData.do","2026-07-11","211","POINT (906430.235819663 1936292.81825295)","공식 갯바위낚시포인트 데이터 기반. 갯바위 출입 가능 여부와 안전 통제는 현장 및 공식 안내 확인 필요."
"rock-212","대삼부도 - 동굴 우측","rock-fishing-point","전라남도","여수시","전라남도 여수시","34.061103","","벵에돔|참돔|돌돔|감성돔|농어","10물~13물","0.2~0.8m","암","▶ 벵에돔 - 목줄/ 장대/ 부력/ 잠수▶ 참돔 - 부력/ 잠수▶ 돌돔 - 릴찌/ 장대/ 원투▶ 감성돔 - 릴찌/ 장대/ 원투▶ 농어 - 루어/ 릴찌","needs-check","MOF_SHARED_ROCK_FISHING_POINT","https://www.data.go.kr/data/15148580/fileData.do","2026-07-11","212","POINT (989791.902153556 1563121.46566292)","공식 갯바위낚시포인트 데이터 기반. 갯바위 출입 가능 여부와 안전 통제는 현장 및 공식 안내 확인 필요."
"rock-213","진주만 부근 - 산분령 유료낚시터","rock-fishing-point","경상남도","사천시","경상남도 사천시","34.950990","","감성돔|노래미|볼락|농어|도다리|갑오징어","13물-4물/ 초들물","2.0~4.0m","암","▶ 감성돔 - 릴찌/ 장대/ 원투▶ 노래미 - 루어/ 릴찌/ 장대/ 원투▶ 볼락 - 릴찌/ 장대/ 루어▶ 농어 - 루어/ 릴찌▶ 도다리 - 원투▶ 갑오징어 - 에깅","needs-check","MOF_SHARED_ROCK_FISHING_POINT","https://www.data.go.kr/data/15148580/fileData.do","2026-07-11","213","POINT (1048790.30685931 1661923.41589396)","공식 갯바위낚시포인트 데이터 기반. 갯바위 출입 가능 여부와 안전 통제는 현장 및 공식 안내 확인 필요."
"rock-214","진주만 부근 - 산분령 앞 마동도","rock-fishing-point","경상남도","사천시","경상남도 사천시","34.935056","","감성돔|노래미|볼락|농어|도다리|갑오징어","13물-4물/ 초들물","0.1~2.2m","암","▶ 감성돔 - 릴찌/ 장대/ 원투▶ 노래미 - 루어/ 릴찌/ 장대/ 원투▶ 볼락 - 릴찌/ 장대/ 루어▶ 농어 - 루어/ 릴찌▶ 도다리 - 원투▶ 갑오징어 - 에깅","needs-check","MOF_SHARED_ROCK_FISHING_POINT","https://www.data.go.kr/data/15148580/fileData.do","2026-07-11","214","POINT (1048743.40798932 1660156.03519785)","공식 갯바위낚시포인트 데이터 기반. 갯바위 출입 가능 여부와 안전 통제는 현장 및 공식 안내 확인 필요."
"rock-215","추도 부근 - 구들빗등","rock-fishing-point","경상남도","통영시","경상남도 통영시","34.751613","","볼락|우럭|주꾸미|광어|감성돔|벵에돔|참돔","6물~8물","4.3~4.5m","암","▶ 볼락 - 릴찌/ 장대/ 루어▶ 우럭 - 릴찌/ 원투▶ 주꾸미 - 릴찌/ 원투▶ 광어 - 릴찌/ 원투▶ 감성돔 - 릴찌/ 장대/ 원투▶ 벵에돔 - 목줄/ 장대/ 부력/ 잠수▶ 참돔 - 부력/ 잠수","needs-check","MOF_SHARED_ROCK_FISHING_POINT","https://www.data.go.kr/data/15148580/fileData.do","2026-07-11","215","POINT (1073137.48378147 1639974.10405923)","공식 갯바위낚시포인트 데이터 기반. 갯바위 출입 가능 여부와 안전 통제는 현장 및 공식 안내 확인 필요."
"rock-216","추도 부근 - 북바위 근처","rock-fishing-point","경상남도","통영시","경상남도 통영시","34.750888","","볼락|우럭|주꾸미|광어|감성돔|벵에돔|참돔","6물~8물","0.5~1.5m","암","▶ 볼락 - 릴찌/ 장대/ 루어▶ 우럭 - 릴찌/ 원투▶ 주꾸미 - 릴찌/ 원투▶ 광어 - 릴찌/ 원투▶ 감성돔 - 릴찌/ 장대/ 원투▶ 벵에돔 - 목줄/ 장대/ 부력/ 잠수▶ 참돔 - 부력/ 잠수","needs-check","MOF_SHARED_ROCK_FISHING_POINT","https://www.data.go.kr/data/15148580/fileData.do","2026-07-11","216","POINT (1072272.24418543 1639886.95377688)","공식 갯바위낚시포인트 데이터 기반. 갯바위 출입 가능 여부와 안전 통제는 현장 및 공식 안내 확인 필요."
"rock-217","연화도 부근 - 십리골마을 동측 갯바위","rock-fishing-point","경상남도","통영시","경상남도 통영시","34.648449","","참돔|감성돔|볼락|벵에돔|농어","초들물/ 초날물/ 5물~6물/ 조금","9.7~15.8m","암","▶ 참돔 - 부력/ 잠수▶ 감성돔 - 릴찌/ 장대/ 원투▶ 볼락 - 릴찌/ 장대/ 루어▶ 벵에돔 - 목줄/ 장대/ 부력/ 잠수▶ 농어 - 루어/ 릴찌","needs-check","MOF_SHARED_ROCK_FISHING_POINT","https://www.data.go.kr/data/15148580/fileData.do","2026-07-11","217","POINT (1079002.02503858 1628581.37994704)","공식 갯바위낚시포인트 데이터 기반. 갯바위 출입 가능 여부와 안전 통제는 현장 및 공식 안내 확인 필요."
"rock-218","연화도 부근 - 소쿠리강정 갯바위","rock-fishing-point","경상남도","통영시","경상남도 통영시","34.638933","","참돔|감성돔|볼락|벵에돔|농어","초들물/ 초날물/ 5물~6물/ 조금","7.9~10.7m","암","▶ 참돔 - 부력/ 잠수▶ 감성돔 - 릴찌/ 장대/ 원투▶ 볼락 - 릴찌/ 장대/ 루어▶ 벵에돔 - 목줄/ 장대/ 부력/ 잠수▶ 농어 - 루어/ 릴찌","needs-check","MOF_SHARED_ROCK_FISHING_POINT","https://www.data.go.kr/data/15148580/fileData.do","2026-07-11","218","POINT (1079524.80147557 1627530.59921432)","공식 갯바위낚시포인트 데이터 기반. 갯바위 출입 가능 여부와 안전 통제는 현장 및 공식 안내 확인 필요."
"rock-219","갈도 부근 - 붉은바위","rock-fishing-point","경상남도","통영시","경상남도 통영시","34.568884","","감성돔|돌돔|볼락|무늬오징어","2물~8물/ 사리 전후","11.6~11.8m","모래/ 조개껍질","▶ 감성돔 - 릴찌/ 장대/ 원투▶ 돌돔 - 릴찌/ 장대/ 원투▶ 볼락 - 릴찌/ 장대/ 루어 ▶ 무늬오징어 - 릴찌/ 에깅","needs-check","MOF_SHARED_ROCK_FISHING_POINT","https://www.data.go.kr/data/15148580/fileData.do","2026-07-11","219","POINT (1063201.6541356 1619636.22996081)","공식 갯바위낚시포인트 데이터 기반. 갯바위 출입 가능 여부와 안전 통제는 현장 및 공식 안내 확인 필요."
"rock-220","갈도 부근 - 귀신여","rock-fishing-point","경상남도","통영시","경상남도 통영시","34.558421","","감성돔|돌돔|볼락|무늬오징어","2물~8물/ 사리 전후","14.5~15.9m","암","▶ 감성돔 - 릴찌/ 장대/ 원투▶ 돌돔 - 릴찌/ 장대/ 원투▶ 볼락 - 릴찌/ 장대/ 루어 ▶ 무늬오징어 - 릴찌/ 에깅","needs-check","MOF_SHARED_ROCK_FISHING_POINT","https://www.data.go.kr/data/15148580/fileData.do","2026-07-11","220","POINT (1062311.59510793 1618469.88733551)","공식 갯바위낚시포인트 데이터 기반. 갯바위 출입 가능 여부와 안전 통제는 현장 및 공식 안내 확인 필요."
"rock-221","독거군도 부근 - 구도 남단","rock-fishing-point","전라남도","진도군","전라남도 진도군","34.261485","","참돔|감성돔|돌돔|광어|농어","조금~4물","3.3~11.7m","암","▶ 참돔 - 부력/ 잠수▶ 감성돔 - 릴찌/ 장대/ 원투▶ 돌돔 - 릴찌/ 장대/ 원투▶ 광어-릴찌/ 원투▶ 농어 - 루어/ 릴찌","needs-check","MOF_SHARED_ROCK_FISHING_POINT","https://www.data.go.kr/data/15148580/fileData.do","2026-07-11","221","POINT (878252.440152977 1586125.5496716)","공식 갯바위낚시포인트 데이터 기반. 갯바위 출입 가능 여부와 안전 통제는 현장 및 공식 안내 확인 필요."
"rock-222","대삼부도 - 북동쪽 홈통","rock-fishing-point","전라남도","여수시","전라남도 여수시","34.062323","","벵에돔|참돔|돌돔|감성돔|농어","10물~13물","0.3~0.8m","암","▶ 벵에돔 - 목줄/ 장대/ 부력/ 잠수▶ 참돔 - 부력/ 잠수▶ 돌돔 - 릴찌/ 장대/ 원투▶ 감성돔 - 릴찌/ 장대/ 원투▶ 농어 - 루어/ 릴찌","needs-check","MOF_SHARED_ROCK_FISHING_POINT","https://www.data.go.kr/data/15148580/fileData.do","2026-07-11","222","POINT (989594.799105606 1563256.98470202)","공식 갯바위낚시포인트 데이터 기반. 갯바위 출입 가능 여부와 안전 통제는 현장 및 공식 안내 확인 필요."
"rock-223","연도 - 절리서 근처 갯바위","rock-fishing-point","전라남도","여수시","전라남도 여수시","34.430190","","참돔|감성돔|볼락|농어/  삼치|돌돔|갑오징어","초들물/ 초날물/ 조금 전·후","1.1~1.5m","암","▶ 참돔 - 부력/ 잠수▶ 감성돔 - 릴찌/ 장대/ 원투▶ 볼락 - 릴찌/ 장대/ 루어▶ 농어/ 삼치 - 루어/ 릴찌▶ 돌돔 - 민장대/ 릴찌/ 원투▶ 갑오징어 - 에깅","needs-check","MOF_SHARED_ROCK_FISHING_POINT","https://www.data.go.kr/data/15148580/fileData.do","2026-07-11","223","POINT (1026192.67298899 1604078.08822338)","공식 갯바위낚시포인트 데이터 기반. 갯바위 출입 가능 여부와 안전 통제는 현장 및 공식 안내 확인 필요."
"rock-224","추도 부근 - 농바위 끝","rock-fishing-point","경상남도","통영시","경상남도 통영시","34.751481","","볼락|우럭|주꾸미|광어|감성돔|벵에돔|참돔","6물~8물","3.6~6.3m","암","▶ 볼락 - 릴찌/ 장대/ 루어▶ 우럭 - 릴찌/ 원투▶ 주꾸미 - 릴찌/ 원투▶ 광어 - 릴찌/ 원투▶ 감성돔 - 릴찌/ 장대/ 원투▶ 벵에돔 - 목줄/ 장대/ 부력/ 잠수▶ 참돔 - 부력/ 잠수","needs-check","MOF_SHARED_ROCK_FISHING_POINT","https://www.data.go.kr/data/15148580/fileData.do","2026-07-11","224","POINT (1073850.69963615 1639965.23048883)","공식 갯바위낚시포인트 데이터 기반. 갯바위 출입 가능 여부와 안전 통제는 현장 및 공식 안내 확인 필요."
"rock-225","대청도·소청도 - 대청도 사탄동해변 갯바위","rock-fishing-point","인천광역시","옹진군","인천광역시 옹진군","37.813500","","넙치|노래미|농어|우럭","사리 전후","1.7m~2.2m","모래/ 조개껍질","▶넙치 - 루어/ 원투 ▶노래미 - 루어/ 릴찌/ 장대/ 원투▶농어 - 루어/ 릴찌 ▶우럭 - 루어/ 릴찌","needs-check","MOF_SHARED_ROCK_FISHING_POINT","https://www.data.go.kr/data/15148580/fileData.do","2026-07-11","225","POINT (751518.590669706 1983062.15610928)","공식 갯바위낚시포인트 데이터 기반. 갯바위 출입 가능 여부와 안전 통제는 현장 및 공식 안내 확인 필요."
"rock-226","이작도·승봉도 - 소이작도 해군기지 부근","rock-fishing-point","인천광역시","옹진군","인천광역시 옹진군","37.177056","","노래미|우럭","조금 전·후","1.5m~2m","펄/ 모래","▶노래미 - 루어/ 릴찌/ 장대/ 원투 ▶우럭 - 릴찌/ 원투","needs-check","MOF_SHARED_ROCK_FISHING_POINT","https://www.data.go.kr/data/15148580/fileData.do","2026-07-11","226","POINT (888209.827564951 1909441.43175941)","공식 갯바위낚시포인트 데이터 기반. 갯바위 출입 가능 여부와 안전 통제는 현장 및 공식 안내 확인 필요."
"rock-227","가거도 - 복여","rock-fishing-point","전라남도","신안군","전라남도 신안군","35.071444","","감성돔|노래미|참돔|농어|볼락|우럭|돌돔|부시리","초들물~중날물","4.0~4.1","암","▶감성돔 - 릴찌/ 장대/ 원투 ▶노래미 - 루어/ 릴찌/ 장대/ 원투 ▶참돔 - 릴찌 ▶농어 - 루어▶볼락 - 릴찌/ 장대/ 루어 ▶우럭 - 루어/ 릴찌/ 장대/ 원투 ▶돌돔 - 릴찌 ▶부시리 - 루어","needs-check","MOF_SHARED_ROCK_FISHING_POINT","https://www.data.go.kr/data/15148580/fileData.do","2026-07-11","227","POINT (780741.718035 1566805.47359158)","공식 갯바위낚시포인트 데이터 기반. 갯바위 출입 가능 여부와 안전 통제는 현장 및 공식 안내 확인 필요."
"rock-228","제부도 - 제부도 소방서 앞","rock-fishing-point","경기도","화성시","경기도 화성시","37.163028","","넙치|노래미|망둑어","들물/ 날물","1m~1.3m","펄","▶넙치 - 루어/ 원투 ▶노래미 - 루어/ 릴찌/ 장대/ 원투▶망둑어 - 원투","needs-check","MOF_SHARED_ROCK_FISHING_POINT","https://www.data.go.kr/data/15148580/fileData.do","2026-07-11","228","POINT (922042.8147898121 1907503.65352464)","공식 갯바위낚시포인트 데이터 기반. 갯바위 출입 가능 여부와 안전 통제는 현장 및 공식 안내 확인 필요."
"rock-229","풍도·난지도 - 풍도 채석장 남측","rock-fishing-point","경기도","안산시","경기도 안산시","37.105778","","넙치|노래미|농어|붕장어|우럭","사리 전·후","4m~6m","바위","▶넙치 - 루어/ 원투 ▶노래미 - 루어/ 릴찌/ 장대/ 원투▶농어 - 루어/ 릴찌 ▶붕장어 - 원투▶우럭 - 릴찌/ 원투","needs-check","MOF_SHARED_ROCK_FISHING_POINT","https://www.data.go.kr/data/15148580/fileData.do","2026-07-11","229","POINT (900478.336334196 1901378.62463682)","공식 갯바위낚시포인트 데이터 기반. 갯바위 출입 가능 여부와 안전 통제는 현장 및 공식 안내 확인 필요."
"rock-230","원산도·삽시도 - 삽시도 면삽지","rock-fishing-point","충청남도","보령시","충청남도 보령시","36.337833","","감성돔|갑오징어|넙치|농어|우럭|주꾸미","조금 전·후","2.1m~3.7m","모래/ 조개껍질","▶감성돔 - 릴찌/ 장대/ 원투 ▶갑오징어 - 에깅 ▶넙치 - 루어/ 원투▶농어 - 루어/ 릴찌 ▶우럭 - 릴찌/ 원투 ▶주꾸미 - 루어","needs-check","MOF_SHARED_ROCK_FISHING_POINT","https://www.data.go.kr/data/15148580/fileData.do","2026-07-11","230","POINT (896019.702870824 1816228.16722447)","공식 갯바위낚시포인트 데이터 기반. 갯바위 출입 가능 여부와 안전 통제는 현장 및 공식 안내 확인 필요."
"rock-231","어청도·연도 - 어청도 한우담 부근","rock-fishing-point","전라북도","군산시","전라북도 군산시","36.118111","","감성돔|갑오징어|넙치|농어|방어|우럭","들물/ 날물","1.8m~3m","모래","▶감성돔 - 릴찌/ 장대/ 원투 ▶갑오징어 - 에깅▶넙치 - 루어/ 원투 ▶농어 - 루어/ 릴찌▶방어 - 부력/ 잠수/ 지깅 ▶우럭 - 릴찌/ 원투","needs-check","MOF_SHARED_ROCK_FISHING_POINT","https://www.data.go.kr/data/15148580/fileData.do","2026-07-11","231","POINT (864530.6799585581 1792282.89788326)","공식 갯바위낚시포인트 데이터 기반. 갯바위 출입 가능 여부와 안전 통제는 현장 및 공식 안내 확인 필요."
"rock-232","미륵도 - 대양화 제방","rock-fishing-point","경상남도","통영시","경상남도 통영시","34.830361","","감성돔|농어|노래미|우럭|볼락|쥐치","조금 전·후","1.1m~1.5m","펄","▶감성돔 - 릴찌/ 장대/ 원투 ▶농어 - 루어/ 릴찌▶노래미 - 루어/ 릴찌/ 장대/ 원투 ▶우럭 - 릴찌/ 원투▶볼락 - 루어/ 릴찌/ 장대 ▶쥐치 - 카드/ 훌치기","needs-check","MOF_SHARED_ROCK_FISHING_POINT","https://www.data.go.kr/data/15148580/fileData.do","2026-07-11","232","POINT (1079751.63619065 1648762.70118295)","공식 갯바위낚시포인트 데이터 기반. 갯바위 출입 가능 여부와 안전 통제는 현장 및 공식 안내 확인 필요."
"rock-233","비진도·매물도 - 대매물도 설풍자리","rock-fishing-point","경상남도","통영시","경상남도 통영시","34.635167","","감성돔|돌돔|벵에돔|참돔","조금 전·후","5m~5.6m","펄/ 조개껍질","▶감성돔 - 릴찌/ 장대/ 원투 ▶돌돔 - 릴찌/ 장대/ 원투▶벵에돔 - 목줄/ 장대/ 부력/ 잠수 ▶참돔 - 부력/ 잠수","needs-check","MOF_SHARED_ROCK_FISHING_POINT","https://www.data.go.kr/data/15148580/fileData.do","2026-07-11","233","POINT (1096985.4998152 1627279.65901348)","공식 갯바위낚시포인트 데이터 기반. 갯바위 출입 가능 여부와 안전 통제는 현장 및 공식 안내 확인 필요."
"rock-234","영종도·용유도 - 삼목수문","rock-fishing-point","인천광역시","중구","인천광역시 중구","37.498694","","숭어|우럭|노래미|삼치|붕장어","들물/ 날물","-2.9~2.1","펄","▶숭어 - 릴찌/ 장대/ 홀치기▶우럭 - 릴찌/ 원투▶노래미 - 루어/ 릴찌/ 장대/ 원투▶삼치 - 루어/ 릴찌▶붕장어 - 원투","needs-check","MOF_SHARED_ROCK_FISHING_POINT","https://www.data.go.kr/data/15148580/fileData.do","2026-07-11","234","POINT (909188.622875525 1944877.12554022)","공식 갯바위낚시포인트 데이터 기반. 갯바위 출입 가능 여부와 안전 통제는 현장 및 공식 안내 확인 필요."
"rock-235","신지도 - 대곡리 남쪽 양식장 배수구 부근","rock-fishing-point","전라남도","완도군","전라남도 완도군","34.352167","","감성돔|농어|숭어|볼락|참돔|학공치","사리 전·후","1.2m~1.5m","펄","▶감성돔 - 릴찌/ 장대/ 원투 ▶농어 - 루어/ 릴찌 ▶숭어 - 릴찌/ 장대/ 훌치기 ▶볼락 - 루어/ 릴찌/ 장대 ▶참돔 - 부력/ 잠수 ▶학공치 - 릴찌/ 장대","needs-check","MOF_SHARED_ROCK_FISHING_POINT","https://www.data.go.kr/data/15148580/fileData.do","2026-07-11","235","POINT (939575.9580959621 1595585.12062878)","공식 갯바위낚시포인트 데이터 기반. 갯바위 출입 가능 여부와 안전 통제는 현장 및 공식 안내 확인 필요."
"rock-236","제주도 남서부·가파도·마라도 - 큰아끈여 갯바위","rock-fishing-point","제주특별자치도","서귀포시","제주특별자치도 서귀포시","33.169194","","벵에돔|농어|자리돔|볼락|한치|참돔|부시리","들물/썰물","0.4~0.6","암","▶벵에돔 - 목줄/ 장대/ 잠수 ▶농어 - 루어/ 릴찌 ▶자리돔 - 민장대/ 릴찌 ▶볼락 - 루어/ 릴찌/ 장대▶한치 - 루어/ 원투 ▶참돔 - 부력/ 잠수 ▶부시리 - 부력/ 잠수/ 지깅","needs-check","MOF_SHARED_ROCK_FISHING_POINT","https://www.data.go.kr/data/15148580/fileData.do","2026-07-11","236","POINT (884711.263193635 1464909.76080434)","공식 갯바위낚시포인트 데이터 기반. 갯바위 출입 가능 여부와 안전 통제는 현장 및 공식 안내 확인 필요."
"rock-237","만재도 - 오동여 부근","rock-fishing-point","전라남도","신안군","전라남도 신안군","34.210072","","돌돔|참돔|감성돔|우럭|광어|농어|볼락|문어","조금 전후","10~16m","암","▶ 돌돔 - 릴찌/ 장대/ 원투▶ 참돔 - 부력/ 잠수▶ 감성돔 - 릴찌/ 장대/ 원투▶ 우럭 - 릴찌/ 원투▶ 광어 - 릴찌/ 원투▶ 농어 - 루어/ 릴찌▶ 볼락 - 릴찌/ 장대/ 루어▶ 문어 - 루어","needs-check","MOF_SHARED_ROCK_FISHING_POINT","https://www.data.go.kr/data/15148580/fileData.do","2026-07-11","237","POINT (812658.021101873 1581503.36374798)","공식 갯바위낚시포인트 데이터 기반. 갯바위 출입 가능 여부와 안전 통제는 현장 및 공식 안내 확인 필요."
"rock-238","화원 부근 - 증도리 북측","rock-fishing-point","전라남도","해남군","전라남도 해남군","34.630254","","감성돔|붕장어|농어","조금 전후/ 초들물~중날물","-0.1~0.6m","펄","▶ 감성돔 - 릴찌/ 장대/ 원투▶ 붕장어 - 원투▶ 농어 - 루어/ 릴찌","needs-check","MOF_SHARED_ROCK_FISHING_POINT","https://www.data.go.kr/data/15148580/fileData.do","2026-07-11","238","POINT (888210.768971169 1626902.02407425)","공식 갯바위낚시포인트 데이터 기반. 갯바위 출입 가능 여부와 안전 통제는 현장 및 공식 안내 확인 필요."
"rock-239","거차수도 부근 - 동거차 상송도","rock-fishing-point","전라남도","진도군","전라남도 진도군","34.245419","","참돔|감성돔|돌돔|우럭|농어|부시리","10물~5물","2~3.4m","암","▶ 참돔 - 부력/ 잠수▶ 감성돔 - 릴찌/ 장대/ 원투▶ 돌돔 - 릴찌/ 장대/ 원투▶ 우럭 - 릴찌/ 원투▶ 농어 - 루어/ 릴찌▶ 부시리 - 부력/ 잠수/ 지깅","needs-check","MOF_SHARED_ROCK_FISHING_POINT","https://www.data.go.kr/data/15148580/fileData.do","2026-07-11","239","POINT (855464.2112406059 1584667.36085451)","공식 갯바위낚시포인트 데이터 기반. 갯바위 출입 가능 여부와 안전 통제는 현장 및 공식 안내 확인 필요."
"rock-240","독거군도 부근 - 독거 동쪽 선창","rock-fishing-point","전라남도","진도군","전라남도 진도군","34.253731","","참돔|감성돔|돌돔|광어|농어","조금~4물","12~12.3m","펄","▶ 참돔 - 부력/ 잠수▶ 감성돔 - 릴찌/ 장대/ 원투▶ 돌돔 - 릴찌/ 장대/ 원투▶ 광어-릴찌/ 원투▶ 농어 - 루어/ 릴찌","needs-check","MOF_SHARED_ROCK_FISHING_POINT","https://www.data.go.kr/data/15148580/fileData.do","2026-07-11","240","POINT (878687.990081816 1585259.86831516)","공식 갯바위낚시포인트 데이터 기반. 갯바위 출입 가능 여부와 안전 통제는 현장 및 공식 안내 확인 필요."
"rock-241","추자군도 - 신대산전망터 앞","rock-fishing-point","제주특별자치도","제주시","제주특별자치도 제주시","33.953699","","감성돔|벵에돔|참돔|돌돔|볼락|부시리","11물~5물/ 정조전후","1.1~2.1m","암","▶ 감성돔 - 릴찌/ 장대/ 원투▶ 벵에돔 - 목줄/ 장대/ 부력/ 잠수▶ 참돔 - 부력/ 잠수▶ 돌돔 - 민장대/ 릴찌/ 원투▶ 볼락 - 릴찌/ 장대/ 루어▶ 부시리 - 부력/ 잠수/ 지깅","needs-check","MOF_SHARED_ROCK_FISHING_POINT","https://www.data.go.kr/data/15148580/fileData.do","2026-07-11","241","POINT (892956.366001114 1551811.66811924)","공식 갯바위낚시포인트 데이터 기반. 갯바위 출입 가능 여부와 안전 통제는 현장 및 공식 안내 확인 필요."
"rock-242","낭도 부근 - 낭도산 동측","rock-fishing-point","전라남도","여수시","전라남도 여수시","34.613341","","감성돔|붕장어|농어|숭어","조금 전후/ 5물~8물","10~17.5m","펄/ 조개껍질","▶ 감성돔 - 릴찌/ 장대/ 원투▶ 붕장어 - 원투▶ 농어 - 루어/ 릴찌▶ 숭어 - 릴찌/ 장대/ 훌치기","needs-check","MOF_SHARED_ROCK_FISHING_POINT","https://www.data.go.kr/data/15148580/fileData.do","2026-07-11","242","POINT (1006041.91905072 1624352.38350198)","공식 갯바위낚시포인트 데이터 기반. 갯바위 출입 가능 여부와 안전 통제는 현장 및 공식 안내 확인 필요."
"rock-243","황제도 - 황제도 등대 밑","rock-fishing-point","전라남도","완도군","전라남도 완도군","34.192963","","감성돔|참돔|돌돔|농어|광어|볼락","사리를 피한 물때/ 1~3물/ 9~13물","4.1~6.9m","암","▶ 감성돔 - 릴찌/ 장대/ 원투▶ 참돔 - 부력/ 잠수▶ 돌돔 - 릴찌/ 장대/ 원투▶ 농어 - 루어/ 릴찌▶ 광어 - 릴찌/ 원투▶ 볼락 - 릴찌/ 장대/ 루어","needs-check","MOF_SHARED_ROCK_FISHING_POINT","https://www.data.go.kr/data/15148580/fileData.do","2026-07-11","243","POINT (961383.762811537 1577815.99738899)","공식 갯바위낚시포인트 데이터 기반. 갯바위 출입 가능 여부와 안전 통제는 현장 및 공식 안내 확인 필요."
"rock-244","손죽열도 부근 - 잔거리 서측","rock-fishing-point","전라남도","여수시","전라남도 여수시","34.295446","","감성돔|참돔|돌돔|우럭|노래미|농어|숭어|삼치|문어","사리 전후/ 10~5물","2.9~9.6m","펄","▶ 감성돔 - 릴찌/ 장대/ 원투▶ 참돔 - 부력/ 잠수▶ 돌돔 - 릴찌/ 장대/ 원투▶ 우럭 - 릴찌/ 원투▶ 노래미 - 루어/ 릴찌/ 장대/ 원투▶ 농어 - 루어/ 릴찌▶ 숭어 - 릴찌/ 장대/ 훌치기▶ 삼치 - 루어/ 릴찌▶ 문어 - 루어","needs-check","MOF_SHARED_ROCK_FISHING_POINT","https://www.data.go.kr/data/15148580/fileData.do","2026-07-11","244","POINT (988147.982053943 1589107.67021592)","공식 갯바위낚시포인트 데이터 기반. 갯바위 출입 가능 여부와 안전 통제는 현장 및 공식 안내 확인 필요."
"rock-245","대삼부도 - 덜섬 끝바리 부근","rock-fishing-point","전라남도","여수시","전라남도 여수시","34.054042","","벵에돔|참돔|돌돔|감성돔|농어","10물~13물","0.1~13.8m","암","▶ 벵에돔 - 목줄/ 장대/ 부력/ 잠수▶ 참돔 - 부력/ 잠수▶ 돌돔 - 릴찌/ 장대/ 원투▶ 감성돔 - 릴찌/ 장대/ 원투▶ 농어 - 루어/ 릴찌","needs-check","MOF_SHARED_ROCK_FISHING_POINT","https://www.data.go.kr/data/15148580/fileData.do","2026-07-11","245","POINT (989365.0663912831 1562339.06703617)","공식 갯바위낚시포인트 데이터 기반. 갯바위 출입 가능 여부와 안전 통제는 현장 및 공식 안내 확인 필요."
"rock-246","가거도 - 녹섬 갯바위","rock-fishing-point","전라남도","신안군","전라남도 신안군","34.047111","","농어|노래미|돌돔|볼락|우럭","초들물~중날물","1.7~4.6","펄","▶농어 - 루어/ 장대/ 원투▶노래미 - 루어/ 릴찌/ 장대/ 원투▶돌돔 - 처박기/ 장대/ 원투/ 릴찌▶볼락 - 릴찌/ 장대/ 루어▶우럭 - 루어/ 릴찌/ 장대/ 원투","needs-check","MOF_SHARED_ROCK_FISHING_POINT","https://www.data.go.kr/data/15148580/fileData.do","2026-07-11","246","POINT (780579.096904013 1564113.79777179)","공식 갯바위낚시포인트 데이터 기반. 갯바위 출입 가능 여부와 안전 통제는 현장 및 공식 안내 확인 필요."
"rock-247","가거도 - 신여","rock-fishing-point","전라남도","신안군","전라남도 신안군","34.114361","","감성돔|노래미|참돔|농어|볼락|우럭|돌돔|부시리","초들물~중날물","7.5~14.2","암","▶감성돔 - 릴찌/ 장대/ 원투 ▶노래미 - 루어/ 릴찌/ 장대/ 원투 ▶참돔 - 릴찌 ▶농어 - 루어▶볼락 - 릴찌/ 장대/ 루어 ▶우럭 - 루어/ 릴찌/ 장대/ 원투 ▶돌돔 - 릴찌 ▶부시리 - 루어","needs-check","MOF_SHARED_ROCK_FISHING_POINT","https://www.data.go.kr/data/15148580/fileData.do","2026-07-11","247","POINT (777923.482689305 1571639.14134744)","공식 갯바위낚시포인트 데이터 기반. 갯바위 출입 가능 여부와 안전 통제는 현장 및 공식 안내 확인 필요."
"rock-248","울릉도 - 삼선암 갯바위","rock-fishing-point","경상북도","울릉군","경상북도 울릉군","37.549389","","벵에돔|부시리","조금 전후","2.0~3.1","암","▶벵에돔 - 목줄/ 장대/ 부력/ 잠수▶부시리 - 부력/ 잠수/ 지깅","needs-check","MOF_SHARED_ROCK_FISHING_POINT","https://www.data.go.kr/data/15148580/fileData.do","2026-07-11","248","POINT (1301122.63744741 1955467.99340864)","공식 갯바위낚시포인트 데이터 기반. 갯바위 출입 가능 여부와 안전 통제는 현장 및 공식 안내 확인 필요."
"rock-249","진해항 부근 - 합포마을 남측","rock-fishing-point","경상남도","창원시","경상남도 창원시","35.097374","","도다리|노래미|볼락|감성돔|갑오징어","초들물~중날물","0.1~1.7m","펄","▶ 도다리 - 원투▶ 노래미 - 루어/ 릴찌/ 장대/ 원투▶ 볼락 - 릴찌/ 장대/ 루어▶ 감성돔 - 릴찌/ 장대/ 원투▶ 갑오징어 - 에깅","needs-check","MOF_SHARED_ROCK_FISHING_POINT","https://www.data.go.kr/data/15148580/fileData.do","2026-07-11","249","POINT (1109025.5337496 1678680.90238329)","공식 갯바위낚시포인트 데이터 기반. 갯바위 출입 가능 여부와 안전 통제는 현장 및 공식 안내 확인 필요."
"rock-250","대청도·소청도 - 대청도 독바위","rock-fishing-point","인천광역시","옹진군","인천광역시 옹진군","37.804889","","넙치|노래미|농어|삼치|쏨뱅이|우럭","사리 전후","7.6m~8m","모래","▶넙치 - 루어/ 원투 ▶노래미 - 루어/ 릴찌/ 장대/ 원투▶농어 - 루어/ 릴찌 ▶삼치 - 루어/ 릴찌▶쏨뱅이 - 루어/ 릴찌 ▶우럭 - 루어/ 릴찌","needs-check","MOF_SHARED_ROCK_FISHING_POINT","https://www.data.go.kr/data/15148580/fileData.do","2026-07-11","250","POINT (753703.334178678 1982039.87056456)","공식 갯바위낚시포인트 데이터 기반. 갯바위 출입 가능 여부와 안전 통제는 현장 및 공식 안내 확인 필요."
"rock-251","덕적도·소야도 - 덕적도 정자바위","rock-fishing-point","인천광역시","옹진군","인천광역시 옹진군","37.231722","","넙치|노래미|농어|붕장어|우럭","펄/ 모래","1.7m~2m","펄/ 모래","▶넙치 - 루어/ 원투 ▶노래미 - 루어/ 릴찌/ 장대/ 원투▶농어 - 루어/ 릴찌 ▶붕장어 - 원투▶우럭 - 루어/ 릴찌","needs-check","MOF_SHARED_ROCK_FISHING_POINT","https://www.data.go.kr/data/15148580/fileData.do","2026-07-11","251","POINT (881607.514226933 1915597.9340208)","공식 갯바위낚시포인트 데이터 기반. 갯바위 출입 가능 여부와 안전 통제는 현장 및 공식 안내 확인 필요."
"rock-252","비금도·도초도 - 비금도 큰당두리 갯바위","rock-fishing-point","전라남도","신안군","전라남도 신안군","34.790083","","감성돔|농어|볼락|붕장어|우럭","초들물~중들물","1.4m~2.1m","펄/ 모래","▶감성돔 - 릴찌/ 장대/ 원투 ▶농어 - 루어/ 릴찌▶볼락 - 루어/ 릴찌/ 장대 ▶붕장어 - 원투 ▶우럭 - 릴찌/ 원투","needs-check","MOF_SHARED_ROCK_FISHING_POINT","https://www.data.go.kr/data/15148580/fileData.do","2026-07-11","252","POINT (862768.361983157 1644974.57625874)","공식 갯바위낚시포인트 데이터 기반. 갯바위 출입 가능 여부와 안전 통제는 현장 및 공식 안내 확인 필요."
"rock-253","청산도·대모도 - 청산도 장기미 해변길 갯바위","rock-fishing-point","전라남도","완도군","전라남도 완도군","34.156000","","감성돔|농어|돌돔|볼락|우럭|참돔","4물~사리","1.7m~2.3m","조개껍질/ 모래/ 펄","▶감성돔 - 릴찌/ 장대/ 원투 ▶농어 - 루어/ 릴찌 ▶돌돔 - 릴찌/ 장대/ 원투 ▶볼락 - 루어/ 릴찌/ 장대 ▶우럭 - 릴찌/ 원투 ▶참돔 - 부력/ 잠수","needs-check","MOF_SHARED_ROCK_FISHING_POINT","https://www.data.go.kr/data/15148580/fileData.do","2026-07-11","253","POINT (944697.543313054 1573800.71133217)","공식 갯바위낚시포인트 데이터 기반. 갯바위 출입 가능 여부와 안전 통제는 현장 및 공식 안내 확인 필요."
"rock-282","화원 부근 - 닭섬(*화원 마리나 포인트)","rock-fishing-point","전라남도","해남군","전라남도 해남군","34.675861","","감성돔|붕장어|농어","조금 전후/ 초들물~중날물","1.6~3.4m","암","▶ 감성돔 - 릴찌/ 장대/ 원투▶ 붕장어 - 원투▶ 농어 - 루어/ 릴찌","needs-check","MOF_SHARED_ROCK_FISHING_POINT","https://www.data.go.kr/data/15148580/fileData.do","2026-07-11","282","POINT (885584.90363424 1631992.71690665)","공식 갯바위낚시포인트 데이터 기반. 갯바위 출입 가능 여부와 안전 통제는 현장 및 공식 안내 확인 필요."
"rock-254","제주도 남동부 - 쇠소깍 해수욕장 우측 갯바위","rock-fishing-point","제주특별자치도","서귀포시","제주특별자치도 서귀포시","33.250444","","참돔|돌돔|다금바리|벵에돔|부시리","들물/날물","0.1~1.5","모래","▶참돔 - 부력/ 잠수 ▶돌돔 - 민장대/ 릴찌/ 원투 ▶다금바리 - 원투▶벵에돔 - 목줄/ 장대/ 부력/ 잠수 ▶부시리 - 부력/ 잠수/ 지깅","needs-check","MOF_SHARED_ROCK_FISHING_POINT","https://www.data.go.kr/data/15148580/fileData.do","2026-07-11","254","POINT (918639.076320057 1473576.81169737)","공식 갯바위낚시포인트 데이터 기반. 갯바위 출입 가능 여부와 안전 통제는 현장 및 공식 안내 확인 필요."
"rock-255","낭도 부근 - 낭도 해안","rock-fishing-point","전라남도","여수시","전라남도 여수시","34.601161","","감성돔|붕장어|농어|숭어","조금 전후/ 5물~8물","1~3m","암","▶ 감성돔 - 릴찌/ 장대/ 원투▶ 붕장어 - 원투▶ 농어 - 루어/ 릴찌▶ 숭어 - 릴찌/ 장대/ 훌치기","needs-check","MOF_SHARED_ROCK_FISHING_POINT","https://www.data.go.kr/data/15148580/fileData.do","2026-07-11","255","POINT (1004655.36963675 1623000.89164034)","공식 갯바위낚시포인트 데이터 기반. 갯바위 출입 가능 여부와 안전 통제는 현장 및 공식 안내 확인 필요."
"rock-256","황제도 - 소마도","rock-fishing-point","전라남도","완도군","전라남도 완도군","34.203917","","감성돔|참돔|돌돔|농어|광어|볼락","사리를 피한 물때/ 1~3물/ 9~13물","5.4~22m","암","▶ 감성돔 - 릴찌/ 장대/ 원투▶ 참돔 - 부력/ 잠수▶ 돌돔 - 릴찌/ 장대/ 원투▶ 농어 - 루어/ 릴찌▶ 광어 - 릴찌/ 원투▶ 볼락 - 릴찌/ 장대/ 루어","needs-check","MOF_SHARED_ROCK_FISHING_POINT","https://www.data.go.kr/data/15148580/fileData.do","2026-07-11","256","POINT (967970.1778809091 1579005.89884922)","공식 갯바위낚시포인트 데이터 기반. 갯바위 출입 가능 여부와 안전 통제는 현장 및 공식 안내 확인 필요."
"rock-257","남해도 동부·신수도·창선도 - 모상개 돌섬","rock-fishing-point","경상남도","남해군","경상남도 남해군","34.843500","","참돔|농어|노래미|볼락|우럭","초들물~중날물","1.2~4.8","펄","▶참돔 - 부력/ 잠수 ▶농어 - 루어/ 릴찌 ▶노래미 - 루어/ 릴찌/ 장대/ 원투▶볼락 - 릴찌/ 장대/ 루어 ▶우럭 - 릴찌/ 원투","needs-check","MOF_SHARED_ROCK_FISHING_POINT","https://www.data.go.kr/data/15148580/fileData.do","2026-07-11","257","POINT (1052823.67950401 1650025.18673208)","공식 갯바위낚시포인트 데이터 기반. 갯바위 출입 가능 여부와 안전 통제는 현장 및 공식 안내 확인 필요."
"rock-258","연화도 부근 - 목섬 갯바위","rock-fishing-point","경상남도","통영시","경상남도 통영시","34.663643","","참돔|감성돔|볼락|벵에돔|농어","초들물/ 초날물/ 5물~6물/ 조금","6~7.1m","암","▶ 참돔 - 부력/ 잠수▶ 감성돔 - 릴찌/ 장대/ 원투▶ 볼락 - 릴찌/ 장대/ 루어▶ 벵에돔 - 목줄/ 장대/ 부력/ 잠수▶ 농어 - 루어/ 릴찌","needs-check","MOF_SHARED_ROCK_FISHING_POINT","https://www.data.go.kr/data/15148580/fileData.do","2026-07-11","258","POINT (1077248.6988679 1630251.67099794)","공식 갯바위낚시포인트 데이터 기반. 갯바위 출입 가능 여부와 안전 통제는 현장 및 공식 안내 확인 필요."
"rock-259","십이동파도·비안도 - 비안도 남쪽 직벽지대","rock-fishing-point","전라북도","군산시","전라북도 군산시","35.728806","","감성돔|갑오징어|넙치|노래미|농어|참돔|우럭","들물 전·후","5m~8m","모래/ 펄","▶감성돔 - 릴찌/ 장대/ 원투 ▶갑오징어 - 에깅▶넙치 - 루어/ 원투 ▶노래미 - 루어/ 릴찌/ 장대/ 원투▶농어 - 루어/ 릴찌 ▶참돔 - 부력/ 잠수 ▶우럭 - 릴찌/ 원투","needs-check","MOF_SHARED_ROCK_FISHING_POINT","https://www.data.go.kr/data/15148580/fileData.do","2026-07-11","259","POINT (905247.351790083 1748560.61435685)","공식 갯바위낚시포인트 데이터 기반. 갯바위 출입 가능 여부와 안전 통제는 현장 및 공식 안내 확인 필요."
"rock-299","우이도 - 큰밭 갯바위","rock-fishing-point","전라남도","신안군","전라남도 신안군","34.596694","","노래미|우럭|붕장어","조금 전후","10.1~11.2","자갈/ 암","▶노래미 - 루어/ 릴찌/ 장대/ 원투 ▶우럭 - 릴찌/ 원투▶붕장어 - 원투","needs-check","MOF_SHARED_ROCK_FISHING_POINT","https://www.data.go.kr/data/15148580/fileData.do","2026-07-11","299","POINT (845156.287043676 1623800.23431038)","공식 갯바위낚시포인트 데이터 기반. 갯바위 출입 가능 여부와 안전 통제는 현장 및 공식 안내 확인 필요."
"rock-260","대삼부도 - 쌍굴 근처 갯바위","rock-fishing-point","전라남도","여수시","전라남도 여수시","34.055478","","벵에돔|참돔|돌돔|감성돔|농어","10물~13물","0.6~0.7m","암","▶ 벵에돔 - 목줄/ 장대/ 부력/ 잠수▶ 참돔 - 부력/ 잠수▶ 돌돔 - 릴찌/ 장대/ 원투▶ 감성돔 - 릴찌/ 장대/ 원투▶ 농어 - 루어/ 릴찌","needs-check","MOF_SHARED_ROCK_FISHING_POINT","https://www.data.go.kr/data/15148580/fileData.do","2026-07-11","260","POINT (990587.0532917121 1562496.94357666)","공식 갯바위낚시포인트 데이터 기반. 갯바위 출입 가능 여부와 안전 통제는 현장 및 공식 안내 확인 필요."
"rock-261","연도 - 철탑밑 갯바위","rock-fishing-point","전라남도","여수시","전라남도 여수시","34.461115","","참돔|감성돔|볼락|농어/  삼치|돌돔|갑오징어","초들물/ 초날물/ 조금 전·후","2.3~3.6m","암","▶ 참돔 - 부력/ 잠수▶ 감성돔 - 릴찌/ 장대/ 원투▶ 볼락 - 릴찌/ 장대/ 루어▶ 농어/ 삼치 - 루어/ 릴찌▶ 돌돔 - 민장대/ 릴찌/ 원투▶ 갑오징어 - 에깅","needs-check","MOF_SHARED_ROCK_FISHING_POINT","https://www.data.go.kr/data/15148580/fileData.do","2026-07-11","261","POINT (1027973.74036372 1607512.4388744)","공식 갯바위낚시포인트 데이터 기반. 갯바위 출입 가능 여부와 안전 통제는 현장 및 공식 안내 확인 필요."
"rock-262","연도 - 소룡단 갯바위","rock-fishing-point","전라남도","여수시","전라남도 여수시","34.408411","","참돔|감성돔|볼락|농어/  삼치|돌돔|갑오징어","초들물/ 초날물/ 조금 전·후","0.2~1.6m","암","▶ 참돔 - 부력/ 잠수▶ 감성돔 - 릴찌/ 장대/ 원투▶ 볼락 - 릴찌/ 장대/ 루어▶ 농어/ 삼치 - 루어/ 릴찌▶ 돌돔 - 민장대/ 릴찌/ 원투▶ 갑오징어 - 에깅","needs-check","MOF_SHARED_ROCK_FISHING_POINT","https://www.data.go.kr/data/15148580/fileData.do","2026-07-11","262","POINT (1028107.23500611 1601668.7021046)","공식 갯바위낚시포인트 데이터 기반. 갯바위 출입 가능 여부와 안전 통제는 현장 및 공식 안내 확인 필요."
"rock-263","가의도 - 서측 끝단 갯바위","rock-fishing-point","충청남도","태안군","충청남도 태안군","36.671972","","우럭|노래미|고등어|광어|주꾸미|학공치","상관없음","3.1~7.2","펄/ 모래","▶우럭 - 릴찌/ 원투▶노래미 - 루어/ 릴찌/ 장대/ 원투▶고등어 - 루어/ 릴찌/ 장대▶광어 - 릴찌/ 원투▶주꾸미 - 릴찌/ 원투/ 장대▶학공치 - 릴찌/ 장대","needs-check","MOF_SHARED_ROCK_FISHING_POINT","https://www.data.go.kr/data/15148580/fileData.do","2026-07-11","263","POINT (870262.2889560771 1853650.99853098)","공식 갯바위낚시포인트 데이터 기반. 갯바위 출입 가능 여부와 안전 통제는 현장 및 공식 안내 확인 필요."
"rock-264","개야도 - 발전소 아래 갯바위","rock-fishing-point","전라북도","군산시","전라북도 군산시","36.033028","","망농어|부세|감성돔|백조기","초들물~중날물","1.7~1.4","모래/ 펄","▶망농어 - 루어/ 릴찌▶부세 - 릴찌/ 원투▶감성돔 - 릴찌/ 장대/ 원투▶백조기 - 릴찌/ 원투","needs-check","MOF_SHARED_ROCK_FISHING_POINT","https://www.data.go.kr/data/15148580/fileData.do","2026-07-11","264","POINT (914595.9482766921 1782212.33781804)","공식 갯바위낚시포인트 데이터 기반. 갯바위 출입 가능 여부와 안전 통제는 현장 및 공식 안내 확인 필요."
"rock-265","개야도 - 에게이 등대 남측 갯바위","rock-fishing-point","전라북도","군산시","전라북도 군산시","36.035917","","망농어|부세|감성돔|백조기","초들물~중날물","1.3~1.7","모래/ 펄","▶망농어 - 루어/ 릴찌▶부세 - 릴찌/ 원투▶감성돔 - 릴찌/ 장대/ 원투▶백조기 - 릴찌/ 원투","needs-check","MOF_SHARED_ROCK_FISHING_POINT","https://www.data.go.kr/data/15148580/fileData.do","2026-07-11","265","POINT (911148.0881464471 1782567.0452336)","공식 갯바위낚시포인트 데이터 기반. 갯바위 출입 가능 여부와 안전 통제는 현장 및 공식 안내 확인 필요."
"rock-266","개야도 - 장골 갯바위","rock-fishing-point","전라북도","군산시","전라북도 군산시","36.042556","","농어|부세|감성돔|백조기","초들물~중날물","-0.2~-0.3","암","▶농어 - 루어/ 릴찌▶부세 - 릴찌/ 원투▶감성돔 - 릴찌/ 장대/ 원투▶백조기 - 릴찌/ 원투","needs-check","MOF_SHARED_ROCK_FISHING_POINT","https://www.data.go.kr/data/15148580/fileData.do","2026-07-11","266","POINT (913843.034680989 1783276.6231373)","공식 갯바위낚시포인트 데이터 기반. 갯바위 출입 가능 여부와 안전 통제는 현장 및 공식 안내 확인 필요."
"rock-267","안마도·석만도 - 쌀썩은여 좌측부근 갯바위","rock-fishing-point","전라남도","영광군","전라남도 영광군","35.334944","","광어|우럭|노래미|삼치|붕장어","들물/날물","0.4~5.3","펄","▶광어 - 릴찌/ 원투▶우럭 - 릴찌/ 원투▶노래미 - 루어/ 릴찌/ 장대/ 원투▶삼치 - 루어/ 릴찌▶붕장어 - 원투","needs-check","MOF_SHARED_ROCK_FISHING_POINT","https://www.data.go.kr/data/15148580/fileData.do","2026-07-11","267","POINT (866469.714496642 1705363.4720546)","공식 갯바위낚시포인트 데이터 기반. 갯바위 출입 가능 여부와 안전 통제는 현장 및 공식 안내 확인 필요."
"rock-283","거차수도 부근 - 동거차 해수욕장","rock-fishing-point","전라남도","진도군","전라남도 진도군","34.232610","","참돔|감성돔|돌돔|우럭|농어|부시리","10물~5물","2.7~5m","암","▶ 참돔 - 부력/ 잠수▶ 감성돔 - 릴찌/ 장대/ 원투▶ 돌돔 - 릴찌/ 장대/ 원투▶ 우럭 - 릴찌/ 원투▶ 농어 - 루어/ 릴찌▶ 부시리 - 부력/ 잠수/ 지깅","needs-check","MOF_SHARED_ROCK_FISHING_POINT","https://www.data.go.kr/data/15148580/fileData.do","2026-07-11","283","POINT (855754.962288511 1583242.00881639)","공식 갯바위낚시포인트 데이터 기반. 갯바위 출입 가능 여부와 안전 통제는 현장 및 공식 안내 확인 필요."
"rock-268","노화도·보길도·소안도 - 보길도 장항각 부근 갯바위","rock-fishing-point","전라남도","완도군","전라남도 완도군","34.152389","","감성돔|고등어|노래미|농어|볼락|숭어","사리 전·후","4.8m~5.4m","펄/ 모래","▶감성돔 - 릴찌/ 장대/ 원투 ▶고등어 - 루어/ 릴찌▶노래미 - 루어/ 릴찌/ 장대/ 원투 ▶농어 - 루어/ 릴찌▶볼락 - 루어/ 릴찌/ 장대 ▶숭어 - 릴찌/ 장대/ 훌치기","needs-check","MOF_SHARED_ROCK_FISHING_POINT","https://www.data.go.kr/data/15148580/fileData.do","2026-07-11","268","POINT (915172.7293901669 1573620.17730736)","공식 갯바위낚시포인트 데이터 기반. 갯바위 출입 가능 여부와 안전 통제는 현장 및 공식 안내 확인 필요."
"rock-269","신지도 - 도트럼끝 부근","rock-fishing-point","전라남도","완도군","전라남도 완도군","34.309806","","감성돔|갑오징어|볼락|우럭|참돔|학공치","사리 전·후","2.8m~3.6m","펄","▶감성돔 - 릴찌/ 장대/ 원투 ▶갑오징어 - 에깅 ▶볼락 - 루어/ 릴찌/ 장대 ▶우럭 - 릴찌/ 원투 ▶참돔 - 부력/ 잠수 ▶학공치 - 릴찌/ 장대","needs-check","MOF_SHARED_ROCK_FISHING_POINT","https://www.data.go.kr/data/15148580/fileData.do","2026-07-11","269","POINT (942259.972214929 1590870.68567851)","공식 갯바위낚시포인트 데이터 기반. 갯바위 출입 가능 여부와 안전 통제는 현장 및 공식 안내 확인 필요."
"rock-270","청산도·대모도 - 침몰선 갯바위 포인트","rock-fishing-point","전라남도","완도군","전라남도 완도군","34.151889","","감성돔|농어|돌돔|볼락|우럭|참돔","4물~사리","1.7m~2.3m","펄/ 조개껍질","▶감성돔 - 릴찌/ 장대/ 원투 ▶농어 - 루어/ 릴찌 ▶돌돔 - 릴찌/ 장대/ 원투 ▶볼락 - 루어/ 릴찌/ 장대 ▶우럭 - 릴찌/ 원투 ▶참돔 - 부력/ 잠수","needs-check","MOF_SHARED_ROCK_FISHING_POINT","https://www.data.go.kr/data/15148580/fileData.do","2026-07-11","270","POINT (940654.074131201 1573369.48054305)","공식 갯바위낚시포인트 데이터 기반. 갯바위 출입 가능 여부와 안전 통제는 현장 및 공식 안내 확인 필요."
"rock-271","여서도·거문도 - 거문도 녹산곶 등대 부근","rock-fishing-point","전라남도","여수시","전라남도 여수시","34.063278","","감성돔|돌돔|벵에돔|참돔|볼락|전갱이","들물/ 날물 전·후","13.1m ~ 15.3m","침니/ 모래","▶감성돔 - 릴찌/ 장대/ 원투 ▶돌돔 - 릴찌/ 장대/ 원투▶벵에돔 - 목줄/ 장대/ 부력/ 잠수 ▶참돔 - 부력/ 잠수▶볼락 - 루어/ 릴찌/ 장대 ▶전갱이 - 루어/ 릴찌/ 장대","needs-check","MOF_SHARED_ROCK_FISHING_POINT","https://www.data.go.kr/data/15148580/fileData.do","2026-07-11","271","POINT (980841.7772232611 1563376.55001922)","공식 갯바위낚시포인트 데이터 기반. 갯바위 출입 가능 여부와 안전 통제는 현장 및 공식 안내 확인 필요."
"rock-272","나로도 - 내나로도 덕흥해수욕장 갯바위","rock-fishing-point","전라남도","고흥군","전라남도 고흥군","34.523583","","감성돔|농어|볼락|숭어","초들물~만조","2m~3.4m","펄","▶감성돔 - 릴찌/ 장대/ 원투 ▶농어 - 루어/ 릴찌▶볼락 - 루어/ 릴찌/ 장대 ▶숭어 - 릴찌/ 장대/ 훌치기","needs-check","MOF_SHARED_ROCK_FISHING_POINT","https://www.data.go.kr/data/15148580/fileData.do","2026-07-11","272","POINT (996968.794797424 1614397.81522867)","공식 갯바위낚시포인트 데이터 기반. 갯바위 출입 가능 여부와 안전 통제는 현장 및 공식 안내 확인 필요."
"rock-273","나로도 - 외나로도 부채바위","rock-fishing-point","전라남도","고흥군","전라남도 고흥군","34.415722","","감성돔|농어|볼락|숭어","초들물~만조","5.4m~6m","펄","▶감성돔 - 릴찌/ 장대/ 원투 ▶농어 - 루어/ 릴찌▶볼락 - 루어/ 릴찌/ 장대 ▶숭어 - 릴찌/ 장대/ 훌치기","needs-check","MOF_SHARED_ROCK_FISHING_POINT","https://www.data.go.kr/data/15148580/fileData.do","2026-07-11","273","POINT (1000122.52431078 1602436.97721707)","공식 갯바위낚시포인트 데이터 기반. 갯바위 출입 가능 여부와 안전 통제는 현장 및 공식 안내 확인 필요."
"rock-274","제주도 서부·차귀도·비양도 - 비양도 코끼리바위 부근 갯바위","rock-fishing-point","제주특별자치도","제주시","제주특별자치도 제주시","33.408722","","감성돔|벤자리|삼치|방어|벵에돔|한치","들물/썰물","0.1~0.9","모래/ 조개껍질","▶감성돔 - 릴찌/ 장대/ 원투▶벤자리 - 릴찌/ 민장대▶삼치 - 루어/ 릴찌▶방어 - 부력/ 잠수/ 지깅▶벵에돔 - 목줄/ 장대/ 부력/ 잠수▶한치 - 루어/ 원투","needs-check","MOF_SHARED_ROCK_FISHING_POINT","https://www.data.go.kr/data/15148580/fileData.do","2026-07-11","274","POINT (881205.4696241419 1491513.70256247)","공식 갯바위낚시포인트 데이터 기반. 갯바위 출입 가능 여부와 안전 통제는 현장 및 공식 안내 확인 필요."
"rock-275","제주도 북동부·우도 - 비양도 등대부근","rock-fishing-point","제주특별자치도","제주시","제주특별자치도 제주시","33.514194","","참돔|돌돔|볼락|벵에돔|무늬오징어|독가시치","들물/날물","0~2.5","암","▶참돔 - 부력/ 잠수 ▶돌돔 - 민장대/ 릴찌/ 원투 ▶볼락 - 루어/ 릴찌/ 장대▶벵에돔 - 목줄/ 장대/ 부력/ 잠수 ▶무늬오징어 - 에깅 ▶독가시치 - 목줄/ 장대/ 부력/ 잠수","needs-check","MOF_SHARED_ROCK_FISHING_POINT","https://www.data.go.kr/data/15148580/fileData.do","2026-07-11","275","POINT (950910.291096886 1502689.36379868)","공식 갯바위낚시포인트 데이터 기반. 갯바위 출입 가능 여부와 안전 통제는 현장 및 공식 안내 확인 필요."
"rock-276","제주도 동부 - 표선해비치해수욕장 좌측 갯바위","rock-fishing-point","제주특별자치도","서귀포시","제주특별자치도 서귀포시","33.332028","","참돔|돌돔|볼락|벵에돔|무늬오징어|독가시치","들물/날물","0.4~2.0","모래","▶참돔 - 부력/ 잠수 ▶돌돔 - 민장대/ 릴찌/ 원투 ▶볼락 - 루어/ 릴찌/ 장대▶벵에돔 - 목줄/ 장대/ 부력/ 잠수 ▶무늬오징어 - 에깅 ▶독가시치 - 목줄/ 장대/ 부력/ 잠수","needs-check","MOF_SHARED_ROCK_FISHING_POINT","https://www.data.go.kr/data/15148580/fileData.do","2026-07-11","276","POINT (939290.4876125379 1482471.44612797)","공식 갯바위낚시포인트 데이터 기반. 갯바위 출입 가능 여부와 안전 통제는 현장 및 공식 안내 확인 필요."
"rock-277","제주도 남부 - 중문단지 축구장 밑 갯바위","rock-fishing-point","제주특별자치도","서귀포시","제주특별자치도 서귀포시","33.233361","","벵에돔|한치|노래미|독가시치|부시리|우럭","초들물~중날물","10.5~14.6","암","▶벵에돔 - 목줄/ 장대/ 부력/ 잠수▶한치 - 루어/ 원투▶노래미 - 루어/ 릴찌/ 장대/ 원투▶독가시치 - 목줄/ 장대/ 부력/ 잠수▶부시리 - 부력/ 잠수/ 지깅▶우럭 - 릴찌/ 원투","needs-check","MOF_SHARED_ROCK_FISHING_POINT","https://www.data.go.kr/data/15148580/fileData.do","2026-07-11","277","POINT (900562.91994517 1471850.43352941)","공식 갯바위낚시포인트 데이터 기반. 갯바위 출입 가능 여부와 안전 통제는 현장 및 공식 안내 확인 필요."
"rock-278","제주도 남서부·가파도·마라도 - 송악산 올레길 갯바위","rock-fishing-point","제주특별자치도","서귀포시","제주특별자치도 서귀포시","33.202944","","벵에돔|농어|자리돔|볼락|한치|참돔|부시리","들물/썰물","0.4~2.2","자갈","▶벵에돔 - 목줄/ 장대/ 잠수 ▶농어 - 루어/ 릴찌 ▶자리돔 - 민장대/ 릴찌 ▶볼락 - 루어/ 릴찌/ 장대▶한치 - 루어/ 원투 ▶참돔 - 부력/ 잠수 ▶부시리 - 부력/ 잠수/ 지깅","needs-check","MOF_SHARED_ROCK_FISHING_POINT","https://www.data.go.kr/data/15148580/fileData.do","2026-07-11","278","POINT (887476.679794373 1468619.96947821)","공식 갯바위낚시포인트 데이터 기반. 갯바위 출입 가능 여부와 안전 통제는 현장 및 공식 안내 확인 필요."
"rock-279","홍도 - 방구서 우측 부근","rock-fishing-point","전라남도","신안군","전라남도 신안군","34.674788","","참돔|돌돔|감성돔|우럭|농어","사리 전후/ 초들물/ 만조 전후","3.5~4.7m","암","▶ 참돔 - 부력/ 잠수▶ 돌돔 - 릴찌/ 장대/ 원투▶ 감성돔 - 릴찌/ 장대/ 원투▶ 우럭 - 릴찌/ 원투▶ 농어 - 루어/ 릴찌","needs-check","MOF_SHARED_ROCK_FISHING_POINT","https://www.data.go.kr/data/15148580/fileData.do","2026-07-11","279","POINT (788955.6639314471 1633578.52154449)","공식 갯바위낚시포인트 데이터 기반. 갯바위 출입 가능 여부와 안전 통제는 현장 및 공식 안내 확인 필요."
"rock-280","홍도 - 단오도 우측","rock-fishing-point","전라남도","신안군","전라남도 신안군","34.686818","","참돔|돌돔|감성돔|우럭|농어","사리 전후/ 초들물/ 만조 전후","3~9.7","암","▶ 참돔 - 부력/ 잠수▶ 돌돔 - 릴찌/ 장대/ 원투▶ 감성돔 - 릴찌/ 장대/ 원투▶ 우럭 - 릴찌/ 원투▶ 농어 - 루어/ 릴찌","needs-check","MOF_SHARED_ROCK_FISHING_POINT","https://www.data.go.kr/data/15148580/fileData.do","2026-07-11","280","POINT (787571.598612341 1634945.43825445)","공식 갯바위낚시포인트 데이터 기반. 갯바위 출입 가능 여부와 안전 통제는 현장 및 공식 안내 확인 필요."
"rock-281","만재도 - 방군여 좌측","rock-fishing-point","전라남도","신안군","전라남도 신안군","34.201763","","돌돔|참돔|감성돔|우럭|광어|농어|볼락|문어","조금 전후","7~19m","암","▶ 돌돔 - 릴찌/ 장대/ 원투▶ 참돔 - 부력/ 잠수▶ 감성돔 - 릴찌/ 장대/ 원투▶ 우럭 - 릴찌/ 원투▶ 광어 - 릴찌/ 원투▶ 농어 - 루어/ 릴찌▶ 볼락 - 릴찌/ 장대/ 루어▶ 문어 - 루어","needs-check","MOF_SHARED_ROCK_FISHING_POINT","https://www.data.go.kr/data/15148580/fileData.do","2026-07-11","281","POINT (814910.999587494 1580536.75595512)","공식 갯바위낚시포인트 데이터 기반. 갯바위 출입 가능 여부와 안전 통제는 현장 및 공식 안내 확인 필요."
"rock-284","추자군도 - 횡간도 우측 끝","rock-fishing-point","제주특별자치도","제주시","제주특별자치도 제주시","34.003972","","감성돔|벵에돔|참돔|돌돔|볼락|부시리","11물~5물/ 정조전후","3.8~6.2m","거친모래/ 조개껍질","▶ 감성돔 - 릴찌/ 장대/ 원투▶ 벵에돔 - 목줄/ 장대/ 부력/ 잠수▶ 참돔 - 부력/ 잠수▶ 돌돔 - 민장대/ 릴찌/ 원투▶ 볼락 - 릴찌/ 장대/ 루어▶ 부시리 - 부력/ 잠수/ 지깅","needs-check","MOF_SHARED_ROCK_FISHING_POINT","https://www.data.go.kr/data/15148580/fileData.do","2026-07-11","284","POINT (893626.518569031 1557379.37937728)","공식 갯바위낚시포인트 데이터 기반. 갯바위 출입 가능 여부와 안전 통제는 현장 및 공식 안내 확인 필요."
"rock-285","강진만 부근 - 복도 갯바위","rock-fishing-point","전라남도","강진군","전라남도 강진군","34.450529","","감성돔|숭어|도다리|망둥어|붕장어","들물","-3.4~1.2m","펄/ 모래","▶ 감성돔 - 릴찌/ 장대/ 원투▶ 숭어 - 릴찌/ 장대/ 훌치기▶ 도다리 - 원투▶ 망둥어 - 릴찌/ 장대▶ 붕장어 - 원투","needs-check","MOF_SHARED_ROCK_FISHING_POINT","https://www.data.go.kr/data/15148580/fileData.do","2026-07-11","285","POINT (931188.245849289 1606551.08310307)","공식 갯바위낚시포인트 데이터 기반. 갯바위 출입 가능 여부와 안전 통제는 현장 및 공식 안내 확인 필요."
"rock-286","강진만 부근 - 가우도 북측 갯바위","rock-fishing-point","전라남도","강진군","전라남도 강진군","34.537059","","감성돔|숭어|도다리|망둥어|붕장어","들물","0~2m","펄","▶ 감성돔 - 릴찌/ 장대/ 원투▶ 숭어 - 릴찌/ 장대/ 훌치기▶ 도다리 - 원투▶ 망둥어 - 릴찌/ 장대▶ 붕장어 - 원투","needs-check","MOF_SHARED_ROCK_FISHING_POINT","https://www.data.go.kr/data/15148580/fileData.do","2026-07-11","286","POINT (933814.849919957 1616127.77602498)","공식 갯바위낚시포인트 데이터 기반. 갯바위 출입 가능 여부와 안전 통제는 현장 및 공식 안내 확인 필요."
"rock-287","득량만 부근 - 남생리 부근","rock-fishing-point","전라남도","고흥군","전라남도 고흥군","34.504172","","감성돔|농어|우럭|노래미|도다리|학공치","4물~12물/ 들물","0.3~0.6m","암","▶ 감성돔 - 릴찌/ 장대/ 원투▶ 농어 - 루어/ 릴찌▶ 우럭 - 릴찌/ 원투▶ 노래미 - 루어/ 릴찌/ 장대/ 원투▶ 도다리 - 원투▶ 학공치 - 릴찌/ 장대","needs-check","MOF_SHARED_ROCK_FISHING_POINT","https://www.data.go.kr/data/15148580/fileData.do","2026-07-11","287","POINT (965024.741495716 1612310.7472632)","공식 갯바위낚시포인트 데이터 기반. 갯바위 출입 가능 여부와 안전 통제는 현장 및 공식 안내 확인 필요."
"rock-288","거금수도 부근 - 성두도 남측","rock-fishing-point","전라남도","고흥군","전라남도 고흥군","34.511310","","감성돔|숭어|우럭|노래미|농어|볼락","초들물~만조","0.9~2.8m","펄","▶ 감성돔 - 릴찌/ 장대/ 원투▶ 숭어 - 릴찌/ 장대/ 훌치기▶ 우럭 - 릴찌/ 원투▶ 노래미 - 루어/ 릴찌/ 장대/ 원투▶ 농어 - 루어/ 릴찌▶ 볼락 - 릴찌/ 장대/ 루어","needs-check","MOF_SHARED_ROCK_FISHING_POINT","https://www.data.go.kr/data/15148580/fileData.do","2026-07-11","288","POINT (993129.023053932 1613038.87441008)","공식 갯바위낚시포인트 데이터 기반. 갯바위 출입 가능 여부와 안전 통제는 현장 및 공식 안내 확인 필요."
"rock-289","낭도 부근 - 낭도 해안가 옆","rock-fishing-point","전라남도","여수시","전라남도 여수시","34.602304","","감성돔|붕장어|농어|숭어","조금 전후/ 5물~8물","1~3m","암","▶ 감성돔 - 릴찌/ 장대/ 원투▶ 붕장어 - 원투▶ 농어 - 루어/ 릴찌▶ 숭어 - 릴찌/ 장대/ 훌치기","needs-check","MOF_SHARED_ROCK_FISHING_POINT","https://www.data.go.kr/data/15148580/fileData.do","2026-07-11","289","POINT (1005276.86976563 1623127.97690774)","공식 갯바위낚시포인트 데이터 기반. 갯바위 출입 가능 여부와 안전 통제는 현장 및 공식 안내 확인 필요."
"rock-290","낭도 부근 - 사도 해안길","rock-fishing-point","전라남도","여수시","전라남도 여수시","34.589853","","감성돔|붕장어|농어|숭어","사리 전후/ 초날물","0.7~5.9m","암","▶ 감성돔 - 릴찌/ 장대/ 원투▶ 붕장어 - 원투▶ 농어 - 루어/ 릴찌▶ 숭어 - 릴찌/ 장대/ 훌치기","needs-check","MOF_SHARED_ROCK_FISHING_POINT","https://www.data.go.kr/data/15148580/fileData.do","2026-07-11","290","POINT (1005372.34222734 1621747.37322966)","공식 갯바위낚시포인트 데이터 기반. 갯바위 출입 가능 여부와 안전 통제는 현장 및 공식 안내 확인 필요."
"rock-291","여수엑스포 부근 - 검은모래해변 부근","rock-fishing-point","전라남도","여수시","전라남도 여수시","34.780752","","벵에돔|참돔|돌돔|감성돔|농어","조금","0.4~1.2m","암","▶ 벵에돔 - 목줄/ 장대/ 부력/ 잠수▶ 참돔 - 부력/ 잠수▶ 돌돔 - 릴찌/ 장대/ 원투▶ 감성돔 - 릴찌/ 장대/ 원투▶ 농어 - 루어/ 릴찌","needs-check","MOF_SHARED_ROCK_FISHING_POINT","https://www.data.go.kr/data/15148580/fileData.do","2026-07-11","291","POINT (1022768.1008923 1642942.91220172)","공식 갯바위낚시포인트 데이터 기반. 갯바위 출입 가능 여부와 안전 통제는 현장 및 공식 안내 확인 필요."
"rock-292","황제도 - 황제도 남단","rock-fishing-point","전라남도","완도군","전라남도 완도군","34.187750","","감성돔|참돔|돌돔|농어|광어|볼락","사리를 피한 물때/ 1~3물/ 9~13물","6.2~17.1m","암","▶ 감성돔 - 릴찌/ 장대/ 원투▶ 참돔 - 부력/ 잠수▶ 돌돔 - 릴찌/ 장대/ 원투▶ 농어 - 루어/ 릴찌▶ 광어 - 릴찌/ 원투▶ 볼락 - 릴찌/ 장대/ 루어","needs-check","MOF_SHARED_ROCK_FISHING_POINT","https://www.data.go.kr/data/15148580/fileData.do","2026-07-11","292","POINT (960865.8533645059 1577240.09310227)","공식 갯바위낚시포인트 데이터 기반. 갯바위 출입 가능 여부와 안전 통제는 현장 및 공식 안내 확인 필요."
"rock-293","손죽열도 부근 - 손죽 해수욕장","rock-fishing-point","전라남도","여수시","전라남도 여수시","34.287876","","감성돔|참돔|돌돔|우럭|노래미|농어|숭어|삼치|문어","사리 전후/ 10~5물","2.4~2.8m","펄","▶ 감성돔 - 릴찌/ 장대/ 원투▶ 참돔 - 부력/ 잠수▶ 돌돔 - 릴찌/ 장대/ 원투▶ 우럭 - 릴찌/ 원투▶ 노래미 - 루어/ 릴찌/ 장대/ 원투▶ 농어 - 루어/ 릴찌▶ 숭어 - 릴찌/ 장대/ 훌치기▶ 삼치 - 루어/ 릴찌▶ 문어 - 루어","needs-check","MOF_SHARED_ROCK_FISHING_POINT","https://www.data.go.kr/data/15148580/fileData.do","2026-07-11","293","POINT (986576.282517607 1588270.46454731)","공식 갯바위낚시포인트 데이터 기반. 갯바위 출입 가능 여부와 안전 통제는 현장 및 공식 안내 확인 필요."
"rock-294","간수제도 - 소평도 남서측","rock-fishing-point","전라남도","여수시","전라남도 여수시","34.256572","","감성돔|참돔|돌돔|우럭|노래미|농어|숭어|삼치|문어","사리 전후/ 초들물","12.3~18.3m","암","▶ 감성돔 - 릴찌/ 장대/ 원투▶ 참돔 - 부력/ 잠수▶ 돌돔 - 릴찌/ 장대/ 원투▶ 우럭 - 릴찌/ 원투▶ 노래미 - 루어/ 릴찌/ 장대/ 원투▶ 농어 - 루어/ 릴찌▶ 숭어 - 릴찌/ 장대/ 훌치기▶ 삼치 - 루어/ 릴찌▶ 문어 - 루어","needs-check","MOF_SHARED_ROCK_FISHING_POINT","https://www.data.go.kr/data/15148580/fileData.do","2026-07-11","294","POINT (995312.624923498 1584790.88300931)","공식 갯바위낚시포인트 데이터 기반. 갯바위 출입 가능 여부와 안전 통제는 현장 및 공식 안내 확인 필요."
"rock-295","대삼부도 - 절밑 갯바위","rock-fishing-point","전라남도","여수시","전라남도 여수시","34.059507","","벵에돔|참돔|돌돔|감성돔|농어","10물~13물","2~4.7m","암","▶ 벵에돔 - 목줄/ 장대/ 부력/ 잠수▶ 참돔 - 부력/ 잠수▶ 돌돔 - 릴찌/ 장대/ 원투▶ 감성돔 - 릴찌/ 장대/ 원투▶ 농어 - 루어/ 릴찌","needs-check","MOF_SHARED_ROCK_FISHING_POINT","https://www.data.go.kr/data/15148580/fileData.do","2026-07-11","295","POINT (989660.206936371 1562944.69438012)","공식 갯바위낚시포인트 데이터 기반. 갯바위 출입 가능 여부와 안전 통제는 현장 및 공식 안내 확인 필요."
"rock-296","송이도 - 큰내기 우측 갯바위","rock-fishing-point","전라남도","영광군","전라남도 영광군","35.295167","","감성돔|민어|숭어|농어|붕장어|우럭","들물/날물","0~2.0","암","▶감성돔 - 릴찌/ 장대/ 원투▶민어 - 루어/ 지깅/ 원투▶숭어 - 릴찌/ 장대/ 홀치기▶농어 - 루어/ 릴찌▶붕장어 - 원투▶우럭 - 릴찌/ 원투","needs-check","MOF_SHARED_ROCK_FISHING_POINT","https://www.data.go.kr/data/15148580/fileData.do","2026-07-11","296","POINT (876363.885840656 1700809.45667183)","공식 갯바위낚시포인트 데이터 기반. 갯바위 출입 가능 여부와 안전 통제는 현장 및 공식 안내 확인 필요."
"rock-297","임자도·사옥도 - 고래미","rock-fishing-point","전라남도","신안군","전라남도 신안군","35.056944","","감성돔|노래미|민어|붕장어|우럭|광어|농어|백조기|숭어","초들물~중날물","2.0~2.8","암","▶감성돔 - 릴찌/ 장대/ 원투▶노래미 - 루어/ 릴찌/ 장대/ 원투▶민어 - 루어/ 릴찌▶붕장어 - 원투▶우럭 - 릴찌/ 원투▶광어 - 릴찌/ 원투▶농어 - 루어/ 릴찌▶백조기 - 릴찌/ 원투▶숭어 - 릴찌/ 장대/ 훌치기","needs-check","MOF_SHARED_ROCK_FISHING_POINT","https://www.data.go.kr/data/15148580/fileData.do","2026-07-11","297","POINT (868511.7080038951 1674493.44232489)","공식 갯바위낚시포인트 데이터 기반. 갯바위 출입 가능 여부와 안전 통제는 현장 및 공식 안내 확인 필요."
"rock-298","안좌도·팔금도 - 사근마을 곶부리","rock-fishing-point","전라남도","신안군","전라남도 신안군","34.787028","","감성돔|숭어|농어","초들물~중날물","0~4.1","펄","▶감성돔 - 릴찌/ 장대/ 원투▶숭어 - 릴찌/ 장대/ 홀치기▶농어 - 루어/ 릴찌","needs-check","MOF_SHARED_ROCK_FISHING_POINT","https://www.data.go.kr/data/15148580/fileData.do","2026-07-11","298","POINT (870787.148763501 1644519.3290606)","공식 갯바위낚시포인트 데이터 기반. 갯바위 출입 가능 여부와 안전 통제는 현장 및 공식 안내 확인 필요."
"rock-319","낭도 부근 - 해안길 우측","rock-fishing-point","전라남도","여수시","전라남도 여수시","34.596030","","감성돔|붕장어|농어|숭어","조금 전후/ 5물~8물","2.6~4.9m","암","▶ 감성돔 - 릴찌/ 장대/ 원투▶ 붕장어 - 원투▶ 농어 - 루어/ 릴찌▶ 숭어 - 릴찌/ 장대/ 훌치기","needs-check","MOF_SHARED_ROCK_FISHING_POINT","https://www.data.go.kr/data/15148580/fileData.do","2026-07-11","319","POINT (1003775.94330089 1622431.59980914)","공식 갯바위낚시포인트 데이터 기반. 갯바위 출입 가능 여부와 안전 통제는 현장 및 공식 안내 확인 필요."
"rock-320","순천만 부근 - 궁항갯바위 부근","rock-fishing-point","전라남도","여수시","전라남도 여수시","34.775269","","붕장어|망둑어|짱뚱어|숭어","초들물","1.1~2.6m","펄","▶ 붕장어 - 원투▶ 망둑어 - 원투▶ 짱뚱어 - 훌치기▶ 숭어 - 릴찌/ 장대/ 훌치기","needs-check","MOF_SHARED_ROCK_FISHING_POINT","https://www.data.go.kr/data/15148580/fileData.do","2026-07-11","320","POINT (1005598.12525487 1642308.38545075)","공식 갯바위낚시포인트 데이터 기반. 갯바위 출입 가능 여부와 안전 통제는 현장 및 공식 안내 확인 필요."
"rock-321","홍도 - 기둥바위 인근","rock-fishing-point","전라남도","신안군","전라남도 신안군","34.674573","","참돔|돌돔|감성돔|우럭|농어","사리 전후/ 초들물/ 만조 전후","1.3~4.5m","암","▶ 참돔 - 부력/ 잠수▶ 돌돔 - 릴찌/ 장대/ 원투▶ 감성돔 - 릴찌/ 장대/ 원투▶ 우럭 - 릴찌/ 원투▶ 농어 - 루어/ 릴찌","needs-check","MOF_SHARED_ROCK_FISHING_POINT","https://www.data.go.kr/data/15148580/fileData.do","2026-07-11","321","POINT (787560.131259597 1633586.67159362)","공식 갯바위낚시포인트 데이터 기반. 갯바위 출입 가능 여부와 안전 통제는 현장 및 공식 안내 확인 필요."
"rock-322","홍도 - 모도 우측 섬 부근","rock-fishing-point","전라남도","신안군","전라남도 신안군","34.718296","","참돔|돌돔|감성돔|우럭|농어","사리 전후/ 초들물/ 만조 전후","0.2~3m","암","▶ 참돔 - 부력/ 잠수▶ 돌돔 - 릴찌/ 장대/ 원투▶ 감성돔 - 릴찌/ 장대/ 원투▶ 우럭 - 릴찌/ 원투▶ 농어 - 루어/ 릴찌","needs-check","MOF_SHARED_ROCK_FISHING_POINT","https://www.data.go.kr/data/15148580/fileData.do","2026-07-11","322","POINT (789697.017821042 1638390.1722202)","공식 갯바위낚시포인트 데이터 기반. 갯바위 출입 가능 여부와 안전 통제는 현장 및 공식 안내 확인 필요."
"rock-323","홍도 - 공작새바위 상단","rock-fishing-point","전라남도","신안군","전라남도 신안군","34.699140","","참돔|돌돔|감성돔|우럭|농어","사리 전후/ 초들물/ 만조 전후","0.4~7.5m","암","▶ 참돔 - 부력/ 잠수▶ 돌돔 - 릴찌/ 장대/ 원투▶ 감성돔 - 릴찌/ 장대/ 원투▶ 우럭 - 릴찌/ 원투▶ 농어 - 루어/ 릴찌","needs-check","MOF_SHARED_ROCK_FISHING_POINT","https://www.data.go.kr/data/15148580/fileData.do","2026-07-11","323","POINT (790481.177425018 1636246.29472729)","공식 갯바위낚시포인트 데이터 기반. 갯바위 출입 가능 여부와 안전 통제는 현장 및 공식 안내 확인 필요."
"rock-324","만재도 - 국도 상단","rock-fishing-point","전라남도","신안군","전라남도 신안군","34.207353","","돌돔|참돔|감성돔|우럭|광어|농어|볼락|문어","조금 전후","7~10m","암","▶ 돌돔 - 릴찌/ 장대/ 원투▶ 참돔 - 부력/ 잠수▶ 감성돔 - 릴찌/ 장대/ 원투▶ 우럭 - 릴찌/ 원투▶ 광어 - 릴찌/ 원투▶ 농어 - 루어/ 릴찌▶ 볼락 - 릴찌/ 장대/ 루어▶ 문어 - 루어","needs-check","MOF_SHARED_ROCK_FISHING_POINT","https://www.data.go.kr/data/15148580/fileData.do","2026-07-11","324","POINT (814767.095528364 1581159.80612521)","공식 갯바위낚시포인트 데이터 기반. 갯바위 출입 가능 여부와 안전 통제는 현장 및 공식 안내 확인 필요."
"rock-325","만재도 - 녹섬 우측","rock-fishing-point","전라남도","신안군","전라남도 신안군","34.203212","","돌돔|참돔|감성돔|우럭|광어|농어|볼락|문어","조금 전후","13~16m","암","▶ 돌돔 - 릴찌/ 장대/ 원투▶ 참돔 - 부력/ 잠수▶ 감성돔 - 릴찌/ 장대/ 원투▶ 우럭 - 릴찌/ 원투▶ 광어 - 릴찌/ 원투▶ 농어 - 루어/ 릴찌▶ 볼락 - 릴찌/ 장대/ 루어▶ 문어 - 루어","needs-check","MOF_SHARED_ROCK_FISHING_POINT","https://www.data.go.kr/data/15148580/fileData.do","2026-07-11","325","POINT (813621.4263846631 1580723.05622494)","공식 갯바위낚시포인트 데이터 기반. 갯바위 출입 가능 여부와 안전 통제는 현장 및 공식 안내 확인 필요."
"rock-326","입파도·국화도 - 입파도 북서측 끝단","rock-fishing-point","경기도","화성시","경기도 화성시","37.114333","","넙치|노래미|도다리|붕장어|우럭","조금 전·후","1.4m~3m","모래","▶넙치 - 루어/ 원투 ▶노래미 - 루어/ 릴찌/ 장대/ 원투▶도다리 - 원투 ▶붕장어 - 원투▶우럭 - 릴찌/ 원투","needs-check","MOF_SHARED_ROCK_FISHING_POINT","https://www.data.go.kr/data/15148580/fileData.do","2026-07-11","326","POINT (914275.58380943 1902176.41660976)","공식 갯바위낚시포인트 데이터 기반. 갯바위 출입 가능 여부와 안전 통제는 현장 및 공식 안내 확인 필요."
"rock-327","입파도·국화도 - 입파도 남측 곶부리","rock-fishing-point","경기도","화성시","경기도 화성시","37.093722","","넙치|노래미|도다리|붕장어|우럭","조금 전·후","3.7m~5m","모래","▶넙치 - 루어/ 원투 ▶노래미 - 루어/ 릴찌/ 장대/ 원투▶도다리 - 원투 ▶붕장어 - 원투▶우럭 - 릴찌/ 원투","needs-check","MOF_SHARED_ROCK_FISHING_POINT","https://www.data.go.kr/data/15148580/fileData.do","2026-07-11","327","POINT (914511.5592734211 1899887.20086839)","공식 갯바위낚시포인트 데이터 기반. 갯바위 출입 가능 여부와 안전 통제는 현장 및 공식 안내 확인 필요."
"rock-328","풍도·난지도 - 대난지도 해수욕장 갯바위","rock-fishing-point","충청남도","당진시","충청남도 당진시","37.049889","","넙치|농어|도다리|붕장어|우럭","만조/ 간조 전·후","1.5m~2.2m","모래","▶넙치 - 루어/ 원투 ▶농어 - 루어/ 릴찌▶도다리 - 원투 ▶붕장어 - 원투▶우럭 - 릴찌/ 원투","needs-check","MOF_SHARED_ROCK_FISHING_POINT","https://www.data.go.kr/data/15148580/fileData.do","2026-07-11","328","POINT (904075.7728143911 1895135.83922266)","공식 갯바위낚시포인트 데이터 기반. 갯바위 출입 가능 여부와 안전 통제는 현장 및 공식 안내 확인 필요."
"rock-329","풍도·난지도 - 소난지도 서쪽 갯바위","rock-fishing-point","충청남도","당진시","충청남도 당진시","37.038306","","넙치|농어|도다리|붕장어|우럭","만조/ 간조 전·후","1.5m~2.4m","바위","▶넙치 - 루어/ 원투 ▶농어 - 루어/ 릴찌▶도다리 - 원투 ▶붕장어 - 원투▶우럭 - 릴찌/ 원투","needs-check","MOF_SHARED_ROCK_FISHING_POINT","https://www.data.go.kr/data/15148580/fileData.do","2026-07-11","329","POINT (905834.9732468739 1893830.857071)","공식 갯바위낚시포인트 데이터 기반. 갯바위 출입 가능 여부와 안전 통제는 현장 및 공식 안내 확인 필요."
"rock-330","원산도·삽시도 - 삽시도 거멀너머해수욕장 부근","rock-fishing-point","충청남도","보령시","충청남도 보령시","36.349167","","감성돔|갑오징어|넙치|농어|우럭|주꾸미","조금 전·후","1.3m~2.2m","모래/ 조개껍질","▶감성돔 - 릴찌/ 장대/ 원투 ▶갑오징어 - 에깅 ▶넙치 - 루어/ 원투▶농어 - 루어/ 릴찌 ▶우럭 - 릴찌/ 원투 ▶주꾸미 - 루어","needs-check","MOF_SHARED_ROCK_FISHING_POINT","https://www.data.go.kr/data/15148580/fileData.do","2026-07-11","330","POINT (896932.112216458 1817474.63945961)","공식 갯바위낚시포인트 데이터 기반. 갯바위 출입 가능 여부와 안전 통제는 현장 및 공식 안내 확인 필요."
"rock-331","호도·녹도·외연도 - 녹도 동두말 부근","rock-fishing-point","충청남도","보령시","충청남도 보령시","36.265389","","감성돔|넙치|노래미|농어|우럭","초들물","3m~5m","모래","▶감성돔 - 릴찌/ 장대/ 원투 ▶넙치 - 루어/ 원투▶노래미 - 루어/ 릴찌/ 장대/ 원투 ▶농어 - 루어/ 릴찌▶우럭 - 릴찌/ 원투","needs-check","MOF_SHARED_ROCK_FISHING_POINT","https://www.data.go.kr/data/15148580/fileData.do","2026-07-11","331","POINT (889101.348142589 1808276.41089308)","공식 갯바위낚시포인트 데이터 기반. 갯바위 출입 가능 여부와 안전 통제는 현장 및 공식 안내 확인 필요."
"rock-332","어청도·연도 - 어청도 농배","rock-fishing-point","전라북도","군산시","전라북도 군산시","36.119778","","감성돔|갑오징어|넙치|노래미|농어|우럭","들물/ 날물","3m~4.5m","펄","▶감성돔 - 릴찌/ 장대/ 원투 ▶갑오징어 - 에깅▶넙치 - 루어/ 원투 ▶노래미 - 루어/ 릴찌/ 장대/ 원투▶농어 - 루어/ 릴찌 ▶우럭 - 릴찌/ 원투","needs-check","MOF_SHARED_ROCK_FISHING_POINT","https://www.data.go.kr/data/15148580/fileData.do","2026-07-11","332","POINT (863736.038113244 1792480.16925843)","공식 갯바위낚시포인트 데이터 기반. 갯바위 출입 가능 여부와 안전 통제는 현장 및 공식 안내 확인 필요."
"rock-333","어청도·연도 - 어청도 시목서 부근","rock-fishing-point","전라북도","군산시","전라북도 군산시","36.110361","","감성돔|넙치|농어|돌돔|방어|우럭","들물/ 날물","3.7m~5m","바위","▶감성돔 - 릴찌/ 장대/ 원투 ▶넙치 - 루어/ 원투▶농어 - 루어/ 릴찌 ▶돌돔 - 릴찌/ 장대/ 원투▶방어 - 부력/ 잠수/ 지깅 ▶우럭 - 릴찌/ 원투","needs-check","MOF_SHARED_ROCK_FISHING_POINT","https://www.data.go.kr/data/15148580/fileData.do","2026-07-11","333","POINT (863057.179322703 1791445.93737267)","공식 갯바위낚시포인트 데이터 기반. 갯바위 출입 가능 여부와 안전 통제는 현장 및 공식 안내 확인 필요."
"rock-334","십이동파도·비안도 - 십이동파도 벌린여","rock-fishing-point","전라북도","군산시","전라북도 군산시","35.982861","","감성돔|넙치|돌돔|노래미|농어|우럭|참돔","12물~3물","4.7m~6m","펄/ 조개껍질","▶감성돔 - 릴찌/ 장대/ 원투 ▶넙치 - 루어/ 원투▶돌돔 - 릴찌/ 장대/ 원투 ▶노래미 - 루어/ 릴찌/ 장대/ 원투▶농어 - 루어/ 릴찌 ▶우럭 - 릴찌/ 원투 ▶참돔 - 부력/ 잠수","needs-check","MOF_SHARED_ROCK_FISHING_POINT","https://www.data.go.kr/data/15148580/fileData.do","2026-07-11","334","POINT (886153.829260412 1776969.71139025)","공식 갯바위낚시포인트 데이터 기반. 갯바위 출입 가능 여부와 안전 통제는 현장 및 공식 안내 확인 필요."
"rock-335","십이동파도·비안도 - 비안도 북서쪽 떨어진여 부근","rock-fishing-point","전라북도","군산시","전라북도 군산시","35.740056","","감성돔|갑오징어|넙치|노래미|농어|참돔|우럭","들물 전·후","5.1m~5.6m","조개껍질","▶감성돔 - 릴찌/ 장대/ 원투 ▶갑오징어 - 에깅▶넙치 - 루어/ 원투 ▶노래미 - 루어/ 릴찌/ 장대/ 원투▶농어 - 루어/ 릴찌 ▶참돔 - 부력/ 잠수 ▶우럭 - 릴찌/ 원투","needs-check","MOF_SHARED_ROCK_FISHING_POINT","https://www.data.go.kr/data/15148580/fileData.do","2026-07-11","335","POINT (904105.216499585 1749820.83374713)","공식 갯바위낚시포인트 데이터 기반. 갯바위 출입 가능 여부와 안전 통제는 현장 및 공식 안내 확인 필요."
"rock-336","선유도·무녀도·장자도·신시도 - 선유도해수욕장 앞 갯바위","rock-fishing-point","전라북도","군산시","전라북도 군산시","35.820778","","넙치|노래미|농어|붕장어|우럭","조금 전·후","1.3m~1.8m","모래/ 펄","▶넙치 - 루어/ 원투 ▶노래미 - 루어/ 릴찌/ 장대/ 원투▶농어 - 루어/ 릴찌 ▶붕장어 - 원투 ▶우럭 - 릴찌/ 원투","needs-check","MOF_SHARED_ROCK_FISHING_POINT","https://www.data.go.kr/data/15148580/fileData.do","2026-07-11","336","POINT (901251.136678307 1758806.7322044)","공식 갯바위낚시포인트 데이터 기반. 갯바위 출입 가능 여부와 안전 통제는 현장 및 공식 안내 확인 필요."
"rock-337","왕등도·위도 - 상왕등도 북쪽 끝바리","rock-fishing-point","전라북도","부안군","전라북도 부안군","35.666806","","감성돔|넙치|돌돔|붕장어|우럭|참돔","조금 전·후","7m~10m","펄","▶감성돔 - 릴찌/ 장대/ 원투 ▶넙치 - 루어/ 원투▶돌돔 - 릴찌/ 장대/ 원투▶붕장어 - 원투▶우럭 - 릴찌/ 원투 ▶참돔 - 부력/ 잠수","needs-check","MOF_SHARED_ROCK_FISHING_POINT","https://www.data.go.kr/data/15148580/fileData.do","2026-07-11","337","POINT (874266.6803314361 1742067.18372023)","공식 갯바위낚시포인트 데이터 기반. 갯바위 출입 가능 여부와 안전 통제는 현장 및 공식 안내 확인 필요."
"rock-338","왕등도·위도 - 상왕등도 터널바위","rock-fishing-point","전라북도","부안군","전라북도 부안군","35.656167","","감성돔|넙치|돌돔|붕장어|우럭|참돔","조금 전·후","2.5m~5m","펄","▶감성돔 - 릴찌/ 장대/ 원투 ▶넙치 - 루어/ 원투▶돌돔 - 릴찌/ 장대/ 원투 ▶붕장어 - 원투▶우럭 - 릴찌/ 원투 ▶참돔 - 부력/ 잠수","needs-check","MOF_SHARED_ROCK_FISHING_POINT","https://www.data.go.kr/data/15148580/fileData.do","2026-07-11","338","POINT (873928.122905143 1740891.68577926)","공식 갯바위낚시포인트 데이터 기반. 갯바위 출입 가능 여부와 안전 통제는 현장 및 공식 안내 확인 필요."
"rock-339","왕등도·위도 - 위도 철탑 부근","rock-fishing-point","전라북도","부안군","전라북도 부안군","35.577417","","감성돔|넙치|노래미|농어|숭어|우럭","중썰물~끝썰물","2.4m~3.3m","펄","▶감성돔 - 릴찌/ 장대/ 원투 ▶넙치 - 루어/ 원투▶노래미 - 루어/ 릴찌/ 장대/ 원투 ▶농어 - 루어/ 릴찌▶숭어 - 릴찌/ 장대/ 훌치기 ▶우럭 - 릴찌/ 원투","needs-check","MOF_SHARED_ROCK_FISHING_POINT","https://www.data.go.kr/data/15148580/fileData.do","2026-07-11","339","POINT (887061.759377851 1731979.20460989)","공식 갯바위낚시포인트 데이터 기반. 갯바위 출입 가능 여부와 안전 통제는 현장 및 공식 안내 확인 필요."
"rock-340","왕등도·위도 - 위도 미영금해수욕장 갯바위","rock-fishing-point","전라북도","부안군","전라북도 부안군","35.588861","","넙치|노래미|농어|숭어|우럭","중썰물~끝썰물","2.7m~3.5m","펄","▶넙치 - 루어/ 원투 ▶노래미-루어/ 릴찌/ 장대/ 원투▶농어 - 루어/ 릴찌 ▶숭어 - 릴찌/ 장대/ 훌치기▶우럭 - 릴찌/ 원투","needs-check","MOF_SHARED_ROCK_FISHING_POINT","https://www.data.go.kr/data/15148580/fileData.do","2026-07-11","340","POINT (887659.1746235171 1733241.22766535)","공식 갯바위낚시포인트 데이터 기반. 갯바위 출입 가능 여부와 안전 통제는 현장 및 공식 안내 확인 필요."
"rock-341","비금도·도초도 - 비금도 명사십리해수욕장 갯바위","rock-fishing-point","전라남도","신안군","전라남도 신안군","34.788611","","노래미|농어|돌돔|볼락|붕장어|우럭|참돔","날물","5.2m~6.1m","펄","▶노래미 - 루어/ 릴찌/ 장대/ 원투 ▶농어 - 루어/ 릴찌▶돌돔 - 릴찌/ 장대/ 원투 ▶볼락 - 루어/ 릴찌/ 장대▶붕장어 - 원투 ▶우럭 - 릴찌/ 원투 ▶참돔 - 부력/ 잠수","needs-check","MOF_SHARED_ROCK_FISHING_POINT","https://www.data.go.kr/data/15148580/fileData.do","2026-07-11","341","POINT (858450.3066794911 1644876.7899499)","공식 갯바위낚시포인트 데이터 기반. 갯바위 출입 가능 여부와 안전 통제는 현장 및 공식 안내 확인 필요."
"rock-342","비금도·도초도 - 비금도 가산리 진골 갯바위","rock-fishing-point","전라남도","신안군","전라남도 신안군","34.773500","","감성돔|농어|돌돔|참돔","초들물~중들물","1.3m~1.7m","펄/ 모래","▶감성돔 - 릴찌/ 장대/ 원투 ▶농어 - 루어/ 릴찌▶돌돔 - 릴찌/ 장대/ 원투 ▶참돔 - 부력/ 잠수","needs-check","MOF_SHARED_ROCK_FISHING_POINT","https://www.data.go.kr/data/15148580/fileData.do","2026-07-11","342","POINT (862662.0862835811 1643136.5694544)","공식 갯바위낚시포인트 데이터 기반. 갯바위 출입 가능 여부와 안전 통제는 현장 및 공식 안내 확인 필요."
"rock-343","흑산도·삼태도 - 대흑산도 정촌리 홈통 부근","rock-fishing-point","전라남도","신안군","전라남도 신안군","34.671611","","감성돔|농어|돌돔|볼락|붕장어|참돔|학공치","들물","2.2m~3.7m","모래/ 조개껍질","▶감성돔 - 릴찌/ 장대/ 원투 ▶농어 - 루어/ 릴찌▶돌돔 - 릴찌/ 장대/ 원투 ▶볼락 - 루어/ 릴찌/ 장대▶붕장어 - 원투 ▶참돔 - 부력/ 잠수 ▶학공치 - 장대/ 릴찌","needs-check","MOF_SHARED_ROCK_FISHING_POINT","https://www.data.go.kr/data/15148580/fileData.do","2026-07-11","343","POINT (811185.40137422 1632744.12276925)","공식 갯바위낚시포인트 데이터 기반. 갯바위 출입 가능 여부와 안전 통제는 현장 및 공식 안내 확인 필요."
"rock-344","금오도·안도 - 금오도 매봉산 직벽","rock-fishing-point","전라남도","여수시","전라남도 여수시","34.503750","","감성돔|갑오징어|농어|벵에돔|볼락|학공치","9물~13물/ 날물 전·후","28m~30m","펄","▶감성돔 - 릴찌/ 장대/ 원투 ▶갑오징어 - 에깅▶농어 - 루어/ 릴찌 ▶벵에돔 - 목줄/ 장대/ 부력/ 잠수▶볼락 - 루어/ 릴찌/ 장대 ▶학공치 - 릴찌/ 장대","needs-check","MOF_SHARED_ROCK_FISHING_POINT","https://www.data.go.kr/data/15148580/fileData.do","2026-07-11","344","POINT (1021567.71441547 1612223.10400327)","공식 갯바위낚시포인트 데이터 기반. 갯바위 출입 가능 여부와 안전 통제는 현장 및 공식 안내 확인 필요."
"rock-345","사량도 - 상사량도 염소자리","rock-fishing-point","경상남도","통영시","경상남도 통영시","34.826722","","감성돔|볼락|농어|우럭|참돔","7물~12물","7m~8m","자갈","▶감성돔 - 릴찌/ 장대/ 원투 ▶볼락 - 루어/ 릴찌/ 장대▶농어 - 루어/ 릴찌 ▶우럭 - 릴찌/ 원투 ▶참돔 - 부력/ 잠수","needs-check","MOF_SHARED_ROCK_FISHING_POINT","https://www.data.go.kr/data/15148580/fileData.do","2026-07-11","345","POINT (1063068.67434542 1648229.26244147)","공식 갯바위낚시포인트 데이터 기반. 갯바위 출입 가능 여부와 안전 통제는 현장 및 공식 안내 확인 필요."
"rock-346","사량도 - 상사량도 돈지항 부근 갯바위","rock-fishing-point","경상남도","통영시","경상남도 통영시","34.836139","","감성돔|농어|노래미|우럭|볼락|붕장어","13물~6물","7.5m~10m","조개껍질/ 펄","▶감성돔 - 릴찌/ 장대/ 원투 ▶농어 - 루어/ 릴찌▶노래미 - 루어/ 릴찌/ 장대/ 원투 ▶우럭 - 릴찌/ 원투▶볼락 - 루어/ 릴찌/ 장대 ▶붕장어 - 원투","needs-check","MOF_SHARED_ROCK_FISHING_POINT","https://www.data.go.kr/data/15148580/fileData.do","2026-07-11","346","POINT (1062030.31240562 1649266.49990604)","공식 갯바위낚시포인트 데이터 기반. 갯바위 출입 가능 여부와 안전 통제는 현장 및 공식 안내 확인 필요."
"rock-347","사천대교 부근 - 환덕리 묵곡천","rock-fishing-point","경상남도","사천시","경상남도 사천시","35.050071","","참돔|농어|우럭|볼락|노래미|붕장어","초들물~중날물","-1.7~-2.1m","펄","▶ 참돔 - 부력/ 잠수▶ 농어 - 루어/ 릴찌▶ 우럭 - 릴찌/ 원투▶ 볼락 - 릴찌/ 장대/ 루어▶ 노래미 - 루어/ 릴찌/ 장대/ 원투▶ 붕장어 - 원투","needs-check","MOF_SHARED_ROCK_FISHING_POINT","https://www.data.go.kr/data/15148580/fileData.do","2026-07-11","347","POINT (1046494.48349668 1672899.53109074)","공식 갯바위낚시포인트 데이터 기반. 갯바위 출입 가능 여부와 안전 통제는 현장 및 공식 안내 확인 필요."
"rock-348","진주만 부근 - 초양도 남동측","rock-fishing-point","경상남도","사천시","경상남도 사천시","34.924701","","감성돔|노래미|볼락|농어|도다리|갑오징어","13물-4물/ 초들물","5.7~10.4m","암","▶ 감성돔 - 릴찌/ 장대/ 원투▶ 노래미 - 루어/ 릴찌/ 장대/ 원투▶ 볼락 - 릴찌/ 장대/ 루어▶ 농어 - 루어/ 릴찌▶ 도다리 - 원투▶ 갑오징어 - 에깅","needs-check","MOF_SHARED_ROCK_FISHING_POINT","https://www.data.go.kr/data/15148580/fileData.do","2026-07-11","348","POINT (1049841.53470053 1659013.65234094)","공식 갯바위낚시포인트 데이터 기반. 갯바위 출입 가능 여부와 안전 통제는 현장 및 공식 안내 확인 필요."
"rock-349","갈도 부근 - 삼각여","rock-fishing-point","경상남도","통영시","경상남도 통영시","34.565787","","감성돔|돌돔|볼락|무늬오징어","2물~8물/ 사리 전후","3.4~8.4m","암","▶ 감성돔 - 릴찌/ 장대/ 원투▶ 돌돔 - 릴찌/ 장대/ 원투▶ 볼락 - 릴찌/ 장대/ 루어 ▶ 무늬오징어 - 릴찌/ 에깅","needs-check","MOF_SHARED_ROCK_FISHING_POINT","https://www.data.go.kr/data/15148580/fileData.do","2026-07-11","349","POINT (1063184.87995003 1619292.70614727)","공식 갯바위낚시포인트 데이터 기반. 갯바위 출입 가능 여부와 안전 통제는 현장 및 공식 안내 확인 필요."
"rock-350","연화도 부근 - 연화항 인근 갯바위","rock-fishing-point","경상남도","통영시","경상남도 통영시","34.651647","","참돔|감성돔|볼락|벵에돔|농어","초들물/ 초날물/ 5물~6물/ 조금","4.4~9.7m","암","▶ 참돔 - 부력/ 잠수▶ 감성돔 - 릴찌/ 장대/ 원투▶ 볼락 - 릴찌/ 장대/ 루어▶ 벵에돔 - 목줄/ 장대/ 부력/ 잠수▶ 농어 - 루어/ 릴찌","needs-check","MOF_SHARED_ROCK_FISHING_POINT","https://www.data.go.kr/data/15148580/fileData.do","2026-07-11","350","POINT (1077999.39617125 1628927.55839993)","공식 갯바위낚시포인트 데이터 기반. 갯바위 출입 가능 여부와 안전 통제는 현장 및 공식 안내 확인 필요."
"rock-351","개야도 - 사수건 철탑 갯바위","rock-fishing-point","전라북도","군산시","전라북도 군산시","36.037083","","망농어|부세|감성돔|백조기","초들물~중날물","1.2~2.0","모래/ 펄","▶망농어 - 루어/ 릴찌▶부세 - 릴찌/ 원투▶감성돔 - 릴찌/ 장대/ 원투▶백조기 - 릴찌/ 원투","needs-check","MOF_SHARED_ROCK_FISHING_POINT","https://www.data.go.kr/data/15148580/fileData.do","2026-07-11","351","POINT (913409.148457006 1782673.85589081)","공식 갯바위낚시포인트 데이터 기반. 갯바위 출입 가능 여부와 안전 통제는 현장 및 공식 안내 확인 필요."
"rock-352","노화도·보길도·소안도 - 소안도 농서 부근 갯바위","rock-fishing-point","전라남도","완도군","전라남도 완도군","34.122861","","감성돔|돌돔|농어|벵에돔|우럭|참돔","사리 전·후","5.5m~6.3m","가는 모래/ 자갈","▶감성돔 - 릴찌/ 장대/ 원투 ▶돌돔 - 릴찌/ 장대/ 원투▶농어 - 루어/ 릴찌 ▶벵에돔 - 목줄/ 장대/ 부력/ 잠수▶우럭 - 릴찌/ 원투 ▶ 참돔 - 부력/ 잠수","needs-check","MOF_SHARED_ROCK_FISHING_POINT","https://www.data.go.kr/data/15148580/fileData.do","2026-07-11","352","POINT (920530.3277170131 1570298.96662178)","공식 갯바위낚시포인트 데이터 기반. 갯바위 출입 가능 여부와 안전 통제는 현장 및 공식 안내 확인 필요."
"rock-353","나로도 - 내나로도 고막포 부근 갯바위","rock-fishing-point","전라남도","고흥군","전라남도 고흥군","34.508333","","감성돔|농어|도다리|볼락|숭어|학공치","간조~초들물","4.8m~5m","바위","▶감성돔 - 릴찌/ 장대/ 원투 ▶농어 - 루어/ 릴찌▶도다리 - 원투 ▶볼락 - 루어/ 릴찌/ 장대▶숭어 - 릴찌/ 장대/ 훌치기 ▶학공치 - 릴찌/ 장대","needs-check","MOF_SHARED_ROCK_FISHING_POINT","https://www.data.go.kr/data/15148580/fileData.do","2026-07-11","353","POINT (999087.162655664 1612706.33262128)","공식 갯바위낚시포인트 데이터 기반. 갯바위 출입 가능 여부와 안전 통제는 현장 및 공식 안내 확인 필요."
"rock-354","손죽열도 부근 - 소거문 북단","rock-fishing-point","전라남도","여수시","전라남도 여수시","34.297607","","감성돔|참돔|돌돔|우럭|노래미|농어|숭어|삼치|문어","사리 전후/ 10~5물","7.3~9.9m","암","▶ 감성돔 - 릴찌/ 장대/ 원투▶ 참돔 - 부력/ 잠수▶ 돌돔 - 릴찌/ 장대/ 원투▶ 우럭 - 릴찌/ 원투▶ 노래미 - 루어/ 릴찌/ 장대/ 원투▶ 농어 - 루어/ 릴찌▶ 숭어 - 릴찌/ 장대/ 훌치기▶ 삼치 - 루어/ 릴찌▶ 문어 - 루어","needs-check","MOF_SHARED_ROCK_FISHING_POINT","https://www.data.go.kr/data/15148580/fileData.do","2026-07-11","354","POINT (990476.609304808 1589344.70321318)","공식 갯바위낚시포인트 데이터 기반. 갯바위 출입 가능 여부와 안전 통제는 현장 및 공식 안내 확인 필요."
"rock-355","금당도 - 금당도 목섬 철탑밑","rock-fishing-point","전라남도","완도군","전라남도 완도군","34.399972","","감성돔|볼락|노래미|농어|도다리|학공치","초들물~중날물","0.4~4.2","암","▶감성돔 - 릴찌/ 장대/ 원투▶볼락 - 릴찌/ 장대/ 루어▶노래미 - 루어/ 릴찌/ 장대/ 원투▶농어 - 루어/ 릴찌▶도다리 - 원투▶학공치 - 릴찌/ 장대","needs-check","MOF_SHARED_ROCK_FISHING_POINT","https://www.data.go.kr/data/15148580/fileData.do","2026-07-11","355","POINT (959616.966605161 1600778.00870708)","공식 갯바위낚시포인트 데이터 기반. 갯바위 출입 가능 여부와 안전 통제는 현장 및 공식 안내 확인 필요."
"rock-356","대청도·소청도 - 대청도 서풍받이 끝","rock-fishing-point","인천광역시","옹진군","인천광역시 옹진군","37.798667","","넙치|노래미|농어|삼치|쏨뱅이|우럭","사리 전후","3.7m~7m","바위","▶넙치 - 루어/ 원투 ▶노래미 - 루어/ 릴찌/ 장대/ 원투▶농어 - 루어/ 릴찌 ▶삼치 - 루어/ 릴찌▶쏨뱅이 - 루어/ 릴찌 ▶우럭 - 루어/ 릴찌","needs-check","MOF_SHARED_ROCK_FISHING_POINT","https://www.data.go.kr/data/15148580/fileData.do","2026-07-11","356","POINT (751972.751510308 1981400.70841705)","공식 갯바위낚시포인트 데이터 기반. 갯바위 출입 가능 여부와 안전 통제는 현장 및 공식 안내 확인 필요."
"rock-357","장봉도 - 채석장 부근","rock-fishing-point","인천광역시","옹진군","인천광역시 옹진군","37.559556","","넙치|노래미|망둑어|숭어|붕장어|우럭","조금 전·후/ 3물~5물","1.3m~3.7m","모래","▶넙치 - 루어/ 원투 ▶노래미 - 루어/ 릴찌/ 장대/ 원투 ▶망둑어 - 원투 ▶숭어 - 릴찌/ 장대/ 훌치기 ▶붕장어 - 원투 ▶우럭 - 릴찌/ 원투","needs-check","MOF_SHARED_ROCK_FISHING_POINT","https://www.data.go.kr/data/15148580/fileData.do","2026-07-11","357","POINT (895123.1710224941 1951796.14387051)","공식 갯바위낚시포인트 데이터 기반. 갯바위 출입 가능 여부와 안전 통제는 현장 및 공식 안내 확인 필요."
"rock-358","덕적도·소야도 - 덕적도 능동자갈마당 갯바위","rock-fishing-point","인천광역시","옹진군","인천광역시 옹진군","37.264639","","넙치|노래미|농어|붕장어|우럭","모래","2m~3m","모래","▶넙치 - 루어/ 원투 ▶노래미 - 루어/ 릴찌/ 장대/ 원투▶농어 - 루어/ 릴찌 ▶붕장어 - 원투▶우럭 - 루어/ 릴찌","needs-check","MOF_SHARED_ROCK_FISHING_POINT","https://www.data.go.kr/data/15148580/fileData.do","2026-07-11","358","POINT (876119.3814729931 1919329.88476371)","공식 갯바위낚시포인트 데이터 기반. 갯바위 출입 가능 여부와 안전 통제는 현장 및 공식 안내 확인 필요."
"rock-362","백아도·굴업도 - 굴업도 해수욕장 동쪽 갯바위","rock-fishing-point","인천광역시","옹진군","인천광역시 옹진군","37.195111","","넙치|노래미|농어|붕장어|우럭","들물","2.5m~3m","모래/ 펄","▶넙치 - 루어/ 원투 ▶노래미 - 루어/ 릴찌/ 장대/ 원투▶농어 - 루어/ 릴찌 ▶붕장어 - 원투▶우럭 - 릴찌/ 원투","needs-check","MOF_SHARED_ROCK_FISHING_POINT","https://www.data.go.kr/data/15148580/fileData.do","2026-07-11","362","POINT (866193.089790393 1911766.42313207)","공식 갯바위낚시포인트 데이터 기반. 갯바위 출입 가능 여부와 안전 통제는 현장 및 공식 안내 확인 필요."
"rock-363","추자도 - 하추자도 오지박 입구","rock-fishing-point","제주특별자치도","제주시","제주특별자치도 제주시","33.953583","","감성돔|돌돔|자리돔|농어|볼락|참돔","들물/썰물","0~2.0","펄/ 모래","▶감성돔 - 릴찌/ 장대/ 원투▶돌돔 - 민장대/ 릴찌/ 원투▶자리돔 - 장대/ 카드▶농어 - 루어/ 릴찌▶볼락 - 루어/ 릴찌/ 장대▶참돔 - 부력/ 잠수","needs-check","MOF_SHARED_ROCK_FISHING_POINT","https://www.data.go.kr/data/15148580/fileData.do","2026-07-11","363","POINT (890346.231592869 1551828.69195592)","공식 갯바위낚시포인트 데이터 기반. 갯바위 출입 가능 여부와 안전 통제는 현장 및 공식 안내 확인 필요."
"rock-364","이작도·승봉도 - 대이작도 작은풀안해수욕장 정자 부근","rock-fishing-point","인천광역시","옹진군","인천광역시 옹진군","37.168444","","넙치|우럭","조금 전·후","1.2m~1.9m","가는 모래","▶넙치 - 루어/ 원투 ▶우럭 - 릴찌/ 원투","needs-check","MOF_SHARED_ROCK_FISHING_POINT","https://www.data.go.kr/data/15148580/fileData.do","2026-07-11","364","POINT (889884.056471457 1908463.84654154)","공식 갯바위낚시포인트 데이터 기반. 갯바위 출입 가능 여부와 안전 통제는 현장 및 공식 안내 확인 필요."
"rock-365","말도·방축도 - 방축도 독립문바위","rock-fishing-point","전라북도","군산시","전라북도 군산시","35.846611","","감성돔|넙치|농어|우럭|부시리|참돔","중들물~만조시","2.3m~3m","가는 모래","▶감성돔 - 릴찌/ 장대/ 원투 ▶넙치 - 루어/ 원투▶농어 - 루어/ 릴찌 ▶우럭 - 릴찌/ 원투▶부시리 - 부력/ 잠수/ 지깅 ▶참돔 - 부력/ 잠수","needs-check","MOF_SHARED_ROCK_FISHING_POINT","https://www.data.go.kr/data/15148580/fileData.do","2026-07-11","365","POINT (897583.0598159641 1761714.23401203)","공식 갯바위낚시포인트 데이터 기반. 갯바위 출입 가능 여부와 안전 통제는 현장 및 공식 안내 확인 필요."
"rock-366","여서도·거문도 - 거문도 취곶 부근 갯바위","rock-fishing-point","전라남도","여수시","전라남도 여수시","34.052861","","감성돔|돌돔|농어|벵에돔|볼락|참돔","들물/ 날물 전·후","3.7m~5.1m","침니/ 모래","▶감성돔 - 릴찌/ 장대/ 원투 ▶돌돔 - 릴찌/ 장대/ 원투▶농어 - 루어/ 릴찌 ▶벵에돔 - 목줄/ 장대/ 부력/ 잠수▶볼락 - 루어/ 릴찌/ 장대 ▶참돔 - 부력/ 잠수","needs-check","MOF_SHARED_ROCK_FISHING_POINT","https://www.data.go.kr/data/15148580/fileData.do","2026-07-11","366","POINT (979316.634616376 1562224.76909088)","공식 갯바위낚시포인트 데이터 기반. 갯바위 출입 가능 여부와 안전 통제는 현장 및 공식 안내 확인 필요."
"rock-367","자은도 - 상장고지단 갯바위","rock-fishing-point","전라남도","신안군","전라남도 신안군","34.934278","","감성돔|숭어|농어","초들물~중날","1.8~1.9","펄","▶감성돔 - 릴찌/ 장대/ 원투 ▶숭어 - 릴찌/ 장대/ 훌치기 ▶농어 - 루어/ 릴찌","needs-check","MOF_SHARED_ROCK_FISHING_POINT","https://www.data.go.kr/data/15148580/fileData.do","2026-07-11","367","POINT (868234.1232710769 1660889.86990482)","공식 갯바위낚시포인트 데이터 기반. 갯바위 출입 가능 여부와 안전 통제는 현장 및 공식 안내 확인 필요."
"rock-368","개도·하의도·신의도 - 거북바위","rock-fishing-point","전라남도","신안군","전라남도 신안군","34.604361","","농어|붕장어|감성돔","조금 전후","2.2~5.8","펄","▶농어 - 루어/ 릴찌▶붕장어 - 원투▶감성돔 - 릴찌/ 장대/ 원투","needs-check","MOF_SHARED_ROCK_FISHING_POINT","https://www.data.go.kr/data/15148580/fileData.do","2026-07-11","368","POINT (867497.171600242 1624303.69299032)","공식 갯바위낚시포인트 데이터 기반. 갯바위 출입 가능 여부와 안전 통제는 현장 및 공식 안내 확인 필요."
"rock-369","원산도·삽시도 - 삽시도 물망터","rock-fishing-point","충청남도","보령시","충청남도 보령시","36.333667","","감성돔|갑오징어|넙치|농어|우럭|주꾸미","조금 전·후","1.6m~2.5m","모래/ 조개껍질","▶감성돔 - 릴찌/ 장대/ 원투 ▶갑오징어 - 에깅 ▶넙치 - 루어/ 원투▶농어 - 루어/ 릴찌 ▶우럭 - 릴찌/ 원투 ▶주꾸미 - 루어","needs-check","MOF_SHARED_ROCK_FISHING_POINT","https://www.data.go.kr/data/15148580/fileData.do","2026-07-11","369","POINT (895951.840348352 1815766.71639125)","공식 갯바위낚시포인트 데이터 기반. 갯바위 출입 가능 여부와 안전 통제는 현장 및 공식 안내 확인 필요."
"rock-370","진주만 부근 - 삼천포대교 밑 갯바위","rock-fishing-point","경상남도","사천시","경상남도 사천시","34.925697","","감성돔|노래미|볼락|농어|도다리|갑오징어","13물-4물/ 초들물","1.2~11.1m","암","▶ 감성돔 - 릴찌/ 장대/ 원투▶ 노래미 - 루어/ 릴찌/ 장대/ 원투▶ 볼락 - 릴찌/ 장대/ 루어▶ 농어 - 루어/ 릴찌▶ 도다리 - 원투▶ 갑오징어 - 에깅","needs-check","MOF_SHARED_ROCK_FISHING_POINT","https://www.data.go.kr/data/15148580/fileData.do","2026-07-11","370","POINT (1050196.55665403 1659126.00152937)","공식 갯바위낚시포인트 데이터 기반. 갯바위 출입 가능 여부와 안전 통제는 현장 및 공식 안내 확인 필요."
"rock-371","갈도 부근 - 똥여","rock-fishing-point","경상남도","통영시","경상남도 통영시","34.562166","","감성돔|돌돔|볼락|무늬오징어","2물~8물/ 사리 전후","3.4~13.8m","암","▶ 감성돔 - 릴찌/ 장대/ 원투▶ 돌돔 - 릴찌/ 장대/ 원투▶ 볼락 - 릴찌/ 장대/ 루어 ▶ 무늬오징어 - 릴찌/ 에깅","needs-check","MOF_SHARED_ROCK_FISHING_POINT","https://www.data.go.kr/data/15148580/fileData.do","2026-07-11","371","POINT (1063083.59748848 1618890.4793814)","공식 갯바위낚시포인트 데이터 기반. 갯바위 출입 가능 여부와 안전 통제는 현장 및 공식 안내 확인 필요."
"rock-372","자월도 - 떡바위","rock-fishing-point","인천광역시","옹진군","인천광역시 옹진군","37.262972","","넙치|우럭","들물/ 날물","1.3m~2m","모래","▶넙치 - 루어/ 원투 ▶우럭 - 릴찌/ 원투","needs-check","MOF_SHARED_ROCK_FISHING_POINT","https://www.data.go.kr/data/15148580/fileData.do","2026-07-11","372","POINT (896723.6663522 1918865.98640967)","공식 갯바위낚시포인트 데이터 기반. 갯바위 출입 가능 여부와 안전 통제는 현장 및 공식 안내 확인 필요."
"rock-373","덕적도·소야도 - 소야도 대금두(진대끝) 부근","rock-fishing-point","인천광역시","옹진군","인천광역시 옹진군","37.208056","","노래미|농어|붕장어|숭어|우럭","모래/ 펄","20m~25m","모래/ 펄","▶노래미 - 루어/ 릴찌/ 장대/ 원투 ▶농어 - 루어/ 릴찌▶붕장어 - 원투 ▶숭어 - 릴찌/ 장대/ 훌치기 ▶우럭 - 루어/ 릴찌","needs-check","MOF_SHARED_ROCK_FISHING_POINT","https://www.data.go.kr/data/15148580/fileData.do","2026-07-11","373","POINT (884124.237477434 1912936.63350449)","공식 갯바위낚시포인트 데이터 기반. 갯바위 출입 가능 여부와 안전 통제는 현장 및 공식 안내 확인 필요."
"rock-374","백아도·굴업도 - 백아도 서쪽 곶부리","rock-fishing-point","인천광역시","옹진군","인천광역시 옹진군","37.081222","","넙치|노래미|농어|붕장어|우럭","사리 전·후","7.6m~8m","바위","▶넙치 - 루어/ 원투 ▶노래미 - 루어/ 릴찌/ 장대/ 원투▶농어 - 루어/ 릴찌 ▶붕장어 - 원투▶우럭 - 릴찌/ 원투","needs-check","MOF_SHARED_ROCK_FISHING_POINT","https://www.data.go.kr/data/15148580/fileData.do","2026-07-11","374","POINT (861481.133804571 1899203.66195398)","공식 갯바위낚시포인트 데이터 기반. 갯바위 출입 가능 여부와 안전 통제는 현장 및 공식 안내 확인 필요."
"rock-375","노화도·보길도·소안도 - 소안도 산호도 부근 갯바위","rock-fishing-point","전라남도","완도군","전라남도 완도군","34.187028","","감성돔|농어|노래미|우럭|볼락|학공치","사리 전·후","11.6m~12.2m","펄","▶감성돔 - 릴찌/ 장대/ 원투 ▶농어 - 루어/ 릴찌▶노래미 - 장대/ 루어/ 릴찌/ 원투 ▶우럭 - 릴찌/ 원투▶볼락 - 루어/ 릴찌/ 장대 ▶학공치 - 릴찌/ 장대","needs-check","MOF_SHARED_ROCK_FISHING_POINT","https://www.data.go.kr/data/15148580/fileData.do","2026-07-11","375","POINT (920303.731468503 1577416.54686372)","공식 갯바위낚시포인트 데이터 기반. 갯바위 출입 가능 여부와 안전 통제는 현장 및 공식 안내 확인 필요."
"rock-376","거금도 - 공고지 갯바위","rock-fishing-point","전라남도","고흥군","전라남도 고흥군","34.422556","","감성돔|농어|도다리|노래미|볼락|우럭","초들물","3.5m~6.4m","펄","▶감성돔 - 릴찌/ 장대/ 원투 ▶농어 - 루어/ 릴찌▶도다리 - 원투 ▶노래미 - 루어/ 릴찌/ 장대/ 원투▶볼락 - 루어/ 릴찌/ 장대 ▶우럭 - 릴찌/ 원투","needs-check","MOF_SHARED_ROCK_FISHING_POINT","https://www.data.go.kr/data/15148580/fileData.do","2026-07-11","376","POINT (967244.385857359 1603252.29709899)","공식 갯바위낚시포인트 데이터 기반. 갯바위 출입 가능 여부와 안전 통제는 현장 및 공식 안내 확인 필요."
"rock-377","여서도·거문도 - 거문도 코바위","rock-fishing-point","전라남도","여수시","전라남도 여수시","34.060222","","감성돔|돌돔|벵에돔|참돔|볼락|전갱이","들물/ 날물 전·후","14m ~ 16m","모래/ 자갈","▶감성돔 - 릴찌/ 장대/ 원투 ▶돌돔 - 릴찌/ 장대/ 원투▶벵에돔 - 목줄/ 장대/ 부력/ 잠수 ▶참돔 - 부력/ 잠수▶볼락 - 루어/ 릴찌/ 장대 ▶전갱이 - 루어/ 릴찌/ 장대","needs-check","MOF_SHARED_ROCK_FISHING_POINT","https://www.data.go.kr/data/15148580/fileData.do","2026-07-11","377","POINT (979690.119430184 1563040.157281)","공식 갯바위낚시포인트 데이터 기반. 갯바위 출입 가능 여부와 안전 통제는 현장 및 공식 안내 확인 필요."
"rock-607","왕등도·위도 - 하왕등도 오지바위","rock-fishing-point","전라북도","부안군","전라북도 부안군","35.634583","","감성돔|넙치|돌돔|붕장어|우럭|참돔","조금 전·후","3.6m~6m","펄/ 모래/ 조개껍질","▶감성돔 - 릴찌/ 장대/ 원투 ▶넙치 - 루어/ 원투▶돌돔 - 릴찌/ 장대/ 원투 ▶붕장어 - 원투▶우럭 - 릴찌/ 원투 ▶참돔 - 부력/ 잠수","needs-check","MOF_SHARED_ROCK_FISHING_POINT","https://www.data.go.kr/data/15148580/fileData.do","2026-07-11","607","POINT (875441.0980454009 1738475.91317564)","공식 갯바위낚시포인트 데이터 기반. 갯바위 출입 가능 여부와 안전 통제는 현장 및 공식 안내 확인 필요."
"rock-378","나로도 - 외나로도 창포골 갯바위","rock-fishing-point","전라남도","고흥군","전라남도 고흥군","34.471167","","감성돔|농어|볼락|숭어","간조~초들물","8m~10m","펄","▶감성돔 - 릴찌/ 장대/ 원투 ▶농어 - 루어/ 릴찌▶볼락 - 루어/ 릴찌/ 장대▶숭어 - 릴찌/ 장대/ 훌치기","needs-check","MOF_SHARED_ROCK_FISHING_POINT","https://www.data.go.kr/data/15148580/fileData.do","2026-07-11","378","POINT (1000589.2766222 1608585.01107084)","공식 갯바위낚시포인트 데이터 기반. 갯바위 출입 가능 여부와 안전 통제는 현장 및 공식 안내 확인 필요."
"rock-379","제주도 서부·차귀도·비양도 - 차귀도 등측 갯바위","rock-fishing-point","제주특별자치도","제주시","제주특별자치도 제주시","33.311444","","감성돔|벤자리|삼치|방어|벵에돔|한치","들물/썰물","0.5~5.0","모래/ 조개껍질","▶감성돔 - 릴찌/ 장대/ 원투▶벤자리 - 릴찌/ 민장대▶삼치 - 루어/ 릴찌▶방어 - 부력/ 잠수/ 지깅▶벵에돔 - 목줄/ 장대/ 부력/ 잠수▶한치 - 루어/ 원투","needs-check","MOF_SHARED_ROCK_FISHING_POINT","https://www.data.go.kr/data/15148580/fileData.do","2026-07-11","379","POINT (874662.503049869 1480808.41825574)","공식 갯바위낚시포인트 데이터 기반. 갯바위 출입 가능 여부와 안전 통제는 현장 및 공식 안내 확인 필요."
"rock-417","사량도 - 하사량도 레이더기지 부근 갯바위","rock-fishing-point","경상남도","통영시","경상남도 통영시","34.795250","","감성돔|농어|벵에돔|우럭|볼락|참돔","9물~13물","4.8m~6.3m","펄","▶감성돔 - 릴찌/ 장대/ 원투 ▶농어 - 루어/ 릴찌▶벵에돔 - 목줄/ 장대/ 부력/ 잠수 ▶우럭 - 릴찌/ 원투▶볼락 - 루어/ 릴찌/ 장대 ▶참돔 - 부력/ 잠수","needs-check","MOF_SHARED_ROCK_FISHING_POINT","https://www.data.go.kr/data/15148580/fileData.do","2026-07-11","417","POINT (1067811.55417015 1644772.76137145)","공식 갯바위낚시포인트 데이터 기반. 갯바위 출입 가능 여부와 안전 통제는 현장 및 공식 안내 확인 필요."
"rock-380","제주도 북부 - 김녕 목지코지 갯바위","rock-fishing-point","제주특별자치도","제주시","제주특별자치도 제주시","33.563722","","참돔|돌돔|한치|벵에돔|노래미","들물/썰물","3.6~6.5","펄/ 모래","▶참돔 - 릴찌/ 장대/ 원투/ 부력/ 잠수▶돌돔 - 민장대/ 릴찌/ 원투▶한치 - 루어/ 원투▶벵에돔 - 목줄/ 장대/ 부력/ 잠수▶노래미 - 루어/ 릴찌/ 장대/ 원투","needs-check","MOF_SHARED_ROCK_FISHING_POINT","https://www.data.go.kr/data/15148580/fileData.do","2026-07-11","380","POINT (928612.374112313 1508233.96432098)","공식 갯바위낚시포인트 데이터 기반. 갯바위 출입 가능 여부와 안전 통제는 현장 및 공식 안내 확인 필요."
"rock-381","제주도 북동부·우도 - 동등 갯바위","rock-fishing-point","제주특별자치도","제주시","제주특별자치도 제주시","33.532972","","참돔|돌돔|볼락|벵에돔|무늬오징어|독가시치","들물/날물","1.5~10.0","암","▶참돔 - 부력/ 잠수 ▶돌돔 - 민장대/ 릴찌/ 원투 ▶볼락 - 루어/ 릴찌/ 장대▶벵에돔 - 목줄/ 장대/ 부력/ 잠수 ▶무늬오징어 - 에깅 ▶독가시치 - 목줄/ 장대/ 부력/ 잠수","needs-check","MOF_SHARED_ROCK_FISHING_POINT","https://www.data.go.kr/data/15148580/fileData.do","2026-07-11","381","POINT (939786.1761497151 1504748.05673662)","공식 갯바위낚시포인트 데이터 기반. 갯바위 출입 가능 여부와 안전 통제는 현장 및 공식 안내 확인 필요."
"rock-382","제주도 북동부·우도 - 우두곶 우측 갯바위","rock-fishing-point","제주특별자치도","제주시","제주특별자치도 제주시","33.490556","","참돔|돌돔|볼락|벵에돔|무늬오징어|독가시치","들물/날물","2.3~2.4","암","▶참돔 - 부력/ 잠수 ▶돌돔 - 민장대/ 릴찌/ 원투 ▶볼락 - 루어/ 릴찌/ 장대▶벵에돔 - 목줄/ 장대/ 부력/ 잠수 ▶무늬오징어 - 에깅 ▶독가시치 - 목줄/ 장대/ 부력/ 잠수","needs-check","MOF_SHARED_ROCK_FISHING_POINT","https://www.data.go.kr/data/15148580/fileData.do","2026-07-11","382","POINT (949947.1149354749 1499986.97228076)","공식 갯바위낚시포인트 데이터 기반. 갯바위 출입 가능 여부와 안전 통제는 현장 및 공식 안내 확인 필요."
"rock-383","제주도 동부 - 방두곶 흰등대앞 갯바위","rock-fishing-point","제주특별자치도","서귀포시","제주특별자치도 서귀포시","33.426944","","참돔|돌돔|볼락|벵에돔|무늬오징어|독가시치","들물/날물","1.7~5.0","암","▶참돔 - 부력/ 잠수 ▶돌돔 - 민장대/ 릴찌/ 원투 ▶볼락 - 루어/ 릴찌/ 장대▶벵에돔 - 목줄/ 장대/ 부력/ 잠수 ▶무늬오징어 - 에깅 ▶독가시치 - 목줄/ 장대/ 부력/ 잠수","needs-check","MOF_SHARED_ROCK_FISHING_POINT","https://www.data.go.kr/data/15148580/fileData.do","2026-07-11","383","POINT (947449.559153951 1492947.45576916)","공식 갯바위낚시포인트 데이터 기반. 갯바위 출입 가능 여부와 안전 통제는 현장 및 공식 안내 확인 필요."
"rock-384","제주도 남동부 - 태흥리 갯바위","rock-fishing-point","제주특별자치도","서귀포시","제주특별자치도 서귀포시","33.278250","","참돔|돌돔|다금바리|벵에돔|부시리","들물/날물","1.9~3.8","암","▶참돔 - 부력/ 잠수 ▶돌돔 - 민장대/ 릴찌/ 원투 ▶다금바리 - 원투▶벵에돔 - 목줄/ 장대/ 부력/ 잠수 ▶부시리 - 부력/ 잠수/ 지깅","needs-check","MOF_SHARED_ROCK_FISHING_POINT","https://www.data.go.kr/data/15148580/fileData.do","2026-07-11","384","POINT (928404.220591576 1476583.02094839)","공식 갯바위낚시포인트 데이터 기반. 갯바위 출입 가능 여부와 안전 통제는 현장 및 공식 안내 확인 필요."
"rock-385","제주도 남서부·가파도·마라도 - 송악산 낚시터","rock-fishing-point","제주특별자치도","서귀포시","제주특별자치도 서귀포시","33.214333","","벵에돔|농어|자리돔|볼락|한치|참돔|부시리","들물/썰물","0.4~2.2","모래","▶벵에돔 - 목줄/ 장대/ 잠수▶농어 - 루어/ 릴찌▶자리돔 - 민장대/ 릴찌▶볼락 - 루어/ 릴찌/ 장대▶한치 - 루어/ 원투▶참돔 - 부력/ 잠수▶부시리 - 부력/ 잠수/ 지깅","needs-check","MOF_SHARED_ROCK_FISHING_POINT","https://www.data.go.kr/data/15148580/fileData.do","2026-07-11","385","POINT (887765.674733359 1469879.5342902)","공식 갯바위낚시포인트 데이터 기반. 갯바위 출입 가능 여부와 안전 통제는 현장 및 공식 안내 확인 필요."
"rock-386","홍도 - 상금리굴 인근","rock-fishing-point","전라남도","신안군","전라남도 신안군","34.672566","","참돔|돌돔|감성돔|우럭|농어","사리 전후/ 초들물/ 만조 전후","4.1~5.9m","암","▶ 참돔 - 부력/ 잠수▶ 돌돔 - 릴찌/ 장대/ 원투▶ 감성돔 - 릴찌/ 장대/ 원투▶ 우럭 - 릴찌/ 원투▶ 농어 - 루어/ 릴찌","needs-check","MOF_SHARED_ROCK_FISHING_POINT","https://www.data.go.kr/data/15148580/fileData.do","2026-07-11","386","POINT (788110.47225239 1633351.30828967)","공식 갯바위낚시포인트 데이터 기반. 갯바위 출입 가능 여부와 안전 통제는 현장 및 공식 안내 확인 필요."
"rock-387","순천만 부근 - 신작 부근","rock-fishing-point","전라남도","고흥군","전라남도 고흥군","34.735889","","붕장어|망둑어|짱뚱어|숭어","초들물","0.1~0.9m","펄","▶ 붕장어 - 원투▶ 망둑어 - 원투▶ 짱뚱어 - 훌치기▶ 숭어 - 릴찌/ 장대/ 훌치기","needs-check","MOF_SHARED_ROCK_FISHING_POINT","https://www.data.go.kr/data/15148580/fileData.do","2026-07-11","387","POINT (988717.2128130919 1637946.67895537)","공식 갯바위낚시포인트 데이터 기반. 갯바위 출입 가능 여부와 안전 통제는 현장 및 공식 안내 확인 필요."
"rock-388","순천만 부근 - 대운두도 부근","rock-fishing-point","전라남도","여수시","전라남도 여수시","34.748204","","붕장어|망둑어|짱뚱어|숭어","초들물","0.7~6.1m","펄","▶ 붕장어 - 원투▶ 망둑어 - 원투▶ 짱뚱어 - 훌치기▶ 숭어 - 릴찌/ 장대/ 훌치기","needs-check","MOF_SHARED_ROCK_FISHING_POINT","https://www.data.go.kr/data/15148580/fileData.do","2026-07-11","388","POINT (1005422.3562155 1639307.05170473)","공식 갯바위낚시포인트 데이터 기반. 갯바위 출입 가능 여부와 안전 통제는 현장 및 공식 안내 확인 필요."
"rock-389","여수엑스포 부근 - 혈서 상단","rock-fishing-point","전라남도","여수시","전라남도 여수시","34.685939","","벵에돔|참돔|돌돔|감성돔|농어","조금","4.5~4.9m","펄","▶ 벵에돔 - 목줄/ 장대/ 부력/ 잠수▶ 참돔 - 부력/ 잠수▶ 돌돔 - 릴찌/ 장대/ 원투▶ 감성돔 - 릴찌/ 장대/ 원투▶ 농어 - 루어/ 릴찌","needs-check","MOF_SHARED_ROCK_FISHING_POINT","https://www.data.go.kr/data/15148580/fileData.do","2026-07-11","389","POINT (1026770.6731709 1632439.64922628)","공식 갯바위낚시포인트 데이터 기반. 갯바위 출입 가능 여부와 안전 통제는 현장 및 공식 안내 확인 필요."
"rock-390","여수엑스포 부근 - 오천동해수욕장","rock-fishing-point","전라남도","여수시","전라남도 여수시","34.793641","","벵에돔|참돔|돌돔|감성돔|농어","조금","8.4~9.9m","암","▶ 벵에돔 - 목줄/ 장대/ 부력/ 잠수▶ 참돔 - 부력/ 잠수▶ 돌돔 - 릴찌/ 장대/ 원투▶ 감성돔 - 릴찌/ 장대/ 원투▶ 농어 - 루어/ 릴찌","needs-check","MOF_SHARED_ROCK_FISHING_POINT","https://www.data.go.kr/data/15148580/fileData.do","2026-07-11","390","POINT (1023543.89045736 1644374.16022389)","공식 갯바위낚시포인트 데이터 기반. 갯바위 출입 가능 여부와 안전 통제는 현장 및 공식 안내 확인 필요."
"rock-391","황제도 - 땅콩여 동측","rock-fishing-point","전라남도","완도군","전라남도 완도군","34.189421","","감성돔|참돔|돌돔|농어|광어|볼락","사리를 피한 물때/ 1~3물/ 9~13물","6.6~16m","모래/ 조개껍질","▶ 감성돔 - 릴찌/ 장대/ 원투▶ 참돔 - 부력/ 잠수▶ 돌돔 - 릴찌/ 장대/ 원투▶ 농어 - 루어/ 릴찌▶ 광어 - 릴찌/ 원투▶ 볼락 - 릴찌/ 장대/ 루어","needs-check","MOF_SHARED_ROCK_FISHING_POINT","https://www.data.go.kr/data/15148580/fileData.do","2026-07-11","391","POINT (961540.754694507 1577422.63728329)","공식 갯바위낚시포인트 데이터 기반. 갯바위 출입 가능 여부와 안전 통제는 현장 및 공식 안내 확인 필요."
"rock-392","황제도 - 장도 서측","rock-fishing-point","전라남도","완도군","전라남도 완도군","34.205279","","감성돔|참돔|돌돔|농어|광어|볼락","3~5물","5.2~10m","암","▶ 감성돔 - 릴찌/ 장대/ 원투▶ 참돔 - 부력/ 잠수▶ 돌돔 - 릴찌/ 장대/ 원투▶ 농어 - 루어/ 릴찌▶ 광어 - 릴찌/ 원투▶ 볼락 - 릴찌/ 장대/ 루어","needs-check","MOF_SHARED_ROCK_FISHING_POINT","https://www.data.go.kr/data/15148580/fileData.do","2026-07-11","392","POINT (968082.008325806 1579156.47407768)","공식 갯바위낚시포인트 데이터 기반. 갯바위 출입 가능 여부와 안전 통제는 현장 및 공식 안내 확인 필요."
"rock-393","황제도 - 장도 동측","rock-fishing-point","전라남도","완도군","전라남도 완도군","34.207857","","감성돔|참돔|돌돔|농어|광어|볼락","5~10물","23~41m","펄","▶ 감성돔 - 릴찌/ 장대/ 원투▶ 참돔 - 부력/ 잠수▶ 돌돔 - 릴찌/ 장대/ 원투▶ 농어 - 루어/ 릴찌▶ 광어 - 릴찌/ 원투▶ 볼락 - 릴찌/ 장대/ 루어","needs-check","MOF_SHARED_ROCK_FISHING_POINT","https://www.data.go.kr/data/15148580/fileData.do","2026-07-11","393","POINT (970263.482729626 1579435.23719774)","공식 갯바위낚시포인트 데이터 기반. 갯바위 출입 가능 여부와 안전 통제는 현장 및 공식 안내 확인 필요."
"rock-394","손죽열도 부근 - 반초섬 맞은편","rock-fishing-point","전라남도","여수시","전라남도 여수시","34.293373","","감성돔|참돔|돌돔|우럭|노래미|농어|숭어|삼치|문어","사리 전후/ 10~5물","2.5~2.8m","펄","▶ 감성돔 - 릴찌/ 장대/ 원투▶ 참돔 - 부력/ 잠수▶ 돌돔 - 릴찌/ 장대/ 원투▶ 우럭 - 릴찌/ 원투▶ 노래미 - 루어/ 릴찌/ 장대/ 원투▶ 농어 - 루어/ 릴찌▶ 숭어 - 릴찌/ 장대/ 훌치기▶ 삼치 - 루어/ 릴찌▶ 문어 - 루어","needs-check","MOF_SHARED_ROCK_FISHING_POINT","https://www.data.go.kr/data/15148580/fileData.do","2026-07-11","394","POINT (987424.05588278 1588878.80871354)","공식 갯바위낚시포인트 데이터 기반. 갯바위 출입 가능 여부와 안전 통제는 현장 및 공식 안내 확인 필요."
"rock-395","손죽열도 부근 - 손죽 등대 밑","rock-fishing-point","전라남도","여수시","전라남도 여수시","34.295507","","감성돔|참돔|돌돔|우럭|노래미|농어|숭어|삼치|문어","사리 전후/ 10~5물","8.6~26m","펄","▶ 감성돔 - 릴찌/ 장대/ 원투▶ 참돔 - 부력/ 잠수▶ 돌돔 - 릴찌/ 장대/ 원투▶ 우럭 - 릴찌/ 원투▶ 노래미 - 루어/ 릴찌/ 장대/ 원투▶ 농어 - 루어/ 릴찌▶ 숭어 - 릴찌/ 장대/ 훌치기▶ 삼치 - 루어/ 릴찌▶ 문어 - 루어","needs-check","MOF_SHARED_ROCK_FISHING_POINT","https://www.data.go.kr/data/15148580/fileData.do","2026-07-11","395","POINT (986304.3325619041 1589117.02397933)","공식 갯바위낚시포인트 데이터 기반. 갯바위 출입 가능 여부와 안전 통제는 현장 및 공식 안내 확인 필요."
"rock-396","손죽열도 부근 - 잔거리 홈통","rock-fishing-point","전라남도","여수시","전라남도 여수시","34.295638","","감성돔|참돔|돌돔|우럭|노래미|농어|숭어|삼치|문어","사리 전후/ 10~5물","9.6~15.3m","펄","▶ 감성돔 - 릴찌/ 장대/ 원투▶ 참돔 - 부력/ 잠수▶ 돌돔 - 릴찌/ 장대/ 원투▶ 우럭 - 릴찌/ 원투▶ 노래미 - 루어/ 릴찌/ 장대/ 원투▶ 농어 - 루어/ 릴찌▶ 숭어 - 릴찌/ 장대/ 훌치기▶ 삼치 - 루어/ 릴찌▶ 문어 - 루어","needs-check","MOF_SHARED_ROCK_FISHING_POINT","https://www.data.go.kr/data/15148580/fileData.do","2026-07-11","396","POINT (988994.139887577 1589127.95082612)","공식 갯바위낚시포인트 데이터 기반. 갯바위 출입 가능 여부와 안전 통제는 현장 및 공식 안내 확인 필요."
"rock-397","손죽열도 부근 - 소거문 서측 인근","rock-fishing-point","전라남도","여수시","전라남도 여수시","34.287458","","감성돔|참돔|돌돔|우럭|노래미|농어|숭어|삼치|문어","사리 전후/ 10~5물","4.7~7.6m","펄","▶ 감성돔 - 릴찌/ 장대/ 원투▶ 참돔 - 부력/ 잠수▶ 돌돔 - 릴찌/ 장대/ 원투▶ 우럭 - 릴찌/ 원투▶ 노래미 - 루어/ 릴찌/ 장대/ 원투▶ 농어 - 루어/ 릴찌▶ 숭어 - 릴찌/ 장대/ 훌치기▶ 삼치 - 루어/ 릴찌▶ 문어 - 루어","needs-check","MOF_SHARED_ROCK_FISHING_POINT","https://www.data.go.kr/data/15148580/fileData.do","2026-07-11","397","POINT (989660.43302407 1588220.13277838)","공식 갯바위낚시포인트 데이터 기반. 갯바위 출입 가능 여부와 안전 통제는 현장 및 공식 안내 확인 필요."
"rock-398","손죽열도 부근 - 소거문 서코지","rock-fishing-point","전라남도","여수시","전라남도 여수시","34.278233","","감성돔|참돔|돌돔|우럭|노래미|농어|숭어|삼치|문어","사리 전후/ 10~5물","10.4~20m","펄","▶ 감성돔 - 릴찌/ 장대/ 원투▶ 참돔 - 부력/ 잠수▶ 돌돔 - 릴찌/ 장대/ 원투▶ 우럭 - 릴찌/ 원투▶ 노래미 - 루어/ 릴찌/ 장대/ 원투▶ 농어 - 루어/ 릴찌▶ 숭어 - 릴찌/ 장대/ 훌치기▶ 삼치 - 루어/ 릴찌▶ 문어 - 루어","needs-check","MOF_SHARED_ROCK_FISHING_POINT","https://www.data.go.kr/data/15148580/fileData.do","2026-07-11","398","POINT (989928.748812914 1587197.03349598)","공식 갯바위낚시포인트 데이터 기반. 갯바위 출입 가능 여부와 안전 통제는 현장 및 공식 안내 확인 필요."
"rock-399","간수제도 - 소평도 남측","rock-fishing-point","전라남도","여수시","전라남도 여수시","34.256727","","감성돔|참돔|돌돔|우럭|노래미|농어|숭어|삼치|문어","사리 전후/ 초들물","18.3~20m","암","▶ 감성돔 - 릴찌/ 장대/ 원투▶ 참돔 - 부력/ 잠수▶ 돌돔 - 릴찌/ 장대/ 원투▶ 우럭 - 릴찌/ 원투▶ 노래미 - 루어/ 릴찌/ 장대/ 원투▶ 농어 - 루어/ 릴찌▶ 숭어 - 릴찌/ 장대/ 훌치기▶ 삼치 - 루어/ 릴찌▶ 문어 - 루어","needs-check","MOF_SHARED_ROCK_FISHING_POINT","https://www.data.go.kr/data/15148580/fileData.do","2026-07-11","399","POINT (995446.00483675 1584808.03400188)","공식 갯바위낚시포인트 데이터 기반. 갯바위 출입 가능 여부와 안전 통제는 현장 및 공식 안내 확인 필요."
"rock-400","간수제도 - 평도 우측 넓은 자리","rock-fishing-point","전라남도","여수시","전라남도 여수시","34.246826","","감성돔|참돔|돌돔|우럭|노래미|농어|숭어|삼치|문어","사리 전후/ 초들물","12.3~16.5m","암","▶ 감성돔 - 릴찌/ 장대/ 원투▶ 참돔 - 부력/ 잠수▶ 돌돔 - 릴찌/ 장대/ 원투▶ 우럭 - 릴찌/ 원투▶ 노래미 - 루어/ 릴찌/ 장대/ 원투▶ 농어 - 루어/ 릴찌▶ 숭어 - 릴찌/ 장대/ 훌치기▶ 삼치 - 루어/ 릴찌▶ 문어 - 루어","needs-check","MOF_SHARED_ROCK_FISHING_POINT","https://www.data.go.kr/data/15148580/fileData.do","2026-07-11","400","POINT (995874.103296426 1583710.03697108)","공식 갯바위낚시포인트 데이터 기반. 갯바위 출입 가능 여부와 안전 통제는 현장 및 공식 안내 확인 필요."
"rock-401","간수제도 - 광도 서측 홈통","rock-fishing-point","전라남도","여수시","전라남도 여수시","34.264519","","감성돔|참돔|돌돔|우럭|노래미|농어|숭어|삼치|문어","사리 전후/ 초들물","18.2~18.5m","암","▶ 감성돔 - 릴찌/ 장대/ 원투▶ 참돔 - 부력/ 잠수▶ 돌돔 - 릴찌/ 장대/ 원투▶ 우럭 - 릴찌/ 원투▶ 노래미 - 루어/ 릴찌/ 장대/ 원투▶ 농어 - 루어/ 릴찌▶ 숭어 - 릴찌/ 장대/ 훌치기▶ 삼치 - 루어/ 릴찌▶ 문어 - 루어","needs-check","MOF_SHARED_ROCK_FISHING_POINT","https://www.data.go.kr/data/15148580/fileData.do","2026-07-11","401","POINT (1002606.07912905 1585671.28266722)","공식 갯바위낚시포인트 데이터 기반. 갯바위 출입 가능 여부와 안전 통제는 현장 및 공식 안내 확인 필요."
"rock-402","간수제도 - 광도 남측","rock-fishing-point","전라남도","여수시","전라남도 여수시","34.260723","","감성돔|참돔|돌돔|우럭|노래미|농어|숭어|삼치|문어","사리 전후/ 초들물","18.2~18.5m","암","▶ 감성돔 - 릴찌/ 장대/ 원투▶ 참돔 - 부력/ 잠수▶ 돌돔 - 릴찌/ 장대/ 원투▶ 우럭 - 릴찌/ 원투▶ 노래미 - 루어/ 릴찌/ 장대/ 원투▶ 농어 - 루어/ 릴찌▶ 숭어 - 릴찌/ 장대/ 훌치기▶ 삼치 - 루어/ 릴찌▶ 문어 - 루어","needs-check","MOF_SHARED_ROCK_FISHING_POINT","https://www.data.go.kr/data/15148580/fileData.do","2026-07-11","402","POINT (1002807.91927435 1585250.38669759)","공식 갯바위낚시포인트 데이터 기반. 갯바위 출입 가능 여부와 안전 통제는 현장 및 공식 안내 확인 필요."
"rock-403","대삼부도 - 구멍섬 갯바위","rock-fishing-point","전라남도","여수시","전라남도 여수시","34.055636","","벵에돔|참돔|돌돔|감성돔|농어","10물~13물","0.6~0.7m","암","▶ 벵에돔 - 목줄/ 장대/ 부력/ 잠수▶ 참돔 - 부력/ 잠수▶ 돌돔 - 릴찌/ 장대/ 원투▶ 감성돔 - 릴찌/ 장대/ 원투▶ 농어 - 루어/ 릴찌","needs-check","MOF_SHARED_ROCK_FISHING_POINT","https://www.data.go.kr/data/15148580/fileData.do","2026-07-11","403","POINT (990498.99143967 1562514.55623214)","공식 갯바위낚시포인트 데이터 기반. 갯바위 출입 가능 여부와 안전 통제는 현장 및 공식 안내 확인 필요."
"rock-404","송이도 - 큰매리 갯바위","rock-fishing-point","전라남도","영광군","전라남도 영광군","35.300000","","감성돔|민어|숭어|농어|붕장어|우럭","들물/날물","2.0~5.0","암","▶감성돔 - 릴찌/ 장대/ 원투▶민어 - 루어/ 지깅/ 원투▶숭어 - 릴찌/ 장대/ 홀치기▶농어 - 루어/ 릴찌▶붕장어 - 원투▶우럭 - 릴찌/ 원투","needs-check","MOF_SHARED_ROCK_FISHING_POINT","https://www.data.go.kr/data/15148580/fileData.do","2026-07-11","404","POINT (876449.534727016 1701344.45795919)","공식 갯바위낚시포인트 데이터 기반. 갯바위 출입 가능 여부와 안전 통제는 현장 및 공식 안내 확인 필요."
"rock-405","송이도 - 이미 앞바다","rock-fishing-point","전라남도","영광군","전라남도 영광군","35.277806","","볼락|고등어|벵에돔","5물~9물","-0.4~-0.2","펄","▶볼락 - 릴찌/ 장대/ 루어▶고등어 - 루어/ 릴찌/ 장대▶벵에돔 - 목줄/ 장대/ 잠수▶볼락 - 릴찌/ 장대/ 루어▶고등어 - 루어/ 릴찌/ 장대▶벵에돔 - 목줄/ 장대/ 부력","needs-check","MOF_SHARED_ROCK_FISHING_POINT","https://www.data.go.kr/data/15148580/fileData.do","2026-07-11","405","POINT (876501.703696792 1698881.65266667)","공식 갯바위낚시포인트 데이터 기반. 갯바위 출입 가능 여부와 안전 통제는 현장 및 공식 안내 확인 필요."
"rock-406","임자도·사옥도 - 옥섬","rock-fishing-point","전라남도","신안군","전라남도 신안군","35.053306","","감성돔|노래미|민어|붕장어|우럭|광어|농어|백조기|숭어","초들물~중날물","0.1~0.9","모래","▶감성돔 - 릴찌/ 장대/ 원투▶노래미 - 루어/ 릴찌/ 장대/ 원투▶민어 - 루어/ 릴찌▶붕장어 - 원투▶우럭 - 릴찌/ 원투▶광어 - 릴찌/ 원투▶농어 - 루어/ 릴찌▶백조기 - 릴찌/ 원투▶숭어 - 릴찌/ 장대/ 훌치기","needs-check","MOF_SHARED_ROCK_FISHING_POINT","https://www.data.go.kr/data/15148580/fileData.do","2026-07-11","406","POINT (870220.985675951 1674065.22372106)","공식 갯바위낚시포인트 데이터 기반. 갯바위 출입 가능 여부와 안전 통제는 현장 및 공식 안내 확인 필요."
"rock-407","임자도·사옥도 - 외교도 등대포인트","rock-fishing-point","전라남도","신안군","전라남도 신안군","35.037528","","감성돔|노래미|민어|붕장어|우럭|광어|농어|백조기|숭어","초들물~중날물","0.6~2.0","암","▶감성돔 - 릴찌/ 장대/ 원투▶노래미 - 루어/ 릴찌/ 장대/ 원투▶민어 - 루어/ 릴찌▶붕장어 - 원투▶우럭 - 릴찌/ 원투▶광어 - 릴찌/ 원투▶농어 - 루어/ 릴찌▶백조기 - 릴찌/ 원투▶숭어 - 릴찌/ 장대/ 훌치기","needs-check","MOF_SHARED_ROCK_FISHING_POINT","https://www.data.go.kr/data/15148580/fileData.do","2026-07-11","407","POINT (874678.4396622421 1672252.50322155)","공식 갯바위낚시포인트 데이터 기반. 갯바위 출입 가능 여부와 안전 통제는 현장 및 공식 안내 확인 필요."
"rock-408","임자도·사옥도 - 증도대교 북단","rock-fishing-point","전라남도","신안군","전라남도 신안군","35.026028","","감성돔|노래미|민어|붕장어|우럭|광어|농어|백조기|숭어","초들물~중날물","2.8~5.0","암","▶감성돔 - 릴찌/ 장대/ 원투▶노래미 - 루어/ 릴찌/ 장대/ 원투▶민어 - 루어/ 릴찌▶붕장어 - 원투▶우럭 - 릴찌/ 원투▶광어 - 릴찌/ 원투▶농어 - 루어/ 릴찌▶백조기 - 릴찌/ 원투▶숭어 - 릴찌/ 장대/ 훌치기","needs-check","MOF_SHARED_ROCK_FISHING_POINT","https://www.data.go.kr/data/15148580/fileData.do","2026-07-11","408","POINT (878553.4174685531 1670924.31231139)","공식 갯바위낚시포인트 데이터 기반. 갯바위 출입 가능 여부와 안전 통제는 현장 및 공식 안내 확인 필요."
"rock-409","고이도·매화도·선도·증도 - 소정섬 포인트","rock-fishing-point","전라남도","신안군","전라남도 신안군","34.927000","","감성돔|노래미|광어|숭어|우럭|붕장어|도다리|농어","초들물~중날물","0.4~1.9","자갈","▶감성돔 - 릴찌/ 장대/ 원투 ▶노래미 - 루어/ 릴찌/ 장대/ 원투 ▶광어 - 릴찌/ 원투 ▶숭어 - 릴찌/ 장대/ 훌치기▶우럭 - 릴찌/ 원투 ▶붕장어 - 원투 ▶도다리 - 원투 ▶농어 - 루어/ 릴찌","needs-check","MOF_SHARED_ROCK_FISHING_POINT","https://www.data.go.kr/data/15148580/fileData.do","2026-07-11","409","POINT (888205.916815803 1659816.4041841)","공식 갯바위낚시포인트 데이터 기반. 갯바위 출입 가능 여부와 안전 통제는 현장 및 공식 안내 확인 필요."
"rock-410","고이도·매화도·선도·증도 - 부사도 갯바위","rock-fishing-point","전라남도","신안군","전라남도 신안군","35.006222","","감성돔|노래미|광어|숭어|우럭|붕장어|도다리|농어","초들물~중날물","2.0~6.2","펄","▶감성돔 - 릴찌/ 장대/ 원투 ▶노래미 - 루어/ 릴찌/ 장대/ 원투 ▶광어 - 릴찌/ 원투 ▶숭어 - 릴찌/ 장대/ 훌치기▶우럭 - 릴찌/ 원투 ▶붕장어 - 원투 ▶도다리 - 원투 ▶농어 - 루어/ 릴찌","needs-check","MOF_SHARED_ROCK_FISHING_POINT","https://www.data.go.kr/data/15148580/fileData.do","2026-07-11","410","POINT (885654.51581357 1668635.47185304)","공식 갯바위낚시포인트 데이터 기반. 갯바위 출입 가능 여부와 안전 통제는 현장 및 공식 안내 확인 필요."
"rock-411","고이도·매화도·선도·증도 - 오산항","rock-fishing-point","전라남도","신안군","전라남도 신안군","34.997722","","감성돔|노래미|광어|숭어|우럭|붕장어|도다리|농어","초들물~중날물","0~1.2","펄","▶감성돔 - 릴찌/ 장대/ 원투 ▶노래미 - 루어/ 릴찌/ 장대/ 원투 ▶광어 - 릴찌/ 원투 ▶숭어 - 릴찌/ 장대/ 훌치기▶우럭 - 릴찌/ 원투 ▶붕장어 - 원투 ▶도다리 - 원투 ▶농어 - 루어/ 릴찌","needs-check","MOF_SHARED_ROCK_FISHING_POINT","https://www.data.go.kr/data/15148580/fileData.do","2026-07-11","411","POINT (874179.104977752 1667843.81166241)","공식 갯바위낚시포인트 데이터 기반. 갯바위 출입 가능 여부와 안전 통제는 현장 및 공식 안내 확인 필요."
"rock-412","압해도 - 복용리해안 철탑 밑","rock-fishing-point","전라남도","신안군","전라남도 신안군","34.898500","","감성돔|노래미|농어|볼락|붕장어|우럭","초들물~중날물","1.7~2.1","펄","▶감성돔 - 릴찌/ 장대/ 원투 ▶노래미 - 루어/ 릴찌/ 장대/ 원투▶농어 - 루어/ 릴찌 ▶볼락 - 릴찌/ 장대/ 루어▶붕장어 - 원투 ▶우럭 - 릴찌/ 원투","needs-check","MOF_SHARED_ROCK_FISHING_POINT","https://www.data.go.kr/data/15148580/fileData.do","2026-07-11","412","POINT (894931.261715102 1656575.47464754)","공식 갯바위낚시포인트 데이터 기반. 갯바위 출입 가능 여부와 안전 통제는 현장 및 공식 안내 확인 필요."
"rock-413","우이도 - 성촌","rock-fishing-point","전라남도","신안군","전라남도 신안군","34.622361","","감성돔|노래미|우럭","3물~5물","5.0~7.6","암","▶감성돔 - 릴찌/ 장대/ 원투 ▶노래미 - 루어/ 릴찌/ 장대/ 원투▶우럭 - 릴찌/ 원투","needs-check","MOF_SHARED_ROCK_FISHING_POINT","https://www.data.go.kr/data/15148580/fileData.do","2026-07-11","413","POINT (844997.6626872721 1626650.28711718)","공식 갯바위낚시포인트 데이터 기반. 갯바위 출입 가능 여부와 안전 통제는 현장 및 공식 안내 확인 필요."
"rock-414","우이도 - 딴목섬 갯바위","rock-fishing-point","전라남도","신안군","전라남도 신안군","34.605806","","감성돔|노래미|농어|우럭|붕장어","조금 전후","9.5~10.0","펄","▶감성돔 - 릴찌/ 장대/ 원투 ▶노래미 - 루어/ 릴찌/ 장대/ 원투▶농어 - 루어/ 릴찌 ▶우럭 - 릴찌/ 원투▶붕장어 - 원투","needs-check","MOF_SHARED_ROCK_FISHING_POINT","https://www.data.go.kr/data/15148580/fileData.do","2026-07-11","414","POINT (849811.7477199819 1624734.21810702)","공식 갯바위낚시포인트 데이터 기반. 갯바위 출입 가능 여부와 안전 통제는 현장 및 공식 안내 확인 필요."
"rock-418","미륵도 - 수암말(에름바우) 부근","rock-fishing-point","경상남도","통영시","경상남도 통영시","34.796667","","고등어|감성돔|농어|벵에돔|볼락|참돔","조금 전·후","1.2m~1.5m","펄","▶고등어 - 루어/ 릴찌/ 장대 ▶감성돔 - 릴찌/ 장대/ 원투▶농어 - 루어/ 릴찌 ▶벵에돔 - 목줄/ 장대/ 부력/ 잠수▶볼락 - 루어/ 릴찌/ 장대 ▶참돔 - 부력/ 잠수","needs-check","MOF_SHARED_ROCK_FISHING_POINT","https://www.data.go.kr/data/15148580/fileData.do","2026-07-11","418","POINT (1079067.50827777 1645019.8812407)","공식 갯바위낚시포인트 데이터 기반. 갯바위 출입 가능 여부와 안전 통제는 현장 및 공식 안내 확인 필요."
"rock-419","비진도·매물도 - 비진도 상투바위","rock-fishing-point","경상남도","통영시","경상남도 통영시","34.708333","","감성돔|농어|무늬오징어|볼락|벵에돔|참돔","조금 전·후","8m~10m","펄/ 조개껍질","▶감성돔 - 릴찌/ 장대/ 원투 ▶농어 - 루어/ 릴찌▶무늬오징어 - 릴찌/ 에깅 ▶볼락 - 루어/ 릴찌/ 장대▶벵에돔 - 목줄/ 장대/ 부력/ 잠수 ▶참돔 - 부력/ 잠수","needs-check","MOF_SHARED_ROCK_FISHING_POINT","https://www.data.go.kr/data/15148580/fileData.do","2026-07-11","419","POINT (1088591.96572131 1635309.98650095)","공식 갯바위낚시포인트 데이터 기반. 갯바위 출입 가능 여부와 안전 통제는 현장 및 공식 안내 확인 필요."
"rock-420","거제도 남부 - 오포 흑산태","rock-fishing-point","경상남도","거제시","경상남도 거제시","34.706139","","감성돔|농어|벵에돔|우럭|볼락|참돔","조금 전·후","5.2m~6m","조개껍질","▶ 감성돔 - 릴찌/ 장대/ 원투 ▶ 농어 - 루어/ 릴찌 ▶ 벵에돔 - 목줄/ 장대/ 부력/ 잠수 ▶ 우럭 - 릴찌/ 원투 ▶ 볼락 - 루어/ 릴찌/ 장대▶ 참돔 - 부력/ 잠수","needs-check","MOF_SHARED_ROCK_FISHING_POINT","https://www.data.go.kr/data/15148580/fileData.do","2026-07-11","420","POINT (1102222.21997216 1635207.73530543)","공식 갯바위낚시포인트 데이터 기반. 갯바위 출입 가능 여부와 안전 통제는 현장 및 공식 안내 확인 필요."
"rock-421","거제도 남부 - 오지막 해안 끝바리","rock-fishing-point","경상남도","거제시","경상남도 거제시","34.756694","","감성돔|농어|벵에돔|우럭|볼락|학공치","조금 전·후","6.8m~7.3m","펄","▶감성돔 - 릴찌/ 장대/ 원투 ▶농어 - 루어/ 릴찌▶벵에돔 - 목줄/ 장대/ 부력/ 잠수 ▶우럭 - 릴찌/ 원투▶볼락 - 루어/ 릴찌/ 장대 ▶학공치 - 릴찌/ 장대","needs-check","MOF_SHARED_ROCK_FISHING_POINT","https://www.data.go.kr/data/15148580/fileData.do","2026-07-11","421","POINT (1104697.31898214 1640842.81631018)","공식 갯바위낚시포인트 데이터 기반. 갯바위 출입 가능 여부와 안전 통제는 현장 및 공식 안내 확인 필요."
"rock-422","거제도 남부 - 구조라해수욕장 호안로 갯바위","rock-fishing-point","경상남도","거제시","경상남도 거제시","34.803250","","감성돔|고등어|농어|벵에돔|학공치|볼락|참돔","조금 전·후","1.6m~2m","펄","▶감성돔 - 릴찌/ 장대/ 원투 ▶고등어 - 루어/ 릴찌/ 장대 ▶농어 - 루어/ 릴찌▶벵에돔 - 목줄/ 장대/ 부력/ 잠수 ▶학공치 - 릴찌/ 장대 ▶볼락 - 루어/ 릴찌/ 장대 ▶참돔 - 부력/ 잠수","needs-check","MOF_SHARED_ROCK_FISHING_POINT","https://www.data.go.kr/data/15148580/fileData.do","2026-07-11","422","POINT (1109039.54076782 1646057.04018432)","공식 갯바위낚시포인트 데이터 기반. 갯바위 출입 가능 여부와 안전 통제는 현장 및 공식 안내 확인 필요."
"rock-423","연평도 - 시노도 갯바위","rock-fishing-point","인천광역시","옹진군","인천광역시 옹진군","37.613111","","광어|우럭|숭어|간재미|농어|노래미","12물~4물","0~6.3","모래","▶광어 - 릴찌/ 원투▶우럭 - 릴찌/ 원투▶숭어 - 릴찌/ 장대/ 홀치기▶간재미 - 원투▶농어 - 루어/ 릴찌▶노래미 - 루어/ 릴찌/ 장대/ 원투","needs-check","MOF_SHARED_ROCK_FISHING_POINT","https://www.data.go.kr/data/15148580/fileData.do","2026-07-11","423","POINT (843414.139559924 1958555.17504846)","공식 갯바위낚시포인트 데이터 기반. 갯바위 출입 가능 여부와 안전 통제는 현장 및 공식 안내 확인 필요."
"rock-424","연평도 - 구지도 북측 갯바위","rock-fishing-point","인천광역시","옹진군","인천광역시 옹진군","37.639611","","광어|우럭|숭어|간재미|농어|노래미","12물~4물","1.2~5.0","암","▶광어 - 릴찌/ 원투▶우럭 - 릴찌/ 원투▶숭어 - 릴찌/ 장대/ 홀치기▶간재미 - 원투▶농어 - 루어/ 릴찌▶노래미 - 루어/ 릴찌/ 장대/ 원투","needs-check","MOF_SHARED_ROCK_FISHING_POINT","https://www.data.go.kr/data/15148580/fileData.do","2026-07-11","424","POINT (839678.032826861 1961568.17336038)","공식 갯바위낚시포인트 데이터 기반. 갯바위 출입 가능 여부와 안전 통제는 현장 및 공식 안내 확인 필요."
"rock-425","시도 - 조각공원 동측 갯바위","rock-fishing-point","인천광역시","옹진군","인천광역시 옹진군","37.526333","","광어|삼치|주꾸미|노래미|붕장어","초들물~중날물","-1.7~-1.5","펄","▶광어 - 릴찌/ 원투▶삼치 - 루어/ 릴찌▶주꾸미 - 릴찌/ 원투/ 장대▶노래미 - 루어/ 릴찌/ 장대/ 원투▶ 붕장어 - 원투","needs-check","MOF_SHARED_ROCK_FISHING_POINT","https://www.data.go.kr/data/15148580/fileData.do","2026-07-11","425","POINT (903507.967143756 1948007.97443361)","공식 갯바위낚시포인트 데이터 기반. 갯바위 출입 가능 여부와 안전 통제는 현장 및 공식 안내 확인 필요."
"rock-426","시도 - 신도 동측 끝단 갯바위","rock-fishing-point","인천광역시","옹진군","인천광역시 옹진군","37.534639","","숭어|우럭|노래미|삼치|주꾸미|붕장어","초들물~중날물","-4.7~-1.3","펄/ 모래","▶숭어 - 릴찌/ 장대/ 홀치기 ▶우럭 - 릴찌/ 원투 ▶노래미 - 루어/ 릴찌/ 장대/ 원투 ▶삼치 - 루어/ 릴찌 ▶주꾸미 - 릴찌/ 원투/ 장대 ▶붕장어 - 원투","needs-check","MOF_SHARED_ROCK_FISHING_POINT","https://www.data.go.kr/data/15148580/fileData.do","2026-07-11","426","POINT (909232.174955682 1948865.07629997)","공식 갯바위낚시포인트 데이터 기반. 갯바위 출입 가능 여부와 안전 통제는 현장 및 공식 안내 확인 필요."
"rock-427","시도 - 신도 남측 끝단 갯바위","rock-fishing-point","인천광역시","옹진군","인천광역시 옹진군","37.511139","","숭어|우럭|노래미|삼치|주꾸미|붕장어","초들물~중날물","-3.2~-2.8","펄","▶숭어 - 릴찌/ 장대/ 홀치기 ▶우럭 - 릴찌/ 원투 ▶노래미 - 루어/ 릴찌/ 장대/ 원투 ▶삼치 - 루어/ 릴찌 ▶주꾸미 - 릴찌/ 원투/ 장대 ▶붕장어 - 원투","needs-check","MOF_SHARED_ROCK_FISHING_POINT","https://www.data.go.kr/data/15148580/fileData.do","2026-07-11","427","POINT (908678.318223709 1946263.55833897)","공식 갯바위낚시포인트 데이터 기반. 갯바위 출입 가능 여부와 안전 통제는 현장 및 공식 안내 확인 필요."
"rock-428","영종도·용유도 - 왕산 갯바위","rock-fishing-point","인천광역시","중구","인천광역시 중구","37.457361","","감성돔|노래미|삼치|붕장어|주꾸미","들물","-2.4~-1.1","펄","▶감성돔 - 릴찌/ 장대/ 원투▶노래미 - 루어/ 릴찌/ 장대/ 원투▶삼치 - 루어/ 릴찌▶붕장어 - 원투▶주꾸미 - 릴찌/ 원투","needs-check","MOF_SHARED_ROCK_FISHING_POINT","https://www.data.go.kr/data/15148580/fileData.do","2026-07-11","428","POINT (899299.138747953 1940404.44300238)","공식 갯바위낚시포인트 데이터 기반. 갯바위 출입 가능 여부와 안전 통제는 현장 및 공식 안내 확인 필요."
"rock-429","영종도·용유도 - 을왕리 갯바위","rock-fishing-point","인천광역시","중구","인천광역시 중구","37.443944","","광어|우럭|노래미|삼치|붕장어","들물","-1.7~0.1","펄","▶광어 - 릴찌/ 원투▶우럭 - 릴찌/ 원투▶노래미 - 루어/ 릴찌/ 장대/ 원투▶삼치 - 루어/ 릴찌▶붕장어 - 원투","needs-check","MOF_SHARED_ROCK_FISHING_POINT","https://www.data.go.kr/data/15148580/fileData.do","2026-07-11","429","POINT (899615.335520287 1938911.86578128)","공식 갯바위낚시포인트 데이터 기반. 갯바위 출입 가능 여부와 안전 통제는 현장 및 공식 안내 확인 필요."
"rock-430","영종도·용유도 - 영종도 남측수문","rock-fishing-point","인천광역시","중구","인천광역시 중구","37.421972","","숭어|노래미|삼치|붕장어|주꾸미","들물/ 날물","-0.5~-0.8","펄","▶숭어 - 릴찌/ 장대/ 홀치기▶노래미 - 루어/ 릴찌/ 장대/ 원투▶삼치 - 루어/ 릴찌▶붕장어 - 원투▶주꾸미 - 릴찌/ 원투","needs-check","MOF_SHARED_ROCK_FISHING_POINT","https://www.data.go.kr/data/15148580/fileData.do","2026-07-11","430","POINT (905765.271837197 1936402.01635873)","공식 갯바위낚시포인트 데이터 기반. 갯바위 출입 가능 여부와 안전 통제는 현장 및 공식 안내 확인 필요."
"rock-431","안면도 북부 - 방포해변 북측 갯바위","rock-fishing-point","충청남도","태안군","충청남도 태안군","36.509333","","우럭|노래미|학공치|광어|숭어|도다리","초들물~중날물","1.1~1.4","암","▶우럭 - 릴찌/ 원투▶노래미 - 루어/ 릴찌/ 장대/ 원투▶학공치 - 릴찌/ 장대▶광어 - 릴찌/ 원투▶숭어 - 릴찌/ 장대/ 홀치기▶도다리 - 원투","needs-check","MOF_SHARED_ROCK_FISHING_POINT","https://www.data.go.kr/data/15148580/fileData.do","2026-07-11","431","POINT (894795.459116464 1835270.13382924)","공식 갯바위낚시포인트 데이터 기반. 갯바위 출입 가능 여부와 안전 통제는 현장 및 공식 안내 확인 필요."
"rock-432","안면도 남 부 - 샛별 해수욕장 남측 갯바위","rock-fishing-point","충청남도","태안군","충청남도 태안군","36.443167","","우럭|노래미|학공치|광어|숭어|도다리","중들물~중날물","0.4~0.9","암","▶우럭 - 릴찌/ 원투▶노래미 - 루어/ 릴찌/ 장대/ 원투▶학공치 - 릴찌/ 장대▶광어 - 릴찌/ 원투▶숭어 - 릴찌/ 장대/ 홀치기▶도다리 - 원투","needs-check","MOF_SHARED_ROCK_FISHING_POINT","https://www.data.go.kr/data/15148580/fileData.do","2026-07-11","432","POINT (895477.752652666 1827920.8743584)","공식 갯바위낚시포인트 데이터 기반. 갯바위 출입 가능 여부와 안전 통제는 현장 및 공식 안내 확인 필요."
"rock-433","안면도 남 부 - 사도 갯바위","rock-fishing-point","충청남도","태안군","충청남도 태안군","36.464139","","우럭|광어|숭어|농어|노래미|삼치","중들물~중날물","0.6~1.5","암","▶우럭 - 릴찌/ 원투▶광어 - 릴찌/ 원투▶숭어 - 릴찌/ 장대/ 홀치기▶농어 - 루어/ 릴찌▶노래미 - 루어/ 릴찌/ 장대/ 원투▶삼치 - 루어/ 릴찌","needs-check","MOF_SHARED_ROCK_FISHING_POINT","https://www.data.go.kr/data/15148580/fileData.do","2026-07-11","433","POINT (904570.58949522 1830142.40411172)","공식 갯바위낚시포인트 데이터 기반. 갯바위 출입 가능 여부와 안전 통제는 현장 및 공식 안내 확인 필요."
"rock-434","가의도 - 북측 갯바위","rock-fishing-point","충청남도","태안군","충청남도 태안군","36.688639","","우럭|노래미|고등어|광어|주꾸미|학공치","상관없음","2.1~7.0","펄/ 모래","▶우럭 - 릴찌/ 원투▶노래미 - 루어/ 릴찌/ 장대/ 원투▶고등어 - 루어/ 릴찌/ 장대▶광어 - 릴찌/ 원투▶주꾸미 - 릴찌/ 원투/ 장대▶학공치 - 릴찌/ 장대","needs-check","MOF_SHARED_ROCK_FISHING_POINT","https://www.data.go.kr/data/15148580/fileData.do","2026-07-11","434","POINT (873179.121703356 1855456.70018498)","공식 갯바위낚시포인트 데이터 기반. 갯바위 출입 가능 여부와 안전 통제는 현장 및 공식 안내 확인 필요."
"rock-435","가의도 - 코끼리 바위","rock-fishing-point","충청남도","태안군","충청남도 태안군","36.682528","","우럭|노래미|고등어|광어|주꾸미|학공치","상관없음","1.3~2.4","암","▶우럭 - 릴찌/ 원투▶노래미 - 루어/ 릴찌/ 장대/ 원투▶고등어 - 루어/ 릴찌/ 장대▶광어 - 릴찌/ 원투▶주꾸미 - 릴찌/ 원투/ 장대▶학공치 - 릴찌/ 장대","needs-check","MOF_SHARED_ROCK_FISHING_POINT","https://www.data.go.kr/data/15148580/fileData.do","2026-07-11","435","POINT (873988.152465291 1854766.66489172)","공식 갯바위낚시포인트 데이터 기반. 갯바위 출입 가능 여부와 안전 통제는 현장 및 공식 안내 확인 필요."
"rock-436","개야도 - 죽도 동측 갯바위","rock-fishing-point","전라북도","군산시","전라북도 군산시","36.036083","","망농어|부세|감성돔|백조기","초들물~중날물","1.2~1.5","암","▶망농어 - 루어/ 릴찌▶부세 - 릴찌/ 원투▶감성돔 - 릴찌/ 장대/ 원투▶백조기 - 릴찌/ 원투","needs-check","MOF_SHARED_ROCK_FISHING_POINT","https://www.data.go.kr/data/15148580/fileData.do","2026-07-11","436","POINT (912697.3385594111 1782569.97941763)","공식 갯바위낚시포인트 데이터 기반. 갯바위 출입 가능 여부와 안전 통제는 현장 및 공식 안내 확인 필요."
"rock-437","개야도 - 장골 북측 갯바위","rock-fishing-point","전라북도","군산시","전라북도 군산시","36.045000","","농어|부세|감성돔|백조기","초들물~중날물","-0.3~-0.9","암","▶농어 - 루어/ 릴찌▶부세 - 릴찌/ 원투▶감성돔 - 릴찌/ 장대/ 원투▶백조기 - 릴찌/ 원투","needs-check","MOF_SHARED_ROCK_FISHING_POINT","https://www.data.go.kr/data/15148580/fileData.do","2026-07-11","437","POINT (913910.75410197 1783547.12213793)","공식 갯바위낚시포인트 데이터 기반. 갯바위 출입 가능 여부와 안전 통제는 현장 및 공식 안내 확인 필요."
"rock-438","안마도·석만도 - 우물밑 좌측 갯바위","rock-fishing-point","전라남도","영광군","전라남도 영광군","35.370722","","간재미|노래미|붕장어|우럭|민어|광어","들물/날물","6.2~6.8","펄","▶간재미 - 릴찌/ 장대/ 원투▶노래미 - 루어/ 릴찌/ 장대/ 원투▶붕장어 - 원투▶우럭 - 릴찌/ 원투▶민어 - 루어/ 지깅/ 원투▶광어 - 릴찌/ 원투","needs-check","MOF_SHARED_ROCK_FISHING_POINT","https://www.data.go.kr/data/15148580/fileData.do","2026-07-11","438","POINT (867487.563504326 1709317.57130826)","공식 갯바위낚시포인트 데이터 기반. 갯바위 출입 가능 여부와 안전 통제는 현장 및 공식 안내 확인 필요."
"rock-439","송이도 - 양골앞 갯바위","rock-fishing-point","전라남도","영광군","전라남도 영광군","35.288861","","감성돔|민어|숭어|농어|붕장어|우럭","들물/날물","1.5~2.5","암","▶감성돔 - 릴찌/ 장대/ 원투▶민어 - 루어/ 지깅/ 원투▶숭어 - 릴찌/ 장대/ 홀치기▶농어 - 루어/ 릴찌▶붕장어 - 원투▶우럭 - 릴찌/ 원투","needs-check","MOF_SHARED_ROCK_FISHING_POINT","https://www.data.go.kr/data/15148580/fileData.do","2026-07-11","439","POINT (877397.557703627 1700095.84874925)","공식 갯바위낚시포인트 데이터 기반. 갯바위 출입 가능 여부와 안전 통제는 현장 및 공식 안내 확인 필요."
"rock-440","흑산도·삼태도 - 상태도 마을 앞 갯바위","rock-fishing-point","전라남도","신안군","전라남도 신안군","34.435028","","감성돔|농어|돌돔|볼락|우럭|열기|참돔","초날물~중날물","5.1m~6.8m","바위","▶감성돔 - 릴찌/ 장대/ 원투 ▶농어 - 루어/ 릴찌▶돌돔 - 릴찌/ 장대/ 원투 ▶볼락 - 루어/ 릴찌/ 장대▶우럭 - 릴찌/ 원투 ▶열기 - 외줄 ▶참돔 - 부력/ 잠수","needs-check","MOF_SHARED_ROCK_FISHING_POINT","https://www.data.go.kr/data/15148580/fileData.do","2026-07-11","440","POINT (796158.112750401 1606809.92339806)","공식 갯바위낚시포인트 데이터 기반. 갯바위 출입 가능 여부와 안전 통제는 현장 및 공식 안내 확인 필요."
"rock-441","노화도·보길도·소안도 - 노화도 북쪽 목부분 홈통","rock-fishing-point","전라남도","완도군","전라남도 완도군","34.233944","","감성돔|농어|숭어|우럭|볼락|참돔","사리 전·후","8m~10","펄","▶감성돔 - 릴찌/ 장대/ 원투 ▶농어 - 루어/ 릴찌▶숭어 - 릴찌/ 장대/ 훌치기 ▶우럭 - 릴찌/ 원투▶볼락 - 루어/ 릴찌/ 장대 ▶참돔 - 부력/ 잠수","needs-check","MOF_SHARED_ROCK_FISHING_POINT","https://www.data.go.kr/data/15148580/fileData.do","2026-07-11","441","POINT (913486.5773848561 1582679.7532553)","공식 갯바위낚시포인트 데이터 기반. 갯바위 출입 가능 여부와 안전 통제는 현장 및 공식 안내 확인 필요."
"rock-442","노화도·보길도·소안도 - 노화도 갈미각 부근 갯바위","rock-fishing-point","전라남도","완도군","전라남도 완도군","34.213000","","감성돔|농어|돌돔|볼락|우럭|참돔","사리 전·후","3.8m~4.5m","펄","▶감성돔 - 릴찌/ 장대/ 원투 ▶농어 - 루어/ 릴찌▶돌돔 - 릴찌/ 장대/ 원투 ▶볼락 - 루어/ 릴찌/ 장대▶우럭 - 릴찌/ 원투 ▶참돔 - 부력/ 잠수","needs-check","MOF_SHARED_ROCK_FISHING_POINT","https://www.data.go.kr/data/15148580/fileData.do","2026-07-11","442","POINT (912999.440222949 1580361.58025669)","공식 갯바위낚시포인트 데이터 기반. 갯바위 출입 가능 여부와 안전 통제는 현장 및 공식 안내 확인 필요."
"rock-443","노화도·보길도·소안도 - 보길도 망월각 갯바위","rock-fishing-point","전라남도","완도군","전라남도 완도군","34.139333","","감성돔|농어|돌돔|볼락|벵에돔|우럭","사리 전·후","6.3m~7m","바위","▶감성돔 - 릴찌/ 장대/ 원투 ▶농어 - 루어/ 릴찌▶돌돔 - 릴찌/ 장대/ 원투 ▶볼락 - 루어/ 릴찌/ 장대▶벵에돔 - 목줄/ 장대/ 부력/ 잠수 ▶우럭 - 릴찌/ 원투","needs-check","MOF_SHARED_ROCK_FISHING_POINT","https://www.data.go.kr/data/15148580/fileData.do","2026-07-11","443","POINT (908231.751735046 1572237.49714131)","공식 갯바위낚시포인트 데이터 기반. 갯바위 출입 가능 여부와 안전 통제는 현장 및 공식 안내 확인 필요."
"rock-444","노화도·보길도·소안도 - 소안도 청변각 갯바위(코바위)","rock-fishing-point","전라남도","완도군","전라남도 완도군","34.181528","","감성돔|돌돔|농어|벵에돔|우럭|참돔","사리 전·후","3.1m~5m","펄/ 모래/ 조개껍질","▶감성돔 - 릴찌/ 장대/ 원투 ▶돌돔 - 릴찌/ 장대/ 원투▶농어 - 루어/ 릴찌 ▶벵에돔 - 목줄/ 장대/ 부력/ 잠수▶우럭 - 릴찌/ 원투 ▶참돔 - 부력/ 잠수","needs-check","MOF_SHARED_ROCK_FISHING_POINT","https://www.data.go.kr/data/15148580/fileData.do","2026-07-11","444","POINT (924826.93499621 1576769.35801669)","공식 갯바위낚시포인트 데이터 기반. 갯바위 출입 가능 여부와 안전 통제는 현장 및 공식 안내 확인 필요."
"rock-445","노화도·보길도·소안도 - 소안도 밖고래여 부근","rock-fishing-point","전라남도","완도군","전라남도 완도군","34.148361","","감성돔|돌돔|농어|벵에돔|우럭|참돔","사리 전·후","3.2m~3.8m","펄","▶감성돔 - 릴찌/ 장대/ 원투 ▶돌돔 - 릴찌/ 장대/ 원투▶농어 - 루어/ 릴찌 ▶벵에돔 - 목줄/ 장대/ 부력/ 잠수▶우럭 - 릴찌/ 원투 ▶ 참돔 - 부력/ 잠수","needs-check","MOF_SHARED_ROCK_FISHING_POINT","https://www.data.go.kr/data/15148580/fileData.do","2026-07-11","445","POINT (924641.3205900181 1573092.91552257)","공식 갯바위낚시포인트 데이터 기반. 갯바위 출입 가능 여부와 안전 통제는 현장 및 공식 안내 확인 필요."
"rock-446","만재도 - 보건소 하단 부근","rock-fishing-point","전라남도","신안군","전라남도 신안군","34.206591","","돌돔|참돔|감성돔|우럭|광어|농어|볼락|문어","조금 전후","13~16m","암","▶ 돌돔 - 릴찌/ 장대/ 원투▶ 참돔 - 부력/ 잠수▶ 감성돔 - 릴찌/ 장대/ 원투▶ 우럭 - 릴찌/ 원투▶ 광어 - 릴찌/ 원투▶ 농어 - 루어/ 릴찌▶ 볼락 - 릴찌/ 장대/ 루어▶ 문어 - 루어","needs-check","MOF_SHARED_ROCK_FISHING_POINT","https://www.data.go.kr/data/15148580/fileData.do","2026-07-11","446","POINT (812911.9517427641 1581112.09405516)","공식 갯바위낚시포인트 데이터 기반. 갯바위 출입 가능 여부와 안전 통제는 현장 및 공식 안내 확인 필요."
"rock-461","고흥호 부근 - 고흥만방조제","rock-fishing-point","전라남도","고흥군","전라남도 고흥군","34.653539","","감성돔|농어|도다리|숭어|붕장어|학공치","들물","0.8~1.6m","펄","▶ 감성돔 - 릴찌/ 장대/ 원투▶ 농어 - 루어/ 릴찌▶ 도다리 - 원투▶ 숭어 - 릴찌/ 장대/ 훌치기▶ 붕장어 - 원투▶ 학공치 - 릴찌/ 장대","needs-check","MOF_SHARED_ROCK_FISHING_POINT","https://www.data.go.kr/data/15148580/fileData.do","2026-07-11","461","POINT (974721.010031394 1628842.49449004)","공식 갯바위낚시포인트 데이터 기반. 갯바위 출입 가능 여부와 안전 통제는 현장 및 공식 안내 확인 필요."
"rock-447","만재도 - 내마도 하단 부근","rock-fishing-point","전라남도","신안군","전라남도 신안군","34.206151","","돌돔|참돔|감성돔|우럭|광어|농어|볼락|문어","조금 전후","10~16m","암","▶ 돌돔 - 릴찌/ 장대/ 원투▶ 참돔 - 부력/ 잠수▶ 감성돔 - 릴찌/ 장대/ 원투▶ 우럭 - 릴찌/ 원투▶ 광어 - 릴찌/ 원투▶ 농어 - 루어/ 릴찌▶ 볼락 - 릴찌/ 장대/ 루어▶ 문어 - 루어","needs-check","MOF_SHARED_ROCK_FISHING_POINT","https://www.data.go.kr/data/15148580/fileData.do","2026-07-11","447","POINT (812561.212562686 1581070.27311649)","공식 갯바위낚시포인트 데이터 기반. 갯바위 출입 가능 여부와 안전 통제는 현장 및 공식 안내 확인 필요."
"rock-448","목포 부근 - 우도","rock-fishing-point","전라남도","무안군","전라남도 무안군","34.860617","","감성돔|붕장어|우럭|노래미|농어|볼락","사리 전후/ 초들물~중날물","0.2~0.3m","펄","▶ 감성돔 - 릴찌/ 장대/ 원투▶ 붕장어 - 원투▶ 우럭 - 릴찌/ 원투▶ 노래미 - 루어/ 릴찌/ 장대/ 원투▶ 농어 - 루어/ 릴찌▶ 볼락 - 릴찌/ 장대/ 루어","needs-check","MOF_SHARED_ROCK_FISHING_POINT","https://www.data.go.kr/data/15148580/fileData.do","2026-07-11","448","POINT (898229.66861952 1652336.41976307)","공식 갯바위낚시포인트 데이터 기반. 갯바위 출입 가능 여부와 안전 통제는 현장 및 공식 안내 확인 필요."
"rock-449","목포 부근 - 금호바닷가펜션 부근","rock-fishing-point","전라남도","해남군","전라남도 해남군","34.696944","","감성돔|붕장어|우럭|노래미|농어|볼락","사리 전후/ 초들물~중날물","0.9~1.5m","펄","▶ 감성돔 - 릴찌/ 장대/ 원투▶ 붕장어 - 원투▶ 우럭 - 릴찌/ 원투▶ 노래미 - 루어/ 릴찌/ 장대/ 원투▶ 농어 - 루어/ 릴찌▶ 볼락 - 릴찌/ 장대/ 루어","needs-check","MOF_SHARED_ROCK_FISHING_POINT","https://www.data.go.kr/data/15148580/fileData.do","2026-07-11","449","POINT (895911.983223239 1634208.75010814)","공식 갯바위낚시포인트 데이터 기반. 갯바위 출입 가능 여부와 안전 통제는 현장 및 공식 안내 확인 필요."
"rock-450","화원 부근 - 고도","rock-fishing-point","전라남도","해남군","전라남도 해남군","34.668465","","감성돔|붕장어|농어","조금 전후/ 초들물~중날물","2.5~3.6m","암","▶ 감성돔 - 릴찌/ 장대/ 원투▶ 붕장어 - 원투▶ 농어 - 루어/ 릴찌","needs-check","MOF_SHARED_ROCK_FISHING_POINT","https://www.data.go.kr/data/15148580/fileData.do","2026-07-11","450","POINT (885731.155638115 1631170.61501968)","공식 갯바위낚시포인트 데이터 기반. 갯바위 출입 가능 여부와 안전 통제는 현장 및 공식 안내 확인 필요."
"rock-451","화원 부근 - 월낭산 서측","rock-fishing-point","전라남도","해남군","전라남도 해남군","34.631528","","감성돔|붕장어|농어","조금 전후/ 초들물~중날물","-0.1~0.6m","펄","▶ 감성돔 - 릴찌/ 장대/ 원투▶ 붕장어 - 원투▶ 농어 - 루어/ 릴찌","needs-check","MOF_SHARED_ROCK_FISHING_POINT","https://www.data.go.kr/data/15148580/fileData.do","2026-07-11","451","POINT (889374.475411539 1627029.34237031)","공식 갯바위낚시포인트 데이터 기반. 갯바위 출입 가능 여부와 안전 통제는 현장 및 공식 안내 확인 필요."
"rock-452","거차수도 부근 - 서거차 북쪽 홈통","rock-fishing-point","전라남도","진도군","전라남도 진도군","34.260014","","참돔|감성돔|돌돔|우럭|농어|부시리","10물~5물","1.8~4.1m","암","▶ 참돔 - 부력/ 잠수▶ 감성돔 - 릴찌/ 장대/ 원투▶ 돌돔 - 릴찌/ 장대/ 원투▶ 우럭 - 릴찌/ 원투▶ 농어 - 루어/ 릴찌▶ 부시리 - 부력/ 잠수/ 지깅","needs-check","MOF_SHARED_ROCK_FISHING_POINT","https://www.data.go.kr/data/15148580/fileData.do","2026-07-11","452","POINT (854335.044041562 1586303.72974163)","공식 갯바위낚시포인트 데이터 기반. 갯바위 출입 가능 여부와 안전 통제는 현장 및 공식 안내 확인 필요."
"rock-453","거차수도 부근 - 상어여 갯바위","rock-fishing-point","전라남도","진도군","전라남도 진도군","34.244175","","참돔|감성돔|돌돔|우럭|농어|부시리","10물~5물","0.9~9.2m","암","▶ 참돔 - 부력/ 잠수▶ 감성돔 - 릴찌/ 장대/ 원투▶ 돌돔 - 릴찌/ 장대/ 원투▶ 우럭 - 릴찌/ 원투▶ 농어 - 루어/ 릴찌▶ 부시리 - 부력/ 잠수/ 지깅","needs-check","MOF_SHARED_ROCK_FISHING_POINT","https://www.data.go.kr/data/15148580/fileData.do","2026-07-11","453","POINT (854791.1392193671 1584539.7246431)","공식 갯바위낚시포인트 데이터 기반. 갯바위 출입 가능 여부와 안전 통제는 현장 및 공식 안내 확인 필요."
"rock-454","거차수도 부근 - 동거차 망도","rock-fishing-point","전라남도","진도군","전라남도 진도군","34.244718","","참돔|감성돔|돌돔|우럭|농어|부시리","10물~5물","2.7~12.8m","암","▶ 참돔 - 부력/ 잠수▶ 감성돔 - 릴찌/ 장대/ 원투▶ 돌돔 - 릴찌/ 장대/ 원투▶ 우럭 - 릴찌/ 원투▶ 농어 - 루어/ 릴찌▶ 부시리 - 부력/ 잠수/ 지깅","needs-check","MOF_SHARED_ROCK_FISHING_POINT","https://www.data.go.kr/data/15148580/fileData.do","2026-07-11","454","POINT (857626.824168 1584556.46433774)","공식 갯바위낚시포인트 데이터 기반. 갯바위 출입 가능 여부와 안전 통제는 현장 및 공식 안내 확인 필요."
"rock-455","거차수도 부근 - 맹골 돔바위","rock-fishing-point","전라남도","진도군","전라남도 진도군","34.217089","","참돔|감성돔|돌돔|우럭|농어|부시리","10물~5물","1.5~1.9m","암","▶ 참돔 - 부력/ 잠수▶ 감성돔 - 릴찌/ 장대/ 원투▶ 돌돔 - 릴찌/ 장대/ 원투▶ 우럭 - 릴찌/ 원투▶ 농어 - 루어/ 릴찌▶ 부시리 - 부력/ 잠수/ 지깅","needs-check","MOF_SHARED_ROCK_FISHING_POINT","https://www.data.go.kr/data/15148580/fileData.do","2026-07-11","455","POINT (847697.303857786 1581647.70833556)","공식 갯바위낚시포인트 데이터 기반. 갯바위 출입 가능 여부와 안전 통제는 현장 및 공식 안내 확인 필요."
"rock-456","독거군도 부근 - 슬도 북단","rock-fishing-point","전라남도","진도군","전라남도 진도군","34.266235","","참돔|감성돔|돌돔|광어|농어","조금~4물","3.2~4.7m","암","▶ 참돔 - 부력/ 잠수▶ 감성돔 - 릴찌/ 장대/ 원투▶ 돌돔 - 릴찌/ 장대/ 원투▶ 광어-릴찌/ 원투▶ 농어 - 루어/ 릴찌","needs-check","MOF_SHARED_ROCK_FISHING_POINT","https://www.data.go.kr/data/15148580/fileData.do","2026-07-11","456","POINT (875752.3484660829 1586685.18244881)","공식 갯바위낚시포인트 데이터 기반. 갯바위 출입 가능 여부와 안전 통제는 현장 및 공식 안내 확인 필요."
"rock-457","독거군도 부근 - 변도","rock-fishing-point","전라남도","진도군","전라남도 진도군","34.267211","","참돔|감성돔|돌돔|광어|농어","조금~4물","7.7~26m","암","▶ 참돔 - 부력/ 잠수▶ 감성돔 - 릴찌/ 장대/ 원투▶ 돌돔 - 릴찌/ 장대/ 원투▶ 광어-릴찌/ 원투▶ 농어 - 루어/ 릴찌","needs-check","MOF_SHARED_ROCK_FISHING_POINT","https://www.data.go.kr/data/15148580/fileData.do","2026-07-11","457","POINT (877400.171492695 1586771.70239794)","공식 갯바위낚시포인트 데이터 기반. 갯바위 출입 가능 여부와 안전 통제는 현장 및 공식 안내 확인 필요."
"rock-458","독거군도 부근 - 초도","rock-fishing-point","전라남도","진도군","전라남도 진도군","34.227645","","참돔|감성돔|돌돔|광어|농어","조금~3물","0.2~9.5m","암","▶ 참돔 - 부력/ 잠수▶ 감성돔 - 릴찌/ 장대/ 원투▶ 돌돔 - 릴찌/ 장대/ 원투▶ 광어-릴찌/ 원투▶ 농어 - 루어/ 릴찌","needs-check","MOF_SHARED_ROCK_FISHING_POINT","https://www.data.go.kr/data/15148580/fileData.do","2026-07-11","458","POINT (876972.156416107 1582389.02101129)","공식 갯바위낚시포인트 데이터 기반. 갯바위 출입 가능 여부와 안전 통제는 현장 및 공식 안내 확인 필요."
"rock-459","추자군도 - 추자대교","rock-fishing-point","제주특별자치도","제주시","제주특별자치도 제주시","33.952795","","감성돔|벵에돔|참돔|돌돔|볼락|부시리","11물~5물/ 정조전후","0.1~0.2m","암","▶ 감성돔 - 릴찌/ 장대/ 원투▶ 벵에돔 - 목줄/ 장대/ 부력/ 잠수▶ 참돔 - 부력/ 잠수▶ 돌돔 - 민장대/ 릴찌/ 원투▶ 볼락 - 릴찌/ 장대/ 루어▶ 부시리 - 부력/ 잠수/ 지깅","needs-check","MOF_SHARED_ROCK_FISHING_POINT","https://www.data.go.kr/data/15148580/fileData.do","2026-07-11","459","POINT (889466.564151579 1551751.48351691)","공식 갯바위낚시포인트 데이터 기반. 갯바위 출입 가능 여부와 안전 통제는 현장 및 공식 안내 확인 필요."
"rock-460","추자군도 - 석죽머리 부근","rock-fishing-point","제주특별자치도","제주시","제주특별자치도 제주시","33.935234","","감성돔|벵에돔|참돔|돌돔|볼락|부시리","11물~5물/ 정조전후","0.1~1.8m","모래/ 조개껍질","▶ 감성돔 - 릴찌/ 장대/ 원투▶ 벵에돔 - 목줄/ 장대/ 부력/ 잠수▶ 참돔 - 부력/ 잠수▶ 돌돔 - 민장대/ 릴찌/ 원투▶ 볼락 - 릴찌/ 장대/ 루어▶ 부시리 - 부력/ 잠수/ 지깅","needs-check","MOF_SHARED_ROCK_FISHING_POINT","https://www.data.go.kr/data/15148580/fileData.do","2026-07-11","460","POINT (891705.0453228741 1549778.07892059)","공식 갯바위낚시포인트 데이터 기반. 갯바위 출입 가능 여부와 안전 통제는 현장 및 공식 안내 확인 필요."
"rock-490","이작도·승봉도 - 승봉도 소각장 부근","rock-fishing-point","인천광역시","옹진군","인천광역시 옹진군","37.175000","","넙치|노래미|농어|우럭","초들물~중들물","1.1m~1.9m","펄","▶넙치 - 루어/ 원투 ▶노래미 - 루어/ 릴찌/ 장대/ 원투▶농어 - 루어/ 릴찌 ▶우럭 - 릴찌/ 원투","needs-check","MOF_SHARED_ROCK_FISHING_POINT","https://www.data.go.kr/data/15148580/fileData.do","2026-07-11","490","POINT (892934.1915012731 1909151.91401249)","공식 갯바위낚시포인트 데이터 기반. 갯바위 출입 가능 여부와 안전 통제는 현장 및 공식 안내 확인 필요."
"rock-462","거금수도 부근 - 소염도","rock-fishing-point","전라남도","고흥군","전라남도 고흥군","34.435296","","감성돔|숭어|우럭|노래미|농어|볼락","초들물~만조","2.1~3.5m","암","▶ 감성돔 - 릴찌/ 장대/ 원투▶ 숭어 - 릴찌/ 장대/ 훌치기▶ 우럭 - 릴찌/ 원투▶ 노래미 - 루어/ 릴찌/ 장대/ 원투▶ 농어 - 루어/ 릴찌▶ 볼락 - 릴찌/ 장대/ 루어","needs-check","MOF_SHARED_ROCK_FISHING_POINT","https://www.data.go.kr/data/15148580/fileData.do","2026-07-11","462","POINT (984291.989291149 1604620.66319766)","공식 갯바위낚시포인트 데이터 기반. 갯바위 출입 가능 여부와 안전 통제는 현장 및 공식 안내 확인 필요."
"rock-463","거금수도 부근 - 까치목골 앞","rock-fishing-point","전라남도","고흥군","전라남도 고흥군","34.505245","","감성돔|숭어|우럭|노래미|농어|볼락","초들물~만조","1.3~1.5m","펄","▶ 감성돔 - 릴찌/ 장대/ 원투▶ 숭어 - 릴찌/ 장대/ 훌치기▶ 우럭 - 릴찌/ 원투▶ 노래미 - 루어/ 릴찌/ 장대/ 원투▶ 농어 - 루어/ 릴찌▶ 볼락 - 릴찌/ 장대/ 루어","needs-check","MOF_SHARED_ROCK_FISHING_POINT","https://www.data.go.kr/data/15148580/fileData.do","2026-07-11","463","POINT (989690.24846851 1612369.5865169)","공식 갯바위낚시포인트 데이터 기반. 갯바위 출입 가능 여부와 안전 통제는 현장 및 공식 안내 확인 필요."
"rock-464","거금수도 부근 - 대바래섬 북측","rock-fishing-point","전라남도","고흥군","전라남도 고흥군","34.379198","","감성돔|숭어|우럭|노래미|농어|볼락","초들물~만조","1.9~9m","펄/ 모래","▶ 감성돔 - 릴찌/ 장대/ 원투▶ 숭어 - 릴찌/ 장대/ 훌치기▶ 우럭 - 릴찌/ 원투▶ 노래미 - 루어/ 릴찌/ 장대/ 원투▶ 농어 - 루어/ 릴찌▶ 볼락 - 릴찌/ 장대/ 루어","needs-check","MOF_SHARED_ROCK_FISHING_POINT","https://www.data.go.kr/data/15148580/fileData.do","2026-07-11","464","POINT (979256.912741013 1598409.98744794)","공식 갯바위낚시포인트 데이터 기반. 갯바위 출입 가능 여부와 안전 통제는 현장 및 공식 안내 확인 필요."
"rock-465","낭도 부근 - 둔병도 남측","rock-fishing-point","전라남도","여수시","전라남도 여수시","34.623283","","감성돔|붕장어|농어|숭어","조금 전후/ 5물~8물","6.8~17.9m","암","▶ 감성돔 - 릴찌/ 장대/ 원투▶ 붕장어 - 원투▶ 농어 - 루어/ 릴찌▶ 숭어 - 릴찌/ 장대/ 훌치기","needs-check","MOF_SHARED_ROCK_FISHING_POINT","https://www.data.go.kr/data/15148580/fileData.do","2026-07-11","465","POINT (1003718.22395533 1625453.55057742)","공식 갯바위낚시포인트 데이터 기반. 갯바위 출입 가능 여부와 안전 통제는 현장 및 공식 안내 확인 필요."
"rock-466","낭도 부근 - 낭도 철탑 밑","rock-fishing-point","전라남도","여수시","전라남도 여수시","34.602655","","감성돔|붕장어|농어|숭어","조금 전후/ 5물~8물","1.6~6.3m","암","▶ 감성돔 - 릴찌/ 장대/ 원투▶ 붕장어 - 원투▶ 농어 - 루어/ 릴찌▶ 숭어 - 릴찌/ 장대/ 훌치기","needs-check","MOF_SHARED_ROCK_FISHING_POINT","https://www.data.go.kr/data/15148580/fileData.do","2026-07-11","466","POINT (1002362.27916275 1623165.70776207)","공식 갯바위낚시포인트 데이터 기반. 갯바위 출입 가능 여부와 안전 통제는 현장 및 공식 안내 확인 필요."
"rock-467","낭도 부근 - 추도 남측","rock-fishing-point","전라남도","여수시","전라남도 여수시","34.590624","","감성돔|붕장어|농어|숭어","사리 전후/ 초날물","3.8~6m","암","▶ 감성돔 - 릴찌/ 장대/ 원투▶ 붕장어 - 원투▶ 농어 - 루어/ 릴찌▶ 숭어 - 릴찌/ 장대/ 훌치기","needs-check","MOF_SHARED_ROCK_FISHING_POINT","https://www.data.go.kr/data/15148580/fileData.do","2026-07-11","467","POINT (1006515.52729452 1621833.64590982)","공식 갯바위낚시포인트 데이터 기반. 갯바위 출입 가능 여부와 안전 통제는 현장 및 공식 안내 확인 필요."
"rock-468","상조도·하조도·관매도 - 형제도 앞","rock-fishing-point","전라남도","진도군","전라남도 진도군","34.224972","","감성돔|돌돔|참돔|도다리|노래미|우럭","초들물~중날물","2.2~3.2","펄","▶감성돔 - 릴찌/ 장대/ 원투 ▶돌돔 - 원투/ 민장대/ 릴찌▶참돔 - 부력/ 잠수 ▶도다리 - 원투▶노래미 - 루어/ 릴찌/ 장대/ 원투 ▶우럭 - 릴찌/ 원투","needs-check","MOF_SHARED_ROCK_FISHING_POINT","https://www.data.go.kr/data/15148580/fileData.do","2026-07-11","468","POINT (867104.558564868 1582227.1444361)","공식 갯바위낚시포인트 데이터 기반. 갯바위 출입 가능 여부와 안전 통제는 현장 및 공식 안내 확인 필요."
"rock-469","가거도 - 간서 갯바위","rock-fishing-point","전라남도","신안군","전라남도 신안군","34.063194","","감성돔|노래미|농어|학공치|우럭|돌돔|부시리","초들물~중날물","5.7~13.7","암","▶감성돔 - 릴찌/ 장대/ 원투▶노래미 - 루어/ 릴찌/ 장대/ 원투▶농어 - 루어▶학공치 - 릴찌/ 장대▶우럭 - 루어/ 릴찌/ 장대/ 원투▶돌돔 - 릴찌▶부시리 - 루어","needs-check","MOF_SHARED_ROCK_FISHING_POINT","https://www.data.go.kr/data/15148580/fileData.do","2026-07-11","469","POINT (778061.53216285 1565957.52610081)","공식 갯바위낚시포인트 데이터 기반. 갯바위 출입 가능 여부와 안전 통제는 현장 및 공식 안내 확인 필요."
"rock-470","가거도 - 칼바위","rock-fishing-point","전라남도","신안군","전라남도 신안군","34.096278","","감성돔|노래미|참돔|농어|볼락|우럭|돌돔|부시리","초들물~중날물","4.0~7.8","암","▶감성돔 - 릴찌/ 장대/ 원투 ▶노래미 - 루어/ 릴찌/ 장대/ 원투 ▶참돔 - 릴찌 ▶농어 - 루어▶볼락 - 릴찌/ 장대/ 루어 ▶우럭 - 루어/ 릴찌/ 장대/ 원투 ▶돌돔 - 릴찌 ▶부시리 - 루어","needs-check","MOF_SHARED_ROCK_FISHING_POINT","https://www.data.go.kr/data/15148580/fileData.do","2026-07-11","470","POINT (778406.768364649 1569620.90921954)","공식 갯바위낚시포인트 데이터 기반. 갯바위 출입 가능 여부와 안전 통제는 현장 및 공식 안내 확인 필요."
"rock-471","가거도 - 장개다랑 갯바위","rock-fishing-point","전라남도","신안군","전라남도 신안군","34.091778","","감성돔|노래미|참돔|농어|볼락|우럭|돌돔|부시리","초들물~중날물","3.9~4.1","암","▶감성돔 - 릴찌/ 장대/ 원투 ▶노래미 - 루어/ 릴찌/ 장대/ 원투 ▶참돔 - 릴찌 ▶농어 - 루어▶볼락 - 릴찌/ 장대/ 루어 ▶우럭 - 루어/ 릴찌/ 장대/ 원투 ▶돌돔 - 릴찌 ▶부시리 - 루어","needs-check","MOF_SHARED_ROCK_FISHING_POINT","https://www.data.go.kr/data/15148580/fileData.do","2026-07-11","471","POINT (779645.923742693 1569092.45780025)","공식 갯바위낚시포인트 데이터 기반. 갯바위 출입 가능 여부와 안전 통제는 현장 및 공식 안내 확인 필요."
"rock-472","가거도 - 거북바위","rock-fishing-point","전라남도","신안군","전라남도 신안군","34.050556","","감성돔|노래미|참돔|농어|볼락|우럭|돌돔|부시리","초들물~중날물","2.2~5.0","펄","▶감성돔 - 릴찌/ 장대/ 원투 ▶노래미 - 루어/ 릴찌/ 장대/ 원투 ▶참돔 - 릴찌 ▶농어 - 루어▶볼락 - 릴찌/ 장대/ 루어 ▶우럭 - 루어/ 릴찌/ 장대/ 원투 ▶돌돔 - 릴찌 ▶부시리 - 루어","needs-check","MOF_SHARED_ROCK_FISHING_POINT","https://www.data.go.kr/data/15148580/fileData.do","2026-07-11","472","POINT (782136.939695779 1564459.96196335)","공식 갯바위낚시포인트 데이터 기반. 갯바위 출입 가능 여부와 안전 통제는 현장 및 공식 안내 확인 필요."
"rock-1004","슬도 - 울산 슬도","rock-fishing-point","울산광역시","동구","울산광역시 동구","35.478056","129.431222","감성돔|무늬오징어|숭어|전갱이","","0.5m~1.8m","모래/ 바위","▶감성돔-장대/ 릴찌▶무늬오징어-루어/ 릴찌▶숭어-원투/ 릴찌▶전갱이-루어","needs-check","MOF_SHARED_ROCK_FISHING_POINT","https://www.data.go.kr/data/15148580/fileData.do","2026-07-11","1004","POINT (1175208.0370275 1721959.09278971)","공식 갯바위낚시포인트 데이터 기반. 갯바위 출입 가능 여부와 안전 통제는 현장 및 공식 안내 확인 필요."
"rock-473","가거도 - 큰납닥여","rock-fishing-point","전라남도","신안군","전라남도 신안군","34.047944","","감성돔|노래미|참돔|농어|볼락|우럭|돌돔|부시리","초들물~중날물","1.4~5.9","펄","▶감성돔 - 릴찌/ 장대/ 원투 ▶노래미 - 루어/ 릴찌/ 장대/ 원투 ▶참돔 - 릴찌 ▶농어 - 루어▶볼락 - 릴찌/ 장대/ 루어 ▶우럭 - 루어/ 릴찌/ 장대/ 원투 ▶돌돔 - 릴찌 ▶부시리 - 루어","needs-check","MOF_SHARED_ROCK_FISHING_POINT","https://www.data.go.kr/data/15148580/fileData.do","2026-07-11","473","POINT (781748.139472246 1564179.17760034)","공식 갯바위낚시포인트 데이터 기반. 갯바위 출입 가능 여부와 안전 통제는 현장 및 공식 안내 확인 필요."
"rock-474","금일도·생일도 - 금곡 해수욕장 남측 갯바위","rock-fishing-point","전라남도","완도군","전라남도 완도군","34.304111","","감성돔|숭어|우럭|노래미|농어|학공치|볼락|붕장어","초들물~중날물","4.2~5.0","암","▶감성돔 - 릴찌/ 장대/ 원투 ▶숭어 - 릴찌/ 장대/ 훌치기 ▶우럭 - 릴찌/ 원투 ▶노래미 - 루어/ 릴찌/ 장대/ 원투▶농어 - 루어/ 릴찌 ▶학공치 - 릴찌/ 장대 ▶볼락 - 루어/ 릴찌/ 장대 ▶붕장어 - 원투","needs-check","MOF_SHARED_ROCK_FISHING_POINT","https://www.data.go.kr/data/15148580/fileData.do","2026-07-11","474","POINT (951064.352079944 1590189.02561801)","공식 갯바위낚시포인트 데이터 기반. 갯바위 출입 가능 여부와 안전 통제는 현장 및 공식 안내 확인 필요."
"rock-475","초도 - 수리망태","rock-fishing-point","전라남도","여수시","전라남도 여수시","34.251694","","참돔|뱅어돔|볼락|감성돔|돌돔|농어","초들물~중날물","6.7~10.0","암","▶참돔 - 부력/ 잠수▶뱅어돔 - 목줄/ 장대/ 부력/ 잠수▶볼락 - 릴찌/ 장대/ 루어▶감성돔 - 릴찌/ 장대/ 원투▶돌돔 - 민장대/ 릴찌/ 원투▶농어 - 루어/ 릴찌","needs-check","MOF_SHARED_ROCK_FISHING_POINT","https://www.data.go.kr/data/15148580/fileData.do","2026-07-11","475","POINT (977587.486791716 1584275.706534)","공식 갯바위낚시포인트 데이터 기반. 갯바위 출입 가능 여부와 안전 통제는 현장 및 공식 안내 확인 필요."
"rock-476","초도 - 오밖끝","rock-fishing-point","전라남도","여수시","전라남도 여수시","34.230722","","참돔|뱅어돔|볼락|감성돔|돌돔|농어","초들물~중날물","1.6~4.4","암","▶참돔 - 부력/ 잠수▶뱅어돔 - 목줄/ 장대/ 부력/ 잠수▶볼락 - 릴찌/ 장대/ 루어▶감성돔 - 릴찌/ 장대/ 원투▶돌돔 - 민장대/ 릴찌/ 원투▶농어 - 루어/ 릴찌","needs-check","MOF_SHARED_ROCK_FISHING_POINT","https://www.data.go.kr/data/15148580/fileData.do","2026-07-11","476","POINT (977963.110981287 1581949.34587989)","공식 갯바위낚시포인트 데이터 기반. 갯바위 출입 가능 여부와 안전 통제는 현장 및 공식 안내 확인 필요."
"rock-477","초도 - 넙데기","rock-fishing-point","전라남도","여수시","전라남도 여수시","34.212833","","참돔|뱅어돔|볼락|감성돔|돌돔|농어","초들물~중날물","6.4~8.4","조개껍질","▶참돔 - 부력/ 잠수▶뱅어돔 - 목줄/ 장대/ 부력/ 잠수▶볼락 - 릴찌/ 장대/ 루어▶감성돔 - 릴찌/ 장대/ 원투▶돌돔 - 민장대/ 릴찌/ 원투▶농어 - 루어/ 릴찌","needs-check","MOF_SHARED_ROCK_FISHING_POINT","https://www.data.go.kr/data/15148580/fileData.do","2026-07-11","477","POINT (975760.434314821 1579971.2017032)","공식 갯바위낚시포인트 데이터 기반. 갯바위 출입 가능 여부와 안전 통제는 현장 및 공식 안내 확인 필요."
"rock-478","가사도 - 채석장 갯바위","rock-fishing-point","전라남도","진도군","전라남도 진도군","34.494194","","감성돔|갑오징어|우럭|농어|볼락|노래미","5물~9물","2.1~3.3","암","▶감성돔 - 릴찌/ 장대/ 원투▶갑오징어 - 에깅▶우럭 - 릴찌/ 원투▶농어 - 루어/ 릴찌▶볼락 - 릴찌/ 장대/ 루어▶노래미 - 루어/ 릴찌/ 장대/ 원투","needs-check","MOF_SHARED_ROCK_FISHING_POINT","https://www.data.go.kr/data/15148580/fileData.do","2026-07-11","478","POINT (866674.5340865611 1612095.41443799)","공식 갯바위낚시포인트 데이터 기반. 갯바위 출입 가능 여부와 안전 통제는 현장 및 공식 안내 확인 필요."
"rock-479","상조도·하조도·관매도 - 상조도 북측 철탑 아래","rock-fishing-point","전라남도","진도군","전라남도 진도군","34.342611","","감성돔|참돔|노래미|돌돔|도다리|우럭","초들물~중날물","1.4~2.5","고운모래","▶감성돔 - 릴찌/ 장대/ 원투 ▶참돔 - 부력/ 잠수 ▶노래미 - 루어/ 릴찌/ 장대/ 원투▶돌돔 - 원투/ 민장대/ 릴찌 ▶도다리 - 원투 ▶우럭 - 릴찌/ 원투","needs-check","MOF_SHARED_ROCK_FISHING_POINT","https://www.data.go.kr/data/15148580/fileData.do","2026-07-11","479","POINT (864478.952439349 1595313.20042557)","공식 갯바위낚시포인트 데이터 기반. 갯바위 출입 가능 여부와 안전 통제는 현장 및 공식 안내 확인 필요."
"rock-480","상조도·하조도·관매도 - 조도대교 남단","rock-fishing-point","전라남도","진도군","전라남도 진도군","34.319028","","감성돔|참돔|노래미|돌돔|도다리|우럭","초들물~중날물","1.2~4.1","자갈/ 조개껍질","▶감성돔 - 릴찌/ 장대/ 원투 ▶참돔 - 부력/ 잠수 ▶노래미 - 루어/ 릴찌/ 장대/ 원투▶돌돔 - 원투/ 민장대/ 릴찌 ▶도다리 - 원투 ▶우럭 - 릴찌/ 원투","needs-check","MOF_SHARED_ROCK_FISHING_POINT","https://www.data.go.kr/data/15148580/fileData.do","2026-07-11","480","POINT (865588.609574051 1592681.29757805)","공식 갯바위낚시포인트 데이터 기반. 갯바위 출입 가능 여부와 안전 통제는 현장 및 공식 안내 확인 필요."
"rock-481","추자군도 - 검둥여","rock-fishing-point","제주특별자치도","제주시","제주특별자치도 제주시","33.975337","","감성돔|벵에돔|참돔|돌돔|볼락|부시리","11물~5물/ 정조전후","0.4~1.9m","암","▶ 감성돔 - 릴찌/ 장대/ 원투▶ 벵에돔 - 목줄/ 장대/ 부력/ 잠수▶ 참돔 - 부력/ 잠수▶ 돌돔 - 민장대/ 릴찌/ 원투▶ 볼락 - 릴찌/ 장대/ 루어▶ 부시리 - 부력/ 잠수/ 지깅","needs-check","MOF_SHARED_ROCK_FISHING_POINT","https://www.data.go.kr/data/15148580/fileData.do","2026-07-11","481","POINT (890588.1882869621 1554238.42682456)","공식 갯바위낚시포인트 데이터 기반. 갯바위 출입 가능 여부와 안전 통제는 현장 및 공식 안내 확인 필요."
"rock-482","해남반도 부근 - 대성식품 길 끝","rock-fishing-point","전라남도","해남군","전라남도 해남군","34.358148","","감성돔|고등어|볼락|노래미|숭어|우럭|농어|돌돔","사리 전후","0.4~0.7m","펄","▶ 감성돔 - 릴찌/ 장대/ 원투▶ 고등어 - 장대/ 릴찌/ 루어▶ 볼락 - 릴찌/ 장대/ 루어▶ 노래미 - 루어/ 릴찌/ 장대/ 원투▶ 숭어 - 릴찌/ 장대/ 훌치기▶ 우럭 - 릴찌/ 원투▶ 농어 - 루어/ 릴찌▶ 돌돔 - 릴찌/ 장대/ 원투","needs-check","MOF_SHARED_ROCK_FISHING_POINT","https://www.data.go.kr/data/15148580/fileData.do","2026-07-11","482","POINT (907968.200446489 1596506.53206696)","공식 갯바위낚시포인트 데이터 기반. 갯바위 출입 가능 여부와 안전 통제는 현장 및 공식 안내 확인 필요."
"rock-483","완도 부근 - 연초도 갯바위","rock-fishing-point","전라남도","해남군","전라남도 해남군","34.338683","","감성돔|농어|도다리|숭어|노래미|학공치","들물","-0.4~0.3m","펄","▶ 감성돔 - 릴찌/ 장대/ 원투▶ 농어 - 루어/ 릴찌▶ 도다리 - 원투▶ 숭어 - 릴찌/ 장대/ 훌치기▶ 노래미 - 루어/ 릴찌/ 장대▶ 학공치 - 릴찌/ 장대","needs-check","MOF_SHARED_ROCK_FISHING_POINT","https://www.data.go.kr/data/15148580/fileData.do","2026-07-11","483","POINT (918841.0827197421 1594246.9603435)","공식 갯바위낚시포인트 데이터 기반. 갯바위 출입 가능 여부와 안전 통제는 현장 및 공식 안내 확인 필요."
"rock-484","완도 부근 - 고마도 북측 해안","rock-fishing-point","전라남도","완도군","전라남도 완도군","34.418016","","감성돔|농어|도다리|숭어|노래미|학공치","들물","-0.8~-0.7m","펄","▶ 감성돔 - 릴찌/ 장대/ 원투▶ 농어 - 루어/ 릴찌▶ 도다리 - 원투▶ 숭어 - 릴찌/ 장대/ 훌치기▶ 노래미 - 루어/ 릴찌/ 장대▶ 학공치 - 릴찌/ 장대","needs-check","MOF_SHARED_ROCK_FISHING_POINT","https://www.data.go.kr/data/15148580/fileData.do","2026-07-11","484","POINT (927482.734147792 1602973.64765839)","공식 갯바위낚시포인트 데이터 기반. 갯바위 출입 가능 여부와 안전 통제는 현장 및 공식 안내 확인 필요."
"rock-485","완도 부근 - 사후도 동측 갯바위","rock-fishing-point","전라남도","완도군","전라남도 완도군","34.399232","","감성돔|농어|도다리|숭어|노래미|학공치","들물","-1.0~0.1m","펄","▶ 감성돔 - 릴찌/ 장대/ 원투▶ 농어 - 루어/ 릴찌▶ 도다리 - 원투▶ 숭어 - 릴찌/ 장대/ 훌치기▶ 노래미 - 루어/ 릴찌/ 장대▶ 학공치 - 릴찌/ 장대","needs-check","MOF_SHARED_ROCK_FISHING_POINT","https://www.data.go.kr/data/15148580/fileData.do","2026-07-11","485","POINT (930612.0544676711 1600866.7073638)","공식 갯바위낚시포인트 데이터 기반. 갯바위 출입 가능 여부와 안전 통제는 현장 및 공식 안내 확인 필요."
"rock-486","강진만 부근 - 만덕호 갈대밭","rock-fishing-point","전라남도","강진군","전라남도 강진군","34.569681","","감성돔|숭어|도다리|망둥어|붕장어","들물","0~2m","펄","▶ 감성돔 - 릴찌/ 장대/ 원투▶ 숭어 - 릴찌/ 장대/ 훌치기▶ 도다리 - 원투▶ 망둥어 - 릴찌/ 장대▶ 붕장어 - 원투","needs-check","MOF_SHARED_ROCK_FISHING_POINT","https://www.data.go.kr/data/15148580/fileData.do","2026-07-11","486","POINT (932038.5528514581 1619758.31045752)","공식 갯바위낚시포인트 데이터 기반. 갯바위 출입 가능 여부와 안전 통제는 현장 및 공식 안내 확인 필요."
"rock-487","강진만 부근 - 만덕호 우측","rock-fishing-point","전라남도","강진군","전라남도 강진군","34.567578","","감성돔|숭어|도다리|망둥어|붕장어","들물","0~2m","펄","▶ 감성돔 - 릴찌/ 장대/ 원투▶ 숭어 - 릴찌/ 장대/ 훌치기▶ 도다리 - 원투▶ 망둥어 - 릴찌/ 장대▶ 붕장어 - 원투","needs-check","MOF_SHARED_ROCK_FISHING_POINT","https://www.data.go.kr/data/15148580/fileData.do","2026-07-11","487","POINT (932492.244162518 1619521.73848215)","공식 갯바위낚시포인트 데이터 기반. 갯바위 출입 가능 여부와 안전 통제는 현장 및 공식 안내 확인 필요."
"rock-488","덕적도·소야도 - 덕적도 소재해변 갯바위","rock-fishing-point","인천광역시","옹진군","인천광역시 옹진군","37.261833","","넙치|노래미|농어|붕장어|우럭","펄/ 모래","2.2m~5m","펄/ 모래","▶넙치 - 루어/ 원투 ▶노래미 - 루어/ 릴찌/ 장대/ 원투▶농어 - 루어/ 릴찌 ▶붕장어 - 원투▶우럭 - 루어/ 릴찌","needs-check","MOF_SHARED_ROCK_FISHING_POINT","https://www.data.go.kr/data/15148580/fileData.do","2026-07-11","488","POINT (876782.3285166811 1919008.78533348)","공식 갯바위낚시포인트 데이터 기반. 갯바위 출입 가능 여부와 안전 통제는 현장 및 공식 안내 확인 필요."
"rock-489","덕적도·소야도 - 소야도 남서쪽 갯바위","rock-fishing-point","인천광역시","옹진군","인천광역시 옹진군","37.200667","","노래미|농어|붕장어|숭어|우럭","모래","1.3m~1.5m","모래","▶노래미 - 루어/ 릴찌/ 장대/ 원투 ▶농어 - 루어/ 릴찌▶붕장어 - 원투 ▶숭어 - 릴찌/ 장대/ 훌치기 ▶우럭 - 루어/ 릴찌","needs-check","MOF_SHARED_ROCK_FISHING_POINT","https://www.data.go.kr/data/15148580/fileData.do","2026-07-11","489","POINT (882789.11049949 1912135.22356324)","공식 갯바위낚시포인트 데이터 기반. 갯바위 출입 가능 여부와 안전 통제는 현장 및 공식 안내 확인 필요."
"rock-491","문갑도·선갑도 - 문갑도 한월리해수욕장 갯바위","rock-fishing-point","인천광역시","옹진군","인천광역시 옹진군","37.182028","","넙치|노래미|농어|우럭","사리 전·후","1.4m~1.7m","가는 모래","▶넙치 - 루어/ 원투 ▶노래미 - 루어/ 릴찌/ 장대/ 원투 ▶농어 - 루어/ 릴찌 ▶우럭 - 릴찌/ 원투","needs-check","MOF_SHARED_ROCK_FISHING_POINT","https://www.data.go.kr/data/15148580/fileData.do","2026-07-11","491","POINT (876151.8385278651 1910162.01220671)","공식 갯바위낚시포인트 데이터 기반. 갯바위 출입 가능 여부와 안전 통제는 현장 및 공식 안내 확인 필요."
"rock-492","영흥도·선재도·대부도·구봉도 - 영흥도 십리포해수욕장 갯바위","rock-fishing-point","인천광역시","옹진군","인천광역시 옹진군","37.283222","","넙치|농어|삼치|우럭","들물","1.2m~2m","펄/ 모래","▶넙치 - 루어/ 원투 ▶농어 - 루어/ 릴찌▶삼치 - 루어/ 릴찌 ▶우럭 - 루어/ 릴찌","needs-check","MOF_SHARED_ROCK_FISHING_POINT","https://www.data.go.kr/data/15148580/fileData.do","2026-07-11","492","POINT (910381.1534915951 1920955.83514958)","공식 갯바위낚시포인트 데이터 기반. 갯바위 출입 가능 여부와 안전 통제는 현장 및 공식 안내 확인 필요."
"rock-493","제부도 - 제부도 매(삼형제)바위 부근","rock-fishing-point","경기도","화성시","경기도 화성시","37.156528","","넙치|망둑어|붕장어|숭어|우럭","들물/ 날물","1.1m~1.4m","펄","▶넙치 - 루어/ 원투 ▶망둑어 - 원투▶붕장어 - 원투 ▶숭어 - 릴찌/ 장대/ 훌치기 ▶우럭 - 릴찌/ 원투","needs-check","MOF_SHARED_ROCK_FISHING_POINT","https://www.data.go.kr/data/15148580/fileData.do","2026-07-11","493","POINT (921705.6220133 1906785.61077107)","공식 갯바위낚시포인트 데이터 기반. 갯바위 출입 가능 여부와 안전 통제는 현장 및 공식 안내 확인 필요."
"rock-494","십이동파도·비안도 - 십이동파도 큰 쌍섬","rock-fishing-point","전라북도","군산시","전라북도 군산시","35.993500","","감성돔|갑오징어|넙치|노래미|농어|우럭|참돔","12물~3물","7.5m~12m","펄/ 모래","▶감성돔 - 릴찌/ 장대/ 원투 ▶갑오징어 - 에깅▶넙치 - 루어/ 원투 ▶노래미 - 루어/ 릴찌/ 장대/ 원투▶농어 - 루어/ 릴찌 ▶우럭 - 릴찌/ 원투 ▶참돔 - 부력/ 잠수","needs-check","MOF_SHARED_ROCK_FISHING_POINT","https://www.data.go.kr/data/15148580/fileData.do","2026-07-11","494","POINT (885991.3382777441 1778152.11196528)","공식 갯바위낚시포인트 데이터 기반. 갯바위 출입 가능 여부와 안전 통제는 현장 및 공식 안내 확인 필요."
"rock-495","왕등도·위도 - 하왕등도 북쪽 갯바위","rock-fishing-point","전라북도","부안군","전라북도 부안군","35.644944","","감성돔|넙치|돌돔|붕장어|우럭|참돔","조금 전·후","3.6m~5m","펄/ 모래/ 조개껍질","▶감성돔 - 릴찌/ 장대/ 원투 ▶넙치 - 루어/ 원투▶돌돔 - 릴찌/ 장대/ 원투 ▶붕장어 - 원투▶우럭 - 릴찌/ 원투 ▶참돔 - 부력/ 잠수","needs-check","MOF_SHARED_ROCK_FISHING_POINT","https://www.data.go.kr/data/15148580/fileData.do","2026-07-11","495","POINT (874612.15736446 1739637.01595804)","공식 갯바위낚시포인트 데이터 기반. 갯바위 출입 가능 여부와 안전 통제는 현장 및 공식 안내 확인 필요."
"rock-496","비금도·도초도 - 비금도 하누넘해수욕장 갯바위","rock-fishing-point","전라남도","신안군","전라남도 신안군","34.747806","","노래미|농어|돌돔|볼락|붕장어|우럭|참돔","날물","3.3m~4.7m","모래","▶노래미 - 루어/ 릴찌/ 장대/ 원투 ▶농어 - 루어/ 릴찌▶돌돔 - 릴찌/ 장대/ 원투 ▶볼락 - 루어/ 릴찌/ 장대▶붕장어 - 원투 ▶우럭 - 릴찌/ 원투 ▶참돔 - 부력/ 잠수","needs-check","MOF_SHARED_ROCK_FISHING_POINT","https://www.data.go.kr/data/15148580/fileData.do","2026-07-11","496","POINT (852877.850940613 1640437.56010022)","공식 갯바위낚시포인트 데이터 기반. 갯바위 출입 가능 여부와 안전 통제는 현장 및 공식 안내 확인 필요."
"rock-497","비금도·도초도 - 도초도 문바위 부근","rock-fishing-point","전라남도","신안군","전라남도 신안군","34.686417","","감성돔|돌돔|볼락|참돔","초들물~중들물","3m~5.3m","모래/ 조개껍질","▶감성돔 - 릴찌/ 장대/ 원투 ▶돌돔 - 릴찌/ 장대/ 원투▶볼락 - 루어/ 릴찌/ 장대 ▶참돔 - 부력/ 잠수","needs-check","MOF_SHARED_ROCK_FISHING_POINT","https://www.data.go.kr/data/15148580/fileData.do","2026-07-11","497","POINT (854771.765583471 1633597.37147191)","공식 갯바위낚시포인트 데이터 기반. 갯바위 출입 가능 여부와 안전 통제는 현장 및 공식 안내 확인 필요."
"rock-498","거제도 북동부 - 흥남해수욕장 몽돌밭","rock-fishing-point","경상남도","거제시","경상남도 거제시","34.958750","","감성돔|농어|우럭|전갱이|학공치","조금 전·후","1.1m~1.9m","펄","▶감성돔 - 릴찌/ 장대/ 원투 ▶농어 - 루어/ 릴찌▶우럭 - 릴찌/ 원투 ▶전갱이 - 루어/ 릴찌/ 장대 ▶학공치 - 릴찌/ 장대","needs-check","MOF_SHARED_ROCK_FISHING_POINT","https://www.data.go.kr/data/15148580/fileData.do","2026-07-11","498","POINT (1110954.61511926 1663327.88909015)","공식 갯바위낚시포인트 데이터 기반. 갯바위 출입 가능 여부와 안전 통제는 현장 및 공식 안내 확인 필요."
"rock-499","가의도 - 남측 해변 동측 갯바위","rock-fishing-point","충청남도","태안군","충청남도 태안군","36.667972","","우럭|노래미|고등어|광어|주꾸미|학공치","상관없음","2.8~4.1","암","▶우럭 - 릴찌/ 원투▶노래미 - 루어/ 릴찌/ 장대/ 원투▶고등어 - 루어/ 릴찌/ 장대▶광어 - 릴찌/ 원투▶주꾸미 - 릴찌/ 원투/ 장대▶학공치 - 릴찌/ 장대","needs-check","MOF_SHARED_ROCK_FISHING_POINT","https://www.data.go.kr/data/15148580/fileData.do","2026-07-11","499","POINT (870838.9598491981 1853198.43893939)","공식 갯바위낚시포인트 데이터 기반. 갯바위 출입 가능 여부와 안전 통제는 현장 및 공식 안내 확인 필요."
"rock-500","개야도 - 죽도 북측 등대 부근 갯바위","rock-fishing-point","전라북도","군산시","전라북도 군산시","36.041528","","농어|부세|감성돔|백조기","초들물~중날물","0~2.3","모래/ 펄","▶농어 - 루어/ 릴찌▶부세 - 릴찌/ 원투▶감성돔 - 릴찌/ 장대/ 원투▶백조기 - 릴찌/ 원투","needs-check","MOF_SHARED_ROCK_FISHING_POINT","https://www.data.go.kr/data/15148580/fileData.do","2026-07-11","500","POINT (912508.1627021821 1783175.8240028)","공식 갯바위낚시포인트 데이터 기반. 갯바위 출입 가능 여부와 안전 통제는 현장 및 공식 안내 확인 필요."
"rock-501","청산도·대모도 - 청산도 동촌리 갯바위","rock-fishing-point","전라남도","완도군","전라남도 완도군","34.180083","","감성돔|넙치|농어|도다리|우럭|볼락|참돔","4물~사리","11.5m~13m","모래","▶감성돔 - 릴찌/ 장대/ 원투 ▶넙치 - 루어/ 원투▶농어 - 루어/ 릴찌 ▶도다리 - 원투 ▶우럭 - 릴찌/ 원투▶볼락 - 루어/ 릴찌/ 장대 ▶참돔 - 부력/ 잠수","needs-check","MOF_SHARED_ROCK_FISHING_POINT","https://www.data.go.kr/data/15148580/fileData.do","2026-07-11","501","POINT (946904.465492022 1576458.51587014)","공식 갯바위낚시포인트 데이터 기반. 갯바위 출입 가능 여부와 안전 통제는 현장 및 공식 안내 확인 필요."
"rock-502","나로도 - 외나로도 노랑바위","rock-fishing-point","전라남도","고흥군","전라남도 고흥군","34.412167","","감성돔|농어|볼락|숭어","초들물~만조","12.3m~14m","바위","▶감성돔 - 릴찌/ 장대/ 원투 ▶농어 - 루어/ 릴찌▶볼락 - 루어/ 릴찌/ 장대 ▶숭어 - 릴찌/ 장대/ 훌치기","needs-check","MOF_SHARED_ROCK_FISHING_POINT","https://www.data.go.kr/data/15148580/fileData.do","2026-07-11","502","POINT (999221.409737696 1602042.74995816)","공식 갯바위낚시포인트 데이터 기반. 갯바위 출입 가능 여부와 안전 통제는 현장 및 공식 안내 확인 필요."
"rock-503","제주도 북동부·우도 - 하도해수욕장 우측 갯바위","rock-fishing-point","제주특별자치도","제주시","제주특별자치도 제주시","33.510556","","참돔|돌돔|볼락|벵에돔|무늬오징어|독가시치","들물/날물","1.4~2.0","암","▶참돔 - 부력/ 잠수 ▶돌돔 - 민장대/ 릴찌/ 원투 ▶볼락 - 루어/ 릴찌/ 장대▶벵에돔 - 목줄/ 장대/ 부력/ 잠수 ▶무늬오징어 - 에깅 ▶독가시치 - 목줄/ 장대/ 부력/ 잠수","needs-check","MOF_SHARED_ROCK_FISHING_POINT","https://www.data.go.kr/data/15148580/fileData.do","2026-07-11","503","POINT (944739.519743278 1502232.90217717)","공식 갯바위낚시포인트 데이터 기반. 갯바위 출입 가능 여부와 안전 통제는 현장 및 공식 안내 확인 필요."
"rock-504","제주도 북동부·우도 - 세배코지 갯바위","rock-fishing-point","제주특별자치도","제주시","제주특별자치도 제주시","33.522944","","참돔|돌돔|볼락|벵에돔|무늬오징어|독가시치","들물/날물","1.1~2.0","암","▶참돔 - 부력/ 잠수 ▶돌돔 - 민장대/ 릴찌/ 원투 ▶볼락 - 루어/ 릴찌/ 장대▶벵에돔 - 목줄/ 장대/ 부력/ 잠수 ▶무늬오징어 - 에깅 ▶독가시치 - 목줄/ 장대/ 부력/ 잠수","needs-check","MOF_SHARED_ROCK_FISHING_POINT","https://www.data.go.kr/data/15148580/fileData.do","2026-07-11","504","POINT (948794.658938876 1503584.11566846)","공식 갯바위낚시포인트 데이터 기반. 갯바위 출입 가능 여부와 안전 통제는 현장 및 공식 안내 확인 필요."
"rock-505","독거군도 부근 - 슬도 선창 갯바위","rock-fishing-point","전라남도","진도군","전라남도 진도군","34.259760","","참돔|감성돔|돌돔|광어|농어","조금~4물","1~4.7m","암","▶ 참돔 - 부력/ 잠수▶ 감성돔 - 릴찌/ 장대/ 원투▶ 돌돔 - 릴찌/ 장대/ 원투▶ 광어-릴찌/ 원투▶ 농어 - 루어/ 릴찌","needs-check","MOF_SHARED_ROCK_FISHING_POINT","https://www.data.go.kr/data/15148580/fileData.do","2026-07-11","505","POINT (876233.741737428 1585960.64491285)","공식 갯바위낚시포인트 데이터 기반. 갯바위 출입 가능 여부와 안전 통제는 현장 및 공식 안내 확인 필요."
"rock-506","추자군도 - 모정의 쉼터 부근","rock-fishing-point","제주특별자치도","제주시","제주특별자치도 제주시","33.946248","","감성돔|벵에돔|참돔|돌돔|볼락|부시리","11물~5물/ 정조전후","1.2~3.1m","암","▶ 감성돔 - 릴찌/ 장대/ 원투▶ 벵에돔 - 목줄/ 장대/ 부력/ 잠수▶ 참돔 - 부력/ 잠수▶ 돌돔 - 민장대/ 릴찌/ 원투▶ 볼락 - 릴찌/ 장대/ 루어▶ 부시리 - 부력/ 잠수/ 지깅","needs-check","MOF_SHARED_ROCK_FISHING_POINT","https://www.data.go.kr/data/15148580/fileData.do","2026-07-11","506","POINT (892893.869549618 1550986.01593836)","공식 갯바위낚시포인트 데이터 기반. 갯바위 출입 가능 여부와 안전 통제는 현장 및 공식 안내 확인 필요."
"rock-507","추자군도 - 횡간도 좌측 끝","rock-fishing-point","제주특별자치도","제주시","제주특별자치도 제주시","34.010563","","감성돔|벵에돔|참돔|돌돔|볼락|부시리","11물~5물/ 정조전후","2.3~2.4m","거친모래/ 조개껍질","▶ 감성돔 - 릴찌/ 장대/ 원투▶ 벵에돔 - 목줄/ 장대/ 부력/ 잠수▶ 참돔 - 부력/ 잠수▶ 돌돔 - 민장대/ 릴찌/ 원투▶ 볼락 - 릴찌/ 장대/ 루어▶ 부시리 - 부력/ 잠수/ 지깅","needs-check","MOF_SHARED_ROCK_FISHING_POINT","https://www.data.go.kr/data/15148580/fileData.do","2026-07-11","507","POINT (891947.75001549 1558129.33802093)","공식 갯바위낚시포인트 데이터 기반. 갯바위 출입 가능 여부와 안전 통제는 현장 및 공식 안내 확인 필요."
"rock-508","거금수도 부근 - 시산도 북측","rock-fishing-point","전라남도","고흥군","전라남도 고흥군","34.416352","","감성돔|숭어|우럭|노래미|농어|볼락","초들물~만조","0.5~2.9m","펄","▶ 감성돔 - 릴찌/ 장대/ 원투▶ 숭어 - 릴찌/ 장대/ 훌치기▶ 우럭 - 릴찌/ 원투▶ 노래미 - 루어/ 릴찌/ 장대/ 원투▶ 농어 - 루어/ 릴찌▶ 볼락 - 릴찌/ 장대/ 루어","needs-check","MOF_SHARED_ROCK_FISHING_POINT","https://www.data.go.kr/data/15148580/fileData.do","2026-07-11","508","POINT (976244.308574715 1602537.06315228)","공식 갯바위낚시포인트 데이터 기반. 갯바위 출입 가능 여부와 안전 통제는 현장 및 공식 안내 확인 필요."
"rock-509","손죽열도 부근 - 잔거리 넓은 자리","rock-fishing-point","전라남도","여수시","전라남도 여수시","34.294615","","감성돔|참돔|돌돔|우럭|노래미|농어|숭어|삼치|문어","사리 전후/ 10~5물","2.9~9.6m","펄","▶ 감성돔 - 릴찌/ 장대/ 원투▶ 참돔 - 부력/ 잠수▶ 돌돔 - 릴찌/ 장대/ 원투▶ 우럭 - 릴찌/ 원투▶ 노래미 - 루어/ 릴찌/ 장대/ 원투▶ 농어 - 루어/ 릴찌▶ 숭어 - 릴찌/ 장대/ 훌치기▶ 삼치 - 루어/ 릴찌▶ 문어 - 루어","needs-check","MOF_SHARED_ROCK_FISHING_POINT","https://www.data.go.kr/data/15148580/fileData.do","2026-07-11","509","POINT (988392.1258479829 1589015.29972707)","공식 갯바위낚시포인트 데이터 기반. 갯바위 출입 가능 여부와 안전 통제는 현장 및 공식 안내 확인 필요."
"rock-510","손죽열도 부근 - 소거문 계단","rock-fishing-point","전라남도","여수시","전라남도 여수시","34.296077","","감성돔|참돔|돌돔|우럭|노래미|농어|숭어|삼치|문어","사리 전후/ 10~5물","7.9~9.9m","펄","▶ 감성돔 - 릴찌/ 장대/ 원투▶ 참돔 - 부력/ 잠수▶ 돌돔 - 릴찌/ 장대/ 원투▶ 우럭 - 릴찌/ 원투▶ 노래미 - 루어/ 릴찌/ 장대/ 원투▶ 농어 - 루어/ 릴찌▶ 숭어 - 릴찌/ 장대/ 훌치기▶ 삼치 - 루어/ 릴찌▶ 문어 - 루어","needs-check","MOF_SHARED_ROCK_FISHING_POINT","https://www.data.go.kr/data/15148580/fileData.do","2026-07-11","510","POINT (990738.9415007391 1589174.75700115)","공식 갯바위낚시포인트 데이터 기반. 갯바위 출입 가능 여부와 안전 통제는 현장 및 공식 안내 확인 필요."
"rock-511","대삼부도 - 남측 직벽","rock-fishing-point","전라남도","여수시","전라남도 여수시","34.057518","","벵에돔|참돔|돌돔|감성돔|농어","10물~13물","0.3~8.2m","암","▶ 벵에돔 - 목줄/ 장대/ 부력/ 잠수▶ 참돔 - 부력/ 잠수▶ 돌돔 - 릴찌/ 장대/ 원투▶ 감성돔 - 릴찌/ 장대/ 원투▶ 농어 - 루어/ 릴찌","needs-check","MOF_SHARED_ROCK_FISHING_POINT","https://www.data.go.kr/data/15148580/fileData.do","2026-07-11","511","POINT (989998.090590658 1562723.74271351)","공식 갯바위낚시포인트 데이터 기반. 갯바위 출입 가능 여부와 안전 통제는 현장 및 공식 안내 확인 필요."
"rock-512","고이도·매화도·선도·증도 - 검산항","rock-fishing-point","전라남도","신안군","전라남도 신안군","34.993500","","감성돔|노래미|광어|숭어|우럭|붕장어|도다리|농어","초들물~중날물","0.3~1.5","펄","▶감성돔 - 릴찌/ 장대/ 원투 ▶노래미 - 루어/ 릴찌/ 장대/ 원투 ▶광어 - 릴찌/ 원투 ▶숭어 - 릴찌/ 장대/ 훌치기▶우럭 - 릴찌/ 원투 ▶붕장어 - 원투 ▶도다리 - 원투 ▶농어 - 루어/ 릴찌","needs-check","MOF_SHARED_ROCK_FISHING_POINT","https://www.data.go.kr/data/15148580/fileData.do","2026-07-11","512","POINT (872877.145416685 1667393.51066983)","공식 갯바위낚시포인트 데이터 기반. 갯바위 출입 가능 여부와 안전 통제는 현장 및 공식 안내 확인 필요."
"rock-513","고이도·매화도·선도·증도 - 염산 선창","rock-fishing-point","전라남도","신안군","전라남도 신안군","34.996722","","감성돔|노래미|광어|숭어|우럭|붕장어|도다리|농어","초들물~중날물","0~3.2","펄","▶감성돔 - 릴찌/ 장대/ 원투 ▶노래미 - 루어/ 릴찌/ 장대/ 원투 ▶광어 - 릴찌/ 원투 ▶숭어 - 릴찌/ 장대/ 훌치기▶우럭 - 릴찌/ 원투 ▶붕장어 - 원투 ▶도다리 - 원투 ▶농어 - 루어/ 릴찌","needs-check","MOF_SHARED_ROCK_FISHING_POINT","https://www.data.go.kr/data/15148580/fileData.do","2026-07-11","513","POINT (879663.554572507 1667658.82766689)","공식 갯바위낚시포인트 데이터 기반. 갯바위 출입 가능 여부와 안전 통제는 현장 및 공식 안내 확인 필요."
"rock-514","연도 - 대룡단 갯바위","rock-fishing-point","전라남도","여수시","전라남도 여수시","34.409626","","참돔|감성돔|볼락|농어/  삼치|돌돔|갑오징어","초들물/ 초날물/ 조금 전·후","0.7~1.3m","암","▶ 참돔 - 부력/ 잠수▶ 감성돔 - 릴찌/ 장대/ 원투▶ 볼락 - 릴찌/ 장대/ 루어▶ 농어/ 삼치 - 루어/ 릴찌▶ 돌돔 - 민장대/ 릴찌/ 원투▶ 갑오징어 - 에깅","needs-check","MOF_SHARED_ROCK_FISHING_POINT","https://www.data.go.kr/data/15148580/fileData.do","2026-07-11","514","POINT (1027450.92849516 1601801.4731879)","공식 갯바위낚시포인트 데이터 기반. 갯바위 출입 가능 여부와 안전 통제는 현장 및 공식 안내 확인 필요."
"rock-515","연도 - 연도 대바위","rock-fishing-point","전라남도","여수시","전라남도 여수시","34.412827","","참돔|감성돔|볼락|농어/  삼치|돌돔|갑오징어","초들물/ 초날물/ 조금 전·후","1.3~3.1m","암","▶ 참돔 - 부력/ 잠수▶ 감성돔 - 릴찌/ 장대/ 원투▶ 볼락 - 릴찌/ 장대/ 루어▶ 농어/ 삼치 - 루어/ 릴찌▶ 돌돔 - 민장대/ 릴찌/ 원투▶ 갑오징어 - 에깅","needs-check","MOF_SHARED_ROCK_FISHING_POINT","https://www.data.go.kr/data/15148580/fileData.do","2026-07-11","515","POINT (1026542.29612832 1602153.77064843)","공식 갯바위낚시포인트 데이터 기반. 갯바위 출입 가능 여부와 안전 통제는 현장 및 공식 안내 확인 필요."
"rock-516","연도 - 역포 서측 갯바위","rock-fishing-point","전라남도","여수시","전라남도 여수시","34.453585","","참돔|감성돔|볼락|농어/  삼치|돌돔|갑오징어","초들물/ 초날물/ 조금 전·후","0.2~1.9m","암","▶ 참돔 - 부력/ 잠수▶ 감성돔 - 릴찌/ 장대/ 원투▶ 볼락 - 릴찌/ 장대/ 루어▶ 농어/ 삼치 - 루어/ 릴찌▶ 돌돔 - 민장대/ 릴찌/ 원투▶ 갑오징어 - 에깅","needs-check","MOF_SHARED_ROCK_FISHING_POINT","https://www.data.go.kr/data/15148580/fileData.do","2026-07-11","516","POINT (1027016.27042408 1606674.68535257)","공식 갯바위낚시포인트 데이터 기반. 갯바위 출입 가능 여부와 안전 통제는 현장 및 공식 안내 확인 필요."
"rock-517","사천대교 부근 - 조도마을 앞","rock-fishing-point","경상남도","사천시","경상남도 사천시","35.034709","","참돔|농어|우럭|볼락|노래미|붕장어","초들물~중날물","-1.7~-2.2m","펄","▶ 참돔 - 부력/ 잠수▶ 농어 - 루어/ 릴찌▶ 우럭 - 릴찌/ 원투▶ 볼락 - 릴찌/ 장대/ 루어▶ 노래미 - 루어/ 릴찌/ 장대/ 원투▶ 붕장어 - 원투","needs-check","MOF_SHARED_ROCK_FISHING_POINT","https://www.data.go.kr/data/15148580/fileData.do","2026-07-11","517","POINT (1045427.18736633 1671190.45121936)","공식 갯바위낚시포인트 데이터 기반. 갯바위 출입 가능 여부와 안전 통제는 현장 및 공식 안내 확인 필요."
"rock-518","사천대교 부근 - 화곡관광농원 앞","rock-fishing-point","경상남도","사천시","경상남도 사천시","35.023114","","참돔|농어|우럭|볼락|노래미|붕장어","초들물~중날물","0.1~3.4m","펄","▶ 참돔 - 부력/ 잠수▶ 농어 - 루어/ 릴찌▶ 우럭 - 릴찌/ 원투▶ 볼락 - 릴찌/ 장대/ 루어▶ 노래미 - 루어/ 릴찌/ 장대/ 원투▶ 붕장어 - 원투","needs-check","MOF_SHARED_ROCK_FISHING_POINT","https://www.data.go.kr/data/15148580/fileData.do","2026-07-11","518","POINT (1048795.95687113 1669922.04350064)","공식 갯바위낚시포인트 데이터 기반. 갯바위 출입 가능 여부와 안전 통제는 현장 및 공식 안내 확인 필요."
"rock-519","사천대교 부근 - 금문들 앞","rock-fishing-point","경상남도","사천시","경상남도 사천시","35.008430","","참돔|농어|우럭|볼락|노래미|붕장어","초들물~중날물","0.1~1.5m","펄","▶ 참돔 - 부력/ 잠수▶ 농어 - 루어/ 릴찌▶ 우럭 - 릴찌/ 원투▶ 볼락 - 릴찌/ 장대/ 루어▶ 노래미 - 루어/ 릴찌/ 장대/ 원투▶ 붕장어 - 원투","needs-check","MOF_SHARED_ROCK_FISHING_POINT","https://www.data.go.kr/data/15148580/fileData.do","2026-07-11","519","POINT (1049520.56933624 1668297.42751483)","공식 갯바위낚시포인트 데이터 기반. 갯바위 출입 가능 여부와 안전 통제는 현장 및 공식 안내 확인 필요."
"rock-520","자란만 부근 - 상족암 유람선 뒷편","rock-fishing-point","경상남도","고성군","경상남도 고성군","34.904369","","갑오징어|감성돔|노래미|벵에돔|참돔|볼락|농어|붕장어|우럭","13물~6물","1.5~3.8m","암","▶ 갑오징어 - 에깅▶ 감성돔 - 릴찌/ 장대/ 원투▶ 노래미 - 루어/ 릴찌/ 장대/ 원투▶ 벵에돔 - 목줄/ 장대/ 부력/ 잠수▶ 참돔 - 부력/ 잠수▶ 볼락 - 릴찌/ 장대/ 루어▶ 농어 - 루어/ 릴찌▶ 붕장어 - 원투▶ 우럭 - 릴찌/ 원투","needs-check","MOF_SHARED_ROCK_FISHING_POINT","https://www.data.go.kr/data/15148580/fileData.do","2026-07-11","520","POINT (1059350.20920131 1656815.59740296)","공식 갯바위낚시포인트 데이터 기반. 갯바위 출입 가능 여부와 안전 통제는 현장 및 공식 안내 확인 필요."
"rock-521","추도 부근 - 오리바위 끝","rock-fishing-point","경상남도","통영시","경상남도 통영시","34.755797","","볼락|우럭|주꾸미|광어|감성돔|벵에돔|참돔","6물~8물","2.3~6.7m","암","▶ 볼락 - 릴찌/ 장대/ 루어▶ 우럭 - 릴찌/ 원투▶ 주꾸미 - 릴찌/ 원투▶ 광어 - 릴찌/ 원투▶ 감성돔 - 릴찌/ 장대/ 원투▶ 벵에돔 - 목줄/ 장대/ 부력/ 잠수▶ 참돔 - 부력/ 잠수","needs-check","MOF_SHARED_ROCK_FISHING_POINT","https://www.data.go.kr/data/15148580/fileData.do","2026-07-11","521","POINT (1073998.56042628 1640445.02623915)","공식 갯바위낚시포인트 데이터 기반. 갯바위 출입 가능 여부와 안전 통제는 현장 및 공식 안내 확인 필요."
"rock-522","추도 부근 - 돌 무너진 자리","rock-fishing-point","경상남도","통영시","경상남도 통영시","34.759020","","볼락|우럭|주꾸미|광어|감성돔|벵에돔|참돔","6물~8물","2.5~2.9m","암","▶ 볼락 - 릴찌/ 장대/ 루어▶ 우럭 - 릴찌/ 원투▶ 주꾸미 - 릴찌/ 원투▶ 광어 - 릴찌/ 원투▶ 감성돔 - 릴찌/ 장대/ 원투▶ 벵에돔 - 목줄/ 장대/ 부력/ 잠수▶ 참돔 - 부력/ 잠수","needs-check","MOF_SHARED_ROCK_FISHING_POINT","https://www.data.go.kr/data/15148580/fileData.do","2026-07-11","522","POINT (1071951.11279289 1640786.22553517)","공식 갯바위낚시포인트 데이터 기반. 갯바위 출입 가능 여부와 안전 통제는 현장 및 공식 안내 확인 필요."
"rock-523","추도 부근 - 연등 끝","rock-fishing-point","경상남도","통영시","경상남도 통영시","34.763024","","볼락|우럭|주꾸미|광어|감성돔|벵에돔|참돔","6물~8물","3.1~5.0m","암","▶ 볼락 - 릴찌/ 장대/ 루어▶ 우럭 - 릴찌/ 원투▶ 주꾸미 - 릴찌/ 원투▶ 광어 - 릴찌/ 원투▶ 감성돔 - 릴찌/ 장대/ 원투▶ 벵에돔 - 목줄/ 장대/ 부력/ 잠수▶ 참돔 - 부력/ 잠수","needs-check","MOF_SHARED_ROCK_FISHING_POINT","https://www.data.go.kr/data/15148580/fileData.do","2026-07-11","523","POINT (1072686.92206684 1641236.11515767)","공식 갯바위낚시포인트 데이터 기반. 갯바위 출입 가능 여부와 안전 통제는 현장 및 공식 안내 확인 필요."
"rock-524","연화도 부근 - 막끝 갯바위","rock-fishing-point","경상남도","통영시","경상남도 통영시","34.645347","","참돔|감성돔|볼락|벵에돔|농어","초들물/ 초날물/ 5물~6물/ 조금","8.8~10.2m","암","▶ 참돔 - 부력/ 잠수▶ 감성돔 - 릴찌/ 장대/ 원투▶ 볼락 - 릴찌/ 장대/ 루어▶ 벵에돔 - 목줄/ 장대/ 부력/ 잠수▶ 농어 - 루어/ 릴찌","needs-check","MOF_SHARED_ROCK_FISHING_POINT","https://www.data.go.kr/data/15148580/fileData.do","2026-07-11","524","POINT (1080331.59109985 1628248.83630751)","공식 갯바위낚시포인트 데이터 기반. 갯바위 출입 가능 여부와 안전 통제는 현장 및 공식 안내 확인 필요."
"rock-525","연화도 부근 - 아랫마을 갯바위","rock-fishing-point","경상남도","통영시","경상남도 통영시","34.657851","","참돔|감성돔|볼락|벵에돔|농어","초들물/ 초날물/ 5물~6물/ 조금","2.5~2.9m","암","▶ 참돔 - 부력/ 잠수▶ 감성돔 - 릴찌/ 장대/ 원투▶ 볼락 - 릴찌/ 장대/ 루어▶ 벵에돔 - 목줄/ 장대/ 부력/ 잠수▶ 농어 - 루어/ 릴찌","needs-check","MOF_SHARED_ROCK_FISHING_POINT","https://www.data.go.kr/data/15148580/fileData.do","2026-07-11","525","POINT (1077107.18678561 1629608.05787045)","공식 갯바위낚시포인트 데이터 기반. 갯바위 출입 가능 여부와 안전 통제는 현장 및 공식 안내 확인 필요."
"rock-526","연화도 부근 - 반하도 갯바위","rock-fishing-point","경상남도","통영시","경상남도 통영시","34.654255","","참돔|감성돔|볼락|벵에돔|농어","초들물/ 초날물/ 5물~6물/ 조금","1.9~4.1m","암","▶ 참돔 - 부력/ 잠수▶ 감성돔 - 릴찌/ 장대/ 원투▶ 볼락 - 릴찌/ 장대/ 루어▶ 벵에돔 - 목줄/ 장대/ 부력/ 잠수▶ 농어 - 루어/ 릴찌","needs-check","MOF_SHARED_ROCK_FISHING_POINT","https://www.data.go.kr/data/15148580/fileData.do","2026-07-11","526","POINT (1078184.76386868 1629218.36570763)","공식 갯바위낚시포인트 데이터 기반. 갯바위 출입 가능 여부와 안전 통제는 현장 및 공식 안내 확인 필요."
"rock-527","갈도 부근 - 미끄럼바위 근처","rock-fishing-point","경상남도","통영시","경상남도 통영시","34.558352","","감성돔|돌돔|볼락|무늬오징어","2물~8물/ 사리 전후","14.5~15.9m","암","▶ 감성돔 - 릴찌/ 장대/ 원투▶ 돌돔 - 릴찌/ 장대/ 원투▶ 볼락 - 릴찌/ 장대/ 루어 ▶ 무늬오징어 - 릴찌/ 에깅","needs-check","MOF_SHARED_ROCK_FISHING_POINT","https://www.data.go.kr/data/15148580/fileData.do","2026-07-11","527","POINT (1062515.11090817 1618463.61854986)","공식 갯바위낚시포인트 데이터 기반. 갯바위 출입 가능 여부와 안전 통제는 현장 및 공식 안내 확인 필요."
"rock-528","갈도 부근 - 너부렁여 근처","rock-fishing-point","경상남도","통영시","경상남도 통영시","34.558869","","감성돔|돌돔|볼락|무늬오징어","2물~8물/ 사리 전후","14.5~15.9m","암","▶ 감성돔 - 릴찌/ 장대/ 원투▶ 돌돔 - 릴찌/ 장대/ 원투▶ 볼락 - 릴찌/ 장대/ 루어 ▶ 무늬오징어 - 릴찌/ 에깅","needs-check","MOF_SHARED_ROCK_FISHING_POINT","https://www.data.go.kr/data/15148580/fileData.do","2026-07-11","528","POINT (1062136.09055001 1618518.4278378)","공식 갯바위낚시포인트 데이터 기반. 갯바위 출입 가능 여부와 안전 통제는 현장 및 공식 안내 확인 필요."
"rock-529","제주도 남서부·가파도·마라도 - 냇골챙이 정자 아래 갯바위","rock-fishing-point","제주특별자치도","서귀포시","제주특별자치도 서귀포시","33.164972","","벵에돔|농어|자리돔|볼락|한치|참돔|부시리","들물/썰물","0.4~1.5","암","▶벵에돔 - 목줄/ 장대/ 잠수 ▶농어 - 루어/ 릴찌 ▶자리돔 - 민장대/ 릴찌 ▶볼락 - 루어/ 릴찌/ 장대▶한치 - 루어/ 원투 ▶참돔 - 부력/ 잠수 ▶부시리 - 부력/ 잠수/ 지깅","needs-check","MOF_SHARED_ROCK_FISHING_POINT","https://www.data.go.kr/data/15148580/fileData.do","2026-07-11","529","POINT (885192.70737193 1464435.89064504)","공식 갯바위낚시포인트 데이터 기반. 갯바위 출입 가능 여부와 안전 통제는 현장 및 공식 안내 확인 필요."
"rock-530","연도 - 연도 산태바위","rock-fishing-point","전라남도","여수시","전라남도 여수시","34.424931","","참돔|감성돔|볼락|농어/  삼치|돌돔|갑오징어","초들물/ 초날물/ 조금 전·후","0.2~1.6m","암","▶ 참돔 - 부력/ 잠수▶ 감성돔 - 릴찌/ 장대/ 원투▶ 볼락 - 릴찌/ 장대/ 루어▶ 농어/ 삼치 - 루어/ 릴찌▶ 돌돔 - 민장대/ 릴찌/ 원투▶ 갑오징어 - 에깅","needs-check","MOF_SHARED_ROCK_FISHING_POINT","https://www.data.go.kr/data/15148580/fileData.do","2026-07-11","530","POINT (1028438.26817468 1603501.56279308)","공식 갯바위낚시포인트 데이터 기반. 갯바위 출입 가능 여부와 안전 통제는 현장 및 공식 안내 확인 필요."
"rock-531","연도 - 덕포 갯바위","rock-fishing-point","전라남도","여수시","전라남도 여수시","34.416894","","참돔|감성돔|볼락|농어/  삼치|돌돔|갑오징어","초들물/ 초날물/ 조금 전·후","0.7~1.3m","암","▶ 참돔 - 부력/ 잠수▶ 감성돔 - 릴찌/ 장대/ 원투▶ 볼락 - 릴찌/ 장대/ 루어▶ 농어/ 삼치 - 루어/ 릴찌▶ 돌돔 - 민장대/ 릴찌/ 원투▶ 갑오징어 - 에깅","needs-check","MOF_SHARED_ROCK_FISHING_POINT","https://www.data.go.kr/data/15148580/fileData.do","2026-07-11","531","POINT (1027250.26367649 1602606.78642687)","공식 갯바위낚시포인트 데이터 기반. 갯바위 출입 가능 여부와 안전 통제는 현장 및 공식 안내 확인 필요."
"rock-547","울릉도 - 북저바위 갯바위","rock-fishing-point","경상북도","울릉군","경상북도 울릉군","37.501639","","방어|부시리|농어|볼락","조금 전후","2.4~3.6","암","▶방어 - 부력/ 잠수/ 지깅▶부시리 - 부력/ 잠수/ 지깅▶농어 - 루어/ 릴찌▶볼락 - 릴찌/ 장대/ 루어","needs-check","MOF_SHARED_ROCK_FISHING_POINT","https://www.data.go.kr/data/15148580/fileData.do","2026-07-11","547","POINT (1302353.95569686 1950205.76195784)","공식 갯바위낚시포인트 데이터 기반. 갯바위 출입 가능 여부와 안전 통제는 현장 및 공식 안내 확인 필요."
"rock-532","진주만 부근 - 상족암 유람선 갯바위","rock-fishing-point","경상남도","고성군","경상남도 고성군","34.904369","","감성돔|노래미|볼락|농어|도다리|갑오징어","13물-4물/ 초들물","1.5~3.8m","암","▶ 감성돔 - 릴찌/ 장대/ 원투▶ 노래미 - 루어/ 릴찌/ 장대/ 원투▶ 볼락 - 릴찌/ 장대/ 루어▶ 농어 - 루어/ 릴찌▶ 도다리 - 원투▶ 갑오징어 - 에깅","needs-check","MOF_SHARED_ROCK_FISHING_POINT","https://www.data.go.kr/data/15148580/fileData.do","2026-07-11","532","POINT (1059350.20920131 1656815.59740296)","공식 갯바위낚시포인트 데이터 기반. 갯바위 출입 가능 여부와 안전 통제는 현장 및 공식 안내 확인 필요."
"rock-533","추도 부근 - 용두암 중앙","rock-fishing-point","경상남도","통영시","경상남도 통영시","34.755790","","볼락|우럭|주꾸미|광어|감성돔|벵에돔|참돔","6물~8물","5.0~7.8m","암","▶ 볼락 - 릴찌/ 장대/ 루어▶ 우럭 - 릴찌/ 원투▶ 주꾸미 - 릴찌/ 원투▶ 광어 - 릴찌/ 원투▶ 감성돔 - 릴찌/ 장대/ 원투▶ 벵에돔 - 목줄/ 장대/ 부력/ 잠수▶ 참돔 - 부력/ 잠수","needs-check","MOF_SHARED_ROCK_FISHING_POINT","https://www.data.go.kr/data/15148580/fileData.do","2026-07-11","533","POINT (1071989.79229662 1640428.37606923)","공식 갯바위낚시포인트 데이터 기반. 갯바위 출입 가능 여부와 안전 통제는 현장 및 공식 안내 확인 필요."
"rock-534","연화도 부근 - 진강정 갯바위","rock-fishing-point","경상남도","통영시","경상남도 통영시","34.639039","","참돔|감성돔|볼락|벵에돔|농어","초들물/ 초날물/ 5물~6물/ 조금","3.9~7.9m","암","▶ 참돔 - 부력/ 잠수▶ 감성돔 - 릴찌/ 장대/ 원투▶ 볼락 - 릴찌/ 장대/ 루어▶ 벵에돔 - 목줄/ 장대/ 부력/ 잠수▶ 농어 - 루어/ 릴찌","needs-check","MOF_SHARED_ROCK_FISHING_POINT","https://www.data.go.kr/data/15148580/fileData.do","2026-07-11","534","POINT (1078470.52060632 1627533.32146079)","공식 갯바위낚시포인트 데이터 기반. 갯바위 출입 가능 여부와 안전 통제는 현장 및 공식 안내 확인 필요."
"rock-535","덕적도·소야도 - 덕적도 목섬 부근","rock-fishing-point","인천광역시","옹진군","인천광역시 옹진군","37.242361","","넙치|노래미|농어|붕장어|우럭","펄/ 모래","2m~2.4m","펄/ 모래","▶넙치 - 루어/ 원투 ▶노래미 - 루어/ 릴찌/ 장대/ 원투▶농어 - 루어/ 릴찌 ▶붕장어 - 원투▶우럭 - 루어/ 릴찌","needs-check","MOF_SHARED_ROCK_FISHING_POINT","https://www.data.go.kr/data/15148580/fileData.do","2026-07-11","535","POINT (879791.029333662 1916804.32127434)","공식 갯바위낚시포인트 데이터 기반. 갯바위 출입 가능 여부와 안전 통제는 현장 및 공식 안내 확인 필요."
"rock-536","영흥도·선재도·대부도·구봉도 - 영흥도 양로봉 갯바위(신노루)","rock-fishing-point","인천광역시","옹진군","인천광역시 옹진군","37.263389","","넙치|농어","들물","2.3m~4.1m","펄/ 모래","▶넙치 - 루어/ 원투 ▶농어 - 루어/ 릴찌","needs-check","MOF_SHARED_ROCK_FISHING_POINT","https://www.data.go.kr/data/15148580/fileData.do","2026-07-11","536","POINT (905103.8121378211 1918813.24632295)","공식 갯바위낚시포인트 데이터 기반. 갯바위 출입 가능 여부와 안전 통제는 현장 및 공식 안내 확인 필요."
"rock-537","원산도·삽시도 - 원산도해수욕장 서측 갯바위","rock-fishing-point","충청남도","보령시","충청남도 보령시","36.363250","","갑오징어|넙치|농어|노래미|우럭|주꾸미","들물 전·후","1.9m~2.5m","펄/ 모래","▶갑오징어 - 에깅 ▶넙치 - 루어/ 원투 ▶농어 - 루어/ 릴찌▶노래미 - 루어/ 릴찌/ 장대/ 원투 ▶우럭 - 릴찌/ 원투 ▶주꾸미 - 루어","needs-check","MOF_SHARED_ROCK_FISHING_POINT","https://www.data.go.kr/data/15148580/fileData.do","2026-07-11","537","POINT (903138.6989159611 1818965.52091254)","공식 갯바위낚시포인트 데이터 기반. 갯바위 출입 가능 여부와 안전 통제는 현장 및 공식 안내 확인 필요."
"rock-538","사량도 - 하사량도 은포마을 갯바위","rock-fishing-point","경상남도","통영시","경상남도 통영시","34.808194","","감성돔|농어|벵에돔|우럭|볼락|참돔","9물~13물","5.9m~6.3m","펄","▶감성돔 - 릴찌/ 장대/ 원투 ▶농어 - 루어/ 릴찌▶벵에돔 - 목줄/ 장대/ 부력/ 잠수 ▶우럭 - 릴찌/ 원투▶볼락 - 루어/ 릴찌/ 장대 ▶참돔 - 부력/ 잠수","needs-check","MOF_SHARED_ROCK_FISHING_POINT","https://www.data.go.kr/data/15148580/fileData.do","2026-07-11","538","POINT (1065554.93471466 1646191.93228271)","공식 갯바위낚시포인트 데이터 기반. 갯바위 출입 가능 여부와 안전 통제는 현장 및 공식 안내 확인 필요."
"rock-539","욕지도 - 삼여(뽕나무강정) 부근 갯바위","rock-fishing-point","경상남도","통영시","경상남도 통영시","34.621111","","감성돔|농어|무늬오징어|볼락|벵에돔|참돔","5물~11물","7m~8m","바위","▶감성돔 - 릴찌/ 장대/ 원투 ▶농어 - 루어/ 릴찌▶무늬오징어 - 릴찌/ 에깅 ▶볼락 - 루어/ 릴찌/ 장대▶벵에돔 - 목줄/ 장대/ 부력/ 잠수 ▶참돔 - 부력/ 잠수","needs-check","MOF_SHARED_ROCK_FISHING_POINT","https://www.data.go.kr/data/15148580/fileData.do","2026-07-11","539","POINT (1069313.63477607 1625471.87162991)","공식 갯바위낚시포인트 데이터 기반. 갯바위 출입 가능 여부와 안전 통제는 현장 및 공식 안내 확인 필요."
"rock-540","거제도 남부 - 여차항 몽돌해수욕장 갯바위","rock-fishing-point","경상남도","거제시","경상남도 거제시","34.713694","","감성돔|농어|벵에돔|우럭|볼락|참돔","조금 전·후","3.3m~5.1m","조개껍질","▶ 감성돔 - 릴찌/ 장대/ 원투 ▶ 농어 - 루어/ 릴찌 ▶ 벵에돔 - 목줄/ 장대/ 부력/ 잠수 ▶ 우럭 - 릴찌/ 원투 ▶ 볼락 - 루어/ 릴찌/ 장대 ▶ 참돔 - 부력/ 잠수","needs-check","MOF_SHARED_ROCK_FISHING_POINT","https://www.data.go.kr/data/15148580/fileData.do","2026-07-11","540","POINT (1102998.94480035 1636054.38848748)","공식 갯바위낚시포인트 데이터 기반. 갯바위 출입 가능 여부와 안전 통제는 현장 및 공식 안내 확인 필요."
"rock-541","노화도·보길도·소안도 - 소안도 비자리 해안갯바위","rock-fishing-point","전라남도","완도군","전라남도 완도군","34.175083","","감성돔|농어|노래미|우럭|볼락|학공치","사리 전·후","1.5m~2.2m","펄","▶감성돔 - 릴찌/ 장대/ 원투 ▶농어 - 루어/ 릴찌▶노래미 - 루어/ 릴찌/ 장대/ 원투 ▶우럭 - 릴찌/ 원투▶볼락 - 루어/ 릴찌/ 장대 ▶학공치 - 릴찌/ 장대","needs-check","MOF_SHARED_ROCK_FISHING_POINT","https://www.data.go.kr/data/15148580/fileData.do","2026-07-11","541","POINT (922791.103906962 1576071.21878682)","공식 갯바위낚시포인트 데이터 기반. 갯바위 출입 가능 여부와 안전 통제는 현장 및 공식 안내 확인 필요."
"rock-542","남해도 동부·신수도·창선도 - 신수도 남쪽 갯바위","rock-fishing-point","경상남도","사천시","경상남도 사천시","34.886306","","볼락|갑오징어|노래미|우럭","초들물~중날물","1.0~2.7","암","▶볼락 - 릴찌/ 장대/ 루어 ▶갑오징어 - 에깅 ▶노래미 - 루어/ 릴찌/ 장대/ 원투 ▶우럭 - 릴찌/ 원투","needs-check","MOF_SHARED_ROCK_FISHING_POINT","https://www.data.go.kr/data/15148580/fileData.do","2026-07-11","542","POINT (1052430.79744099 1654770.03826076)","공식 갯바위낚시포인트 데이터 기반. 갯바위 출입 가능 여부와 안전 통제는 현장 및 공식 안내 확인 필요."
"rock-543","남해도 남부 - 가천 갯바위(다랭이마을)","rock-fishing-point","경상남도","남해군","경상남도 남해군","34.725972","","참돔|농어|노래미|볼락|우럭","초들물~중날물","9.8~10.0","펄","▶참돔 - 부력/ 잠수▶농어 - 루어/ 릴찌▶노래미 - 루어/ 릴찌/ 장대/ 원투▶볼락 - 릴찌/ 장대/ 루어▶우럭 - 릴찌/ 원투","needs-check","MOF_SHARED_ROCK_FISHING_POINT","https://www.data.go.kr/data/15148580/fileData.do","2026-07-11","543","POINT (1036568.62971499 1636912.7020293)","공식 갯바위낚시포인트 데이터 기반. 갯바위 출입 가능 여부와 안전 통제는 현장 및 공식 안내 확인 필요."
"rock-544","두미도 - 고래등","rock-fishing-point","경상남도","통영시","경상남도 통영시","34.702611","","감성돔|벵에돔|노래미|참돔|농어|볼락","상관없음","39","펄","▶감성돔 - 릴찌/ 장대/ 원투▶벵에돔 - 목줄/ 장대/ 부력/ 잠수▶노래미 - 루어/ 릴찌/ 장대/ 원투▶참돔 - 부력/ 잠수▶농어 - 루어/ 릴찌▶볼락 - 릴찌/ 장대/ 루어","needs-check","MOF_SHARED_ROCK_FISHING_POINT","https://www.data.go.kr/data/15148580/fileData.do","2026-07-11","544","POINT (1061211.92923436 1634452.82816424)","공식 갯바위낚시포인트 데이터 기반. 갯바위 출입 가능 여부와 안전 통제는 현장 및 공식 안내 확인 필요."
"rock-545","두미도 - 염소자리","rock-fishing-point","경상남도","통영시","경상남도 통영시","34.696972","","감성돔|벵에돔|노래미|참돔|농어|볼락","상관없음","3.4~5.0","펄","▶감성돔 - 릴찌/ 장대/ 원투▶벵에돔 - 목줄/ 장대/ 부력/ 잠수▶노래미 - 루어/ 릴찌/ 장대/ 원투▶참돔 - 부력/ 잠수▶농어 - 루어/ 릴찌▶볼락 - 릴찌/ 장대/ 루어","needs-check","MOF_SHARED_ROCK_FISHING_POINT","https://www.data.go.kr/data/15148580/fileData.do","2026-07-11","545","POINT (1061640.95437337 1633830.34379864)","공식 갯바위낚시포인트 데이터 기반. 갯바위 출입 가능 여부와 안전 통제는 현장 및 공식 안내 확인 필요."
"rock-546","한산도·용초도 - 용두단","rock-fishing-point","경상남도","통영시","경상남도 통영시","34.734917","","볼락|고등어|벵에돔","조금 전후","4.6~7.0","모래","▶볼락 - 릴찌/ 장대/ 루어▶고등어 - 루어/ 릴찌/ 장대▶벵에돔 - 목줄/ 장대/ 부력","needs-check","MOF_SHARED_ROCK_FISHING_POINT","https://www.data.go.kr/data/15148580/fileData.do","2026-07-11","546","POINT (1089900.82189725 1638270.95450644)","공식 갯바위낚시포인트 데이터 기반. 갯바위 출입 가능 여부와 안전 통제는 현장 및 공식 안내 확인 필요."
"rock-548","추자도 - 상추자도 다무레미 앞 갯바위","rock-fishing-point","제주특별자치도","제주시","제주특별자치도 제주시","33.967472","","감성돔|돌돔|자리돔|농어|볼락|참돔","들물/썰물","2.7~5.0","암","▶감성돔 - 릴찌/ 장대/ 원투▶돌돔 - 민장대/ 릴찌/ 원투▶자리돔 - 장대/ 카드▶농어 - 루어/ 릴찌▶볼락 - 루어/ 릴찌/ 장대▶참돔 - 부력/ 잠수","needs-check","MOF_SHARED_ROCK_FISHING_POINT","https://www.data.go.kr/data/15148580/fileData.do","2026-07-11","548","POINT (887736.046032015 1553399.56114308)","공식 갯바위낚시포인트 데이터 기반. 갯바위 출입 가능 여부와 안전 통제는 현장 및 공식 안내 확인 필요."
"rock-549","추자도 - 상추자도 목개 해안","rock-fishing-point","제주특별자치도","제주시","제주특별자치도 제주시","33.961861","","감성돔|돌돔|자리돔|농어|볼락|참돔","들물/썰물","1.8~2.0","암","▶감성돔 - 릴찌/ 장대/ 원투▶돌돔 - 민장대/ 릴찌/ 원투▶자리돔 - 장대/ 카드▶농어 - 루어/ 릴찌▶볼락 - 루어/ 릴찌/ 장대▶참돔 - 부력/ 잠수","needs-check","MOF_SHARED_ROCK_FISHING_POINT","https://www.data.go.kr/data/15148580/fileData.do","2026-07-11","549","POINT (887808.235575743 1552776.42048374)","공식 갯바위낚시포인트 데이터 기반. 갯바위 출입 가능 여부와 안전 통제는 현장 및 공식 안내 확인 필요."
"rock-550","제주도 서부·차귀도·비양도 - 수월봉 갯바위","rock-fishing-point","제주특별자치도","제주시","제주특별자치도 제주시","33.295806","","감성돔|벤자리|삼치|방어|벵에돔|한치","들물/썰물","12~12.8","모래/ 조개껍질","▶감성돔 - 릴찌/ 장대/ 원투▶벤자리 - 릴찌/ 민장대▶삼치 - 루어/ 릴찌▶방어 - 부력/ 잠수/ 지깅▶벵에돔 - 목줄/ 장대/ 부력/ 잠수▶한치 - 루어/ 원투","needs-check","MOF_SHARED_ROCK_FISHING_POINT","https://www.data.go.kr/data/15148580/fileData.do","2026-07-11","550","POINT (875467.798102543 1479063.7703374)","공식 갯바위낚시포인트 데이터 기반. 갯바위 출입 가능 여부와 안전 통제는 현장 및 공식 안내 확인 필요."
"rock-551","진해항 부근 - 초리도 서측","rock-fishing-point","경상남도","창원시","경상남도 창원시","35.075616","","도다리|노래미|볼락|감성돔|갑오징어","초들물~중날물","3.8~4.6m","펄","▶ 도다리 - 원투▶ 노래미 - 루어/ 릴찌/ 장대/ 원투▶ 볼락 - 릴찌/ 장대/ 루어▶ 감성돔 - 릴찌/ 장대/ 원투▶ 갑오징어 - 에깅","needs-check","MOF_SHARED_ROCK_FISHING_POINT","https://www.data.go.kr/data/15148580/fileData.do","2026-07-11","551","POINT (1108276.49599377 1676258.50113041)","공식 갯바위낚시포인트 데이터 기반. 갯바위 출입 가능 여부와 안전 통제는 현장 및 공식 안내 확인 필요."
"rock-552","상조도·하조도·관매도 - 각흘도 갯바위(낚시배)","rock-fishing-point","전라남도","진도군","전라남도 진도군","34.257194","","감성돔|돌돔|참돔|도다리|노래미|우럭","초들물~중날물","0.2~4.1","암","▶감성돔 - 릴찌/ 장대/ 원투 ▶돌돔 - 원투/ 민장대/ 릴찌▶참돔 - 부력/ 잠수 ▶도다리 - 원투▶노래미 - 루어/ 릴찌/ 장대/ 원투 ▶우럭 - 릴찌/ 원투","needs-check","MOF_SHARED_ROCK_FISHING_POINT","https://www.data.go.kr/data/15148580/fileData.do","2026-07-11","552","POINT (866873.843132851 1585804.43319138)","공식 갯바위낚시포인트 데이터 기반. 갯바위 출입 가능 여부와 안전 통제는 현장 및 공식 안내 확인 필요."
"rock-553","남해도 북부 - 수원늘 등대","rock-fishing-point","경상남도","남해군","경상남도 남해군","34.946667","","참돔|농어|노래미|볼락|우럭","초들물~중날물","0.0~3.3","암","▶참돔 - 부력/ 잠수▶농어 - 루어/ 릴찌▶노래미 - 루어/ 릴찌/ 장대/ 원투▶볼락 - 릴찌/ 장대/ 루어▶우럭 - 릴찌/ 원투","needs-check","MOF_SHARED_ROCK_FISHING_POINT","https://www.data.go.kr/data/15148580/fileData.do","2026-07-11","553","POINT (1035692.48328084 1661383.34925047)","공식 갯바위낚시포인트 데이터 기반. 갯바위 출입 가능 여부와 안전 통제는 현장 및 공식 안내 확인 필요."
"rock-554","남해도 남부 - 유구마을 해안 갯바위","rock-fishing-point","경상남도","남해군","경상남도 남해군","34.749222","","참돔|농어|노래미|볼락|우럭","초들물~중날물","0.6~1.6","암","▶참돔 - 부력/ 잠수▶농어 - 루어/ 릴찌▶노래미 - 루어/ 릴찌/ 장대/ 원투▶볼락 - 릴찌/ 장대/ 루어▶우럭 - 릴찌/ 원투","needs-check","MOF_SHARED_ROCK_FISHING_POINT","https://www.data.go.kr/data/15148580/fileData.do","2026-07-11","554","POINT (1030929.30212231 1639470.3041168)","공식 갯바위낚시포인트 데이터 기반. 갯바위 출입 가능 여부와 안전 통제는 현장 및 공식 안내 확인 필요."
"rock-555","울릉도 - 관음도 갯바위","rock-fishing-point","경상북도","울릉군","경상북도 울릉군","37.543139","","벵에돔|부시리|감성돔","조금 전후","2.2~3.3","암","▶벵에돔 - 목줄/ 장대/ 부력/ 잠수▶부시리 - 부력/ 잠수/ 지깅▶감성돔 - 릴찌/ 장대/ 원투","needs-check","MOF_SHARED_ROCK_FISHING_POINT","https://www.data.go.kr/data/15148580/fileData.do","2026-07-11","555","POINT (1302124.90904984 1954809.79790963)","공식 갯바위낚시포인트 데이터 기반. 갯바위 출입 가능 여부와 안전 통제는 현장 및 공식 안내 확인 필요."
"rock-556","추자도 - 추자대교 아래","rock-fishing-point","제주특별자치도","제주시","제주특별자치도 제주시","33.953194","","감성돔|돌돔|자리돔|농어|볼락|참돔","들물/썰물","2.0~3.2","펄/ 모래","▶감성돔 - 릴찌/ 장대/ 원투▶돌돔 - 민장대/ 릴찌/ 원투▶자리돔 - 장대/ 카드▶농어 - 루어/ 릴찌▶볼락 - 루어/ 릴찌/ 장대▶참돔 - 부력/ 잠수","needs-check","MOF_SHARED_ROCK_FISHING_POINT","https://www.data.go.kr/data/15148580/fileData.do","2026-07-11","556","POINT (889483.270255549 1551795.5871575)","공식 갯바위낚시포인트 데이터 기반. 갯바위 출입 가능 여부와 안전 통제는 현장 및 공식 안내 확인 필요."
"rock-557","연화도 부근 - 진등끝 갯바위","rock-fishing-point","경상남도","통영시","경상남도 통영시","34.640560","","참돔|감성돔|볼락|벵에돔|농어","초들물/ 초날물/ 5물~6물/ 조금","5.9~8.2m","암","▶ 참돔 - 부력/ 잠수▶ 감성돔 - 릴찌/ 장대/ 원투▶ 볼락 - 릴찌/ 장대/ 루어▶ 벵에돔 - 목줄/ 장대/ 부력/ 잠수▶ 농어 - 루어/ 릴찌","needs-check","MOF_SHARED_ROCK_FISHING_POINT","https://www.data.go.kr/data/15148580/fileData.do","2026-07-11","557","POINT (1080763.15375107 1627721.74481871)","공식 갯바위낚시포인트 데이터 기반. 갯바위 출입 가능 여부와 안전 통제는 현장 및 공식 안내 확인 필요."
"rock-558","연화도 부근 - 연화항 서측 끝","rock-fishing-point","경상남도","통영시","경상남도 통영시","34.649815","","참돔|감성돔|볼락|벵에돔|농어","초들물/ 초날물/ 5물~6물/ 조금","9.7~11.7m","암","▶ 참돔 - 부력/ 잠수▶ 감성돔 - 릴찌/ 장대/ 원투▶ 볼락 - 릴찌/ 장대/ 루어▶ 벵에돔 - 목줄/ 장대/ 부력/ 잠수▶ 농어 - 루어/ 릴찌","needs-check","MOF_SHARED_ROCK_FISHING_POINT","https://www.data.go.kr/data/15148580/fileData.do","2026-07-11","558","POINT (1077425.52510948 1628719.59393224)","공식 갯바위낚시포인트 데이터 기반. 갯바위 출입 가능 여부와 안전 통제는 현장 및 공식 안내 확인 필요."
"rock-559","갈도 부근 - 매여","rock-fishing-point","경상남도","통영시","경상남도 통영시","34.556910","","감성돔|돌돔|볼락|무늬오징어","2물~8물/ 사리 전후","14.5~15.9m","암","▶ 감성돔 - 릴찌/ 장대/ 원투▶ 돌돔 - 릴찌/ 장대/ 원투▶ 볼락 - 릴찌/ 장대/ 루어 ▶ 무늬오징어 - 릴찌/ 에깅","needs-check","MOF_SHARED_ROCK_FISHING_POINT","https://www.data.go.kr/data/15148580/fileData.do","2026-07-11","559","POINT (1062637.79502228 1618304.57272156)","공식 갯바위낚시포인트 데이터 기반. 갯바위 출입 가능 여부와 안전 통제는 현장 및 공식 안내 확인 필요."
"rock-560","욕지도 - 모개도 부근 갯바위","rock-fishing-point","경상남도","통영시","경상남도 통영시","34.646167","","감성돔|넙치|농어|전갱이|볼락|참돔","5물~11물","7.2m~10.1m","펄/ 모래","▶감성돔 - 릴찌/ 장대/ 원투 ▶넙치 - 루어/ 원투▶농어 - 루어/ 릴찌 ▶전갱이 - 루어/ 릴찌/ 장대▶볼락 - 루어/ 릴찌/ 장대 ▶참돔 - 부력/ 잠수","needs-check","MOF_SHARED_ROCK_FISHING_POINT","https://www.data.go.kr/data/15148580/fileData.do","2026-07-11","560","POINT (1070102.32799053 1628256.46601212)","공식 갯바위낚시포인트 데이터 기반. 갯바위 출입 가능 여부와 안전 통제는 현장 및 공식 안내 확인 필요."
"rock-561","욕지도 - 노적마을 쇠고락 갯바위","rock-fishing-point","경상남도","통영시","경상남도 통영시","34.622083","","감성돔|농어|무늬오징어|볼락|벵에돔|참돔","5물~11물","4m~5m","바위","▶감성돔 - 릴찌/ 장대/ 원투 ▶농어 - 루어/ 릴찌▶무늬오징어 - 릴찌/ 에깅 ▶볼락 - 루어/ 릴찌/ 장대▶벵에돔 - 목줄/ 장대/ 부력/ 잠수 ▶참돔 - 부력/ 잠수","needs-check","MOF_SHARED_ROCK_FISHING_POINT","https://www.data.go.kr/data/15148580/fileData.do","2026-07-11","561","POINT (1072225.96674054 1625601.98629424)","공식 갯바위낚시포인트 데이터 기반. 갯바위 출입 가능 여부와 안전 통제는 현장 및 공식 안내 확인 필요."
"rock-605","십이동파도·비안도 - 십이동파도 사자섬","rock-fishing-point","전라북도","군산시","전라북도 군산시","35.997056","","감성돔|갑오징어|넙치|노래미|농어|우럭|참돔","12물~3물","7.5m~12m","펄/ 모래","▶감성돔 - 릴찌/ 장대/ 원투 ▶갑오징어 - 에깅▶넙치 - 루어/ 원투 ▶노래미 - 루어/ 릴찌/ 장대/ 원투▶농어 - 루어/ 릴찌 ▶우럭 - 릴찌/ 원투 ▶참돔 - 부력/ 잠수","needs-check","MOF_SHARED_ROCK_FISHING_POINT","https://www.data.go.kr/data/15148580/fileData.do","2026-07-11","605","POINT (886432.119060741 1778540.86247477)","공식 갯바위낚시포인트 데이터 기반. 갯바위 출입 가능 여부와 안전 통제는 현장 및 공식 안내 확인 필요."
"rock-562","비진도·매물도 - 비진도 비둘기강정 부근 갯바위","rock-fishing-point","경상남도","통영시","경상남도 통영시","34.723556","","감성돔|농어|노래미|우럭|볼락","조금 전·후","3.6m~5.3m","펄/ 조개껍질","▶감성돔 - 릴찌/ 장대/ 원투 ▶농어 - 루어/ 릴찌▶노래미 - 루어/ 릴찌/ 장대/ 원투 ▶우럭 - 릴찌/ 원투▶볼락 - 루어/ 릴찌/ 장대","needs-check","MOF_SHARED_ROCK_FISHING_POINT","https://www.data.go.kr/data/15148580/fileData.do","2026-07-11","562","POINT (1088540.12308145 1636997.73776669)","공식 갯바위낚시포인트 데이터 기반. 갯바위 출입 가능 여부와 안전 통제는 현장 및 공식 안내 확인 필요."
"rock-563","비진도·매물도 - 대매물도 수리바위","rock-fishing-point","경상남도","통영시","경상남도 통영시","34.633611","","감성돔|돌돔|볼락|우럭","조금 전·후","1.4m~2.1m","펄/ 모래","▶감성돔 - 릴찌/ 장대/ 원투 ▶돌돔 - 릴찌/ 장대/ 원투▶볼락 - 루어/ 릴찌/ 장대 ▶우럭 - 릴찌/ 원투","needs-check","MOF_SHARED_ROCK_FISHING_POINT","https://www.data.go.kr/data/15148580/fileData.do","2026-07-11","563","POINT (1098127.99147503 1627119.19743044)","공식 갯바위낚시포인트 데이터 기반. 갯바위 출입 가능 여부와 안전 통제는 현장 및 공식 안내 확인 필요."
"rock-564","거제도 남부 - 대포 계단바위","rock-fishing-point","경상남도","거제시","경상남도 거제시","34.706944","","감성돔|돌돔|벵에돔|우럭|볼락|참돔","조금 전·후","10m~16m","펄","▶감성돔 - 릴찌/ 장대/ 원투 ▶돌돔 - 릴찌/ 장대/ 원투▶벵에돔 - 목줄/ 장대/ 부력/ 잠수 ▶우럭 - 릴찌/ 원투▶볼락 - 루어/ 릴찌/ 장대 ▶참돔 - 부력/ 잠수","needs-check","MOF_SHARED_ROCK_FISHING_POINT","https://www.data.go.kr/data/15148580/fileData.do","2026-07-11","564","POINT (1098501.99384232 1635256.55930703)","공식 갯바위낚시포인트 데이터 기반. 갯바위 출입 가능 여부와 안전 통제는 현장 및 공식 안내 확인 필요."
"rock-565","거제도 남부 - 망치마을 곶부리","rock-fishing-point","경상남도","거제시","경상남도 거제시","34.805778","","감성돔|농어|벵에돔|우럭|볼락|학공치","조금 전·후","2m~3.2m","펄","▶감성돔 - 릴찌/ 장대/ 원투 ▶농어 - 루어/ 릴찌▶벵에돔 - 목줄/ 장대/ 부력/ 잠수 ▶우럭 - 릴찌/ 원투▶볼락 - 루어/ 릴찌/ 장대 ▶학공치 - 릴찌/ 장대","needs-check","MOF_SHARED_ROCK_FISHING_POINT","https://www.data.go.kr/data/15148580/fileData.do","2026-07-11","565","POINT (1106909.45081742 1646312.35986617)","공식 갯바위낚시포인트 데이터 기반. 갯바위 출입 가능 여부와 안전 통제는 현장 및 공식 안내 확인 필요."
"rock-566","시도 - 수기해변 동측 갯바위","rock-fishing-point","인천광역시","옹진군","인천광역시 옹진군","37.546056","","우럭|광어|농어|망둥어|노래미|삼치","초들물~중날물","-0.5~-0.1","펄","▶우럭 - 릴찌/ 원투 ▶광어 - 릴찌/ 원투▶농어 - 루어/ 릴찌 ▶망둥어 - 릴찌/ 장대▶노래미 - 루어/ 릴찌/ 장대/ 원투 ▶삼치 - 루어/ 릴찌","needs-check","MOF_SHARED_ROCK_FISHING_POINT","https://www.data.go.kr/data/15148580/fileData.do","2026-07-11","566","POINT (906186.029812913 1950165.73749813)","공식 갯바위낚시포인트 데이터 기반. 갯바위 출입 가능 여부와 안전 통제는 현장 및 공식 안내 확인 필요."
"rock-567","영종도·용유도 - 선녀바위","rock-fishing-point","인천광역시","중구","인천광역시 중구","37.435583","","광어|우럭|노래미|삼치|붕장어","들물","-0.5~-0.2","펄","▶광어 - 릴찌/ 원투▶우럭 - 릴찌/ 원투▶노래미 - 루어/ 릴찌/ 장대/ 원투▶삼치 - 루어/ 릴찌▶붕장어 - 원투","needs-check","MOF_SHARED_ROCK_FISHING_POINT","https://www.data.go.kr/data/15148580/fileData.do","2026-07-11","567","POINT (901027.0612844741 1937967.2114742)","공식 갯바위낚시포인트 데이터 기반. 갯바위 출입 가능 여부와 안전 통제는 현장 및 공식 안내 확인 필요."
"rock-568","대삼부도 - 북쪽 끝바리","rock-fishing-point","전라남도","여수시","전라남도 여수시","34.062799","","벵에돔|참돔|돌돔|감성돔|농어","10물~13물","0.3~0.8m","암","▶ 벵에돔 - 목줄/ 장대/ 부력/ 잠수▶ 참돔 - 부력/ 잠수▶ 돌돔 - 릴찌/ 장대/ 원투▶ 감성돔 - 릴찌/ 장대/ 원투▶ 농어 - 루어/ 릴찌","needs-check","MOF_SHARED_ROCK_FISHING_POINT","https://www.data.go.kr/data/15148580/fileData.do","2026-07-11","568","POINT (989526.597862483 1563309.85089787)","공식 갯바위낚시포인트 데이터 기반. 갯바위 출입 가능 여부와 안전 통제는 현장 및 공식 안내 확인 필요."
"rock-569","연도 - 검등서 갯바위","rock-fishing-point","전라남도","여수시","전라남도 여수시","34.460088","","참돔|감성돔|볼락|농어/  삼치|돌돔|갑오징어","초들물/ 초날물/ 조금 전·후","2.3~2.9m","암","▶ 참돔 - 부력/ 잠수▶ 감성돔 - 릴찌/ 장대/ 원투▶ 볼락 - 릴찌/ 장대/ 루어▶ 농어/ 삼치 - 루어/ 릴찌▶ 돌돔 - 민장대/ 릴찌/ 원투▶ 갑오징어 - 에깅","needs-check","MOF_SHARED_ROCK_FISHING_POINT","https://www.data.go.kr/data/15148580/fileData.do","2026-07-11","569","POINT (1026975.03985906 1607395.67430679)","공식 갯바위낚시포인트 데이터 기반. 갯바위 출입 가능 여부와 안전 통제는 현장 및 공식 안내 확인 필요."
"rock-570","연도 - 배미말 갯바위","rock-fishing-point","전라남도","여수시","전라남도 여수시","34.451179","","참돔|감성돔|볼락|농어/  삼치|돌돔|갑오징어","초들물/ 초날물/ 조금 전·후","2.7~3.5m","암","▶ 참돔 - 부력/ 잠수▶ 감성돔 - 릴찌/ 장대/ 원투▶ 볼락 - 릴찌/ 장대/ 루어▶ 농어/ 삼치 - 루어/ 릴찌▶ 돌돔 - 민장대/ 릴찌/ 원투▶ 갑오징어 - 에깅","needs-check","MOF_SHARED_ROCK_FISHING_POINT","https://www.data.go.kr/data/15148580/fileData.do","2026-07-11","570","POINT (1029107.32949478 1606414.15361633)","공식 갯바위낚시포인트 데이터 기반. 갯바위 출입 가능 여부와 안전 통제는 현장 및 공식 안내 확인 필요."
"rock-571","입파도·국화도 - 국화도 서쪽 곶부리","rock-fishing-point","경기도","화성시","경기도 화성시","37.058222","","노래미|도다리|우럭","조금 전·후","1.3m~2.1m","펄","▶노래미 - 루어/ 릴찌/ 장대/ 원투 ▶도다리 - 원투▶우럭 - 루어/ 릴찌","needs-check","MOF_SHARED_ROCK_FISHING_POINT","https://www.data.go.kr/data/15148580/fileData.do","2026-07-11","571","POINT (915649.770352114 1895937.02820212)","공식 갯바위낚시포인트 데이터 기반. 갯바위 출입 가능 여부와 안전 통제는 현장 및 공식 안내 확인 필요."
"rock-572","나로도 - 내나로도 등대 밑 갯바위","rock-fishing-point","전라남도","고흥군","전라남도 고흥군","34.474611","","감성돔|농어|도다리|볼락|학공치","간조~초들물","7m~9m","펄","▶감성돔 - 릴찌/ 장대/ 원투 ▶농어 - 루어/ 릴찌▶도다리 - 원투 ▶볼락 - 릴찌/ 장대/ 루어▶볼락 - 루어/ 릴찌/ 장대 ▶학공치 - 릴찌/ 장대","needs-check","MOF_SHARED_ROCK_FISHING_POINT","https://www.data.go.kr/data/15148580/fileData.do","2026-07-11","572","POINT (1000627.50923379 1608966.9557601)","공식 갯바위낚시포인트 데이터 기반. 갯바위 출입 가능 여부와 안전 통제는 현장 및 공식 안내 확인 필요."
"rock-573","독거군도 부근 - 죽항 송도","rock-fishing-point","전라남도","진도군","전라남도 진도군","34.268297","","참돔|감성돔|돌돔|광어|농어","조금 전후","6.1~8m","자갈/ 조개껍질","▶ 참돔 - 부력/ 잠수▶ 감성돔 - 릴찌/ 장대/ 원투▶ 돌돔 - 릴찌/ 장대/ 원투▶ 광어-릴찌/ 원투▶ 농어 - 루어/ 릴찌","needs-check","MOF_SHARED_ROCK_FISHING_POINT","https://www.data.go.kr/data/15148580/fileData.do","2026-07-11","573","POINT (870403.953260345 1586986.36021844)","공식 갯바위낚시포인트 데이터 기반. 갯바위 출입 가능 여부와 안전 통제는 현장 및 공식 안내 확인 필요."
"rock-574","광양만 부근 - 배알도해수욕장 부근","rock-fishing-point","전라남도","광양시","전라남도 광양시","34.959607","","붕장어|망둥어|숭어|감성돔|농어|노래미|볼락|도다리","5물~10물","0~2.0m","펄/ 모래","▶ 붕장어 - 원투▶ 망둥어 - 릴찌/ 장대▶ 숭어 - 릴찌/ 장대/ 훌치기▶ 감성돔 - 릴찌/ 장대/ 원투▶ 농어 - 루어/ 릴찌▶ 노래미 - 루어/ 릴찌/ 장대/ 원투▶ 볼락 - 릴찌/ 장대/ 루어▶ 도다리 - 원투","needs-check","MOF_SHARED_ROCK_FISHING_POINT","https://www.data.go.kr/data/15148580/fileData.do","2026-07-11","574","POINT (1023533.87567813 1662778.98826709)","공식 갯바위낚시포인트 데이터 기반. 갯바위 출입 가능 여부와 안전 통제는 현장 및 공식 안내 확인 필요."
"rock-575","사천대교 부근 - 법도 맞은편","rock-fishing-point","경상남도","사천시","경상남도 사천시","35.019564","","참돔|농어|우럭|볼락|노래미|붕장어","초들물~중날물","0.1~1.5m","펄","▶ 참돔 - 부력/ 잠수▶ 농어 - 루어/ 릴찌▶ 우럭 - 릴찌/ 원투▶ 볼락 - 릴찌/ 장대/ 루어▶ 노래미 - 루어/ 릴찌/ 장대/ 원투▶ 붕장어 - 원투","needs-check","MOF_SHARED_ROCK_FISHING_POINT","https://www.data.go.kr/data/15148580/fileData.do","2026-07-11","575","POINT (1049067.93728934 1669529.83445919)","공식 갯바위낚시포인트 데이터 기반. 갯바위 출입 가능 여부와 안전 통제는 현장 및 공식 안내 확인 필요."
"rock-576","장봉도 - 진촌 서갯바위","rock-fishing-point","인천광역시","옹진군","인천광역시 옹진군","37.545611","","넙치|노래미|망둑어|숭어|우럭","조금 전·후/ 3물~5물","1.2m~1.6m","모래/ 펄","▶넙치 - 루어/ 원투 ▶노래미 - 루어/ 릴찌/ 장대/ 원투▶망둑어 - 원투 ▶숭어 - 릴찌/ 장대/ 훌치기 ▶우럭 - 릴찌/ 원투","needs-check","MOF_SHARED_ROCK_FISHING_POINT","https://www.data.go.kr/data/15148580/fileData.do","2026-07-11","576","POINT (895864.340195415 1950239.43565514)","공식 갯바위낚시포인트 데이터 기반. 갯바위 출입 가능 여부와 안전 통제는 현장 및 공식 안내 확인 필요."
"rock-577","욕지도 - 목가동섬","rock-fishing-point","경상남도","통영시","경상남도 통영시","34.652444","","감성돔|고등어|노래미|농어|볼락|학공치","5물~11물","2.2m~3.3m","펄/ 모래/ 조개껍질","▶감성돔 - 릴찌/ 장대/ 원투 ▶고등어 - 루어/ 릴찌/ 장대▶노래미 - 루어/ 릴찌/ 장대/ 원투 ▶농어 - 루어/ 릴찌▶볼락 - 루어/ 릴찌/ 장대▶학공치 - 릴찌/ 장대","needs-check","MOF_SHARED_ROCK_FISHING_POINT","https://www.data.go.kr/data/15148580/fileData.do","2026-07-11","577","POINT (1068045.36421551 1628937.28103281)","공식 갯바위낚시포인트 데이터 기반. 갯바위 출입 가능 여부와 안전 통제는 현장 및 공식 안내 확인 필요."
"rock-578","비진도·매물도 - 비진도 동북쪽 곶부리","rock-fishing-point","경상남도","통영시","경상남도 통영시","34.731417","","감성돔|농어|무늬오징어|볼락|벵에돔|참돔","조금 전·후","3.2m~5m","펄/ 조개껍질","▶감성돔 - 릴찌/ 장대/ 원투 ▶농어 - 루어/ 릴찌▶무늬오징어 - 릴찌/ 에깅 ▶볼락 - 루어/ 릴찌/ 장대▶벵에돔 - 목줄/ 장대/ 부력/ 잠수 ▶참돔 - 부력/ 잠수","needs-check","MOF_SHARED_ROCK_FISHING_POINT","https://www.data.go.kr/data/15148580/fileData.do","2026-07-11","578","POINT (1088763.16911716 1637871.73828558)","공식 갯바위낚시포인트 데이터 기반. 갯바위 출입 가능 여부와 안전 통제는 현장 및 공식 안내 확인 필요."
"rock-579","개야도 - 작은여 등대 갯바위","rock-fishing-point","전라북도","군산시","전라북도 군산시","36.026250","","망농어|부세|감성돔|백조기","날물","1.3~4.3","모래/ 펄","▶망농어 - 루어/ 릴찌▶부세 - 릴찌/ 원투▶감성돔 - 릴찌/ 장대/ 원투▶백조기 - 릴찌/ 원투","needs-check","MOF_SHARED_ROCK_FISHING_POINT","https://www.data.go.kr/data/15148580/fileData.do","2026-07-11","579","POINT (915164.281016465 1781454.96385008)","공식 갯바위낚시포인트 데이터 기반. 갯바위 출입 가능 여부와 안전 통제는 현장 및 공식 안내 확인 필요."
"rock-580","안마도·석만도 - 노랑여(옛멸터) 부근","rock-fishing-point","전라남도","영광군","전라남도 영광군","35.346806","","붕장어|우럭|노래미|농어|민어|광어","들물/날물","3.8~5.2","펄","▶붕장어 - 원투▶우럭 - 릴찌/ 원투▶노래미 - 루어/ 릴찌/ 장대/ 원투▶농어 - 루어/ 릴찌▶민어 - 루어/ 지깅/ 원투▶광어 - 릴찌/ 원투","needs-check","MOF_SHARED_ROCK_FISHING_POINT","https://www.data.go.kr/data/15148580/fileData.do","2026-07-11","580","POINT (867468.66425566 1706664.56341295)","공식 갯바위낚시포인트 데이터 기반. 갯바위 출입 가능 여부와 안전 통제는 현장 및 공식 안내 확인 필요."
"rock-581","안면도 남 부 - 망재 곶부리","rock-fishing-point","충청남도","태안군","충청남도 태안군","36.439167","","우럭|노래미|학공치|광어|숭어|도다리","중들물~중날물","0.4~0.9","모래/ 펄","▶우럭 - 릴찌/ 원투▶노래미 - 루어/ 릴찌/ 장대/ 원투▶학공치 - 릴찌/ 장대▶광어 - 릴찌/ 원투▶숭어 - 릴찌/ 장대/ 홀치기▶도다리 - 원투","needs-check","MOF_SHARED_ROCK_FISHING_POINT","https://www.data.go.kr/data/15148580/fileData.do","2026-07-11","581","POINT (895696.46394621 1827474.44919768)","공식 갯바위낚시포인트 데이터 기반. 갯바위 출입 가능 여부와 안전 통제는 현장 및 공식 안내 확인 필요."
"rock-582","가의도 - 동남측 두번째 곶부리","rock-fishing-point","충청남도","태안군","충청남도 태안군","36.670278","","우럭|노래미|고등어|광어|주꾸미|학공치","상관없음","2.4~2.5","암","▶우럭 - 릴찌/ 원투▶노래미 - 루어/ 릴찌/ 장대/ 원투▶고등어 - 루어/ 릴찌/ 장대▶광어 - 릴찌/ 원투▶주꾸미 - 릴찌/ 원투/ 장대▶학공치 - 릴찌/ 장대","needs-check","MOF_SHARED_ROCK_FISHING_POINT","https://www.data.go.kr/data/15148580/fileData.do","2026-07-11","582","POINT (872622.6985160761 1853427.57648856)","공식 갯바위낚시포인트 데이터 기반. 갯바위 출입 가능 여부와 안전 통제는 현장 및 공식 안내 확인 필요."
"rock-583","개야도 - 죽도 서측 갯바위","rock-fishing-point","전라북도","군산시","전라북도 군산시","36.035806","","농어|부세|감성돔|백조기","초들물~중날물","0~1.9","모래/ 펄","▶농어 - 루어/ 릴찌▶부세 - 릴찌/ 원투▶감성돔 - 릴찌/ 장대/ 원투▶백조기 - 릴찌/ 원투","needs-check","MOF_SHARED_ROCK_FISHING_POINT","https://www.data.go.kr/data/15148580/fileData.do","2026-07-11","583","POINT (911953.782030491 1782546.59677308)","공식 갯바위낚시포인트 데이터 기반. 갯바위 출입 가능 여부와 안전 통제는 현장 및 공식 안내 확인 필요."
"rock-584","개야도 - 안청강여 등대 갯바위","rock-fishing-point","전라북도","군산시","전라북도 군산시","36.052517","","농어|부세|감성돔|백조기","날물","0~1.8","암","▶농어 - 루어/ 릴찌▶부세 - 릴찌/ 원투▶감성돔 - 릴찌/ 장대/ 원투▶백조기 - 릴찌/ 원투","needs-check","MOF_SHARED_ROCK_FISHING_POINT","https://www.data.go.kr/data/15148580/fileData.do","2026-07-11","584","POINT (913723.7805955181 1784382.7916941)","공식 갯바위낚시포인트 데이터 기반. 갯바위 출입 가능 여부와 안전 통제는 현장 및 공식 안내 확인 필요."
"rock-602","입파도·국화도 - 국화도 매박섬(토끼섬)","rock-fishing-point","경기도","화성시","경기도 화성시","37.071417","","노래미|도다리|우럭","조금 전·후","5m~5.2m","모래","▶노래미 - 루어/ 릴찌/ 장대/ 원투 ▶도다리 - 원투▶우럭 - 루어/ 릴찌","needs-check","MOF_SHARED_ROCK_FISHING_POINT","https://www.data.go.kr/data/15148580/fileData.do","2026-07-11","602","POINT (915943.41625019 1897398.02202436)","공식 갯바위낚시포인트 데이터 기반. 갯바위 출입 가능 여부와 안전 통제는 현장 및 공식 안내 확인 필요."
"rock-585","안마도·석만도 - 쎄지기 앞 갯바위","rock-fishing-point","전라남도","영광군","전라남도 영광군","35.372500","","간재미|노래미|붕장어|우럭|민어|광어","들물/날물","2.6~6.0","암","▶간재미 - 릴찌/ 장대/ 원투▶노래미 - 루어/ 릴찌/ 장대/ 원투▶붕장어 - 원투▶우럭 - 릴찌/ 원투▶민어 - 루어/ 지깅/ 원투▶광어 - 릴찌/ 원투","needs-check","MOF_SHARED_ROCK_FISHING_POINT","https://www.data.go.kr/data/15148580/fileData.do","2026-07-11","585","POINT (868966.715666163 1709493.11297777)","공식 갯바위낚시포인트 데이터 기반. 갯바위 출입 가능 여부와 안전 통제는 현장 및 공식 안내 확인 필요."
"rock-586","안마도·석만도 - 철탑 밑 갯바위","rock-fishing-point","전라남도","영광군","전라남도 영광군","35.359833","","붕장어|우럭|민어|광어|농어|노래미","들물/날물","4.1~9.5","펄","▶붕장어 - 원투▶우럭 - 릴찌/ 원투▶민어 - 루어/ 지깅/ 원투▶광어 - 릴찌/ 원투▶농어 - 루어/ 릴찌▶노래미 - 루어/ 릴찌/ 장대/ 원투","needs-check","MOF_SHARED_ROCK_FISHING_POINT","https://www.data.go.kr/data/15148580/fileData.do","2026-07-11","586","POINT (866450.110758804 1708124.91585014)","공식 갯바위낚시포인트 데이터 기반. 갯바위 출입 가능 여부와 안전 통제는 현장 및 공식 안내 확인 필요."
"rock-587","흑산도·삼태도 - 하태도 기둥바위 부근","rock-fishing-point","전라남도","신안군","전라남도 신안군","34.392528","","감성돔|농어|돌돔|볼락|우럭|열기|참돔","중들물~중날물","6m~9m","바위","▶감성돔 - 릴찌/ 장대/ 원투 ▶농어 - 루어/ 릴찌▶돌돔 - 릴찌/ 장대/ 원투 ▶볼락 - 루어/ 릴찌/ 장대▶우럭 - 릴찌/ 원투 ▶열기 - 외줄 ▶참돔 - 부력/ 잠수","needs-check","MOF_SHARED_ROCK_FISHING_POINT","https://www.data.go.kr/data/15148580/fileData.do","2026-07-11","587","POINT (796823.6738230251 1602079.21211257)","공식 갯바위낚시포인트 데이터 기반. 갯바위 출입 가능 여부와 안전 통제는 현장 및 공식 안내 확인 필요."
"rock-588","노화도·보길도·소안도 - 보길도 글쓴바위 부근","rock-fishing-point","전라남도","완도군","전라남도 완도군","34.156944","","감성돔|농어|숭어|우럭|볼락|참돔","사리 전·후","6.3m~7m","바위","▶감성돔 - 릴찌/ 장대/ 원투 ▶농어 - 루어/ 릴찌▶숭어 - 릴찌/ 장대/ 훌치기▶우럭 - 릴찌/ 원투▶볼락 - 루어/ 릴찌/ 장대 ▶참돔 - 부력/ 잠수","needs-check","MOF_SHARED_ROCK_FISHING_POINT","https://www.data.go.kr/data/15148580/fileData.do","2026-07-11","588","POINT (919292.172549246 1574089.11644254)","공식 갯바위낚시포인트 데이터 기반. 갯바위 출입 가능 여부와 안전 통제는 현장 및 공식 안내 확인 필요."
"rock-589","노화도·보길도·소안도 - 보길도 보옥리 몽돌해안","rock-fishing-point","전라남도","완도군","전라남도 완도군","34.126222","","감성돔|농어|돌돔|볼락|벵에돔|우럭","사리 전·후","2.1m~2.6m","조개껍질","▶감성돔 - 릴찌/ 장대/ 원투 ▶농어 - 루어/ 릴찌▶돌돔 - 릴찌/ 장대/ 원투 ▶볼락 - 장대/ 릴찌/ 루어▶벵에돔 - 목줄/ 장대/ 부력/ 잠수 ▶우럭 - 릴찌/ 원투","needs-check","MOF_SHARED_ROCK_FISHING_POINT","https://www.data.go.kr/data/15148580/fileData.do","2026-07-11","589","POINT (909590.5757014721 1570770.36752831)","공식 갯바위낚시포인트 데이터 기반. 갯바위 출입 가능 여부와 안전 통제는 현장 및 공식 안내 확인 필요."
"rock-590","신지도 - 내동리 양식장 부근 갯바위","rock-fishing-point","전라남도","완도군","전라남도 완도군","34.306306","","농어|볼락|숭어|우럭|전갱이|학공치","사리 전·후","1.4m~1.8m","펄/ 조개껍질","▶농어 - 루어/ 릴찌 ▶볼락 - 루어/ 릴찌/ 장대 ▶숭어 - 릴찌/ 장대/ 훌치기 ▶우럭 - 릴찌/ 원투 ▶전갱이 - 루어/ 릴찌/ 장대 ▶학공치 - 릴찌/ 장대","needs-check","MOF_SHARED_ROCK_FISHING_POINT","https://www.data.go.kr/data/15148580/fileData.do","2026-07-11","590","POINT (940624.27215592 1590492.80990911)","공식 갯바위낚시포인트 데이터 기반. 갯바위 출입 가능 여부와 안전 통제는 현장 및 공식 안내 확인 필요."
"rock-606","말도·방축도 - 말도 북동쪽 곶부리","rock-fishing-point","전라북도","군산시","전라북도 군산시","35.858861","","감성돔|넙치|노래미|도다리|우럭","썰물 전·후","7m~10m","펄/ 모래","▶감성돔 - 릴찌/ 장대/ 원투 ▶넙치 - 루어/ 원투▶노래미 - 루어/ 릴찌/ 장대/ 원투 ▶도다리 - 원투▶우럭 - 릴찌/ 원투","needs-check","MOF_SHARED_ROCK_FISHING_POINT","https://www.data.go.kr/data/15148580/fileData.do","2026-07-11","606","POINT (893977.033548392 1763115.73348509)","공식 갯바위낚시포인트 데이터 기반. 갯바위 출입 가능 여부와 안전 통제는 현장 및 공식 안내 확인 필요."
"rock-591","청산도·대모도 - 청산도 황산말 철탑 부근","rock-fishing-point","전라남도","완도군","전라남도 완도군","34.200361","","감성돔|넙치|농어|도다리|우럭|볼락|참돔","4물~사리","1.9m~2.5m","조개껍질/ 펄","▶감성돔 - 릴찌/ 장대/ 원투 ▶넙치 - 루어/ 원투▶농어 - 루어/ 릴찌 ▶도다리 - 원투 ▶우럭 - 릴찌/ 원투▶볼락 - 루어/ 릴찌/ 장대 ▶참돔 - 부력/ 잠수","needs-check","MOF_SHARED_ROCK_FISHING_POINT","https://www.data.go.kr/data/15148580/fileData.do","2026-07-11","591","POINT (941038.619502367 1578742.05679526)","공식 갯바위낚시포인트 데이터 기반. 갯바위 출입 가능 여부와 안전 통제는 현장 및 공식 안내 확인 필요."
"rock-592","청산도·대모도 - 청산도 코바위","rock-fishing-point","전라남도","완도군","전라남도 완도군","34.153639","","감성돔|넙치|농어|도다리|우럭|볼락|참돔","4물~사리","18.8~21m","조개껍질/ 펄/ 모래","▶감성돔 - 릴찌/ 장대/ 원투 ▶넙치 - 루어/ 원투▶농어 - 루어/ 릴찌 ▶도다리 - 원투 ▶우럭 - 릴찌/ 원투▶볼락 - 루어/ 릴찌/ 장대 ▶참돔 - 부력/ 잠수","needs-check","MOF_SHARED_ROCK_FISHING_POINT","https://www.data.go.kr/data/15148580/fileData.do","2026-07-11","592","POINT (945994.246137014 1573531.36168012)","공식 갯바위낚시포인트 데이터 기반. 갯바위 출입 가능 여부와 안전 통제는 현장 및 공식 안내 확인 필요."
"rock-593","여서도·거문도 - 여서도 등대 부근 갯바위","rock-fishing-point","전라남도","완도군","전라남도 완도군","33.988611","","감성돔|돌돔|볼락|참돔","들물/ 날물 전·후","4.7m~6m","펄/ 모래/ 조개껍질","▶감성돔 - 릴찌/ 장대/ 원투 ▶돌돔 - 릴찌/ 장대/ 원투▶볼락 - 루어/ 릴찌/ 장대 ▶참돔 - 부력/ 잠수","needs-check","MOF_SHARED_ROCK_FISHING_POINT","https://www.data.go.kr/data/15148580/fileData.do","2026-07-11","593","POINT (945997.1802857161 1555232.22206089)","공식 갯바위낚시포인트 데이터 기반. 갯바위 출입 가능 여부와 안전 통제는 현장 및 공식 안내 확인 필요."
"rock-594","여서도·거문도 - 거문도 선바위 부근","rock-fishing-point","전라남도","여수시","전라남도 여수시","34.007056","","감성돔|돌돔|벵에돔|참돔","들물/ 날물 전·후","9m~14m","펄","▶감성돔 - 릴찌/ 장대/ 원투 ▶돌돔 - 릴찌/ 장대/ 원투▶벵에돔 - 목줄/ 장대/ 부력/ 잠수 ▶참돔 - 부력/ 잠수","needs-check","MOF_SHARED_ROCK_FISHING_POINT","https://www.data.go.kr/data/15148580/fileData.do","2026-07-11","594","POINT (983481.35371319 1557137.68741788)","공식 갯바위낚시포인트 데이터 기반. 갯바위 출입 가능 여부와 안전 통제는 현장 및 공식 안내 확인 필요."
"rock-595","금오도·안도 - 금오도 송고마을 갯바위","rock-fishing-point","전라남도","여수시","전라남도 여수시","34.549389","","감성돔|도다리|노래미|우럭|볼락|붕장어|학공치","9물~13물/ 날물 전·후","4.7m~8m","펄","▶감성돔 - 릴찌/ 장대/ 원투 ▶도다리 - 원투 ▶노래미 - 루어/ 릴찌/ 장대/ 원투 ▶우럭 - 릴찌/ 원투▶볼락 - 루어/ 릴찌/ 장대 ▶붕장어 - 원투 ▶학공치 - 릴찌/ 장대","needs-check","MOF_SHARED_ROCK_FISHING_POINT","https://www.data.go.kr/data/15148580/fileData.do","2026-07-11","595","POINT (1020653.75354847 1617281.85032854)","공식 갯바위낚시포인트 데이터 기반. 갯바위 출입 가능 여부와 안전 통제는 현장 및 공식 안내 확인 필요."
"rock-596","제주도 서부·차귀도·비양도 - 6.수월약수터 앞 갯바위","rock-fishing-point","제주특별자치도","제주시","제주특별자치도 제주시","33.300889","","감성돔|벤자리|삼치|방어|벵에돔|한치","들물/썰물","12~12.8","모래/ 조개껍질","▶감성돔 - 릴찌/ 장대/ 원투▶벤자리 - 릴찌/ 민장대▶삼치 - 루어/ 릴찌▶방어 - 부력/ 잠수/ 지깅▶벵에돔 - 목줄/ 장대/ 부력/ 잠수▶한치 - 루어/ 원투","needs-check","MOF_SHARED_ROCK_FISHING_POINT","https://www.data.go.kr/data/15148580/fileData.do","2026-07-11","596","POINT (875870.730110392 1479622.33272728)","공식 갯바위낚시포인트 데이터 기반. 갯바위 출입 가능 여부와 안전 통제는 현장 및 공식 안내 확인 필요."
"rock-597","거금도 - 선촌항 부근 갯바위","rock-fishing-point","전라남도","고흥군","전라남도 고흥군","34.475417","","감성돔|넙치|노래미|농어|도다리|우럭","초들물","1.1m~1.9m","펄","▶감성돔 - 릴찌/ 장대/ 원투 ▶넙치 - 루어/ 원투▶노래미 - 루어/ 릴찌/ 장대/ 원투 ▶농어 - 루어/ 릴찌▶도다리 - 원투 ▶우럭 - 릴찌/ 원투","needs-check","MOF_SHARED_ROCK_FISHING_POINT","https://www.data.go.kr/data/15148580/fileData.do","2026-07-11","597","POINT (964038.1788121241 1609125.82765826)","공식 갯바위낚시포인트 데이터 기반. 갯바위 출입 가능 여부와 안전 통제는 현장 및 공식 안내 확인 필요."
"rock-598","독거군도 부근 - 구도 북단","rock-fishing-point","전라남도","진도군","전라남도 진도군","34.263801","","참돔|감성돔|돌돔|광어|농어","조금~4물","10.5~11.7m","암","▶ 참돔 - 부력/ 잠수▶ 감성돔 - 릴찌/ 장대/ 원투▶ 돌돔 - 릴찌/ 장대/ 원투▶ 광어-릴찌/ 원투▶ 농어 - 루어/ 릴찌","needs-check","MOF_SHARED_ROCK_FISHING_POINT","https://www.data.go.kr/data/15148580/fileData.do","2026-07-11","598","POINT (877818.259627901 1586388.11905504)","공식 갯바위낚시포인트 데이터 기반. 갯바위 출입 가능 여부와 안전 통제는 현장 및 공식 안내 확인 필요."
"rock-599","해남반도 부근 - 송평 해수욕장 죽도","rock-fishing-point","전라남도","해남군","전라남도 해남군","34.427054","","감성돔|고등어|볼락|노래미|숭어|우럭|농어|돌돔","사리 전후","2.7~3.1m","펄/ 조개껍질","▶ 감성돔 - 릴찌/ 장대/ 원투▶ 고등어 - 장대/ 릴찌/ 루어▶ 볼락 - 릴찌/ 장대/ 루어▶ 노래미 - 루어/ 릴찌/ 장대/ 원투▶ 숭어 - 릴찌/ 장대/ 훌치기▶ 우럭 - 릴찌/ 원투▶ 농어 - 루어/ 릴찌▶ 돌돔 - 릴찌/ 장대/ 원투","needs-check","MOF_SHARED_ROCK_FISHING_POINT","https://www.data.go.kr/data/15148580/fileData.do","2026-07-11","599","POINT (904704.399298545 1604181.10493223)","공식 갯바위낚시포인트 데이터 기반. 갯바위 출입 가능 여부와 안전 통제는 현장 및 공식 안내 확인 필요."
"rock-600","낭도 부근 - 상화도 북측","rock-fishing-point","전라남도","여수시","전라남도 여수시","34.604053","","감성돔|붕장어|농어|숭어","조금 전후/ 13~5물","3.6~8.9m","펄","▶ 감성돔 - 릴찌/ 장대/ 원투▶ 붕장어 - 원투▶ 농어 - 루어/ 릴찌▶ 숭어 - 릴찌/ 장대/ 훌치기","needs-check","MOF_SHARED_ROCK_FISHING_POINT","https://www.data.go.kr/data/15148580/fileData.do","2026-07-11","600","POINT (1009802.37562856 1623325.59809334)","공식 갯바위낚시포인트 데이터 기반. 갯바위 출입 가능 여부와 안전 통제는 현장 및 공식 안내 확인 필요."
"rock-601","가거도 - 빈지박 갯바위","rock-fishing-point","전라남도","신안군","전라남도 신안군","34.087306","","감성돔|노래미|참돔|농어|볼락|우럭|돌돔|부시리","초들물~중날물","2.3~5.0","암","▶감성돔 - 릴찌/ 장대/ 원투 ▶노래미 - 루어/ 릴찌/ 장대/ 원투 ▶참돔 - 릴찌 ▶농어 - 루어▶볼락 - 릴찌/ 장대/ 루어 ▶우럭 - 루어/ 릴찌/ 장대/ 원투 ▶돌돔 - 릴찌 ▶부시리 - 루어","needs-check","MOF_SHARED_ROCK_FISHING_POINT","https://www.data.go.kr/data/15148580/fileData.do","2026-07-11","601","POINT (780700.70501445 1568571.5499738)","공식 갯바위낚시포인트 데이터 기반. 갯바위 출입 가능 여부와 안전 통제는 현장 및 공식 안내 확인 필요."
"rock-1005","대바위공원 - 대바위공원","rock-fishing-point","울산광역시","울주군","울산광역시 울주군","35.377750","129.345417","노래미|보리멸|성대|숭어","","0.1m~1.4m","바위","▶노래미-루어/ 릴찌▶보리멸-원투/ 릴찌▶성대-원투▶숭어-원투/ 릴찌","needs-check","MOF_SHARED_ROCK_FISHING_POINT","https://www.data.go.kr/data/15148580/fileData.do","2026-07-11","1005","POINT (1167624.26600432 1710676.04138036)","공식 갯바위낚시포인트 데이터 기반. 갯바위 출입 가능 여부와 안전 통제는 현장 및 공식 안내 확인 필요."
"rock-603","호도·녹도·외연도 - 녹도 북서쪽 갯바위","rock-fishing-point","충청남도","보령시","충청남도 보령시","36.276361","","감성돔|넙치|노래미|농어|우럭","초들물","3.2m~5m","바위","▶감성돔 - 릴찌/ 장대/ 원투 ▶넙치 - 루어/ 원투▶노래미 - 루어/ 릴찌/ 장대/ 원투 ▶농어 - 루어/ 릴찌▶우럭 - 릴찌/ 원투","needs-check","MOF_SHARED_ROCK_FISHING_POINT","https://www.data.go.kr/data/15148580/fileData.do","2026-07-11","603","POINT (888837.4317789121 1809497.09880568)","공식 갯바위낚시포인트 데이터 기반. 갯바위 출입 가능 여부와 안전 통제는 현장 및 공식 안내 확인 필요."
"rock-604","어청도·연도 - 연도 해녀막(멸치막)","rock-fishing-point","전라북도","군산시","전라북도 군산시","36.075889","","넙치|농어|보구치|우럭|장대","초들물","1.7m~2.2m","바위","▶넙치 - 루어/ 원투 ▶농어 - 루어/ 릴찌▶보구치 - 원투 ▶우럭 - 릴찌/ 원투▶장대 - 루어/ 릴찌","needs-check","MOF_SHARED_ROCK_FISHING_POINT","https://www.data.go.kr/data/15148580/fileData.do","2026-07-11","604","POINT (904964.864503038 1787066.14573494)","공식 갯바위낚시포인트 데이터 기반. 갯바위 출입 가능 여부와 안전 통제는 현장 및 공식 안내 확인 필요."
"rock-608","비금도·도초도 - 비금도 성목골 부근 갯바위","rock-fishing-point","전라남도","신안군","전라남도 신안군","34.736694","","감성돔|농어|돌돔|볼락|붕장어|우럭|참돔","날물","2.5m~3m","펄/ 모래","▶감성돔 - 릴찌/ 장대/ 원투 ▶농어 - 루어/ 릴찌▶돌돔 - 릴찌/ 장대/ 원투 ▶볼락 - 루어/ 릴찌/ 장대▶붕장어 - 원투 ▶우럭 - 릴찌/ 원투 ▶참돔 - 부력/ 잠수","needs-check","MOF_SHARED_ROCK_FISHING_POINT","https://www.data.go.kr/data/15148580/fileData.do","2026-07-11","608","POINT (852568.224969093 1639209.90011206)","공식 갯바위낚시포인트 데이터 기반. 갯바위 출입 가능 여부와 안전 통제는 현장 및 공식 안내 확인 필요."
"rock-609","비금도·도초도 - 비금도 통섭바위 부근","rock-fishing-point","전라남도","신안군","전라남도 신안군","34.806583","","감성돔|농어|돌돔|참돔","초들물~중들물","9.4m~10m","펄","▶감성돔 - 릴찌/ 장대/ 원투 ▶농어 - 루어/ 릴찌▶돌돔 - 릴찌/ 장대/ 원투 ▶참돔 - 부력/ 잠수","needs-check","MOF_SHARED_ROCK_FISHING_POINT","https://www.data.go.kr/data/15148580/fileData.do","2026-07-11","609","POINT (862213.815025441 1646813.23928314)","공식 갯바위낚시포인트 데이터 기반. 갯바위 출입 가능 여부와 안전 통제는 현장 및 공식 안내 확인 필요."
"rock-610","사량도 - 상사량도 돈지마을 남쪽 곶부리","rock-fishing-point","경상남도","통영시","경상남도 통영시","34.831472","","감성돔|농어|벵에돔|우럭|볼락","13물~6물","4m~5.2m","자갈/ 조개껍질","▶감성돔 - 릴찌/ 장대/ 원투 ▶농어 - 루어/ 릴찌▶벵에돔 - 목줄/ 장대/ 부력/ 잠수 ▶우럭 - 릴찌/ 원투▶볼락 - 루어/ 릴찌/ 장대","needs-check","MOF_SHARED_ROCK_FISHING_POINT","https://www.data.go.kr/data/15148580/fileData.do","2026-07-11","610","POINT (1062170.97359687 1648749.91408916)","공식 갯바위낚시포인트 데이터 기반. 갯바위 출입 가능 여부와 안전 통제는 현장 및 공식 안내 확인 필요."
"rock-611","사량도 - 하사량도 모자섬 부근","rock-fishing-point","경상남도","통영시","경상남도 통영시","34.819833","","감성돔|농어|벵에돔|우럭|볼락|참돔","13물~6물","2.7m~3.5m","펄","▶감성돔 - 릴찌/ 장대/ 원투 ▶농어 - 루어/ 릴찌▶벵에돔 - 목줄/ 장대/ 부력/ 잠수 ▶우럭 - 릴찌/ 원투▶볼락 - 루어/ 릴찌/ 장대 ▶참돔 - 부력/ 잠수","needs-check","MOF_SHARED_ROCK_FISHING_POINT","https://www.data.go.kr/data/15148580/fileData.do","2026-07-11","611","POINT (1064049.43381548 1647472.07076051)","공식 갯바위낚시포인트 데이터 기반. 갯바위 출입 가능 여부와 안전 통제는 현장 및 공식 안내 확인 필요."
"rock-612","개도·하의도·신의도 - 버러기미","rock-fishing-point","전라남도","신안군","전라남도 신안군","34.555194","","농어|붕장어|감성돔","조금 전후","3.8~5.0","펄/ 암","▶농어 - 루어/ 릴찌▶붕장어 - 원투▶감성돔 - 릴찌/ 장대/ 원투","needs-check","MOF_SHARED_ROCK_FISHING_POINT","https://www.data.go.kr/data/15148580/fileData.do","2026-07-11","612","POINT (871800.3014751091 1618789.39819212)","공식 갯바위낚시포인트 데이터 기반. 갯바위 출입 가능 여부와 안전 통제는 현장 및 공식 안내 확인 필요."
"rock-613","가사도 - 가사도 북측 갯바위","rock-fishing-point","전라남도","진도군","전라남도 진도군","34.498139","","감성돔|갑오징어|우럭|농어|볼락|노래미","5물~9물","2.1~4.5","암","▶감성돔 - 릴찌/ 장대/ 원투▶갑오징어 - 에깅▶우럭 - 릴찌/ 원투▶농어 - 루어/ 릴찌▶볼락 - 릴찌/ 장대/ 루어▶노래미 - 루어/ 릴찌/ 장대/ 원투","needs-check","MOF_SHARED_ROCK_FISHING_POINT","https://www.data.go.kr/data/15148580/fileData.do","2026-07-11","613","POINT (867305.676663393 1612523.90288363)","공식 갯바위낚시포인트 데이터 기반. 갯바위 출입 가능 여부와 안전 통제는 현장 및 공식 안내 확인 필요."
"rock-614","상조도·하조도·관매도 - 옥도 북측 갯바위","rock-fishing-point","전라남도","진도군","전라남도 진도군","34.360389","","감성돔|참돔|노래미|돌돔|도다리|우럭","초들물~중날물","3.7~4.1","자갈/ 모래","▶감성돔 - 릴찌/ 장대/ 원투 ▶참돔 - 부력/ 잠수 ▶노래미 - 루어/ 릴찌/ 장대/ 원투▶돌돔 - 원투/ 민장대/ 릴찌 ▶도다리 - 원투 ▶우럭 - 릴찌/ 원투","needs-check","MOF_SHARED_ROCK_FISHING_POINT","https://www.data.go.kr/data/15148580/fileData.do","2026-07-11","614","POINT (863437.16900841 1597300.31756101)","공식 갯바위낚시포인트 데이터 기반. 갯바위 출입 가능 여부와 안전 통제는 현장 및 공식 안내 확인 필요."
"rock-615","가거도 - 멍신여","rock-fishing-point","전라남도","신안군","전라남도 신안군","34.094833","","감성돔|노래미|참돔|농어|볼락|우럭|돌돔|부시리","초들물~중날물","2.6~9.4","암","▶감성돔 - 릴찌/ 장대/ 원투 ▶노래미 - 루어/ 릴찌/ 장대/ 원투 ▶참돔 - 릴찌 ▶농어 - 루어▶볼락 - 릴찌/ 장대/ 루어 ▶우럭 - 루어/ 릴찌/ 장대/ 원투 ▶돌돔 - 릴찌 ▶부시리 - 루어","needs-check","MOF_SHARED_ROCK_FISHING_POINT","https://www.data.go.kr/data/15148580/fileData.do","2026-07-11","615","POINT (778928.453844123 1569448.35525689)","공식 갯바위낚시포인트 데이터 기반. 갯바위 출입 가능 여부와 안전 통제는 현장 및 공식 안내 확인 필요."
"rock-616","금당도 - 비견도엿도","rock-fishing-point","전라남도","완도군","전라남도 완도군","34.406222","","감성돔|볼락|노래미|농어|도다리|학공치","초들물~중날물","4.3~5.8","암","▶감성돔 - 릴찌/ 장대/ 원투▶볼락 - 릴찌/ 장대/ 루어▶노래미 - 루어/ 릴찌/ 장대/ 원투▶농어 - 루어/ 릴찌▶도다리 - 원투▶학공치 - 릴찌/ 장대","needs-check","MOF_SHARED_ROCK_FISHING_POINT","https://www.data.go.kr/data/15148580/fileData.do","2026-07-11","616","POINT (961812.967997729 1601461.80490464)","공식 갯바위낚시포인트 데이터 기반. 갯바위 출입 가능 여부와 안전 통제는 현장 및 공식 안내 확인 필요."
"rock-617","금일도·생일도 - 신구리 철탑 앞","rock-fishing-point","전라남도","완도군","전라남도 완도군","34.339111","","감성돔|도다리|우럭|참돔|노래미|볼락","초들물~중날물","0.9~2.0","암","▶감성돔 - 릴찌/ 장대/ 원투▶도다리 - 원투▶우럭 - 릴찌/ 원투▶참돔 - 부력/ 잠수▶노래미 - 루어/ 릴찌/ 장대/ 원투▶볼락 - 릴찌/ 장대/ 루어","needs-check","MOF_SHARED_ROCK_FISHING_POINT","https://www.data.go.kr/data/15148580/fileData.do","2026-07-11","617","POINT (955660.6967903681 1594047.18243857)","공식 갯바위낚시포인트 데이터 기반. 갯바위 출입 가능 여부와 안전 통제는 현장 및 공식 안내 확인 필요."
"rock-618","초도 - 솔거섬","rock-fishing-point","전라남도","여수시","전라남도 여수시","34.212694","","참돔|뱅어돔|볼락|감성돔|돌돔|농어","초들물~중날물","14.1~14.3","조개껍질","▶참돔 - 부력/ 잠수▶뱅어돔 - 목줄/ 장대/ 부력/ 잠수▶볼락 - 릴찌/ 장대/ 루어▶감성돔 - 릴찌/ 장대/ 원투▶돌돔 - 민장대/ 릴찌/ 원투▶농어 - 루어/ 릴찌","needs-check","MOF_SHARED_ROCK_FISHING_POINT","https://www.data.go.kr/data/15148580/fileData.do","2026-07-11","618","POINT (978012.157291458 1579950.25660511)","공식 갯바위낚시포인트 데이터 기반. 갯바위 출입 가능 여부와 안전 통제는 현장 및 공식 안내 확인 필요."
"rock-619","돌산도 - 향일암 갯바위","rock-fishing-point","전라남도","여수시","전라남도 여수시","34.596750","","참돔|농어|노래미|볼락|우럭|붕장어","초들물~중날물","1.8~2.2","펄","▶참돔 - 부력/ 잠수▶농어 - 루어/ 릴찌▶노래미 - 루어/ 릴찌/ 장대/ 원투▶볼락 - 릴찌/ 장대/ 루어▶우럭 - 릴찌/ 원투▶붕장어 - 원투","needs-check","MOF_SHARED_ROCK_FISHING_POINT","https://www.data.go.kr/data/15148580/fileData.do","2026-07-11","619","POINT (1028204.53218699 1622553.62406649)","공식 갯바위낚시포인트 데이터 기반. 갯바위 출입 가능 여부와 안전 통제는 현장 및 공식 안내 확인 필요."
"rock-620","두미도 - 번자리","rock-fishing-point","경상남도","통영시","경상남도 통영시","34.706806","","감성돔|벵에돔|노래미|참돔|농어|볼락","상관없음","3.3~3.4","펄","▶감성돔 - 릴찌/ 장대/ 원투▶벵에돔 - 목줄/ 장대/ 부력/ 잠수▶노래미 - 루어/ 릴찌/ 장대/ 원투▶참돔 - 부력/ 잠수▶농어 - 루어/ 릴찌▶볼락 - 릴찌/ 장대/ 루어","needs-check","MOF_SHARED_ROCK_FISHING_POINT","https://www.data.go.kr/data/15148580/fileData.do","2026-07-11","620","POINT (1061221.55996606 1634918.04982526)","공식 갯바위낚시포인트 데이터 기반. 갯바위 출입 가능 여부와 안전 통제는 현장 및 공식 안내 확인 필요."
"rock-621","한산도·용초도 - 용초도 철탑 동측 갯바위","rock-fishing-point","경상남도","통영시","경상남도 통영시","34.735000","","농어|참돔|감성돔|볼락","사리 이외 물때","-0.9~1.1","펄/ 모래","▶농어 - 루어/ 릴찌▶참돔 - 부력/ 잠수▶감성돔 - 릴찌/ 장대/ 원투▶볼락 - 릴찌/ 장대/ 루어","needs-check","MOF_SHARED_ROCK_FISHING_POINT","https://www.data.go.kr/data/15148580/fileData.do","2026-07-11","621","POINT (1092851.0973024 1638309.48398553)","공식 갯바위낚시포인트 데이터 기반. 갯바위 출입 가능 여부와 안전 통제는 현장 및 공식 안내 확인 필요."
"rock-622","제주도 서부·차귀도·비양도 - 무릉리 해안도로 갯바위","rock-fishing-point","제주특별자치도","서귀포시","제주특별자치도 서귀포시","33.257028","","감성돔|벤자리|삼치|방어|벵에돔|한치","들물/썰물","5.7~9.1","모래/ 조개껍질","▶감성돔 - 릴찌/ 장대/ 원투▶벤자리 - 릴찌/ 민장대▶삼치 - 루어/ 릴찌▶방어 - 부력/ 잠수/ 지깅▶벵에돔 - 목줄/ 장대/ 부력/ 잠수▶한치 - 루어/ 원투","needs-check","MOF_SHARED_ROCK_FISHING_POINT","https://www.data.go.kr/data/15148580/fileData.do","2026-07-11","622","POINT (877619.955652763 1474736.18940698)","공식 갯바위낚시포인트 데이터 기반. 갯바위 출입 가능 여부와 안전 통제는 현장 및 공식 안내 확인 필요."
"rock-623","흑산도·삼태도 - 대흑산도 예리 갯바위","rock-fishing-point","전라남도","신안군","전라남도 신안군","34.690639","","감성돔|농어|돌돔|볼락|붕장어|학공치|참돔","들물","1.3m~2.7m","바위","▶감성돔 - 릴찌/ 장대/ 원투 ▶농어 - 루어/ 릴찌▶돌돔 - 릴찌/ 장대/ 원투 ▶볼락 - 루어/ 릴찌/ 장대▶붕장어 - 원투 ▶학공치 - 장대/ 릴찌 ▶참돔 - 부력/ 잠수","needs-check","MOF_SHARED_ROCK_FISHING_POINT","https://www.data.go.kr/data/15148580/fileData.do","2026-07-11","623","POINT (812076.0493412791 1634837.2890606)","공식 갯바위낚시포인트 데이터 기반. 갯바위 출입 가능 여부와 안전 통제는 현장 및 공식 안내 확인 필요."
"rock-624","거제도 남부 - 근포마을 곶부리","rock-fishing-point","경상남도","거제시","경상남도 거제시","34.722972","","감성돔|도다리|벵에돔|우럭|볼락|참돔","조금 전·후","2.9m~3.7m","바위","▶감성돔 - 릴찌/ 장대/ 원투 ▶도다리 - 원투▶벵에돔 - 목줄/ 장대/ 부력/ 잠수 ▶우럭 - 릴찌/ 원투▶볼락 - 루어/ 릴찌/ 장대 ▶참돔 - 부력/ 잠수","needs-check","MOF_SHARED_ROCK_FISHING_POINT","https://www.data.go.kr/data/15148580/fileData.do","2026-07-11","624","POINT (1099317.23651086 1637042.966369)","공식 갯바위낚시포인트 데이터 기반. 갯바위 출입 가능 여부와 안전 통제는 현장 및 공식 안내 확인 필요."
"rock-625","제주도 동부 - 여마진개 갯바위","rock-fishing-point","제주특별자치도","서귀포시","제주특별자치도 서귀포시","","","참돔|돌돔|볼락|벵에돔|무늬오징어|독가시치","들물/날물","2.0~3.0","조개껍질","▶참돔 - 부력/ 잠수 ▶돌돔 - 민장대/ 릴찌/ 원투 ▶볼락 - 루어/ 릴찌/ 장대▶벵에돔 - 목줄/ 장대/ 부력/ 잠수 ▶무늬오징어 - 에깅 ▶독가시치 - 목줄/ 장대/ 부력/ 잠수","needs-check","MOF_SHARED_ROCK_FISHING_POINT","https://www.data.go.kr/data/15148580/fileData.do","2026-07-11","625","POINT (944890.340615404 1489771.01458711)","공식 갯바위낚시포인트 데이터 기반. 갯바위 출입 가능 여부와 안전 통제는 현장 및 공식 안내 확인 필요."
"rock-626","홍도 - 홍어굴 하단","rock-fishing-point","전라남도","신안군","전라남도 신안군","34.685036","","참돔|돌돔|감성돔|우럭|농어","사리 전후/ 초들물/ 만조 전후","3.3~3.9m","암","▶ 참돔 - 부력/ 잠수▶ 돌돔 - 릴찌/ 장대/ 원투▶ 감성돔 - 릴찌/ 장대/ 원투▶ 우럭 - 릴찌/ 원투▶ 농어 - 루어/ 릴찌","needs-check","MOF_SHARED_ROCK_FISHING_POINT","https://www.data.go.kr/data/15148580/fileData.do","2026-07-11","626","POINT (789861.265174121 1634695.19657592)","공식 갯바위낚시포인트 데이터 기반. 갯바위 출입 가능 여부와 안전 통제는 현장 및 공식 안내 확인 필요."
"rock-627","목포 부근 - 지중해 카페 북측","rock-fishing-point","전라남도","목포시","전라남도 목포시","34.843558","","감성돔|붕장어|우럭|노래미|농어|볼락","사리 전후/ 초들물~중날물","0.2~0.3m","펄","▶ 감성돔 - 릴찌/ 장대/ 원투▶ 붕장어 - 원투▶ 우럭 - 릴찌/ 원투▶ 노래미 - 루어/ 릴찌/ 장대/ 원투▶ 농어 - 루어/ 릴찌▶ 볼락 - 릴찌/ 장대/ 루어","needs-check","MOF_SHARED_ROCK_FISHING_POINT","https://www.data.go.kr/data/15148580/fileData.do","2026-07-11","627","POINT (899450.51827044 1650430.80897013)","공식 갯바위낚시포인트 데이터 기반. 갯바위 출입 가능 여부와 안전 통제는 현장 및 공식 안내 확인 필요."
"rock-628","추자군도 - 최영장군 사당 앞","rock-fishing-point","제주특별자치도","제주시","제주특별자치도 제주시","33.965902","","감성돔|벵에돔|참돔|돌돔|볼락|부시리","11물~5물/ 정조전후","1.1~1.9m","암","▶ 감성돔 - 릴찌/ 장대/ 원투▶ 벵에돔 - 목줄/ 장대/ 부력/ 잠수▶ 참돔 - 부력/ 잠수▶ 돌돔 - 민장대/ 릴찌/ 원투▶ 볼락 - 릴찌/ 장대/ 루어▶ 부시리 - 부력/ 잠수/ 지깅","needs-check","MOF_SHARED_ROCK_FISHING_POINT","https://www.data.go.kr/data/15148580/fileData.do","2026-07-11","628","POINT (888620.9506759541 1553214.96774098)","공식 갯바위낚시포인트 데이터 기반. 갯바위 출입 가능 여부와 안전 통제는 현장 및 공식 안내 확인 필요."
"rock-629","해남반도 부근 - 소죽리 죽도","rock-fishing-point","전라남도","해남군","전라남도 해남군","34.343298","","감성돔|고등어|볼락|노래미|숭어|우럭|농어|돌돔","사리 전후","0.8~1.3m","펄","▶ 감성돔 - 릴찌/ 장대/ 원투▶ 고등어 - 장대/ 릴찌/ 루어▶ 볼락 - 릴찌/ 장대/ 루어▶ 노래미 - 루어/ 릴찌/ 장대/ 원투▶ 숭어 - 릴찌/ 장대/ 훌치기▶ 우럭 - 릴찌/ 원투▶ 농어 - 루어/ 릴찌▶ 돌돔 - 릴찌/ 장대/ 원투","needs-check","MOF_SHARED_ROCK_FISHING_POINT","https://www.data.go.kr/data/15148580/fileData.do","2026-07-11","629","POINT (909291.396111699 1594846.67334121)","공식 갯바위낚시포인트 데이터 기반. 갯바위 출입 가능 여부와 안전 통제는 현장 및 공식 안내 확인 필요."
"rock-630","고흥호 부근 - 우도 상단","rock-fishing-point","전라남도","고흥군","전라남도 고흥군","34.726973","","감성돔|농어|도다리|숭어|붕장어|학공치","들물","0.2~1.5m","펄","▶ 감성돔 - 릴찌/ 장대/ 원투▶ 농어 - 루어/ 릴찌▶ 도다리 - 원투▶ 숭어 - 릴찌/ 장대/ 훌치기▶ 붕장어 - 원투▶ 학공치 - 릴찌/ 장대","needs-check","MOF_SHARED_ROCK_FISHING_POINT","https://www.data.go.kr/data/15148580/fileData.do","2026-07-11","630","POINT (982410.9441685531 1636967.81310306)","공식 갯바위낚시포인트 데이터 기반. 갯바위 출입 가능 여부와 안전 통제는 현장 및 공식 안내 확인 필요."
"rock-631","거금수도 부근 - 지죽도 남서측","rock-fishing-point","전라남도","고흥군","전라남도 고흥군","34.433453","","감성돔|숭어|우럭|노래미|농어|볼락","초들물~만조","3.2~7.9m","펄/ 조개껍질","▶ 감성돔 - 릴찌/ 장대/ 원투▶ 숭어 - 릴찌/ 장대/ 훌치기▶ 우럭 - 릴찌/ 원투▶ 노래미 - 루어/ 릴찌/ 장대/ 원투▶ 농어 - 루어/ 릴찌▶ 볼락 - 릴찌/ 장대/ 루어","needs-check","MOF_SHARED_ROCK_FISHING_POINT","https://www.data.go.kr/data/15148580/fileData.do","2026-07-11","631","POINT (981888.0868191 1604420.66050731)","공식 갯바위낚시포인트 데이터 기반. 갯바위 출입 가능 여부와 안전 통제는 현장 및 공식 안내 확인 필요."
"rock-632","여수엑스포 부근 - 장도 인근 다리","rock-fishing-point","전라남도","여수시","전라남도 여수시","34.746795","","벵에돔|참돔|돌돔|감성돔|농어","조금","2.4~2.7m","펄","▶ 벵에돔 - 목줄/ 장대/ 부력/ 잠수▶ 참돔 - 부력/ 잠수▶ 돌돔 - 릴찌/ 장대/ 원투▶ 감성돔 - 릴찌/ 장대/ 원투▶ 농어 - 루어/ 릴찌","needs-check","MOF_SHARED_ROCK_FISHING_POINT","https://www.data.go.kr/data/15148580/fileData.do","2026-07-11","632","POINT (1015123.64242077 1639161.61866222)","공식 갯바위낚시포인트 데이터 기반. 갯바위 출입 가능 여부와 안전 통제는 현장 및 공식 안내 확인 필요."
"rock-633","제주도 서부·차귀도·비양도 - 영락리 큰산물 낚시터","rock-fishing-point","제주특별자치도","서귀포시","제주특별자치도 서귀포시","33.250806","","감성돔|벤자리|삼치|방어|벵에돔|한치","들물/썰물","8.2~9.1","모래/ 조개껍질","▶감성돔 - 릴찌/ 장대/ 원투▶벤자리 - 릴찌/ 민장대▶삼치 - 루어/ 릴찌▶방어 - 부력/ 잠수/ 지깅▶벵에돔 - 목줄/ 장대/ 부력/ 잠수▶한치 - 루어/ 원투","needs-check","MOF_SHARED_ROCK_FISHING_POINT","https://www.data.go.kr/data/15148580/fileData.do","2026-07-11","633","POINT (878462.6630061631 1474035.62335218)","공식 갯바위낚시포인트 데이터 기반. 갯바위 출입 가능 여부와 안전 통제는 현장 및 공식 안내 확인 필요."
"rock-634","간수제도 - 소평도 계단","rock-fishing-point","전라남도","여수시","전라남도 여수시","34.258320","","감성돔|참돔|돌돔|우럭|노래미|농어|숭어|삼치|문어","사리 전후/ 초들물","18.3~20m","암","▶ 감성돔 - 릴찌/ 장대/ 원투▶ 참돔 - 부력/ 잠수▶ 돌돔 - 릴찌/ 장대/ 원투▶ 우럭 - 릴찌/ 원투▶ 노래미 - 루어/ 릴찌/ 장대/ 원투▶ 농어 - 루어/ 릴찌▶ 숭어 - 릴찌/ 장대/ 훌치기▶ 삼치 - 루어/ 릴찌▶ 문어 - 루어","needs-check","MOF_SHARED_ROCK_FISHING_POINT","https://www.data.go.kr/data/15148580/fileData.do","2026-07-11","634","POINT (995580.822046604 1584984.58122717)","공식 갯바위낚시포인트 데이터 기반. 갯바위 출입 가능 여부와 안전 통제는 현장 및 공식 안내 확인 필요."
"rock-635","미륵도 - 진송말 부근 갯바위","rock-fishing-point","경상남도","통영시","경상남도 통영시","34.826250","","감성돔|농어|노래미|붕장어|볼락|우럭","조금 전·후","2.8m~3.5m","바위","▶감성돔 - 릴찌/ 장대/ 원투 ▶농어 - 루어/ 릴찌▶노래미 - 루어/ 릴찌/ 장대/ 원투 ▶붕장어 - 원투▶볼락 - 루어/ 릴찌/ 장대 ▶우럭 - 릴찌/ 원투","needs-check","MOF_SHARED_ROCK_FISHING_POINT","https://www.data.go.kr/data/15148580/fileData.do","2026-07-11","635","POINT (1086057.8950129 1648363.74579093)","공식 갯바위낚시포인트 데이터 기반. 갯바위 출입 가능 여부와 안전 통제는 현장 및 공식 안내 확인 필요."
"rock-636","연도 - 모경말 갯바위","rock-fishing-point","전라남도","여수시","전라남도 여수시","34.459479","","참돔|감성돔|볼락|농어/  삼치|돌돔|갑오징어","초들물/ 초날물/ 조금 전·후","2.8~3.6m","암","▶ 참돔 - 부력/ 잠수▶ 감성돔 - 릴찌/ 장대/ 원투▶ 볼락 - 릴찌/ 장대/ 루어▶ 농어/ 삼치 - 루어/ 릴찌▶ 돌돔 - 민장대/ 릴찌/ 원투▶ 갑오징어 - 에깅","needs-check","MOF_SHARED_ROCK_FISHING_POINT","https://www.data.go.kr/data/15148580/fileData.do","2026-07-11","636","POINT (1028257.33440694 1607331.87133743)","공식 갯바위낚시포인트 데이터 기반. 갯바위 출입 가능 여부와 안전 통제는 현장 및 공식 안내 확인 필요."
"rock-637","갈도 부근 - 매여 앞 갯바위","rock-fishing-point","경상남도","통영시","경상남도 통영시","34.558807","","감성돔|돌돔|볼락|무늬오징어","2물~8물/ 사리 전후","14.5~15.9m","암","▶ 감성돔 - 릴찌/ 장대/ 원투▶ 돌돔 - 릴찌/ 장대/ 원투▶ 볼락 - 릴찌/ 장대/ 루어 ▶ 무늬오징어 - 릴찌/ 에깅","needs-check","MOF_SHARED_ROCK_FISHING_POINT","https://www.data.go.kr/data/15148580/fileData.do","2026-07-11","637","POINT (1062687.61964059 1618515.27278553)","공식 갯바위낚시포인트 데이터 기반. 갯바위 출입 가능 여부와 안전 통제는 현장 및 공식 안내 확인 필요."
"rock-638","홍도 - 모도 좌측부근","rock-fishing-point","전라남도","신안군","전라남도 신안군","34.720133","","참돔|돌돔|감성돔|우럭|농어","사리 전후/ 초들물/ 만조 전후","2.4~2.7m","암","▶ 참돔 - 부력/ 잠수▶ 돌돔 - 릴찌/ 장대/ 원투▶ 감성돔 - 릴찌/ 장대/ 원투▶ 우럭 - 릴찌/ 원투▶ 농어 - 루어/ 릴찌","needs-check","MOF_SHARED_ROCK_FISHING_POINT","https://www.data.go.kr/data/15148580/fileData.do","2026-07-11","638","POINT (789078.976501503 1638608.08319727)","공식 갯바위낚시포인트 데이터 기반. 갯바위 출입 가능 여부와 안전 통제는 현장 및 공식 안내 확인 필요."
"rock-639","거금수도 부근 - 남성리 해수욕장","rock-fishing-point","전라남도","고흥군","전라남도 고흥군","34.519523","","감성돔|숭어|우럭|노래미|농어|볼락","초들물~만조","0.1~2.7m","펄","▶ 감성돔 - 릴찌/ 장대/ 원투▶ 숭어 - 릴찌/ 장대/ 훌치기▶ 우럭 - 릴찌/ 원투▶ 노래미 - 루어/ 릴찌/ 장대/ 원투▶ 농어 - 루어/ 릴찌▶ 볼락 - 릴찌/ 장대/ 루어","needs-check","MOF_SHARED_ROCK_FISHING_POINT","https://www.data.go.kr/data/15148580/fileData.do","2026-07-11","639","POINT (991714.39318605 1613950.72391294)","공식 갯바위낚시포인트 데이터 기반. 갯바위 출입 가능 여부와 안전 통제는 현장 및 공식 안내 확인 필요."
"rock-640","제주도 남서부·가파도·마라도 - 옹짓물 정자 아래 갯바위","rock-fishing-point","제주특별자치도","서귀포시","제주특별자치도 서귀포시","33.170500","","벵에돔|농어|자리돔|볼락|한치|참돔|부시리","들물/썰물","0.2~2.0","암","▶벵에돔 - 목줄/ 장대/ 잠수 ▶농어 - 루어/ 릴찌 ▶자리돔 - 민장대/ 릴찌 ▶볼락 - 루어/ 릴찌/ 장대▶한치 - 루어/ 원투 ▶참돔 - 부력/ 잠수 ▶부시리 - 부력/ 잠수/ 지깅","needs-check","MOF_SHARED_ROCK_FISHING_POINT","https://www.data.go.kr/data/15148580/fileData.do","2026-07-11","640","POINT (886150.484494509 1465037.64282456)","공식 갯바위낚시포인트 데이터 기반. 갯바위 출입 가능 여부와 안전 통제는 현장 및 공식 안내 확인 필요."
"rock-641","거차수도 부근 - 죽도 등대 부근","rock-fishing-point","전라남도","진도군","전라남도 진도군","34.225507","","참돔|감성돔|돌돔|우럭|농어|부시리","10물~5물","3.4~6m","암","▶ 참돔 - 부력/ 잠수▶ 감성돔 - 릴찌/ 장대/ 원투▶ 돌돔 - 릴찌/ 장대/ 원투▶ 우럭 - 릴찌/ 원투▶ 농어 - 루어/ 릴찌▶ 부시리 - 부력/ 잠수/ 지깅","needs-check","MOF_SHARED_ROCK_FISHING_POINT","https://www.data.go.kr/data/15148580/fileData.do","2026-07-11","641","POINT (847951.142523785 1582577.3296878)","공식 갯바위낚시포인트 데이터 기반. 갯바위 출입 가능 여부와 안전 통제는 현장 및 공식 안내 확인 필요."
"rock-642","추자군도 - 청석 갯바위","rock-fishing-point","제주특별자치도","제주시","제주특별자치도 제주시","33.964286","","감성돔|벵에돔|참돔|돌돔|볼락|부시리","11물~5물/ 정조전후","0.8~1.1m","암","▶ 감성돔 - 릴찌/ 장대/ 원투▶ 벵에돔 - 목줄/ 장대/ 부력/ 잠수▶ 참돔 - 부력/ 잠수▶ 돌돔 - 민장대/ 릴찌/ 원투▶ 볼락 - 릴찌/ 장대/ 루어▶ 부시리 - 부력/ 잠수/ 지깅","needs-check","MOF_SHARED_ROCK_FISHING_POINT","https://www.data.go.kr/data/15148580/fileData.do","2026-07-11","642","POINT (887627.2036430041 1553047.47319833)","공식 갯바위낚시포인트 데이터 기반. 갯바위 출입 가능 여부와 안전 통제는 현장 및 공식 안내 확인 필요."
"rock-643","낭도 부근 - 하과도 서측","rock-fishing-point","전라남도","여수시","전라남도 여수시","34.624556","","감성돔|붕장어|농어|숭어","조금 전후/ 5물~8물","2.3~8.5m","암","▶ 감성돔 - 릴찌/ 장대/ 원투▶ 붕장어 - 원투▶ 농어 - 루어/ 릴찌▶ 숭어 - 릴찌/ 장대/ 훌치기","needs-check","MOF_SHARED_ROCK_FISHING_POINT","https://www.data.go.kr/data/15148580/fileData.do","2026-07-11","643","POINT (1003072.35834734 1625594.51208737)","공식 갯바위낚시포인트 데이터 기반. 갯바위 출입 가능 여부와 안전 통제는 현장 및 공식 안내 확인 필요."
"rock-644","임자도·사옥도 - 딴섬 부근","rock-fishing-point","전라남도","신안군","전라남도 신안군","35.047972","","감성돔|노래미|민어|붕장어|우럭|광어|농어|백조기|숭어","초들물~중날물","0.9~2.0","암","▶감성돔 - 릴찌/ 장대/ 원투▶노래미 - 루어/ 릴찌/ 장대/ 원투▶민어 - 루어/ 릴찌▶붕장어 - 원투▶우럭 - 릴찌/ 원투▶광어 - 릴찌/ 원투▶농어 - 루어/ 릴찌▶백조기 - 릴찌/ 원투▶숭어 - 릴찌/ 장대/ 훌치기","needs-check","MOF_SHARED_ROCK_FISHING_POINT","https://www.data.go.kr/data/15148580/fileData.do","2026-07-11","644","POINT (871897.357031246 1673449.82925182)","공식 갯바위낚시포인트 데이터 기반. 갯바위 출입 가능 여부와 안전 통제는 현장 및 공식 안내 확인 필요."
"rock-645","장산도 - 소류지","rock-fishing-point","전라남도","신안군","전라남도 신안군","34.614500","","감성돔|농어|붕장어","조금 전후","-0.6~2.0","펄","▶감성돔 - 릴찌/ 장대/ 원투 ▶농어 - 루어/ 릴찌 ▶붕장어 - 원투","needs-check","MOF_SHARED_ROCK_FISHING_POINT","https://www.data.go.kr/data/15148580/fileData.do","2026-07-11","645","POINT (874135.1530307981 1625335.59269908)","공식 갯바위낚시포인트 데이터 기반. 갯바위 출입 가능 여부와 안전 통제는 현장 및 공식 안내 확인 필요."
"rock-646","추자도 - 상추자도 청석 갯바위","rock-fishing-point","제주특별자치도","제주시","제주특별자치도 제주시","33.963944","","감성돔|돌돔|자리돔|농어|볼락|참돔","들물/썰물","1.2~2.0","암","▶감성돔 - 릴찌/ 장대/ 원투▶돌돔 - 민장대/ 릴찌/ 원투▶자리돔 - 장대/ 카드▶농어 - 루어/ 릴찌▶볼락 - 루어/ 릴찌/ 장대▶참돔 - 부력/ 잠수","needs-check","MOF_SHARED_ROCK_FISHING_POINT","https://www.data.go.kr/data/15148580/fileData.do","2026-07-11","646","POINT (887775.048122821 1553007.85971775)","공식 갯바위낚시포인트 데이터 기반. 갯바위 출입 가능 여부와 안전 통제는 현장 및 공식 안내 확인 필요."
"rock-647","영흥도·선재도·대부도·구봉도 - 영흥도 용담리해수욕장 부근","rock-fishing-point","인천광역시","옹진군","인천광역시 옹진군","37.241833","","넙치|노래미|망둑어|우럭","들물","1.4m~2.2m","펄/ 모래","▶넙치 - 루어/ 원투 ▶노래미 - 루어/ 릴찌/ 장대/ 원투▶망둑어 - 원투 ▶우럭 - 루어/ 릴찌","needs-check","MOF_SHARED_ROCK_FISHING_POINT","https://www.data.go.kr/data/15148580/fileData.do","2026-07-11","647","POINT (909632.368797367 1916371.53637043)","공식 갯바위낚시포인트 데이터 기반. 갯바위 출입 가능 여부와 안전 통제는 현장 및 공식 안내 확인 필요."
"rock-648","안마도·석만도 - 논골 끝 갯바위","rock-fishing-point","전라남도","영광군","전라남도 영광군","35.364139","","붕장어|우럭|민어|광어|농어|노래미","들물/날물","6.4~8.0","자갈/ 조개껍질","▶붕장어 - 원투▶우럭 - 릴찌/ 원투▶민어 - 루어/ 지깅/ 원투▶광어 - 릴찌/ 원투▶농어 - 루어/ 릴찌▶노래미 - 루어/ 릴찌/ 장대/ 원투","needs-check","MOF_SHARED_ROCK_FISHING_POINT","https://www.data.go.kr/data/15148580/fileData.do","2026-07-11","648","POINT (865621.831332818 1708614.91265772)","공식 갯바위낚시포인트 데이터 기반. 갯바위 출입 가능 여부와 안전 통제는 현장 및 공식 안내 확인 필요."
"rock-649","거금수도 부근 - 두리도 남측","rock-fishing-point","전라남도","고흥군","전라남도 고흥군","34.511186","","감성돔|숭어|우럭|노래미|농어|볼락","초들물~만조","2.9~3.2m","펄","▶ 감성돔 - 릴찌/ 장대/ 원투▶ 숭어 - 릴찌/ 장대/ 훌치기▶ 우럭 - 릴찌/ 원투▶ 노래미 - 루어/ 릴찌/ 장대/ 원투▶ 농어 - 루어/ 릴찌▶ 볼락 - 릴찌/ 장대/ 루어","needs-check","MOF_SHARED_ROCK_FISHING_POINT","https://www.data.go.kr/data/15148580/fileData.do","2026-07-11","649","POINT (992091.544995319 1613026.02458553)","공식 갯바위낚시포인트 데이터 기반. 갯바위 출입 가능 여부와 안전 통제는 현장 및 공식 안내 확인 필요."
"rock-650","연도 - 만작굴","rock-fishing-point","전라남도","여수시","전라남도 여수시","34.417192","","참돔|감성돔|볼락|농어/  삼치|돌돔|갑오징어","초들물/ 초날물/ 조금 전·후","1.6~25m","암","▶ 참돔 - 부력/ 잠수▶ 감성돔 - 릴찌/ 장대/ 원투▶ 볼락 - 릴찌/ 장대/ 루어▶ 농어/ 삼치 - 루어/ 릴찌▶ 돌돔 - 민장대/ 릴찌/ 원투▶ 갑오징어 - 에깅","needs-check","MOF_SHARED_ROCK_FISHING_POINT","https://www.data.go.kr/data/15148580/fileData.do","2026-07-11","650","POINT (1028306.66758849 1602642.98656832)","공식 갯바위낚시포인트 데이터 기반. 갯바위 출입 가능 여부와 안전 통제는 현장 및 공식 안내 확인 필요."
"rock-651","연화도 부근 - 촛대바위 인근","rock-fishing-point","경상남도","통영시","경상남도 통영시","34.645744","","참돔|감성돔|볼락|벵에돔|농어","초들물/ 초날물/ 5물~6물/ 조금","5.4~6.8m","암","▶ 참돔 - 부력/ 잠수▶ 감성돔 - 릴찌/ 장대/ 원투▶ 볼락 - 릴찌/ 장대/ 루어▶ 벵에돔 - 목줄/ 장대/ 부력/ 잠수▶ 농어 - 루어/ 릴찌","needs-check","MOF_SHARED_ROCK_FISHING_POINT","https://www.data.go.kr/data/15148580/fileData.do","2026-07-11","651","POINT (1077267.09529667 1628266.8033868)","공식 갯바위낚시포인트 데이터 기반. 갯바위 출입 가능 여부와 안전 통제는 현장 및 공식 안내 확인 필요."
"rock-652","대청도·소청도 - 소청도 예동 갯바위","rock-fishing-point","인천광역시","옹진군","인천광역시 옹진군","37.769028","","넙치|노래미|농어|쏨뱅이|우럭","사리 전후","2.8m~3.4m","펄/ 가는 모래","▶넙치 - 루어/ 원투 ▶노래미 - 루어/ 릴찌/ 장대/ 원투▶농어 - 루어/ 릴찌 ▶쏨뱅이 - 루어/ 릴찌▶우럭 - 루어/ 릴찌","needs-check","MOF_SHARED_ROCK_FISHING_POINT","https://www.data.go.kr/data/15148580/fileData.do","2026-07-11","652","POINT (757680.724613183 1977938.36947163)","공식 갯바위낚시포인트 데이터 기반. 갯바위 출입 가능 여부와 안전 통제는 현장 및 공식 안내 확인 필요."
"rock-653","이작도·승봉도 - 승봉도 참나무골","rock-fishing-point","인천광역시","옹진군","인천광역시 옹진군","37.165361","","넙치|노래미|농어","초들물~중들물","1.5m~2m","펄","▶넙치 - 루어/ 원투 ▶노래미 - 루어/ 릴찌/ 장대/ 원투▶농어 - 루어/ 릴찌","needs-check","MOF_SHARED_ROCK_FISHING_POINT","https://www.data.go.kr/data/15148580/fileData.do","2026-07-11","653","POINT (895083.578260521 1908055.31354717)","공식 갯바위낚시포인트 데이터 기반. 갯바위 출입 가능 여부와 안전 통제는 현장 및 공식 안내 확인 필요."
"rock-654","이작도·승봉도 - 승봉도 철탑앞 갯바위","rock-fishing-point","인천광역시","옹진군","인천광역시 옹진군","37.164944","","노래미|농어","초들물~중들물","1.1m~1.5m","가는 모래","▶노래미 - 루어/ 릴찌/ 장대/ 원투▶농어 - 루어/ 릴찌","needs-check","MOF_SHARED_ROCK_FISHING_POINT","https://www.data.go.kr/data/15148580/fileData.do","2026-07-11","654","POINT (892996.4664332529 1908035.34648737)","공식 갯바위낚시포인트 데이터 기반. 갯바위 출입 가능 여부와 안전 통제는 현장 및 공식 안내 확인 필요."
"rock-655","비금도·도초도 - 비금도 용머리바위","rock-fishing-point","전라남도","신안군","전라남도 신안군","34.766417","","감성돔|농어|돌돔|볼락|붕장어|우럭","날물","4.2m~6.1m","바위","▶감성돔 - 릴찌/ 장대/ 원투 ▶농어 - 루어/ 릴찌▶돌돔 - 릴찌/ 장대/ 원투 ▶볼락 - 루어/ 릴찌/ 장대▶붕장어 - 원투 ▶우럭 - 릴찌/ 원투","needs-check","MOF_SHARED_ROCK_FISHING_POINT","https://www.data.go.kr/data/15148580/fileData.do","2026-07-11","655","POINT (852809.178931097 1642503.29311507)","공식 갯바위낚시포인트 데이터 기반. 갯바위 출입 가능 여부와 안전 통제는 현장 및 공식 안내 확인 필요."
"rock-656","노화도·보길도·소안도 - 보길도 치마끝 갯바위","rock-fishing-point","전라남도","완도군","전라남도 완도군","34.146083","","감성돔|농어|돌돔|볼락|우럭|참돔","사리 전·후","3.7m~4.5m","펄/ 모래","▶감성돔 - 릴찌/ 장대/ 원투 ▶농어 - 루어/ 릴찌▶돌돔 - 릴찌/ 장대/ 원투 ▶볼락 - 루어/ 릴찌/ 장대▶우럭 - 릴찌/ 원투 ▶참돔 - 부력/ 잠수","needs-check","MOF_SHARED_ROCK_FISHING_POINT","https://www.data.go.kr/data/15148580/fileData.do","2026-07-11","656","POINT (917404.6778326461 1572901.06579122)","공식 갯바위낚시포인트 데이터 기반. 갯바위 출입 가능 여부와 안전 통제는 현장 및 공식 안내 확인 필요."
"rock-657","제주도 서부·차귀도·비양도 - 풍력발전소 앞 갯바위","rock-fishing-point","제주특별자치도","제주시","제주특별자치도 제주시","33.336806","","감성돔|벤자리|삼치|방어|벵에돔|한치","들물/썰물","0.5~1.2","모래/ 조개껍질","▶감성돔 - 릴찌/ 장대/ 원투▶벤자리 - 릴찌/ 민장대▶삼치 - 루어/ 릴찌▶방어 - 부력/ 잠수/ 지깅▶벵에돔 - 목줄/ 장대/ 부력/ 잠수▶한치 - 루어/ 원투","needs-check","MOF_SHARED_ROCK_FISHING_POINT","https://www.data.go.kr/data/15148580/fileData.do","2026-07-11","657","POINT (875575.219908946 1483609.13051458)","공식 갯바위낚시포인트 데이터 기반. 갯바위 출입 가능 여부와 안전 통제는 현장 및 공식 안내 확인 필요."
"rock-658","홍도 - 슬픈여 부근","rock-fishing-point","전라남도","신안군","전라남도 신안군","34.705231","","참돔|돌돔|감성돔|우럭|농어","사리 전후/ 초들물/ 만조 전후","1.1~4.8m","암","▶ 참돔 - 부력/ 잠수▶ 돌돔 - 릴찌/ 장대/ 원투▶ 감성돔 - 릴찌/ 장대/ 원투▶ 우럭 - 릴찌/ 원투▶ 농어 - 루어/ 릴찌","needs-check","MOF_SHARED_ROCK_FISHING_POINT","https://www.data.go.kr/data/15148580/fileData.do","2026-07-11","658","POINT (790681.45411568 1636917.76086749)","공식 갯바위낚시포인트 데이터 기반. 갯바위 출입 가능 여부와 안전 통제는 현장 및 공식 안내 확인 필요."
"rock-659","독거군도 부근 - 죽항 남쪽 갯바위","rock-fishing-point","전라남도","진도군","전라남도 진도군","34.261189","","참돔|감성돔|돌돔|광어|농어","조금 전후","1.5~6.7m","조개껍질","▶ 참돔 - 부력/ 잠수▶ 감성돔 - 릴찌/ 장대/ 원투▶ 돌돔 - 릴찌/ 장대/ 원투▶ 광어-릴찌/ 원투▶ 농어 - 루어/ 릴찌","needs-check","MOF_SHARED_ROCK_FISHING_POINT","https://www.data.go.kr/data/15148580/fileData.do","2026-07-11","659","POINT (872027.3406004229 1586175.73549816)","공식 갯바위낚시포인트 데이터 기반. 갯바위 출입 가능 여부와 안전 통제는 현장 및 공식 안내 확인 필요."
"rock-660","제주도 남부 - 서건도 갯바위","rock-fishing-point","제주특별자치도","서귀포시","제주특별자치도 서귀포시","33.230250","","벵에돔|한치|노래미|독가시치|부시리|우럭","초들물~중날물","2.8~10","암","▶벵에돔 - 목줄/ 장대/ 부력/ 잠수▶한치 - 루어/ 원투▶노래미 - 루어/ 릴찌/ 장대/ 원투▶독가시치 - 목줄/ 장대/ 부력/ 잠수▶부시리 - 부력/ 잠수/ 지깅▶우럭 - 릴찌/ 원투","needs-check","MOF_SHARED_ROCK_FISHING_POINT","https://www.data.go.kr/data/15148580/fileData.do","2026-07-11","660","POINT (906610.824062897 1471445.60035366)","공식 갯바위낚시포인트 데이터 기반. 갯바위 출입 가능 여부와 안전 통제는 현장 및 공식 안내 확인 필요."
"rock-661","제주도 남부 - 하예마을 서측 갯바위","rock-fishing-point","제주특별자치도","서귀포시","제주특별자치도 서귀포시","33.230500","","벵에돔|한치|노래미|독가시치|부시리|우럭","초들물~중날물","0.2~2.1","암","▶벵에돔 - 목줄/ 장대/ 부력/ 잠수▶한치 - 루어/ 원투▶노래미 - 루어/ 릴찌/ 장대/ 원투▶독가시치 - 목줄/ 장대/ 부력/ 잠수▶부시리 - 부력/ 잠수/ 지깅▶우럭 - 릴찌/ 원투","needs-check","MOF_SHARED_ROCK_FISHING_POINT","https://www.data.go.kr/data/15148580/fileData.do","2026-07-11","661","POINT (894759.2842827 1471594.16005382)","공식 갯바위낚시포인트 데이터 기반. 갯바위 출입 가능 여부와 안전 통제는 현장 및 공식 안내 확인 필요."
"rock-662","홍도 - 병풍바위 좌측","rock-fishing-point","전라남도","신안군","전라남도 신안군","34.669583","","참돔|돌돔|감성돔|우럭|농어","사리 전후/ 초들물/ 만조 전후","2.5~4.7m","암","▶ 참돔 - 부력/ 잠수▶ 돌돔 - 릴찌/ 장대/ 원투▶ 감성돔 - 릴찌/ 장대/ 원투▶ 우럭 - 릴찌/ 원투▶ 농어 - 루어/ 릴찌","needs-check","MOF_SHARED_ROCK_FISHING_POINT","https://www.data.go.kr/data/15148580/fileData.do","2026-07-11","662","POINT (787517.901208571 1633033.90953534)","공식 갯바위낚시포인트 데이터 기반. 갯바위 출입 가능 여부와 안전 통제는 현장 및 공식 안내 확인 필요."
"rock-663","홍도 - 거북바위 인근","rock-fishing-point","전라남도","신안군","전라남도 신안군","34.693460","","참돔|돌돔|감성돔|우럭|농어","사리 전후/ 초들물/ 만조 전후","0.8~1.7m","암","▶ 참돔 - 부력/ 잠수▶ 돌돔 - 릴찌/ 장대/ 원투▶ 감성돔 - 릴찌/ 장대/ 원투▶ 우럭 - 릴찌/ 원투▶ 농어 - 루어/ 릴찌","needs-check","MOF_SHARED_ROCK_FISHING_POINT","https://www.data.go.kr/data/15148580/fileData.do","2026-07-11","663","POINT (788624.053814477 1635658.37209484)","공식 갯바위낚시포인트 데이터 기반. 갯바위 출입 가능 여부와 안전 통제는 현장 및 공식 안내 확인 필요."
"rock-664","홍도 - 홍어굴 부근","rock-fishing-point","전라남도","신안군","전라남도 신안군","34.691376","","참돔|돌돔|감성돔|우럭|농어","사리 전후/ 초들물/ 만조 전후","0.6~2.5m","암","▶ 참돔 - 부력/ 잠수▶ 돌돔 - 릴찌/ 장대/ 원투▶ 감성돔 - 릴찌/ 장대/ 원투▶ 우럭 - 릴찌/ 원투▶ 농어 - 루어/ 릴찌","needs-check","MOF_SHARED_ROCK_FISHING_POINT","https://www.data.go.kr/data/15148580/fileData.do","2026-07-11","664","POINT (790172.996591676 1635391.67451121)","공식 갯바위낚시포인트 데이터 기반. 갯바위 출입 가능 여부와 안전 통제는 현장 및 공식 안내 확인 필요."
"rock-665","만재도 - 만재도 남측 해안","rock-fishing-point","전라남도","신안군","전라남도 신안군","34.203404","","돌돔|참돔|감성돔|우럭|광어|농어|볼락|문어","조금 전후","16~22m","암","▶ 돌돔 - 릴찌/ 장대/ 원투▶ 참돔 - 부력/ 잠수▶ 감성돔 - 릴찌/ 장대/ 원투▶ 우럭 - 릴찌/ 원투▶ 광어 - 릴찌/ 원투▶ 농어 - 루어/ 릴찌▶ 볼락 - 릴찌/ 장대/ 루어▶ 문어 - 루어","needs-check","MOF_SHARED_ROCK_FISHING_POINT","https://www.data.go.kr/data/15148580/fileData.do","2026-07-11","665","POINT (812880.8280853331 1580759.11716464)","공식 갯바위낚시포인트 데이터 기반. 갯바위 출입 가능 여부와 안전 통제는 현장 및 공식 안내 확인 필요."
"rock-666","독거군도 부근 - 하조도 매동여","rock-fishing-point","전라남도","진도군","전라남도 진도군","34.277575","","참돔|감성돔|돌돔|광어|농어","조금 전후","0.1~4.1m","펄/ 조개껍질","▶ 참돔 - 부력/ 잠수▶ 감성돔 - 릴찌/ 장대/ 원투▶ 돌돔 - 릴찌/ 장대/ 원투▶ 광어-릴찌/ 원투▶ 농어 - 루어/ 릴찌","needs-check","MOF_SHARED_ROCK_FISHING_POINT","https://www.data.go.kr/data/15148580/fileData.do","2026-07-11","666","POINT (870552.3096390481 1588013.42810409)","공식 갯바위낚시포인트 데이터 기반. 갯바위 출입 가능 여부와 안전 통제는 현장 및 공식 안내 확인 필요."
"rock-667","독거군도 부근 - 독거 북단","rock-fishing-point","전라남도","진도군","전라남도 진도군","34.262708","","참돔|감성돔|돌돔|광어|농어","조금~4물","3.3~14.2m","암","▶ 참돔 - 부력/ 잠수▶ 감성돔 - 릴찌/ 장대/ 원투▶ 돌돔 - 릴찌/ 장대/ 원투▶ 광어-릴찌/ 원투▶ 농어 - 루어/ 릴찌","needs-check","MOF_SHARED_ROCK_FISHING_POINT","https://www.data.go.kr/data/15148580/fileData.do","2026-07-11","667","POINT (878694.79335306 1586255.49364827)","공식 갯바위낚시포인트 데이터 기반. 갯바위 출입 가능 여부와 안전 통제는 현장 및 공식 안내 확인 필요."
"rock-668","추자군도 - 목리 인근 갯바위","rock-fishing-point","제주특별자치도","제주시","제주특별자치도 제주시","33.954445","","감성돔|벵에돔|참돔|돌돔|볼락|부시리","11물~5물/ 정조전후","0.1~1.5m","암","▶ 감성돔 - 릴찌/ 장대/ 원투▶ 벵에돔 - 목줄/ 장대/ 부력/ 잠수▶ 참돔 - 부력/ 잠수▶ 돌돔 - 민장대/ 릴찌/ 원투▶ 볼락 - 릴찌/ 장대/ 루어▶ 부시리 - 부력/ 잠수/ 지깅","needs-check","MOF_SHARED_ROCK_FISHING_POINT","https://www.data.go.kr/data/15148580/fileData.do","2026-07-11","668","POINT (890307.0397811551 1551924.73665644)","공식 갯바위낚시포인트 데이터 기반. 갯바위 출입 가능 여부와 안전 통제는 현장 및 공식 안내 확인 필요."
"rock-669","추자군도 - 추포도 북측 갯바위","rock-fishing-point","제주특별자치도","제주시","제주특별자치도 제주시","33.987989","","감성돔|벵에돔|참돔|돌돔|볼락|부시리","11물~5물/ 정조전후","1.0~3.6m","거친모래/ 조개껍질","▶ 감성돔 - 릴찌/ 장대/ 원투▶ 벵에돔 - 목줄/ 장대/ 부력/ 잠수▶ 참돔 - 부력/ 잠수▶ 돌돔 - 민장대/ 릴찌/ 원투▶ 볼락 - 릴찌/ 장대/ 루어▶ 부시리 - 부력/ 잠수/ 지깅","needs-check","MOF_SHARED_ROCK_FISHING_POINT","https://www.data.go.kr/data/15148580/fileData.do","2026-07-11","669","POINT (891359.6945016781 1555632.59782553)","공식 갯바위낚시포인트 데이터 기반. 갯바위 출입 가능 여부와 안전 통제는 현장 및 공식 안내 확인 필요."
"rock-670","해남반도 부근 - 소죽리 중도","rock-fishing-point","전라남도","해남군","전라남도 해남군","34.339139","","감성돔|고등어|볼락|노래미|숭어|우럭|농어|돌돔","사리 전후","0.3~0.6m","펄","▶ 감성돔 - 릴찌/ 장대/ 원투▶ 고등어 - 장대/ 릴찌/ 루어▶ 볼락 - 릴찌/ 장대/ 루어▶ 노래미 - 루어/ 릴찌/ 장대/ 원투▶ 숭어 - 릴찌/ 장대/ 훌치기▶ 우럭 - 릴찌/ 원투▶ 농어 - 루어/ 릴찌▶ 돌돔 - 릴찌/ 장대/ 원투","needs-check","MOF_SHARED_ROCK_FISHING_POINT","https://www.data.go.kr/data/15148580/fileData.do","2026-07-11","670","POINT (909559.402374467 1594382.8511454)","공식 갯바위낚시포인트 데이터 기반. 갯바위 출입 가능 여부와 안전 통제는 현장 및 공식 안내 확인 필요."
"rock-671","완도 부근 - 만수리 남측 갯바위","rock-fishing-point","전라남도","해남군","전라남도 해남군","34.417699","","감성돔|농어|도다리|숭어|노래미|학공치","들물","-1.1~-0.5m","펄","▶ 감성돔 - 릴찌/ 장대/ 원투▶ 농어 - 루어/ 릴찌▶ 도다리 - 원투▶ 숭어 - 릴찌/ 장대/ 훌치기▶ 노래미 - 루어/ 릴찌/ 장대▶ 학공치 - 릴찌/ 장대","needs-check","MOF_SHARED_ROCK_FISHING_POINT","https://www.data.go.kr/data/15148580/fileData.do","2026-07-11","671","POINT (924056.551276781 1602965.74224743)","공식 갯바위낚시포인트 데이터 기반. 갯바위 출입 가능 여부와 안전 통제는 현장 및 공식 안내 확인 필요."
"rock-672","완도 부근 - 내도 갯바위","rock-fishing-point","전라남도","해남군","전라남도 해남군","34.445819","","감성돔|농어|도다리|숭어|노래미|학공치","들물","-0.8~1.5m","펄","▶ 감성돔 - 릴찌/ 장대/ 원투▶ 농어 - 루어/ 릴찌▶ 도다리 - 원투▶ 숭어 - 릴찌/ 장대/ 훌치기▶ 노래미 - 루어/ 릴찌/ 장대▶ 학공치 - 릴찌/ 장대","needs-check","MOF_SHARED_ROCK_FISHING_POINT","https://www.data.go.kr/data/15148580/fileData.do","2026-07-11","672","POINT (929629.173072487 1606040.39501644)","공식 갯바위낚시포인트 데이터 기반. 갯바위 출입 가능 여부와 안전 통제는 현장 및 공식 안내 확인 필요."
"rock-673","완도 부근 - 고마도 동측 갯바위","rock-fishing-point","전라남도","완도군","전라남도 완도군","34.406148","","감성돔|농어|도다리|숭어|노래미|학공치","들물","0~2m","펄","▶ 감성돔 - 릴찌/ 장대/ 원투▶ 농어 - 루어/ 릴찌▶ 도다리 - 원투▶ 숭어 - 릴찌/ 장대/ 훌치기▶ 노래미 - 루어/ 릴찌/ 장대▶ 학공치 - 릴찌/ 장대","needs-check","MOF_SHARED_ROCK_FISHING_POINT","https://www.data.go.kr/data/15148580/fileData.do","2026-07-11","673","POINT (928760.338561848 1601647.64232465)","공식 갯바위낚시포인트 데이터 기반. 갯바위 출입 가능 여부와 안전 통제는 현장 및 공식 안내 확인 필요."
"rock-674","강진만 부근 - 만덕호 좌측","rock-fishing-point","전라남도","강진군","전라남도 강진군","34.565746","","감성돔|숭어|도다리|망둥어|붕장어","들물","0~2m","펄","▶ 감성돔 - 릴찌/ 장대/ 원투▶ 숭어 - 릴찌/ 장대/ 훌치기▶ 도다리 - 원투▶ 망둥어 - 릴찌/ 장대▶ 붕장어 - 원투","needs-check","MOF_SHARED_ROCK_FISHING_POINT","https://www.data.go.kr/data/15148580/fileData.do","2026-07-11","674","POINT (931886.0540424291 1619323.01850614)","공식 갯바위낚시포인트 데이터 기반. 갯바위 출입 가능 여부와 안전 통제는 현장 및 공식 안내 확인 필요."
"rock-675","강진만 부근 - 외호도 갯바위","rock-fishing-point","전라남도","강진군","전라남도 강진군","34.461925","","감성돔|숭어|도다리|망둥어|붕장어","들물","0.2~0.6m","펄/ 모래","▶ 감성돔 - 릴찌/ 장대/ 원투▶ 숭어 - 릴찌/ 장대/ 훌치기▶ 도다리 - 원투▶ 망둥어 - 릴찌/ 장대▶ 붕장어 - 원투","needs-check","MOF_SHARED_ROCK_FISHING_POINT","https://www.data.go.kr/data/15148580/fileData.do","2026-07-11","675","POINT (934811.23012923 1607788.73067211)","공식 갯바위낚시포인트 데이터 기반. 갯바위 출입 가능 여부와 안전 통제는 현장 및 공식 안내 확인 필요."
"rock-676","낭도 부근 - 신기촌들 갯바위","rock-fishing-point","전라남도","고흥군","전라남도 고흥군","34.635083","","감성돔|붕장어|농어|숭어","사리 전후/ 초날물","0.2~0.3m","모래/ 조개껍질","▶ 감성돔 - 릴찌/ 장대/ 원투▶ 붕장어 - 원투▶ 농어 - 루어/ 릴찌▶ 숭어 - 릴찌/ 장대/ 훌치기","needs-check","MOF_SHARED_ROCK_FISHING_POINT","https://www.data.go.kr/data/15148580/fileData.do","2026-07-11","676","POINT (997764.637474174 1626761.66045609)","공식 갯바위낚시포인트 데이터 기반. 갯바위 출입 가능 여부와 안전 통제는 현장 및 공식 안내 확인 필요."
"rock-677","낭도 부근 - 상화도 해변가","rock-fishing-point","전라남도","여수시","전라남도 여수시","34.600100","","감성돔|붕장어|농어|숭어","조금 전후/ 13~5물","2.1~13.5m","모래/ 조개껍질","▶ 감성돔 - 릴찌/ 장대/ 원투▶ 붕장어 - 원투▶ 농어 - 루어/ 릴찌▶ 숭어 - 릴찌/ 장대/ 훌치기","needs-check","MOF_SHARED_ROCK_FISHING_POINT","https://www.data.go.kr/data/15148580/fileData.do","2026-07-11","677","POINT (1008843.75429077 1622886.3428206)","공식 갯바위낚시포인트 데이터 기반. 갯바위 출입 가능 여부와 안전 통제는 현장 및 공식 안내 확인 필요."
"rock-678","여수엑스포 부근 - 내치도 하단","rock-fishing-point","전라남도","여수시","전라남도 여수시","34.694104","","벵에돔|참돔|돌돔|감성돔|농어","조금","3.1~4.7m","펄","▶ 벵에돔 - 목줄/ 장대/ 부력/ 잠수▶ 참돔 - 부력/ 잠수▶ 돌돔 - 릴찌/ 장대/ 원투▶ 감성돔 - 릴찌/ 장대/ 원투▶ 농어 - 루어/ 릴찌","needs-check","MOF_SHARED_ROCK_FISHING_POINT","https://www.data.go.kr/data/15148580/fileData.do","2026-07-11","678","POINT (1026372.93295575 1633343.93592776)","공식 갯바위낚시포인트 데이터 기반. 갯바위 출입 가능 여부와 안전 통제는 현장 및 공식 안내 확인 필요."
"rock-679","여수엑스포 부근 - 신덕해수욕장 부근","rock-fishing-point","전라남도","여수시","전라남도 여수시","34.813905","","벵에돔|참돔|돌돔|감성돔|농어","조금","0.7~7.8m","펄","▶ 벵에돔 - 목줄/ 장대/ 부력/ 잠수▶ 참돔 - 부력/ 잠수▶ 돌돔 - 릴찌/ 장대/ 원투▶ 감성돔 - 릴찌/ 장대/ 원투▶ 농어 - 루어/ 릴찌","needs-check","MOF_SHARED_ROCK_FISHING_POINT","https://www.data.go.kr/data/15148580/fileData.do","2026-07-11","679","POINT (1024688.98314416 1646624.30737213)","공식 갯바위낚시포인트 데이터 기반. 갯바위 출입 가능 여부와 안전 통제는 현장 및 공식 안내 확인 필요."
"rock-680","광양만 부근 - 마도 갯바위","rock-fishing-point","경상남도","하동군","경상남도 하동군","34.940625","","붕장어|망둥어|숭어|감성돔|농어|노래미|볼락|도다리","5물~10물","-2.2~2.0m","펄/ 모래","▶ 붕장어 - 원투▶ 망둥어 - 릴찌/ 장대▶ 숭어 - 릴찌/ 장대/ 훌치기▶ 감성돔 - 릴찌/ 장대/ 원투▶ 농어 - 루어/ 릴찌▶ 노래미 - 루어/ 릴찌/ 장대/ 원투▶ 볼락 - 릴찌/ 장대/ 루어▶ 도다리 - 원투","needs-check","MOF_SHARED_ROCK_FISHING_POINT","https://www.data.go.kr/data/15148580/fileData.do","2026-07-11","680","POINT (1025198.59233955 1660678.36839566)","공식 갯바위낚시포인트 데이터 기반. 갯바위 출입 가능 여부와 안전 통제는 현장 및 공식 안내 확인 필요."
"rock-681","황제도 - 장도 남동측","rock-fishing-point","전라남도","완도군","전라남도 완도군","34.202487","","감성돔|참돔|돌돔|농어|광어|볼락","5~10물","20~26m","암","▶ 감성돔 - 릴찌/ 장대/ 원투▶ 참돔 - 부력/ 잠수▶ 돌돔 - 릴찌/ 장대/ 원투▶ 농어 - 루어/ 릴찌▶ 광어 - 릴찌/ 원투▶ 볼락 - 릴찌/ 장대/ 루어","needs-check","MOF_SHARED_ROCK_FISHING_POINT","https://www.data.go.kr/data/15148580/fileData.do","2026-07-11","681","POINT (969228.4471704421 1578843.09649283)","공식 갯바위낚시포인트 데이터 기반. 갯바위 출입 가능 여부와 안전 통제는 현장 및 공식 안내 확인 필요."
"rock-682","손죽열도 부근 - 반초섬 남측","rock-fishing-point","전라남도","여수시","전라남도 여수시","34.294750","","감성돔|참돔|돌돔|우럭|노래미|농어|숭어|삼치|문어","사리 전후/ 10~5물","2.5~2.8m","펄","▶ 감성돔 - 릴찌/ 장대/ 원투▶ 참돔 - 부력/ 잠수▶ 돌돔 - 릴찌/ 장대/ 원투▶ 우럭 - 릴찌/ 원투▶ 노래미 - 루어/ 릴찌/ 장대/ 원투▶ 농어 - 루어/ 릴찌▶ 숭어 - 릴찌/ 장대/ 훌치기▶ 삼치 - 루어/ 릴찌▶ 문어 - 루어","needs-check","MOF_SHARED_ROCK_FISHING_POINT","https://www.data.go.kr/data/15148580/fileData.do","2026-07-11","682","POINT (987557.682920802 1589031.34127651)","공식 갯바위낚시포인트 데이터 기반. 갯바위 출입 가능 여부와 안전 통제는 현장 및 공식 안내 확인 필요."
"rock-683","손죽열도 부근 - 잔거리 동측","rock-fishing-point","전라남도","여수시","전라남도 여수시","34.295919","","감성돔|참돔|돌돔|우럭|노래미|농어|숭어|삼치|문어","사리 전후/ 10~5물","9.6~15.3m","펄","▶ 감성돔 - 릴찌/ 장대/ 원투▶ 참돔 - 부력/ 잠수▶ 돌돔 - 릴찌/ 장대/ 원투▶ 우럭 - 릴찌/ 원투▶ 노래미 - 루어/ 릴찌/ 장대/ 원투▶ 농어 - 루어/ 릴찌▶ 숭어 - 릴찌/ 장대/ 훌치기▶ 삼치 - 루어/ 릴찌▶ 문어 - 루어","needs-check","MOF_SHARED_ROCK_FISHING_POINT","https://www.data.go.kr/data/15148580/fileData.do","2026-07-11","683","POINT (989135.6948171421 1589158.95590055)","공식 갯바위낚시포인트 데이터 기반. 갯바위 출입 가능 여부와 안전 통제는 현장 및 공식 안내 확인 필요."
"rock-684","손죽열도 부근 - 소거문 서코지 좌측","rock-fishing-point","전라남도","여수시","전라남도 여수시","34.280114","","감성돔|참돔|돌돔|우럭|노래미|농어|숭어|삼치|문어","사리 전후/ 10~5물","7.6~20m","펄","▶ 감성돔 - 릴찌/ 장대/ 원투▶ 참돔 - 부력/ 잠수▶ 돌돔 - 릴찌/ 장대/ 원투▶ 우럭 - 릴찌/ 원투▶ 노래미 - 루어/ 릴찌/ 장대/ 원투▶ 농어 - 루어/ 릴찌▶ 숭어 - 릴찌/ 장대/ 훌치기▶ 삼치 - 루어/ 릴찌▶ 문어 - 루어","needs-check","MOF_SHARED_ROCK_FISHING_POINT","https://www.data.go.kr/data/15148580/fileData.do","2026-07-11","684","POINT (989684.6707903311 1587405.8218565)","공식 갯바위낚시포인트 데이터 기반. 갯바위 출입 가능 여부와 안전 통제는 현장 및 공식 안내 확인 필요."
"rock-685","간수제도 - 광도 북측","rock-fishing-point","전라남도","여수시","전라남도 여수시","34.269791","","감성돔|참돔|돌돔|우럭|노래미|농어|숭어|삼치|문어","사리 전후/ 초들물","4.7~10.4m","암","▶ 감성돔 - 릴찌/ 장대/ 원투▶ 참돔 - 부력/ 잠수▶ 돌돔 - 릴찌/ 장대/ 원투▶ 우럭 - 릴찌/ 원투▶ 노래미 - 루어/ 릴찌/ 장대/ 원투▶ 농어 - 루어/ 릴찌▶ 숭어 - 릴찌/ 장대/ 훌치기▶ 삼치 - 루어/ 릴찌▶ 문어 - 루어","needs-check","MOF_SHARED_ROCK_FISHING_POINT","https://www.data.go.kr/data/15148580/fileData.do","2026-07-11","685","POINT (1003006.2815078 1586255.97036548)","공식 갯바위낚시포인트 데이터 기반. 갯바위 출입 가능 여부와 안전 통제는 현장 및 공식 안내 확인 필요."
"rock-686","대삼부도 - 덜섬 끝바리","rock-fishing-point","전라남도","여수시","전라남도 여수시","34.053289","","벵에돔|참돔|돌돔|감성돔|농어","10물~13물","0.1~13.8m","암","▶ 벵에돔 - 목줄/ 장대/ 부력/ 잠수▶ 참돔 - 부력/ 잠수▶ 돌돔 - 릴찌/ 장대/ 원투▶ 감성돔 - 릴찌/ 장대/ 원투▶ 농어 - 루어/ 릴찌","needs-check","MOF_SHARED_ROCK_FISHING_POINT","https://www.data.go.kr/data/15148580/fileData.do","2026-07-11","686","POINT (989446.21537854 1562255.44735822)","공식 갯바위낚시포인트 데이터 기반. 갯바위 출입 가능 여부와 안전 통제는 현장 및 공식 안내 확인 필요."
"rock-687","임자도·사옥도 - 광산리 서측끝단","rock-fishing-point","전라남도","신안군","전라남도 신안군","35.076611","","감성돔|노래미|민어|붕장어|우럭|광어|농어|백조기|숭어","초들물~중날물","2.1~5.1","펄","▶감성돔 - 릴찌/ 장대/ 원투▶노래미 - 루어/ 릴찌/ 장대/ 원투▶민어 - 루어/ 릴찌▶붕장어 - 원투▶우럭 - 릴찌/ 원투▶광어 - 릴찌/ 원투▶농어 - 루어/ 릴찌▶백조기 - 릴찌/ 원투▶숭어 - 릴찌/ 장대/ 훌치기","needs-check","MOF_SHARED_ROCK_FISHING_POINT","https://www.data.go.kr/data/15148580/fileData.do","2026-07-11","687","POINT (874487.42346048 1676590.62368553)","공식 갯바위낚시포인트 데이터 기반. 갯바위 출입 가능 여부와 안전 통제는 현장 및 공식 안내 확인 필요."
"rock-688","고이도·매화도·선도·증도 - 침해섬 포인트","rock-fishing-point","전라남도","신안군","전라남도 신안군","34.923000","","감성돔|노래미|광어|숭어|우럭|붕장어|도다리|농어","초들물~중날물","0~3.5","모래/ 조개껍질","▶감성돔 - 릴찌/ 장대/ 원투 ▶노래미 - 루어/ 릴찌/ 장대/ 원투 ▶광어 - 릴찌/ 원투 ▶숭어 - 릴찌/ 장대/ 훌치기▶우럭 - 릴찌/ 원투 ▶붕장어 - 원투 ▶도다리 - 원투 ▶농어 - 루어/ 릴찌","needs-check","MOF_SHARED_ROCK_FISHING_POINT","https://www.data.go.kr/data/15148580/fileData.do","2026-07-11","688","POINT (882159.05276307 1659448.68309169)","공식 갯바위낚시포인트 데이터 기반. 갯바위 출입 가능 여부와 안전 통제는 현장 및 공식 안내 확인 필요."
"rock-689","압해도 - 복용리 해안","rock-fishing-point","전라남도","신안군","전라남도 신안군","34.899250","","감성돔|노래미|농어|볼락|붕장어|우럭","초들물~중날물","0.7~2.1","펄","▶감성돔 - 릴찌/ 장대/ 원투 ▶노래미 - 루어/ 릴찌/ 장대/ 원투▶농어 - 루어/ 릴찌 ▶볼락 - 릴찌/ 장대/ 루어▶붕장어 - 원투 ▶우럭 - 릴찌/ 원투","needs-check","MOF_SHARED_ROCK_FISHING_POINT","https://www.data.go.kr/data/15148580/fileData.do","2026-07-11","689","POINT (894348.4644098659 1656665.37413484)","공식 갯바위낚시포인트 데이터 기반. 갯바위 출입 가능 여부와 안전 통제는 현장 및 공식 안내 확인 필요."
"rock-690","손죽열도 부근 - 손죽 서측 낮은 자리","rock-fishing-point","전라남도","여수시","전라남도 여수시","34.287684","","감성돔|참돔|돌돔|우럭|노래미|농어|숭어|삼치|문어","사리 전후/ 10~5물","9.1~12.7m","펄","▶ 감성돔 - 릴찌/ 장대/ 원투▶ 참돔 - 부력/ 잠수▶ 돌돔 - 릴찌/ 장대/ 원투▶ 우럭 - 릴찌/ 원투▶ 노래미 - 루어/ 릴찌/ 장대/ 원투▶ 농어 - 루어/ 릴찌▶ 숭어 - 릴찌/ 장대/ 훌치기▶ 삼치 - 루어/ 릴찌▶ 문어 - 루어","needs-check","MOF_SHARED_ROCK_FISHING_POINT","https://www.data.go.kr/data/15148580/fileData.do","2026-07-11","690","POINT (986051.1896602421 1588249.94930539)","공식 갯바위낚시포인트 데이터 기반. 갯바위 출입 가능 여부와 안전 통제는 현장 및 공식 안내 확인 필요."
"rock-691","임자도·사옥도 - 삼봉끝 등대","rock-fishing-point","전라남도","신안군","전라남도 신안군","35.145167","","감성돔|노래미|민어|붕장어|우럭|광어|농어|백조기|숭어","초들물~중날물","0.1~5.3","암","▶감성돔 - 릴찌/ 장대/ 원투▶노래미 - 루어/ 릴찌/ 장대/ 원투▶민어 - 루어/ 릴찌▶붕장어 - 원투▶우럭 - 릴찌/ 원투▶광어 - 릴찌/ 원투▶농어 - 루어/ 릴찌▶백조기 - 릴찌/ 원투▶숭어 - 릴찌/ 장대/ 훌치기","needs-check","MOF_SHARED_ROCK_FISHING_POINT","https://www.data.go.kr/data/15148580/fileData.do","2026-07-11","691","POINT (878269.37379784 1684143.94217145)","공식 갯바위낚시포인트 데이터 기반. 갯바위 출입 가능 여부와 안전 통제는 현장 및 공식 안내 확인 필요."
"rock-692","자은도 - 진서말","rock-fishing-point","전라남도","신안군","전라남도 신안군","34.871472","","감성돔|숭어|농어","초들물~중날","0~5.0","펄/ 모래","▶감성돔 - 릴찌/ 장대/ 원투 ▶숭어 - 릴찌/ 장대/ 훌치기 ▶농어 - 루어/ 릴찌","needs-check","MOF_SHARED_ROCK_FISHING_POINT","https://www.data.go.kr/data/15148580/fileData.do","2026-07-11","692","POINT (860062.187639274 1654044.10475598)","공식 갯바위낚시포인트 데이터 기반. 갯바위 출입 가능 여부와 안전 통제는 현장 및 공식 안내 확인 필요."
"rock-693","상조도·하조도·관매도 - 관매도 서측 곶부리","rock-fishing-point","전라남도","진도군","전라남도 진도군","34.230639","","감성돔|돌돔|참돔|도다리|노래미|우럭","초들물~중날물","0.9~3.1","자갈","▶감성돔 - 릴찌/ 장대/ 원투 ▶돌돔 - 원투/ 민장대/ 릴찌▶참돔 - 부력/ 잠수 ▶도다리 - 원투▶노래미 - 루어/ 릴찌/ 장대/ 원투 ▶우럭 - 릴찌/ 원투","needs-check","MOF_SHARED_ROCK_FISHING_POINT","https://www.data.go.kr/data/15148580/fileData.do","2026-07-11","693","POINT (864194.127185831 1582897.36822106)","공식 갯바위낚시포인트 데이터 기반. 갯바위 출입 가능 여부와 안전 통제는 현장 및 공식 안내 확인 필요."
"rock-694","초도 - 딴작부치","rock-fishing-point","전라남도","여수시","전라남도 여수시","34.238889","","참돔|뱅어돔|볼락|감성돔|돌돔|농어","초들물~중날물","0.3~1.6","암","▶참돔 - 부력/ 잠수▶뱅어돔 - 목줄/ 장대/ 부력/ 잠수▶볼락 - 릴찌/ 장대/ 루어▶감성돔 - 릴찌/ 장대/ 원투▶돌돔 - 민장대/ 릴찌/ 원투▶농어 - 루어/ 릴찌","needs-check","MOF_SHARED_ROCK_FISHING_POINT","https://www.data.go.kr/data/15148580/fileData.do","2026-07-11","694","POINT (978103.371748491 1582854.56410097)","공식 갯바위낚시포인트 데이터 기반. 갯바위 출입 가능 여부와 안전 통제는 현장 및 공식 안내 확인 필요."
"rock-695","십이동파도·비안도 - 비안도 남쪽 갯바위","rock-fishing-point","전라북도","군산시","전라북도 군산시","35.748056","","감성돔|갑오징어|넙치|노래미|농어|참돔|우럭","들물 전·후","4.3m~5.1m","펄/ 모래","▶감성돔 - 릴찌/ 장대/ 원투 ▶갑오징어 - 에깅▶넙치 - 루어/ 원투 ▶노래미 - 루어/ 릴찌/ 장대/ 원투▶농어 - 루어/ 릴찌 ▶참돔 - 부력/ 잠수 ▶우럭 - 릴찌/ 원투","needs-check","MOF_SHARED_ROCK_FISHING_POINT","https://www.data.go.kr/data/15148580/fileData.do","2026-07-11","695","POINT (904910.99953474 1750699.58668457)","공식 갯바위낚시포인트 데이터 기반. 갯바위 출입 가능 여부와 안전 통제는 현장 및 공식 안내 확인 필요."
"rock-696","왕등도·위도 - 위도 대멀 부근","rock-fishing-point","전라북도","부안군","전라북도 부안군","35.610528","","감성돔|넙치|노래미|농어|숭어|우럭","중썰물~끝썰물","1.7m~2m","펄","▶감성돔 - 릴찌/ 장대/ 원투 ▶넙치 - 루어/ 원투▶노래미 - 루어/ 릴찌/ 장대/ 원투 ▶농어 - 루어/ 릴찌▶숭어 - 릴찌/ 장대/ 훌치기 ▶우럭 - 릴찌/ 원투","needs-check","MOF_SHARED_ROCK_FISHING_POINT","https://www.data.go.kr/data/15148580/fileData.do","2026-07-11","696","POINT (892683.6771669331 1735582.85418793)","공식 갯바위낚시포인트 데이터 기반. 갯바위 출입 가능 여부와 안전 통제는 현장 및 공식 안내 확인 필요."
"rock-697","가의도 - 남측 끝단 갯바위","rock-fishing-point","충청남도","태안군","충청남도 태안군","36.667972","","우럭|노래미|고등어|광어|주꾸미|학공치","상관없음","2.8~3.1","암","▶우럭 - 릴찌/ 원투▶노래미 - 루어/ 릴찌/ 장대/ 원투▶고등어 - 루어/ 릴찌/ 장대▶광어 - 릴찌/ 원투▶주꾸미 - 릴찌/ 원투/ 장대▶학공치 - 릴찌/ 장대","needs-check","MOF_SHARED_ROCK_FISHING_POINT","https://www.data.go.kr/data/15148580/fileData.do","2026-07-11","697","POINT (870498.854526463 1853203.57022648)","공식 갯바위낚시포인트 데이터 기반. 갯바위 출입 가능 여부와 안전 통제는 현장 및 공식 안내 확인 필요."
"rock-698","고이도·매화도·선도·증도 - 고이도 서측 철탑밑","rock-fishing-point","전라남도","신안군","전라남도 신안군","34.796778","","감성돔|노래미|광어|숭어|우럭|붕장어|도다리|농어","초들물~중날물","0.8~1.7","펄/ 모래","▶감성돔 - 릴찌/ 장대/ 원투 ▶노래미 - 루어/ 릴찌/ 장대/ 원투 ▶광어 - 릴찌/ 원투 ▶숭어 - 릴찌/ 장대/ 훌치기▶우럭 - 릴찌/ 원투 ▶붕장어 - 원투 ▶도다리 - 원투 ▶농어 - 루어/ 릴찌","needs-check","MOF_SHARED_ROCK_FISHING_POINT","https://www.data.go.kr/data/15148580/fileData.do","2026-07-11","698","POINT (889350.974539891 1663844.88918864)","공식 갯바위낚시포인트 데이터 기반. 갯바위 출입 가능 여부와 안전 통제는 현장 및 공식 안내 확인 필요."
"rock-699","고이도·매화도·선도·증도 - 해저유물 포인트","rock-fishing-point","전라남도","신안군","전라남도 신안군","35.000000","","감성돔|노래미|광어|숭어|우럭|붕장어|도다리|농어","초들물~중날물","0~3.8","펄","▶감성돔 - 릴찌/ 장대/ 원투 ▶노래미 - 루어/ 릴찌/ 장대/ 원투 ▶광어 - 릴찌/ 원투 ▶숭어 - 릴찌/ 장대/ 훌치기▶우럭 - 릴찌/ 원투 ▶붕장어 - 원투 ▶도다리 - 원투 ▶농어 - 루어/ 릴찌","needs-check","MOF_SHARED_ROCK_FISHING_POINT","https://www.data.go.kr/data/15148580/fileData.do","2026-07-11","699","POINT (872025.2844495841 1668126.47119753)","공식 갯바위낚시포인트 데이터 기반. 갯바위 출입 가능 여부와 안전 통제는 현장 및 공식 안내 확인 필요."
"rock-700","금일도·생일도 - 생일도 헬기장 앞","rock-fishing-point","전라남도","완도군","전라남도 완도군","34.324528","","감성돔|숭어|우럭|노래미|농어|학공치|볼락|붕장어","초들물~중날물","1.2~2.0","암","▶감성돔 - 릴찌/ 장대/ 원투 ▶숭어 - 릴찌/ 장대/ 훌치기 ▶우럭 - 릴찌/ 원투 ▶노래미 - 루어/ 릴찌/ 장대/ 원투▶농어 - 루어/ 릴찌 ▶학공치 - 릴찌/ 장대 ▶볼락 - 루어/ 릴찌/ 장대 ▶붕장어 - 원투","needs-check","MOF_SHARED_ROCK_FISHING_POINT","https://www.data.go.kr/data/15148580/fileData.do","2026-07-11","700","POINT (955469.0307359151 1592430.97787393)","공식 갯바위낚시포인트 데이터 기반. 갯바위 출입 가능 여부와 안전 통제는 현장 및 공식 안내 확인 필요."
"rock-701","십이동파도·비안도 - 비안도 남서쪽 직벽 홈통","rock-fishing-point","전라북도","군산시","전라북도 군산시","35.730361","","감성돔|갑오징어|넙치|노래미|농어|참돔|우럭","들물 전·후","5.3m~8.2m","모래/ 펄","▶감성돔 - 릴찌/ 장대/ 원투 ▶갑오징어 - 에깅▶넙치 - 루어/ 원투 ▶노래미 - 루어/ 릴찌/ 장대/ 원투▶농어 - 루어/ 릴찌 ▶참돔 - 부력/ 잠수 ▶우럭 - 릴찌/ 원투","needs-check","MOF_SHARED_ROCK_FISHING_POINT","https://www.data.go.kr/data/15148580/fileData.do","2026-07-11","701","POINT (905015.5561113991 1748735.64735424)","공식 갯바위낚시포인트 데이터 기반. 갯바위 출입 가능 여부와 안전 통제는 현장 및 공식 안내 확인 필요."
"rock-702","독거군도 부근 - 죽항 북쪽 철탑 밑","rock-fishing-point","전라남도","진도군","전라남도 진도군","34.270771","","참돔|감성돔|돌돔|광어|농어","조금 전후","1.4~6.9m","펄/ 조개껍질","▶ 참돔 - 부력/ 잠수▶ 감성돔 - 릴찌/ 장대/ 원투▶ 돌돔 - 릴찌/ 장대/ 원투▶ 광어-릴찌/ 원투▶ 농어 - 루어/ 릴찌","needs-check","MOF_SHARED_ROCK_FISHING_POINT","https://www.data.go.kr/data/15148580/fileData.do","2026-07-11","702","POINT (870791.122868216 1587255.43549032)","공식 갯바위낚시포인트 데이터 기반. 갯바위 출입 가능 여부와 안전 통제는 현장 및 공식 안내 확인 필요."
"rock-703","노화도·보길도·소안도 - 소안도 담축끝 갯바위","rock-fishing-point","전라남도","완도군","전라남도 완도군","34.120500","","감성돔|돌돔|농어|벵에돔|우럭|참돔","사리 전·후","12m~14m","펄","▶감성돔 - 릴찌/ 장대/ 원투 ▶돌돔 - 릴찌/ 장대/ 원투▶농어 - 루어/ 릴찌 ▶벵에돔 - 목줄/ 장대/ 부력/ 잠수▶우럭 - 릴찌/ 원투 ▶ 참돔 - 부력/ 잠수","needs-check","MOF_SHARED_ROCK_FISHING_POINT","https://www.data.go.kr/data/15148580/fileData.do","2026-07-11","703","POINT (923430.5159837661 1570013.11316458)","공식 갯바위낚시포인트 데이터 기반. 갯바위 출입 가능 여부와 안전 통제는 현장 및 공식 안내 확인 필요."
"rock-704","흑산도·삼태도 - 대흑산도 섯개해수욕장 갯바위","rock-fishing-point","전라남도","신안군","전라남도 신안군","34.660667","","감성돔|농어|돌돔|볼락|붕장어|참돔|학공치","들물","3.3m~5m","모래/ 조개껍질","▶감성돔 - 릴찌/ 장대/ 원투 ▶농어 - 루어/ 릴찌▶돌돔 - 릴찌/ 장대/ 원투 ▶볼락 - 루어/ 릴찌/ 장대▶붕장어 - 원투 ▶참돔 - 부력/ 잠수 ▶학공치 - 장대/ 릴찌","needs-check","MOF_SHARED_ROCK_FISHING_POINT","https://www.data.go.kr/data/15148580/fileData.do","2026-07-11","704","POINT (809780.749314762 1631558.55344871)","공식 갯바위낚시포인트 데이터 기반. 갯바위 출입 가능 여부와 안전 통제는 현장 및 공식 안내 확인 필요."
"rock-705","가의도 - 북측 해변 옆 갯바위","rock-fishing-point","충청남도","태안군","충청남도 태안군","36.690194","","우럭|노래미|고등어|광어|주꾸미|학공치","상관없음","0.4~3.1","암","▶우럭 - 릴찌/ 원투▶노래미 - 루어/ 릴찌/ 장대/ 원투▶고등어 - 루어/ 릴찌/ 장대▶광어 - 릴찌/ 원투▶주꾸미 - 릴찌/ 원투/ 장대▶학공치 - 릴찌/ 장대","needs-check","MOF_SHARED_ROCK_FISHING_POINT","https://www.data.go.kr/data/15148580/fileData.do","2026-07-11","705","POINT (873715.254746232 1855621.385086)","공식 갯바위낚시포인트 데이터 기반. 갯바위 출입 가능 여부와 안전 통제는 현장 및 공식 안내 확인 필요."
"rock-706","만재도 - 치안센터 하단 부근","rock-fishing-point","전라남도","신안군","전라남도 신안군","34.204980","","돌돔|참돔|감성돔|우럭|광어|농어|볼락|문어","조금 전후","13~16m","암","▶ 돌돔 - 릴찌/ 장대/ 원투▶ 참돔 - 부력/ 잠수▶ 감성돔 - 릴찌/ 장대/ 원투▶ 우럭 - 릴찌/ 원투▶ 광어 - 릴찌/ 원투▶ 농어 - 루어/ 릴찌▶ 볼락 - 릴찌/ 장대/ 루어▶ 문어 - 루어","needs-check","MOF_SHARED_ROCK_FISHING_POINT","https://www.data.go.kr/data/15148580/fileData.do","2026-07-11","706","POINT (813373.15044028 1580924.12644401)","공식 갯바위낚시포인트 데이터 기반. 갯바위 출입 가능 여부와 안전 통제는 현장 및 공식 안내 확인 필요."
"rock-707","완도 부근 - 사후도 북측 갯바위","rock-fishing-point","전라남도","완도군","전라남도 완도군","34.401505","","감성돔|농어|도다리|숭어|노래미|학공치","들물","0~2m","펄","▶ 감성돔 - 릴찌/ 장대/ 원투▶ 농어 - 루어/ 릴찌▶ 도다리 - 원투▶ 숭어 - 릴찌/ 장대/ 훌치기▶ 노래미 - 루어/ 릴찌/ 장대▶ 학공치 - 릴찌/ 장대","needs-check","MOF_SHARED_ROCK_FISHING_POINT","https://www.data.go.kr/data/15148580/fileData.do","2026-07-11","707","POINT (929478.23185866 1601127.28825033)","공식 갯바위낚시포인트 데이터 기반. 갯바위 출입 가능 여부와 안전 통제는 현장 및 공식 안내 확인 필요."
"rock-708","임자도·사옥도 - 대중끝","rock-fishing-point","전라남도","신안군","전라남도 신안군","35.052194","","감성돔|노래미|민어|붕장어|우럭|광어|농어|백조기|숭어","초들물~중날물","0.2~0.3","모래","▶감성돔 - 릴찌/ 장대/ 원투▶노래미 - 루어/ 릴찌/ 장대/ 원투▶민어 - 루어/ 릴찌▶붕장어 - 원투▶우럭 - 릴찌/ 원투▶광어 - 릴찌/ 원투▶농어 - 루어/ 릴찌▶백조기 - 릴찌/ 원투▶숭어 - 릴찌/ 장대/ 훌치기","needs-check","MOF_SHARED_ROCK_FISHING_POINT","https://www.data.go.kr/data/15148580/fileData.do","2026-07-11","708","POINT (870971.65439099 1673931.28635642)","공식 갯바위낚시포인트 데이터 기반. 갯바위 출입 가능 여부와 안전 통제는 현장 및 공식 안내 확인 필요."
"rock-709","우이도 - 달밭밑","rock-fishing-point","전라남도","신안군","전라남도 신안군","34.628306","","감성돔|노래미|농어|우럭","3물~4물","0.3~3.4","암","▶감성돔 - 릴찌/ 장대/ 원투 ▶노래미 - 루어/ 릴찌/ 장대/ 원투▶농어 - 루어/ 릴찌 ▶우럭 - 릴찌/ 원투","needs-check","MOF_SHARED_ROCK_FISHING_POINT","https://www.data.go.kr/data/15148580/fileData.do","2026-07-11","709","POINT (849342.9709888779 1627237.87998032)","공식 갯바위낚시포인트 데이터 기반. 갯바위 출입 가능 여부와 안전 통제는 현장 및 공식 안내 확인 필요."
"rock-710","가사도 - 작은모래땅 갯바위","rock-fishing-point","전라남도","진도군","전라남도 진도군","34.484028","","감성돔|갑오징어|우럭|농어|볼락|노래미","5물~9물","3.5~8.2","암","▶감성돔 - 릴찌/ 장대/ 원투▶갑오징어 - 에깅▶우럭 - 릴찌/ 원투▶농어 - 루어/ 릴찌▶볼락 - 릴찌/ 장대/ 루어▶노래미 - 루어/ 릴찌/ 장대/ 원투","needs-check","MOF_SHARED_ROCK_FISHING_POINT","https://www.data.go.kr/data/15148580/fileData.do","2026-07-11","710","POINT (865260.471696234 1610988.10268023)","공식 갯바위낚시포인트 데이터 기반. 갯바위 출입 가능 여부와 안전 통제는 현장 및 공식 안내 확인 필요."
"rock-711","왕등도·위도 - 위도 논금해수욕장 갯바위","rock-fishing-point","전라북도","부안군","전라북도 부안군","35.580833","","감성돔|넙치|노래미|농어|숭어|우럭","중썰물~끝썰물","2.3m~3.2m","펄","▶감성돔 - 릴찌/ 장대/ 원투 ▶넙치 - 루어/ 원투▶노래미 - 루어/ 릴찌/ 장대/ 원투 ▶농어 - 루어/ 릴찌▶숭어 - 릴찌/ 장대/ 훌치기 ▶우럭 - 릴찌/ 원투","needs-check","MOF_SHARED_ROCK_FISHING_POINT","https://www.data.go.kr/data/15148580/fileData.do","2026-07-11","711","POINT (886875.26275818 1732360.58860164)","공식 갯바위낚시포인트 데이터 기반. 갯바위 출입 가능 여부와 안전 통제는 현장 및 공식 안내 확인 필요."
"rock-712","손죽열도 부근 - 손죽 해안","rock-fishing-point","전라남도","여수시","전라남도 여수시","34.291740","","감성돔|참돔|돌돔|우럭|노래미|농어|숭어|삼치|문어","사리 전후/ 10~5물","6.3~8.6m","펄","▶ 감성돔 - 릴찌/ 장대/ 원투▶ 참돔 - 부력/ 잠수▶ 돌돔 - 릴찌/ 장대/ 원투▶ 우럭 - 릴찌/ 원투▶ 노래미 - 루어/ 릴찌/ 장대/ 원투▶ 농어 - 루어/ 릴찌▶ 숭어 - 릴찌/ 장대/ 훌치기▶ 삼치 - 루어/ 릴찌▶ 문어 - 루어","needs-check","MOF_SHARED_ROCK_FISHING_POINT","https://www.data.go.kr/data/15148580/fileData.do","2026-07-11","712","POINT (986605.0492665181 1588698.86544496)","공식 갯바위낚시포인트 데이터 기반. 갯바위 출입 가능 여부와 안전 통제는 현장 및 공식 안내 확인 필요."
"rock-713","욕지도 - 통곶지비 부근 갯바위","rock-fishing-point","경상남도","통영시","경상남도 통영시","34.639333","","감성돔|농어|무늬오징어|볼락|벵에돔|참돔","5물~11물","3.1m~5m","펄","▶감성돔 - 릴찌/ 장대/ 원투 ▶농어 - 루어/ 릴찌▶무늬오징어 - 릴찌/ 에깅 ▶볼락 - 루어/ 릴찌/ 장대▶벵에돔 - 목줄/ 장대/ 부력/ 잠수 ▶참돔 - 부력/ 잠수","needs-check","MOF_SHARED_ROCK_FISHING_POINT","https://www.data.go.kr/data/15148580/fileData.do","2026-07-11","713","POINT (1073216.65626786 1627522.80964737)","공식 갯바위낚시포인트 데이터 기반. 갯바위 출입 가능 여부와 안전 통제는 현장 및 공식 안내 확인 필요."
"rock-714","연화도 부근 - 네바위 사이 골창","rock-fishing-point","경상남도","통영시","경상남도 통영시","34.634801","","참돔|감성돔|볼락|벵에돔|농어","초들물/ 초날물/ 5물~6물/ 조금","7.2~12.2m","암","▶ 참돔 - 부력/ 잠수▶ 감성돔 - 릴찌/ 장대/ 원투▶ 볼락 - 릴찌/ 장대/ 루어▶ 벵에돔 - 목줄/ 장대/ 부력/ 잠수▶ 농어 - 루어/ 릴찌","needs-check","MOF_SHARED_ROCK_FISHING_POINT","https://www.data.go.kr/data/15148580/fileData.do","2026-07-11","714","POINT (1080365.23563371 1627079.56736873)","공식 갯바위낚시포인트 데이터 기반. 갯바위 출입 가능 여부와 안전 통제는 현장 및 공식 안내 확인 필요."
"rock-715","신지도 - 방죽포 철탑 부근 갯바위","rock-fishing-point","전라남도","완도군","전라남도 완도군","34.344250","","감성돔|농어|숭어|볼락|우럭|참돔","사리 전·후","2.1m~2.6m","펄/ 조개껍질","▶감성돔 - 릴찌/ 장대/ 원투 ▶농어 - 루어/ 릴찌 ▶숭어 - 릴찌/ 장대/ 훌치기 ▶볼락 - 루어/ 릴찌/ 장대 ▶우럭 - 릴찌/ 원투 ▶참돔 - 부력/ 잠수","needs-check","MOF_SHARED_ROCK_FISHING_POINT","https://www.data.go.kr/data/15148580/fileData.do","2026-07-11","715","POINT (944470.539865925 1594676.84708405)","공식 갯바위낚시포인트 데이터 기반. 갯바위 출입 가능 여부와 안전 통제는 현장 및 공식 안내 확인 필요."
"rock-716","금일도·생일도 - 용황리 해안","rock-fishing-point","전라남도","완도군","전라남도 완도군","34.353611","","감성돔|도다리|우럭|참돔|노래미|볼락","초들물~중날물","0.9~2.0","펄","▶감성돔 - 릴찌/ 장대/ 원투▶도다리 - 원투▶우럭 - 릴찌/ 원투▶참돔 - 부력/ 잠수▶노래미 - 루어/ 릴찌/ 장대/ 원투▶볼락 - 릴찌/ 장대/ 루어","needs-check","MOF_SHARED_ROCK_FISHING_POINT","https://www.data.go.kr/data/15148580/fileData.do","2026-07-11","716","POINT (961615.366918097 1595628.68393495)","공식 갯바위낚시포인트 데이터 기반. 갯바위 출입 가능 여부와 안전 통제는 현장 및 공식 안내 확인 필요."
"rock-717","상조도·하조도·관매도 - 명지마을 해안도로","rock-fishing-point","전라남도","진도군","전라남도 진도군","34.312222","","감성돔|참돔|노래미|돌돔|도다리|우럭","초들물~중날물","0~0.1","자갈/ 조개껍질","▶감성돔 - 릴찌/ 장대/ 원투 ▶참돔 - 부력/ 잠수 ▶노래미 - 루어/ 릴찌/ 장대/ 원투▶돌돔 - 원투/ 민장대/ 릴찌 ▶도다리 - 원투 ▶우럭 - 릴찌/ 원투","needs-check","MOF_SHARED_ROCK_FISHING_POINT","https://www.data.go.kr/data/15148580/fileData.do","2026-07-11","717","POINT (864460.740952787 1591942.70692413)","공식 갯바위낚시포인트 데이터 기반. 갯바위 출입 가능 여부와 안전 통제는 현장 및 공식 안내 확인 필요."
"rock-718","한산도·용초도 - 호두마을 뒤등","rock-fishing-point","경상남도","통영시","경상남도 통영시","34.732306","","참돔|볼락|감성돔","초들물~중날물","1.7~2.0","펄/ 모래","▶참돔 - 부력/ 잠수▶볼락 - 릴찌/ 장대/ 루어▶감성돔 - 릴찌/ 장대/ 원투","needs-check","MOF_SHARED_ROCK_FISHING_POINT","https://www.data.go.kr/data/15148580/fileData.do","2026-07-11","718","POINT (1091961.47092753 1638001.7169138)","공식 갯바위낚시포인트 데이터 기반. 갯바위 출입 가능 여부와 안전 통제는 현장 및 공식 안내 확인 필요."
"rock-719","문갑도·선갑도 - 문갑도 진뿌리","rock-fishing-point","인천광역시","옹진군","인천광역시 옹진군","37.165722","","넙치|노래미|농어|우럭","사리 전·후","3m~3.8m","펄/ 모래","▶넙치 - 루어/ 원투 ▶노래미 - 루어/ 릴찌/ 장대/ 원투 ▶농어 - 루어/ 릴찌 ▶우럭 - 릴찌/ 원투","needs-check","MOF_SHARED_ROCK_FISHING_POINT","https://www.data.go.kr/data/15148580/fileData.do","2026-07-11","719","POINT (876514.904729391 1908347.25927548)","공식 갯바위낚시포인트 데이터 기반. 갯바위 출입 가능 여부와 안전 통제는 현장 및 공식 안내 확인 필요."
"rock-720","안마도·석만도 - 우물밑 우측 갯바위","rock-fishing-point","전라남도","영광군","전라남도 영광군","35.375500","","간재미|노래미|붕장어|우럭|민어|광어","들물/날물","2.6~6.0","펄","▶간재미 - 릴찌/ 장대/ 원투▶노래미 - 루어/ 릴찌/ 장대/ 원투▶붕장어 - 원투▶우럭 - 릴찌/ 원투▶민어 - 루어/ 지깅/ 원투▶광어 - 릴찌/ 원투","needs-check","MOF_SHARED_ROCK_FISHING_POINT","https://www.data.go.kr/data/15148580/fileData.do","2026-07-11","720","POINT (868635.948972058 1709830.75621103)","공식 갯바위낚시포인트 데이터 기반. 갯바위 출입 가능 여부와 안전 통제는 현장 및 공식 안내 확인 필요."
"rock-721","갈도 부근 - 욕지끝바리","rock-fishing-point","경상남도","통영시","경상남도 통영시","34.572401","","감성돔|돌돔|볼락|무늬오징어","2물~8물/ 사리 전후","11.6~11.8m","모래/ 조개껍질","▶ 감성돔 - 릴찌/ 장대/ 원투▶ 돌돔 - 릴찌/ 장대/ 원투▶ 볼락 - 릴찌/ 장대/ 루어 ▶ 무늬오징어 - 릴찌/ 에깅","needs-check","MOF_SHARED_ROCK_FISHING_POINT","https://www.data.go.kr/data/15148580/fileData.do","2026-07-11","721","POINT (1063162.27443606 1620026.03940565)","공식 갯바위낚시포인트 데이터 기반. 갯바위 출입 가능 여부와 안전 통제는 현장 및 공식 안내 확인 필요."
"rock-722","안마도·석만도 - 문 끝 갯바위","rock-fishing-point","전라남도","영광군","전라남도 영광군","35.331750","","붕장어|우럭|노래미|농어|민어|광어","들물/날물","1.9~3.3","암","▶붕장어 - 원투▶우럭 - 릴찌/ 원투▶노래미 - 루어/ 릴찌/ 장대/ 원투▶농어 - 루어/ 릴찌▶민어 - 루어/ 지깅/ 원투▶광어 - 릴찌/ 원투","needs-check","MOF_SHARED_ROCK_FISHING_POINT","https://www.data.go.kr/data/15148580/fileData.do","2026-07-11","722","POINT (864944.545792541 1705031.83605459)","공식 갯바위낚시포인트 데이터 기반. 갯바위 출입 가능 여부와 안전 통제는 현장 및 공식 안내 확인 필요."
"rock-723","여서도·거문도 - 거문도 칼바위","rock-fishing-point","전라남도","여수시","전라남도 여수시","34.055139","","감성돔|부시리|돌돔|볼락|우럭|참돔","들물/ 날물 전·후","6.6m~8.1m","침니/ 모래","▶감성돔 - 릴찌/ 장대/ 원투 ▶부시리 - 부력/ 잠수/ 지깅▶ 돌돔 - 릴찌/ 장대/ 원투 ▶볼락 - 루어/ 릴찌/ 장대▶우럭 - 릴찌/ 원투 ▶참돔 - 부력/ 잠수","needs-check","MOF_SHARED_ROCK_FISHING_POINT","https://www.data.go.kr/data/15148580/fileData.do","2026-07-11","723","POINT (983923.916783807 1562468.36094189)","공식 갯바위낚시포인트 데이터 기반. 갯바위 출입 가능 여부와 안전 통제는 현장 및 공식 안내 확인 필요."
"rock-724","제주도 북동부·우도 - 우두곶 갯바위","rock-fishing-point","제주특별자치도","제주시","제주특별자치도 제주시","33.489389","","참돔|돌돔|볼락|벵에돔|무늬오징어|독가시치","들물/날물","16.7~20.0","암","▶참돔 - 부력/ 잠수 ▶돌돔 - 민장대/ 릴찌/ 원투 ▶볼락 - 루어/ 릴찌/ 장대▶벵에돔 - 목줄/ 장대/ 부력/ 잠수 ▶무늬오징어 - 에깅 ▶독가시치 - 목줄/ 장대/ 부력/ 잠수","needs-check","MOF_SHARED_ROCK_FISHING_POINT","https://www.data.go.kr/data/15148580/fileData.do","2026-07-11","724","POINT (950207.07923854 1499856.2737358)","공식 갯바위낚시포인트 데이터 기반. 갯바위 출입 가능 여부와 안전 통제는 현장 및 공식 안내 확인 필요."
"rock-725","홍도 - 방구서 좌측 부근","rock-fishing-point","전라남도","신안군","전라남도 신안군","34.673615","","참돔|돌돔|감성돔|우럭|농어","사리 전후/ 초들물/ 만조 전후","5.9~4.7m","암","▶ 참돔 - 부력/ 잠수▶ 돌돔 - 릴찌/ 장대/ 원투▶ 감성돔 - 릴찌/ 장대/ 원투▶ 우럭 - 릴찌/ 원투▶ 농어 - 루어/ 릴찌","needs-check","MOF_SHARED_ROCK_FISHING_POINT","https://www.data.go.kr/data/15148580/fileData.do","2026-07-11","725","POINT (788594.910450738 1633456.628647)","공식 갯바위낚시포인트 데이터 기반. 갯바위 출입 가능 여부와 안전 통제는 현장 및 공식 안내 확인 필요."
"rock-726","홍도 - 탑섬 인근","rock-fishing-point","전라남도","신안군","전라남도 신안군","34.706921","","참돔|돌돔|감성돔|우럭|농어","사리 전후/ 초들물/ 만조 전후","0.3~2.7m","암","▶ 참돔 - 부력/ 잠수▶ 돌돔 - 릴찌/ 장대/ 원투▶ 감성돔 - 릴찌/ 장대/ 원투▶ 우럭 - 릴찌/ 원투▶ 농어 - 루어/ 릴찌","needs-check","MOF_SHARED_ROCK_FISHING_POINT","https://www.data.go.kr/data/15148580/fileData.do","2026-07-11","726","POINT (789453.3124193951 1637133.30706968)","공식 갯바위낚시포인트 데이터 기반. 갯바위 출입 가능 여부와 안전 통제는 현장 및 공식 안내 확인 필요."
"rock-727","홍도 - 노적봉 하단","rock-fishing-point","전라남도","신안군","전라남도 신안군","34.680565","","참돔|돌돔|감성돔|우럭|농어","사리 전후/ 초들물/ 만조 전후","0.6~9.3m","암","▶ 참돔 - 부력/ 잠수▶ 돌돔 - 릴찌/ 장대/ 원투▶ 감성돔 - 릴찌/ 장대/ 원투▶ 우럭 - 릴찌/ 원투▶ 농어 - 루어/ 릴찌","needs-check","MOF_SHARED_ROCK_FISHING_POINT","https://www.data.go.kr/data/15148580/fileData.do","2026-07-11","727","POINT (789510.52284737 1634206.99514045)","공식 갯바위낚시포인트 데이터 기반. 갯바위 출입 가능 여부와 안전 통제는 현장 및 공식 안내 확인 필요."
"rock-728","목포 부근 - 가란도","rock-fishing-point","전라남도","신안군","전라남도 신안군","34.866785","","감성돔|붕장어|우럭|노래미|농어|볼락","사리 전후/ 초들물~중날물","0.2~0.3m","펄","▶ 감성돔 - 릴찌/ 장대/ 원투▶ 붕장어 - 원투▶ 우럭 - 릴찌/ 원투▶ 노래미 - 루어/ 릴찌/ 장대/ 원투▶ 농어 - 루어/ 릴찌▶ 볼락 - 릴찌/ 장대/ 루어","needs-check","MOF_SHARED_ROCK_FISHING_POINT","https://www.data.go.kr/data/15148580/fileData.do","2026-07-11","728","POINT (895578.2818704711 1653050.36026643)","공식 갯바위낚시포인트 데이터 기반. 갯바위 출입 가능 여부와 안전 통제는 현장 및 공식 안내 확인 필요."
"rock-729","목포 부근 - 장감길 끝","rock-fishing-point","전라남도","신안군","전라남도 신안군","34.818243","","감성돔|붕장어|우럭|노래미|농어|볼락","사리 전후/ 초들물~중날물","-4.2~3.9m","펄","▶ 감성돔 - 릴찌/ 장대/ 원투▶ 붕장어 - 원투▶ 우럭 - 릴찌/ 원투▶ 노래미 - 루어/ 릴찌/ 장대/ 원투▶ 농어 - 루어/ 릴찌▶ 볼락 - 릴찌/ 장대/ 루어","needs-check","MOF_SHARED_ROCK_FISHING_POINT","https://www.data.go.kr/data/15148580/fileData.do","2026-07-11","729","POINT (893348.744697882 1647691.98312722)","공식 갯바위낚시포인트 데이터 기반. 갯바위 출입 가능 여부와 안전 통제는 현장 및 공식 안내 확인 필요."
"rock-730","추자군도 - 새말 갯바위","rock-fishing-point","제주특별자치도","제주시","제주특별자치도 제주시","33.961519","","감성돔|벵에돔|참돔|돌돔|볼락|부시리","11물~5물/ 정조전후","0.8~1.1m","암","▶ 감성돔 - 릴찌/ 장대/ 원투▶ 벵에돔 - 목줄/ 장대/ 부력/ 잠수▶ 참돔 - 부력/ 잠수▶ 돌돔 - 민장대/ 릴찌/ 원투▶ 볼락 - 릴찌/ 장대/ 루어▶ 부시리 - 부력/ 잠수/ 지깅","needs-check","MOF_SHARED_ROCK_FISHING_POINT","https://www.data.go.kr/data/15148580/fileData.do","2026-07-11","730","POINT (887818.6990685851 1552738.40459593)","공식 갯바위낚시포인트 데이터 기반. 갯바위 출입 가능 여부와 안전 통제는 현장 및 공식 안내 확인 필요."
"rock-731","거금수도 부근 - 남촌휴양지 남측","rock-fishing-point","전라남도","고흥군","전라남도 고흥군","34.516491","","감성돔|숭어|우럭|노래미|농어|볼락","초들물~만조","0.1~1.3m","펄","▶ 감성돔 - 릴찌/ 장대/ 원투▶ 숭어 - 릴찌/ 장대/ 훌치기▶ 우럭 - 릴찌/ 원투▶ 노래미 - 루어/ 릴찌/ 장대/ 원투▶ 농어 - 루어/ 릴찌▶ 볼락 - 릴찌/ 장대/ 루어","needs-check","MOF_SHARED_ROCK_FISHING_POINT","https://www.data.go.kr/data/15148580/fileData.do","2026-07-11","731","POINT (976001.747322504 1613641.84835926)","공식 갯바위낚시포인트 데이터 기반. 갯바위 출입 가능 여부와 안전 통제는 현장 및 공식 안내 확인 필요."
"rock-732","황제도 - 철탑","rock-fishing-point","전라남도","완도군","전라남도 완도군","34.190741","","감성돔|참돔|돌돔|농어|광어|볼락","사리를 피한 물때/ 1~3물/ 9~13물","12.9~17.1m","암","▶ 감성돔 - 릴찌/ 장대/ 원투▶ 참돔 - 부력/ 잠수▶ 돌돔 - 릴찌/ 장대/ 원투▶ 농어 - 루어/ 릴찌▶ 광어 - 릴찌/ 원투▶ 볼락 - 릴찌/ 장대/ 루어","needs-check","MOF_SHARED_ROCK_FISHING_POINT","https://www.data.go.kr/data/15148580/fileData.do","2026-07-11","732","POINT (960361.661924992 1577573.93674265)","공식 갯바위낚시포인트 데이터 기반. 갯바위 출입 가능 여부와 안전 통제는 현장 및 공식 안내 확인 필요."
"rock-733","자월도 - 입암두 부근 갯바위","rock-fishing-point","인천광역시","옹진군","인천광역시 옹진군","37.262833","","넙치|우럭","들물/ 날물","1.2m~2.2m","모래","▶넙치 - 루어/ 원투 ▶우럭 - 릴찌/ 원투","needs-check","MOF_SHARED_ROCK_FISHING_POINT","https://www.data.go.kr/data/15148580/fileData.do","2026-07-11","733","POINT (895053.445807492 1918871.30150559)","공식 갯바위낚시포인트 데이터 기반. 갯바위 출입 가능 여부와 안전 통제는 현장 및 공식 안내 확인 필요."
"rock-734","호도·녹도·외연도 - 외연도 작은 명금 부근","rock-fishing-point","충청남도","보령시","충청남도 보령시","36.231194","","감성돔|갑오징어|넙치|노래미|농어|우럭|참돔","조금 전·후","1.3m~2.7m","자갈","▶감성돔 - 릴찌/ 장대/ 원투 ▶갑오징어 - 에깅▶넙치 - 루어/ 원투 ▶노래미 - 루어/ 릴찌/ 장대/ 원투▶농어 - 루어/ 릴찌 ▶우럭 - 릴찌/ 원투 ▶참돔 - 부력/ 잠수","needs-check","MOF_SHARED_ROCK_FISHING_POINT","https://www.data.go.kr/data/15148580/fileData.do","2026-07-11","734","POINT (872606.592634641 1804708.34053624)","공식 갯바위낚시포인트 데이터 기반. 갯바위 출입 가능 여부와 안전 통제는 현장 및 공식 안내 확인 필요."
"rock-735","사량도 - 하사량도 동포 해안도로 제방","rock-fishing-point","경상남도","통영시","경상남도 통영시","34.835056","","감성돔|농어|벵에돔|우럭|볼락|참돔","13물~6물","2.1m~3m","펄","▶감성돔 - 릴찌/ 장대/ 원투 ▶농어 - 루어/ 릴찌▶벵에돔 - 목줄/ 장대/ 부력/ 잠수 ▶우럭 - 릴찌/ 원투▶볼락 - 루어/ 릴찌/ 장대 ▶참돔 - 부력/ 잠수","needs-check","MOF_SHARED_ROCK_FISHING_POINT","https://www.data.go.kr/data/15148580/fileData.do","2026-07-11","735","POINT (1067824.66455846 1649187.37984832)","공식 갯바위낚시포인트 데이터 기반. 갯바위 출입 가능 여부와 안전 통제는 현장 및 공식 안내 확인 필요."
"rock-736","거제도 남부 - 함목해수욕장 갯바위","rock-fishing-point","경상남도","거제시","경상남도 거제시","34.734528","","감성돔|농어|벵에돔|우럭|볼락|참돔","조금 전·후","23m~25m","가는 모래","▶ 감성돔 - 릴찌/ 장대/ 원투 ▶ 농어 - 루어/ 릴찌 ▶ 벵에돔 - 목줄/ 장대/ 부력/ 잠수▶ 우럭 - 릴찌/ 원투 ▶ 볼락 - 루어/ 릴찌/ 장대 ▶ 참돔 - 부력/ 잠수","needs-check","MOF_SHARED_ROCK_FISHING_POINT","https://www.data.go.kr/data/15148580/fileData.do","2026-07-11","736","POINT (1105406.85354396 1638392.32751389)","공식 갯바위낚시포인트 데이터 기반. 갯바위 출입 가능 여부와 안전 통제는 현장 및 공식 안내 확인 필요."
"rock-737","안면도 북부 - 연륙교","rock-fishing-point","충청남도","태안군","충청남도 태안군","36.598917","","우럭|노래미|학공치|광어|숭어|도다리","초들물~중날물","-2.3~-3.3","펄","▶우럭 - 릴찌/ 원투▶노래미 - 루어/ 릴찌/ 장대/ 원투▶학공치 - 릴찌/ 장대▶광어 - 릴찌/ 원투▶숭어 - 릴찌/ 장대/ 홀치기▶도다리 - 원투","needs-check","MOF_SHARED_ROCK_FISHING_POINT","https://www.data.go.kr/data/15148580/fileData.do","2026-07-11","737","POINT (894757.8215084791 1845209.71697691)","공식 갯바위낚시포인트 데이터 기반. 갯바위 출입 가능 여부와 안전 통제는 현장 및 공식 안내 확인 필요."
"rock-738","청산도·대모도 - 청산도 촛대바위 부근","rock-fishing-point","전라남도","완도군","전라남도 완도군","34.208944","","감성돔|넙치|농어|도다리|우럭|볼락|참돔","4물~사리","1.7m~2.9m","조개껍질/ 펄","▶감성돔 - 릴찌/ 장대/ 원투 ▶넙치 - 루어/ 원투▶농어 - 루어/ 릴찌 ▶도다리 - 원투 ▶우럭 - 릴찌/ 원투▶볼락 - 루어/ 릴찌/ 장대 ▶참돔 - 부력/ 잠수","needs-check","MOF_SHARED_ROCK_FISHING_POINT","https://www.data.go.kr/data/15148580/fileData.do","2026-07-11","738","POINT (942206.370727872 1579686.5891861)","공식 갯바위낚시포인트 데이터 기반. 갯바위 출입 가능 여부와 안전 통제는 현장 및 공식 안내 확인 필요."
"rock-739","고흥호 부근 - 득량만방조제","rock-fishing-point","전라남도","보성군","전라남도 보성군","34.741254","","감성돔|농어|도다리|숭어|붕장어|학공치","들물","0.3~0.5m","펄","▶ 감성돔 - 릴찌/ 장대/ 원투▶ 농어 - 루어/ 릴찌▶ 도다리 - 원투▶ 숭어 - 릴찌/ 장대/ 훌치기▶ 붕장어 - 원투▶ 학공치 - 릴찌/ 장대","needs-check","MOF_SHARED_ROCK_FISHING_POINT","https://www.data.go.kr/data/15148580/fileData.do","2026-07-11","739","POINT (973697.5412912191 1638572.28201739)","공식 갯바위낚시포인트 데이터 기반. 갯바위 출입 가능 여부와 안전 통제는 현장 및 공식 안내 확인 필요."
"rock-740","여수엑스포 부근 - 노도 인근","rock-fishing-point","전라남도","여수시","전라남도 여수시","34.709923","","벵에돔|참돔|돌돔|감성돔|농어","조금","1.9~7.1m","펄","▶ 벵에돔 - 목줄/ 장대/ 부력/ 잠수▶ 참돔 - 부력/ 잠수▶ 돌돔 - 릴찌/ 장대/ 원투▶ 감성돔 - 릴찌/ 장대/ 원투▶ 농어 - 루어/ 릴찌","needs-check","MOF_SHARED_ROCK_FISHING_POINT","https://www.data.go.kr/data/15148580/fileData.do","2026-07-11","740","POINT (1022207.96052734 1635087.08484742)","공식 갯바위낚시포인트 데이터 기반. 갯바위 출입 가능 여부와 안전 통제는 현장 및 공식 안내 확인 필요."
"rock-741","금당도 - 신흥리제방수문","rock-fishing-point","전라남도","완도군","전라남도 완도군","34.429722","","감성돔|볼락|노래미|농어|도다리|학공치","초들물~중날물","-0.1~0","펄","▶감성돔 - 릴찌/ 장대/ 원투▶볼락 - 릴찌/ 장대/ 루어▶노래미 - 루어/ 릴찌/ 장대/ 원투▶농어 - 루어/ 릴찌▶도다리 - 원투▶학공치 - 릴찌/ 장대","needs-check","MOF_SHARED_ROCK_FISHING_POINT","https://www.data.go.kr/data/15148580/fileData.do","2026-07-11","741","POINT (958786.462295319 1604080.58966808)","공식 갯바위낚시포인트 데이터 기반. 갯바위 출입 가능 여부와 안전 통제는 현장 및 공식 안내 확인 필요."
"rock-742","백아도·굴업도 - 굴업도 마을 서쪽 갯바위","rock-fishing-point","인천광역시","옹진군","인천광역시 옹진군","37.186944","","넙치|노래미|농어|붕장어|우럭","들물","1.3m~1.8m","모래/ 펄","▶넙치 - 루어/ 원투 ▶노래미 - 루어/ 릴찌/ 장대/ 원투▶농어 - 루어/ 릴찌 ▶붕장어 - 원투▶우럭 - 릴찌/ 원투","needs-check","MOF_SHARED_ROCK_FISHING_POINT","https://www.data.go.kr/data/15148580/fileData.do","2026-07-11","742","POINT (864657.3192033011 1910884.69300773)","공식 갯바위낚시포인트 데이터 기반. 갯바위 출입 가능 여부와 안전 통제는 현장 및 공식 안내 확인 필요."
"rock-743","안면도 남 부 - 추도 갯바위","rock-fishing-point","충청남도","보령시","충청남도 보령시","36.405167","","숭어|노래미|삼치|붕장어|주꾸미","중들물~중날물","0.1~0.9","암","▶숭어 - 릴찌/ 장대/ 홀치기▶노래미 - 루어/ 릴찌/ 장대/ 원투▶삼치 - 루어/ 릴찌▶붕장어 - 원투▶주꾸미 - 릴찌/ 원투","needs-check","MOF_SHARED_ROCK_FISHING_POINT","https://www.data.go.kr/data/15148580/fileData.do","2026-07-11","743","POINT (904627.877120542 1823599.28261303)","공식 갯바위낚시포인트 데이터 기반. 갯바위 출입 가능 여부와 안전 통제는 현장 및 공식 안내 확인 필요."
"rock-744","비진도·매물도 - 매물도 대항 선창","rock-fishing-point","경상남도","통영시","경상남도 통영시","34.640417","","감성돔|돌돔|볼락|참돔","조금 전·후","3.1m~4.2m","펄/ 조개껍질","▶감성돔 - 릴찌/ 장대/ 원투 ▶돌돔 - 릴찌/ 장대/ 원투▶볼락 - 루어/ 릴찌/ 장대 ▶참돔 - 부력/ 잠수","needs-check","MOF_SHARED_ROCK_FISHING_POINT","https://www.data.go.kr/data/15148580/fileData.do","2026-07-11","744","POINT (1097974.85836697 1627872.36973101)","공식 갯바위낚시포인트 데이터 기반. 갯바위 출입 가능 여부와 안전 통제는 현장 및 공식 안내 확인 필요."
"rock-745","사천대교 부근 - 덕진포교","rock-fishing-point","경상남도","사천시","경상남도 사천시","35.044632","","참돔|농어|우럭|볼락|노래미|붕장어","초들물~중날물","-1.5~-1.7m","펄","▶ 참돔 - 부력/ 잠수▶ 농어 - 루어/ 릴찌▶ 우럭 - 릴찌/ 원투▶ 볼락 - 릴찌/ 장대/ 루어▶ 노래미 - 루어/ 릴찌/ 장대/ 원투▶ 붕장어 - 원투","needs-check","MOF_SHARED_ROCK_FISHING_POINT","https://www.data.go.kr/data/15148580/fileData.do","2026-07-11","745","POINT (1045966.83536564 1672293.66961014)","공식 갯바위낚시포인트 데이터 기반. 갯바위 출입 가능 여부와 안전 통제는 현장 및 공식 안내 확인 필요."
"rock-746","안마도·석만도 - 근여 부근 갯바위","rock-fishing-point","전라남도","영광군","전라남도 영광군","35.356694","","우럭|농어|문어|붕장어|광어|노래미","들물/날물","6.8~17.0","펄/ 모래","▶우럭 - 릴찌/ 원투▶농어 - 루어/ 릴찌▶문어 - 루어▶붕장어 - 원투▶광어 - 릴찌/ 원투▶노래미 - 루어/ 릴찌/ 장대/ 원투","needs-check","MOF_SHARED_ROCK_FISHING_POINT","https://www.data.go.kr/data/15148580/fileData.do","2026-07-11","746","POINT (863350.51903645 1707823.86496971)","공식 갯바위낚시포인트 데이터 기반. 갯바위 출입 가능 여부와 안전 통제는 현장 및 공식 안내 확인 필요."
"rock-747","영흥도·선재도·대부도·구봉도 - 영흥도 비석바위","rock-fishing-point","인천광역시","옹진군","인천광역시 옹진군","37.274389","","넙치|농어|삼치|숭어","들물","2.2m~4.3m","펄/ 모래","▶넙치 - 루어/ 원투 ▶농어 - 루어/ 릴찌▶삼치 - 루어/ 릴찌 ▶숭어 - 릴찌/ 장대/ 훌치기","needs-check","MOF_SHARED_ROCK_FISHING_POINT","https://www.data.go.kr/data/15148580/fileData.do","2026-07-11","747","POINT (905607.709408006 1920028.09437502)","공식 갯바위낚시포인트 데이터 기반. 갯바위 출입 가능 여부와 안전 통제는 현장 및 공식 안내 확인 필요."
"rock-748","석모도 - 섬돌모루","rock-fishing-point","인천광역시","강화군","인천광역시 강화군","37.708500","","농어|숭어|우럭|망둥어","초들물~중날물","-0.8~2.5","펄","▶농어 - 루어/ 릴찌▶숭어 - 릴찌/ 장대/ 홀치기▶우럭 - 릴찌/ 원투▶망둥어 - 릴찌/ 장대","needs-check","MOF_SHARED_ROCK_FISHING_POINT","https://www.data.go.kr/data/15148580/fileData.do","2026-07-11","748","POINT (896478.260828238 1968307.27264666)","공식 갯바위낚시포인트 데이터 기반. 갯바위 출입 가능 여부와 안전 통제는 현장 및 공식 안내 확인 필요."
"rock-749","순천만 부근 - 달천도 부근","rock-fishing-point","전라남도","여수시","전라남도 여수시","34.770555","","붕장어|망둑어|짱뚱어|숭어","초들물","1.1~3.6m","펄","▶ 붕장어 - 원투▶ 망둑어 - 원투▶ 짱뚱어 - 훌치기▶ 숭어 - 릴찌/ 장대/ 훌치기","needs-check","MOF_SHARED_ROCK_FISHING_POINT","https://www.data.go.kr/data/15148580/fileData.do","2026-07-11","749","POINT (1005413.27276802 1641785.51048217)","공식 갯바위낚시포인트 데이터 기반. 갯바위 출입 가능 여부와 안전 통제는 현장 및 공식 안내 확인 필요."
"rock-750","남해도 남부 - 가천 갯바위(레이다기지)","rock-fishing-point","경상남도","남해군","경상남도 남해군","34.724306","","참돔|농어|노래미|볼락|우럭","초들물~중날물","13.1~18.4","펄","▶참돔 - 부력/ 잠수▶농어 - 루어/ 릴찌▶노래미 - 루어/ 릴찌/ 장대/ 원투▶볼락 - 릴찌/ 장대/ 루어▶우럭 - 릴찌/ 원투","needs-check","MOF_SHARED_ROCK_FISHING_POINT","https://www.data.go.kr/data/15148580/fileData.do","2026-07-11","750","POINT (1034577.99009182 1636720.19007829)","공식 갯바위낚시포인트 데이터 기반. 갯바위 출입 가능 여부와 안전 통제는 현장 및 공식 안내 확인 필요."
"rock-751","개야도 - 치도 남측 갯바위","rock-fishing-point","전라북도","군산시","전라북도 군산시","36.034306","","망농어|부세|감성돔|백조기","초들물~중날물","1.9~4.4","모래/ 펄","▶망농어 - 루어/ 릴찌▶부세 - 릴찌/ 원투▶감성돔 - 릴찌/ 장대/ 원투▶백조기 - 릴찌/ 원투","needs-check","MOF_SHARED_ROCK_FISHING_POINT","https://www.data.go.kr/data/15148580/fileData.do","2026-07-11","751","POINT (911942.102997269 1782380.31680679)","공식 갯바위낚시포인트 데이터 기반. 갯바위 출입 가능 여부와 안전 통제는 현장 및 공식 안내 확인 필요."
"rock-752","화원 부근 - 우도","rock-fishing-point","전라남도","해남군","전라남도 해남군","34.653472","","감성돔|붕장어|농어","조금 전후/ 초들물~중날물","1.6~2.7m","암","▶ 감성돔 - 릴찌/ 장대/ 원투▶ 붕장어 - 원투▶ 농어 - 루어/ 릴찌","needs-check","MOF_SHARED_ROCK_FISHING_POINT","https://www.data.go.kr/data/15148580/fileData.do","2026-07-11","752","POINT (885683.3044045691 1629508.20071149)","공식 갯바위낚시포인트 데이터 기반. 갯바위 출입 가능 여부와 안전 통제는 현장 및 공식 안내 확인 필요."
"rock-753","무의도 - 실미도해변 갯바위","rock-fishing-point","인천광역시","중구","인천광역시 중구","37.400833","","농어|광어|삼치|우럭|노래미|붕장어","중들물~중날물","-2.5~-1.0","모래/ 펄","▶농어 - 루어/ 릴찌▶광어 - 릴찌/ 원투▶삼치 - 루어/ 릴찌▶우럭 - 릴찌/ 원투▶노래미 - 루어/ 릴찌/ 장대/ 원투▶붕장어 - 원투","needs-check","MOF_SHARED_ROCK_FISHING_POINT","https://www.data.go.kr/data/15148580/fileData.do","2026-07-11","753","POINT (902117.204602431 1934098.41816161)","공식 갯바위낚시포인트 데이터 기반. 갯바위 출입 가능 여부와 안전 통제는 현장 및 공식 안내 확인 필요."
"rock-754","홍도 - 탑서 우측","rock-fishing-point","전라남도","신안군","전라남도 신안군","34.724267","","참돔|돌돔|감성돔|우럭|농어","사리 전후/ 초들물/ 만조 전후","3.8~5.6m","암","▶ 참돔 - 부력/ 잠수▶ 돌돔 - 릴찌/ 장대/ 원투▶ 감성돔 - 릴찌/ 장대/ 원투▶ 우럭 - 릴찌/ 원투▶ 농어 - 루어/ 릴찌","needs-check","MOF_SHARED_ROCK_FISHING_POINT","https://www.data.go.kr/data/15148580/fileData.do","2026-07-11","754","POINT (789466.8240135751 1639058.08006232)","공식 갯바위낚시포인트 데이터 기반. 갯바위 출입 가능 여부와 안전 통제는 현장 및 공식 안내 확인 필요."
"rock-755","추도 부근 - 높은여","rock-fishing-point","경상남도","통영시","경상남도 통영시","34.761016","","볼락|우럭|주꾸미|광어|감성돔|벵에돔|참돔","6물~8물","3.1~5.0m","암","▶ 볼락 - 릴찌/ 장대/ 루어▶ 우럭 - 릴찌/ 원투▶ 주꾸미 - 릴찌/ 원투▶ 광어 - 릴찌/ 원투▶ 감성돔 - 릴찌/ 장대/ 원투▶ 벵에돔 - 목줄/ 장대/ 부력/ 잠수▶ 참돔 - 부력/ 잠수","needs-check","MOF_SHARED_ROCK_FISHING_POINT","https://www.data.go.kr/data/15148580/fileData.do","2026-07-11","755","POINT (1072945.19300443 1641015.40023504)","공식 갯바위낚시포인트 데이터 기반. 갯바위 출입 가능 여부와 안전 통제는 현장 및 공식 안내 확인 필요."
"rock-756","거금도 - 배천마을 곶부리","rock-fishing-point","전라남도","고흥군","전라남도 고흥군","34.470750","","감성돔|넙치|농어|도다리|붕장어|숭어|우럭","초들물","1.6m~2.3m","펄","▶감성돔 - 릴찌/ 장대/ 원투 ▶넙치 - 루어/ 원투▶농어 - 루어/ 릴찌 ▶도다리 - 원투▶붕장어 - 원투 ▶숭어 - 릴찌/ 장대/ 훌치기 ▶우럭 - 릴찌/ 원투","needs-check","MOF_SHARED_ROCK_FISHING_POINT","https://www.data.go.kr/data/15148580/fileData.do","2026-07-11","756","POINT (962645.879222486 1608613.8345197)","공식 갯바위낚시포인트 데이터 기반. 갯바위 출입 가능 여부와 안전 통제는 현장 및 공식 안내 확인 필요."
"rock-775","석모도 - 하리낚시터 북측","rock-fishing-point","인천광역시","강화군","인천광역시 강화군","37.740833","","농어|숭어|우럭|망둥어","초들물~중날물","-3.2~-0.2","펄","▶농어 - 루어/ 릴찌▶숭어 - 릴찌/ 장대/ 홀치기▶우럭 - 릴찌/ 원투▶망둥어 - 릴찌/ 장대","needs-check","MOF_SHARED_ROCK_FISHING_POINT","https://www.data.go.kr/data/15148580/fileData.do","2026-07-11","775","POINT (893243.595316079 1971936.55266978)","공식 갯바위낚시포인트 데이터 기반. 갯바위 출입 가능 여부와 안전 통제는 현장 및 공식 안내 확인 필요."
"rock-757","제주도 남서부·가파도·마라도 - 발전소 앞 갯바위","rock-fishing-point","제주특별자치도","서귀포시","제주특별자치도 서귀포시","33.236139","","벵에돔|한치|노래미|독가시치|부시리|우럭","초들물~중날물","1.2~4.6","암","▶벵에돔 - 목줄/ 장대/ 잠수▶한치 - 루어/ 원투▶노래미 - 루어/ 릴찌/ 장대/ 원투▶독가시치 - 목줄/ 장대/ 부력/ 잠수▶부시리 - 부력/ 잠수/ 지깅▶우럭 - 릴찌/ 원투","needs-check","MOF_SHARED_ROCK_FISHING_POINT","https://www.data.go.kr/data/15148580/fileData.do","2026-07-11","757","POINT (892343.524929313 1472245.83983662)","공식 갯바위낚시포인트 데이터 기반. 갯바위 출입 가능 여부와 안전 통제는 현장 및 공식 안내 확인 필요."
"rock-758","이작도·승봉도 - 승봉도 남대문바위","rock-fishing-point","인천광역시","옹진군","인천광역시 옹진군","37.171694","","넙치|노래미|농어|우럭","초들물~중들물","1.4m~1.7m","펄","▶넙치 - 루어/ 원투 ▶노래미 - 루어/ 릴찌/ 장대/ 원투▶농어 - 루어/ 릴찌 ▶우럭 - 릴찌/ 원투","needs-check","MOF_SHARED_ROCK_FISHING_POINT","https://www.data.go.kr/data/15148580/fileData.do","2026-07-11","758","POINT (894542.382189517 1908764.82332117)","공식 갯바위낚시포인트 데이터 기반. 갯바위 출입 가능 여부와 안전 통제는 현장 및 공식 안내 확인 필요."
"rock-759","금오도·안도 - 금오도 야외음악당 부근","rock-fishing-point","전라남도","여수시","전라남도 여수시","34.531806","","감성돔|도다리|노래미|붕장어|벵에돔|볼락","9물~13물/ 날물 전·후","7.5m~9m","펄","▶감성돔 - 릴찌/ 장대/ 원투 ▶도다리 - 원투 ▶노래미 - 루어/ 릴찌/ 장대/ 원투▶붕장어 - 원투 ▶벵에돔 - 목줄/ 장대/ 부력/ 잠수 ▶볼락 - 루어/ 릴찌/ 장대","needs-check","MOF_SHARED_ROCK_FISHING_POINT","https://www.data.go.kr/data/15148580/fileData.do","2026-07-11","759","POINT (1019166.85722333 1615328.86648406)","공식 갯바위낚시포인트 데이터 기반. 갯바위 출입 가능 여부와 안전 통제는 현장 및 공식 안내 확인 필요."
"rock-760","무의도 - 때무리 동측 갯바위","rock-fishing-point","인천광역시","중구","인천광역시 중구","37.374583","","광어|삼치|주꾸미|노래미|붕장어","중들물~중날물","0.1~2.5","펄/ 모래","▶광어 - 릴찌/ 원투▶삼치 - 루어/ 릴찌▶주꾸미 - 릴찌/ 원투▶노래미 - 루어/ 릴찌/ 장대/ 원투▶붕장어 - 원투","needs-check","MOF_SHARED_ROCK_FISHING_POINT","https://www.data.go.kr/data/15148580/fileData.do","2026-07-11","760","POINT (906401.9456819411 1931136.59243063)","공식 갯바위낚시포인트 데이터 기반. 갯바위 출입 가능 여부와 안전 통제는 현장 및 공식 안내 확인 필요."
"rock-761","노화도·보길도·소안도 - 보길도 선창리 갯바위","rock-fishing-point","전라남도","완도군","전라남도 완도군","34.148500","","농어|노래미|볼락|붕장어|숭어|우럭","사리 전·후","1.3m~1.9m","바위","▶농어 - 루어/ 릴찌 ▶노래미-루어/ 릴찌/ 장대/ 원투▶볼락 - 릴찌/ 장대/ 원투 ▶붕장어 - 원투▶숭어 - 릴찌/ 장대/ 훌치기 ▶우럭 - 릴찌/ 원투","needs-check","MOF_SHARED_ROCK_FISHING_POINT","https://www.data.go.kr/data/15148580/fileData.do","2026-07-11","761","POINT (908200.6842700631 1573254.36013358)","공식 갯바위낚시포인트 데이터 기반. 갯바위 출입 가능 여부와 안전 통제는 현장 및 공식 안내 확인 필요."
"rock-762","제주도 북동부·우도 - 독진곶 갯바위","rock-fishing-point","제주특별자치도","제주시","제주특별자치도 제주시","33.517222","","참돔|돌돔|볼락|벵에돔|무늬오징어|독가시치","들물/날물","1.1~2.0","암","▶참돔 - 부력/ 잠수 ▶돌돔 - 민장대/ 릴찌/ 원투 ▶볼락 - 루어/ 릴찌/ 장대▶벵에돔 - 목줄/ 장대/ 부력/ 잠수 ▶무늬오징어 - 에깅 ▶독가시치 - 목줄/ 장대/ 부력/ 잠수","needs-check","MOF_SHARED_ROCK_FISHING_POINT","https://www.data.go.kr/data/15148580/fileData.do","2026-07-11","762","POINT (950045.013517816 1502943.10382747)","공식 갯바위낚시포인트 데이터 기반. 갯바위 출입 가능 여부와 안전 통제는 현장 및 공식 안내 확인 필요."
"rock-763","청산도·대모도 - 대모도 마도말 갯바위","rock-fishing-point","전라남도","완도군","전라남도 완도군","34.187806","","감성돔|농어|노래미|우럭|볼락","4물~사리","8.5m~10m","펄/ 모래/ 조개껍질","▶감성돔 - 릴찌/ 장대/ 원투 ▶농어 - 루어/ 릴찌▶노래미 - 루어/ 릴찌/ 장대/ 원투 ▶우럭 - 릴찌/ 원투▶볼락 - 루어/ 릴찌/ 장대","needs-check","MOF_SHARED_ROCK_FISHING_POINT","https://www.data.go.kr/data/15148580/fileData.do","2026-07-11","763","POINT (930934.70089495 1577418.6329829)","공식 갯바위낚시포인트 데이터 기반. 갯바위 출입 가능 여부와 안전 통제는 현장 및 공식 안내 확인 필요."
"rock-764","십이동파도·비안도 - 십이동파도 병풍도 북쪽 곶부리","rock-fishing-point","전라북도","군산시","전라북도 군산시","35.998028","","감성돔|넙치|돌돔|노래미|농어|우럭|참돔","12물~3물","21m~22.3m","펄/ 모래","▶감성돔 - 릴찌/ 장대/ 원투 ▶넙치 - 루어/ 원투▶돌돔 - 릴찌/ 장대/ 원투 ▶노래미 - 루어/ 릴찌/ 장대/ 원투▶농어 - 루어/ 릴찌 ▶우럭 - 릴찌/ 원투 ▶참돔 - 부력/ 잠수","needs-check","MOF_SHARED_ROCK_FISHING_POINT","https://www.data.go.kr/data/15148580/fileData.do","2026-07-11","764","POINT (884595.7234934 1778672.65440029)","공식 갯바위낚시포인트 데이터 기반. 갯바위 출입 가능 여부와 안전 통제는 현장 및 공식 안내 확인 필요."
"rock-765","추자군도 - 다무래미 갯바위","rock-fishing-point","제주특별자치도","제주시","제주특별자치도 제주시","33.968778","","감성돔|벵에돔|참돔|돌돔|볼락|부시리","11물~5물/ 정조전후","0.8~1.1m","암","▶ 감성돔 - 릴찌/ 장대/ 원투▶ 벵에돔 - 목줄/ 장대/ 부력/ 잠수▶ 참돔 - 부력/ 잠수▶ 돌돔 - 민장대/ 릴찌/ 원투▶ 볼락 - 릴찌/ 장대/ 루어▶ 부시리 - 부력/ 잠수/ 지깅","needs-check","MOF_SHARED_ROCK_FISHING_POINT","https://www.data.go.kr/data/15148580/fileData.do","2026-07-11","765","POINT (887704.483113144 1553544.72510291)","공식 갯바위낚시포인트 데이터 기반. 갯바위 출입 가능 여부와 안전 통제는 현장 및 공식 안내 확인 필요."
"rock-766","완도 부근 - 사후도 남측 갯바위","rock-fishing-point","전라남도","완도군","전라남도 완도군","34.390521","","감성돔|농어|도다리|숭어|노래미|학공치","들물","-1.0~0.1m","펄","▶ 감성돔 - 릴찌/ 장대/ 원투▶ 농어 - 루어/ 릴찌▶ 도다리 - 원투▶ 숭어 - 릴찌/ 장대/ 훌치기▶ 노래미 - 루어/ 릴찌/ 장대▶ 학공치 - 릴찌/ 장대","needs-check","MOF_SHARED_ROCK_FISHING_POINT","https://www.data.go.kr/data/15148580/fileData.do","2026-07-11","766","POINT (930405.826261557 1599902.22735889)","공식 갯바위낚시포인트 데이터 기반. 갯바위 출입 가능 여부와 안전 통제는 현장 및 공식 안내 확인 필요."
"rock-767","여서도·거문도 - 거문도 대매지끝(용무늬 절벽)","rock-fishing-point","전라남도","여수시","전라남도 여수시","34.015000","","감성돔|돌돔|벵에돔|참돔","들물/ 날물 전·후","6m~13.1m","침니/ 모래","▶감성돔 - 릴찌/ 장대/ 원투 ▶돌돔 - 릴찌/ 장대/ 원투▶벵에돔 - 목줄/ 장대/ 부력/ 잠수 ▶참돔 - 부력/ 잠수","needs-check","MOF_SHARED_ROCK_FISHING_POINT","https://www.data.go.kr/data/15148580/fileData.do","2026-07-11","767","POINT (981069.4405772921 1558023.07766742)","공식 갯바위낚시포인트 데이터 기반. 갯바위 출입 가능 여부와 안전 통제는 현장 및 공식 안내 확인 필요."
"rock-768","제주도 남부 - 세별곶","rock-fishing-point","제주특별자치도","서귀포시","제주특별자치도 서귀포시","33.232028","","벵에돔|한치|노래미|독가시치|부시리|우럭","초들물~중날물","9.6~18.0","암","▶벵에돔 - 목줄/ 장대/ 부력/ 잠수▶한치 - 루어/ 원투▶노래미 - 루어/ 릴찌/ 장대/ 원투▶독가시치 - 목줄/ 장대/ 부력/ 잠수▶부시리 - 부력/ 잠수/ 지깅▶우럭 - 릴찌/ 원투","needs-check","MOF_SHARED_ROCK_FISHING_POINT","https://www.data.go.kr/data/15148580/fileData.do","2026-07-11","768","POINT (903271.3020060441 1471675.31533008)","공식 갯바위낚시포인트 데이터 기반. 갯바위 출입 가능 여부와 안전 통제는 현장 및 공식 안내 확인 필요."
"rock-769","독거군도 부근 - 슬도 북쪽 넓은자리","rock-fishing-point","전라남도","진도군","전라남도 진도군","34.265705","","참돔|감성돔|돌돔|광어|농어","조금~4물","3.2~5.1m","암","▶ 참돔 - 부력/ 잠수▶ 감성돔 - 릴찌/ 장대/ 원투▶ 돌돔 - 릴찌/ 장대/ 원투▶ 광어-릴찌/ 원투▶ 농어 - 루어/ 릴찌","needs-check","MOF_SHARED_ROCK_FISHING_POINT","https://www.data.go.kr/data/15148580/fileData.do","2026-07-11","769","POINT (875150.94977664 1586634.45697703)","공식 갯바위낚시포인트 데이터 기반. 갯바위 출입 가능 여부와 안전 통제는 현장 및 공식 안내 확인 필요."
"rock-770","고이도·매화도·선도·증도 - 고이도 남측 철탑 밑","rock-fishing-point","전라남도","신안군","전라남도 신안군","34.938222","","감성돔|노래미|광어|숭어|우럭|붕장어|도다리|농어","초들물~중날물","0.8~2.7","모래","▶감성돔 - 릴찌/ 장대/ 원투 ▶노래미 - 루어/ 릴찌/ 장대/ 원투 ▶광어 - 릴찌/ 원투 ▶숭어 - 릴찌/ 장대/ 훌치기▶우럭 - 릴찌/ 원투 ▶붕장어 - 원투 ▶도다리 - 원투 ▶농어 - 루어/ 릴찌","needs-check","MOF_SHARED_ROCK_FISHING_POINT","https://www.data.go.kr/data/15148580/fileData.do","2026-07-11","770","POINT (890456.122980357 1661033.91625739)","공식 갯바위낚시포인트 데이터 기반. 갯바위 출입 가능 여부와 안전 통제는 현장 및 공식 안내 확인 필요."
"rock-771","홍도 - 상연서 상단","rock-fishing-point","전라남도","신안군","전라남도 신안군","34.674293","","참돔|돌돔|감성돔|우럭|농어","사리 전후/ 초들물/ 만조 전후","3.9~9.4m","암","▶ 참돔 - 부력/ 잠수▶ 돌돔 - 릴찌/ 장대/ 원투▶ 감성돔 - 릴찌/ 장대/ 원투▶ 우럭 - 릴찌/ 원투▶ 농어 - 루어/ 릴찌","needs-check","MOF_SHARED_ROCK_FISHING_POINT","https://www.data.go.kr/data/15148580/fileData.do","2026-07-11","771","POINT (786963.3087316781 1633569.42656886)","공식 갯바위낚시포인트 데이터 기반. 갯바위 출입 가능 여부와 안전 통제는 현장 및 공식 안내 확인 필요."
"rock-772","상조도·하조도·관매도 - 신의도 갯바위","rock-fishing-point","전라남도","진도군","전라남도 진도군","34.233083","","감성돔|돌돔|참돔|도다리|노래미|우럭","초들물~중날물","0.8~5.5","펄","▶감성돔 - 릴찌/ 장대/ 원투 ▶돌돔 - 원투/ 민장대/ 릴찌▶참돔 - 부력/ 잠수 ▶도다리 - 원투▶노래미 - 루어/ 릴찌/ 장대/ 원투 ▶우럭 - 릴찌/ 원투","needs-check","MOF_SHARED_ROCK_FISHING_POINT","https://www.data.go.kr/data/15148580/fileData.do","2026-07-11","772","POINT (868573.076419085 1583106.11279323)","공식 갯바위낚시포인트 데이터 기반. 갯바위 출입 가능 여부와 안전 통제는 현장 및 공식 안내 확인 필요."
"rock-773","대청도·소청도 - 대청도 검은낭 갯바위","rock-fishing-point","인천광역시","옹진군","인천광역시 옹진군","37.839000","","넙치|노래미|농어|삼치|쏨뱅이|우럭","사리 전후","3.1m~3.4m","바위","▶넙치 - 루어/ 원투 ▶노래미 - 루어/ 릴찌/ 장대/ 원투▶농어 - 루어/ 릴찌 ▶삼치 - 루어/ 릴찌▶쏨뱅이 - 루어/ 릴찌 ▶우럭 - 루어/ 릴찌","needs-check","MOF_SHARED_ROCK_FISHING_POINT","https://www.data.go.kr/data/15148580/fileData.do","2026-07-11","773","POINT (756058.7072491461 1985758.68283847)","공식 갯바위낚시포인트 데이터 기반. 갯바위 출입 가능 여부와 안전 통제는 현장 및 공식 안내 확인 필요."
"rock-774","고이도·매화도·선도·증도 - 둔벙여 갯바위","rock-fishing-point","전라남도","신안군","전라남도 신안군","34.920972","","감성돔|노래미|광어|숭어|우럭|붕장어|도다리|농어","초들물~중날물","0~3.6","모래/ 조개껍질","▶감성돔 - 릴찌/ 장대/ 원투 ▶노래미 - 루어/ 릴찌/ 장대/ 원투 ▶광어 - 릴찌/ 원투 ▶숭어 - 릴찌/ 장대/ 훌치기▶우럭 - 릴찌/ 원투 ▶붕장어 - 원투 ▶도다리 - 원투 ▶농어 - 루어/ 릴찌","needs-check","MOF_SHARED_ROCK_FISHING_POINT","https://www.data.go.kr/data/15148580/fileData.do","2026-07-11","774","POINT (882412.437467481 1659220.49264263)","공식 갯바위낚시포인트 데이터 기반. 갯바위 출입 가능 여부와 안전 통제는 현장 및 공식 안내 확인 필요."
"rock-776","장봉도 - 채석장 북갯바위(가막머리)","rock-fishing-point","인천광역시","옹진군","인천광역시 옹진군","37.560167","","넙치|노래미|망둑어|숭어|붕장어|우럭","조금 전·후/ 3물~5물","3m~3.5m","자갈/ 모래","▶넙치 - 루어/ 원투 ▶노래미 - 루어/ 릴찌/ 장대/ 원투 ▶망둑어 - 원투 ▶숭어 - 릴찌/ 장대/ 훌치기 ▶붕장어 - 원투 ▶우럭 - 릴찌/ 원투","needs-check","MOF_SHARED_ROCK_FISHING_POINT","https://www.data.go.kr/data/15148580/fileData.do","2026-07-11","776","POINT (894782.990960306 1951868.2626896)","공식 갯바위낚시포인트 데이터 기반. 갯바위 출입 가능 여부와 안전 통제는 현장 및 공식 안내 확인 필요."
"rock-777","덕적도·소야도 - 소야도 떼뿌루해수욕장 갯바위","rock-fishing-point","인천광역시","옹진군","인천광역시 옹진군","37.209444","","노래미|농어|붕장어|숭어|우럭","모래","1.1m~1.4m","모래","▶노래미 - 루어/ 릴찌/ 장대/ 원투 ▶농어 - 루어/ 릴찌▶붕장어 - 원투 ▶숭어 - 릴찌/ 장대/ 훌치기▶우럭 - 루어/ 릴찌","needs-check","MOF_SHARED_ROCK_FISHING_POINT","https://www.data.go.kr/data/15148580/fileData.do","2026-07-11","777","POINT (881942.426845634 1913121.11247083)","공식 갯바위낚시포인트 데이터 기반. 갯바위 출입 가능 여부와 안전 통제는 현장 및 공식 안내 확인 필요."
"rock-778","영흥도·선재도·대부도·구봉도 - 영흥도 농어바위","rock-fishing-point","인천광역시","옹진군","인천광역시 옹진군","37.284333","","넙치|농어|삼치|숭어","들물","1.2m~2m","모래","▶넙치 - 루어/ 원투 ▶농어 - 루어/ 릴찌▶삼치 - 루어/ 릴찌 ▶숭어 - 릴찌/ 장대/ 훌치기","needs-check","MOF_SHARED_ROCK_FISHING_POINT","https://www.data.go.kr/data/15148580/fileData.do","2026-07-11","778","POINT (907425.093265677 1921111.24083162)","공식 갯바위낚시포인트 데이터 기반. 갯바위 출입 가능 여부와 안전 통제는 현장 및 공식 안내 확인 필요."
"rock-779","입파도·국화도 - 국화도 해수욕장 서측 갯바위","rock-fishing-point","경기도","화성시","경기도 화성시","37.064000","","노래미|도다리|우럭","조금 전·후","1.3m~2.3m","모래","▶노래미 - 루어/ 릴찌/ 장대/ 원투 ▶도다리 - 원투▶우럭 - 루어/ 릴찌","needs-check","MOF_SHARED_ROCK_FISHING_POINT","https://www.data.go.kr/data/15148580/fileData.do","2026-07-11","779","POINT (916152.549447087 1896573.06733755)","공식 갯바위낚시포인트 데이터 기반. 갯바위 출입 가능 여부와 안전 통제는 현장 및 공식 안내 확인 필요."
"rock-780","원산도·삽시도 - 원산도해수욕장 동측 소록도","rock-fishing-point","충청남도","보령시","충청남도 보령시","36.360583","","갑오징어|넙치|농어|노래미|우럭|주꾸미","들물 전·후","1.4m~2.1m","펄/ 모래","▶갑오징어 - 에깅 ▶넙치 - 루어/ 원투 ▶농어 - 루어/ 릴찌▶노래미 - 루어/ 릴찌/ 장대/ 원투 ▶우럭 - 릴찌/ 원투 ▶주꾸미 - 루어","needs-check","MOF_SHARED_ROCK_FISHING_POINT","https://www.data.go.kr/data/15148580/fileData.do","2026-07-11","780","POINT (904396.4658090379 1818655.71618648)","공식 갯바위낚시포인트 데이터 기반. 갯바위 출입 가능 여부와 안전 통제는 현장 및 공식 안내 확인 필요."
"rock-781","어청도·연도 - 연도 채석장","rock-fishing-point","전라북도","군산시","전라북도 군산시","36.079028","","넙치|농어|보구치|우럭|장대","초들물","1.6m~2.5m","자갈","▶넙치 - 루어/ 원투 ▶농어 - 루어/ 릴찌▶보구치 - 원투 ▶우럭 - 릴찌/ 원투▶장대 - 루어/ 릴찌","needs-check","MOF_SHARED_ROCK_FISHING_POINT","https://www.data.go.kr/data/15148580/fileData.do","2026-07-11","781","POINT (903930.651135523 1787425.64034558)","공식 갯바위낚시포인트 데이터 기반. 갯바위 출입 가능 여부와 안전 통제는 현장 및 공식 안내 확인 필요."
"rock-782","선유도·무녀도·장자도·신시도 - 선유도 북도 동쪽 갯바위","rock-fishing-point","전라북도","군산시","전라북도 군산시","35.819750","","넙치|노래미|농어|붕장어|삼치|우럭|양태","조금 전·후","1.2m~1.5m","모래/ 펄","▶넙치 - 루어/ 원투 ▶노래미 - 루어/ 릴찌/ 장대/ 원투▶농어 - 루어/ 릴찌 ▶붕장어 - 원투▶삼치 - 루어/ 릴찌 ▶우럭 - 릴찌/ 원투 ▶양태 - 루어/ 릴찌","needs-check","MOF_SHARED_ROCK_FISHING_POINT","https://www.data.go.kr/data/15148580/fileData.do","2026-07-11","782","POINT (902755.490260527 1758676.04759817)","공식 갯바위낚시포인트 데이터 기반. 갯바위 출입 가능 여부와 안전 통제는 현장 및 공식 안내 확인 필요."
"rock-783","미륵도 - 이운항 동쪽 해안 갯바위","rock-fishing-point","경상남도","통영시","경상남도 통영시","34.802972","","고등어|감성돔|노래미|도다리|볼락|참돔","조금 전·후","1.7m~2.2m","펄","▶고등어 - 루어/ 릴찌/ 장대 ▶감성돔 - 릴찌/ 장대/ 원투▶노래미 - 루어/ 릴찌/ 장대/ 원투 ▶도다리 - 원투▶볼락 - 루어/ 릴찌/ 장대 ▶참돔 - 부력/ 잠수","needs-check","MOF_SHARED_ROCK_FISHING_POINT","https://www.data.go.kr/data/15148580/fileData.do","2026-07-11","783","POINT (1086120.22191958 1645782.64256706)","공식 갯바위낚시포인트 데이터 기반. 갯바위 출입 가능 여부와 안전 통제는 현장 및 공식 안내 확인 필요."
"rock-784","거금도 - 금장 끝바리","rock-fishing-point","전라남도","고흥군","전라남도 고흥군","34.428972","","감성돔|넙치|농어|도다리|볼락|우럭","초들물","1.2m~2.8m","펄","▶감성돔 - 릴찌/ 장대/ 원투 ▶넙치 - 루어/ 원투▶농어 - 루어/ 릴찌 ▶도다리 - 원투▶볼락 - 루어/ 릴찌/ 장대 ▶우럭 - 릴찌/ 원투","needs-check","MOF_SHARED_ROCK_FISHING_POINT","https://www.data.go.kr/data/15148580/fileData.do","2026-07-11","784","POINT (969000.293580075 1603957.81535986)","공식 갯바위낚시포인트 데이터 기반. 갯바위 출입 가능 여부와 안전 통제는 현장 및 공식 안내 확인 필요."
"rock-785","나로도 - 외나로도 나로대교 철탑 부근","rock-fishing-point","전라남도","고흥군","전라남도 고흥군","34.475944","","노래미|도다리|볼락|숭어|우럭|학공치","초들물~만조","1.5m~2.1m","바위","▶노래미 - 루어/ 릴찌/ 장대/ 원투 ▶도다리 - 원투▶볼락 - 루어/ 릴찌/ 장대 ▶숭어 - 릴찌/ 장대/ 훌치기▶우럭 - 릴찌/ 원투 ▶학공치 - 릴찌/ 장대","needs-check","MOF_SHARED_ROCK_FISHING_POINT","https://www.data.go.kr/data/15148580/fileData.do","2026-07-11","785","POINT (996025.8165060281 1609115.63266256)","공식 갯바위낚시포인트 데이터 기반. 갯바위 출입 가능 여부와 안전 통제는 현장 및 공식 안내 확인 필요."
"rock-786","자월도 - 큰굴 부근","rock-fishing-point","인천광역시","옹진군","인천광역시 옹진군","37.263389","","넙치|우럭","들물/ 날물","1m~4m","모래","▶넙치 - 루어/ 원투 ▶우럭 - 릴찌/ 원투","needs-check","MOF_SHARED_ROCK_FISHING_POINT","https://www.data.go.kr/data/15148580/fileData.do","2026-07-11","786","POINT (891684.624376589 1918975.76549493)","공식 갯바위낚시포인트 데이터 기반. 갯바위 출입 가능 여부와 안전 통제는 현장 및 공식 안내 확인 필요."
"rock-787","이작도·승봉도 - 승봉도 촛대바위","rock-fishing-point","인천광역시","옹진군","인천광역시 옹진군","37.161611","","넙치|노래미|농어|우럭","초들물~중들물","1.2m~2.2m","모래/ 조개껍질","▶넙치 - 루어/ 원투 ▶노래미 - 루어/ 릴찌/ 장대/ 원투▶농어 - 루어/ 릴찌 ▶우럭 - 릴찌/ 원투","needs-check","MOF_SHARED_ROCK_FISHING_POINT","https://www.data.go.kr/data/15148580/fileData.do","2026-07-11","787","POINT (895640.743824581 1907632.28995986)","공식 갯바위낚시포인트 데이터 기반. 갯바위 출입 가능 여부와 안전 통제는 현장 및 공식 안내 확인 필요."
"rock-788","백아도·굴업도 - 굴업도 마을 북쪽 갯바위","rock-fishing-point","인천광역시","옹진군","인천광역시 옹진군","37.194389","","넙치|노래미|농어|붕장어|우럭","들물","1.7m~2.5m","가는 모래","▶넙치 - 루어/ 원투 ▶노래미 - 루어/ 릴찌/ 장대/ 원투▶농어 - 루어/ 릴찌 ▶붕장어 - 원투▶우럭 - 릴찌/ 원투","needs-check","MOF_SHARED_ROCK_FISHING_POINT","https://www.data.go.kr/data/15148580/fileData.do","2026-07-11","788","POINT (865227.8112197041 1911701.68820227)","공식 갯바위낚시포인트 데이터 기반. 갯바위 출입 가능 여부와 안전 통제는 현장 및 공식 안내 확인 필요."
"rock-789","입파도·국화도 - 국화도 해수욕장 동측 갯바위","rock-fishing-point","경기도","화성시","경기도 화성시","37.061806","","노래미|도다리|우럭","조금 전·후","1.2m~2.3m","모래","▶노래미 - 루어/ 릴찌/ 장대/ 원투 ▶도다리 - 원투▶우럭 - 루어/ 릴찌","needs-check","MOF_SHARED_ROCK_FISHING_POINT","https://www.data.go.kr/data/15148580/fileData.do","2026-07-11","789","POINT (916315.5994329649 1896327.97923493)","공식 갯바위낚시포인트 데이터 기반. 갯바위 출입 가능 여부와 안전 통제는 현장 및 공식 안내 확인 필요."
"rock-790","선유도·무녀도·장자도·신시도 - 신시도 남단 간출여 부근","rock-fishing-point","전라북도","군산시","전라북도 군산시","35.809972","","넙치|노래미|농어|도다리|우럭","들물 전·후","1.3m~1.8m","모래/ 펄","▶넙치 - 루어/ 원투 ▶노래미 - 루어/ 릴찌/ 장대/ 원투▶농어 - 루어/ 릴찌 ▶도다리 - 원투▶우럭 - 릴찌/ 원투","needs-check","MOF_SHARED_ROCK_FISHING_POINT","https://www.data.go.kr/data/15148580/fileData.do","2026-07-11","790","POINT (905024.859786059 1757566.73422485)","공식 갯바위낚시포인트 데이터 기반. 갯바위 출입 가능 여부와 안전 통제는 현장 및 공식 안내 확인 필요."
"rock-791","말도·방축도 - 방축도 남서쪽 작은 홈통","rock-fishing-point","전라북도","군산시","전라북도 군산시","35.846472","","감성돔|넙치|농어|우럭|부시리|참돔","중들물~만조시","7m~8.6m","모래/ 조개껍질","▶감성돔 - 릴찌/ 장대/ 원투 ▶넙치 - 루어/ 원투▶농어 - 루어/ 릴찌 ▶우럭 - 릴찌/ 원투▶부시리 - 부력/ 잠수/ 지깅 ▶참돔 - 부력/ 잠수","needs-check","MOF_SHARED_ROCK_FISHING_POINT","https://www.data.go.kr/data/15148580/fileData.do","2026-07-11","791","POINT (898205.000981052 1761691.63790543)","공식 갯바위낚시포인트 데이터 기반. 갯바위 출입 가능 여부와 안전 통제는 현장 및 공식 안내 확인 필요."
"rock-792","낭도 부근 - 하화도 해안길","rock-fishing-point","전라남도","여수시","전라남도 여수시","34.592394","","감성돔|붕장어|농어|숭어","조금 전후/ 13~5물","1.8~3.2m","펄","▶ 감성돔 - 릴찌/ 장대/ 원투▶ 붕장어 - 원투▶ 농어 - 루어/ 릴찌▶ 숭어 - 릴찌/ 장대/ 훌치기","needs-check","MOF_SHARED_ROCK_FISHING_POINT","https://www.data.go.kr/data/15148580/fileData.do","2026-07-11","792","POINT (1010536.87455525 1622033.62399558)","공식 갯바위낚시포인트 데이터 기반. 갯바위 출입 가능 여부와 안전 통제는 현장 및 공식 안내 확인 필요."
"rock-793","고이도·매화도·선도·증도 - 삼섬 포인트","rock-fishing-point","전라남도","신안군","전라남도 신안군","34.961528","","감성돔|노래미|광어|숭어|우럭|붕장어|도다리|농어","초들물~중날물","1.6~2.3","펄/ 모래","▶감성돔 - 릴찌/ 장대/ 원투 ▶노래미 - 루어/ 릴찌/ 장대/ 원투 ▶광어 - 릴찌/ 원투 ▶숭어 - 릴찌/ 장대/ 훌치기▶우럭 - 릴찌/ 원투 ▶붕장어 - 원투 ▶도다리 - 원투 ▶농어 - 루어/ 릴찌","needs-check","MOF_SHARED_ROCK_FISHING_POINT","https://www.data.go.kr/data/15148580/fileData.do","2026-07-11","793","POINT (886074.220674749 1663672.60444833)","공식 갯바위낚시포인트 데이터 기반. 갯바위 출입 가능 여부와 안전 통제는 현장 및 공식 안내 확인 필요."
"rock-794","가사도 - 항로표지관리소 밑","rock-fishing-point","전라남도","진도군","전라남도 진도군","34.459472","","감성돔|갑오징어|우럭|농어|볼락|노래미","5물~9물","-0.2~1.8","암","▶감성돔 - 릴찌/ 장대/ 원투▶갑오징어 - 에깅▶우럭 - 릴찌/ 원투▶농어 - 루어/ 릴찌▶볼락 - 릴찌/ 장대/ 루어▶노래미 - 루어/ 릴찌/ 장대/ 원투","needs-check","MOF_SHARED_ROCK_FISHING_POINT","https://www.data.go.kr/data/15148580/fileData.do","2026-07-11","794","POINT (866078.3319742421 1608252.51062774)","공식 갯바위낚시포인트 데이터 기반. 갯바위 출입 가능 여부와 안전 통제는 현장 및 공식 안내 확인 필요."
"rock-795","노화도·보길도·소안도 - 보길도 예송리해수욕장 곶부리","rock-fishing-point","전라남도","완도군","전라남도 완도군","34.145083","","감성돔|고등어|노래미|농어|숭어|학공치","사리 전·후","3.6m~4.2m","펄/ 모래","▶감성돔 - 릴찌/ 장대/ 원투 ▶고등어 - 루어/ 릴찌▶노래미 - 루어/ 릴찌/ 장대/ 원투 ▶농어 - 루어/ 릴찌▶숭어 - 릴찌/ 장대/ 훌치기 ▶학공치 - 릴찌/ 장대","needs-check","MOF_SHARED_ROCK_FISHING_POINT","https://www.data.go.kr/data/15148580/fileData.do","2026-07-11","795","POINT (914768.470759745 1572813.67975983)","공식 갯바위낚시포인트 데이터 기반. 갯바위 출입 가능 여부와 안전 통제는 현장 및 공식 안내 확인 필요."
"rock-796","영흥도·선재도·대부도·구봉도 - 영흥도 진여","rock-fishing-point","인천광역시","옹진군","인천광역시 옹진군","37.287306","","넙치|농어|삼치|우럭","들물","1.5m~2.3m","펄/ 모래","▶넙치 - 루어/ 원투 ▶농어 - 루어/ 릴찌▶삼치 - 루어/ 릴찌 ▶우럭 - 루어/ 릴찌","needs-check","MOF_SHARED_ROCK_FISHING_POINT","https://www.data.go.kr/data/15148580/fileData.do","2026-07-11","796","POINT (908758.3958348021 1921426.41211634)","공식 갯바위낚시포인트 데이터 기반. 갯바위 출입 가능 여부와 안전 통제는 현장 및 공식 안내 확인 필요."
"rock-797","어청도·연도 - 어청도 세미치말 부근","rock-fishing-point","전라북도","군산시","전라북도 군산시","36.110556","","감성돔|넙치|농어|돌돔|방어|우럭","들물/ 날물","4.4m~6.2m","펄","▶감성돔 - 릴찌/ 장대/ 원투 ▶넙치 - 루어/ 원투▶농어 - 루어/ 릴찌 ▶돌돔 - 릴찌/ 장대/ 원투▶방어 - 부력/ 잠수/ 지깅 ▶우럭 - 릴찌/ 원투","needs-check","MOF_SHARED_ROCK_FISHING_POINT","https://www.data.go.kr/data/15148580/fileData.do","2026-07-11","797","POINT (864240.167127318 1791449.07436742)","공식 갯바위낚시포인트 데이터 기반. 갯바위 출입 가능 여부와 안전 통제는 현장 및 공식 안내 확인 필요."
"rock-798","사량도 - 상사량도 진촌항 수협 앞 선창","rock-fishing-point","경상남도","통영시","경상남도 통영시","34.843528","","감성돔|농어|노래미|우럭","13물~6물","7.2m~10.1m","자갈/ 조개껍질","▶감성돔 - 릴찌/ 장대/ 원투 ▶농어 - 루어/ 릴찌▶노래미 - 루어/ 릴찌/ 장대/ 원투 ▶우럭 - 릴찌/ 원투","needs-check","MOF_SHARED_ROCK_FISHING_POINT","https://www.data.go.kr/data/15148580/fileData.do","2026-07-11","798","POINT (1066281.21888892 1650115.68249616)","공식 갯바위낚시포인트 데이터 기반. 갯바위 출입 가능 여부와 안전 통제는 현장 및 공식 안내 확인 필요."
"rock-799","문갑도·선갑도 - 문갑도 문갑해수욕장 갯바위","rock-fishing-point","인천광역시","옹진군","인천광역시 옹진군","37.177056","","넙치|노래미|농어|우럭","사리 전·후","1.3m~2m","펄/ 모래","▶넙치 - 루어/ 원투 ▶노래미 - 루어/ 릴찌/ 장대/ 원투 ▶농어 - 루어/ 릴찌 ▶우럭 - 릴찌/ 원투","needs-check","MOF_SHARED_ROCK_FISHING_POINT","https://www.data.go.kr/data/15148580/fileData.do","2026-07-11","799","POINT (876634.457593073 1909603.15809264)","공식 갯바위낚시포인트 데이터 기반. 갯바위 출입 가능 여부와 안전 통제는 현장 및 공식 안내 확인 필요."
"rock-800","여서도·거문도 - 거문도 산굴산 부근 갯바위","rock-fishing-point","전라남도","여수시","전라남도 여수시","34.048500","","감성돔|돌돔|볼락|참돔","들물/ 날물 전·후","15.1m~16.3m","자갈/ 조개껍질","▶감성돔 - 릴찌/ 장대/ 원투 ▶돌돔 - 릴찌/ 장대/ 원투▶볼락 - 루어/ 릴찌/ 장대 ▶참돔 - 부력/ 잠수","needs-check","MOF_SHARED_ROCK_FISHING_POINT","https://www.data.go.kr/data/15148580/fileData.do","2026-07-11","800","POINT (984089.303116131 1561731.96430095)","공식 갯바위낚시포인트 데이터 기반. 갯바위 출입 가능 여부와 안전 통제는 현장 및 공식 안내 확인 필요."
"rock-801","신지도 - 노랑바위 부근","rock-fishing-point","전라남도","완도군","전라남도 완도군","34.323389","","감성돔|갑오징어|볼락|우럭|참돔|학공치","사리 전·후","2.3m~3.8m","모래/ 조개껍질","▶감성돔 - 릴찌/ 장대/ 원투 ▶갑오징어 - 에깅▶볼락 - 루어/ 릴찌/ 장대 ▶우럭 - 릴찌/ 원투▶참돔 - 부력/ 잠수 ▶학공치 - 릴찌/ 장대","needs-check","MOF_SHARED_ROCK_FISHING_POINT","https://www.data.go.kr/data/15148580/fileData.do","2026-07-11","801","POINT (934336.9403099541 1592429.24472151)","공식 갯바위낚시포인트 데이터 기반. 갯바위 출입 가능 여부와 안전 통제는 현장 및 공식 안내 확인 필요."
"rock-802","연화도 부근 - 구멍섬 갯바위","rock-fishing-point","경상남도","통영시","경상남도 통영시","34.664429","","참돔|감성돔|볼락|벵에돔|농어","초들물/ 초날물/ 5물~6물/ 조금","2.9~7.1m","암","▶ 참돔 - 부력/ 잠수▶ 감성돔 - 릴찌/ 장대/ 원투▶ 볼락 - 릴찌/ 장대/ 루어▶ 벵에돔 - 목줄/ 장대/ 부력/ 잠수▶ 농어 - 루어/ 릴찌","needs-check","MOF_SHARED_ROCK_FISHING_POINT","https://www.data.go.kr/data/15148580/fileData.do","2026-07-11","802","POINT (1076887.67717863 1630335.80760301)","공식 갯바위낚시포인트 데이터 기반. 갯바위 출입 가능 여부와 안전 통제는 현장 및 공식 안내 확인 필요."
"rock-803","말도·방축도 - 방축도 남서쪽 큰 홈통","rock-fishing-point","전라북도","군산시","전라북도 군산시","35.846139","","감성돔|넙치|농어|우럭|부시리|참돔","중들물~만조시","8.3m~10m","가는 모래","▶감성돔 - 릴찌/ 장대/ 원투 ▶넙치 - 루어/ 원투▶농어 - 루어/ 릴찌 ▶우럭 - 릴찌/ 원투▶부시리 - 부력/ 잠수/ 지깅 ▶참돔 - 부력/ 잠수","needs-check","MOF_SHARED_ROCK_FISHING_POINT","https://www.data.go.kr/data/15148580/fileData.do","2026-07-11","803","POINT (897795.678706404 1761659.38656628)","공식 갯바위낚시포인트 데이터 기반. 갯바위 출입 가능 여부와 안전 통제는 현장 및 공식 안내 확인 필요."
"rock-804","사량도 - 상사량도 술미도","rock-fishing-point","경상남도","통영시","경상남도 통영시","34.859056","","감성돔|갑오징어|볼락|붕장어|우럭","13물~6물","8m~10m","펄","▶감성돔 - 릴찌/ 장대/ 원투 ▶갑오징어 - 에깅▶볼락 - 루어/ 릴찌/ 장대 ▶붕장어 - 원투 ▶우럭 - 릴찌/ 원투","needs-check","MOF_SHARED_ROCK_FISHING_POINT","https://www.data.go.kr/data/15148580/fileData.do","2026-07-11","804","POINT (1064562.44696036 1651825.47834348)","공식 갯바위낚시포인트 데이터 기반. 갯바위 출입 가능 여부와 안전 통제는 현장 및 공식 안내 확인 필요."
"rock-805","거금도 - 주이정(주름목) 부근 갯바위","rock-fishing-point","전라남도","고흥군","전라남도 고흥군","34.474167","","감성돔|농어|노래미|우럭|볼락|학공치","날물","6m~10m","펄","▶감성돔 - 릴찌/ 장대/ 원투 ▶농어 - 루어/ 릴찌▶노래미 - 루어/ 릴찌/ 장대/ 원투▶우럭 - 릴찌/ 원투▶볼락 - 루어/ 릴찌/ 장대 ▶학공치 - 릴찌/ 장대","needs-check","MOF_SHARED_ROCK_FISHING_POINT","https://www.data.go.kr/data/15148580/fileData.do","2026-07-11","805","POINT (975868.675530737 1608948.975036)","공식 갯바위낚시포인트 데이터 기반. 갯바위 출입 가능 여부와 안전 통제는 현장 및 공식 안내 확인 필요."
"rock-806","화원 부근 - 증도리회관 동측","rock-fishing-point","전라남도","해남군","전라남도 해남군","34.636003","","감성돔|붕장어|농어","조금 전후/ 초들물~중날물","-0.1~0.6m","펄","▶ 감성돔 - 릴찌/ 장대/ 원투▶ 붕장어 - 원투▶ 농어 - 루어/ 릴찌","needs-check","MOF_SHARED_ROCK_FISHING_POINT","https://www.data.go.kr/data/15148580/fileData.do","2026-07-11","806","POINT (888961.2969486341 1627530.67020415)","공식 갯바위낚시포인트 데이터 기반. 갯바위 출입 가능 여부와 안전 통제는 현장 및 공식 안내 확인 필요."
"rock-807","순천만 부근 - 대여자도 하단","rock-fishing-point","전라남도","여수시","전라남도 여수시","34.755346","","붕장어|망둑어|짱뚱어|숭어","초들물","1.2~1.8m","펄","▶ 붕장어 - 원투▶ 망둑어 - 원투▶ 짱뚱어 - 훌치기▶ 숭어 - 릴찌/ 장대/ 훌치기","needs-check","MOF_SHARED_ROCK_FISHING_POINT","https://www.data.go.kr/data/15148580/fileData.do","2026-07-11","807","POINT (1000412.10717431 1640097.41483409)","공식 갯바위낚시포인트 데이터 기반. 갯바위 출입 가능 여부와 안전 통제는 현장 및 공식 안내 확인 필요."
"rock-808","칠천도·가조도 - 창촌마을 북쪽 끝 선창","rock-fishing-point","경상남도","거제시","경상남도 거제시","34.962250","","감성돔|노래미|갑오징어|도다리|볼락","초들물~중날물","1.2~2.7","펄","▶감성돔 - 릴찌/ 장대/ 원투 ▶노래미 - 루어/ 릴찌/ 장대/ 원투 ▶갑오징어 - 에깅▶도다리 - 원투 ▶볼락 - 릴찌/ 장대/ 루어","needs-check","MOF_SHARED_ROCK_FISHING_POINT","https://www.data.go.kr/data/15148580/fileData.do","2026-07-11","808","POINT (1092520.07154301 1663510.62656319)","공식 갯바위낚시포인트 데이터 기반. 갯바위 출입 가능 여부와 안전 통제는 현장 및 공식 안내 확인 필요."
"rock-809","금일도·생일도 - 도지항","rock-fishing-point","전라남도","완도군","전라남도 완도군","34.368833","","감성돔|도다리|우럭|참돔|노래미|볼락","초들물~중날물","0.9~2.0","암","▶감성돔 - 릴찌/ 장대/ 원투▶도다리 - 원투▶우럭 - 릴찌/ 원투▶참돔 - 부력/ 잠수▶노래미 - 루어/ 릴찌/ 장대/ 원투▶볼락 - 릴찌/ 장대/ 루어","needs-check","MOF_SHARED_ROCK_FISHING_POINT","https://www.data.go.kr/data/15148580/fileData.do","2026-07-11","809","POINT (954976.519263987 1597346.30658469)","공식 갯바위낚시포인트 데이터 기반. 갯바위 출입 가능 여부와 안전 통제는 현장 및 공식 안내 확인 필요."
"rock-810","추자도 - 신양리 해안 갯바위","rock-fishing-point","제주특별자치도","제주시","제주특별자치도 제주시","33.935167","","감성돔|돌돔|자리돔|농어|볼락|참돔","들물/썰물","1.8~2.0","모래/ 조개껍질","▶감성돔 - 릴찌/ 장대/ 원투▶돌돔 - 민장대/ 릴찌/ 원투▶자리돔 - 장대/ 카드▶농어 - 루어/ 릴찌▶볼락 - 루어/ 릴찌/ 장대▶참돔 - 부력/ 잠수","needs-check","MOF_SHARED_ROCK_FISHING_POINT","https://www.data.go.kr/data/15148580/fileData.do","2026-07-11","810","POINT (891693.5830151781 1549770.78615696)","공식 갯바위낚시포인트 데이터 기반. 갯바위 출입 가능 여부와 안전 통제는 현장 및 공식 안내 확인 필요."
"rock-811","연화도 부근 - 연화도 반하도 골창","rock-fishing-point","경상남도","통영시","경상남도 통영시","34.651817","","참돔|감성돔|볼락|벵에돔|농어","초들물/ 초날물/ 5물~6물/ 조금","4.4~13.3m","암","▶ 참돔 - 부력/ 잠수▶ 감성돔 - 릴찌/ 장대/ 원투▶ 볼락 - 릴찌/ 장대/ 루어▶ 벵에돔 - 목줄/ 장대/ 부력/ 잠수▶ 농어 - 루어/ 릴찌","needs-check","MOF_SHARED_ROCK_FISHING_POINT","https://www.data.go.kr/data/15148580/fileData.do","2026-07-11","811","POINT (1078203.06286771 1628948.13446462)","공식 갯바위낚시포인트 데이터 기반. 갯바위 출입 가능 여부와 안전 통제는 현장 및 공식 안내 확인 필요."
"rock-812","이작도·승봉도 - 소이작도 손가락 바위 부근","rock-fishing-point","인천광역시","옹진군","인천광역시 옹진군","37.183056","","노래미|우럭","조금 전·후","1.2m~1.7m","펄/ 모래","▶노래미 - 루어/ 릴찌/ 장대/ 원투 ▶우럭 - 릴찌/ 원투","needs-check","MOF_SHARED_ROCK_FISHING_POINT","https://www.data.go.kr/data/15148580/fileData.do","2026-07-11","812","POINT (888987.997183739 1910096.90959949)","공식 갯바위낚시포인트 데이터 기반. 갯바위 출입 가능 여부와 안전 통제는 현장 및 공식 안내 확인 필요."
"rock-886","순천만 부근 - 교량낚시터","rock-fishing-point","전라남도","여수시","전라남도 여수시","34.757319","","붕장어|망둑어|짱뚱어|숭어","초들물","0.4~1.2m","펄","▶ 붕장어 - 원투▶ 망둑어 - 원투▶ 짱뚱어 - 훌치기▶ 숭어 - 릴찌/ 장대/ 훌치기","needs-check","MOF_SHARED_ROCK_FISHING_POINT","https://www.data.go.kr/data/15148580/fileData.do","2026-07-11","886","POINT (1000620.17781158 1640316.16047846)","공식 갯바위낚시포인트 데이터 기반. 갯바위 출입 가능 여부와 안전 통제는 현장 및 공식 안내 확인 필요."
"rock-813","안면도 남 부 - 운여 해변 남측 갯바위","rock-fishing-point","충청남도","태안군","충청남도 태안군","36.425528","","우럭|노래미|학공치|광어|숭어|도다리","중들물~중날물","0.4~0.9","모래/ 펄","▶우럭 - 릴찌/ 원투▶노래미 - 루어/ 릴찌/ 장대/ 원투▶학공치 - 릴찌/ 장대▶광어 - 릴찌/ 원투▶숭어 - 릴찌/ 장대/ 홀치기▶도다리 - 원투","needs-check","MOF_SHARED_ROCK_FISHING_POINT","https://www.data.go.kr/data/15148580/fileData.do","2026-07-11","813","POINT (897042.82679364 1825945.14222414)","공식 갯바위낚시포인트 데이터 기반. 갯바위 출입 가능 여부와 안전 통제는 현장 및 공식 안내 확인 필요."
"rock-814","황제도 - 장도 홈통","rock-fishing-point","전라남도","완도군","전라남도 완도군","34.203525","","감성돔|참돔|돌돔|농어|광어|볼락","11~13물","20~22m","암","▶ 감성돔 - 릴찌/ 장대/ 원투▶ 참돔 - 부력/ 잠수▶ 돌돔 - 릴찌/ 장대/ 원투▶ 농어 - 루어/ 릴찌▶ 광어 - 릴찌/ 원투▶ 볼락 - 릴찌/ 장대/ 루어","needs-check","MOF_SHARED_ROCK_FISHING_POINT","https://www.data.go.kr/data/15148580/fileData.do","2026-07-11","814","POINT (968383.2681087711 1578961.03908384)","공식 갯바위낚시포인트 데이터 기반. 갯바위 출입 가능 여부와 안전 통제는 현장 및 공식 안내 확인 필요."
"rock-815","제주도 서부·차귀도·비양도 - 영락리 장원수산 앞 갯바위","rock-fishing-point","제주특별자치도","서귀포시","제주특별자치도 서귀포시","33.242056","","감성돔|벤자리|삼치|방어|벵에돔|한치","들물/썰물","5.9~8.2","모래/ 조개껍질","▶감성돔 - 릴찌/ 장대/ 원투▶벤자리 - 릴찌/ 민장대▶삼치 - 루어/ 릴찌▶방어 - 부력/ 잠수/ 지깅▶벵에돔 - 목줄/ 장대/ 부력/ 잠수▶한치 - 루어/ 원투","needs-check","MOF_SHARED_ROCK_FISHING_POINT","https://www.data.go.kr/data/15148580/fileData.do","2026-07-11","815","POINT (880008.5484316781 1473046.13128949)","공식 갯바위낚시포인트 데이터 기반. 갯바위 출입 가능 여부와 안전 통제는 현장 및 공식 안내 확인 필요."
"rock-816","자란만 부근 - .솔섬 맞은편","rock-fishing-point","경상남도","고성군","경상남도 고성군","34.937289","","갑오징어|감성돔|노래미|벵에돔|참돔|볼락|농어|붕장어|우럭","13물~6물","0.1~4.8m","펄","▶ 갑오징어 - 에깅▶ 감성돔 - 릴찌/ 장대/ 원투▶ 노래미 - 루어/ 릴찌/ 장대/ 원투▶ 벵에돔 - 목줄/ 장대/ 부력/ 잠수▶ 참돔 - 부력/ 잠수▶ 볼락 - 릴찌/ 장대/ 루어▶ 농어 - 루어/ 릴찌▶ 붕장어 - 원투▶ 우럭 - 릴찌/ 원투","needs-check","MOF_SHARED_ROCK_FISHING_POINT","https://www.data.go.kr/data/15148580/fileData.do","2026-07-11","816","POINT (1069001.48214971 1660534.22114519)","공식 갯바위낚시포인트 데이터 기반. 갯바위 출입 가능 여부와 안전 통제는 현장 및 공식 안내 확인 필요."
"rock-817","대삼부도 - 동측 갯바위","rock-fishing-point","전라남도","여수시","전라남도 여수시","34.057202","","벵에돔|참돔|돌돔|감성돔|농어","10물~13물","0.4~5.1m","암","▶ 벵에돔 - 목줄/ 장대/ 부력/ 잠수▶ 참돔 - 부력/ 잠수▶ 돌돔 - 릴찌/ 장대/ 원투▶ 감성돔 - 릴찌/ 장대/ 원투▶ 농어 - 루어/ 릴찌","needs-check","MOF_SHARED_ROCK_FISHING_POINT","https://www.data.go.kr/data/15148580/fileData.do","2026-07-11","817","POINT (990613.6560795361 1562688.06065548)","공식 갯바위낚시포인트 데이터 기반. 갯바위 출입 가능 여부와 안전 통제는 현장 및 공식 안내 확인 필요."
"rock-818","고이도·매화도·선도·증도 - 버지 선창","rock-fishing-point","전라남도","신안군","전라남도 신안군","35.023889","","감성돔|노래미|광어|숭어|우럭|붕장어|도다리|농어","초들물~중날물","0~0.3","펄","▶감성돔 - 릴찌/ 장대/ 원투 ▶노래미 - 루어/ 릴찌/ 장대/ 원투 ▶광어 - 릴찌/ 원투 ▶숭어 - 릴찌/ 장대/ 훌치기▶우럭 - 릴찌/ 원투 ▶붕장어 - 원투 ▶도다리 - 원투 ▶농어 - 루어/ 릴찌","needs-check","MOF_SHARED_ROCK_FISHING_POINT","https://www.data.go.kr/data/15148580/fileData.do","2026-07-11","818","POINT (874538.498865451 1670741.48534156)","공식 갯바위낚시포인트 데이터 기반. 갯바위 출입 가능 여부와 안전 통제는 현장 및 공식 안내 확인 필요."
"rock-819","가의도 - 코끼리 바위 남측 갯바위","rock-fishing-point","충청남도","태안군","충청남도 태안군","36.680667","","우럭|노래미|고등어|광어|주꾸미|학공치","상관없음","1.8~2.0","암","▶우럭 - 릴찌/ 원투▶노래미 - 루어/ 릴찌/ 장대/ 원투▶고등어 - 루어/ 릴찌/ 장대▶광어 - 릴찌/ 원투▶주꾸미 - 릴찌/ 원투/ 장대▶학공치 - 릴찌/ 장대","needs-check","MOF_SHARED_ROCK_FISHING_POINT","https://www.data.go.kr/data/15148580/fileData.do","2026-07-11","819","POINT (873786.5520743451 1854563.12152464)","공식 갯바위낚시포인트 데이터 기반. 갯바위 출입 가능 여부와 안전 통제는 현장 및 공식 안내 확인 필요."
"rock-820","고흥호 부근 - 장재도 남측해안","rock-fishing-point","전라남도","장흥군","전라남도 장흥군","34.612604","","감성돔|농어|도다리|숭어|붕장어|학공치","들물","0.9~1m","펄","▶ 감성돔 - 릴찌/ 장대/ 원투▶ 농어 - 루어/ 릴찌▶ 도다리 - 원투▶ 숭어 - 릴찌/ 장대/ 훌치기▶ 붕장어 - 원투▶ 학공치 - 릴찌/ 장대","needs-check","MOF_SHARED_ROCK_FISHING_POINT","https://www.data.go.kr/data/15148580/fileData.do","2026-07-11","820","POINT (955231.137861773 1624376.99627234)","공식 갯바위낚시포인트 데이터 기반. 갯바위 출입 가능 여부와 안전 통제는 현장 및 공식 안내 확인 필요."
"rock-821","임자도·사옥도 - 임자도 남서측 곶부리","rock-fishing-point","전라남도","신안군","전라남도 신안군","35.056944","","감성돔|노래미|민어|붕장어|우럭|광어|농어|백조기|숭어","초들물~중날물","0.8~2.9","모래","▶감성돔 - 릴찌/ 장대/ 원투▶노래미 - 루어/ 릴찌/ 장대/ 원투▶민어 - 루어/ 릴찌▶붕장어 - 원투▶우럭 - 릴찌/ 원투▶광어 - 릴찌/ 원투▶농어 - 루어/ 릴찌▶백조기 - 릴찌/ 원투▶숭어 - 릴찌/ 장대/ 훌치기","needs-check","MOF_SHARED_ROCK_FISHING_POINT","https://www.data.go.kr/data/15148580/fileData.do","2026-07-11","821","POINT (868511.7080038951 1674493.44232489)","공식 갯바위낚시포인트 데이터 기반. 갯바위 출입 가능 여부와 안전 통제는 현장 및 공식 안내 확인 필요."
"rock-822","풍도·난지도 - 풍도 북동측 돌출부","rock-fishing-point","경기도","안산시","경기도 안산시","37.115694","","넙치|노래미|농어|붕장어|우럭","사리 전·후","1.5m~2.6m","펄/ 자갈","▶넙치 - 루어/ 원투 ▶노래미 - 루어/ 릴찌/ 장대/ 원투▶농어 - 루어/ 릴찌 ▶붕장어 - 원투▶우럭 - 릴찌/ 원투","needs-check","MOF_SHARED_ROCK_FISHING_POINT","https://www.data.go.kr/data/15148580/fileData.do","2026-07-11","822","POINT (901389.6508452591 1902468.23982464)","공식 갯바위낚시포인트 데이터 기반. 갯바위 출입 가능 여부와 안전 통제는 현장 및 공식 안내 확인 필요."
"rock-823","가거도 - 대리취","rock-fishing-point","전라남도","신안군","전라남도 신안군","34.070361","","감성돔|노래미|참돔|농어|볼락|우럭|돌돔","초들물~중날물","9.6~13.3","암","▶감성돔 - 릴찌/ 장대/ 원투▶노래미 - 루어/ 릴찌/ 장대/ 원투▶참돔 - 장대/ 원투/ 릴찌▶농어 - 루어/ 장대/ 원투▶볼락 - 릴찌/ 장대/ 루어▶우럭 - 루어/ 릴찌/ 장대/ 원투▶돌돔 - 처박기/ 장대/ 원투/ 릴찌","needs-check","MOF_SHARED_ROCK_FISHING_POINT","https://www.data.go.kr/data/15148580/fileData.do","2026-07-11","823","POINT (778028.958139903 1566753.63011761)","공식 갯바위낚시포인트 데이터 기반. 갯바위 출입 가능 여부와 안전 통제는 현장 및 공식 안내 확인 필요."
"rock-824","금당도 - 송아지목","rock-fishing-point","전라남도","완도군","전라남도 완도군","34.421139","","감성돔|볼락|노래미|농어|도다리|학공치","초들물~중날물","1.3~4.5","암","▶감성돔 - 릴찌/ 장대/ 원투▶볼락 - 릴찌/ 장대/ 루어▶노래미 - 루어/ 릴찌/ 장대/ 원투▶농어 - 루어/ 릴찌▶도다리 - 원투▶학공치 - 릴찌/ 장대","needs-check","MOF_SHARED_ROCK_FISHING_POINT","https://www.data.go.kr/data/15148580/fileData.do","2026-07-11","824","POINT (957171.617650596 1603136.07739072)","공식 갯바위낚시포인트 데이터 기반. 갯바위 출입 가능 여부와 안전 통제는 현장 및 공식 안내 확인 필요."
"rock-825","상조도·하조도·관매도 - 흑여(낚시배)","rock-fishing-point","전라남도","진도군","전라남도 진도군","34.302000","","감성돔|참돔|노래미|돌돔|도다리|우럭","초들물~중날물","1.9~5.1","암","▶감성돔 - 릴찌/ 장대/ 원투 ▶참돔 - 부력/ 잠수 ▶노래미 - 루어/ 릴찌/ 장대/ 원투▶돌돔 - 원투/ 민장대/ 릴찌 ▶도다리 - 원투 ▶우럭 - 릴찌/ 원투","needs-check","MOF_SHARED_ROCK_FISHING_POINT","https://www.data.go.kr/data/15148580/fileData.do","2026-07-11","825","POINT (870873.665111819 1590718.12884834)","공식 갯바위낚시포인트 데이터 기반. 갯바위 출입 가능 여부와 안전 통제는 현장 및 공식 안내 확인 필요."
"rock-826","비금도·도초도 - 도초도 지남리 남쪽 곶부리","rock-fishing-point","전라남도","신안군","전라남도 신안군","34.669833","","감성돔|농어|돌돔|볼락|붕장어|참돔","초들물~중들물","1.9m~3.4m","펄/ 조개껍질","▶ 감성돔 - 릴찌/ 장대/ 원투 ▶ 농어 - 루어/ 릴찌 ▶ 돌돔 - 릴찌/ 장대/ 원투▶ 볼락 - 루어/ 릴찌/ 장대 ▶ 붕장어 - 원투 ▶ 참돔 - 부력/ 잠수","needs-check","MOF_SHARED_ROCK_FISHING_POINT","https://www.data.go.kr/data/15148580/fileData.do","2026-07-11","826","POINT (855679.462445607 1631743.4896658)","공식 갯바위낚시포인트 데이터 기반. 갯바위 출입 가능 여부와 안전 통제는 현장 및 공식 안내 확인 필요."
"rock-827","노화도·보길도·소안도 - 소안도 탁구진 부근 갯바위","rock-fishing-point","전라남도","완도군","전라남도 완도군","34.140806","","감성돔|돌돔|농어|벵에돔|우럭|참돔","사리 전·후","4.9m~5.5m","펄","▶감성돔 - 릴찌/ 장대/ 원투 ▶돌돔 - 릴찌/ 장대/ 원투▶농어 - 루어/ 릴찌 ▶벵에돔 - 목줄/ 장대/ 부력/ 잠수▶우럭 - 릴찌/ 원투 ▶ 참돔 - 부력/ 잠수","needs-check","MOF_SHARED_ROCK_FISHING_POINT","https://www.data.go.kr/data/15148580/fileData.do","2026-07-11","827","POINT (924419.474730112 1572256.8447652)","공식 갯바위낚시포인트 데이터 기반. 갯바위 출입 가능 여부와 안전 통제는 현장 및 공식 안내 확인 필요."
"rock-828","여서도·거문도 - 거문도 대린포 갯바위","rock-fishing-point","전라남도","여수시","전라남도 여수시","34.058472","","감성돔|돌돔|농어|벵에돔|볼락|참돔","들물/ 날물 전·후","5m~6.2m","자갈/ 모래","▶감성돔 - 릴찌/ 장대/ 원투 ▶돌돔 - 릴찌/ 장대/ 원투▶농어 - 루어/ 릴찌 ▶벵에돔 - 목줄/ 장대/ 부력/ 잠수▶볼락 - 루어/ 릴찌/ 장대 ▶참돔 - 부력/ 잠수","needs-check","MOF_SHARED_ROCK_FISHING_POINT","https://www.data.go.kr/data/15148580/fileData.do","2026-07-11","828","POINT (983006.821074972 1562839.56521222)","공식 갯바위낚시포인트 데이터 기반. 갯바위 출입 가능 여부와 안전 통제는 현장 및 공식 안내 확인 필요."
"rock-829","두미도 - 물내려오는곳","rock-fishing-point","경상남도","통영시","경상남도 통영시","34.691694","","감성돔|벵에돔|노래미|참돔|농어|볼락","상관없음","2.0~3.8","펄","▶감성돔 - 릴찌/ 장대/ 원투▶벵에돔 - 목줄/ 장대/ 부력/ 잠수▶노래미 - 루어/ 릴찌/ 장대/ 원투▶참돔 - 부력/ 잠수▶농어 - 루어/ 릴찌▶볼락 - 릴찌/ 장대/ 루어","needs-check","MOF_SHARED_ROCK_FISHING_POINT","https://www.data.go.kr/data/15148580/fileData.do","2026-07-11","829","POINT (1062990.79970801 1633254.1703158)","공식 갯바위낚시포인트 데이터 기반. 갯바위 출입 가능 여부와 안전 통제는 현장 및 공식 안내 확인 필요."
"rock-830","상조도·하조도·관매도 - 관매도 해수욕장 갯바위","rock-fishing-point","전라남도","진도군","전라남도 진도군","34.252528","","감성돔|돌돔|참돔|도다리|노래미|우럭","초들물~중날물","2.7~5.0","암","▶감성돔 - 릴찌/ 장대/ 원투 ▶돌돔 - 원투/ 민장대/ 릴찌▶참돔 - 부력/ 잠수 ▶도다리 - 원투▶노래미 - 루어/ 릴찌/ 장대/ 원투 ▶우럭 - 릴찌/ 원투","needs-check","MOF_SHARED_ROCK_FISHING_POINT","https://www.data.go.kr/data/15148580/fileData.do","2026-07-11","830","POINT (866370.256222154 1585293.98377225)","공식 갯바위낚시포인트 데이터 기반. 갯바위 출입 가능 여부와 안전 통제는 현장 및 공식 안내 확인 필요."
"rock-831","연평도 - 감마금뿌리","rock-fishing-point","인천광역시","옹진군","인천광역시 옹진군","37.605167","","광어|우럭|숭어|간재미|농어|노래미","12물~4물","1.5~2.0","암","▶광어 - 릴찌/ 원투▶우럭 - 릴찌/ 원투▶숭어 - 릴찌/ 장대/ 홀치기▶간재미 - 원투▶농어 - 루어/ 릴찌▶노래미 - 루어/ 릴찌/ 장대/ 원투","needs-check","MOF_SHARED_ROCK_FISHING_POINT","https://www.data.go.kr/data/15148580/fileData.do","2026-07-11","831","POINT (841690.791186733 1957706.10694728)","공식 갯바위낚시포인트 데이터 기반. 갯바위 출입 가능 여부와 안전 통제는 현장 및 공식 안내 확인 필요."
"rock-832","추도 부근 - 물선치","rock-fishing-point","경상남도","통영시","경상남도 통영시","34.747758","","볼락|우럭|주꾸미|광어|감성돔|벵에돔|참돔","6물~8물","4.3~4.5m","암","▶ 볼락 - 릴찌/ 장대/ 루어▶ 우럭 - 릴찌/ 원투▶ 주꾸미 - 릴찌/ 원투▶ 광어 - 릴찌/ 원투▶ 감성돔 - 릴찌/ 장대/ 원투▶ 벵에돔 - 목줄/ 장대/ 부력/ 잠수▶ 참돔 - 부력/ 잠수","needs-check","MOF_SHARED_ROCK_FISHING_POINT","https://www.data.go.kr/data/15148580/fileData.do","2026-07-11","832","POINT (1072549.65517693 1639541.98328436)","공식 갯바위낚시포인트 데이터 기반. 갯바위 출입 가능 여부와 안전 통제는 현장 및 공식 안내 확인 필요."
"rock-833","금오도·안도 - 안도 칼바위","rock-fishing-point","전라남도","여수시","전라남도 여수시","34.484472","","감성돔|무늬오징어|부시리|벵에돔|볼락|참돔","9물~13물/ 날물 전·후","4.7m~5.2m","펄","▶감성돔 - 릴찌/ 장대/ 원투 ▶무늬오징어 - 릴찌/ 에깅 ▶부시리 - 부력/ 잠수/ 지깅▶벵에돔 - 목줄/ 장대/ 부력/ 잠수 ▶볼락 - 루어/ 릴찌/ 장대 ▶참돔 - 부력/ 잠수","needs-check","MOF_SHARED_ROCK_FISHING_POINT","https://www.data.go.kr/data/15148580/fileData.do","2026-07-11","833","POINT (1029839.09092953 1610108.31194982)","공식 갯바위낚시포인트 데이터 기반. 갯바위 출입 가능 여부와 안전 통제는 현장 및 공식 안내 확인 필요."
"rock-834","가거도 - 물등개 갯바위","rock-fishing-point","전라남도","신안군","전라남도 신안군","34.058556","","감성돔|노래미|참돔|농어|볼락|우럭|돌돔|부시리","초들물~중날물","4.0~5.0","암","▶감성돔 - 릴찌/ 장대/ 원투 ▶노래미 - 루어/ 릴찌/ 장대/ 원투 ▶참돔 - 릴찌 ▶농어 - 루어▶볼락 - 릴찌/ 장대/ 루어 ▶우럭 - 루어/ 릴찌/ 장대/ 원투 ▶돌돔 - 릴찌 ▶부시리 - 루어","needs-check","MOF_SHARED_ROCK_FISHING_POINT","https://www.data.go.kr/data/15148580/fileData.do","2026-07-11","834","POINT (782065.106584284 1565349.4082742)","공식 갯바위낚시포인트 데이터 기반. 갯바위 출입 가능 여부와 안전 통제는 현장 및 공식 안내 확인 필요."
"rock-835","이작도·승봉도 - 승봉도 동양콘도 앞","rock-fishing-point","인천광역시","옹진군","인천광역시 옹진군","37.174000","","넙치|노래미|농어|우럭","초들물~중들물","1.3m~1.6m","모래/ 펄/ 조개껍질","▶넙치 - 루어/ 원투 ▶노래미 - 루어/ 릴찌/ 장대/ 원투▶농어 - 루어/ 릴찌 ▶우럭 - 릴찌/ 원투","needs-check","MOF_SHARED_ROCK_FISHING_POINT","https://www.data.go.kr/data/15148580/fileData.do","2026-07-11","835","POINT (892678.77665009 1909044.20577598)","공식 갯바위낚시포인트 데이터 기반. 갯바위 출입 가능 여부와 안전 통제는 현장 및 공식 안내 확인 필요."
"rock-836","신지도 - 동고리 남쪽 갯바위","rock-fishing-point","전라남도","완도군","전라남도 완도군","34.330528","","감성돔|농어|숭어|볼락|우럭|참돔","사리 전·후","1.5m~3m","펄","▶감성돔 - 릴찌/ 장대/ 원투 ▶농어 - 루어/ 릴찌 ▶숭어 - 릴찌/ 장대/ 훌치기 ▶볼락 - 루어/ 릴찌/ 장대 ▶우럭 - 릴찌/ 원투 ▶참돔 - 부력/ 잠수","needs-check","MOF_SHARED_ROCK_FISHING_POINT","https://www.data.go.kr/data/15148580/fileData.do","2026-07-11","836","POINT (944231.5191621371 1593156.60933852)","공식 갯바위낚시포인트 데이터 기반. 갯바위 출입 가능 여부와 안전 통제는 현장 및 공식 안내 확인 필요."
"rock-837","제주도 북서부 - 라마다호텔 앞 해안도로 우측","rock-fishing-point","제주특별자치도","제주시","제주특별자치도 제주시","33.518611","","노래미|벵에돔|한치|돌돔|참돔","들물/썰물","1.1~1.5","암","▶노래미 - 루어/ 릴찌/ 장대/ 원투▶벵에돔 - 목줄/ 장대/ 부력/ 잠수▶한치 - 루어/ 원투▶돌돔 - 민장대/ 릴찌/ 원투▶참돔 - 릴찌/ 장대/ 원투/ 부력/ 잠수","needs-check","MOF_SHARED_ROCK_FISHING_POINT","https://www.data.go.kr/data/15148580/fileData.do","2026-07-11","837","POINT (909369.290824309 1503393.84835574)","공식 갯바위낚시포인트 데이터 기반. 갯바위 출입 가능 여부와 안전 통제는 현장 및 공식 안내 확인 필요."
"rock-838","덕적도·소야도 - 덕적도 파락금이 갯바위","rock-fishing-point","인천광역시","옹진군","인천광역시 옹진군","37.257833","","넙치|노래미|농어|붕장어|우럭","펄/ 모래","2.2m~5m","펄/ 모래","▶넙치 - 루어/ 원투 ▶노래미 - 장대/ 루어/ 릴찌/ 원투▶농어 - 루어/ 릴찌 ▶붕장어 - 원투▶우럭 - 루어/ 릴찌","needs-check","MOF_SHARED_ROCK_FISHING_POINT","https://www.data.go.kr/data/15148580/fileData.do","2026-07-11","838","POINT (877413.8227591941 1918555.6523249)","공식 갯바위낚시포인트 데이터 기반. 갯바위 출입 가능 여부와 안전 통제는 현장 및 공식 안내 확인 필요."
"rock-839","호도·녹도·외연도 - 호도 북동쪽 갯바위","rock-fishing-point","충청남도","보령시","충청남도 보령시","36.302639","","넙치|노래미|농어|우럭","초들물","3.2m~4.3m","모래","▶넙치 - 루어/ 원투 ▶노래미 - 루어/ 릴찌/ 장대/ 원투▶농어 - 루어/ 릴찌 ▶우럭 - 릴찌/ 원투","needs-check","MOF_SHARED_ROCK_FISHING_POINT","https://www.data.go.kr/data/15148580/fileData.do","2026-07-11","839","POINT (889500.72813345 1812404.05027778)","공식 갯바위낚시포인트 데이터 기반. 갯바위 출입 가능 여부와 안전 통제는 현장 및 공식 안내 확인 필요."
"rock-840","거금도 - 금진리 철탑 부근 선창","rock-fishing-point","전라남도","고흥군","전라남도 고흥군","34.489444","","감성돔|농어|노래미|도다리|숭어|우럭","날물","5.1m~6m","펄","▶감성돔 - 릴찌/ 장대/ 원투 ▶농어 - 루어/ 릴찌▶노래미 - 루어/ 릴찌/ 장대/ 원투 ▶도다리 - 원투▶숭어 - 릴찌/ 장대/ 훌치기▶우럭 - 릴찌/ 원투","needs-check","MOF_SHARED_ROCK_FISHING_POINT","https://www.data.go.kr/data/15148580/fileData.do","2026-07-11","840","POINT (964697.1078511319 1610678.8306898)","공식 갯바위낚시포인트 데이터 기반. 갯바위 출입 가능 여부와 안전 통제는 현장 및 공식 안내 확인 필요."
"rock-841","거금수도 부근 - 구암리 해안길","rock-fishing-point","전라남도","고흥군","전라남도 고흥군","34.468967","","감성돔|숭어|우럭|노래미|농어|볼락","초들물~만조","0.1~0.2m","펄","▶ 감성돔 - 릴찌/ 장대/ 원투▶ 숭어 - 릴찌/ 장대/ 훌치기▶ 우럭 - 릴찌/ 원투▶ 노래미 - 루어/ 릴찌/ 장대/ 원투▶ 농어 - 루어/ 릴찌▶ 볼락 - 릴찌/ 장대/ 루어","needs-check","MOF_SHARED_ROCK_FISHING_POINT","https://www.data.go.kr/data/15148580/fileData.do","2026-07-11","841","POINT (983562.500049405 1608355.57271143)","공식 갯바위낚시포인트 데이터 기반. 갯바위 출입 가능 여부와 안전 통제는 현장 및 공식 안내 확인 필요."
"rock-842","자은도 - 남진 선창","rock-fishing-point","전라남도","신안군","전라남도 신안군","34.856806","","감성돔|숭어|농어","초들물~중날","0~1.5","암","▶감성돔 - 릴찌/ 장대/ 원투 ▶숭어 - 릴찌/ 장대/ 훌치기 ▶농어 - 루어/ 릴찌","needs-check","MOF_SHARED_ROCK_FISHING_POINT","https://www.data.go.kr/data/15148580/fileData.do","2026-07-11","842","POINT (868874.6955603671 1652286.72309633)","공식 갯바위낚시포인트 데이터 기반. 갯바위 출입 가능 여부와 안전 통제는 현장 및 공식 안내 확인 필요."
"rock-843","상조도·하조도·관매도 - 상조도 서쪽 둥근바위","rock-fishing-point","전라남도","진도군","전라남도 진도군","34.326639","","감성돔|참돔|노래미|돌돔|도다리|우럭","초들물~중날물","4.0~7.8","자갈/ 모래","▶감성돔 - 릴찌/ 장대/ 원투 ▶참돔 - 부력/ 잠수 ▶노래미 - 루어/ 릴찌/ 장대/ 원투▶돌돔 - 원투/ 민장대/ 릴찌 ▶도다리 - 원투 ▶우럭 - 릴찌/ 원투","needs-check","MOF_SHARED_ROCK_FISHING_POINT","https://www.data.go.kr/data/15148580/fileData.do","2026-07-11","843","POINT (861616.4607741489 1593583.49769467)","공식 갯바위낚시포인트 데이터 기반. 갯바위 출입 가능 여부와 안전 통제는 현장 및 공식 안내 확인 필요."
"rock-844","연도 - 동부 근처 갯바위","rock-fishing-point","전라남도","여수시","전라남도 여수시","34.428407","","참돔|감성돔|볼락|농어/  삼치|돌돔|갑오징어","초들물/ 초날물/ 조금 전·후","0.1~9.7m","암","▶ 참돔 - 부력/ 잠수▶ 감성돔 - 릴찌/ 장대/ 원투▶ 볼락 - 릴찌/ 장대/ 루어▶ 농어/ 삼치 - 루어/ 릴찌▶ 돌돔 - 민장대/ 릴찌/ 원투▶ 갑오징어 - 에깅","needs-check","MOF_SHARED_ROCK_FISHING_POINT","https://www.data.go.kr/data/15148580/fileData.do","2026-07-11","844","POINT (1028056.85548069 1603885.77035559)","공식 갯바위낚시포인트 데이터 기반. 갯바위 출입 가능 여부와 안전 통제는 현장 및 공식 안내 확인 필요."
"rock-845","무의도 - 실미도북서측 갯바위","rock-fishing-point","인천광역시","중구","인천광역시 중구","37.402611","","농어|광어|삼치|우럭|노래미|붕장어","중들물~중날물","-2.5~0.4","모래/ 펄","▶농어 - 루어/ 릴찌▶광어 - 릴찌/ 원투▶삼치 - 루어/ 릴찌▶우럭 - 릴찌/ 원투▶노래미 - 루어/ 릴찌/ 장대/ 원투▶붕장어 - 원투","needs-check","MOF_SHARED_ROCK_FISHING_POINT","https://www.data.go.kr/data/15148580/fileData.do","2026-07-11","845","POINT (901686.805032175 1934300.74126825)","공식 갯바위낚시포인트 데이터 기반. 갯바위 출입 가능 여부와 안전 통제는 현장 및 공식 안내 확인 필요."
"rock-846","노화도·보길도·소안도 - 소안도 월항리 양식장부근","rock-fishing-point","전라남도","완도군","전라남도 완도군","34.197417","","감성돔|농어|노래미|우럭|볼락|학공치","사리 전·후","2.5m~4.4m","가는 모래/ 조개껍질","▶감성돔 - 릴찌/ 장대/ 원투 ▶농어 - 루어/ 릴찌▶노래미 - 루어/ 릴찌/ 장대/ 원투 ▶우럭 - 릴찌/ 원투▶볼락 - 루어/ 릴찌/ 장대 ▶학공치 - 릴찌/ 장대","needs-check","MOF_SHARED_ROCK_FISHING_POINT","https://www.data.go.kr/data/15148580/fileData.do","2026-07-11","846","POINT (922225.3567560479 1578552.50413681)","공식 갯바위낚시포인트 데이터 기반. 갯바위 출입 가능 여부와 안전 통제는 현장 및 공식 안내 확인 필요."
"rock-847","낭도 부근 - 하화도 서측","rock-fishing-point","전라남도","여수시","전라남도 여수시","34.588813","","감성돔|붕장어|농어|숭어","조금 전후/ 13~5물","4.7~10.6m","펄","▶ 감성돔 - 릴찌/ 장대/ 원투▶ 붕장어 - 원투▶ 농어 - 루어/ 릴찌▶ 숭어 - 릴찌/ 장대/ 훌치기","needs-check","MOF_SHARED_ROCK_FISHING_POINT","https://www.data.go.kr/data/15148580/fileData.do","2026-07-11","847","POINT (1009712.50603064 1621635.58566553)","공식 갯바위낚시포인트 데이터 기반. 갯바위 출입 가능 여부와 안전 통제는 현장 및 공식 안내 확인 필요."
"rock-848","추자군도 - 발전소 부근","rock-fishing-point","제주특별자치도","제주시","제주특별자치도 제주시","33.950254","","감성돔|벵에돔|참돔|돌돔|볼락|부시리","11물~5물/ 정조전후","0.2~7.1m","암","▶ 감성돔 - 릴찌/ 장대/ 원투▶ 벵에돔 - 목줄/ 장대/ 부력/ 잠수▶ 참돔 - 부력/ 잠수▶ 돌돔 - 민장대/ 릴찌/ 원투▶ 볼락 - 릴찌/ 장대/ 루어▶ 부시리 - 부력/ 잠수/ 지깅","needs-check","MOF_SHARED_ROCK_FISHING_POINT","https://www.data.go.kr/data/15148580/fileData.do","2026-07-11","848","POINT (889377.439490346 1551470.74166645)","공식 갯바위낚시포인트 데이터 기반. 갯바위 출입 가능 여부와 안전 통제는 현장 및 공식 안내 확인 필요."
"rock-849","여서도·거문도 - 거문도 송곡단 부근 갯바위","rock-fishing-point","전라남도","여수시","전라남도 여수시","34.034861","","감성돔|돌돔|농어|벵에돔|볼락|참돔","들물/ 날물 전·후","7m~8.1m","침니/ 모래","▶감성돔 - 릴찌/ 장대/ 원투 ▶돌돔 - 릴찌/ 장대/ 원투▶농어 - 루어/ 릴찌 ▶벵에돔 - 목줄/ 장대/ 부력/ 잠수▶볼락 - 루어/ 릴찌/ 장대 ▶참돔 - 부력/ 잠수","needs-check","MOF_SHARED_ROCK_FISHING_POINT","https://www.data.go.kr/data/15148580/fileData.do","2026-07-11","849","POINT (979932.792858602 1560227.60665856)","공식 갯바위낚시포인트 데이터 기반. 갯바위 출입 가능 여부와 안전 통제는 현장 및 공식 안내 확인 필요."
"rock-850","홍도 - 흔들바위 상단","rock-fishing-point","전라남도","신안군","전라남도 신안군","34.677917","","참돔|돌돔|감성돔|우럭|농어","사리 전후/ 초들물/ 만조 전후","9.5~10.4m","암","▶ 참돔 - 부력/ 잠수▶ 돌돔 - 릴찌/ 장대/ 원투▶ 감성돔 - 릴찌/ 장대/ 원투▶ 우럭 - 릴찌/ 원투▶ 농어 - 루어/ 릴찌","needs-check","MOF_SHARED_ROCK_FISHING_POINT","https://www.data.go.kr/data/15148580/fileData.do","2026-07-11","850","POINT (788606.866561366 1633933.78616266)","공식 갯바위낚시포인트 데이터 기반. 갯바위 출입 가능 여부와 안전 통제는 현장 및 공식 안내 확인 필요."
"rock-851","거제도 남부 - 서이말 갯바위 일대","rock-fishing-point","경상남도","거제시","경상남도 거제시","34.790389","","감성돔|고등어|농어|벵에돔|학공치|볼락|참돔","조금 전·후","2.9m~6.1m","펄","▶감성돔 - 릴찌/ 장대/ 원투 ▶고등어 - 루어/ 릴찌/ 장대 ▶농어 - 루어/ 릴찌▶벵에돔 - 목줄/ 장대/ 부력/ 잠수 ▶학공치 - 릴찌/ 장대▶볼락 - 루어/ 릴찌/ 장대 ▶참돔 - 부력/ 잠수","needs-check","MOF_SHARED_ROCK_FISHING_POINT","https://www.data.go.kr/data/15148580/fileData.do","2026-07-11","851","POINT (1113483.61727229 1644684.36055842)","공식 갯바위낚시포인트 데이터 기반. 갯바위 출입 가능 여부와 안전 통제는 현장 및 공식 안내 확인 필요."
"rock-852","손죽열도 부근 - 소거문 서측","rock-fishing-point","전라남도","여수시","전라남도 여수시","34.288796","","감성돔|참돔|돌돔|우럭|노래미|농어|숭어|삼치|문어","사리 전후/ 10~5물","4.7~7.6m","펄","▶ 감성돔 - 릴찌/ 장대/ 원투▶ 참돔 - 부력/ 잠수▶ 돌돔 - 릴찌/ 장대/ 원투▶ 우럭 - 릴찌/ 원투▶ 노래미 - 루어/ 릴찌/ 장대/ 원투▶ 농어 - 루어/ 릴찌▶ 숭어 - 릴찌/ 장대/ 훌치기▶ 삼치 - 루어/ 릴찌▶ 문어 - 루어","needs-check","MOF_SHARED_ROCK_FISHING_POINT","https://www.data.go.kr/data/15148580/fileData.do","2026-07-11","852","POINT (989497.779231042 1588368.71250469)","공식 갯바위낚시포인트 데이터 기반. 갯바위 출입 가능 여부와 안전 통제는 현장 및 공식 안내 확인 필요."
"rock-853","금오도·안도 - 안도 동고지 해안갯바위","rock-fishing-point","전라남도","여수시","전라남도 여수시","34.497056","","감성돔|무늬오징어|부시리|벵에돔|볼락|참돔","9물~13물/ 날물 전·후","5m~7m","펄","▶감성돔 - 릴찌/ 장대/ 원투 ▶무늬오징어 - 릴찌/ 에깅 ▶부시리 - 부력/ 잠수/ 지깅▶벵에돔 - 목줄/ 장대/ 부력/ 잠수 ▶볼락 - 루어/ 릴찌/ 장대 ▶참돔 - 부력/ 잠수","needs-check","MOF_SHARED_ROCK_FISHING_POINT","https://www.data.go.kr/data/15148580/fileData.do","2026-07-11","853","POINT (1029209.81681903 1611501.66170201)","공식 갯바위낚시포인트 데이터 기반. 갯바위 출입 가능 여부와 안전 통제는 현장 및 공식 안내 확인 필요."
"rock-854","욕지도 - 고래바위 끝바리","rock-fishing-point","경상남도","통영시","경상남도 통영시","34.628750","","감성돔|농어|무늬오징어|볼락|벵에돔|참돔","5물~11물","1.2m~2m","펄","▶감성돔 - 릴찌/ 장대/ 원투 ▶농어 - 루어/ 릴찌▶무늬오징어 - 릴찌/ 에깅▶볼락 - 루어/ 릴찌/ 장대▶벵에돔 - 목줄/ 장대/ 부력/ 잠수 ▶참돔 - 부력/ 잠수","needs-check","MOF_SHARED_ROCK_FISHING_POINT","https://www.data.go.kr/data/15148580/fileData.do","2026-07-11","854","POINT (1067420.52151529 1626305.01236735)","공식 갯바위낚시포인트 데이터 기반. 갯바위 출입 가능 여부와 안전 통제는 현장 및 공식 안내 확인 필요."
"rock-855","비진도·매물도 - 비진도 설품단 부근 갯바위","rock-fishing-point","경상남도","통영시","경상남도 통영시","34.709417","","감성돔|넙치|농어|도다리|우럭|볼락|참돔","조금 전·후","2.5m~5.8m","펄","▶감성돔 - 릴찌/ 장대/ 원투 ▶넙치 - 루어/ 원투▶농어 - 루어/ 릴찌 ▶도다리 - 원투 ▶우럭 - 릴찌/ 원투▶볼락 - 루어/ 릴찌/ 장대 ▶참돔 - 부력/ 잠수","needs-check","MOF_SHARED_ROCK_FISHING_POINT","https://www.data.go.kr/data/15148580/fileData.do","2026-07-11","855","POINT (1086761.79518629 1635412.72020246)","공식 갯바위낚시포인트 데이터 기반. 갯바위 출입 가능 여부와 안전 통제는 현장 및 공식 안내 확인 필요."
"rock-856","거제도 북동부 - 양지암 북바위","rock-fishing-point","경상남도","거제시","경상남도 거제시","34.894083","","감성돔|우럭|볼락|참돔","조금 전·후","3.2m~4m","펄","▶감성돔 - 릴찌/ 장대/ 원투 ▶우럭 - 릴찌/ 원투▶볼락 - 루어/ 릴찌/ 장대 ▶참돔 - 부력/ 잠수","needs-check","MOF_SHARED_ROCK_FISHING_POINT","https://www.data.go.kr/data/15148580/fileData.do","2026-07-11","856","POINT (1114285.58331235 1656196.06923678)","공식 갯바위낚시포인트 데이터 기반. 갯바위 출입 가능 여부와 안전 통제는 현장 및 공식 안내 확인 필요."
"rock-857","자월도 - 굴뿌리","rock-fishing-point","인천광역시","옹진군","인천광역시 옹진군","37.259778","","넙치|우럭","들물/ 날물","1.4m~2.1m","모래","▶넙치 - 루어/ 원투 ▶우럭 - 릴찌/ 원투","needs-check","MOF_SHARED_ROCK_FISHING_POINT","https://www.data.go.kr/data/15148580/fileData.do","2026-07-11","857","POINT (897874.5744596211 1918497.44068865)","공식 갯바위낚시포인트 데이터 기반. 갯바위 출입 가능 여부와 안전 통제는 현장 및 공식 안내 확인 필요."
"rock-858","문갑도·선갑도 - 문갑도 문턱뿌리 부근","rock-fishing-point","인천광역시","옹진군","인천광역시 옹진군","37.166417","","넙치|노래미|농어|우럭","사리 전·후","11m~13m","펄/ 모래","▶넙치 - 루어/ 원투 ▶노래미 - 루어/ 릴찌/ 장대/ 원투 ▶농어 - 루어/ 릴찌 ▶우럭 - 릴찌/ 원투","needs-check","MOF_SHARED_ROCK_FISHING_POINT","https://www.data.go.kr/data/15148580/fileData.do","2026-07-11","858","POINT (875813.119313699 1908434.64493147)","공식 갯바위낚시포인트 데이터 기반. 갯바위 출입 가능 여부와 안전 통제는 현장 및 공식 안내 확인 필요."
"rock-859","입파도·국화도 - 입파도 서측 갯바위","rock-fishing-point","경기도","화성시","경기도 화성시","37.102444","","넙치|노래미|도다리|붕장어|우럭","조금 전·후","1.2m~1.5m","펄/ 모래","▶넙치 - 루어/ 원투 ▶노래미 - 루어/ 릴찌/ 장대/ 원투▶도다리 - 원투 ▶붕장어 - 원투▶우럭 - 릴찌/ 원투","needs-check","MOF_SHARED_ROCK_FISHING_POINT","https://www.data.go.kr/data/15148580/fileData.do","2026-07-11","859","POINT (914437.431354776 1900855.68917185)","공식 갯바위낚시포인트 데이터 기반. 갯바위 출입 가능 여부와 안전 통제는 현장 및 공식 안내 확인 필요."
"rock-860","선유도·무녀도·장자도·신시도 - 무녀도 제방","rock-fishing-point","전라북도","군산시","전라북도 군산시","35.805778","","넙치|노래미|농어|붕장어|우럭","들물 전·후","1.4m~1.8m","모래/ 펄","▶넙치 - 루어/ 원투 ▶노래미 - 루어/ 릴찌/ 장대/ 원투▶농어 - 루어/ 릴찌 ▶붕장어 - 원투▶우럭 - 릴찌/ 원투","needs-check","MOF_SHARED_ROCK_FISHING_POINT","https://www.data.go.kr/data/15148580/fileData.do","2026-07-11","860","POINT (904229.276485295 1757110.02211762)","공식 갯바위낚시포인트 데이터 기반. 갯바위 출입 가능 여부와 안전 통제는 현장 및 공식 안내 확인 필요."
"rock-861","신지도 - 무생끝 부근","rock-fishing-point","전라남도","완도군","전라남도 완도군","34.310250","","감성돔|갑오징어|볼락|우럭|참돔|학공치","사리 전·후","7.7m~9m","펄","▶감성돔 - 릴찌/ 장대/ 원투 ▶갑오징어 - 에깅 ▶볼락 - 루어/ 릴찌/ 장대 ▶우럭 - 릴찌/ 원투 ▶참돔 - 부력/ 잠수 ▶학공치 - 릴찌/ 장대","needs-check","MOF_SHARED_ROCK_FISHING_POINT","https://www.data.go.kr/data/15148580/fileData.do","2026-07-11","861","POINT (943177.8459184939 1590914.34796773)","공식 갯바위낚시포인트 데이터 기반. 갯바위 출입 가능 여부와 안전 통제는 현장 및 공식 안내 확인 필요."
"rock-862","백아도·굴업도 - 굴업도 마을 동쪽 갯바위","rock-fishing-point","인천광역시","옹진군","인천광역시 옹진군","37.186972","","넙치|노래미|농어|붕장어|우럭","들물","1.2m~1.8m","모래/ 펄","▶넙치 - 루어/ 원투 ▶노래미 - 루어/ 릴찌/ 장대/ 원투▶농어 - 루어/ 릴찌 ▶붕장어 - 원투▶우럭 - 릴찌/ 원투","needs-check","MOF_SHARED_ROCK_FISHING_POINT","https://www.data.go.kr/data/15148580/fileData.do","2026-07-11","862","POINT (865244.220171927 1910878.35367714)","공식 갯바위낚시포인트 데이터 기반. 갯바위 출입 가능 여부와 안전 통제는 현장 및 공식 안내 확인 필요."
"rock-863","원산도·삽시도 - 삽시도 야의곶 부근","rock-fishing-point","충청남도","보령시","충청남도 보령시","36.335306","","감성돔|갑오징어|넙치|농어|우럭|주꾸미","조금 전·후","2m~2.3m","펄/ 모래","▶감성돔 - 릴찌/ 장대/ 원투 ▶갑오징어 - 에깅 ▶넙치 - 루어/ 원투▶농어 - 루어/ 릴찌 ▶우럭 - 릴찌/ 원투 ▶주꾸미 - 루어","needs-check","MOF_SHARED_ROCK_FISHING_POINT","https://www.data.go.kr/data/15148580/fileData.do","2026-07-11","863","POINT (898599.148179364 1815917.20119662)","공식 갯바위낚시포인트 데이터 기반. 갯바위 출입 가능 여부와 안전 통제는 현장 및 공식 안내 확인 필요."
"rock-864","신지도 - 대곡항 북쪽 갯바위","rock-fishing-point","전라남도","완도군","전라남도 완도군","34.352361","","넙치|노래미|농어|도다리|양태|우럭|숭어","사리 전·후","1m~1.3m","펄","▶넙치 - 루어/ 원투 ▶노래미 - 루어/ 릴찌/ 장대/ 원투▶농어 - 루어/ 릴찌 ▶도다리 - 원투 ▶양태 - 루어/ 릴찌▶우럭 - 릴찌/ 원투 ▶숭어 - 릴찌/ 장대/ 훌치기","needs-check","MOF_SHARED_ROCK_FISHING_POINT","https://www.data.go.kr/data/15148580/fileData.do","2026-07-11","864","POINT (937869.602867106 1595617.88029086)","공식 갯바위낚시포인트 데이터 기반. 갯바위 출입 가능 여부와 안전 통제는 현장 및 공식 안내 확인 필요."
"rock-865","청산도·대모도 - 대모도 외라이말 갯바위","rock-fishing-point","전라남도","완도군","전라남도 완도군","34.195806","","감성돔|농어|우럭|노래미|볼락","사리 전·후","7.2m~10.1m","펄/ 모래","▶감성돔 - 릴찌/ 장대/ 원투 ▶농어 - 루어/ 릴찌 ▶우럭 - 릴찌/ 원투 ▶노래미 - 루어/ 릴찌/ 장대/ 원투 ▶볼락 - 루어/ 릴찌/ 장대","needs-check","MOF_SHARED_ROCK_FISHING_POINT","https://www.data.go.kr/data/15148580/fileData.do","2026-07-11","865","POINT (933032.253974725 1578290.57121809)","공식 갯바위낚시포인트 데이터 기반. 갯바위 출입 가능 여부와 안전 통제는 현장 및 공식 안내 확인 필요."
"rock-866","거제도 남부 - 해금강 도세치 끝","rock-fishing-point","경상남도","거제시","경상남도 거제시","34.737167","","감성돔|농어|벵에돔|우럭|볼락|참돔","조금 전·후","3.3m~4m","가는 모래","▶ 감성돔 - 릴찌/ 장대/ 원투 ▶ 농어 - 루어/ 릴찌 ▶ 벵에돔 - 목줄/ 장대/ 부력/ 잠수 ▶ 우럭 - 릴찌/ 원투 ▶ 볼락 - 루어/ 릴찌/ 장대 ▶ 참돔 - 부력/ 잠수","needs-check","MOF_SHARED_ROCK_FISHING_POINT","https://www.data.go.kr/data/15148580/fileData.do","2026-07-11","866","POINT (1108139.80661059 1638716.72221697)","공식 갯바위낚시포인트 데이터 기반. 갯바위 출입 가능 여부와 안전 통제는 현장 및 공식 안내 확인 필요."
"rock-867","거금도 - 옥룡마을 갯바위","rock-fishing-point","전라남도","고흥군","전라남도 고흥군","34.431528","","넙치|노래미|농어|도다리|볼락|우럭","날물","1.5m~2.3m","펄","▶넙치 - 루어/ 원투 ▶노래미 - 루어/ 릴찌/ 장대/ 원투▶농어 - 루어/ 릴찌 ▶도다리 - 원투▶볼락 - 루어/ 릴찌/ 장대 ▶우럭 - 릴찌/ 원투","needs-check","MOF_SHARED_ROCK_FISHING_POINT","https://www.data.go.kr/data/15148580/fileData.do","2026-07-11","867","POINT (965563.4324142421 1604253.27353667)","공식 갯바위낚시포인트 데이터 기반. 갯바위 출입 가능 여부와 안전 통제는 현장 및 공식 안내 확인 필요."
"rock-868","금오도·안도 - 금오도 소유마을 갯바위","rock-fishing-point","전라남도","여수시","전라남도 여수시","34.531639","","감성돔|농어|망상어|볼락|벵에돔|학공치","9물~13물/ 날물 전·후","3.5m~4.2m","펄","▶감성돔 - 릴찌/ 장대/ 원투 ▶농어 - 루어/ 릴찌▶망상어 - 릴찌/ 장대 ▶볼락 - 루어/ 릴찌/ 장대▶벵에돔 - 목줄/ 장대/ 부력/ 잠수 ▶학공치 - 릴찌/ 장대","needs-check","MOF_SHARED_ROCK_FISHING_POINT","https://www.data.go.kr/data/15148580/fileData.do","2026-07-11","868","POINT (1024774.99013883 1615323.6687199)","공식 갯바위낚시포인트 데이터 기반. 갯바위 출입 가능 여부와 안전 통제는 현장 및 공식 안내 확인 필요."
"rock-869","영흥도·선재도·대부도·구봉도 - 대부도 쪽박섬 부근","rock-fishing-point","경기도","안산시","경기도 안산시","37.214389","","노래미|망둑어|붕장어|우럭","들물/ 날물","1m~1.3m","펄","▶노래미 - 루어/ 릴찌/ 장대/ 원투 ▶망둑어 - 원투▶붕장어 - 원투 ▶우럭 - 루어/ 릴찌","needs-check","MOF_SHARED_ROCK_FISHING_POINT","https://www.data.go.kr/data/15148580/fileData.do","2026-07-11","869","POINT (915031.806990011 1913270.11495494)","공식 갯바위낚시포인트 데이터 기반. 갯바위 출입 가능 여부와 안전 통제는 현장 및 공식 안내 확인 필요."
"rock-870","시도 - 조각공원 북측 갯바위","rock-fishing-point","인천광역시","옹진군","인천광역시 옹진군","37.530556","","광어|삼치|주꾸미|노래미|붕장어","초들물~중날물","0.6~3.3","자갈/ 모래","▶광어 - 릴찌/ 원투▶삼치 - 루어/ 릴찌▶주꾸미 - 릴찌/ 원투/ 장대▶노래미 - 루어/ 릴찌/ 장대/ 원투▶붕장어 - 원투","needs-check","MOF_SHARED_ROCK_FISHING_POINT","https://www.data.go.kr/data/15148580/fileData.do","2026-07-11","870","POINT (902961.1675538181 1948482.85524804)","공식 갯바위낚시포인트 데이터 기반. 갯바위 출입 가능 여부와 안전 통제는 현장 및 공식 안내 확인 필요."
"rock-871","안마도·석만도 - 우물밑 갯바위","rock-fishing-point","전라남도","영광군","전라남도 영광군","35.373611","","간재미|노래미|붕장어|우럭|민어|광어","들물/날물","5.6~9.4","고운모래","▶간재미 - 릴찌/ 장대/ 원투▶노래미 - 루어/ 릴찌/ 장대/ 원투▶붕장어 - 원투▶우럭 - 릴찌/ 원투▶민어 - 루어/ 지깅/ 원투▶광어 - 릴찌/ 원투","needs-check","MOF_SHARED_ROCK_FISHING_POINT","https://www.data.go.kr/data/15148580/fileData.do","2026-07-11","871","POINT (867588.1735557241 1709636.57945959)","공식 갯바위낚시포인트 데이터 기반. 갯바위 출입 가능 여부와 안전 통제는 현장 및 공식 안내 확인 필요."
"rock-872","임자도·사옥도 - 고동섬 갯바위","rock-fishing-point","전라남도","신안군","전라남도 신안군","35.056944","","감성돔|노래미|민어|붕장어|우럭|광어|농어|백조기|숭어","초들물~중날물","0.5~2.0","암","▶감성돔 - 릴찌/ 장대/ 원투▶노래미 - 루어/ 릴찌/ 장대/ 원투▶민어 - 루어/ 릴찌▶붕장어 - 원투▶우럭 - 릴찌/ 원투▶광어 - 릴찌/ 원투▶농어 - 루어/ 릴찌▶백조기 - 릴찌/ 원투▶숭어 - 릴찌/ 장대/ 훌치기","needs-check","MOF_SHARED_ROCK_FISHING_POINT","https://www.data.go.kr/data/15148580/fileData.do","2026-07-11","872","POINT (868511.7080038951 1674493.44232489)","공식 갯바위낚시포인트 데이터 기반. 갯바위 출입 가능 여부와 안전 통제는 현장 및 공식 안내 확인 필요."
"rock-873","암태도 - 익금마을 선창","rock-fishing-point","전라남도","신안군","전라남도 신안군","34.877500","","감성돔|숭어|농어","초들물~중날물","0.4~3.4","암","▶감성돔 - 릴찌/ 장대/ 원투▶숭어 - 릴찌/ 장대/ 홀치기▶농어 - 루어/ 릴찌","needs-check","MOF_SHARED_ROCK_FISHING_POINT","https://www.data.go.kr/data/15148580/fileData.do","2026-07-11","873","POINT (872842.709239862 1654526.35805092)","공식 갯바위낚시포인트 데이터 기반. 갯바위 출입 가능 여부와 안전 통제는 현장 및 공식 안내 확인 필요."
"rock-874","우이도 - 송도 북측 갯바위","rock-fishing-point","전라남도","신안군","전라남도 신안군","34.617278","","노래미|농어|붕장어|우럭","조금 전후","8.1~8.5","자갈","▶노래미 - 루어/ 릴찌/ 장대/ 원투▶농어 - 루어/ 릴찌▶붕장어 - 원투 ▶우럭 - 릴찌/ 원투","needs-check","MOF_SHARED_ROCK_FISHING_POINT","https://www.data.go.kr/data/15148580/fileData.do","2026-07-11","874","POINT (850349.432401965 1625998.16374098)","공식 갯바위낚시포인트 데이터 기반. 갯바위 출입 가능 여부와 안전 통제는 현장 및 공식 안내 확인 필요."
"rock-875","가거도 - 바둑바위","rock-fishing-point","전라남도","신안군","전라남도 신안군","34.085639","","감성돔|노래미|참돔|농어|볼락|우럭|돌돔|부시리","초들물~중날물","1.0~5.8","펄/ 모래","▶감성돔 - 릴찌/ 장대/ 원투 ▶노래미 - 루어/ 릴찌/ 장대/ 원투 ▶참돔 - 릴찌 ▶농어 - 루어▶볼락 - 릴찌/ 장대/ 루어 ▶우럭 - 루어/ 릴찌/ 장대/ 원투 ▶돌돔 - 릴찌 ▶부시리 - 루어","needs-check","MOF_SHARED_ROCK_FISHING_POINT","https://www.data.go.kr/data/15148580/fileData.do","2026-07-11","875","POINT (778166.250255177 1568445.8888171)","공식 갯바위낚시포인트 데이터 기반. 갯바위 출입 가능 여부와 안전 통제는 현장 및 공식 안내 확인 필요."
"rock-876","초도 - 파랑끝","rock-fishing-point","전라남도","여수시","전라남도 여수시","34.245444","","참돔|뱅어돔|볼락|감성돔|돌돔|농어","초들물~중날물","7.1~10.0","암","▶참돔 - 부력/ 잠수▶뱅어돔 - 목줄/ 장대/ 부력/ 잠수▶볼락 - 릴찌/ 장대/ 루어▶감성돔 - 릴찌/ 장대/ 원투▶돌돔 - 민장대/ 릴찌/ 원투▶농어 - 루어/ 릴찌","needs-check","MOF_SHARED_ROCK_FISHING_POINT","https://www.data.go.kr/data/15148580/fileData.do","2026-07-11","876","POINT (978120.419205344 1583581.425678)","공식 갯바위낚시포인트 데이터 기반. 갯바위 출입 가능 여부와 안전 통제는 현장 및 공식 안내 확인 필요."
"rock-877","대청도·소청도 - 대청도 서풍받이 서쪽 갯바위","rock-fishing-point","인천광역시","옹진군","인천광역시 옹진군","37.801722","","넙치|노래미|농어|삼치|쏨뱅이|우럭","사리 전후","5.3m~6m","모래/ 조개껍질","▶넙치 - 루어/ 원투 ▶노래미 - 루어/ 릴찌/ 장대/ 원투▶농어 - 루어/ 릴찌 ▶삼치 - 루어/ 릴찌▶쏨뱅이 - 루어/ 릴찌 ▶우럭 - 루어/ 릴찌","needs-check","MOF_SHARED_ROCK_FISHING_POINT","https://www.data.go.kr/data/15148580/fileData.do","2026-07-11","877","POINT (751701.6802076681 1981748.30810889)","공식 갯바위낚시포인트 데이터 기반. 갯바위 출입 가능 여부와 안전 통제는 현장 및 공식 안내 확인 필요."
"rock-878","청산도·대모도 - 대모도 소로지말 갯바위","rock-fishing-point","전라남도","완도군","전라남도 완도군","34.177528","","감성돔|농어|우럭|노래미|볼락","4물~사리","2m~3.1m","펄/ 모래","▶감성돔 - 릴찌/ 장대/ 원투 ▶농어 - 루어/ 릴찌 ▶우럭 - 릴찌/ 원투 ▶노래미 - 루어/ 릴찌/ 장대/ 원투 ▶볼락 - 루어/ 릴찌/ 장대","needs-check","MOF_SHARED_ROCK_FISHING_POINT","https://www.data.go.kr/data/15148580/fileData.do","2026-07-11","878","POINT (931911.909817551 1576271.79133307)","공식 갯바위낚시포인트 데이터 기반. 갯바위 출입 가능 여부와 안전 통제는 현장 및 공식 안내 확인 필요."
"rock-879","풍도·난지도 - 풍도 채석장 북측","rock-fishing-point","경기도","안산시","경기도 안산시","37.114194","","넙치|노래미|농어|붕장어|우럭","사리 전·후","4m~5m","펄/ 자갈","▶넙치 - 루어/ 원투 ▶노래미 - 루어/ 릴찌/ 장대/ 원투▶농어 - 루어/ 릴찌 ▶붕장어 - 원투▶우럭 - 릴찌/ 원투","needs-check","MOF_SHARED_ROCK_FISHING_POINT","https://www.data.go.kr/data/15148580/fileData.do","2026-07-11","879","POINT (900516.502816126 1902312.05816507)","공식 갯바위낚시포인트 데이터 기반. 갯바위 출입 가능 여부와 안전 통제는 현장 및 공식 안내 확인 필요."
"rock-880","십이동파도·비안도 - 십이동파도 작은 쌍섬","rock-fishing-point","전라북도","군산시","전라북도 군산시","35.993639","","감성돔|갑오징어|넙치|노래미|농어|우럭|참돔","12물~3물","7m~11m","펄/ 모래","▶감성돔 - 릴찌/ 장대/ 원투 ▶갑오징어 - 에깅▶넙치 - 루어/ 원투 ▶노래미 - 루어/ 릴찌/ 장대/ 원투▶농어 - 루어/ 릴찌 ▶우럭 - 릴찌/ 원투 ▶참돔 - 부력/ 잠수","needs-check","MOF_SHARED_ROCK_FISHING_POINT","https://www.data.go.kr/data/15148580/fileData.do","2026-07-11","880","POINT (886502.3350410041 1778160.9049053)","공식 갯바위낚시포인트 데이터 기반. 갯바위 출입 가능 여부와 안전 통제는 현장 및 공식 안내 확인 필요."
"rock-881","금오도·안도 - 안도 철탑 아래 갯바위","rock-fishing-point","전라남도","여수시","전라남도 여수시","34.471833","","감성돔|무늬오징어|부시리|벵에돔|볼락|참돔","9물~13물/ 날물 전·후","5.3m~6m","바위","▶감성돔 - 릴찌/ 장대/ 원투 ▶무늬오징어 - 릴찌/ 에깅 ▶부시리 - 부력/ 잠수/ 지깅▶벵에돔 - 목줄/ 장대/ 부력/ 잠수 ▶볼락 - 루어/ 릴찌/ 장대 ▶참돔 - 부력/ 잠수","needs-check","MOF_SHARED_ROCK_FISHING_POINT","https://www.data.go.kr/data/15148580/fileData.do","2026-07-11","881","POINT (1027769.66233034 1608700.39265518)","공식 갯바위낚시포인트 데이터 기반. 갯바위 출입 가능 여부와 안전 통제는 현장 및 공식 안내 확인 필요."
"rock-882","거제도 남부 - 학동 용바위","rock-fishing-point","경상남도","거제시","경상남도 거제시","34.768833","","넙치|고등어|노래미|농어|도다리|볼락","조금 전·후","1.7m~2.2m","펄","▶넙치 - 루어/ 원투 ▶고등어 - 루어/ 릴찌/ 장대▶노래미 - 루어/ 릴찌/ 장대/ 원투 ▶농어 - 루어/ 릴찌▶도다리 - 원투 ▶볼락 - 루어/ 릴찌/ 장대","needs-check","MOF_SHARED_ROCK_FISHING_POINT","https://www.data.go.kr/data/15148580/fileData.do","2026-07-11","882","POINT (1104209.17588775 1642183.64318127)","공식 갯바위낚시포인트 데이터 기반. 갯바위 출입 가능 여부와 안전 통제는 현장 및 공식 안내 확인 필요."
"rock-883","연평도 - 금능해수욕장 남측 갯바위","rock-fishing-point","인천광역시","옹진군","인천광역시 옹진군","37.663889","","광어|우럭|숭어|간재미|농어|노래미","12물~4물","-0.8~0.4","암","▶광어 - 릴찌/ 원투▶우럭 - 릴찌/ 원투▶숭어 - 릴찌/ 장대/ 홀치기▶간재미 - 원투▶농어 - 루어/ 릴찌▶노래미 - 루어/ 릴찌/ 장대/ 원투","needs-check","MOF_SHARED_ROCK_FISHING_POINT","https://www.data.go.kr/data/15148580/fileData.do","2026-07-11","883","POINT (839789.047239588 1964260.89103934)","공식 갯바위낚시포인트 데이터 기반. 갯바위 출입 가능 여부와 안전 통제는 현장 및 공식 안내 확인 필요."
"rock-884","안마도·석만도 - 나룻방 밑 갯바위","rock-fishing-point","인천광역시","중구","인천광역시 중구","37.421972","","간재미|노래미|붕장어|우럭|민어|광어","들물/날물","2.6~6.0","암","▶간재미 - 릴찌/ 장대/ 원투▶노래미 - 루어/ 릴찌/ 장대/ 원투▶붕장어 - 원투▶우럭 - 릴찌/ 원투▶민어 - 루어/ 지깅/ 원투▶광어 - 릴찌/ 원투","needs-check","MOF_SHARED_ROCK_FISHING_POINT","https://www.data.go.kr/data/15148580/fileData.do","2026-07-11","884","POINT (905765.271837197 1936402.01635873)","공식 갯바위낚시포인트 데이터 기반. 갯바위 출입 가능 여부와 안전 통제는 현장 및 공식 안내 확인 필요."
"rock-885","추자군도 - 모진해수욕장 갯바위","rock-fishing-point","제주특별자치도","제주시","제주특별자치도 제주시","33.951898","","감성돔|벵에돔|참돔|돌돔|볼락|부시리","11물~5물/ 정조전후","1.2~4.8m","암","▶ 감성돔 - 릴찌/ 장대/ 원투▶ 벵에돔 - 목줄/ 장대/ 부력/ 잠수▶ 참돔 - 부력/ 잠수▶ 돌돔 - 민장대/ 릴찌/ 원투▶ 볼락 - 릴찌/ 장대/ 루어▶ 부시리 - 부력/ 잠수/ 지깅","needs-check","MOF_SHARED_ROCK_FISHING_POINT","https://www.data.go.kr/data/15148580/fileData.do","2026-07-11","885","POINT (889178.32146683 1551655.34642242)","공식 갯바위낚시포인트 데이터 기반. 갯바위 출입 가능 여부와 안전 통제는 현장 및 공식 안내 확인 필요."
"rock-887","고이도·매화도·선도·증도 - 마산도 선창","rock-fishing-point","전라남도","신안군","전라남도 신안군","34.952556","","감성돔|노래미|광어|숭어|우럭|붕장어|도다리|농어","초들물~중날물","0~2.9","펄/ 모래","▶감성돔 - 릴찌/ 장대/ 원투 ▶노래미 - 루어/ 릴찌/ 장대/ 원투 ▶광어 - 릴찌/ 원투 ▶숭어 - 릴찌/ 장대/ 훌치기▶우럭 - 릴찌/ 원투 ▶붕장어 - 원투 ▶도다리 - 원투 ▶농어 - 루어/ 릴찌","needs-check","MOF_SHARED_ROCK_FISHING_POINT","https://www.data.go.kr/data/15148580/fileData.do","2026-07-11","887","POINT (885810.694144953 1662680.68176862)","공식 갯바위낚시포인트 데이터 기반. 갯바위 출입 가능 여부와 안전 통제는 현장 및 공식 안내 확인 필요."
"rock-888","이작도·승봉도 - 승봉도 목섬 부근","rock-fishing-point","인천광역시","옹진군","인천광역시 옹진군","37.157306","","넙치|노래미|농어|우럭","초들물~중들물","1.2m~2.2m","모래","▶넙치 - 루어/ 원투 ▶노래미 - 루어/ 릴찌/ 장대/ 원투▶농어 - 루어/ 릴찌 ▶우럭 - 릴찌/ 원투","needs-check","MOF_SHARED_ROCK_FISHING_POINT","https://www.data.go.kr/data/15148580/fileData.do","2026-07-11","888","POINT (895301.8332979361 1907158.75409562)","공식 갯바위낚시포인트 데이터 기반. 갯바위 출입 가능 여부와 안전 통제는 현장 및 공식 안내 확인 필요."
"rock-889","제주도 서부·차귀도·비양도 - 비양도 동측 갯바위","rock-fishing-point","제주특별자치도","제주시","제주특별자치도 제주시","33.409944","","감성돔|벤자리|삼치|방어|벵에돔|한치","들물/썰물","1.6~2.2","모래/ 조개껍질","▶감성돔 - 릴찌/ 장대/ 원투▶벤자리 - 릴찌/ 민장대▶삼치 - 루어/ 릴찌▶방어 - 부력/ 잠수/ 지깅▶벵에돔 - 목줄/ 장대/ 부력/ 잠수▶한치 - 루어/ 원투","needs-check","MOF_SHARED_ROCK_FISHING_POINT","https://www.data.go.kr/data/15148580/fileData.do","2026-07-11","889","POINT (882072.46653756 1491638.63300307)","공식 갯바위낚시포인트 데이터 기반. 갯바위 출입 가능 여부와 안전 통제는 현장 및 공식 안내 확인 필요."
"rock-890","제주도 북동부·우도 - 우도치안센터 앞","rock-fishing-point","제주특별자치도","제주시","제주특별자치도 제주시","33.523222","","참돔|돌돔|볼락|벵에돔|무늬오징어|독가시치","들물/날물","0.7~2.0","암","▶참돔 - 부력/ 잠수 ▶돌돔 - 민장대/ 릴찌/ 원투 ▶볼락 - 루어/ 릴찌/ 장대▶벵에돔 - 목줄/ 장대/ 부력/ 잠수 ▶무늬오징어 - 에깅 ▶독가시치 - 목줄/ 장대/ 부력/ 잠수","needs-check","MOF_SHARED_ROCK_FISHING_POINT","https://www.data.go.kr/data/15148580/fileData.do","2026-07-11","890","POINT (949679.595368003 1503610.25135845)","공식 갯바위낚시포인트 데이터 기반. 갯바위 출입 가능 여부와 안전 통제는 현장 및 공식 안내 확인 필요."
"rock-909","추자도 - 모진 해수욕장","rock-fishing-point","제주특별자치도","제주시","제주특별자치도 제주시","33.944806","","감성돔|돌돔|자리돔|농어|볼락|참돔","들물/썰물","0.8~2.0","모래/ 자갈","▶감성돔 - 릴찌/ 장대/ 원투▶돌돔 - 민장대/ 릴찌/ 원투▶자리돔 - 장대/ 카드▶농어 - 루어/ 릴찌▶볼락 - 루어/ 릴찌/ 장대▶참돔 - 부력/ 잠수","needs-check","MOF_SHARED_ROCK_FISHING_POINT","https://www.data.go.kr/data/15148580/fileData.do","2026-07-11","909","POINT (892283.382751705 1550833.02158302)","공식 갯바위낚시포인트 데이터 기반. 갯바위 출입 가능 여부와 안전 통제는 현장 및 공식 안내 확인 필요."
"rock-891","시도 - 수기해변 서측 갯바위","rock-fishing-point","인천광역시","옹진군","인천광역시 옹진군","37.545861","","우럭|광어|농어|망둥어|노래미|삼치","초들물~중날물","-2.6~-2.1","펄","▶우럭 - 릴찌/ 원투 ▶광어 - 릴찌/ 원투▶농어 - 루어/ 릴찌 ▶망둥어 - 릴찌/ 장대▶노래미 - 루어/ 릴찌/ 장대/ 원투 ▶삼치 - 루어/ 릴찌","needs-check","MOF_SHARED_ROCK_FISHING_POINT","https://www.data.go.kr/data/15148580/fileData.do","2026-07-11","891","POINT (905248.401846792 1950154.80583857)","공식 갯바위낚시포인트 데이터 기반. 갯바위 출입 가능 여부와 안전 통제는 현장 및 공식 안내 확인 필요."
"rock-892","안면도 북부 - 황도 연륙교 아래","rock-fishing-point","충청남도","태안군","충청남도 태안군","36.596889","","우럭|노래미|학공치|광어|숭어|도다리","초들물~중날물","-6.2~-2.8","펄","▶우럭 - 릴찌/ 원투▶노래미 - 루어/ 릴찌/ 장대/ 원투▶학공치 - 릴찌/ 장대▶광어 - 릴찌/ 원투▶숭어 - 릴찌/ 장대/ 홀치기▶도다리 - 원투","needs-check","MOF_SHARED_ROCK_FISHING_POINT","https://www.data.go.kr/data/15148580/fileData.do","2026-07-11","892","POINT (899391.494864647 1844929.24769581)","공식 갯바위낚시포인트 데이터 기반. 갯바위 출입 가능 여부와 안전 통제는 현장 및 공식 안내 확인 필요."
"rock-893","가의도 - 작은 마을 동측 안통","rock-fishing-point","충청남도","태안군","충청남도 태안군","36.673083","","우럭|노래미|고등어|광어|주꾸미|학공치","상관없음","2.4~5.0","암","▶우럭 - 릴찌/ 원투▶노래미 - 루어/ 릴찌/ 장대/ 원투▶고등어 - 루어/ 릴찌/ 장대▶광어 - 릴찌/ 원투▶주꾸미 - 릴찌/ 원투/ 장대▶학공치 - 릴찌/ 장대","needs-check","MOF_SHARED_ROCK_FISHING_POINT","https://www.data.go.kr/data/15148580/fileData.do","2026-07-11","893","POINT (872354.273531674 1853742.87821552)","공식 갯바위낚시포인트 데이터 기반. 갯바위 출입 가능 여부와 안전 통제는 현장 및 공식 안내 확인 필요."
"rock-894","안마도·석만도 - 똥섬 부근 갯바위","rock-fishing-point","전라남도","영광군","전라남도 영광군","35.364778","","간재미|노래미|붕장어|우럭|민어|광어","들물/날물","2.6~6.0","펄","▶간재미 - 릴찌/ 장대/ 원투▶노래미 - 루어/ 릴찌/ 장대/ 원투▶붕장어 - 원투▶우럭 - 릴찌/ 원투▶민어 - 루어/ 지깅/ 원투▶광어 - 릴찌/ 원투","needs-check","MOF_SHARED_ROCK_FISHING_POINT","https://www.data.go.kr/data/15148580/fileData.do","2026-07-11","894","POINT (869201.5552653191 1708633.00439059)","공식 갯바위낚시포인트 데이터 기반. 갯바위 출입 가능 여부와 안전 통제는 현장 및 공식 안내 확인 필요."
"rock-895","임자도·사옥도 - 대두끝 갯바위","rock-fishing-point","전라남도","신안군","전라남도 신안군","35.051417","","감성돔|노래미|민어|붕장어|우럭|광어|농어|백조기|숭어","초들물~중날물","1.7~3.6","암","▶감성돔 - 릴찌/ 장대/ 원투▶노래미 - 루어/ 릴찌/ 장대/ 원투▶민어 - 루어/ 릴찌▶붕장어 - 원투▶우럭 - 릴찌/ 원투▶광어 - 릴찌/ 원투▶농어 - 루어/ 릴찌▶백조기 - 릴찌/ 원투▶숭어 - 릴찌/ 장대/ 훌치기","needs-check","MOF_SHARED_ROCK_FISHING_POINT","https://www.data.go.kr/data/15148580/fileData.do","2026-07-11","895","POINT (872921.182691953 1673817.5633351)","공식 갯바위낚시포인트 데이터 기반. 갯바위 출입 가능 여부와 안전 통제는 현장 및 공식 안내 확인 필요."
"rock-896","고이도·매화도·선도·증도 - 선도북측 선창","rock-fishing-point","전라남도","신안군","전라남도 신안군","35.006833","","감성돔|노래미|광어|숭어|우럭|붕장어|도다리|농어","초들물~중날물","0~5.0","펄","▶감성돔 - 릴찌/ 장대/ 원투 ▶노래미 - 루어/ 릴찌/ 장대/ 원투 ▶광어 - 릴찌/ 원투 ▶숭어 - 릴찌/ 장대/ 훌치기▶우럭 - 릴찌/ 원투 ▶붕장어 - 원투 ▶도다리 - 원투 ▶농어 - 루어/ 릴찌","needs-check","MOF_SHARED_ROCK_FISHING_POINT","https://www.data.go.kr/data/15148580/fileData.do","2026-07-11","896","POINT (886828.96118211 1668688.59535899)","공식 갯바위낚시포인트 데이터 기반. 갯바위 출입 가능 여부와 안전 통제는 현장 및 공식 안내 확인 필요."
"rock-897","안좌도·팔금도 - 신안교 서단","rock-fishing-point","전라남도","신안군","전라남도 신안군","34.766611","","감성돔|숭어|농어","초들물~중날물","0~1.3","암","▶감성돔 - 릴찌/ 장대/ 원투▶숭어 - 릴찌/ 장대/ 홀치기▶농어 - 루어/ 릴찌","needs-check","MOF_SHARED_ROCK_FISHING_POINT","https://www.data.go.kr/data/15148580/fileData.do","2026-07-11","897","POINT (874421.176743583 1642204.23230029)","공식 갯바위낚시포인트 데이터 기반. 갯바위 출입 가능 여부와 안전 통제는 현장 및 공식 안내 확인 필요."
"rock-898","진도 북부 - 군내방조제","rock-fishing-point","전라남도","진도군","전라남도 진도군","34.535167","","돌돔|감성돔|우럭|열기|참돔|숭어|노래미|붕장어","초들물~중날물","0~0.6","펄","▶돌돔 - 처박기/ 장대/ 원투/ 릴찌▶감성돔 - 릴찌/ 장대/ 원투▶우럭 - 루어/ 릴찌/ 장대/ 원투▶열기 - 릴찌/ 민장대▶참돔 - 릴찌▶숭어 - 릴찌/ 장대/ 홀치기▶노래미 - 루어/ 릴찌/ 장대/ 원투▶붕장어 - 원투","needs-check","MOF_SHARED_ROCK_FISHING_POINT","https://www.data.go.kr/data/15148580/fileData.do","2026-07-11","898","POINT (883784.2691900181 1616409.96215479)","공식 갯바위낚시포인트 데이터 기반. 갯바위 출입 가능 여부와 안전 통제는 현장 및 공식 안내 확인 필요."
"rock-899","안마도·석만도 - 똥섬 갯바위","rock-fishing-point","전라남도","영광군","전라남도 영광군","35.362444","","간재미|노래미|붕장어|우럭|민어|광어","들물/날물","4.8~5.8","펄","▶간재미 - 릴찌/ 장대/ 원투▶노래미 - 루어/ 릴찌/ 장대/ 원투▶붕장어 - 원투▶우럭 - 릴찌/ 원투▶민어 - 루어/ 지깅/ 원투▶광어 - 릴찌/ 원투","needs-check","MOF_SHARED_ROCK_FISHING_POINT","https://www.data.go.kr/data/15148580/fileData.do","2026-07-11","899","POINT (869175.0763666971 1708374.53351881)","공식 갯바위낚시포인트 데이터 기반. 갯바위 출입 가능 여부와 안전 통제는 현장 및 공식 안내 확인 필요."
"rock-900","안마도·석만도 - 긴 둑 밑 갯바위","rock-fishing-point","전라남도","영광군","전라남도 영광군","35.339778","","붕장어|우럭|노래미|농어|민어|광어","들물/날물","1.2~1.5","펄/ 모래","▶붕장어 - 원투▶우럭 - 릴찌/ 원투▶노래미 - 루어/ 릴찌/ 장대/ 원투▶농어 - 루어/ 릴찌▶민어 - 루어/ 지깅/ 원투▶광어 - 릴찌/ 원투","needs-check","MOF_SHARED_ROCK_FISHING_POINT","https://www.data.go.kr/data/15148580/fileData.do","2026-07-11","900","POINT (864808.956833448 1705924.47197828)","공식 갯바위낚시포인트 데이터 기반. 갯바위 출입 가능 여부와 안전 통제는 현장 및 공식 안내 확인 필요."
"rock-901","진도 남동부 - 현목항 선창","rock-fishing-point","전라남도","진도군","전라남도 진도군","34.379528","","돌돔|감성돔|우럭|열기|참돔|숭어|노래미|붕장어","초들물~중날물","-0.4~0.2","암","▶돌돔 - 처박기/ 장대/ 원투/ 릴찌▶감성돔 - 릴찌/ 장대/ 원투▶우럭 - 루어/ 릴찌/ 장대/ 원투▶열기 - 릴찌/ 민장대▶참돔 - 릴찌▶숭어 - 릴찌/ 장대/ 홀치기▶노래미 - 루어/ 릴찌/ 장대/ 원투▶붕장어 - 원투","needs-check","MOF_SHARED_ROCK_FISHING_POINT","https://www.data.go.kr/data/15148580/fileData.do","2026-07-11","901","POINT (886689.349105111 1599111.77482251)","공식 갯바위낚시포인트 데이터 기반. 갯바위 출입 가능 여부와 안전 통제는 현장 및 공식 안내 확인 필요."
"rock-902","초도 - 막두","rock-fishing-point","전라남도","여수시","전라남도 여수시","34.247778","","참돔|뱅어돔|볼락|감성돔|돌돔|농어","초들물~중날물","29.5~37","펄/ 조개껍질","▶참돔 - 부력/ 잠수▶뱅어돔 - 목줄/ 장대/ 부력/ 잠수▶볼락 - 릴찌/ 장대/ 루어▶감성돔 - 릴찌/ 장대/ 원투▶돌돔 - 민장대/ 릴찌/ 원투▶농어 - 루어/ 릴찌","needs-check","MOF_SHARED_ROCK_FISHING_POINT","https://www.data.go.kr/data/15148580/fileData.do","2026-07-11","902","POINT (976361.289105883 1583844.42520631)","공식 갯바위낚시포인트 데이터 기반. 갯바위 출입 가능 여부와 안전 통제는 현장 및 공식 안내 확인 필요."
"rock-903","무의도 - 무의도 곶부리","rock-fishing-point","인천광역시","중구","인천광역시 중구","37.412361","","광어|숭어|붕장어|우럭|농어","중들물~중날물","-2.0~0.3","모래/ 펄","▶광어 - 릴찌/ 원투▶숭어 - 릴찌/ 장대/ 홀치기▶붕장어 - 원투▶우럭 - 릴찌/ 원투▶농어 - 루어/ 릴찌","needs-check","MOF_SHARED_ROCK_FISHING_POINT","https://www.data.go.kr/data/15148580/fileData.do","2026-07-11","903","POINT (903373.629013494 1935362.91587305)","공식 갯바위낚시포인트 데이터 기반. 갯바위 출입 가능 여부와 안전 통제는 현장 및 공식 안내 확인 필요."
"rock-904","우이도 - 선창구미","rock-fishing-point","전라남도","신안군","전라남도 신안군","34.611250","","노래미|붕장어","상관없음","0.3~0.9","펄/ 자갈","▶노래미 - 루어/ 릴찌/ 장대/ 원투 ▶붕장어 - 원투","needs-check","MOF_SHARED_ROCK_FISHING_POINT","https://www.data.go.kr/data/15148580/fileData.do","2026-07-11","904","POINT (849620.3309390021 1625341.3057564)","공식 갯바위낚시포인트 데이터 기반. 갯바위 출입 가능 여부와 안전 통제는 현장 및 공식 안내 확인 필요."
"rock-905","목포 부근 - 명지식품 해안길","rock-fishing-point","전라남도","무안군","전라남도 무안군","34.849147","","감성돔|붕장어|우럭|노래미|농어|볼락","사리 전후/ 초들물~중날물","0.2~0.3m","펄","▶ 감성돔 - 릴찌/ 장대/ 원투▶ 붕장어 - 원투▶ 우럭 - 릴찌/ 원투▶ 노래미 - 루어/ 릴찌/ 장대/ 원투▶ 농어 - 루어/ 릴찌▶ 볼락 - 릴찌/ 장대/ 루어","needs-check","MOF_SHARED_ROCK_FISHING_POINT","https://www.data.go.kr/data/15148580/fileData.do","2026-07-11","905","POINT (899889.189423172 1651045.95360329)","공식 갯바위낚시포인트 데이터 기반. 갯바위 출입 가능 여부와 안전 통제는 현장 및 공식 안내 확인 필요."
"rock-906","초도 - 석머리","rock-fishing-point","전라남도","여수시","전라남도 여수시","34.236833","","참돔|뱅어돔|볼락|감성돔|돌돔|농어","초들물~중날물","0~9.0","펄","▶참돔 - 부력/ 잠수▶뱅어돔 - 목줄/ 장대/ 부력/ 잠수▶볼락 - 릴찌/ 장대/ 루어▶감성돔 - 릴찌/ 장대/ 원투▶돌돔 - 민장대/ 릴찌/ 원투▶농어 - 루어/ 릴찌","needs-check","MOF_SHARED_ROCK_FISHING_POINT","https://www.data.go.kr/data/15148580/fileData.do","2026-07-11","906","POINT (975552.432234197 1582632.93977286)","공식 갯바위낚시포인트 데이터 기반. 갯바위 출입 가능 여부와 안전 통제는 현장 및 공식 안내 확인 필요."
"rock-907","남해도 동부·신수도·창선도 - 신수도 북쪽 갯바위","rock-fishing-point","경상남도","사천시","경상남도 사천시","34.910222","","볼락|갑오징어|노래미|우럭","초들물~중날물","0.9~4.3","암","▶볼락 - 릴찌/ 장대/ 루어 ▶갑오징어 - 에깅 ▶노래미 - 루어/ 릴찌/ 장대/ 원투 ▶우럭 - 릴찌/ 원투","needs-check","MOF_SHARED_ROCK_FISHING_POINT","https://www.data.go.kr/data/15148580/fileData.do","2026-07-11","907","POINT (1052405.45172932 1657422.24859325)","공식 갯바위낚시포인트 데이터 기반. 갯바위 출입 가능 여부와 안전 통제는 현장 및 공식 안내 확인 필요."
"rock-908","칠천도·가조도 - 계도 어촌 체험 낚시터","rock-fishing-point","경상남도","거제시","경상남도 거제시","34.976417","","감성돔|노래미|갑오징어|도다리|볼락","초들물~중날물","3.9~4.6","펄","▶감성돔 - 릴찌/ 장대/ 원투 ▶노래미 - 루어/ 릴찌/ 장대/ 원투 ▶갑오징어 - 에깅▶도다리 - 원투 ▶볼락 - 릴찌/ 장대/ 루어","needs-check","MOF_SHARED_ROCK_FISHING_POINT","https://www.data.go.kr/data/15148580/fileData.do","2026-07-11","908","POINT (1092501.60534052 1665081.70775892)","공식 갯바위낚시포인트 데이터 기반. 갯바위 출입 가능 여부와 안전 통제는 현장 및 공식 안내 확인 필요."
"rock-948","목포 부근 - 꼬막섬","rock-fishing-point","전라남도","신안군","전라남도 신안군","34.847406","","감성돔|붕장어|우럭|노래미|농어|볼락","사리 전후/ 초들물~중날물","-1~-0.2m","펄","▶ 감성돔 - 릴찌/ 장대/ 원투▶ 붕장어 - 원투▶ 우럭 - 릴찌/ 원투▶ 노래미 - 루어/ 릴찌/ 장대/ 원투▶ 농어 - 루어/ 릴찌▶ 볼락 - 릴찌/ 장대/ 루어","needs-check","MOF_SHARED_ROCK_FISHING_POINT","https://www.data.go.kr/data/15148580/fileData.do","2026-07-11","948","POINT (890687.7095595 1650957.92533156)","공식 갯바위낚시포인트 데이터 기반. 갯바위 출입 가능 여부와 안전 통제는 현장 및 공식 안내 확인 필요."
"rock-910","상조도·하조도·관매도 - 하조도 매동여(낚시배)","rock-fishing-point","전라남도","진도군","전라남도 진도군","35.275500","","감성돔|참돔|노래미|돌돔|도다리|우럭","초들물~중날물","0.6~2.2","펄/ 조개껍질","▶감성돔 - 릴찌/ 장대/ 원투 ▶참돔 - 부력/ 잠수 ▶노래미 - 루어/ 릴찌/ 장대/ 원투▶돌돔 - 원투/ 민장대/ 릴찌 ▶도다리 - 원투 ▶우럭 - 릴찌/ 원투","needs-check","MOF_SHARED_ROCK_FISHING_POINT","https://www.data.go.kr/data/15148580/fileData.do","2026-07-11","910","POINT (870666.889893727 1587781.69292073)","공식 갯바위낚시포인트 데이터 기반. 갯바위 출입 가능 여부와 안전 통제는 현장 및 공식 안내 확인 필요."
"rock-911","연평도 - 검은서","rock-fishing-point","인천광역시","옹진군","인천광역시 옹진군","37.641444","","광어|우럭|숭어|간재미|농어|노래미","12물~4물","0~0.5","펄","▶광어 - 릴찌/ 원투▶우럭 - 릴찌/ 원투▶숭어 - 릴찌/ 장대/ 홀치기▶간재미 - 원투▶농어 - 루어/ 릴찌▶노래미 - 루어/ 릴찌/ 장대/ 원투","needs-check","MOF_SHARED_ROCK_FISHING_POINT","https://www.data.go.kr/data/15148580/fileData.do","2026-07-11","911","POINT (841630.479101612 1961734.07579292)","공식 갯바위낚시포인트 데이터 기반. 갯바위 출입 가능 여부와 안전 통제는 현장 및 공식 안내 확인 필요."
"rock-912","돌산도 - 계동등대 옆 갯바위","rock-fishing-point","전라남도","여수시","전라남도 여수시","34.660361","","참돔|농어|노래미|볼락|우럭|붕장어","초들물~중날물","0.6~0.9","펄","▶참돔 - 부력/ 잠수▶농어 - 루어/ 릴찌▶노래미 - 루어/ 릴찌/ 장대/ 원투▶볼락 - 릴찌/ 장대/ 루어▶우럭 - 릴찌/ 원투▶붕장어 - 원투","needs-check","MOF_SHARED_ROCK_FISHING_POINT","https://www.data.go.kr/data/15148580/fileData.do","2026-07-11","912","POINT (1028040.48700385 1629607.02518113)","공식 갯바위낚시포인트 데이터 기반. 갯바위 출입 가능 여부와 안전 통제는 현장 및 공식 안내 확인 필요."
"rock-913","제주도 동부 - 당두곶 우측 갯바위","rock-fishing-point","제주특별자치도","서귀포시","제주특별자치도 서귀포시","33.423361","","참돔|돌돔|볼락|벵에돔|무늬오징어|독가시치","들물/날물","8.0~8.2","암","▶참돔 - 부력/ 잠수 ▶돌돔 - 민장대/ 릴찌/ 원투 ▶볼락 - 루어/ 릴찌/ 장대▶벵에돔 - 목줄/ 장대/ 부력/ 잠수 ▶무늬오징어 - 에깅 ▶독가시치 - 목줄/ 장대/ 부력/ 잠수","needs-check","MOF_SHARED_ROCK_FISHING_POINT","https://www.data.go.kr/data/15148580/fileData.do","2026-07-11","913","POINT (947199.489004935 1492551.5230794)","공식 갯바위낚시포인트 데이터 기반. 갯바위 출입 가능 여부와 안전 통제는 현장 및 공식 안내 확인 필요."
"rock-914","남해도 동부·신수도·창선도 - 모상개 해수욕장 우측 갯바위","rock-fishing-point","경상남도","남해군","경상남도 남해군","34.828139","","참돔|농어|노래미|볼락|우럭","초들물~중날물","1.5~6.7","펄/ 조개껍질","▶참돔 - 부력/ 잠수 ▶농어 - 루어/ 릴찌 ▶노래미 - 루어/ 릴찌/ 장대/ 원투▶볼락 - 릴찌/ 장대/ 루어 ▶우럭 - 릴찌/ 원투","needs-check","MOF_SHARED_ROCK_FISHING_POINT","https://www.data.go.kr/data/15148580/fileData.do","2026-07-11","914","POINT (1053694.58107455 1648326.71357103)","공식 갯바위낚시포인트 데이터 기반. 갯바위 출입 가능 여부와 안전 통제는 현장 및 공식 안내 확인 필요."
"rock-915","우이도 - 가도 북측 갯바위","rock-fishing-point","전라남도","신안군","전라남도 신안군","34.623333","","감성돔|노래미|붕장어|우럭","조금 전후","4.4~8.8","암","▶감성돔 - 릴찌/ 장대/ 원투▶노래미 - 루어/ 릴찌/ 장대/ 원투▶붕장어 - 원투 ▶우럭 - 릴찌/ 원투","needs-check","MOF_SHARED_ROCK_FISHING_POINT","https://www.data.go.kr/data/15148580/fileData.do","2026-07-11","915","POINT (850039.421687257 1626674.95783956)","공식 갯바위낚시포인트 데이터 기반. 갯바위 출입 가능 여부와 안전 통제는 현장 및 공식 안내 확인 필요."
"rock-916","진도 남동부 - 접도리 선창","rock-fishing-point","전라남도","진도군","전라남도 진도군","34.388972","","돌돔|감성돔|우럭|열기|참돔|숭어|노래미|붕장어","초들물~중날물","0~0.7","펄","▶돌돔 - 처박기/ 장대/ 원투/ 릴찌▶감성돔 - 릴찌/ 장대/ 원투▶우럭 - 루어/ 릴찌/ 장대/ 원투▶열기 - 릴찌/ 민장대▶참돔 - 릴찌▶숭어 - 릴찌/ 장대/ 홀치기▶노래미 - 루어/ 릴찌/ 장대/ 원투▶붕장어 - 원투","needs-check","MOF_SHARED_ROCK_FISHING_POINT","https://www.data.go.kr/data/15148580/fileData.do","2026-07-11","916","POINT (888183.20684554 1600141.22975428)","공식 갯바위낚시포인트 데이터 기반. 갯바위 출입 가능 여부와 안전 통제는 현장 및 공식 안내 확인 필요."
"rock-917","제주도 서부·차귀도·비양도 - 비양도 초소 밑 갯바위","rock-fishing-point","제주특별자치도","제주시","제주특별자치도 제주시","33.405944","","감성돔|벤자리|삼치|방어|벵에돔|한치","들물/썰물","0.9~2.9","모래/ 조개껍질","▶감성돔 - 릴찌/ 장대/ 원투▶벤자리 - 릴찌/ 민장대▶삼치 - 루어/ 릴찌▶방어 - 부력/ 잠수/ 지깅▶벵에돔 - 목줄/ 장대/ 부력/ 잠수▶한치 - 루어/ 원투","needs-check","MOF_SHARED_ROCK_FISHING_POINT","https://www.data.go.kr/data/15148580/fileData.do","2026-07-11","917","POINT (881237.85351252 1491205.26304432)","공식 갯바위낚시포인트 데이터 기반. 갯바위 출입 가능 여부와 안전 통제는 현장 및 공식 안내 확인 필요."
"rock-918","송이도 - 큰내기 좌측 갯바위","rock-fishing-point","전라남도","영광군","전라남도 영광군","35.292750","","감성돔|민어|숭어|농어|붕장어|우럭","들물/날물","0~2.0","암","▶감성돔 - 릴찌/ 장대/ 원투▶민어 - 루어/ 지깅/ 원투▶숭어 - 릴찌/ 장대/ 홀치기▶농어 - 루어/ 릴찌▶붕장어 - 원투▶우럭 - 릴찌/ 원투","needs-check","MOF_SHARED_ROCK_FISHING_POINT","https://www.data.go.kr/data/15148580/fileData.do","2026-07-11","918","POINT (876233.911566454 1700543.15175569)","공식 갯바위낚시포인트 데이터 기반. 갯바위 출입 가능 여부와 안전 통제는 현장 및 공식 안내 확인 필요."
"rock-919","상조도·하조도·관매도 - 하조도 등대","rock-fishing-point","전라남도","진도군","전라남도 진도군","34.311583","","감성돔|참돔|노래미|돌돔|도다리|우럭","초들물~중날물","1.9~5.4","암","▶감성돔 - 릴찌/ 장대/ 원투 ▶참돔 - 부력/ 잠수 ▶노래미 - 루어/ 릴찌/ 장대/ 원투▶돌돔 - 원투/ 민장대/ 릴찌 ▶도다리 - 원투 ▶우럭 - 릴찌/ 원투","needs-check","MOF_SHARED_ROCK_FISHING_POINT","https://www.data.go.kr/data/15148580/fileData.do","2026-07-11","919","POINT (870093.390404807 1591791.89015803)","공식 갯바위낚시포인트 데이터 기반. 갯바위 출입 가능 여부와 안전 통제는 현장 및 공식 안내 확인 필요."
"rock-920","고이도·매화도·선도·증도 - 왕바위","rock-fishing-point","전라남도","신안군","전라남도 신안군","34.954750","","감성돔|노래미|광어|숭어|우럭|붕장어|도다리|농어","초들물~중날물","1.7~2.0","펄","▶감성돔 - 릴찌/ 장대/ 원투 ▶노래미 - 루어/ 릴찌/ 장대/ 원투 ▶광어 - 릴찌/ 원투 ▶숭어 - 릴찌/ 장대/ 훌치기▶우럭 - 릴찌/ 원투 ▶붕장어 - 원투 ▶도다리 - 원투 ▶농어 - 루어/ 릴찌","needs-check","MOF_SHARED_ROCK_FISHING_POINT","https://www.data.go.kr/data/15148580/fileData.do","2026-07-11","920","POINT (874653.609825269 1663070.46354271)","공식 갯바위낚시포인트 데이터 기반. 갯바위 출입 가능 여부와 안전 통제는 현장 및 공식 안내 확인 필요."
"rock-921","호도·녹도·외연도 - 외연도 누적금 부근","rock-fishing-point","충청남도","보령시","충청남도 보령시","36.230861","","감성돔|갑오징어|넙치|노래미|농어|우럭|참돔","조금 전·후","1.7m~3m","자갈/ 펄","▶감성돔 - 릴찌/ 장대/ 원투 ▶갑오징어 - 에깅▶넙치 - 루어/ 원투 ▶노래미 - 루어/ 릴찌/ 장대/ 원투▶농어 - 루어/ 릴찌 ▶우럭 - 릴찌/ 원투 ▶참돔 - 부력/ 잠수","needs-check","MOF_SHARED_ROCK_FISHING_POINT","https://www.data.go.kr/data/15148580/fileData.do","2026-07-11","921","POINT (871939.493608154 1804681.13924452)","공식 갯바위낚시포인트 데이터 기반. 갯바위 출입 가능 여부와 안전 통제는 현장 및 공식 안내 확인 필요."
"rock-922","십이동파도·비안도 - 비안도 서쪽 돌출여 부근","rock-fishing-point","전라북도","군산시","전라북도 군산시","35.734028","","감성돔|갑오징어|넙치|노래미|농어|참돔|우럭","들물 전·후","5m~7m","모래/ 펄","▶감성돔 - 릴찌/ 장대/ 원투 ▶갑오징어 - 에깅▶넙치 - 루어/ 원투 ▶노래미 - 루어/ 릴찌/ 장대/ 원투▶농어 - 루어/ 릴찌 ▶참돔 - 부력/ 잠수 ▶우럭 - 릴찌/ 원투","needs-check","MOF_SHARED_ROCK_FISHING_POINT","https://www.data.go.kr/data/15148580/fileData.do","2026-07-11","922","POINT (904906.867701277 1749143.5494849)","공식 갯바위낚시포인트 데이터 기반. 갯바위 출입 가능 여부와 안전 통제는 현장 및 공식 안내 확인 필요."
"rock-923","말도·방축도 - 방축도 북서바위","rock-fishing-point","전라북도","군산시","전라북도 군산시","35.852917","","감성돔|넙치|농어|우럭|부시리|참돔","썰물 전·후","7m~9m","모래/ 조개껍질","▶감성돔 - 릴찌/ 장대/ 원투 ▶넙치 - 루어/ 원투▶농어 - 루어/ 릴찌 ▶우럭 - 릴찌/ 원투▶부시리 - 부력/ 잠수/ 지깅 ▶참돔 - 부력/ 잠수","needs-check","MOF_SHARED_ROCK_FISHING_POINT","https://www.data.go.kr/data/15148580/fileData.do","2026-07-11","923","POINT (897746.6841228141 1762411.8367879)","공식 갯바위낚시포인트 데이터 기반. 갯바위 출입 가능 여부와 안전 통제는 현장 및 공식 안내 확인 필요."
"rock-924","비금도·도초도 - 비금도 이미해수욕장 갯바위","rock-fishing-point","전라남도","신안군","전라남도 신안군","34.758583","","노래미|농어|돌돔|볼락|붕장어|우럭|참돔","날물","3.5m~5m","바위","▶노래미 - 루어/ 릴찌/ 장대/ 원투 ▶농어 - 루어/ 릴찌▶돌돔 - 릴찌/ 장대/ 원투 ▶볼락 - 루어/ 릴찌/ 장대▶붕장어 - 원투 ▶우럭 - 릴찌/ 원투 ▶참돔 - 부력/ 잠수","needs-check","MOF_SHARED_ROCK_FISHING_POINT","https://www.data.go.kr/data/15148580/fileData.do","2026-07-11","924","POINT (852795.269815397 1641634.51875281)","공식 갯바위낚시포인트 데이터 기반. 갯바위 출입 가능 여부와 안전 통제는 현장 및 공식 안내 확인 필요."
"rock-925","한산도·용초도 - 용초 뒤등 갯바위","rock-fishing-point","경상남도","통영시","경상남도 통영시","34.739389","","참돔|볼락|감성돔","12물~3물","3.4~3.7","모래","▶참돔 - 부력/ 잠수▶볼락 - 릴찌/ 장대/ 루어▶감성돔 - 릴찌/ 장대/ 원투","needs-check","MOF_SHARED_ROCK_FISHING_POINT","https://www.data.go.kr/data/15148580/fileData.do","2026-07-11","925","POINT (1088505.43193604 1638753.43342716)","공식 갯바위낚시포인트 데이터 기반. 갯바위 출입 가능 여부와 안전 통제는 현장 및 공식 안내 확인 필요."
"rock-926","추자도 - 예초리 해안도로 갯바위","rock-fishing-point","제주특별자치도","제주시","제주특별자치도 제주시","33.956861","","감성돔|돌돔|자리돔|농어|볼락|참돔","들물/썰물","0~4.3","암","▶감성돔 - 릴찌/ 장대/ 원투▶돌돔 - 민장대/ 릴찌/ 원투▶자리돔 - 장대/ 카드▶농어 - 루어/ 릴찌▶볼락 - 루어/ 릴찌/ 장대▶참돔 - 부력/ 잠수","needs-check","MOF_SHARED_ROCK_FISHING_POINT","https://www.data.go.kr/data/15148580/fileData.do","2026-07-11","926","POINT (892503.908416787 1552167.47983916)","공식 갯바위낚시포인트 데이터 기반. 갯바위 출입 가능 여부와 안전 통제는 현장 및 공식 안내 확인 필요."
"rock-927","제주도 남서부·가파도·마라도 - 할망당 아래 갯바위","rock-fishing-point","제주특별자치도","서귀포시","제주특별자치도 서귀포시","33.122028","","벵에돔|농어|자리돔|볼락|한치|참돔|부시리","들물/썰물","3.3~9.7","모래/ 조개껍질","▶벵에돔 - 목줄/ 장대/ 잠수 ▶농어 - 루어/ 릴찌 ▶자리돔 - 민장대/ 릴찌 ▶볼락 - 루어/ 릴찌/ 장대▶한치 - 루어/ 원투 ▶참돔 - 부력/ 잠수 ▶부시리 - 부력/ 잠수/ 지깅","needs-check","MOF_SHARED_ROCK_FISHING_POINT","https://www.data.go.kr/data/15148580/fileData.do","2026-07-11","927","POINT (884950.165406717 1459676.70367552)","공식 갯바위낚시포인트 데이터 기반. 갯바위 출입 가능 여부와 안전 통제는 현장 및 공식 안내 확인 필요."
"rock-928","고이도·매화도·선도·증도 - 도둑섬 포인트","rock-fishing-point","전라남도","신안군","전라남도 신안군","35.008056","","감성돔|노래미|광어|숭어|우럭|붕장어|도다리|농어","초들물~중날물","0.1~1.7","펄/ 모래","▶감성돔 - 릴찌/ 장대/ 원투 ▶노래미 - 루어/ 릴찌/ 장대/ 원투 ▶광어 - 릴찌/ 원투 ▶숭어 - 릴찌/ 장대/ 훌치기▶우럭 - 릴찌/ 원투 ▶붕장어 - 원투 ▶도다리 - 원투 ▶농어 - 루어/ 릴찌","needs-check","MOF_SHARED_ROCK_FISHING_POINT","https://www.data.go.kr/data/15148580/fileData.do","2026-07-11","928","POINT (872359.75022955 1669015.37948403)","공식 갯바위낚시포인트 데이터 기반. 갯바위 출입 가능 여부와 안전 통제는 현장 및 공식 안내 확인 필요."
"rock-929","상조도·하조도·관매도 - 고치여 하늘다리 주변","rock-fishing-point","전라남도","진도군","전라남도 진도군","34.221833","","감성돔|돌돔|참돔|도다리|노래미|우럭","초들물~중날물","3.6~4.2","자갈","▶감성돔 - 릴찌/ 장대/ 원투 ▶돌돔 - 원투/ 민장대/ 릴찌▶참돔 - 부력/ 잠수 ▶도다리 - 원투▶노래미 - 루어/ 릴찌/ 장대/ 원투 ▶우럭 - 릴찌/ 원투","needs-check","MOF_SHARED_ROCK_FISHING_POINT","https://www.data.go.kr/data/15148580/fileData.do","2026-07-11","929","POINT (865218.88079809 1581905.88717688)","공식 갯바위낚시포인트 데이터 기반. 갯바위 출입 가능 여부와 안전 통제는 현장 및 공식 안내 확인 필요."
"rock-930","제주도 남서부·가파도·마라도 - 사계리 체육공원 갯","rock-fishing-point","제주특별자치도","서귀포시","제주특별자치도 서귀포시","33.221417","","벵에돔|농어|자리돔|볼락|한치|참돔|부시리","들물/썰물","1.3~4.3","모래","▶벵에돔 - 목줄/ 장대/ 잠수▶농어 - 루어/ 릴찌▶자리돔 - 민장대/ 릴찌▶볼락 - 루어/ 릴찌/ 장대▶한치 - 루어/ 원투▶참돔 - 부력/ 잠수▶부시리 - 부력/ 잠수/ 지깅","needs-check","MOF_SHARED_ROCK_FISHING_POINT","https://www.data.go.kr/data/15148580/fileData.do","2026-07-11","930","POINT (887911.91394383 1470663.31223194)","공식 갯바위낚시포인트 데이터 기반. 갯바위 출입 가능 여부와 안전 통제는 현장 및 공식 안내 확인 필요."
"rock-931","암태도 - 중앙대교 북단","rock-fishing-point","전라남도","신안군","전라남도 신안군","34.800583","","감성돔|숭어|농어","초들물~중날물","0~5.5","암","▶감성돔 - 릴찌/ 장대/ 원투▶숭어 - 릴찌/ 장대/ 홀치기▶농어 - 루어/ 릴찌","needs-check","MOF_SHARED_ROCK_FISHING_POINT","https://www.data.go.kr/data/15148580/fileData.do","2026-07-11","931","POINT (873618.837537382 1645983.58128971)","공식 갯바위낚시포인트 데이터 기반. 갯바위 출입 가능 여부와 안전 통제는 현장 및 공식 안내 확인 필요."
"rock-932","추자도 - 하추자도 남동측 끝단","rock-fishing-point","제주특별자치도","제주시","제주특별자치도 제주시","33.930167","","감성돔|돌돔|자리돔|농어|볼락|참돔","들물/썰물","2.1~5.","암","▶감성돔 - 릴찌/ 장대/ 원투▶돌돔 - 민장대/ 릴찌/ 원투▶자리돔 - 장대/ 카드▶농어 - 루어/ 릴찌▶볼락 - 루어/ 릴찌/ 장대▶참돔 - 부력/ 잠수","needs-check","MOF_SHARED_ROCK_FISHING_POINT","https://www.data.go.kr/data/15148580/fileData.do","2026-07-11","932","POINT (891908.0596022641 1549213.83941742)","공식 갯바위낚시포인트 데이터 기반. 갯바위 출입 가능 여부와 안전 통제는 현장 및 공식 안내 확인 필요."
"rock-933","안좌도·팔금도 - 신안교 동단","rock-fishing-point","전라남도","신안군","전라남도 신안군","34.767639","","볼락|고등어","초들물~중날물","3.9~9.0","암","▶볼락 - 릴찌/ 장대/ 루어▶고등어 - 루어/ 릴찌/ 장대▶볼락 - 릴찌/ 장대/ 루어▶고등어 - 루어/ 릴찌/ 장대","needs-check","MOF_SHARED_ROCK_FISHING_POINT","https://www.data.go.kr/data/15148580/fileData.do","2026-07-11","933","POINT (874826.941701321 1642312.70364533)","공식 갯바위낚시포인트 데이터 기반. 갯바위 출입 가능 여부와 안전 통제는 현장 및 공식 안내 확인 필요."
"rock-934","시도 - 시모도 연륙교","rock-fishing-point","인천광역시","옹진군","인천광역시 옹진군","37.536500","","우럭|숭어|붕장어|농어|노래미","초들물~중날물","-3.7~-4.5","펄","▶우럭 - 릴찌/ 원투▶숭어 - 릴찌/ 장대/ 홀치기▶붕장어 - 원투▶농어 - 루어/ 릴찌▶노래미 - 루어/ 릴찌/ 장대/ 원투","needs-check","MOF_SHARED_ROCK_FISHING_POINT","https://www.data.go.kr/data/15148580/fileData.do","2026-07-11","934","POINT (904105.16413582 1949129.18799659)","공식 갯바위낚시포인트 데이터 기반. 갯바위 출입 가능 여부와 안전 통제는 현장 및 공식 안내 확인 필요."
"rock-935","암태도 - 익금해변 갯바위","rock-fishing-point","전라남도","신안군","전라남도 신안군","34.881278","","감성돔|숭어|농어","초들물~중날물","0.2~0.7","펄","▶감성돔 - 릴찌/ 장대/ 원투▶숭어 - 릴찌/ 장대/ 홀치기▶농어 - 루어/ 릴찌","needs-check","MOF_SHARED_ROCK_FISHING_POINT","https://www.data.go.kr/data/15148580/fileData.do","2026-07-11","935","POINT (874064.55243688 1654928.52431193)","공식 갯바위낚시포인트 데이터 기반. 갯바위 출입 가능 여부와 안전 통제는 현장 및 공식 안내 확인 필요."
"rock-936","가거도 - 오구멍박벌 갯바위","rock-fishing-point","전라남도","신안군","전라남도 신안군","34.064306","","부시리|노래미|농어|볼락|우럭","초들물~중날물","1.8~3.3","펄/ 모래","▶부시리 - 루어▶노래미 - 루어/ 릴찌/ 장대/ 원투▶농어 - 루어▶볼락 - 릴찌/ 장대/ 루어▶우럭 - 루어/ 릴찌/ 장대/ 원투","needs-check","MOF_SHARED_ROCK_FISHING_POINT","https://www.data.go.kr/data/15148580/fileData.do","2026-07-11","936","POINT (779572.142788415 1566045.42113677)","공식 갯바위낚시포인트 데이터 기반. 갯바위 출입 가능 여부와 안전 통제는 현장 및 공식 안내 확인 필요."
"rock-937","낭도 부근 - 해안길 좌측","rock-fishing-point","전라남도","여수시","전라남도 여수시","34.596071","","감성돔|붕장어|농어|숭어","조금 전후/ 5물~8물","2.6~4.9m","암","▶ 감성돔 - 릴찌/ 장대/ 원투▶ 붕장어 - 원투▶ 농어 - 루어/ 릴찌▶ 숭어 - 릴찌/ 장대/ 훌치기","needs-check","MOF_SHARED_ROCK_FISHING_POINT","https://www.data.go.kr/data/15148580/fileData.do","2026-07-11","937","POINT (1003657.59624481 1622436.11091337)","공식 갯바위낚시포인트 데이터 기반. 갯바위 출입 가능 여부와 안전 통제는 현장 및 공식 안내 확인 필요."
"rock-938","진해항 부근 - 잠도 서측","rock-fishing-point","경상남도","창원시","경상남도 창원시","35.059897","","도다리|노래미|볼락|감성돔|갑오징어","초들물~중날물","0.1~3.9m","펄","▶ 도다리 - 원투▶ 노래미 - 루어/ 릴찌/ 장대/ 원투▶ 볼락 - 릴찌/ 장대/ 루어▶ 감성돔 - 릴찌/ 장대/ 원투▶ 갑오징어 - 에깅","needs-check","MOF_SHARED_ROCK_FISHING_POINT","https://www.data.go.kr/data/15148580/fileData.do","2026-07-11","938","POINT (1106052.09339746 1674488.75841179)","공식 갯바위낚시포인트 데이터 기반. 갯바위 출입 가능 여부와 안전 통제는 현장 및 공식 안내 확인 필요."
"rock-939","추도 부근 - 용머리치 끝","rock-fishing-point","경상남도","통영시","경상남도 통영시","34.754906","","볼락|우럭|주꾸미|광어|감성돔|벵에돔|참돔","6물~8물","5.0~7.8m","암","▶ 볼락 - 릴찌/ 장대/ 루어▶ 우럭 - 릴찌/ 원투▶ 주꾸미 - 릴찌/ 원투▶ 광어 - 릴찌/ 원투▶ 감성돔 - 릴찌/ 장대/ 원투▶ 벵에돔 - 목줄/ 장대/ 부력/ 잠수▶ 참돔 - 부력/ 잠수","needs-check","MOF_SHARED_ROCK_FISHING_POINT","https://www.data.go.kr/data/15148580/fileData.do","2026-07-11","939","POINT (1071697.80482237 1640328.03905936)","공식 갯바위낚시포인트 데이터 기반. 갯바위 출입 가능 여부와 안전 통제는 현장 및 공식 안내 확인 필요."
"rock-940","갈도 부근 - 너부렁여","rock-fishing-point","경상남도","통영시","경상남도 통영시","34.559373","","감성돔|돌돔|볼락|무늬오징어","2물~8물/ 사리 전후","14.5~15.9m","암","▶ 감성돔 - 릴찌/ 장대/ 원투▶ 돌돔 - 릴찌/ 장대/ 원투▶ 볼락 - 릴찌/ 장대/ 루어 ▶ 무늬오징어 - 릴찌/ 에깅","needs-check","MOF_SHARED_ROCK_FISHING_POINT","https://www.data.go.kr/data/15148580/fileData.do","2026-07-11","940","POINT (1062050.0580229 1618573.69959053)","공식 갯바위낚시포인트 데이터 기반. 갯바위 출입 가능 여부와 안전 통제는 현장 및 공식 안내 확인 필요."
"rock-941","홍도 - 수력말과종바위 인근","rock-fishing-point","전라남도","신안군","전라남도 신안군","34.713557","","참돔|돌돔|감성돔|우럭|농어","사리 전후/ 초들물/ 만조 전후","2.5~15.5m","암","▶ 참돔 - 부력/ 잠수▶ 돌돔 - 릴찌/ 장대/ 원투▶ 감성돔 - 릴찌/ 장대/ 원투▶ 우럭 - 릴찌/ 원투▶ 농어 - 루어/ 릴찌","needs-check","MOF_SHARED_ROCK_FISHING_POINT","https://www.data.go.kr/data/15148580/fileData.do","2026-07-11","941","POINT (790465.239090486 1637846.64410553)","공식 갯바위낚시포인트 데이터 기반. 갯바위 출입 가능 여부와 안전 통제는 현장 및 공식 안내 확인 필요."
"rock-942","득량만 부근 - 정남진해양낚시공원","rock-fishing-point","전라남도","장흥군","전라남도 장흥군","34.471629","","감성돔|농어|우럭|노래미|도다리|학공치","4물~12물/ 들물","0.1~1.2m","펄","▶ 감성돔 - 릴찌/ 장대/ 원투▶ 농어 - 루어/ 릴찌▶ 우럭 - 릴찌/ 원투▶ 노래미 - 루어/ 릴찌/ 장대/ 원투▶ 도다리 - 원투▶ 학공치 - 릴찌/ 장대","needs-check","MOF_SHARED_ROCK_FISHING_POINT","https://www.data.go.kr/data/15148580/fileData.do","2026-07-11","942","POINT (952100.523477579 1608759.6488209)","공식 갯바위낚시포인트 데이터 기반. 갯바위 출입 가능 여부와 안전 통제는 현장 및 공식 안내 확인 필요."
"rock-943","여수엑스포 부근 - 국동항 인근","rock-fishing-point","전라남도","여수시","전라남도 여수시","34.721984","","벵에돔|참돔|돌돔|감성돔|농어","조금","6.3~8.4m","펄/ 모래","▶ 벵에돔 - 목줄/ 장대/ 부력/ 잠수▶ 참돔 - 부력/ 잠수▶ 돌돔 - 릴찌/ 장대/ 원투▶ 감성돔 - 릴찌/ 장대/ 원투▶ 농어 - 루어/ 릴찌","needs-check","MOF_SHARED_ROCK_FISHING_POINT","https://www.data.go.kr/data/15148580/fileData.do","2026-07-11","943","POINT (1020640.14033165 1636420.94952641)","공식 갯바위낚시포인트 데이터 기반. 갯바위 출입 가능 여부와 안전 통제는 현장 및 공식 안내 확인 필요."
"rock-944","화원 부근 - 마리나공사장 남측(*화원 마리나 포인트)","rock-fishing-point","전라남도","해남군","전라남도 해남군","34.683356","","감성돔|붕장어|농어","조금 전후/ 초들물~중날물","0.7~1.5m","펄","▶ 감성돔 - 릴찌/ 장대/ 원투▶ 붕장어 - 원투▶ 농어 - 루어/ 릴찌","needs-check","MOF_SHARED_ROCK_FISHING_POINT","https://www.data.go.kr/data/15148580/fileData.do","2026-07-11","944","POINT (886210.527107061 1632816.26750083)","공식 갯바위낚시포인트 데이터 기반. 갯바위 출입 가능 여부와 안전 통제는 현장 및 공식 안내 확인 필요."
"rock-945","황제도 - 흰여","rock-fishing-point","전라남도","완도군","전라남도 완도군","34.216486","","감성돔|참돔|돌돔|농어|광어|볼락","사리를 피한 물때/ 1~3물/ 9~13물","17.2~21.5m","암","▶ 감성돔 - 릴찌/ 장대/ 원투▶ 참돔 - 부력/ 잠수▶ 돌돔 - 릴찌/ 장대/ 원투▶ 농어 - 루어/ 릴찌▶ 광어 - 릴찌/ 원투▶ 볼락 - 릴찌/ 장대/ 루어","needs-check","MOF_SHARED_ROCK_FISHING_POINT","https://www.data.go.kr/data/15148580/fileData.do","2026-07-11","945","POINT (966200.235658625 1580405.76212568)","공식 갯바위낚시포인트 데이터 기반. 갯바위 출입 가능 여부와 안전 통제는 현장 및 공식 안내 확인 필요."
"rock-946","홍도 - 독립문 인근","rock-fishing-point","전라남도","신안군","전라남도 신안군","34.716529","","참돔|돌돔|감성돔|우럭|농어","사리 전후/ 초들물/ 만조 전후","3.3~7m","암","▶ 참돔 - 부력/ 잠수▶ 돌돔 - 릴찌/ 장대/ 원투▶ 감성돔 - 릴찌/ 장대/ 원투▶ 우럭 - 릴찌/ 원투▶ 농어 - 루어/ 릴찌","needs-check","MOF_SHARED_ROCK_FISHING_POINT","https://www.data.go.kr/data/15148580/fileData.do","2026-07-11","946","POINT (790163.894967314 1638183.33166923)","공식 갯바위낚시포인트 데이터 기반. 갯바위 출입 가능 여부와 안전 통제는 현장 및 공식 안내 확인 필요."
"rock-947","연화도 부근 - 연화리 갯바위","rock-fishing-point","경상남도","통영시","경상남도 통영시","34.641805","","참돔|감성돔|볼락|벵에돔|농어","초들물/ 초날물/ 5물~6물/ 조금","10.1~10.7m","암","▶ 참돔 - 부력/ 잠수▶ 감성돔 - 릴찌/ 장대/ 원투▶ 볼락 - 릴찌/ 장대/ 루어▶ 벵에돔 - 목줄/ 장대/ 부력/ 잠수▶ 농어 - 루어/ 릴찌","needs-check","MOF_SHARED_ROCK_FISHING_POINT","https://www.data.go.kr/data/15148580/fileData.do","2026-07-11","947","POINT (1079144.25546413 1627845.77477526)","공식 갯바위낚시포인트 데이터 기반. 갯바위 출입 가능 여부와 안전 통제는 현장 및 공식 안내 확인 필요."
"rock-949","거차수도 부근 - 동거차 둥근섬","rock-fishing-point","전라남도","진도군","전라남도 진도군","34.247138","","참돔|감성돔|돌돔|우럭|농어|부시리","10물~5물","1.9~2m","암","▶ 참돔 - 부력/ 잠수▶ 감성돔 - 릴찌/ 장대/ 원투▶ 돌돔 - 릴찌/ 장대/ 원투▶ 우럭 - 릴찌/ 원투▶ 농어 - 루어/ 릴찌▶ 부시리 - 부력/ 잠수/ 지깅","needs-check","MOF_SHARED_ROCK_FISHING_POINT","https://www.data.go.kr/data/15148580/fileData.do","2026-07-11","949","POINT (855961.1975319721 1584850.34672506)","공식 갯바위낚시포인트 데이터 기반. 갯바위 출입 가능 여부와 안전 통제는 현장 및 공식 안내 확인 필요."
"rock-950","독거군도 부근 - 소슬도","rock-fishing-point","전라남도","진도군","전라남도 진도군","34.254116","","참돔|감성돔|돌돔|광어|농어","조금~4물","1~2.2m","암","▶ 참돔 - 부력/ 잠수▶ 감성돔 - 릴찌/ 장대/ 원투▶ 돌돔 - 릴찌/ 장대/ 원투▶ 광어-릴찌/ 원투▶ 농어 - 루어/ 릴찌","needs-check","MOF_SHARED_ROCK_FISHING_POINT","https://www.data.go.kr/data/15148580/fileData.do","2026-07-11","950","POINT (876222.4264538371 1585334.81199038)","공식 갯바위낚시포인트 데이터 기반. 갯바위 출입 가능 여부와 안전 통제는 현장 및 공식 안내 확인 필요."
"rock-951","거금수도 부근 - 추도","rock-fishing-point","전라남도","고흥군","전라남도 고흥군","34.479128","","감성돔|숭어|우럭|노래미|농어|볼락","초들물~만조","5.3~5.5m","펄","▶ 감성돔 - 릴찌/ 장대/ 원투▶ 숭어 - 릴찌/ 장대/ 훌치기▶ 우럭 - 릴찌/ 원투▶ 노래미 - 루어/ 릴찌/ 장대/ 원투▶ 농어 - 루어/ 릴찌▶ 볼락 - 릴찌/ 장대/ 루어","needs-check","MOF_SHARED_ROCK_FISHING_POINT","https://www.data.go.kr/data/15148580/fileData.do","2026-07-11","951","POINT (989162.375640208 1609474.12304542)","공식 갯바위낚시포인트 데이터 기반. 갯바위 출입 가능 여부와 안전 통제는 현장 및 공식 안내 확인 필요."
"rock-952","낭도 부근 - 사도 서측","rock-fishing-point","전라남도","여수시","전라남도 여수시","34.592573","","감성돔|붕장어|농어|숭어","사리 전후/ 초날물","1.3~2.2m","암","▶ 감성돔 - 릴찌/ 장대/ 원투▶ 붕장어 - 원투▶ 농어 - 루어/ 릴찌▶ 숭어 - 릴찌/ 장대/ 훌치기","needs-check","MOF_SHARED_ROCK_FISHING_POINT","https://www.data.go.kr/data/15148580/fileData.do","2026-07-11","952","POINT (1004897.17085278 1622048.75815487)","공식 갯바위낚시포인트 데이터 기반. 갯바위 출입 가능 여부와 안전 통제는 현장 및 공식 안내 확인 필요."
"rock-953","여수엑스포 부근 - 검은모래해변 부근","rock-fishing-point","전라남도","여수시","전라남도 여수시","34.769634","","벵에돔|참돔|돌돔|감성돔|농어","조금","0.8~9.8m","펄","▶ 벵에돔 - 목줄/ 장대/ 부력/ 잠수▶ 참돔 - 부력/ 잠수▶ 돌돔 - 릴찌/ 장대/ 원투▶ 감성돔 - 릴찌/ 장대/ 원투▶ 농어 - 루어/ 릴찌","needs-check","MOF_SHARED_ROCK_FISHING_POINT","https://www.data.go.kr/data/15148580/fileData.do","2026-07-11","953","POINT (1022935.73946678 1641710.41343079)","공식 갯바위낚시포인트 데이터 기반. 갯바위 출입 가능 여부와 안전 통제는 현장 및 공식 안내 확인 필요."
"rock-954","손죽열도 부근 - 소거문 홈통","rock-fishing-point","전라남도","여수시","전라남도 여수시","34.282640","","감성돔|참돔|돌돔|우럭|노래미|농어|숭어|삼치|문어","사리 전후/ 10~5물","7.6~20m","펄","▶ 감성돔 - 릴찌/ 장대/ 원투▶ 참돔 - 부력/ 잠수▶ 돌돔 - 릴찌/ 장대/ 원투▶ 우럭 - 릴찌/ 원투▶ 노래미 - 루어/ 릴찌/ 장대/ 원투▶ 농어 - 루어/ 릴찌▶ 숭어 - 릴찌/ 장대/ 훌치기▶ 삼치 - 루어/ 릴찌▶ 문어 - 루어","needs-check","MOF_SHARED_ROCK_FISHING_POINT","https://www.data.go.kr/data/15148580/fileData.do","2026-07-11","954","POINT (989723.793007774 1587685.85125046)","공식 갯바위낚시포인트 데이터 기반. 갯바위 출입 가능 여부와 안전 통제는 현장 및 공식 안내 확인 필요."
"rock-955","해남반도 부근 - 어란리 서측","rock-fishing-point","전라남도","해남군","전라남도 해남군","34.378766","","감성돔|고등어|볼락|노래미|숭어|우럭|농어|돌돔","사리 전후","0.6~1.7m","펄","▶ 감성돔 - 릴찌/ 장대/ 원투▶ 고등어 - 장대/ 릴찌/ 루어▶ 볼락 - 릴찌/ 장대/ 루어▶ 노래미 - 루어/ 릴찌/ 장대/ 원투▶ 숭어 - 릴찌/ 장대/ 훌치기▶ 우럭 - 릴찌/ 원투▶ 농어 - 루어/ 릴찌▶ 돌돔 - 릴찌/ 장대/ 원투","needs-check","MOF_SHARED_ROCK_FISHING_POINT","https://www.data.go.kr/data/15148580/fileData.do","2026-07-11","955","POINT (905654.5478584521 1598816.13130573)","공식 갯바위낚시포인트 데이터 기반. 갯바위 출입 가능 여부와 안전 통제는 현장 및 공식 안내 확인 필요."
"rock-956","완도 부근 - 사내방조제","rock-fishing-point","전라남도","강진군","전라남도 강진군","34.461650","","감성돔|농어|도다리|숭어|노래미|학공치","들물","0.2~0.4m","펄","▶ 감성돔 - 릴찌/ 장대/ 원투▶ 농어 - 루어/ 릴찌▶ 도다리 - 원투▶ 숭어 - 릴찌/ 장대/ 훌치기▶ 노래미 - 루어/ 릴찌/ 장대▶ 학공치 - 릴찌/ 장대","needs-check","MOF_SHARED_ROCK_FISHING_POINT","https://www.data.go.kr/data/15148580/fileData.do","2026-07-11","956","POINT (930141.3164981741 1607792.11216029)","공식 갯바위낚시포인트 데이터 기반. 갯바위 출입 가능 여부와 안전 통제는 현장 및 공식 안내 확인 필요."
"rock-957","대삼부도 - 똥여부근 갯바위","rock-fishing-point","전라남도","여수시","전라남도 여수시","34.058864","","벵에돔|참돔|돌돔|감성돔|농어","10물~13물","0.3~3.1m","암","▶ 벵에돔 - 목줄/ 장대/ 부력/ 잠수▶ 참돔 - 부력/ 잠수▶ 돌돔 - 릴찌/ 장대/ 원투▶ 감성돔 - 릴찌/ 장대/ 원투▶ 농어 - 루어/ 릴찌","needs-check","MOF_SHARED_ROCK_FISHING_POINT","https://www.data.go.kr/data/15148580/fileData.do","2026-07-11","957","POINT (990378.514749149 1562872.60305025)","공식 갯바위낚시포인트 데이터 기반. 갯바위 출입 가능 여부와 안전 통제는 현장 및 공식 안내 확인 필요."
"rock-958","연화도 부근 - 대바위 인근","rock-fishing-point","경상남도","통영시","경상남도 통영시","34.642132","","참돔|감성돔|볼락|벵에돔|농어","초들물/ 초날물/ 5물~6물/ 조금","3.8~4.6m","암","▶ 참돔 - 부력/ 잠수▶ 감성돔 - 릴찌/ 장대/ 원투▶ 볼락 - 릴찌/ 장대/ 루어▶ 벵에돔 - 목줄/ 장대/ 부력/ 잠수▶ 농어 - 루어/ 릴찌","needs-check","MOF_SHARED_ROCK_FISHING_POINT","https://www.data.go.kr/data/15148580/fileData.do","2026-07-11","958","POINT (1077395.32077125 1627867.24435917)","공식 갯바위낚시포인트 데이터 기반. 갯바위 출입 가능 여부와 안전 통제는 현장 및 공식 안내 확인 필요."
"rock-959","추자군도 - 염도 좌측","rock-fishing-point","제주특별자치도","제주시","제주특별자치도 제주시","33.974269","","감성돔|벵에돔|참돔|돌돔|볼락|부시리","11물~5물/ 정조전후","0.8~1.1m","암","▶ 감성돔 - 릴찌/ 장대/ 원투▶ 벵에돔 - 목줄/ 장대/ 부력/ 잠수▶ 참돔 - 부력/ 잠수▶ 돌돔 - 민장대/ 릴찌/ 원투▶ 볼락 - 릴찌/ 장대/ 루어▶ 부시리 - 부력/ 잠수/ 지깅","needs-check","MOF_SHARED_ROCK_FISHING_POINT","https://www.data.go.kr/data/15148580/fileData.do","2026-07-11","959","POINT (889701.585303582 1554130.23233148)","공식 갯바위낚시포인트 데이터 기반. 갯바위 출입 가능 여부와 안전 통제는 현장 및 공식 안내 확인 필요."
"rock-960","진주만 부근 - 삼분갑 근처 갯바위(*삼천포 마리나 포인트)","rock-fishing-point","경상남도","사천시","경상남도 사천시","34.958816","","감성돔|노래미|볼락|농어|도다리|갑오징어","13물-4물/ 초들물","1.2~6.3m","암","▶ 감성돔 - 릴찌/ 장대/ 원투▶ 노래미 - 루어/ 릴찌/ 장대/ 원투▶ 볼락 - 릴찌/ 장대/ 루어▶ 농어 - 루어/ 릴찌▶ 도다리 - 원투▶ 갑오징어 - 에깅","needs-check","MOF_SHARED_ROCK_FISHING_POINT","https://www.data.go.kr/data/15148580/fileData.do","2026-07-11","960","POINT (1048580.90500675 1662790.12434888)","공식 갯바위낚시포인트 데이터 기반. 갯바위 출입 가능 여부와 안전 통제는 현장 및 공식 안내 확인 필요."
"rock-961","진해만 부근 - 문턱개 북측","rock-fishing-point","경상남도","통영시","경상남도 통영시","34.862598","","감성돔|넙치|도다리|볼락|붕장어|우럭|학공치|노래미|농어|고등어","조금 전후","1.4~3.5m","펄","▶ 감성돔 - 릴찌/ 장대/ 원투▶ 넙치 - 루어/ 원투▶ 도다리 - 원투▶ 볼락 - 릴찌/ 장대/ 루어▶ 붕장어 - 원투▶ 우럭 - 릴찌/ 원투▶ 학공치 - 릴찌/ 장대▶ 노래미 - 루어/ 릴찌/ 장대/ 원투▶ 농어 - 루어/ 릴찌▶ 고등어 - 장대/ 릴찌/ 루어","needs-check","MOF_SHARED_ROCK_FISHING_POINT","https://www.data.go.kr/data/15148580/fileData.do","2026-07-11","961","POINT (1081204.51620438 1652350.74440384)","공식 갯바위낚시포인트 데이터 기반. 갯바위 출입 가능 여부와 안전 통제는 현장 및 공식 안내 확인 필요."
"rock-962","갈도 부근 - 빗바위","rock-fishing-point","경상남도","통영시","경상남도 통영시","34.570553","","감성돔|돌돔|볼락|무늬오징어","2물~8물/ 사리 전후","11.6~11.8m","모래/ 조개껍질","▶ 감성돔 - 릴찌/ 장대/ 원투▶ 돌돔 - 릴찌/ 장대/ 원투▶ 볼락 - 릴찌/ 장대/ 루어 ▶ 무늬오징어 - 릴찌/ 에깅","needs-check","MOF_SHARED_ROCK_FISHING_POINT","https://www.data.go.kr/data/15148580/fileData.do","2026-07-11","962","POINT (1063216.4435356 1619821.43581919)","공식 갯바위낚시포인트 데이터 기반. 갯바위 출입 가능 여부와 안전 통제는 현장 및 공식 안내 확인 필요."
"rock-963","목포 부근 - 도시촌 길 남측","rock-fishing-point","전라남도","신안군","전라남도 신안군","34.814938","","감성돔|붕장어|우럭|노래미|농어|볼락","사리 전후/ 초들물~중날물","-0.8~7.3m","펄","▶ 감성돔 - 릴찌/ 장대/ 원투▶ 붕장어 - 원투▶ 우럭 - 릴찌/ 원투▶ 노래미 - 루어/ 릴찌/ 장대/ 원투▶ 농어 - 루어/ 릴찌▶ 볼락 - 릴찌/ 장대/ 루어","needs-check","MOF_SHARED_ROCK_FISHING_POINT","https://www.data.go.kr/data/15148580/fileData.do","2026-07-11","963","POINT (894572.5326641051 1647311.17351934)","공식 갯바위낚시포인트 데이터 기반. 갯바위 출입 가능 여부와 안전 통제는 현장 및 공식 안내 확인 필요."
"rock-964","거금수도 부근 - 한옥민박 옆","rock-fishing-point","전라남도","고흥군","전라남도 고흥군","34.473424","","감성돔|숭어|우럭|노래미|농어|볼락","초들물~만조","2.3~2.9m","펄","▶ 감성돔 - 릴찌/ 장대/ 원투▶ 숭어 - 릴찌/ 장대/ 훌치기▶ 우럭 - 릴찌/ 원투▶ 노래미 - 루어/ 릴찌/ 장대/ 원투▶ 농어 - 루어/ 릴찌▶ 볼락 - 릴찌/ 장대/ 루어","needs-check","MOF_SHARED_ROCK_FISHING_POINT","https://www.data.go.kr/data/15148580/fileData.do","2026-07-11","964","POINT (975532.3081889411 1608867.55009258)","공식 갯바위낚시포인트 데이터 기반. 갯바위 출입 가능 여부와 안전 통제는 현장 및 공식 안내 확인 필요."
"rock-965","진해항 부근 - 해돋이까페 부근","rock-fishing-point","경상남도","창원시","경상남도 창원시","35.104073","","도다리|노래미|볼락|감성돔|갑오징어","초들물~중날물","1.3~2.5m","펄","▶ 도다리 - 원투▶ 노래미 - 루어/ 릴찌/ 장대/ 원투▶ 볼락 - 릴찌/ 장대/ 루어▶ 감성돔 - 릴찌/ 장대/ 원투▶ 갑오징어 - 에깅","needs-check","MOF_SHARED_ROCK_FISHING_POINT","https://www.data.go.kr/data/15148580/fileData.do","2026-07-11","965","POINT (1100363.4157127 1679324.0736599)","공식 갯바위낚시포인트 데이터 기반. 갯바위 출입 가능 여부와 안전 통제는 현장 및 공식 안내 확인 필요."
"rock-966","자란만 부근 - 가오치 마을 앞","rock-fishing-point","경상남도","통영시","경상남도 통영시","34.909072","","갑오징어|감성돔|노래미|벵에돔|참돔|볼락|농어|붕장어|우럭","13물~6물","0.6~2.9m","펄","▶ 갑오징어 - 에깅▶ 감성돔 - 릴찌/ 장대/ 원투▶ 노래미 - 루어/ 릴찌/ 장대/ 원투▶ 벵에돔 - 목줄/ 장대/ 부력/ 잠수▶ 참돔 - 부력/ 잠수▶ 볼락 - 릴찌/ 장대/ 루어▶ 농어 - 루어/ 릴찌▶ 붕장어 - 원투▶ 우럭 - 릴찌/ 원투","needs-check","MOF_SHARED_ROCK_FISHING_POINT","https://www.data.go.kr/data/15148580/fileData.do","2026-07-11","966","POINT (1074894.95326479 1657451.23004981)","공식 갯바위낚시포인트 데이터 기반. 갯바위 출입 가능 여부와 안전 통제는 현장 및 공식 안내 확인 필요."
"rock-967","만재도 - 내마도상단","rock-fishing-point","전라남도","신안군","전라남도 신안군","34.210540","","돌돔|참돔|감성돔|우럭|광어|농어|볼락|문어","조금 전후","10.5~14m","암","▶ 돌돔 - 릴찌/ 장대/ 원투▶ 참돔 - 부력/ 잠수▶ 감성돔 - 릴찌/ 장대/ 원투▶ 우럭 - 릴찌/ 원투▶ 광어 - 릴찌/ 원투▶ 농어 - 루어/ 릴찌▶ 볼락 - 릴찌/ 장대/ 루어▶ 문어 - 루어","needs-check","MOF_SHARED_ROCK_FISHING_POINT","https://www.data.go.kr/data/15148580/fileData.do","2026-07-11","967","POINT (812456.272454595 1581559.26348568)","공식 갯바위낚시포인트 데이터 기반. 갯바위 출입 가능 여부와 안전 통제는 현장 및 공식 안내 확인 필요."
"rock-968","대삼부도 - 동굴 좌측","rock-fishing-point","전라남도","여수시","전라남도 여수시","34.061222","","벵에돔|참돔|돌돔|감성돔|농어","10물~13물","0.2~0.8m","암","▶ 벵에돔 - 목줄/ 장대/ 부력/ 잠수▶ 참돔 - 부력/ 잠수▶ 돌돔 - 릴찌/ 장대/ 원투▶ 감성돔 - 릴찌/ 장대/ 원투▶ 농어 - 루어/ 릴찌","needs-check","MOF_SHARED_ROCK_FISHING_POINT","https://www.data.go.kr/data/15148580/fileData.do","2026-07-11","968","POINT (989864.514369366 1563134.59980554)","공식 갯바위낚시포인트 데이터 기반. 갯바위 출입 가능 여부와 안전 통제는 현장 및 공식 안내 확인 필요."
"rock-969","진해항 부근 - 막개도","rock-fishing-point","경상남도","창원시","경상남도 창원시","35.137577","","도다리|노래미|볼락|감성돔|갑오징어","초들물~중날물","1.2~8.1m","펄","▶ 도다리 - 원투▶ 노래미 - 루어/ 릴찌/ 장대/ 원투▶ 볼락 - 릴찌/ 장대/ 루어▶ 감성돔 - 릴찌/ 장대/ 원투▶ 갑오징어 - 에깅","needs-check","MOF_SHARED_ROCK_FISHING_POINT","https://www.data.go.kr/data/15148580/fileData.do","2026-07-11","969","POINT (1100206.49307921 1683038.64720311)","공식 갯바위낚시포인트 데이터 기반. 갯바위 출입 가능 여부와 안전 통제는 현장 및 공식 안내 확인 필요."
"rock-970","추자군도 - 섬생이 좌측","rock-fishing-point","제주특별자치도","제주시","제주특별자치도 제주시","33.939213","","감성돔|벵에돔|참돔|돌돔|볼락|부시리","11물~5물/ 정조전후","2.5~9.4m","암","▶ 감성돔 - 릴찌/ 장대/ 원투▶ 벵에돔 - 목줄/ 장대/ 부력/ 잠수▶ 참돔 - 부력/ 잠수▶ 돌돔 - 민장대/ 릴찌/ 원투▶ 볼락 - 릴찌/ 장대/ 루어▶ 부시리 - 부력/ 잠수/ 지깅","needs-check","MOF_SHARED_ROCK_FISHING_POINT","https://www.data.go.kr/data/15148580/fileData.do","2026-07-11","970","POINT (889961.6544852781 1550239.50080279)","공식 갯바위낚시포인트 데이터 기반. 갯바위 출입 가능 여부와 안전 통제는 현장 및 공식 안내 확인 필요."
"rock-971","득량만 부근 - 득량도 우측","rock-fishing-point","전라남도","고흥군","전라남도 고흥군","34.602478","","감성돔|농어|우럭|노래미|도다리|학공치","4물~12물/ 들물","0.5~0.8m","펄","▶ 감성돔 - 릴찌/ 장대/ 원투▶ 농어 - 루어/ 릴찌▶ 우럭 - 릴찌/ 원투▶ 노래미 - 루어/ 릴찌/ 장대/ 원투▶ 도다리 - 원투▶ 학공치 - 릴찌/ 장대","needs-check","MOF_SHARED_ROCK_FISHING_POINT","https://www.data.go.kr/data/15148580/fileData.do","2026-07-11","971","POINT (964033.0791607971 1623215.76416373)","공식 갯바위낚시포인트 데이터 기반. 갯바위 출입 가능 여부와 안전 통제는 현장 및 공식 안내 확인 필요."
"rock-972","연화도 부근 - 가마동섬","rock-fishing-point","경상남도","통영시","경상남도 통영시","34.661539","","참돔|감성돔|볼락|벵에돔|농어","초들물/ 초날물/ 5물~6물/ 조금","1.9~3.3m","암","▶ 참돔 - 부력/ 잠수▶ 감성돔 - 릴찌/ 장대/ 원투▶ 볼락 - 릴찌/ 장대/ 루어▶ 벵에돔 - 목줄/ 장대/ 부력/ 잠수▶ 농어 - 루어/ 릴찌","needs-check","MOF_SHARED_ROCK_FISHING_POINT","https://www.data.go.kr/data/15148580/fileData.do","2026-07-11","972","POINT (1077710.55763301 1630022.22214158)","공식 갯바위낚시포인트 데이터 기반. 갯바위 출입 가능 여부와 안전 통제는 현장 및 공식 안내 확인 필요."
"rock-973","순천만 부근 - 선정 부근","rock-fishing-point","전라남도","고흥군","전라남도 고흥군","34.751111","","붕장어|망둑어|짱뚱어|숭어","초들물","0.2~1m","펄","▶ 붕장어 - 원투▶ 망둑어 - 원투▶ 짱뚱어 - 훌치기▶ 숭어 - 릴찌/ 장대/ 훌치기","needs-check","MOF_SHARED_ROCK_FISHING_POINT","https://www.data.go.kr/data/15148580/fileData.do","2026-07-11","973","POINT (989896.42222016 1639633.32725436)","공식 갯바위낚시포인트 데이터 기반. 갯바위 출입 가능 여부와 안전 통제는 현장 및 공식 안내 확인 필요."
"rock-974","목포 부근 - 모삼머리들","rock-fishing-point","전라남도","신안군","전라남도 신안군","34.867865","","감성돔|붕장어|우럭|노래미|농어|볼락","사리 전후/ 초들물~중날물","-2.3~-1.9m","펄","▶ 감성돔 - 릴찌/ 장대/ 원투▶ 붕장어 - 원투▶ 우럭 - 릴찌/ 원투▶ 노래미 - 루어/ 릴찌/ 장대/ 원투▶ 농어 - 루어/ 릴찌▶ 볼락 - 릴찌/ 장대/ 루어","needs-check","MOF_SHARED_ROCK_FISHING_POINT","https://www.data.go.kr/data/15148580/fileData.do","2026-07-11","974","POINT (892243.853138466 1653208.80283328)","공식 갯바위낚시포인트 데이터 기반. 갯바위 출입 가능 여부와 안전 통제는 현장 및 공식 안내 확인 필요."
"rock-975","추자군도 - 검둥여 부근","rock-fishing-point","제주특별자치도","제주시","제주특별자치도 제주시","33.975919","","감성돔|벵에돔|참돔|돌돔|볼락|부시리","11물~5물/ 정조전후","0.4~1.9m","암","▶ 감성돔 - 릴찌/ 장대/ 원투▶ 벵에돔 - 목줄/ 장대/ 부력/ 잠수▶ 참돔 - 부력/ 잠수▶ 돌돔 - 민장대/ 릴찌/ 원투▶ 볼락 - 릴찌/ 장대/ 루어▶ 부시리 - 부력/ 잠수/ 지깅","needs-check","MOF_SHARED_ROCK_FISHING_POINT","https://www.data.go.kr/data/15148580/fileData.do","2026-07-11","975","POINT (890346.765339802 1554305.75835334)","공식 갯바위낚시포인트 데이터 기반. 갯바위 출입 가능 여부와 안전 통제는 현장 및 공식 안내 확인 필요."
"rock-976","사진리 - 사진 2리 남단 영덕 무지개 폭포","rock-fishing-point","경상북도","영덕군","경상북도 영덕군","36.528694","129.441000","감성돔|노래미|농어|무늬오징어|보리멸|볼락|붕장어|숭어|황어","","0.6m~1.9m","바위","▶감성돔-릴찌/ 원투▶노래미-릴찌/ 원투▶농어-릴찌/ 원투/ 루어▶무늬오징어-릴찌/ 루어▶보리멸-릴찌/ 원투▶볼락-릴찌▶붕장어-릴찌/ 원투▶숭어-릴찌/ 훌치기▶황어-릴찌/ 루어","needs-check","MOF_SHARED_ROCK_FISHING_POINT","https://www.data.go.kr/data/15148580/fileData.do","2026-07-11","976","POINT (1173765.16058471 1838523.88967121)","공식 갯바위낚시포인트 데이터 기반. 갯바위 출입 가능 여부와 안전 통제는 현장 및 공식 안내 확인 필요."
"rock-977","축산항 - 축산 죽도산 갯바위","rock-fishing-point","경상북도","영덕군","경상북도 영덕군","36.508750","129.453000","감성돔|노래미|무늬오징어|보리멸|볼락|붕장어|숭어|황어","","0.9m~1.3m","바위","▶감성돔-릴찌/ 원투▶노래미-릴찌/ 원투▶무늬오징어-릴찌/ 루어▶보리멸-릴찌/ 원투▶볼락-릴찌▶붕장어-릴찌/ 원투▶숭어-릴찌/ 훌치기▶황어-릴찌/ 루어","needs-check","MOF_SHARED_ROCK_FISHING_POINT","https://www.data.go.kr/data/15148580/fileData.do","2026-07-11","977","POINT (1174887.06443262 1836331.88729668)","공식 갯바위낚시포인트 데이터 기반. 갯바위 출입 가능 여부와 안전 통제는 현장 및 공식 안내 확인 필요."
"rock-978","석리 - 석리 탐조등 노물다섯짬 해안도로 갯바위1","rock-fishing-point","경상북도","영덕군","경상북도 영덕군","36.458694","129.436389","감성돔|노래미|농어|무늬오징어|보리멸|볼락|붕장어|숭어|황어","","1m~1.1m","바위","▶감성돔-릴찌/ 원투▶노래미-릴찌/ 원투▶농어-릴찌/ 원투/ 루어▶무늬오징어-릴찌/ 루어▶보리멸-릴찌/ 원투▶볼락-릴찌▶붕장어-릴찌/ 원투▶숭어-릴찌/ 훌치기▶황어-릴찌/ 루어","needs-check","MOF_SHARED_ROCK_FISHING_POINT","https://www.data.go.kr/data/15148580/fileData.do","2026-07-11","978","POINT (1173510.09161516 1830760.95699075)","공식 갯바위낚시포인트 데이터 기반. 갯바위 출입 가능 여부와 안전 통제는 현장 및 공식 안내 확인 필요."
"rock-979","석리 - 석리 탐조등 노물다섯짬 해안도로 갯바위2","rock-fishing-point","경상북도","영덕군","경상북도 영덕군","36.454389","129.435611","감성돔|노래미|농어|무늬오징어|보리멸|볼락|붕장어|숭어|황어","","1m~1.1m","바위","▶감성돔-릴찌/ 원투▶노래미-릴찌/ 원투▶농어-릴찌/ 원투/ 루어▶무늬오징어-릴찌/ 루어▶보리멸-릴찌/ 원투▶볼락-릴찌▶붕장어-릴찌/ 원투▶숭어-릴찌/ 훌치기▶황어-릴찌/ 루어","needs-check","MOF_SHARED_ROCK_FISHING_POINT","https://www.data.go.kr/data/15148580/fileData.do","2026-07-11","979","POINT (1173439.79593443 1830280.30733158)","공식 갯바위낚시포인트 데이터 기반. 갯바위 출입 가능 여부와 안전 통제는 현장 및 공식 안내 확인 필요."
"rock-980","금진2리 - 금진 2리 마을 회관 갯바위","rock-fishing-point","경상북도","영덕군","경상북도 영덕군","36.370500","129.398194","노래미|무늬오징어|보리멸|볼락|붕장어|숭어","","0.1m~0.4m","바위","▶노래미-릴찌/ 원투▶무늬오징어-릴찌/ 루어▶보리멸-릴찌/ 원투▶볼락-릴찌▶붕장어-릴찌/ 원투▶숭어-릴찌/ 훌치기","needs-check","MOF_SHARED_ROCK_FISHING_POINT","https://www.data.go.kr/data/15148580/fileData.do","2026-07-11","980","POINT (1170267.96543291 1820888.05034446)","공식 갯바위낚시포인트 데이터 기반. 갯바위 출입 가능 여부와 안전 통제는 현장 및 공식 안내 확인 필요."
"rock-981","남호리 - 남호 해수욕장 백사장","rock-fishing-point","경상북도","영덕군","경상북도 영덕군","36.327667","129.380000","노래미|농어|보리멸|붕장어|황어","","0.3m~2m","모래","▶노래미-릴찌/ 원투▶농어-릴찌/ 원투/ 루어▶보리멸-릴찌/ 원투▶붕장어-릴찌/ 원투▶황어-릴찌/ 루어","needs-check","MOF_SHARED_ROCK_FISHING_POINT","https://www.data.go.kr/data/15148580/fileData.do","2026-07-11","981","POINT (1168741.12443383 1816119.01030008)","공식 갯바위낚시포인트 데이터 기반. 갯바위 출입 가능 여부와 안전 통제는 현장 및 공식 안내 확인 필요."
"rock-982","장사리 - 장사해수욕장 남동쪽 갯바위","rock-fishing-point","경상북도","영덕군","경상북도 영덕군","36.277444","129.379722","노래미|농어|보리멸|붕장어|황어","","0.1m~0.4m","바위","▶노래미-릴찌/ 원투▶농어-릴찌/ 원투/ 루어▶보리멸-릴찌/ 원투▶붕장어-릴찌/ 원투▶황어-릴찌/ 루어","needs-check","MOF_SHARED_ROCK_FISHING_POINT","https://www.data.go.kr/data/15148580/fileData.do","2026-07-11","982","POINT (1168828.7820157 1810547.18212095)","공식 갯바위낚시포인트 데이터 기반. 갯바위 출입 가능 여부와 안전 통제는 현장 및 공식 안내 확인 필요."
"rock-983","부경리 - 부경리 갯바위1","rock-fishing-point","경상북도","영덕군","경상북도 영덕군","36.274972","129.381111","감성돔|노래미|농어|무늬오징어|보리멸|볼락|붕장어|숭어|황어","","0.1m~0.4m","바위","▶감성돔-릴찌/ 원투▶노래미-릴찌/ 원투▶농어-릴찌/ 원투/ 루어▶무늬오징어-릴찌/ 루어▶보리멸-릴찌/ 원투▶볼락-릴찌▶붕장어-릴찌/ 원투▶숭어-릴찌/ 훌치기▶황어-릴찌/ 루어","needs-check","MOF_SHARED_ROCK_FISHING_POINT","https://www.data.go.kr/data/15148580/fileData.do","2026-07-11","983","POINT (1168957.62702578 1810273.11822846)","공식 갯바위낚시포인트 데이터 기반. 갯바위 출입 가능 여부와 안전 통제는 현장 및 공식 안내 확인 필요."
"rock-984","부경리 - 부경리 갯바위2","rock-fishing-point","경상북도","영덕군","경상북도 영덕군","36.273639","129.379972","감성돔|노래미|농어|무늬오징어|보리멸|볼락|붕장어|숭어|황어","","0.1m~0.4m","바위","▶감성돔-릴찌/ 원투▶노래미-릴찌/ 원투▶농어-릴찌/ 원투/ 루어▶무늬오징어-릴찌/ 루어▶보리멸-릴찌/ 원투▶볼락-릴찌▶붕장어-릴찌/ 원투▶숭어-릴찌/ 훌치기▶황어-릴찌/ 루어","needs-check","MOF_SHARED_ROCK_FISHING_POINT","https://www.data.go.kr/data/15148580/fileData.do","2026-07-11","984","POINT (1168860.14886095 1810122.51684022)","공식 갯바위낚시포인트 데이터 기반. 갯바위 출입 가능 여부와 안전 통제는 현장 및 공식 안내 확인 필요."
"rock-985","삼정항 - 석병방파제 갯바위","rock-fishing-point","경상북도","포항시","경상북도 포항시","36.022667","129.580000","감성돔|노래미|농어|무늬오징어|보리멸|볼락|붕장어|숭어|황어","","0.8m~1.1m","바위","▶감성돔-릴찌/ 원투▶노래미-릴찌/ 원투▶농어-릴찌/ 원투/ 루어▶무늬오징어-릴찌/ 루어▶보리멸-릴찌/ 원투▶볼락-릴찌▶붕장어-릴찌/ 원투▶숭어-릴찌/ 훌치기▶황어-릴찌/ 루어","needs-check","MOF_SHARED_ROCK_FISHING_POINT","https://www.data.go.kr/data/15148580/fileData.do","2026-07-11","985","POINT (1187424.57825682 1782648.75358316)","공식 갯바위낚시포인트 데이터 기반. 갯바위 출입 가능 여부와 안전 통제는 현장 및 공식 안내 확인 필요."
"rock-986","삼정3리 - 심정 3리 갯바위","rock-fishing-point","경상북도","포항시","경상북도 포항시","36.008500","129.578611","갑오징어|노래미|농어|무늬오징어|보리멸|볼락|붕장어|숭어|황어","","0.8m~1.1m","바위","▶갑오징어-릴찌/ 루어▶노래미-릴찌/ 원투▶농어-릴찌/ 원투/ 루어▶무늬오징어-릴찌/ 루어▶보리멸-릴찌/ 원투▶볼락-릴찌▶붕장어-릴찌/ 원투▶숭어-릴찌/ 훌치기▶황어-릴찌/ 루어","needs-check","MOF_SHARED_ROCK_FISHING_POINT","https://www.data.go.kr/data/15148580/fileData.do","2026-07-11","986","POINT (1187333.9277653 1781073.13568051)","공식 갯바위낚시포인트 데이터 기반. 갯바위 출입 가능 여부와 안전 통제는 현장 및 공식 안내 확인 필요."
"rock-987","구룡포항 - 구룡포 해수욕장 남측 갯바위1","rock-fishing-point","경상북도","포항시","경상북도 포항시","35.994639","129.566528","갑오징어|노래미|농어|무늬오징어|보리멸|볼락|붕장어|숭어|황어","","0.1~1.1m","바위","▶갑오징어-릴찌/ 루어▶노래미-릴찌/ 원투▶농어-릴찌/ 원투/ 루어▶무늬오징어-릴찌/ 루어▶보리멸-릴찌/ 원투▶볼락-릴찌▶붕장어-릴찌/ 원투▶숭어-릴찌/ 훌치기▶황어-릴찌/ 루어","needs-check","MOF_SHARED_ROCK_FISHING_POINT","https://www.data.go.kr/data/15148580/fileData.do","2026-07-11","987","POINT (1186275.48340667 1779510.68189624)","공식 갯바위낚시포인트 데이터 기반. 갯바위 출입 가능 여부와 안전 통제는 현장 및 공식 안내 확인 필요."
"rock-988","구룡포항 - 구룡포 해수욕장 남측 갯바위2","rock-fishing-point","경상북도","포항시","경상북도 포항시","35.991500","129.567944","갑오징어|노래미|농어|무늬오징어|보리멸|볼락|붕장어|숭어|황어","","0.1~1.1m","모래","▶갑오징어-릴찌/ 루어▶노래미-릴찌/ 원투▶농어-릴찌/ 원투/ 루어▶무늬오징어-릴찌/ 루어▶보리멸-릴찌/ 원투▶볼락-릴찌▶붕장어-릴찌/ 원투▶숭어-릴찌/ 훌치기▶황어-릴찌/ 루어","needs-check","MOF_SHARED_ROCK_FISHING_POINT","https://www.data.go.kr/data/15148580/fileData.do","2026-07-11","988","POINT (1186411.90693503 1779166.66617105)","공식 갯바위낚시포인트 데이터 기반. 갯바위 출입 가능 여부와 안전 통제는 현장 및 공식 안내 확인 필요."
"rock-989","구룡포항 - 구룡포항 서쪽 바다 낚시터","rock-fishing-point","경상북도","포항시","경상북도 포항시","35.989528","129.565917","갑오징어|노래미|농어|무늬오징어|보리멸|볼락|붕장어|숭어|황어","","0.1~1.1m","바위","▶갑오징어-릴찌/ 루어▶노래미-릴찌/ 원투▶농어-릴찌/ 원투/ 루어▶무늬오징어-릴찌/ 루어▶보리멸-릴찌/ 원투▶볼락-릴찌▶붕장어-릴찌/ 원투▶숭어-릴찌/ 훌치기▶황어-릴찌/ 루어","needs-check","MOF_SHARED_ROCK_FISHING_POINT","https://www.data.go.kr/data/15148580/fileData.do","2026-07-11","989","POINT (1186232.88874872 1778944.24862279)","공식 갯바위낚시포인트 데이터 기반. 갯바위 출입 가능 여부와 안전 통제는 현장 및 공식 안내 확인 필요."
"rock-990","장길리 - 구룡포항 장길리 보릿돌","rock-fishing-point","경상북도","포항시","경상북도 포항시","35.974917","129.552972","갑오징어|노래미|농어|무늬오징어|보리멸|볼락|붕장어|숭어|황어","","0.8m~1.2m","바위","▶갑오징어-릴찌/ 루어▶노래미-릴찌/ 원투▶농어-릴찌/ 원투/ 루어▶무늬오징어-릴찌/ 루어▶보리멸-릴찌/ 원투▶볼락-릴찌▶붕장어-릴찌/ 원투▶숭어-릴찌/ 훌치기▶황어-릴찌/ 루어","needs-check","MOF_SHARED_ROCK_FISHING_POINT","https://www.data.go.kr/data/15148580/fileData.do","2026-07-11","990","POINT (1185100.71503049 1777298.5602584)","공식 갯바위낚시포인트 데이터 기반. 갯바위 출입 가능 여부와 안전 통제는 현장 및 공식 안내 확인 필요."
"rock-991","장길리 - 장길리 복합 낚시 공원","rock-fishing-point","경상북도","포항시","경상북도 포항시","35.951667","129.550778","갑오징어|노래미|농어|무늬오징어|보리멸|볼락|붕장어|숭어|황어","","1.1m~1.5m","바위","▶갑오징어-릴찌/ 루어▶노래미-릴찌/ 원투▶농어-릴찌/ 원투/ 루어▶무늬오징어-릴찌/ 루어▶보리멸-릴찌/ 원투▶볼락-릴찌▶붕장어-릴찌/ 원투▶숭어-릴찌/ 훌치기▶황어-릴찌/ 루어","needs-check","MOF_SHARED_ROCK_FISHING_POINT","https://www.data.go.kr/data/15148580/fileData.do","2026-07-11","991","POINT (1184989.95146579 1774712.8368922)","공식 갯바위낚시포인트 데이터 기반. 갯바위 출입 가능 여부와 안전 통제는 현장 및 공식 안내 확인 필요."
"rock-992","신창리 - 신창 간이 해수욕장","rock-fishing-point","경상북도","포항시","경상북도 포항시","35.890361","129.524778","갑오징어|노래미|농어|무늬오징어|보리멸|볼락|붕장어|숭어|황어","","0.1m~2m","모래","▶갑오징어-릴찌/ 루어▶노래미-릴찌/ 원투▶농어-릴찌/ 원투/ 루어▶무늬오징어-릴찌/ 루어▶보리멸-릴찌/ 원투▶볼락-릴찌▶붕장어-릴찌/ 원투▶숭어-릴찌/ 훌치기▶황어-릴찌/ 루어","needs-check","MOF_SHARED_ROCK_FISHING_POINT","https://www.data.go.kr/data/15148580/fileData.do","2026-07-11","992","POINT (1182752.86384419 1767867.25724558)","공식 갯바위낚시포인트 데이터 기반. 갯바위 출입 가능 여부와 안전 통제는 현장 및 공식 안내 확인 필요."
"rock-993","양포항 - 양포항 남쪽 갯바위","rock-fishing-point","경상북도","포항시","경상북도 포항시","35.872083","129.523000","갑오징어|노래미|농어|무늬오징어|보리멸|볼락|붕장어|숭어|황어","","0.2m~4.5m","바위","▶갑오징어-릴찌/ 루어▶노래미-릴찌/ 원투▶농어-릴찌/ 원투/ 루어▶무늬오징어-릴찌/ 루어▶보리멸-릴찌/ 원투▶볼락-릴찌▶붕장어-릴찌/ 원투▶숭어-릴찌/ 훌치기▶황어-릴찌/ 루어","needs-check","MOF_SHARED_ROCK_FISHING_POINT","https://www.data.go.kr/data/15148580/fileData.do","2026-07-11","993","POINT (1182633.20934046 1765818.60612829)","공식 갯바위낚시포인트 데이터 기반. 갯바위 출입 가능 여부와 안전 통제는 현장 및 공식 안내 확인 필요."
"rock-994","계원2리 - 계원 2리 등대 갯바위","rock-fishing-point","경상북도","포항시","경상북도 포항시","35.853444","129.525528","갑오징어|노래미|농어|무늬오징어|보리멸|볼락|붕장어|숭어|황어","","0.1m~4.6m","바위","▶갑오징어-릴찌/ 루어▶노래미-릴찌/ 원투▶농어-릴찌/ 원투/ 루어▶무늬오징어-릴찌/ 루어▶보리멸-릴찌/ 원투▶볼락-릴찌▶붕장어-릴찌/ 원투▶숭어-릴찌/ 훌치기▶황어-릴찌/ 루어","needs-check","MOF_SHARED_ROCK_FISHING_POINT","https://www.data.go.kr/data/15148580/fileData.do","2026-07-11","994","POINT (1182905.43364673 1763773.57807567)","공식 갯바위낚시포인트 데이터 기반. 갯바위 출입 가능 여부와 안전 통제는 현장 및 공식 안내 확인 필요."
"rock-995","척사항 - 척사방파제 북쪽 갯바위","rock-fishing-point","경상북도","경주시","경상북도 경주시","35.816889","129.513306","갑오징어|노래미|농어|무늬오징어|보리멸|볼락|붕장어|숭어|황어","","0.2m~1.7m","바위","▶갑오징어-릴찌/ 루어▶노래미-릴찌/ 원투▶농어-릴찌/ 원투/ 루어▶무늬오징어-릴찌/ 루어▶보리멸-릴찌/ 원투▶볼락-릴찌▶붕장어-릴찌/ 원투▶숭어-릴찌/ 훌치기▶황어-릴찌/ 루어","needs-check","MOF_SHARED_ROCK_FISHING_POINT","https://www.data.go.kr/data/15148580/fileData.do","2026-07-11","995","POINT (1181881.95091244 1759691.83091112)","공식 갯바위낚시포인트 데이터 기반. 갯바위 출입 가능 여부와 안전 통제는 현장 및 공식 안내 확인 필요."
"rock-996","척사항 - 척사방파제 남쪽 갯바위","rock-fishing-point","경상북도","경주시","경상북도 경주시","35.812611","129.510889","갑오징어|노래미|농어|무늬오징어|보리멸|볼락|붕장어|숭어|황어","","0.2m~1.4m","바위","▶갑오징어-릴찌/ 루어▶노래미-릴찌/ 원투▶농어-릴찌/ 원투/ 루어▶무늬오징어-릴찌/ 루어▶보리멸-릴찌/ 원투▶볼락-릴찌▶붕장어-릴찌/ 원투▶숭어-릴찌/ 훌치기▶황어-릴찌/ 루어","needs-check","MOF_SHARED_ROCK_FISHING_POINT","https://www.data.go.kr/data/15148580/fileData.do","2026-07-11","996","POINT (1181673.77879093 1759216.27847775)","공식 갯바위낚시포인트 데이터 기반. 갯바위 출입 가능 여부와 안전 통제는 현장 및 공식 안내 확인 필요."
"rock-997","감포항 - 감포항 송대말 등대 앞 갯바위","rock-fishing-point","경상북도","경주시","경상북도 경주시","35.806556","129.511778","갑오징어|노래미|농어|무늬오징어|보리멸|볼락|붕장어|숭어|황어","","0.1m~0.5m","바위","▶갑오징어-릴찌/ 루어▶노래미-릴찌/ 원투▶농어-릴찌/ 원투/ 루어▶무늬오징어-릴찌/ 루어▶보리멸-릴찌/ 원투▶볼락-릴찌▶붕장어-릴찌/ 원투▶숭어-릴찌/ 훌치기▶황어-릴찌/ 루어","needs-check","MOF_SHARED_ROCK_FISHING_POINT","https://www.data.go.kr/data/15148580/fileData.do","2026-07-11","997","POINT (1181766.69659319 1758538.1152762)","공식 갯바위낚시포인트 데이터 기반. 갯바위 출입 가능 여부와 안전 통제는 현장 및 공식 안내 확인 필요."
"rock-998","판지항 - 판지항 남측 갯바위","rock-fishing-point","울산광역시","북구","울산광역시 북구","35.612278","129.458361","감성돔|노래미|볼락|붕장어|전갱이","","0.3m~1.2m","바위","▶감성돔-장대/ 릴찌▶노래미-루어/ 릴찌▶볼락-루어/ 릴찌▶붕장어-원투/ 릴찌▶전갱이-루어","needs-check","MOF_SHARED_ROCK_FISHING_POINT","https://www.data.go.kr/data/15148580/fileData.do","2026-07-11","998","POINT (1177372.65272258 1736894.52894642)","공식 갯바위낚시포인트 데이터 기반. 갯바위 출입 가능 여부와 안전 통제는 현장 및 공식 안내 확인 필요."
"rock-999","제전항 - 제전항 남측 갯바위","rock-fishing-point","울산광역시","북구","울산광역시 북구","35.606250","129.462472","감성돔|무늬오징어|볼락|붕장어","","0.4m~1.2m","모래/ 바위","▶감성돔-장대/ 릴찌▶무늬오징어-루어/ 릴찌▶볼락-루어/ 릴찌▶붕장어-원투/ 릴찌","needs-check","MOF_SHARED_ROCK_FISHING_POINT","https://www.data.go.kr/data/15148580/fileData.do","2026-07-11","999","POINT (1177759.29733484 1736236.09697157)","공식 갯바위낚시포인트 데이터 기반. 갯바위 출입 가능 여부와 안전 통제는 현장 및 공식 안내 확인 필요."
"rock-1000","우가포 - 우가포갯바위","rock-fishing-point","울산광역시","북구","울산광역시 북구","35.592472","129.463750","감성돔|무늬오징어|볼락|성대","","0.1m~2.0m","모래/ 바위","▶감성돔-장대/ 릴찌▶무늬오징어-루어/ 릴찌▶볼락-루어/ 릴찌▶성대-원투","needs-check","MOF_SHARED_ROCK_FISHING_POINT","https://www.data.go.kr/data/15148580/fileData.do","2026-07-11","1000","POINT (1177906.46978577 1734708.38260197)","공식 갯바위낚시포인트 데이터 기반. 갯바위 출입 가능 여부와 안전 통제는 현장 및 공식 안내 확인 필요."
"rock-1001","당사해양낚시공원 - 당사해양낚시공원","rock-fishing-point","울산광역시","북구","울산광역시 북구","35.580222","129.458583","갑오징어|노래미|볼락|전갱이","","0.1m~2.0m","바위","▶갑오징어-루어▶노래미-루어/ 릴찌▶볼락-루어/ 릴찌▶전갱이-루어","needs-check","MOF_SHARED_ROCK_FISHING_POINT","https://www.data.go.kr/data/15148580/fileData.do","2026-07-11","1001","POINT (1177463.92804242 1733341.74425519)","공식 갯바위낚시포인트 데이터 기반. 갯바위 출입 가능 여부와 안전 통제는 현장 및 공식 안내 확인 필요."
"rock-1002","주전몽돌해변 - 주전몽돌해변","rock-fishing-point","울산광역시","동구","울산광역시 동구","35.565806","129.455694","보리멸|성대|숭어","","0.1m~2.0m","바위","▶보리멸-원투/ 릴찌▶성대-원투▶숭어-원투/ 릴찌","needs-check","MOF_SHARED_ROCK_FISHING_POINT","https://www.data.go.kr/data/15148580/fileData.do","2026-07-11","1002","POINT (1177235.25816814 1731735.09375058)","공식 갯바위낚시포인트 데이터 기반. 갯바위 출입 가능 여부와 안전 통제는 현장 및 공식 안내 확인 필요."
"rock-1006","신암1리 - 신암1리 방파제 동측 갯바위","rock-fishing-point","울산광역시","울주군","울산광역시 울주군","35.347639","129.332028","감성돔|농어|볼락","","0.7m~2.1m","모래/ 바위","▶감성돔-장대/ 릴찌▶농어-원투/ 루어▶볼락-루어/ 릴찌","needs-check","MOF_SHARED_ROCK_FISHING_POINT","https://www.data.go.kr/data/15148580/fileData.do","2026-07-11","1006","POINT (1166474.29381003 1707320.58359998)","공식 갯바위낚시포인트 데이터 기반. 갯바위 출입 가능 여부와 안전 통제는 현장 및 공식 안내 확인 필요."
"rock-1007","신평소공원 - 신평소공원 윷판대","rock-fishing-point","부산광역시","기장군","부산광역시 기장군","35.293500","129.260861","감성돔|농어|무늬오징어|볼락","","0.8m~0.9m","바위","▶감성돔-장대/ 릴찌▶농어-원투/ 루어▶무늬오징어-루어/ 릴찌▶볼락-루어/ 릴찌","needs-check","MOF_SHARED_ROCK_FISHING_POINT","https://www.data.go.kr/data/15148580/fileData.do","2026-07-11","1007","POINT (1160113.10727259 1701198.51409891)","공식 갯바위낚시포인트 데이터 기반. 갯바위 출입 가능 여부와 안전 통제는 현장 및 공식 안내 확인 필요."
"rock-1008","온정방파제 - 온정방파제 동측 남사암","rock-fishing-point","부산광역시","기장군","부산광역시 기장군","35.283139","129.259972","감성돔|갑오징어|농어|무늬오징어|볼락","","0.0m~1.1m","바위","▶감성돔-장대/ 릴찌▶갑오징어-루어▶농어-원투/ 루어▶무늬오징어-루어/ 릴찌▶볼락-루어/ 릴찌","needs-check","MOF_SHARED_ROCK_FISHING_POINT","https://www.data.go.kr/data/15148580/fileData.do","2026-07-11","1008","POINT (1160052.69563392 1700047.84629839)","공식 갯바위낚시포인트 데이터 기반. 갯바위 출입 가능 여부와 안전 통제는 현장 및 공식 안내 확인 필요."
"rock-1009","대변항 - 대변항 북측 갯바위","rock-fishing-point","부산광역시","기장군","부산광역시 기장군","35.221194","129.238417","감성돔|노래미|볼락","","0.4m~1.1m","모래/ 바위","▶감성돔-장대/ 릴찌▶노래미-루어/ 릴찌▶볼락-루어/ 릴찌","needs-check","MOF_SHARED_ROCK_FISHING_POINT","https://www.data.go.kr/data/15148580/fileData.do","2026-07-11","1009","POINT (1158211.08456459 1693140.39530967)","공식 갯바위낚시포인트 데이터 기반. 갯바위 출입 가능 여부와 안전 통제는 현장 및 공식 안내 확인 필요."
"rock-1010","원앙대 - 원앙대(오랑대공원)","rock-fishing-point","부산광역시","기장군","부산광역시 기장군","35.205750","129.228361","감성돔|벵에돔|고등어|농어","","0.1m~4.7m","바위","▶감성돔-장대/ 릴찌▶벵에돔-릴찌▶고등어-릴찌/ 루어▶농어-원투/ 루어","needs-check","MOF_SHARED_ROCK_FISHING_POINT","https://www.data.go.kr/data/15148580/fileData.do","2026-07-11","1010","POINT (1157320.0890468 1691413.30989182)","공식 갯바위낚시포인트 데이터 기반. 갯바위 출입 가능 여부와 안전 통제는 현장 및 공식 안내 확인 필요."
"rock-1011","죽도 - 죽도갯바위(송일정)","rock-fishing-point","부산광역시","해운대구","부산광역시 해운대구","35.178861","129.206167","감성돔|노래미|도다리|학꽁치","","0.9m~3.5m","바위","▶감성돔-장대/ 릴찌▶노래미-루어/ 릴찌▶도다리-원투/ 릴찌▶학꽁치-릴찌","needs-check","MOF_SHARED_ROCK_FISHING_POINT","https://www.data.go.kr/data/15148580/fileData.do","2026-07-11","1011","POINT (1155359.19604255 1688395.49768635)","공식 갯바위낚시포인트 데이터 기반. 갯바위 출입 가능 여부와 안전 통제는 현장 및 공식 안내 확인 필요."
"rock-1012","망양휴게소 - 망양휴게소 갯바위","rock-fishing-point","경상북도","울진군","경상북도 울진군","36.872694","129.421611","감성돔|넙치|노래미|농어|무늬오징어|보리멸|볼락|숭어|황어","","0.9m~1.6m","바위","▶감성돔-릴찌/ 원투▶넙치-릴찌/ 원투▶노래미-릴찌/ 원투▶농어-릴찌/ 원투/ 루어▶무늬오징어-릴찌/ 루어▶보리멸-릴찌/ 원투▶볼락-릴찌▶숭어-릴찌/ 훌치기▶황어-릴찌/ 루어","needs-check","MOF_SHARED_ROCK_FISHING_POINT","https://www.data.go.kr/data/15148580/fileData.do","2026-07-11","1012","POINT (1171270.55802183 1876659.76470628)","공식 갯바위낚시포인트 데이터 기반. 갯바위 출입 가능 여부와 안전 통제는 현장 및 공식 안내 확인 필요."
"rock-1013","사동항 - 사동항 남측 갯바위","rock-fishing-point","경상북도","울진군","경상북도 울진군","36.822917","129.449750","감성돔|넙치|노래미|농어|무늬오징어|보리멸|볼락|숭어|황어","","0.1m~1.7m","모래/ 바위","▶감성돔-릴찌/ 원투▶넙치-릴찌/ 원투▶노래미-릴찌/ 원투▶농어-릴찌/ 원투/ 루어▶무늬오징어-릴찌/ 루어▶보리멸-릴찌/ 원투▶볼락-릴찌▶숭어-릴찌/ 훌치기▶황어-릴찌/ 루어","needs-check","MOF_SHARED_ROCK_FISHING_POINT","https://www.data.go.kr/data/15148580/fileData.do","2026-07-11","1013","POINT (1173890.92959145 1871188.44716376)","공식 갯바위낚시포인트 데이터 기반. 갯바위 출입 가능 여부와 안전 통제는 현장 및 공식 안내 확인 필요."
"rock-1014","봉산리 - 봉산리 백사장 남측 갯바위","rock-fishing-point","경상북도","울진군","경상북도 울진군","36.780750","129.469667","감성돔|넙치|노래미|농어|무늬오징어|보리멸|볼락|숭어|황어","","0.1m~1.4m","모래/ 바위","▶감성돔-릴찌/ 원투▶넙치-릴찌/ 원투▶노래미-릴찌/ 원투▶농어-릴찌/ 원투/ 루어▶무늬오징어-릴찌/ 루어▶보리멸-릴찌/ 원투▶볼락-릴찌▶숭어-릴찌/ 훌치기▶황어-릴찌/ 루어","needs-check","MOF_SHARED_ROCK_FISHING_POINT","https://www.data.go.kr/data/15148580/fileData.do","2026-07-11","1014","POINT (1175764.69767093 1866543.01405607)","공식 갯바위낚시포인트 데이터 기반. 갯바위 출입 가능 여부와 안전 통제는 현장 및 공식 안내 확인 필요."
"rock-1015","봉산리 - 봉산리 주변 갯바위1","rock-fishing-point","경상북도","울진군","경상북도 울진군","36.775833","129.472111","감성돔|넙치|노래미|농어|무늬오징어|보리멸|볼락|숭어|황어","","0.1m~1.1m","바위","▶감성돔-릴찌/ 원투▶넙치-릴찌/ 원투▶노래미-릴찌/ 원투▶농어-릴찌/ 원투/ 루어▶무늬오징어-릴찌/ 루어▶보리멸-릴찌/ 원투▶볼락-릴찌▶숭어-릴찌/ 훌치기▶황어-릴찌/ 루어","needs-check","MOF_SHARED_ROCK_FISHING_POINT","https://www.data.go.kr/data/15148580/fileData.do","2026-07-11","1015","POINT (1175994.96808493 1866001.89232763)","공식 갯바위낚시포인트 데이터 기반. 갯바위 출입 가능 여부와 안전 통제는 현장 및 공식 안내 확인 필요."
"rock-1016","봉산리 - 봉산리 주변 갯바위2","rock-fishing-point","경상북도","울진군","경상북도 울진군","36.771639","129.475806","감성돔|넙치|노래미|농어|무늬오징어|보리멸|볼락|숭어|황어","","0.1m~1.1m","모래/ 바위","▶감성돔-릴찌/ 원투▶넙치-릴찌/ 원투▶노래미-릴찌/ 원투▶농어-릴찌/ 원투/ 루어▶무늬오징어-릴찌/ 루어▶보리멸-릴찌/ 원투▶볼락-릴찌▶숭어-릴찌/ 훌치기▶황어-릴찌/ 루어","needs-check","MOF_SHARED_ROCK_FISHING_POINT","https://www.data.go.kr/data/15148580/fileData.do","2026-07-11","1016","POINT (1176331.20000294 1865538.46789799)","공식 갯바위낚시포인트 데이터 기반. 갯바위 출입 가능 여부와 안전 통제는 현장 및 공식 안내 확인 필요."
"rock-1017","봉산리 - 봉산리 주변 갯바위3","rock-fishing-point","경상북도","울진군","경상북도 울진군","36.767806","129.478611","감성돔|넙치|노래미|농어|무늬오징어|보리멸|볼락|숭어|황어","","0.1m~1.1m","모래/ 바위","▶감성돔-릴찌/ 원투▶넙치-릴찌/ 원투▶노래미-릴찌/ 원투▶농어-릴찌/ 원투/ 루어▶무늬오징어-릴찌/ 루어▶보리멸-릴찌/ 원투▶볼락-릴찌▶숭어-릴찌/ 훌치기▶황어-릴찌/ 루어","needs-check","MOF_SHARED_ROCK_FISHING_POINT","https://www.data.go.kr/data/15148580/fileData.do","2026-07-11","1017","POINT (1176592.32386097 1865126.0708553)","공식 갯바위낚시포인트 데이터 기반. 갯바위 출입 가능 여부와 안전 통제는 현장 및 공식 안내 확인 필요."
"rock-1018","직산리 - 직산리 주변 갯바위1","rock-fishing-point","경상북도","울진군","경상북도 울진군","36.733000","129.476278","감성돔|넙치|노래미|농어|무늬오징어|보리멸|볼락|붕장어|숭어|황어","","1.4m~1.7m","모래/ 바위","▶감성돔-릴찌/ 원투▶넙치-릴찌/ 원투▶노래미-릴찌/ 원투▶농어-릴찌/ 원투/ 루어▶무늬오징어-릴찌/ 루어▶보리멸-릴찌/ 원투▶볼락-릴찌▶붕장어-릴찌/ 원투▶숭어-릴찌/ 훌치기▶황어-릴찌/ 루어","needs-check","MOF_SHARED_ROCK_FISHING_POINT","https://www.data.go.kr/data/15148580/fileData.do","2026-07-11","1018","POINT (1176454.59222253 1861267.40146757)","공식 갯바위낚시포인트 데이터 기반. 갯바위 출입 가능 여부와 안전 통제는 현장 및 공식 안내 확인 필요."
"rock-1019","직산리 - 직산리 주변 갯바위2","rock-fishing-point","경상북도","울진군","경상북도 울진군","36.727111","129.477500","감성돔|넙치|노래미|농어|무늬오징어|보리멸|볼락|붕장어|숭어|황어","","1.4m~1.7m","모래/ 바위","▶감성돔-릴찌/ 원투▶넙치-릴찌/ 원투▶노래미-릴찌/ 원투▶농어-릴찌/ 원투/ 루어▶무늬오징어-릴찌/ 루어▶보리멸-릴찌/ 원투▶볼락-릴찌▶붕장어-릴찌/ 원투▶숭어-릴찌/ 훌치기▶황어-릴찌/ 루어","needs-check","MOF_SHARED_ROCK_FISHING_POINT","https://www.data.go.kr/data/15148580/fileData.do","2026-07-11","1019","POINT (1176581.04238005 1860608.33139435)","공식 갯바위낚시포인트 데이터 기반. 갯바위 출입 가능 여부와 안전 통제는 현장 및 공식 안내 확인 필요."
"rock-1020","거일리 - 거일리 주변 백사장","rock-fishing-point","경상북도","울진군","경상북도 울진군","36.718667","129.472611","노래미|농어|무늬오징어|보리멸|붕장어|숭어","","0.1m~1.1m","모래/ 바위","▶노래미-릴찌/ 원투▶농어-릴찌/ 원투/ 루어▶무늬오징어-릴찌/ 루어▶보리멸-릴찌/ 원투▶붕장어-릴찌/ 원투▶숭어-릴찌/ 훌치기","needs-check","MOF_SHARED_ROCK_FISHING_POINT","https://www.data.go.kr/data/15148580/fileData.do","2026-07-11","1020","POINT (1176166.5779967 1859666.08384226)","공식 갯바위낚시포인트 데이터 기반. 갯바위 출입 가능 여부와 안전 통제는 현장 및 공식 안내 확인 필요."
"rock-1021","거일리 - 거일리 주변 갯바위","rock-fishing-point","경상북도","울진군","경상북도 울진군","36.710944","129.475833","감성돔|노래미|농어|무늬오징어|보리멸|볼락|붕장어|숭어|황어","","0.1m~1.1m","바위","▶감성돔-릴찌/ 원투▶노래미-릴찌/ 원투▶농어-릴찌/ 원투/ 루어▶무늬오징어-릴찌/ 루어▶보리멸-릴찌/ 원투▶볼락-릴찌▶붕장어-릴찌/ 원투▶숭어-릴찌/ 훌치기▶황어-릴찌/ 루어","needs-check","MOF_SHARED_ROCK_FISHING_POINT","https://www.data.go.kr/data/15148580/fileData.do","2026-07-11","1021","POINT (1176464.60324733 1858807.39840239)","공식 갯바위낚시포인트 데이터 기반. 갯바위 출입 가능 여부와 안전 통제는 현장 및 공식 안내 확인 필요."
"rock-1022","거일리 - 거일리 주변 해안도로 갯바위","rock-fishing-point","경상북도","울진군","경상북도 울진군","36.704222","129.474806","감성돔|노래미|농어|무늬오징어|보리멸|볼락|붕장어|숭어|황어","","1m~1.1m","모래/ 바위","▶감성돔-릴찌/ 원투▶노래미-릴찌/ 원투▶농어-릴찌/ 원투/ 루어▶무늬오징어-릴찌/ 루어▶보리멸-릴찌/ 원투▶볼락-릴찌▶붕장어-릴찌/ 원투▶숭어-릴찌/ 훌치기▶황어-릴찌/ 루어","needs-check","MOF_SHARED_ROCK_FISHING_POINT","https://www.data.go.kr/data/15148580/fileData.do","2026-07-11","1022","POINT (1176391.85997535 1858066.65432441)","공식 갯바위낚시포인트 데이터 기반. 갯바위 출입 가능 여부와 안전 통제는 현장 및 공식 안내 확인 필요."
"rock-1023","거일리 - 울진 바다목장 해상낚시 공원 및 주변 갯바위","rock-fishing-point","경상북도","울진군","경상북도 울진군","36.699278","129.477694","감성돔|노래미|농어|무늬오징어|보리멸|볼락|붕장어|숭어|황어","","1m~1.1m","바위","▶감성돔-릴찌/ 원투▶노래미-릴찌/ 원투▶농어-릴찌/ 원투/ 루어▶무늬오징어-릴찌/ 루어▶보리멸-릴찌/ 원투▶볼락-릴찌▶붕장어-릴찌/ 원투▶숭어-릴찌/ 훌치기▶황어-릴찌/ 루어","needs-check","MOF_SHARED_ROCK_FISHING_POINT","https://www.data.go.kr/data/15148580/fileData.do","2026-07-11","1023","POINT (1176674.96814461 1857535.96037549)","공식 갯바위낚시포인트 데이터 기반. 갯바위 출입 가능 여부와 안전 통제는 현장 및 공식 안내 확인 필요."
"rock-1024","거일리 - 거일리 남단 주변 갯바위","rock-fishing-point","경상북도","울진군","경상북도 울진군","36.697000","129.473194","감성돔|노래미|무늬오징어|보리멸|붕장어|숭어|황어","","0.4m~1m","바위","▶감성돔-릴찌/ 원투▶노래미-릴찌/ 원투▶무늬오징어-릴찌/ 루어▶보리멸-릴찌/ 원투▶붕장어-릴찌/ 원투▶숭어-릴찌/ 훌치기▶황어-릴찌/ 루어","needs-check","MOF_SHARED_ROCK_FISHING_POINT","https://www.data.go.kr/data/15148580/fileData.do","2026-07-11","1024","POINT (1176270.03658348 1857259.59082255)","공식 갯바위낚시포인트 데이터 기반. 갯바위 출입 가능 여부와 안전 통제는 현장 및 공식 안내 확인 필요."
"rock-1025","거일리 - 거일리 남단 주변 백사장","rock-fishing-point","경상북도","울진군","경상북도 울진군","36.695444","129.469528","감성돔|노래미|농어|무늬오징어|보리멸|붕장어|숭어|황어","","0.4m~1m","모래","▶감성돔-릴찌/ 원투▶노래미-릴찌/ 원투▶농어-릴찌/ 원투/ 루어▶무늬오징어-릴찌/ 루어▶보리멸-릴찌/ 원투▶붕장어-릴찌/ 원투▶숭어-릴찌/ 훌치기▶황어-릴찌/ 루어","needs-check","MOF_SHARED_ROCK_FISHING_POINT","https://www.data.go.kr/data/15148580/fileData.do","2026-07-11","1025","POINT (1175948.02895843 1857079.33068512)","공식 갯바위낚시포인트 데이터 기반. 갯바위 출입 가능 여부와 안전 통제는 현장 및 공식 안내 확인 필요."
"rock-1026","후포항 - 후포항 동쪽 갓바위","rock-fishing-point","경상북도","울진군","경상북도 울진군","36.679528","129.466139","감성돔|노래미|농어|무늬오징어|보리멸|볼락|붕장어|숭어|황어","","1m~1.9m","바위","▶감성돔-릴찌/ 원투▶노래미-릴찌/ 원투▶농어-릴찌/ 원투/ 루어▶무늬오징어-릴찌/ 루어▶보리멸-릴찌/ 원투▶볼락-릴찌▶붕장어-릴찌/ 원투▶숭어-릴찌/ 훌치기▶황어-릴찌/ 루어","needs-check","MOF_SHARED_ROCK_FISHING_POINT","https://www.data.go.kr/data/15148580/fileData.do","2026-07-11","1026","POINT (1175678.35755013 1855311.25814406)","공식 갯바위낚시포인트 데이터 기반. 갯바위 출입 가능 여부와 안전 통제는 현장 및 공식 안내 확인 필요."
"rock-1027","금음리 - 금음리 주변 갯바위1","rock-fishing-point","경상북도","울진군","경상북도 울진군","36.658000","129.430944","감성돔|노래미|농어|무늬오징어|보리멸|볼락|붕장어|숭어|황어","","1m~1.2m","모래/ 바위","▶감성돔-릴찌/ 원투▶노래미-릴찌/ 원투▶농어-릴찌/ 원투/ 루어▶무늬오징어-릴찌/ 루어▶보리멸-릴찌/ 원투▶볼락-릴찌▶붕장어-릴찌/ 원투▶숭어-릴찌/ 훌치기▶황어-릴찌/ 루어","needs-check","MOF_SHARED_ROCK_FISHING_POINT","https://www.data.go.kr/data/15148580/fileData.do","2026-07-11","1027","POINT (1172575.31705324 1852858.42119452)","공식 갯바위낚시포인트 데이터 기반. 갯바위 출입 가능 여부와 안전 통제는 현장 및 공식 안내 확인 필요."
"rock-1028","금음리 - 금음리 주변 갯바위2","rock-fishing-point","경상북도","울진군","경상북도 울진군","36.654528","129.430250","감성돔|농어|무늬오징어|보리멸|볼락|붕장어|숭어|황어","","1m~1.2m","모래/ 바위","▶감성돔-릴찌/ 원투▶농어-릴찌/ 원투/ 루어▶무늬오징어-릴찌/ 루어▶보리멸-릴찌/ 원투▶볼락-릴찌▶붕장어-릴찌/ 원투▶숭어-릴찌/ 훌치기▶황어-릴찌/ 루어","needs-check","MOF_SHARED_ROCK_FISHING_POINT","https://www.data.go.kr/data/15148580/fileData.do","2026-07-11","1028","POINT (1172532.71339007 1852471.46210687)","공식 갯바위낚시포인트 데이터 기반. 갯바위 출입 가능 여부와 안전 통제는 현장 및 공식 안내 확인 필요."
"rock-1029","금음리 - 금음리 주변 갯바위3","rock-fishing-point","경상북도","울진군","경상북도 울진군","36.652028","129.429278","감성돔|노래미|농어|무늬오징어|보리멸|볼락|붕장어|숭어|황어","","1.2m~1.8m","모래/ 바위","▶감성돔-릴찌/ 원투▶노래미-릴찌/ 원투▶농어-릴찌/ 원투/ 루어▶무늬오징어-릴찌/ 루어▶보리멸-릴찌/ 원투▶볼락-릴찌▶붕장어-릴찌/ 원투▶숭어-릴찌/ 훌치기▶황어-릴찌/ 루어","needs-check","MOF_SHARED_ROCK_FISHING_POINT","https://www.data.go.kr/data/15148580/fileData.do","2026-07-11","1029","POINT (1172448.82169251 1852197.20918604)","공식 갯바위낚시포인트 데이터 기반. 갯바위 출입 가능 여부와 안전 통제는 현장 및 공식 안내 확인 필요."
"rock-1030","금음리 - 금음리 주변 갯바위4","rock-fishing-point","경상북도","울진군","경상북도 울진군","36.647000","129.425972","감성돔|노래미|농어|무늬오징어|보리멸|볼락|붕장어|숭어|황어","","1.2m~1.8m","모래/ 바위","▶감성돔-릴찌/ 원투▶노래미-릴찌/ 원투▶농어-릴찌/ 원투/ 루어▶무늬오징어-릴찌/ 루어▶보리멸-릴찌/ 원투▶볼락-릴찌▶붕장어-릴찌/ 원투▶숭어-릴찌/ 훌치기▶황어-릴찌/ 루어","needs-check","MOF_SHARED_ROCK_FISHING_POINT","https://www.data.go.kr/data/15148580/fileData.do","2026-07-11","1030","POINT (1172164.40112167 1851627.45250686)","공식 갯바위낚시포인트 데이터 기반. 갯바위 출입 가능 여부와 안전 통제는 현장 및 공식 안내 확인 필요."
"rock-1031","금음리 - 금음 4리 주변 갯바위","rock-fishing-point","경상북도","울진군","경상북도 울진군","36.641889","129.422333","감성돔|노래미|농어|무늬오징어|보리멸|볼락|붕장어|숭어|황어","","1.7m~1.8m","바위","▶감성돔-릴찌/ 원투▶노래미-릴찌/ 원투▶농어-릴찌/ 원투/ 루어▶무늬오징어-릴찌/ 루어▶보리멸-릴찌/ 원투▶볼락-릴찌▶붕장어-릴찌/ 원투▶숭어-릴찌/ 훌치기▶황어-릴찌/ 루어","needs-check","MOF_SHARED_ROCK_FISHING_POINT","https://www.data.go.kr/data/15148580/fileData.do","2026-07-11","1031","POINT (1171849.04325081 1851051.7001352)","공식 갯바위낚시포인트 데이터 기반. 갯바위 출입 가능 여부와 안전 통제는 현장 및 공식 안내 확인 필요."
"rock-1032","병곡리 - 고래불 해수욕장 백사장","rock-fishing-point","경상북도","영덕군","경상북도 영덕군","36.597972","129.411361","농어|보리멸|붕장어|숭어|황어","","0.3m~0.4m","모래","▶농어-릴찌/ 원투/ 루어▶보리멸-릴찌/ 원투▶붕장어-릴찌/ 원투▶숭어-릴찌/ 훌치기▶황어-릴찌/ 루어","needs-check","MOF_SHARED_ROCK_FISHING_POINT","https://www.data.go.kr/data/15148580/fileData.do","2026-07-11","1032","POINT (1170966.45293784 1846163.3827842)","공식 갯바위낚시포인트 데이터 기반. 갯바위 출입 가능 여부와 안전 통제는 현장 및 공식 안내 확인 필요."
"rock-1033","대진항 - 대진항 북쪽 도해단 갯바위","rock-fishing-point","경상북도","영덕군","경상북도 영덕군","36.560472","129.432361","감성돔|노래미|농어|무늬오징어|보리멸|볼락|붕장어|숭어|황어","","1.1m~1.6m","바위","▶감성돔-릴찌/ 원투▶노래미-릴찌/ 원투▶농어-릴찌/ 원투/ 루어▶무늬오징어-릴찌/ 루어▶보리멸-릴찌/ 원투▶볼락-릴찌▶붕장어-릴찌/ 원투▶숭어-릴찌/ 훌치기▶황어-릴찌/ 루어","needs-check","MOF_SHARED_ROCK_FISHING_POINT","https://www.data.go.kr/data/15148580/fileData.do","2026-07-11","1033","POINT (1172924.77635345 1842035.53914938)","공식 갯바위낚시포인트 데이터 기반. 갯바위 출입 가능 여부와 안전 통제는 현장 및 공식 안내 확인 필요."
"rock-1034","대진항 - 대진항 남단 갯바위1","rock-fishing-point","경상북도","영덕군","경상북도 영덕군","36.555083","129.437306","감성돔|노래미|무늬오징어|보리멸|볼락|붕장어|숭어|황어","","0.9m~1m","바위","▶감성돔-릴찌/원투▶노래미-릴찌/ 원투▶무늬오징어-릴찌/ 루어▶보리멸-릴찌/ 원투▶볼락-릴찌▶붕장어-릴찌/ 원투▶숭어-릴찌/ 훌치기▶황어-릴찌/ 루어","needs-check","MOF_SHARED_ROCK_FISHING_POINT","https://www.data.go.kr/data/15148580/fileData.do","2026-07-11","1034","POINT (1173369.34288943 1841447.17317222)","공식 갯바위낚시포인트 데이터 기반. 갯바위 출입 가능 여부와 안전 통제는 현장 및 공식 안내 확인 필요."
"rock-1035","대진항 - 대진항 남단 갯바위2","rock-fishing-point","경상북도","영덕군","경상북도 영덕군","36.553667","129.438583","감성돔|노래미|무늬오징어|보리멸|볼락|붕장어|숭어|황어","","0.9m~1m","바위","▶감성돔-릴찌/ 원투▶노래미-릴찌/ 원투▶무늬오징어-릴찌/ 루어▶보리멸-릴찌/ 원투▶볼락-릴찌▶붕장어-릴찌/ 원투▶숭어-릴찌/ 훌치기▶황어-릴찌/ 루어","needs-check","MOF_SHARED_ROCK_FISHING_POINT","https://www.data.go.kr/data/15148580/fileData.do","2026-07-11","1035","POINT (1173494.61862529 1841288.52105243)","공식 갯바위낚시포인트 데이터 기반. 갯바위 출입 가능 여부와 안전 통제는 현장 및 공식 안내 확인 필요."
"rock-1036","오호항 - 오호항주변 갯바위","rock-fishing-point","강원도","고성군","강원도 고성군","38.327806","128.530417","감성돔|넙치|노래미|농어|무늬오징어|보리멸|볼락|붕장어|숭어|황어","","0.4m~0.6m","바위","▶감성돔-릴찌/ 원투▶넙치-릴찌/ 원투▶노래미-릴찌/ 원투▶농어-릴찌/ 원투/ 루어▶무늬오징어-릴찌/ 루어▶보리멸-릴찌/ 원투▶볼락-릴찌▶붕장어-릴찌/ 원투▶숭어-릴찌/ 훌치기▶황어-릴찌/ 루어","needs-check","MOF_SHARED_ROCK_FISHING_POINT","https://www.data.go.kr/data/15148580/fileData.do","2026-07-11","1036","POINT (1090063.83398347 2036871.07476608)","공식 갯바위낚시포인트 데이터 기반. 갯바위 출입 가능 여부와 안전 통제는 현장 및 공식 안내 확인 필요."
"rock-1037","문암2리항 - 문암2리항 갯바위","rock-fishing-point","강원도","고성군","강원도 고성군","38.296889","128.549833","감성돔|넙치|노래미|농어|무늬오징어|보리멸|볼락|붕장어|숭어|황어","","0.2m~0.5m","바위","▶감성돔-릴찌/ 원투▶넙치-릴찌/ 원투▶노래미-릴찌/ 원투▶농어-릴찌/ 원투/ 루어▶무늬오징어-릴찌/ 루어▶보리멸-릴찌/ 원투▶볼락-릴찌▶붕장어-릴찌/ 원투▶숭어-릴찌/ 훌치기▶황어-릴찌/ 루어","needs-check","MOF_SHARED_ROCK_FISHING_POINT","https://www.data.go.kr/data/15148580/fileData.do","2026-07-11","1037","POINT (1091806.27568664 2033459.25415053)","공식 갯바위낚시포인트 데이터 기반. 갯바위 출입 가능 여부와 안전 통제는 현장 및 공식 안내 확인 필요."
"rock-1038","아야진항 - 아야진 방파제 갯바위","rock-fishing-point","강원도","고성군","강원도 고성군","38.274472","128.557000","감성돔|넙치|노래미|볼락|숭어|황어","","0.2m~0.6m","바위","▶감성돔-릴찌/ 원투▶넙치-릴찌/ 원투▶노래미-릴찌/ 원투▶볼락-릴찌▶숭어-릴찌/ 훌치기▶황어-릴찌/ 루어","needs-check","MOF_SHARED_ROCK_FISHING_POINT","https://www.data.go.kr/data/15148580/fileData.do","2026-07-11","1038","POINT (1092456.41024221 2030991.67961227)","공식 갯바위낚시포인트 데이터 기반. 갯바위 출입 가능 여부와 안전 통제는 현장 및 공식 안내 확인 필요."
"rock-1039","아야진항 - 아야진항 북측 갯바위","rock-fishing-point","강원도","고성군","강원도 고성군","38.270139","128.558083","감성돔|넙치|노래미|볼락|숭어|황어","","0.2m~0.6m","바위","▶감성돔-릴찌/ 원투▶넙치-릴찌/ 원투▶노래미-릴찌/ 원투▶볼락-릴찌▶숭어-릴찌/ 훌치기▶황어-릴찌/ 루어","needs-check","MOF_SHARED_ROCK_FISHING_POINT","https://www.data.go.kr/data/15148580/fileData.do","2026-07-11","1039","POINT (1092556.52414201 2030501.76873416)","공식 갯바위낚시포인트 데이터 기반. 갯바위 출입 가능 여부와 안전 통제는 현장 및 공식 안내 확인 필요."
"rock-1040","청간해변 - 청간해변 갯바위","rock-fishing-point","강원도","고성군","강원도 고성군","38.266472","128.558639","감성돔|넙치|노래미|볼락|숭어|황어","","0.2m~0.3m","바위","▶감성돔-릴찌/ 원투▶넙치-릴찌/ 원투▶노래미-릴찌/ 원투▶볼락-릴찌▶숭어-릴찌/ 훌치기▶황어-릴찌/ 루어","needs-check","MOF_SHARED_ROCK_FISHING_POINT","https://www.data.go.kr/data/15148580/fileData.do","2026-07-11","1040","POINT (1092610.12227985 2030093.15294833)","공식 갯바위낚시포인트 데이터 기반. 갯바위 출입 가능 여부와 안전 통제는 현장 및 공식 안내 확인 필요."
"rock-1041","봉포해변 - 봉포해변 갯바위","rock-fishing-point","강원도","고성군","강원도 고성군","38.252778","128.568639","감성돔|넙치|볼락|붕장어|숭어|황어","","0.1m~1.7m","바위","▶감성돔-릴찌/ 원투▶넙치-릴찌/ 원투▶볼락-릴찌▶붕장어-릴찌/ 원투▶숭어-릴찌/ 훌치기▶황어-릴찌/ 루어","needs-check","MOF_SHARED_ROCK_FISHING_POINT","https://www.data.go.kr/data/15148580/fileData.do","2026-07-11","1041","POINT (1093502.87246881 2028585.52254876)","공식 갯바위낚시포인트 데이터 기반. 갯바위 출입 가능 여부와 안전 통제는 현장 및 공식 안내 확인 필요."
"rock-1042","낙산항 - 낙산방파제 갯바위","rock-fishing-point","강원도","양양군","강원도 양양군","38.124139","128.632944","감성돔|노래미|학꽁치|볼락|숭어|황어","","0.8m~1.8m","바위","▶감성돔-릴찌/ 원투▶노래미-릴찌/ 원투▶학꽁치-릴찌▶볼락-릴찌▶숭어-릴찌/ 훌치기▶황어-릴찌/ 루어","needs-check","MOF_SHARED_ROCK_FISHING_POINT","https://www.data.go.kr/data/15148580/fileData.do","2026-07-11","1042","POINT (1099302.16086619 2014380.49868119)","공식 갯바위낚시포인트 데이터 기반. 갯바위 출입 가능 여부와 안전 통제는 현장 및 공식 안내 확인 필요."
"rock-1043","남애항 - 남애항 북측 갯바위1","rock-fishing-point","강원도","양양군","강원도 양양군","37.946917","128.786222","감성돔|노래미|갑오징어|붕장어|숭어|황어","","0.4m~0.6m","바위","▶감성돔-릴찌/ 원투▶노래미-릴찌/ 원투▶갑오징어-릴찌/ 루어▶붕장어-릴찌/ 원투▶숭어-릴찌/ 훌치기▶황어-릴찌/ 루어","needs-check","MOF_SHARED_ROCK_FISHING_POINT","https://www.data.go.kr/data/15148580/fileData.do","2026-07-11","1043","POINT (1113009.26513483 1994890.08984793)","공식 갯바위낚시포인트 데이터 기반. 갯바위 출입 가능 여부와 안전 통제는 현장 및 공식 안내 확인 필요."
"rock-1044","남애항 - 남애항 북측 갯바위2","rock-fishing-point","강원도","양양군","강원도 양양군","37.944917","128.788583","감성돔|노래미|갑오징어|붕장어|숭어|황어","","0.2m~0.6m","바위","▶감성돔-릴찌/ 원투▶노래미-릴찌/ 원투▶갑오징어-릴찌/ 루어▶붕장어-릴찌/ 원투▶숭어-릴찌/ 훌치기▶황어-릴찌/ 루어","needs-check","MOF_SHARED_ROCK_FISHING_POINT","https://www.data.go.kr/data/15148580/fileData.do","2026-07-11","1044","POINT (1113222.15987141 1994670.23061725)","공식 갯바위낚시포인트 데이터 기반. 갯바위 출입 가능 여부와 안전 통제는 현장 및 공식 안내 확인 필요."
"rock-1045","남애항 - 남애항 남측 갯바위","rock-fishing-point","강원도","양양군","강원도 양양군","37.939806","128.789056","감성돔|노래미|갑오징어|붕장어|숭어|황어","","0.1m~0.6m","바위","▶감성돔-릴찌/ 원투▶노래미-릴찌/ 원투▶갑오징어-릴찌/ 루어▶붕장어-릴찌/ 원투▶숭어-릴찌/ 훌치기▶황어-릴찌/ 루어","needs-check","MOF_SHARED_ROCK_FISHING_POINT","https://www.data.go.kr/data/15148580/fileData.do","2026-07-11","1045","POINT (1113270.61249887 1994104.17109795)","공식 갯바위낚시포인트 데이터 기반. 갯바위 출입 가능 여부와 안전 통제는 현장 및 공식 안내 확인 필요."
"rock-1046","사천진해변 - 사천진 바위","rock-fishing-point","강원도","강릉시","강원도 강릉시","37.841083","128.877639","감성돔|넙치|노래미|갑오징어|붕장어|숭어|황어","","0.1m~0.7m","바위","▶감성돔-릴찌/ 원투▶넙치-릴찌/ 원투▶노래미-릴찌/ 원투▶갑오징어-릴찌/ 루어▶붕장어-릴찌/ 원투▶숭어-릴찌/ 훌치기▶황어-릴찌/ 루어","needs-check","MOF_SHARED_ROCK_FISHING_POINT","https://www.data.go.kr/data/15148580/fileData.do","2026-07-11","1046","POINT (1121216.39692949 1983261.15105708)","공식 갯바위낚시포인트 데이터 기반. 갯바위 출입 가능 여부와 안전 통제는 현장 및 공식 안내 확인 필요."
"rock-1047","어달리항 - 어달리항 남측 갯바위","rock-fishing-point","강원도","동해시","강원도 동해시","37.560222","129.120639","감성돔|넙치|노래미|갑오징어|붕장어|숭어|황어","","0.1m~1.0m","바위","▶감성돔-릴찌/ 원투▶넙치-릴찌/ 원투▶노래미-릴찌/ 원투▶갑오징어-릴찌/ 루어▶붕장어-릴찌/ 원투▶숭어-릴찌/ 훌치기▶황어-릴찌/ 루어","needs-check","MOF_SHARED_ROCK_FISHING_POINT","https://www.data.go.kr/data/15148580/fileData.do","2026-07-11","1047","POINT (1143138.83388157 1952442.19963192)","공식 갯바위낚시포인트 데이터 기반. 갯바위 출입 가능 여부와 안전 통제는 현장 및 공식 안내 확인 필요."
"rock-1048","어달리항 - 어달리항 북측 방조제","rock-fishing-point","강원도","동해시","강원도 동해시","37.552861","129.119556","감성돔|넙치|노래미|갑오징어|붕장어|숭어|황어","","0.1m~0.4m","바위","▶감성돔-릴찌/ 원투▶넙치-릴찌/ 원투▶노래미-릴찌/ 원투▶갑오징어-릴찌/ 루어▶붕장어-릴찌/ 원투▶숭어-릴찌/ 훌치기▶황어-릴찌/ 루어","needs-check","MOF_SHARED_ROCK_FISHING_POINT","https://www.data.go.kr/data/15148580/fileData.do","2026-07-11","1048","POINT (1143056.64089563 1951622.98032909)","공식 갯바위낚시포인트 데이터 기반. 갯바위 출입 가능 여부와 안전 통제는 현장 및 공식 안내 확인 필요."
"rock-1049","한섬방파제 - 동해기도원 갯바위","rock-fishing-point","강원도","동해시","강원도 동해시","37.528389","129.122306","감성돔|넙치|노래미|농어|무늬오징어|붕장어|숭어|황어","","0.1m~0.8m","바위","▶감성돔-릴찌/ 원투▶넙치-릴찌/ 원투▶노래미-릴찌/ 원투▶농어-릴찌/ 원투/ 루어▶무늬오징어-릴찌/ 루어▶붕장어-릴찌/ 원투▶숭어-릴찌/ 훌치기▶황어-릴찌/ 루어","needs-check","MOF_SHARED_ROCK_FISHING_POINT","https://www.data.go.kr/data/15148580/fileData.do","2026-07-11","1049","POINT (1143347.74898392 1948910.56655371)","공식 갯바위낚시포인트 데이터 기반. 갯바위 출입 가능 여부와 안전 통제는 현장 및 공식 안내 확인 필요."
"rock-1050","후진항 - 후진항 북측 갯바위","rock-fishing-point","강원도","삼척시","강원도 삼척시","37.464222","129.177000","감성돔|노래미|무늬오징어|황어","","0.1m~1.4m","바위","▶감성돔-릴찌/ 원투▶노래미-릴찌/ 원투▶무늬오징어-릴찌/ 루어▶황어-릴찌/ 루어","needs-check","MOF_SHARED_ROCK_FISHING_POINT","https://www.data.go.kr/data/15148580/fileData.do","2026-07-11","1050","POINT (1148310.28703173 1941874.16596912)","공식 갯바위낚시포인트 데이터 기반. 갯바위 출입 가능 여부와 안전 통제는 현장 및 공식 안내 확인 필요."
"rock-1051","덕산해수욕장 - 덕봉산 주변 갯바위","rock-fishing-point","강원도","삼척시","강원도 삼척시","37.388639","129.239167","감성돔|노래미|무늬오징어|황어","","0.1m~0.2m","바위","▶감성돔-릴찌/ 원투▶노래미-릴찌/ 원투▶무늬오징어-릴찌/ 루어▶황어-릴찌/ 루어","needs-check","MOF_SHARED_ROCK_FISHING_POINT","https://www.data.go.kr/data/15148580/fileData.do","2026-07-11","1051","POINT (1153953.27122033 1933581.59769339)","공식 갯바위낚시포인트 데이터 기반. 갯바위 출입 가능 여부와 안전 통제는 현장 및 공식 안내 확인 필요."
"rock-1052","대진항 - 대진항 내항","rock-fishing-point","강원도","삼척시","강원도 삼척시","37.347056","129.261139","감성돔|넙치|노래미|볼락|숭어|황어","","0.1m~2.0m","바위","▶감성돔-릴찌/ 원투▶넙치-릴찌/ 원투▶노래미-릴찌/ 원투▶볼락-릴찌▶숭어-릴찌/ 훌치기▶황어-릴찌/ 루어","needs-check","MOF_SHARED_ROCK_FISHING_POINT","https://www.data.go.kr/data/15148580/fileData.do","2026-07-11","1052","POINT (1155989.52993532 1929013.86389707)","공식 갯바위낚시포인트 데이터 기반. 갯바위 출입 가능 여부와 안전 통제는 현장 및 공식 안내 확인 필요."
"rock-1053","초곡항 - 초곡항 서측 갯바위","rock-fishing-point","강원도","삼척시","강원도 삼척시","37.309556","129.290806","감성돔|넙치|노래미|볼락|숭어|황어","","0.1m~1.7m","바위","▶감성돔-릴찌/ 원투▶넙치-릴찌/ 원투▶노래미-릴찌/ 원투▶볼락-릴찌▶숭어-릴찌/ 훌치기▶황어-릴찌/ 루어","needs-check","MOF_SHARED_ROCK_FISHING_POINT","https://www.data.go.kr/data/15148580/fileData.do","2026-07-11","1053","POINT (1158717.87582274 1924888.58383617)","공식 갯바위낚시포인트 데이터 기반. 갯바위 출입 가능 여부와 안전 통제는 현장 및 공식 안내 확인 필요."
"rock-1054","장호항 - 장호항 갯바위","rock-fishing-point","강원도","삼척시","강원도 삼척시","37.289167","129.317889","도다리|무늬오징어|황어","","1.2m~1.7m","바위","▶도다리-릴찌/ 원투▶무늬오징어-릴찌/ 루어▶황어-릴찌/ 루어","needs-check","MOF_SHARED_ROCK_FISHING_POINT","https://www.data.go.kr/data/15148580/fileData.do","2026-07-11","1054","POINT (1161141.89108317 1922706.11380651)","공식 갯바위낚시포인트 데이터 기반. 갯바위 출입 가능 여부와 안전 통제는 현장 및 공식 안내 확인 필요."
"rock-1055","갈남항 - 갈남항 서측 갯바위","rock-fishing-point","강원도","삼척시","강원도 삼척시","37.281611","129.323667","도다리|우럭|노래미|황어","","0.1m~1.4m","바위","▶도다리-릴찌/ 원투▶우럭- 루어/ 릴찌▶노래미-릴찌/ 원투▶황어-릴찌/ 루어","needs-check","MOF_SHARED_ROCK_FISHING_POINT","https://www.data.go.kr/data/15148580/fileData.do","2026-07-11","1055","POINT (1161643.39602714 1921855.5561557)","공식 갯바위낚시포인트 데이터 기반. 갯바위 출입 가능 여부와 안전 통제는 현장 및 공식 안내 확인 필요."
"rock-1056","노곡항 - 노곡항 남측 갯바위","rock-fishing-point","강원도","삼척시","강원도 삼척시","37.199639","129.343861","감성돔|도다리|노래미|무늬오징어|숭어","","0.1m~0.3m","바위","▶감성돔-릴찌/ 원투▶도다리-릴찌/ 원투▶노래미-릴찌/ 원투▶무늬오징어-릴찌/ 루어▶숭어-릴찌/ 훌치기","needs-check","MOF_SHARED_ROCK_FISHING_POINT","https://www.data.go.kr/data/15148580/fileData.do","2026-07-11","1056","POINT (1163637.21588218 1912795.84434231)","공식 갯바위낚시포인트 데이터 기반. 갯바위 출입 가능 여부와 안전 통제는 현장 및 공식 안내 확인 필요."
"rock-1057","나곡해수욕장 - 나곡해수욕장 남측 갯바위","rock-fishing-point","경상북도","울진군","경상북도 울진군","37.125583","129.372611","감성돔|넙치|볼락|붕장어|황어","","0.1m~1.8m","바위","▶감성돔-릴찌/ 원투▶넙치-릴찌/ 원투▶볼락-릴찌▶붕장어-릴찌/ 원투▶황어-릴찌/ 루어","needs-check","MOF_SHARED_ROCK_FISHING_POINT","https://www.data.go.kr/data/15148580/fileData.do","2026-07-11","1057","POINT (1166340.07461198 1904622.76207169)","공식 갯바위낚시포인트 데이터 기반. 갯바위 출입 가능 여부와 안전 통제는 현장 및 공식 안내 확인 필요."
"rock-1058","나곡해수욕장 - 나곡바다 낚시공원","rock-fishing-point","경상북도","울진군","경상북도 울진군","37.117694","129.379639","감성돔|넙치|볼락|붕장어|황어","","0.1m~1.4m","모래/ 바위","▶감성돔-릴찌/ 원투▶넙치-릴찌/ 원투▶볼락-릴찌▶붕장어-릴찌/ 원투▶황어-릴찌/ 루어","needs-check","MOF_SHARED_ROCK_FISHING_POINT","https://www.data.go.kr/data/15148580/fileData.do","2026-07-11","1058","POINT (1166992.30301011 1903767.01735825)","공식 갯바위낚시포인트 데이터 기반. 갯바위 출입 가능 여부와 안전 통제는 현장 및 공식 안내 확인 필요."
"rock-1059","석호항 - 석호해변 갯바위","rock-fishing-point","경상북도","울진군","경상북도 울진군","37.110194","129.374556","감성돔|넙치|볼락|붕장어|황어","","0.4m~0.5m","모래/ 바위","▶감성돔-릴찌/ 원투▶넙치-릴찌/ 원투▶볼락-릴찌▶붕장어-릴찌/ 원투▶황어-릴찌/ 루어","needs-check","MOF_SHARED_ROCK_FISHING_POINT","https://www.data.go.kr/data/15148580/fileData.do","2026-07-11","1059","POINT (1166557.09098597 1902923.25643483)","공식 갯바위낚시포인트 데이터 기반. 갯바위 출입 가능 여부와 안전 통제는 현장 및 공식 안내 확인 필요."
"rock-1060","부구해수욕장 - 부구해수욕장 북측 갯바위","rock-fishing-point","경상북도","울진군","경상북도 울진군","37.105861","129.377611","감성돔|넙치|볼락|붕장어|황어","","0.1m~0.4m","바위","▶감성돔-릴찌/ 원투▶넙치-릴찌/ 원투▶볼락-릴찌▶붕장어-릴찌/ 원투▶황어-릴찌/ 루어","needs-check","MOF_SHARED_ROCK_FISHING_POINT","https://www.data.go.kr/data/15148580/fileData.do","2026-07-11","1060","POINT (1166825.83555729 1902444.83921504)","공식 갯바위낚시포인트 데이터 기반. 갯바위 출입 가능 여부와 안전 통제는 현장 및 공식 안내 확인 필요."
"rock-1061","후정해수욕장 - 후정해수욕장 갯바위","rock-fishing-point","경상북도","울진군","경상북도 울진군","37.069972","129.417611","감성돔|넙치|볼락|붕장어|황어","","0.1m~1.7m","모래/ 바위","▶감성돔-릴찌/ 원투▶넙치-릴찌/ 원투▶볼락-릴찌▶붕장어-릴찌/ 원투▶황어-릴찌/ 루어","needs-check","MOF_SHARED_ROCK_FISHING_POINT","https://www.data.go.kr/data/15148580/fileData.do","2026-07-11","1061","POINT (1170461.27962229 1898542.48033864)","공식 갯바위낚시포인트 데이터 기반. 갯바위 출입 가능 여부와 안전 통제는 현장 및 공식 안내 확인 필요."
"rock-1062","봉수항 - 봉수항 북측 갯바위","rock-fishing-point","경상북도","울진군","경상북도 울진군","37.065556","129.424361","감성돔|넙치|볼락|붕장어|황어","","0.1m~1.4m","바위","▶감성돔-릴찌/ 원투▶넙치-릴찌/ 원투▶볼락-릴찌▶붕장어-릴찌/ 원투▶황어-릴찌/ 루어","needs-check","MOF_SHARED_ROCK_FISHING_POINT","https://www.data.go.kr/data/15148580/fileData.do","2026-07-11","1062","POINT (1171083.61052749 1898056.16069129)","공식 갯바위낚시포인트 데이터 기반. 갯바위 출입 가능 여부와 안전 통제는 현장 및 공식 안내 확인 필요."
"rock-1063","봉수항 - 봉수항 남측 갯바위","rock-fishing-point","경상북도","울진군","경상북도 울진군","37.062278","129.427556","감성돔|넙치|볼락|붕장어|황어","","0.1m~1.4m","바위","▶감성돔-릴찌/ 원투▶넙치-릴찌/ 원투▶볼락-릴찌▶붕장어-릴찌/ 원투▶황어-릴찌/ 루어","needs-check","MOF_SHARED_ROCK_FISHING_POINT","https://www.data.go.kr/data/15148580/fileData.do","2026-07-11","1063","POINT (1171372.5851057 1897702.11207697)","공식 갯바위낚시포인트 데이터 기반. 갯바위 출입 가능 여부와 안전 통제는 현장 및 공식 안내 확인 필요."
"rock-1064","죽변항 - 죽변항에서봉평해수욕장까지백사장","rock-fishing-point","경상북도","울진군","경상북도 울진군","37.051222","129.414611","감성돔|노래미|무늬오징어|숭어|황어","","0.1m~1.7m","모래","▶감성돔-릴찌/ 원투▶노래미-릴찌/ 원투▶무늬오징어-릴찌/ 루어▶숭어-릴찌/ 훌치기▶황어-릴찌/ 루어","needs-check","MOF_SHARED_ROCK_FISHING_POINT","https://www.data.go.kr/data/15148580/fileData.do","2026-07-11","1064","POINT (1170250.04417056 1896454.81286779)","공식 갯바위낚시포인트 데이터 기반. 갯바위 출입 가능 여부와 안전 통제는 현장 및 공식 안내 확인 필요."
"rock-1065","양정항 - 양정항 북쪽갯바위1","rock-fishing-point","경상북도","울진군","경상북도 울진군","37.021528","129.410861","감성돔|넙치|노래미|농어|무늬오징어|보리멸|볼락|붕장어|숭어|황어","","1.4m~1.9m","바위","▶감성돔-릴찌/ 원투▶넙치-릴찌/ 원투▶노래미-릴찌/ 원투▶농어-릴찌/ 원투/ 루어▶무늬오징어-릴찌/ 루어▶보리멸-릴찌/ 원투▶볼락-릴찌▶붕장어-릴찌/ 원투▶숭어-릴찌/ 훌치기▶황어-릴찌/ 루어","needs-check","MOF_SHARED_ROCK_FISHING_POINT","https://www.data.go.kr/data/15148580/fileData.do","2026-07-11","1065","POINT (1169980.90014619 1893152.84887484)","공식 갯바위낚시포인트 데이터 기반. 갯바위 출입 가능 여부와 안전 통제는 현장 및 공식 안내 확인 필요."
"rock-1066","양정항 - 양정항 북쪽갯바위2","rock-fishing-point","경상북도","울진군","경상북도 울진군","37.016528","129.413056","감성돔|넙치|노래미|농어|무늬오징어|보리멸|볼락|붕장어|숭어|황어","","0.3m~1.4m","바위","▶감성돔-릴찌/ 원투▶넙치-릴찌/ 원투▶노래미-릴찌/ 원투▶농어-릴찌/ 원투/ 루어▶무늬오징어-릴찌/ 루어▶보리멸-릴찌/ 원투▶볼락-릴찌▶붕장어-릴찌/ 원투▶숭어-릴찌/ 훌치기▶황어-릴찌/ 루어","needs-check","MOF_SHARED_ROCK_FISHING_POINT","https://www.data.go.kr/data/15148580/fileData.do","2026-07-11","1066","POINT (1170188.8216222 1892602.1799636)","공식 갯바위낚시포인트 데이터 기반. 갯바위 출입 가능 여부와 안전 통제는 현장 및 공식 안내 확인 필요."
"rock-1067","양정항 - 양정항에서 대나리항까지 해안도로","rock-fishing-point","경상북도","울진군","경상북도 울진군","37.011389","129.416028","감성돔|넙치|노래미|농어|무늬오징어|보리멸|볼락|붕장어|숭어|황어","","0.1m~1.7m","바위","▶감성돔-릴찌/ 원투▶넙치-릴찌/ 원투▶노래미-릴찌/ 원투▶농어-릴찌/ 원투/ 루어▶무늬오징어-릴찌/ 루어▶보리멸-릴찌/ 원투▶볼락-릴찌▶붕장어-릴찌/ 원투▶숭어-릴찌/ 훌치기▶황어-릴찌/ 루어","needs-check","MOF_SHARED_ROCK_FISHING_POINT","https://www.data.go.kr/data/15148580/fileData.do","2026-07-11","1067","POINT (1170464.98349652 1892035.42401449)","공식 갯바위낚시포인트 데이터 기반. 갯바위 출입 가능 여부와 안전 통제는 현장 및 공식 안내 확인 필요."
"rock-1068","울진항 - 울진항에서 공세항 해안도로","rock-fishing-point","경상북도","울진군","경상북도 울진군","36.988083","129.414056","감성돔|넙치|노래미|농어|무늬오징어|보리멸|볼락|붕장어|숭어|황어","","0.1m~1.4m","바위","▶감성돔-릴찌/ 원투▶넙치-릴찌/ 원투▶노래미-릴찌/ 원투▶농어-릴찌/ 원투/ 루어▶무늬오징어-릴찌/ 루어▶보리멸-릴찌/ 원투▶볼락-릴찌▶붕장어-릴찌/ 원투▶숭어-릴찌/ 훌치기▶황어-릴찌/ 루어","needs-check","MOF_SHARED_ROCK_FISHING_POINT","https://www.data.go.kr/data/15148580/fileData.do","2026-07-11","1068","POINT (1170339.7358379 1889447.3042924)","공식 갯바위낚시포인트 데이터 기반. 갯바위 출입 가능 여부와 안전 통제는 현장 및 공식 안내 확인 필요."
"rock-1069","남대천 - 남대천하구","rock-fishing-point","경상북도","울진군","경상북도 울진군","36.978222","129.408639","감성돔|넙치|노래미|농어|무늬오징어|보리멸|볼락|붕장어|숭어|황어","","1.0m~1.5m","모래","▶감성돔-릴찌/ 원투▶넙치-릴찌/ 원투▶노래미-릴찌/ 원투▶농어-릴찌/ 원투/ 루어▶무늬오징어-릴찌/ 루어▶보리멸-릴찌/ 원투▶볼락-릴찌▶붕장어-릴찌/ 원투▶숭어-릴찌/ 훌치기▶황어-릴찌/ 루어","needs-check","MOF_SHARED_ROCK_FISHING_POINT","https://www.data.go.kr/data/15148580/fileData.do","2026-07-11","1069","POINT (1169880.62431039 1888343.41099074)","공식 갯바위낚시포인트 데이터 기반. 갯바위 출입 가능 여부와 안전 통제는 현장 및 공식 안내 확인 필요."
"rock-1070","산포리 - 산포리갯바위","rock-fishing-point","경상북도","울진군","경상북도 울진군","36.950361","129.419333","감성돔|넙치|노래미|농어|무늬오징어|보리멸|볼락|붕장어|숭어|황어","","0.1m~1.7m","바위","▶감성돔-릴찌/ 원투▶넙치-릴찌/ 원투▶노래미-릴찌/ 원투▶농어-릴찌/ 원투/ 루어▶무늬오징어-릴찌/ 루어▶보리멸-릴찌/ 원투▶볼락-릴찌▶붕장어-릴찌/ 원투▶숭어-릴찌/ 훌치기▶황어-릴찌/ 루어","needs-check","MOF_SHARED_ROCK_FISHING_POINT","https://www.data.go.kr/data/15148580/fileData.do","2026-07-11","1070","POINT (1170894.21755468 1885272.88046973)","공식 갯바위낚시포인트 데이터 기반. 갯바위 출입 가능 여부와 안전 통제는 현장 및 공식 안내 확인 필요."
"rock-1071","산포리 - 산포리 백사장 갯바위","rock-fishing-point","경상북도","울진군","경상북도 울진군","36.943528","129.420361","감성돔|넙치|노래미|농어|무늬오징어|보리멸|볼락|붕장어|숭어|황어","","1.1m~1.7m","모래/ 바위","▶감성돔-릴찌/ 원투▶넙치-릴찌/ 원투▶노래미-릴찌/ 원투▶농어-릴찌/ 원투/ 루어▶무늬오징어-릴찌/ 루어▶보리멸-릴찌/ 원투▶볼락-릴찌▶붕장어-릴찌/ 원투▶숭어-릴찌/ 훌치기▶황어-릴찌/ 루어","needs-check","MOF_SHARED_ROCK_FISHING_POINT","https://www.data.go.kr/data/15148580/fileData.do","2026-07-11","1071","POINT (1171001.92781108 1884513.96263253)","공식 갯바위낚시포인트 데이터 기반. 갯바위 출입 가능 여부와 안전 통제는 현장 및 공식 안내 확인 필요."
"rock-1072","산포리 - 산포리촛대바위","rock-fishing-point","경상북도","울진군","경상북도 울진군","36.939444","129.420889","감성돔|넙치|노래미|농어|무늬오징어|보리멸|볼락|붕장어|숭어|황어","","1.1m~1.7m","바위","▶감성돔-릴찌/ 원투▶넙치-릴찌/ 원투▶노래미-릴찌/ 원투▶농어-릴찌/ 원투/ 루어▶무늬오징어-릴찌/ 루어▶보리멸-릴찌/ 원투▶볼락-릴찌▶붕장어-릴찌/ 원투▶숭어-릴찌/ 훌치기▶황어-릴찌/ 루어","needs-check","MOF_SHARED_ROCK_FISHING_POINT","https://www.data.go.kr/data/15148580/fileData.do","2026-07-11","1072","POINT (1171058.60908621 1884063.89535859)","공식 갯바위낚시포인트 데이터 기반. 갯바위 출입 가능 여부와 안전 통제는 현장 및 공식 안내 확인 필요."
"rock-1073","진복리 - 진복리백사장갯바위","rock-fishing-point","경상북도","울진군","경상북도 울진군","36.927278","129.418111","감성돔|넙치|노래미|농어|무늬오징어|보리멸|볼락|붕장어|숭어|황어","","1.1m~1.2m","모래/ 바위","▶감성돔-릴찌/ 원투▶넙치-릴찌/ 원투▶노래미-릴찌/ 원투▶농어-릴찌/ 원투/ 루어▶무늬오징어-릴찌/ 루어▶보리멸-릴찌/ 원투▶볼락-릴찌▶붕장어-릴찌/ 원투▶숭어-릴찌/ 훌치기▶황어-릴찌/ 루어","needs-check","MOF_SHARED_ROCK_FISHING_POINT","https://www.data.go.kr/data/15148580/fileData.do","2026-07-11","1073","POINT (1170836.28899531 1882708.7960862)","공식 갯바위낚시포인트 데이터 기반. 갯바위 출입 가능 여부와 안전 통제는 현장 및 공식 안내 확인 필요."
"rock-1074","진복항 - 진복방파제 남측 갯바위","rock-fishing-point","경상북도","울진군","경상북도 울진군","36.914528","129.415667","감성돔|넙치|노래미|농어|무늬오징어|보리멸|볼락|붕장어|숭어|황어","","0.9m~1.1m","바위","▶감성돔-릴찌/ 원투▶넙치-릴찌/ 원투▶노래미-릴찌/ 원투▶농어-릴찌/ 원투/ 루어▶무늬오징어-릴찌/ 루어▶보리멸-릴찌/ 원투▶볼락-릴찌▶붕장어-릴찌/ 원투▶숭어-릴찌/ 훌치기▶황어-릴찌/ 루어","needs-check","MOF_SHARED_ROCK_FISHING_POINT","https://www.data.go.kr/data/15148580/fileData.do","2026-07-11","1074","POINT (1170647.14148116 1881290.8758095)","공식 갯바위낚시포인트 데이터 기반. 갯바위 출입 가능 여부와 안전 통제는 현장 및 공식 안내 확인 필요."
"rock-1075","오산항 - 오산2리 마을회관 갯바위","rock-fishing-point","경상북도","울진군","경상북도 울진군","36.896611","129.420417","감성돔|넙치|노래미|농어|무늬오징어|보리멸|볼락|붕장어|숭어|황어","","0.1m~0.9m","바위","▶감성돔-릴찌/ 원투▶넙치-릴찌/ 원투▶노래미-릴찌/ 원투▶농어-릴찌/ 원투/ 루어▶무늬오징어-릴찌/ 루어▶보리멸-릴찌/ 원투▶볼락-릴찌▶붕장어-릴찌/ 원투▶숭어-릴찌/ 훌치기▶황어-릴찌/ 루어","needs-check","MOF_SHARED_ROCK_FISHING_POINT","https://www.data.go.kr/data/15148580/fileData.do","2026-07-11","1075","POINT (1171110.96908127 1879309.19538272)","공식 갯바위낚시포인트 데이터 기반. 갯바위 출입 가능 여부와 안전 통제는 현장 및 공식 안내 확인 필요."
"rock-1076","덕신휴게소 - 덕신휴게소 부근 백사장","rock-fishing-point","경상북도","울진군","경상북도 울진군","36.879472","129.418861","감성돔|넙치|노래미|농어|무늬오징어|보리멸|볼락|붕장어|숭어|황어","","0.1m~0.9m","모래/ 바위","▶감성돔-릴찌/ 원투▶넙치-릴찌/ 원투▶노래미-릴찌/ 원투▶농어-릴찌/ 원투/ 루어▶무늬오징어-릴찌/ 루어▶보리멸-릴찌/ 원투▶볼락-릴찌▶붕장어-릴찌/ 원투▶숭어-릴찌/ 훌치기▶황어-릴찌/ 루어","needs-check","MOF_SHARED_ROCK_FISHING_POINT","https://www.data.go.kr/data/15148580/fileData.do","2026-07-11","1076","POINT (1171007.55927209 1877403.57821001)","공식 갯바위낚시포인트 데이터 기반. 갯바위 출입 가능 여부와 안전 통제는 현장 및 공식 안내 확인 필요."
